2026-05-15 08:30:25 CartMoveState: TO_MOVE (10) -> TO_CART (11)
2026-05-15 08:30:27 CartMoveState: TO_CART (11) -> HOME_MOVE (12)
2026-05-15 08:30:28 CartMoveState: HOME_MOVE (12) -> HALT (13)
2026-05-15 08:30:28 CartMoveState: HALT (13) -> IDLE (1)
2026-05-15 08:30:28 Handler State: PLACE_CART (5) -> CHECK_SEC_CART (26)
2026-05-15 08:30:28 Handler State: CHECK_SEC_CART (26) -> PROBE_CART (24)
2026-05-15 08:30:28 CartMove: Exchange 1, from 104
2026-05-15 08:30:28 CartMoveState: IDLE (1) -> FROM_MOVE (3)
2026-05-15 08:30:29 CartMoveState: FROM_MOVE (3) -> FROM_PROBE (19)
2026-05-15 08:30:30 Handler State: PROBE_CART (24) -> PROCESS_CART (6)
2026-05-15 08:30:31 Setting CBS color valve (FillIFS): 1
2026-05-15 08:30:32 Primed volume (FillIFS): 4.28059
2026-05-15 08:30:32 Re-Calculated Filling Volume: 521
2026-05-15 08:30:32 Setting CBS color valve (FillCart): 1
2026-05-15 08:30:58 Handler State: PROCESS_CART (6) -> EXCHANGE_ONE (7)
2026-05-15 08:30:58 CartMove: Exchange 1, from 104
2026-05-15 08:30:58 CartMoveState: FROM_PROBE (19) -> FROM_CART (4)
2026-05-15 08:31:03 Setting CBS color valve (Finished): 0
2026-05-15 08:31:05 CartMoveState: FROM_CART (4) -> TO_MOVE (10)
2026-05-15 08:31:07 CartMoveState: TO_MOVE (10) -> EXCH_1_WAIT (14)
2026-05-15 08:31:07 Handler State: EXCHANGE_ONE (7) -> START_DCU (8)
2026-05-15 08:31:07 Handler State: START_DCU (8) -> EXCHANGE_TWO (9)
2026-05-15 08:31:07 CartMove: Exchange 2
2026-05-15 08:31:07 CartMoveState: EXCH_1_WAIT (14) -> EXCH_1_CART (15)
2026-05-15 08:31:10 CartMoveState: EXCH_1_CART (15) -> EXCH_2_MOVE (16)
2026-05-15 08:31:10 CartMoveState: EXCH_2_MOVE (16) -> EXCH_2_CART (17)
2026-05-15 08:31:12 CartMoveState: EXCH_2_CART (17) -> STORE_DECIDE (18)
2026-05-15 08:31:12 Used volume for last job: 264.976
2026-05-15 08:31:12 Handler State: EXCHANGE_TWO (9) -> WAIT_FOR_DCU (10)
2026-05-15 08:31:14 Handler State: WAIT_FOR_DCU (10) -> EXCHANGE_THREE (11)
2026-05-15 08:31:14 CartMove: Exchange 3
2026-05-15 08:31:14 CartMoveState: STORE_DECIDE (18) -> AUX_DECIDE (5)
2026-05-15 08:31:14 CartMoveState: AUX_DECIDE (5) -> TO_MOVE (10)
2026-05-15 08:31:15 CartMoveState: TO_MOVE (10) -> TO_CART (11)
2026-05-15 08:31:18 CartMoveState: TO_CART (11) -> HOME_MOVE (12)
2026-05-15 08:31:19 CartMoveState: HOME_MOVE (12) -> HALT (13)
2026-05-15 08:31:19 CartMoveState: HALT (13) -> IDLE (1)
2026-05-15 08:31:19 Handler State: EXCHANGE_THREE (11) -> POST_PROCESS (12)
2026-05-15 08:31:19 Handler State: POST_PROCESS (12) -> MOVE_ARM_HOME (14)
2026-05-15 08:31:19 Handler State: MOVE_ARM_HOME (14) -> HANDLER_IDLE (1)
2026-05-15 08:41:58 Handler State: HANDLER_IDLE (1) -> HANDLER_START (2)
2026-05-15 08:41:59 Handler State: HANDLER_START (2) -> DECIDE_CART (3)
2026-05-15 08:41:59 Selection: IFS is clean and its cartridge is cleaned.
2026-05-15 08:41:59 Selected Primary Cartridge: 5
2026-05-15 08:41:59 Selected Primary Station: 103
2026-05-15 08:41:59 Selected Secondary Cartridge: 0
2026-05-15 08:41:59 Selected Secondary Station: 0
2026-05-15 08:41:59 Selected Filling Volume: 615
2026-05-15 08:41:59 Handler State: DECIDE_CART (3) -> CHECK_SEC_CART (26)
2026-05-15 08:41:59 Handler State: CHECK_SEC_CART (26) -> PROBE_CART (24)
2026-05-15 08:41:59 CartMove: Exchange 1, from 103
2026-05-15 08:41:59 CartMoveState: IDLE (1) -> FROM_MOVE (3)
2026-05-15 08:41:59 CartMoveState: FROM_MOVE (3) -> FROM_PROBE (19)
2026-05-15 08:42:01 Handler State: PROBE_CART (24) -> PROCESS_CART (6)
2026-05-15 08:42:01 Setting CBS color valve (FillIFS): 1
2026-05-15 08:42:02 Primed volume (FillIFS): 2.23824
2026-05-15 08:42:02 Re-Calculated Filling Volume: 615
2026-05-15 08:42:02 Setting CBS color valve (FillCart): 1
2026-05-15 08:42:26 Handler State: PROCESS_CART (6) -> EXCHANGE_ONE (7)
2026-05-15 08:42:26 CartMove: Exchange 1, from 103
2026-05-15 08:42:26 CartMoveState: FROM_PROBE (19) -> FROM_CART (4)
2026-05-15 08:42:32 Setting CBS color valve (Finished): 0
2026-05-15 08:42:34 CartMoveState: FROM_CART (4) -> TO_MOVE (10)
2026-05-15 08:42:35 CartMoveState: TO_MOVE (10) -> EXCH_1_WAIT (14)
2026-05-15 08:42:35 Handler State: EXCHANGE_ONE (7) -> START_DCU (8)
2026-05-15 08:42:36 Handler State: START_DCU (8) -> EXCHANGE_TWO (9)
2026-05-15 08:42:36 CartMove: Exchange 2
2026-05-15 08:42:36 CartMoveState: EXCH_1_WAIT (14) -> EXCH_1_CART (15)
2026-05-15 08:42:38 CartMoveState: EXCH_1_CART (15) -> EXCH_2_MOVE (16)
2026-05-15 08:42:39 CartMoveState: EXCH_2_MOVE (16) -> EXCH_2_CART (17)
2026-05-15 08:42:41 CartMoveState: EXCH_2_CART (17) -> STORE_DECIDE (18)
2026-05-15 08:42:41 Used volume for last job: 468.298
2026-05-15 08:42:41 Handler State: EXCHANGE_TWO (9) -> WAIT_FOR_DCU (10)
2026-05-15 08:42:42 Handler State: WAIT_FOR_DCU (10) -> EXCHANGE_THREE (11)
2026-05-15 08:42:42 CartMove: Exchange 3
2026-05-15 08:42:42 CartMoveState: STORE_DECIDE (18) -> AUX_DECIDE (5)
2026-05-15 08:42:42 CartMoveState: AUX_DECIDE (5) -> TO_MOVE (10)
2026-05-15 08:42:44 CartMoveState: TO_MOVE (10) -> TO_CART (11)
2026-05-15 08:42:46 CartMoveState: TO_CART (11) -> HOME_MOVE (12)
2026-05-15 08:42:48 CartMoveState: HOME_MOVE (12) -> HALT (13)
2026-05-15 08:42:48 CartMoveState: HALT (13) -> IDLE (1)
2026-05-15 08:42:48 Handler State: EXCHANGE_THREE (11) -> POST_PROCESS (12)
2026-05-15 08:42:48 Handler State: POST_PROCESS (12) -> MOVE_ARM_HOME (14)
2026-05-15 08:42:48 Handler State: MOVE_ARM_HOME (14) -> HANDLER_IDLE (1)
2026-05-15 08:50:00 Handler State: HANDLER_IDLE (1) -> SEMI_START (15)
2026-05-15 08:50:00 Handler State: SEMI_START (15) -> SEMI_TO_IFS (18)
2026-05-15 08:50:00 CartMove: Move, from 106 to 103
2026-05-15 08:50:00 CartMoveState: IDLE (1) -> FROM_MOVE (3)
2026-05-15 08:50:01 CartMoveState: FROM_MOVE (3) -> FROM_CART (4)
2026-05-15 08:50:04 CartMoveState: FROM_CART (4) -> AUX_DECIDE (5)
2026-05-15 08:50:04 CartMoveState: AUX_DECIDE (5) -> TO_MOVE (10)
2026-05-15 08:50:05 CartMoveState: TO_MOVE (10) -> TO_CART (11)
2026-05-15 08:50:08 CartMoveState: TO_CART (11) -> HOME_MOVE (12)
2026-05-15 08:50:08 CartMoveState: HOME_MOVE (12) -> HALT (13)
2026-05-15 08:50:08 CartMoveState: HALT (13) -> IDLE (1)
2026-05-15 08:50:08 Handler State: SEMI_TO_IFS (18) -> SEMI_PROBE_CART (25)
2026-05-15 08:50:10 Handler State: SEMI_PROBE_CART (25) -> SEMI_PROCESS (16)
2026-05-15 08:51:29 Re-Calculated Filling Volume: 0
2026-05-15 08:51:35 Setting CBS color valve (Finished): 0
2026-05-15 08:51:35 Handler State: SEMI_PROCESS (16) -> SEMI_FROM_IFS (20)
2026-05-15 08:51:35 CartMove: Move, from 103 to 106
2026-05-15 08:51:35 CartMoveState: IDLE (1) -> FROM_MOVE (3)
2026-05-15 08:51:35 CartMoveState: FROM_MOVE (3) -> FROM_CART (4)
2026-05-15 08:51:38 CartMoveState: FROM_CART (4) -> AUX_DECIDE (5)
2026-05-15 08:51:38 CartMoveState: AUX_DECIDE (5) -> TO_MOVE (10)
2026-05-15 08:51:39 CartMoveState: TO_MOVE (10) -> TO_CART (11)
2026-05-15 08:51:41 CartMoveState: TO_CART (11) -> HOME_MOVE (12)
2026-05-15 08:51:43 CartMoveState: HOME_MOVE (12) -> HALT (13)
2026-05-15 08:51:43 CartMoveState: HALT (13) -> IDLE (1)
2026-05-15 08:51:43 Handler State: SEMI_FROM_IFS (20) -> SEMI_WHAT_NEXT (21)
2026-05-15 08:51:43 Handler State: SEMI_WHAT_NEXT (21) -> SEMI_FINISHED (23)
2026-05-15 08:51:43 Handler State: SEMI_FINISHED (23) -> HANDLER_IDLE (1)
2026-05-15 08:55:37 Handler State: HANDLER_IDLE (1) -> HANDLER_START (2)
2026-05-15 08:55:37 Handler State: HANDLER_START (2) -> DECIDE_CART (3)
2026-05-15 08:55:37 Selection: IFS is clean.
2026-05-15 08:55:37 Selection: Cartridge is clean.
2026-05-15 08:55:37 Selected Primary Cartridge: 2
2026-05-15 08:55:37 Selected Primary Station: 103
2026-05-15 08:55:37 Selected Secondary Cartridge: 0
2026-05-15 08:55:37 Selected Secondary Station: 0
2026-05-15 08:55:37 Selected Filling Volume: 514
2026-05-15 08:55:37 Handler State: DECIDE_CART (3) -> PLACE_CART (5)
2026-05-15 08:55:37 CartMove: Move, from 106 to 103
2026-05-15 08:55:37 CartMoveState: IDLE (1) -> FROM_MOVE (3)
2026-05-15 08:55:39 CartMoveState: FROM_MOVE (3) -> FROM_CART (4)
2026-05-15 08:55:41 CartMoveState: FROM_CART (4) -> AUX_DECIDE (5)
2026-05-15 08:55:41 CartMoveState: AUX_DECIDE (5) -> TO_MOVE (10)
2026-05-15 08:55:43 CartMoveState: TO_MOVE (10) -> TO_CART (11)
2026-05-15 08:55:45 CartMoveState: TO_CART (11) -> HOME_MOVE (12)
2026-05-15 08:55:45 CartMoveState: HOME_MOVE (12) -> HALT (13)
2026-05-15 08:55:45 CartMoveState: HALT (13) -> IDLE (1)
2026-05-15 08:55:45 Handler State: PLACE_CART (5) -> CHECK_SEC_CART (26)
2026-05-15 08:55:45 Handler State: CHECK_SEC_CART (26) -> PROBE_CART (24)
2026-05-15 08:55:45 CartMove: Exchange 1, from 103
2026-05-15 08:55:45 CartMoveState: IDLE (1) -> FROM_MOVE (3)
2026-05-15 08:55:45 CartMoveState: FROM_MOVE (3) -> FROM_PROBE (19)
2026-05-15 08:55:47 Handler State: PROBE_CART (24) -> PROCESS_CART (6)
2026-05-15 08:55:47 Setting CBS color valve (FillIFS): 2
2026-05-15 08:55:48 Primed volume (FillIFS): 2.54093
2026-05-15 08:55:48 Re-Calculated Filling Volume: 514
2026-05-15 08:55:48 Setting CBS color valve (FillCart): 2
2026-05-15 08:56:09 Handler State: PROCESS_CART (6) -> EXCHANGE_ONE (7)
2026-05-15 08:56:09 CartMove: Exchange 1, from 103
2026-05-15 08:56:09 CartMoveState: FROM_PROBE (19) -> FROM_CART (4)
2026-05-15 08:56:14 Setting CBS color valve (Finished): 0
2026-05-15 08:56:16 CartMoveState: FROM_CART (4) -> TO_MOVE (10)
2026-05-15 08:56:18 CartMoveState: TO_MOVE (10) -> EXCH_1_WAIT (14)
2026-05-15 08:56:18 Handler State: EXCHANGE_ONE (7) -> START_DCU (8)
2026-05-15 08:56:18 Handler State: START_DCU (8) -> EXCHANGE_TWO (9)
2026-05-15 08:56:18 CartMove: Exchange 2
2026-05-15 08:56:18 CartMoveState: EXCH_1_WAIT (14) -> EXCH_1_CART (15)
2026-05-15 08:56:21 CartMoveState: EXCH_1_CART (15) -> EXCH_2_MOVE (16)
2026-05-15 08:56:21 CartMoveState: EXCH_2_MOVE (16) -> EXCH_2_CART (17)
2026-05-15 08:56:23 CartMoveState: EXCH_2_CART (17) -> STORE_DECIDE (18)
2026-05-15 08:56:23 Used volume for last job: 562.62
2026-05-15 08:56:23 Handler State: EXCHANGE_TWO (9) -> WAIT_FOR_DCU (10)
2026-05-15 08:56:25 Handler State: WAIT_FOR_DCU (10) -> EXCHANGE_THREE (11)
2026-05-15 08:56:25 CartMove: Exchange 3
2026-05-15 08:56:25 CartMoveState: STORE_DECIDE (18) -> AUX_DECIDE (5)
2026-05-15 08:56:25 CartMoveState: AUX_DECIDE (5) -> TO_MOVE (10)
2026-05-15 08:56:26 CartMoveState: TO_MOVE (10) -> TO_CART (11)
2026-05-15 08:56:28 CartMoveState: TO_CART (11) -> HOME_MOVE (12)
2026-05-15 08:56:28 CartMoveState: HOME_MOVE (12) -> HALT (13)
2026-05-15 08:56:28 CartMoveState: HALT (13) -> IDLE (1)
2026-05-15 08:56:28 Handler State: EXCHANGE_THREE (11) -> POST_PROCESS (12)
2026-05-15 08:56:28 Handler State: POST_PROCESS (12) -> MOVE_ARM_HOME (14)
2026-05-15 08:56:30 Handler State: MOVE_ARM_HOME (14) -> HANDLER_IDLE (1)
2026-05-15 08:58:26 Handler State: HANDLER_IDLE (1) -> HANDLER_START (2)
2026-05-15 08:58:27 Handler State: HANDLER_START (2) -> DECIDE_CART (3)
2026-05-15 08:58:27 Selection: Last resort, just pick the first IFS.
2026-05-15 08:58:27 Selection: Last resort, just pick the first cartridge.
2026-05-15 08:58:27 Selected Primary Cartridge: 3
2026-05-15 08:58:27 Selected Primary Station: 104
2026-05-15 08:58:27 Selected Secondary Cartridge: 0
2026-05-15 08:58:27 Selected Secondary Station: 0
2026-05-15 08:58:27 Selected Filling Volume: 512
2026-05-15 08:58:27 Handler State: DECIDE_CART (3) -> REMOVE_CART (4)
2026-05-15 08:58:27 CartMove: Move, from 104 to 108
2026-05-15 08:58:27 CartMoveState: IDLE (1) -> FROM_MOVE (3)
2026-05-15 08:58:28 CartMoveState: FROM_MOVE (3) -> FROM_CART (4)
2026-05-15 08:58:30 CartMoveState: FROM_CART (4) -> AUX_DECIDE (5)
2026-05-15 08:58:30 CartMoveState: AUX_DECIDE (5) -> TO_MOVE (10)
2026-05-15 08:58:32 CartMoveState: TO_MOVE (10) -> TO_CART (11)
2026-05-15 08:58:34 CartMoveState: TO_CART (11) -> HOME_MOVE (12)
2026-05-15 08:58:36 CartMoveState: HOME_MOVE (12) -> HALT (13)
2026-05-15 08:58:36 CartMoveState: HALT (13) -> IDLE (1)
2026-05-15 08:58:36 Handler State: REMOVE_CART (4) -> PLACE_CART (5)
2026-05-15 08:58:36 CartMove: Move, from 107 to 104
2026-05-15 08:58:36 CartMoveState: IDLE (1) -> FROM_MOVE (3)
2026-05-15 08:58:37 CartMoveState: FROM_MOVE (3) -> FROM_CART (4)
2026-05-15 08:58:40 CartMoveState: FROM_CART (4) -> AUX_DECIDE (5)
2026-05-15 08:58:40 CartMoveState: AUX_DECIDE (5) -> TO_MOVE (10)
2026-05-15 08:58:41 CartMoveState: TO_MOVE (10) -> TO_CART (11)
2026-05-15 08:58:43 CartMoveState: TO_CART (11) -> HOME_MOVE (12)
2026-05-15 08:58:44 CartMoveState: HOME_MOVE (12) -> HALT (13)
2026-05-15 08:58:44 CartMoveState: HALT (13) -> IDLE (1)
2026-05-15 08:58:44 Handler State: PLACE_CART (5) -> CHECK_SEC_CART (26)
2026-05-15 08:58:44 Handler State: CHECK_SEC_CART (26) -> PROBE_CART (24)
2026-05-15 08:58:44 CartMove: Exchange 1, from 104
2026-05-15 08:58:44 CartMoveState: IDLE (1) -> FROM_MOVE (3)
2026-05-15 08:58:45 CartMoveState: FROM_MOVE (3) -> FROM_PROBE (19)
2026-05-15 08:58:47 Handler State: PROBE_CART (24) -> PROCESS_CART (6)
2026-05-15 08:59:19 Setting CBS color valve (FillIFS): 1
2026-05-15 08:59:20 Primed volume (FillIFS): 4.00422
2026-05-15 08:59:20 Re-Calculated Filling Volume: 512
2026-05-15 08:59:20 Setting CBS color valve (FillCart): 1
2026-05-15 08:59:47 Handler State: PROCESS_CART (6) -> EXCHANGE_ONE (7)
2026-05-15 08:59:47 CartMove: Exchange 1, from 104
2026-05-15 08:59:47 CartMoveState: FROM_PROBE (19) -> FROM_CART (4)
2026-05-15 08:59:52 Setting CBS color valve (Finished): 0
2026-05-15 08:59:55 CartMoveState: FROM_CART (4) -> TO_MOVE (10)
2026-05-15 08:59:56 CartMoveState: TO_MOVE (10) -> EXCH_1_WAIT (14)
2026-05-15 08:59:56 Handler State: EXCHANGE_ONE (7) -> START_DCU (8)
2026-05-15 09:00:52 Handler State: START_DCU (8) -> EXCHANGE_TWO (9)
2026-05-15 09:00:52 CartMove: Exchange 2
2026-05-15 09:01:03 CartMoveState: EXCH_1_WAIT (14) -> EXCH_1_CART (15)
2026-05-15 09:01:05 CartMoveState: EXCH_1_CART (15) -> EXCH_2_MOVE (16)
2026-05-15 09:01:06 CartMoveState: EXCH_2_MOVE (16) -> EXCH_2_CART (17)
2026-05-15 09:01:08 CartMoveState: EXCH_2_CART (17) -> STORE_DECIDE (18)
2026-05-15 09:01:08 Used volume for last job: 461.613
2026-05-15 09:01:08 Handler State: EXCHANGE_TWO (9) -> WAIT_FOR_DCU (10)
2026-05-15 09:01:09 Handler State: WAIT_FOR_DCU (10) -> EXCHANGE_THREE (11)
2026-05-15 09:01:10 CartMove: Exchange 3
2026-05-15 09:01:10 CartMoveState: STORE_DECIDE (18) -> AUX_DECIDE (5)
2026-05-15 09:01:10 CartMoveState: AUX_DECIDE (5) -> TO_MOVE (10)
2026-05-15 09:01:11 CartMoveState: TO_MOVE (10) -> TO_CART (11)
2026-05-15 09:01:13 CartMoveState: TO_CART (11) -> HOME_MOVE (12)
2026-05-15 09:01:15 CartMoveState: HOME_MOVE (12) -> HALT (13)
2026-05-15 09:01:15 CartMoveState: HALT (13) -> IDLE (1)
2026-05-15 09:01:15 Handler State: EXCHANGE_THREE (11) -> POST_PROCESS (12)
2026-05-15 09:01:15 Handler State: POST_PROCESS (12) -> EMPTY_AUX (13)
2026-05-15 09:01:15 CartMove: Move, from 108 to 104
2026-05-15 09:01:15 CartMoveState: IDLE (1) -> FROM_MOVE (3)
2026-05-15 09:01:16 CartMoveState: FROM_MOVE (3) -> FROM_CART (4)
2026-05-15 09:01:19 CartMoveState: FROM_CART (4) -> AUX_DECIDE (5)
2026-05-15 09:01:19 CartMoveState: AUX_DECIDE (5) -> TO_MOVE (10)
2026-05-15 09:01:20 CartMoveState: TO_MOVE (10) -> TO_CART (11)
2026-05-15 09:01:22 CartMoveState: TO_CART (11) -> HOME_MOVE (12)
2026-05-15 09:01:23 CartMoveState: HOME_MOVE (12) -> HALT (13)
2026-05-15 09:01:23 CartMoveState: HALT (13) -> IDLE (1)
2026-05-15 09:01:23 Handler State: EMPTY_AUX (13) -> MOVE_ARM_HOME (14)
2026-05-15 09:01:23 Handler State: MOVE_ARM_HOME (14) -> HANDLER_IDLE (1)
2026-05-15 09:05:54 Handler State: HANDLER_IDLE (1) -> SEMI_START (15)
2026-05-15 09:05:54 Handler State: SEMI_START (15) -> SEMI_PROBE_CART (25)
2026-05-15 09:05:56 Handler State: SEMI_PROBE_CART (25) -> SEMI_PROCESS (16)
2026-05-15 09:06:29 Re-Calculated Filling Volume: 0
2026-05-15 09:06:35 Setting CBS color valve (Finished): 0
2026-05-15 09:06:35 Handler State: SEMI_PROCESS (16) -> SEMI_WHAT_NEXT (21)
2026-05-15 09:06:35 Handler State: SEMI_WHAT_NEXT (21) -> SEMI_FINISHED (23)
2026-05-15 09:06:35 Handler State: SEMI_FINISHED (23) -> HANDLER_IDLE (1)
2026-05-15 09:07:03 Handler State: HANDLER_IDLE (1) -> HANDLER_START (2)
2026-05-15 09:07:04 Handler State: HANDLER_START (2) -> DECIDE_CART (3)
2026-05-15 09:07:04 Selection: IFS is clean and its cartridge is cleaned.
2026-05-15 09:07:04 Selected Primary Cartridge: 5
2026-05-15 09:07:04 Selected Primary Station: 103
2026-05-15 09:07:04 Selected Secondary Cartridge: 0
2026-05-15 09:07:04 Selected Secondary Station: 0
2026-05-15 09:07:04 Selected Filling Volume: 640
2026-05-15 09:07:04 Handler State: DECIDE_CART (3) -> CHECK_SEC_CART (26)
2026-05-15 09:07:04 Handler State: CHECK_SEC_CART (26) -> PROBE_CART (24)
2026-05-15 09:07:04 CartMove: Exchange 1, from 103
2026-05-15 09:07:04 CartMoveState: IDLE (1) -> FROM_MOVE (3)
2026-05-15 09:07:04 CartMoveState: FROM_MOVE (3) -> FROM_PROBE (19)
2026-05-15 09:07:05 Handler State: PROBE_CART (24) -> PROCESS_CART (6)
2026-05-15 09:07:05 Setting CBS color valve (FillIFS): 1
2026-05-15 09:07:07 Primed volume (FillIFS): 4.7313
2026-05-15 09:07:07 Re-Calculated Filling Volume: 640
2026-05-15 09:07:07 Setting CBS color valve (FillCart): 1
2026-05-15 09:07:30 Handler State: PROCESS_CART (6) -> EXCHANGE_ONE (7)
2026-05-15 09:07:30 CartMove: Exchange 1, from 103
2026-05-15 09:07:30 CartMoveState: FROM_PROBE (19) -> FROM_CART (4)
2026-05-15 09:07:35 Setting CBS color valve (Finished): 0
2026-05-15 09:07:37 CartMoveState: FROM_CART (4) -> TO_MOVE (10)
2026-05-15 09:07:39 CartMoveState: TO_MOVE (10) -> EXCH_1_WAIT (14)
2026-05-15 09:07:39 Handler State: EXCHANGE_ONE (7) -> START_DCU (8)
2026-05-15 09:07:39 Handler State: START_DCU (8) -> EXCHANGE_TWO (9)
2026-05-15 09:07:39 CartMove: Exchange 2
2026-05-15 09:07:39 CartMoveState: EXCH_1_WAIT (14) -> EXCH_1_CART (15)
2026-05-15 09:07:42 CartMoveState: EXCH_1_CART (15) -> EXCH_2_MOVE (16)
2026-05-15 09:07:43 CartMoveState: EXCH_2_MOVE (16) -> EXCH_2_CART (17)
2026-05-15 09:07:45 CartMoveState: EXCH_2_CART (17) -> STORE_DECIDE (18)
2026-05-15 09:07:45 Used volume for last job: 460.303
2026-05-15 09:07:45 Handler State: EXCHANGE_TWO (9) -> WAIT_FOR_DCU (10)
2026-05-15 09:07:46 Handler State: WAIT_FOR_DCU (10) -> EXCHANGE_THREE (11)
2026-05-15 09:07:46 CartMove: Exchange 3
2026-05-15 09:07:46 CartMoveState: STORE_DECIDE (18) -> AUX_DECIDE (5)
2026-05-15 09:07:46 CartMoveState: AUX_DECIDE (5) -> TO_MOVE (10)
2026-05-15 09:07:48 CartMoveState: TO_MOVE (10) -> TO_CART (11)
2026-05-15 09:07:50 CartMoveState: TO_CART (11) -> HOME_MOVE (12)
2026-05-15 09:07:52 CartMoveState: HOME_MOVE (12) -> HALT (13)
2026-05-15 09:07:52 CartMoveState: HALT (13) -> IDLE (1)
2026-05-15 09:07:52 Handler State: EXCHANGE_THREE (11) -> POST_PROCESS (12)
2026-05-15 09:07:52 Handler State: POST_PROCESS (12) -> MOVE_ARM_HOME (14)
2026-05-15 09:07:53 Handler State: MOVE_ARM_HOME (14) -> HANDLER_IDLE (1)
2026-05-15 09:11:25 Handler State: HANDLER_IDLE (1) -> SEMI_START (15)
2026-05-15 09:11:25 Handler State: SEMI_START (15) -> SEMI_TO_IFS (18)
2026-05-15 09:11:25 CartMove: Move, from 106 to 103
2026-05-15 09:11:25 CartMoveState: IDLE (1) -> FROM_MOVE (3)
2026-05-15 09:11:26 CartMoveState: FROM_MOVE (3) -> FROM_CART (4)
2026-05-15 09:11:28 CartMoveState: FROM_CART (4) -> AUX_DECIDE (5)
2026-05-15 09:11:28 CartMoveState: AUX_DECIDE (5) -> TO_MOVE (10)
2026-05-15 09:11:30 CartMoveState: TO_MOVE (10) -> TO_CART (11)
2026-05-15 09:11:32 CartMoveState: TO_CART (11) -> HOME_MOVE (12)
2026-05-15 09:11:32 CartMoveState: HOME_MOVE (12) -> HALT (13)
2026-05-15 09:11:32 CartMoveState: HALT (13) -> IDLE (1)
2026-05-15 09:11:32 Handler State: SEMI_TO_IFS (18) -> SEMI_PROBE_CART (25)
2026-05-15 09:11:35 Handler State: SEMI_PROBE_CART (25) -> SEMI_PROCESS (16)
2026-05-15 09:12:07 Re-Calculated Filling Volume: 0
2026-05-15 09:12:13 Setting CBS color valve (Finished): 0
2026-05-15 09:12:13 Handler State: SEMI_PROCESS (16) -> SEMI_FROM_IFS (20)
2026-05-15 09:12:13 CartMove: Move, from 103 to 106
2026-05-15 09:12:13 CartMoveState: IDLE (1) -> FROM_MOVE (3)
2026-05-15 09:12:13 CartMoveState: FROM_MOVE (3) -> FROM_CART (4)
2026-05-15 09:12:16 CartMoveState: FROM_CART (4) -> AUX_DECIDE (5)
2026-05-15 09:12:16 CartMoveState: AUX_DECIDE (5) -> TO_MOVE (10)
2026-05-15 09:12:18 CartMoveState: TO_MOVE (10) -> TO_CART (11)
2026-05-15 09:12:20 CartMoveState: TO_CART (11) -> HOME_MOVE (12)
2026-05-15 09:12:21 CartMoveState: HOME_MOVE (12) -> HALT (13)
2026-05-15 09:12:21 CartMoveState: HALT (13) -> IDLE (1)
2026-05-15 09:12:21 Handler State: SEMI_FROM_IFS (20) -> SEMI_WHAT_NEXT (21)
2026-05-15 09:12:21 Handler State: SEMI_WHAT_NEXT (21) -> SEMI_FINISHED (23)
2026-05-15 09:12:21 Handler State: SEMI_FINISHED (23) -> HANDLER_IDLE (1)
2026-05-15 09:12:25 Handler State: HANDLER_IDLE (1) -> HANDLER_START (2)
2026-05-15 09:12:26 Handler State: HANDLER_START (2) -> DECIDE_CART (3)
2026-05-15 09:12:26 Selection: IFS is clean.
2026-05-15 09:12:26 Selection: Cartridge is clean.
2026-05-15 09:12:26 Selected Primary Cartridge: 2
2026-05-15 09:12:26 Selected Primary Station: 103
2026-05-15 09:12:26 Selected Secondary Cartridge: 0
2026-05-15 09:12:26 Selected Secondary Station: 0
2026-05-15 09:12:26 Selected Filling Volume: 650
2026-05-15 09:12:26 Handler State: DECIDE_CART (3) -> PLACE_CART (5)
2026-05-15 09:12:26 CartMove: Move, from 106 to 103
2026-05-15 09:12:26 CartMoveState: IDLE (1) -> FROM_MOVE (3)
2026-05-15 09:12:27 CartMoveState: FROM_MOVE (3) -> FROM_CART (4)
2026-05-15 09:12:30 CartMoveState: FROM_CART (4) -> AUX_DECIDE (5)
2026-05-15 09:12:30 CartMoveState: AUX_DECIDE (5) -> TO_MOVE (10)
2026-05-15 09:12:31 CartMoveState: TO_MOVE (10) -> TO_CART (11)
2026-05-15 09:12:33 CartMoveState: TO_CART (11) -> HOME_MOVE (12)
2026-05-15 09:12:33 CartMoveState: HOME_MOVE (12) -> HALT (13)
2026-05-15 09:12:33 CartMoveState: HALT (13) -> IDLE (1)
2026-05-15 09:12:33 Handler State: PLACE_CART (5) -> CHECK_SEC_CART (26)
2026-05-15 09:12:33 Handler State: CHECK_SEC_CART (26) -> PROBE_CART (24)
2026-05-15 09:12:33 CartMove: Exchange 1, from 103
2026-05-15 09:12:33 CartMoveState: IDLE (1) -> FROM_MOVE (3)
2026-05-15 09:12:33 CartMoveState: FROM_MOVE (3) -> FROM_PROBE (19)
2026-05-15 09:12:35 Handler State: PROBE_CART (24) -> PROCESS_CART (6)
2026-05-15 09:12:35 Setting CBS color valve (FillIFS): 2
2026-05-15 09:12:36 Primed volume (FillIFS): 4.17146
2026-05-15 09:12:36 Re-Calculated Filling Volume: 650
2026-05-15 09:12:36 Setting CBS color valve (FillCart): 2
2026-05-15 09:13:00 Handler State: PROCESS_CART (6) -> EXCHANGE_ONE (7)
2026-05-15 09:13:00 CartMove: Exchange 1, from 103
2026-05-15 09:13:00 CartMoveState: FROM_PROBE (19) -> FROM_CART (4)
2026-05-15 09:13:05 Setting CBS color valve (Finished): 0
2026-05-15 09:13:07 CartMoveState: FROM_CART (4) -> TO_MOVE (10)
2026-05-15 09:13:09 CartMoveState: TO_MOVE (10) -> EXCH_1_WAIT (14)
2026-05-15 09:13:09 Handler State: EXCHANGE_ONE (7) -> START_DCU (8)
2026-05-15 09:13:09 Handler State: START_DCU (8) -> EXCHANGE_TWO (9)
2026-05-15 09:13:09 CartMove: Exchange 2
2026-05-15 09:13:09 CartMoveState: EXCH_1_WAIT (14) -> EXCH_1_CART (15)
2026-05-15 09:13:12 CartMoveState: EXCH_1_CART (15) -> EXCH_2_MOVE (16)
2026-05-15 09:13:12 CartMoveState: EXCH_2_MOVE (16) -> EXCH_2_CART (17)
2026-05-15 09:13:14 CartMoveState: EXCH_2_CART (17) -> STORE_DECIDE (18)
2026-05-15 09:13:14 Used volume for last job: 213.276
2026-05-15 09:13:14 Handler State: EXCHANGE_TWO (9) -> WAIT_FOR_DCU (10)
2026-05-15 09:13:16 Handler State: WAIT_FOR_DCU (10) -> EXCHANGE_THREE (11)
2026-05-15 09:13:16 CartMove: Exchange 3
2026-05-15 09:13:16 CartMoveState: STORE_DECIDE (18) -> AUX_DECIDE (5)
2026-05-15 09:13:16 CartMoveState: AUX_DECIDE (5) -> TO_MOVE (10)
2026-05-15 09:13:17 CartMoveState: TO_MOVE (10) -> TO_CART (11)
2026-05-15 09:13:19 CartMoveState: TO_CART (11) -> HOME_MOVE (12)
2026-05-15 09:13:19 CartMoveState: HOME_MOVE (12) -> HALT (13)
2026-05-15 09:13:19 CartMoveState: HALT (13) -> IDLE (1)
2026-05-15 09:13:19 Handler State: EXCHANGE_THREE (11) -> POST_PROCESS (12)
2026-05-15 09:13:19 Handler State: POST_PROCESS (12) -> MOVE_ARM_HOME (14)
2026-05-15 09:13:22 Handler State: MOVE_ARM_HOME (14) -> HANDLER_IDLE (1)
2026-05-15 09:18:37 Handler State: HANDLER_IDLE (1) -> SEMI_START (15)
2026-05-15 09:18:37 Handler State: SEMI_START (15) -> SEMI_PROBE_CART (25)
2026-05-15 09:18:41 Handler State: SEMI_PROBE_CART (25) -> SEMI_PROCESS (16)
2026-05-15 09:19:14 Re-Calculated Filling Volume: 0
2026-05-15 09:19:19 Setting CBS color valve (Finished): 0
2026-05-15 09:19:19 Handler State: SEMI_PROCESS (16) -> SEMI_WHAT_NEXT (21)
2026-05-15 09:19:19 Handler State: SEMI_WHAT_NEXT (21) -> SEMI_FINISHED (23)
2026-05-15 09:19:20 Handler State: SEMI_FINISHED (23) -> HANDLER_IDLE (1)
2026-05-15 09:28:44 Handler State: HANDLER_IDLE (1) -> HANDLER_START (2)
2026-05-15 09:28:45 Handler State: HANDLER_START (2) -> DECIDE_CART (3)
2026-05-15 09:28:45 Selection: Last resort, just pick the first IFS.
2026-05-15 09:28:45 Selection: Last resort, just pick the first cartridge.
2026-05-15 09:28:45 Selected Primary Cartridge: 1
2026-05-15 09:28:45 Selected Primary Station: 102
2026-05-15 09:28:45 Selected Secondary Cartridge: 0
2026-05-15 09:28:45 Selected Secondary Station: 0
2026-05-15 09:28:45 Selected Filling Volume: 133
2026-05-15 09:28:45 Handler State: DECIDE_CART (3) -> REMOVE_CART (4)
2026-05-15 09:28:45 CartMove: Move, from 102 to 108
2026-05-15 09:28:45 CartMoveState: IDLE (1) -> FROM_MOVE (3)
2026-05-15 09:28:45 CartMoveState: FROM_MOVE (3) -> FROM_CART (4)
2026-05-15 09:28:49 CartMoveState: FROM_CART (4) -> AUX_DECIDE (5)
2026-05-15 09:28:49 CartMoveState: AUX_DECIDE (5) -> TO_MOVE (10)
2026-05-15 09:28:50 CartMoveState: TO_MOVE (10) -> TO_CART (11)
2026-05-15 09:28:52 CartMoveState: TO_CART (11) -> HOME_MOVE (12)
2026-05-15 09:28:54 CartMoveState: HOME_MOVE (12) -> HALT (13)
2026-05-15 09:28:54 CartMoveState: HALT (13) -> IDLE (1)
2026-05-15 09:28:54 Handler State: REMOVE_CART (4) -> PLACE_CART (5)
2026-05-15 09:28:54 CartMove: Move, from 105 to 102
2026-05-15 09:28:54 CartMoveState: IDLE (1) -> FROM_MOVE (3)
2026-05-15 09:28:55 CartMoveState: FROM_MOVE (3) -> FROM_CART (4)
2026-05-15 09:28:58 CartMoveState: FROM_CART (4) -> AUX_DECIDE (5)
2026-05-15 09:28:58 CartMoveState: AUX_DECIDE (5) -> TO_MOVE (10)
2026-05-15 09:28:59 CartMoveState: TO_MOVE (10) -> TO_CART (11)
2026-05-15 09:29:01 CartMoveState: TO_CART (11) -> HOME_MOVE (12)
2026-05-15 09:29:02 CartMoveState: HOME_MOVE (12) -> HALT (13)
2026-05-15 09:29:02 CartMoveState: HALT (13) -> IDLE (1)
2026-05-15 09:29:02 Handler State: PLACE_CART (5) -> CHECK_SEC_CART (26)
2026-05-15 09:29:02 Handler State: CHECK_SEC_CART (26) -> PROBE_CART (24)
2026-05-15 09:29:02 CartMove: Exchange 1, from 102
2026-05-15 09:29:02 CartMoveState: IDLE (1) -> FROM_MOVE (3)
2026-05-15 09:29:03 CartMoveState: FROM_MOVE (3) -> FROM_PROBE (19)
2026-05-15 09:29:05 Handler State: PROBE_CART (24) -> PROCESS_CART (6)
2026-05-15 09:29:40 Setting CBS color valve (FillIFS): 1
2026-05-15 09:29:41 Primed volume (FillIFS): 3.87436
2026-05-15 09:29:41 Re-Calculated Filling Volume: 133
2026-05-15 09:29:41 Setting CBS color valve (FillCart): 1
2026-05-15 09:29:54 Handler State: PROCESS_CART (6) -> EXCHANGE_ONE (7)
2026-05-15 09:29:54 CartMove: Exchange 1, from 102
2026-05-15 09:29:54 CartMoveState: FROM_PROBE (19) -> FROM_CART (4)
2026-05-15 09:30:01 Setting CBS color valve (Finished): 0
2026-05-15 09:30:03 CartMoveState: FROM_CART (4) -> TO_MOVE (10)
2026-05-15 09:30:04 CartMoveState: TO_MOVE (10) -> EXCH_1_WAIT (14)
2026-05-15 09:30:04 Handler State: EXCHANGE_ONE (7) -> START_DCU (8)
2026-05-15 09:30:04 Handler State: START_DCU (8) -> EXCHANGE_TWO (9)
2026-05-15 09:30:04 CartMove: Exchange 2
2026-05-15 09:30:04 CartMoveState: EXCH_1_WAIT (14) -> EXCH_1_CART (15)
2026-05-15 09:30:07 CartMoveState: EXCH_1_CART (15) -> EXCH_2_MOVE (16)
2026-05-15 09:30:08 CartMoveState: EXCH_2_MOVE (16) -> EXCH_2_CART (17)
2026-05-15 09:30:09 CartMoveState: EXCH_2_CART (17) -> STORE_DECIDE (18)
2026-05-15 09:30:09 Used volume for last job: 255.209
2026-05-15 09:30:09 Handler State: EXCHANGE_TWO (9) -> WAIT_FOR_DCU (10)
2026-05-15 09:30:11 Handler State: WAIT_FOR_DCU (10) -> EXCHANGE_THREE (11)
2026-05-15 09:30:11 CartMove: Exchange 3
2026-05-15 09:30:11 CartMoveState: STORE_DECIDE (18) -> AUX_DECIDE (5)
2026-05-15 09:30:11 CartMoveState: AUX_DECIDE (5) -> TO_MOVE (10)
2026-05-15 09:30:13 CartMoveState: TO_MOVE (10) -> TO_CART (11)
2026-05-15 09:30:15 CartMoveState: TO_CART (11) -> HOME_MOVE (12)
2026-05-15 09:30:16 CartMoveState: HOME_MOVE (12) -> HALT (13)
2026-05-15 09:30:16 CartMoveState: HALT (13) -> IDLE (1)
2026-05-15 09:30:16 Handler State: EXCHANGE_THREE (11) -> POST_PROCESS (12)
2026-05-15 09:30:16 Handler State: POST_PROCESS (12) -> EMPTY_AUX (13)
2026-05-15 09:30:16 CartMove: Move, from 108 to 102
2026-05-15 09:30:16 CartMoveState: IDLE (1) -> FROM_MOVE (3)
2026-05-15 09:30:18 CartMoveState: FROM_MOVE (3) -> FROM_CART (4)
2026-05-15 09:30:20 CartMoveState: FROM_CART (4) -> AUX_DECIDE (5)
2026-05-15 09:30:20 CartMoveState: AUX_DECIDE (5) -> TO_MOVE (10)
2026-05-15 09:30:23 CartMoveState: TO_MOVE (10) -> TO_CART (11)
2026-05-15 09:30:25 CartMoveState: TO_CART (11) -> HOME_MOVE (12)
2026-05-15 09:30:26 CartMoveState: HOME_MOVE (12) -> HALT (13)
2026-05-15 09:30:26 CartMoveState: HALT (13) -> IDLE (1)
2026-05-15 09:30:26 Handler State: EMPTY_AUX (13) -> MOVE_ARM_HOME (14)
2026-05-15 09:30:26 Handler State: MOVE_ARM_HOME (14) -> HANDLER_IDLE (1)
2026-05-15 09:30:28 Handler State: HANDLER_IDLE (1) -> HANDLER_START (2)
2026-05-15 09:30:29 Handler State: HANDLER_START (2) -> DECIDE_CART (3)
2026-05-15 09:30:29 Selection: IFS is clean and its cartridge is cleaned.
2026-05-15 09:30:29 Selected Primary Cartridge: 6
2026-05-15 09:30:29 Selected Primary Station: 104
2026-05-15 09:30:29 Selected Secondary Cartridge: 0
2026-05-15 09:30:29 Selected Secondary Station: 0
2026-05-15 09:30:29 Selected Filling Volume: 515
2026-05-15 09:30:29 Handler State: DECIDE_CART (3) -> CHECK_SEC_CART (26)
2026-05-15 09:30:29 Handler State: CHECK_SEC_CART (26) -> PROBE_CART (24)
2026-05-15 09:30:29 CartMove: Exchange 1, from 104
2026-05-15 09:30:29 CartMoveState: IDLE (1) -> FROM_MOVE (3)
2026-05-15 09:30:29 CartMoveState: FROM_MOVE (3) -> FROM_PROBE (19)
2026-05-15 09:30:31 Handler State: PROBE_CART (24) -> PROCESS_CART (6)
2026-05-15 09:30:31 Setting CBS color valve (FillIFS): 1
2026-05-15 09:30:32 Primed volume (FillIFS): 2.07654
2026-05-15 09:30:32 Re-Calculated Filling Volume: 515
2026-05-15 09:30:32 Setting CBS color valve (FillCart): 1
2026-05-15 09:30:56 Handler State: PROCESS_CART (6) -> EXCHANGE_ONE (7)
2026-05-15 09:30:56 CartMove: Exchange 1, from 104
2026-05-15 09:30:56 CartMoveState: FROM_PROBE (19) -> FROM_CART (4)
2026-05-15 09:31:02 Setting CBS color valve (Finished): 0
2026-05-15 09:31:04 CartMoveState: FROM_CART (4) -> TO_MOVE (10)
2026-05-15 09:31:05 CartMoveState: TO_MOVE (10) -> EXCH_1_WAIT (14)
2026-05-15 09:31:05 Handler State: EXCHANGE_ONE (7) -> START_DCU (8)
2026-05-15 09:31:56 Handler State: START_DCU (8) -> EXCHANGE_TWO (9)
2026-05-15 09:31:56 CartMove: Exchange 2
2026-05-15 09:32:07 CartMoveState: EXCH_1_WAIT (14) -> EXCH_1_CART (15)
2026-05-15 09:32:10 CartMoveState: EXCH_1_CART (15) -> EXCH_2_MOVE (16)
2026-05-15 09:32:10 CartMoveState: EXCH_2_MOVE (16) -> EXCH_2_CART (17)
2026-05-15 09:32:12 CartMoveState: EXCH_2_CART (17) -> STORE_DECIDE (18)
2026-05-15 09:32:12 Used volume for last job: 93.3241
2026-05-15 09:32:12 Handler State: EXCHANGE_TWO (9) -> WAIT_FOR_DCU (10)
2026-05-15 09:32:14 Handler State: WAIT_FOR_DCU (10) -> EXCHANGE_THREE (11)
2026-05-15 09:32:14 CartMove: Exchange 3
2026-05-15 09:32:14 CartMoveState: STORE_DECIDE (18) -> AUX_DECIDE (5)
2026-05-15 09:32:14 CartMoveState: AUX_DECIDE (5) -> TO_MOVE (10)
2026-05-15 09:32:16 CartMoveState: TO_MOVE (10) -> TO_CART (11)
2026-05-15 09:32:18 CartMoveState: TO_CART (11) -> HOME_MOVE (12)
2026-05-15 09:32:19 CartMoveState: HOME_MOVE (12) -> HALT (13)
2026-05-15 09:32:19 CartMoveState: HALT (13) -> IDLE (1)
2026-05-15 09:32:19 Handler State: EXCHANGE_THREE (11) -> POST_PROCESS (12)
2026-05-15 09:32:19 Handler State: POST_PROCESS (12) -> MOVE_ARM_HOME (14)
2026-05-15 09:32:19 Handler State: MOVE_ARM_HOME (14) -> HANDLER_IDLE (1)
2026-05-15 10:02:26 Handler State: HANDLER_IDLE (1) -> HANDLER_START (2)
2026-05-15 10:02:27 Handler State: HANDLER_START (2) -> DECIDE_CART (3)
2026-05-15 10:02:27 Selection: Last resort, just pick the first IFS.
2026-05-15 10:02:27 Selection: Cartridge has correct material.
2026-05-15 10:02:27 Selected Primary Cartridge: 3
2026-05-15 10:02:27 Selected Primary Station: 104
2026-05-15 10:02:27 Selected Secondary Cartridge: 0
2026-05-15 10:02:27 Selected Secondary Station: 0
2026-05-15 10:02:27 Selected Filling Volume: 317
2026-05-15 10:02:27 Handler State: DECIDE_CART (3) -> PLACE_CART (5)
2026-05-15 10:02:27 CartMove: Move, from 107 to 104
2026-05-15 10:02:27 CartMoveState: IDLE (1) -> FROM_MOVE (3)
2026-05-15 10:02:28 CartMoveState: FROM_MOVE (3) -> FROM_CART (4)
2026-05-15 10:02:31 CartMoveState: FROM_CART (4) -> AUX_DECIDE (5)
2026-05-15 10:02:31 CartMoveState: AUX_DECIDE (5) -> TO_MOVE (10)
2026-05-15 10:02:32 CartMoveState: TO_MOVE (10) -> TO_CART (11)
2026-05-15 10:02:34 CartMoveState: TO_CART (11) -> HOME_MOVE (12)
2026-05-15 10:02:35 CartMoveState: HOME_MOVE (12) -> HALT (13)
2026-05-15 10:02:35 CartMoveState: HALT (13) -> IDLE (1)
2026-05-15 10:02:35 Handler State: PLACE_CART (5) -> CHECK_SEC_CART (26)
2026-05-15 10:02:35 Handler State: CHECK_SEC_CART (26) -> PROBE_CART (24)
2026-05-15 10:02:35 CartMove: Exchange 1, from 104
2026-05-15 10:02:35 CartMoveState: IDLE (1) -> FROM_MOVE (3)
2026-05-15 10:02:36 CartMoveState: FROM_MOVE (3) -> FROM_PROBE (19)
2026-05-15 10:02:38 Handler State: PROBE_CART (24) -> PROCESS_CART (6)
2026-05-15 10:03:09 Setting CBS color valve (FillIFS): 1
2026-05-15 10:03:11 Primed volume (FillIFS): 3.82656
2026-05-15 10:03:11 Re-Calculated Filling Volume: 317
2026-05-15 10:03:11 Setting CBS color valve (FillCart): 1
2026-05-15 10:03:31 Handler State: PROCESS_CART (6) -> EXCHANGE_ONE (7)
2026-05-15 10:03:31 CartMove: Exchange 1, from 104
2026-05-15 10:03:31 CartMoveState: FROM_PROBE (19) -> FROM_CART (4)
2026-05-15 10:03:36 Setting CBS color valve (Finished): 0
2026-05-15 10:03:38 CartMoveState: FROM_CART (4) -> TO_MOVE (10)
2026-05-15 10:03:40 CartMoveState: TO_MOVE (10) -> EXCH_1_WAIT (14)
2026-05-15 10:03:40 Handler State: EXCHANGE_ONE (7) -> START_DCU (8)
2026-05-15 10:03:40 Handler State: START_DCU (8) -> EXCHANGE_TWO (9)
2026-05-15 10:03:40 CartMove: Exchange 2
2026-05-15 10:03:40 CartMoveState: EXCH_1_WAIT (14) -> EXCH_1_CART (15)
2026-05-15 10:03:43 CartMoveState: EXCH_1_CART (15) -> EXCH_2_MOVE (16)
2026-05-15 10:03:44 CartMoveState: EXCH_2_MOVE (16) -> EXCH_2_CART (17)
2026-05-15 10:03:45 CartMoveState: EXCH_2_CART (17) -> STORE_DECIDE (18)
2026-05-15 10:03:45 Used volume for last job: 463.115
2026-05-15 10:03:45 Handler State: EXCHANGE_TWO (9) -> WAIT_FOR_DCU (10)
2026-05-15 10:03:47 Handler State: WAIT_FOR_DCU (10) -> EXCHANGE_THREE (11)
2026-05-15 10:03:47 CartMove: Exchange 3
2026-05-15 10:03:47 CartMoveState: STORE_DECIDE (18) -> AUX_DECIDE (5)
2026-05-15 10:03:47 CartMoveState: AUX_DECIDE (5) -> TO_MOVE (10)
2026-05-15 10:03:48 CartMoveState: TO_MOVE (10) -> TO_CART (11)
2026-05-15 10:03:50 CartMoveState: TO_CART (11) -> HOME_MOVE (12)
2026-05-15 10:03:51 CartMoveState: HOME_MOVE (12) -> HALT (13)
2026-05-15 10:03:51 CartMoveState: HALT (13) -> IDLE (1)
2026-05-15 10:03:51 Handler State: EXCHANGE_THREE (11) -> POST_PROCESS (12)
2026-05-15 10:03:51 Handler State: POST_PROCESS (12) -> MOVE_ARM_HOME (14)
2026-05-15 10:03:51 Handler State: MOVE_ARM_HOME (14) -> HANDLER_IDLE (1)
2026-05-15 10:07:00 Handler State: HANDLER_IDLE (1) -> SEMI_START (15)
2026-05-15 10:07:00 Handler State: SEMI_START (15) -> SEMI_PROBE_CART (25)
2026-05-15 10:07:03 Handler State: SEMI_PROBE_CART (25) -> SEMI_PROCESS (16)
2026-05-15 10:08:38 Re-Calculated Filling Volume: 0
2026-05-15 10:08:45 Setting CBS color valve (Finished): 0
2026-05-15 10:08:45 Handler State: SEMI_PROCESS (16) -> SEMI_WHAT_NEXT (21)
2026-05-15 10:08:45 Handler State: SEMI_WHAT_NEXT (21) -> SEMI_FINISHED (23)
2026-05-15 10:08:46 Handler State: SEMI_FINISHED (23) -> HANDLER_IDLE (1)
2026-05-15 10:10:24 Handler State: HANDLER_IDLE (1) -> HANDLER_START (2)
2026-05-15 10:10:25 Handler State: HANDLER_START (2) -> EXCHANGE_ONE (7)
2026-05-15 10:10:25 CartMove: Exchange 1, from 0
2026-05-15 10:10:25 CartMoveState: IDLE (1) -> TO_MOVE (10)
2026-05-15 10:10:26 CartMoveState: TO_MOVE (10) -> EXCH_1_WAIT (14)
2026-05-15 10:10:26 Handler State: EXCHANGE_ONE (7) -> START_DCU (8)
2026-05-15 10:10:26 Handler State: START_DCU (8) -> EXCHANGE_TWO (9)
2026-05-15 10:10:26 CartMove: Exchange 2
2026-05-15 10:10:35 CartMoveState: EXCH_1_WAIT (14) -> EXCH_1_CART (15)
2026-05-15 10:10:38 CartMoveState: EXCH_1_CART (15) -> STORE_DECIDE (18)
2026-05-15 10:10:38 Used volume for last job: 265.416
2026-05-15 10:10:38 Handler State: EXCHANGE_TWO (9) -> WAIT_FOR_DCU (10)
2026-05-15 10:10:39 Handler State: WAIT_FOR_DCU (10) -> EXCHANGE_THREE (11)
2026-05-15 10:10:39 CartMove: Exchange 3
2026-05-15 10:10:39 CartMoveState: STORE_DECIDE (18) -> AUX_DECIDE (5)
2026-05-15 10:10:39 CartMoveState: AUX_DECIDE (5) -> TO_MOVE (10)
2026-05-15 10:10:41 CartMoveState: TO_MOVE (10) -> TO_CART (11)
2026-05-15 10:10:43 CartMoveState: TO_CART (11) -> HOME_MOVE (12)
2026-05-15 10:10:45 CartMoveState: HOME_MOVE (12) -> HALT (13)
2026-05-15 10:10:45 CartMoveState: HALT (13) -> IDLE (1)
2026-05-15 10:10:45 Handler State: EXCHANGE_THREE (11) -> POST_PROCESS (12)
2026-05-15 10:10:45 Handler State: POST_PROCESS (12) -> MOVE_ARM_HOME (14)
2026-05-15 10:10:45 Handler State: MOVE_ARM_HOME (14) -> HANDLER_IDLE (1)
2026-05-15 10:11:37 Handler State: HANDLER_IDLE (1) -> SEMI_START (15)
2026-05-15 10:11:37 Handler State: SEMI_START (15) -> SEMI_TO_STORE (17)
2026-05-15 10:11:37 CartMove: Move, from 102 to 108
2026-05-15 10:11:37 CartMoveState: IDLE (1) -> FROM_MOVE (3)
2026-05-15 10:11:38 CartMoveState: FROM_MOVE (3) -> FROM_CART (4)
2026-05-15 10:11:40 CartMoveState: FROM_CART (4) -> AUX_DECIDE (5)
2026-05-15 10:11:40 CartMoveState: AUX_DECIDE (5) -> TO_MOVE (10)
2026-05-15 10:11:42 CartMoveState: TO_MOVE (10) -> TO_CART (11)
2026-05-15 10:11:44 CartMoveState: TO_CART (11) -> HOME_MOVE (12)
2026-05-15 10:11:46 CartMoveState: HOME_MOVE (12) -> HALT (13)
2026-05-15 10:11:46 CartMoveState: HALT (13) -> IDLE (1)
2026-05-15 10:11:46 Handler State: SEMI_TO_STORE (17) -> SEMI_TO_IFS (18)
2026-05-15 10:11:46 CartMove: Move, from 105 to 102
2026-05-15 10:11:46 CartMoveState: IDLE (1) -> FROM_MOVE (3)
2026-05-15 10:11:47 CartMoveState: FROM_MOVE (3) -> FROM_CART (4)
2026-05-15 10:11:49 CartMoveState: FROM_CART (4) -> AUX_DECIDE (5)
2026-05-15 10:11:49 CartMoveState: AUX_DECIDE (5) -> TO_MOVE (10)
2026-05-15 10:11:51 CartMoveState: TO_MOVE (10) -> TO_CART (11)
2026-05-15 10:11:53 CartMoveState: TO_CART (11) -> HOME_MOVE (12)
2026-05-15 10:11:54 CartMoveState: HOME_MOVE (12) -> HALT (13)
2026-05-15 10:11:54 CartMoveState: HALT (13) -> IDLE (1)
2026-05-15 10:11:54 Handler State: SEMI_TO_IFS (18) -> SEMI_PROBE_CART (25)
2026-05-15 10:11:57 Handler State: SEMI_PROBE_CART (25) -> SEMI_PROCESS (16)
2026-05-15 10:12:28 Re-Calculated Filling Volume: 0
2026-05-15 10:12:35 Setting CBS color valve (Finished): 0
2026-05-15 10:12:35 Handler State: SEMI_PROCESS (16) -> SEMI_FROM_IFS (20)
2026-05-15 10:12:35 CartMove: Move, from 102 to 105
2026-05-15 10:12:35 CartMoveState: IDLE (1) -> FROM_MOVE (3)
2026-05-15 10:12:35 CartMoveState: FROM_MOVE (3) -> FROM_CART (4)
2026-05-15 10:12:38 CartMoveState: FROM_CART (4) -> AUX_DECIDE (5)
2026-05-15 10:12:38 CartMoveState: AUX_DECIDE (5) -> TO_MOVE (10)
2026-05-15 10:12:40 CartMoveState: TO_MOVE (10) -> TO_CART (11)
2026-05-15 10:12:42 CartMoveState: TO_CART (11) -> HOME_MOVE (12)
2026-05-15 10:12:43 CartMoveState: HOME_MOVE (12) -> HALT (13)
2026-05-15 10:12:43 CartMoveState: HALT (13) -> IDLE (1)
2026-05-15 10:12:43 Handler State: SEMI_FROM_IFS (20) -> SEMI_FROM_STORE (19)
2026-05-15 10:12:43 CartMove: Move, from 108 to 102
2026-05-15 10:12:43 CartMoveState: IDLE (1) -> FROM_MOVE (3)
2026-05-15 10:12:44 CartMoveState: FROM_MOVE (3) -> FROM_CART (4)
2026-05-15 10:12:47 CartMoveState: FROM_CART (4) -> AUX_DECIDE (5)
2026-05-15 10:12:47 CartMoveState: AUX_DECIDE (5) -> TO_MOVE (10)
2026-05-15 10:12:49 CartMoveState: TO_MOVE (10) -> TO_CART (11)
2026-05-15 10:12:51 CartMoveState: TO_CART (11) -> HOME_MOVE (12)
2026-05-15 10:12:52 CartMoveState: HOME_MOVE (12) -> HALT (13)
2026-05-15 10:12:52 CartMoveState: HALT (13) -> IDLE (1)
2026-05-15 10:12:52 Handler State: SEMI_FROM_STORE (19) -> SEMI_WHAT_NEXT (21)
2026-05-15 10:12:52 Handler State: SEMI_WHAT_NEXT (21) -> SEMI_START (15)
2026-05-15 10:12:52 Handler State: SEMI_START (15) -> SEMI_TO_STORE (17)
2026-05-15 10:12:52 CartMove: Move, from 103 to 108
2026-05-15 10:12:52 CartMoveState: IDLE (1) -> FROM_MOVE (3)
2026-05-15 10:12:52 CartMoveState: FROM_MOVE (3) -> FROM_CART (4)
2026-05-15 10:12:55 CartMoveState: FROM_CART (4) -> AUX_DECIDE (5)
2026-05-15 10:12:55 CartMoveState: AUX_DECIDE (5) -> TO_MOVE (10)
2026-05-15 10:12:56 CartMoveState: TO_MOVE (10) -> TO_CART (11)
2026-05-15 10:12:58 CartMoveState: TO_CART (11) -> HOME_MOVE (12)
2026-05-15 10:13:00 CartMoveState: HOME_MOVE (12) -> HALT (13)
2026-05-15 10:13:00 CartMoveState: HALT (13) -> IDLE (1)
2026-05-15 10:13:00 Handler State: SEMI_TO_STORE (17) -> SEMI_TO_IFS (18)
2026-05-15 10:13:00 CartMove: Move, from 106 to 103
2026-05-15 10:13:00 CartMoveState: IDLE (1) -> FROM_MOVE (3)
2026-05-15 10:13:01 CartMoveState: FROM_MOVE (3) -> FROM_CART (4)
2026-05-15 10:13:04 CartMoveState: FROM_CART (4) -> AUX_DECIDE (5)
2026-05-15 10:13:04 CartMoveState: AUX_DECIDE (5) -> TO_MOVE (10)
2026-05-15 10:13:05 CartMoveState: TO_MOVE (10) -> TO_CART (11)
2026-05-15 10:13:07 CartMoveState: TO_CART (11) -> HOME_MOVE (12)
2026-05-15 10:13:07 CartMoveState: HOME_MOVE (12) -> HALT (13)
2026-05-15 10:13:07 CartMoveState: HALT (13) -> IDLE (1)
2026-05-15 10:13:07 Handler State: SEMI_TO_IFS (18) -> SEMI_PROBE_CART (25)
2026-05-15 10:13:10 Handler State: SEMI_PROBE_CART (25) -> SEMI_PROCESS (16)
2026-05-15 10:14:30 Re-Calculated Filling Volume: 0
2026-05-15 10:14:35 Setting CBS color valve (Finished): 0
2026-05-15 10:14:35 Handler State: SEMI_PROCESS (16) -> SEMI_FROM_IFS (20)
2026-05-15 10:14:35 CartMove: Move, from 103 to 106
2026-05-15 10:14:35 CartMoveState: IDLE (1) -> FROM_MOVE (3)
2026-05-15 10:14:35 CartMoveState: FROM_MOVE (3) -> FROM_CART (4)
2026-05-15 10:14:38 CartMoveState: FROM_CART (4) -> AUX_DECIDE (5)
2026-05-15 10:14:38 CartMoveState: AUX_DECIDE (5) -> TO_MOVE (10)
2026-05-15 10:14:40 CartMoveState: TO_MOVE (10) -> TO_CART (11)
2026-05-15 10:14:42 CartMoveState: TO_CART (11) -> HOME_MOVE (12)
2026-05-15 10:14:43 CartMoveState: HOME_MOVE (12) -> HALT (13)
2026-05-15 10:14:43 CartMoveState: HALT (13) -> IDLE (1)
2026-05-15 10:14:43 Handler State: SEMI_FROM_IFS (20) -> SEMI_FROM_STORE (19)
2026-05-15 10:14:43 CartMove: Move, from 108 to 103
2026-05-15 10:14:43 CartMoveState: IDLE (1) -> FROM_MOVE (3)
2026-05-15 10:14:45 CartMoveState: FROM_MOVE (3) -> FROM_CART (4)
2026-05-15 10:14:47 CartMoveState: FROM_CART (4) -> AUX_DECIDE (5)
2026-05-15 10:14:47 CartMoveState: AUX_DECIDE (5) -> TO_MOVE (10)
2026-05-15 10:14:49 CartMoveState: TO_MOVE (10) -> TO_CART (11)
2026-05-15 10:14:51 CartMoveState: TO_CART (11) -> HOME_MOVE (12)
2026-05-15 10:14:51 CartMoveState: HOME_MOVE (12) -> HALT (13)
2026-05-15 10:14:51 CartMoveState: HALT (13) -> IDLE (1)
2026-05-15 10:14:51 Handler State: SEMI_FROM_STORE (19) -> SEMI_WHAT_NEXT (21)
2026-05-15 10:14:51 Handler State: SEMI_WHAT_NEXT (21) -> SEMI_START (15)
2026-05-15 10:14:51 Handler State: SEMI_START (15) -> SEMI_TO_STORE (17)
2026-05-15 10:14:51 CartMove: Move, from 104 to 108
2026-05-15 10:14:51 CartMoveState: IDLE (1) -> FROM_MOVE (3)
2026-05-15 10:14:52 CartMoveState: FROM_MOVE (3) -> FROM_CART (4)
2026-05-15 10:14:55 CartMoveState: FROM_CART (4) -> AUX_DECIDE (5)
2026-05-15 10:14:55 CartMoveState: AUX_DECIDE (5) -> TO_MOVE (10)
2026-05-15 10:14:57 CartMoveState: TO_MOVE (10) -> TO_CART (11)
2026-05-15 10:14:59 CartMoveState: TO_CART (11) -> HOME_MOVE (12)
2026-05-15 10:15:00 CartMoveState: HOME_MOVE (12) -> HALT (13)
2026-05-15 10:15:00 CartMoveState: HALT (13) -> IDLE (1)
2026-05-15 10:15:00 Handler State: SEMI_TO_STORE (17) -> SEMI_TO_IFS (18)
2026-05-15 10:15:00 CartMove: Move, from 107 to 104
2026-05-15 10:15:00 CartMoveState: IDLE (1) -> FROM_MOVE (3)
2026-05-15 10:15:01 CartMoveState: FROM_MOVE (3) -> FROM_CART (4)
2026-05-15 10:15:04 CartMoveState: FROM_CART (4) -> AUX_DECIDE (5)
2026-05-15 10:15:04 CartMoveState: AUX_DECIDE (5) -> TO_MOVE (10)
2026-05-15 10:15:06 CartMoveState: TO_MOVE (10) -> TO_CART (11)
2026-05-15 10:15:08 CartMoveState: TO_CART (11) -> HOME_MOVE (12)
2026-05-15 10:15:09 CartMoveState: HOME_MOVE (12) -> HALT (13)
2026-05-15 10:15:09 CartMoveState: HALT (13) -> IDLE (1)
2026-05-15 10:15:09 Handler State: SEMI_TO_IFS (18) -> SEMI_PROBE_CART (25)
2026-05-15 10:15:12 Handler State: SEMI_PROBE_CART (25) -> SEMI_PROCESS (16)
2026-05-15 10:15:44 Re-Calculated Filling Volume: 0
2026-05-15 10:15:50 Setting CBS color valve (Finished): 0
2026-05-15 10:15:50 Handler State: SEMI_PROCESS (16) -> SEMI_FROM_IFS (20)
2026-05-15 10:15:50 CartMove: Move, from 104 to 107
2026-05-15 10:15:50 CartMoveState: IDLE (1) -> FROM_MOVE (3)
2026-05-15 10:15:50 CartMoveState: FROM_MOVE (3) -> FROM_CART (4)
2026-05-15 10:15:52 CartMoveState: FROM_CART (4) -> AUX_DECIDE (5)
2026-05-15 10:15:52 CartMoveState: AUX_DECIDE (5) -> TO_MOVE (10)
2026-05-15 10:15:54 CartMoveState: TO_MOVE (10) -> TO_CART (11)
2026-05-15 10:15:56 CartMoveState: TO_CART (11) -> HOME_MOVE (12)
2026-05-15 10:15:57 CartMoveState: HOME_MOVE (12) -> HALT (13)
2026-05-15 10:15:57 CartMoveState: HALT (13) -> IDLE (1)
2026-05-15 10:15:57 Handler State: SEMI_FROM_IFS (20) -> SEMI_FROM_STORE (19)
2026-05-15 10:15:57 CartMove: Move, from 108 to 104
2026-05-15 10:15:57 CartMoveState: IDLE (1) -> FROM_MOVE (3)
2026-05-15 10:15:59 CartMoveState: FROM_MOVE (3) -> FROM_CART (4)
2026-05-15 10:16:02 CartMoveState: FROM_CART (4) -> AUX_DECIDE (5)
2026-05-15 10:16:02 CartMoveState: AUX_DECIDE (5) -> TO_MOVE (10)
2026-05-15 10:16:03 CartMoveState: TO_MOVE (10) -> TO_CART (11)
2026-05-15 10:16:05 CartMoveState: TO_CART (11) -> HOME_MOVE (12)
2026-05-15 10:16:06 CartMoveState: HOME_MOVE (12) -> HALT (13)
2026-05-15 10:16:06 CartMoveState: HALT (13) -> IDLE (1)
2026-05-15 10:16:06 Handler State: SEMI_FROM_STORE (19) -> SEMI_WHAT_NEXT (21)
2026-05-15 10:16:06 Handler State: SEMI_WHAT_NEXT (21) -> SEMI_START (15)
2026-05-15 10:16:06 Handler State: SEMI_START (15) -> SEMI_PROBE_CART (25)
2026-05-15 10:16:09 Handler State: SEMI_PROBE_CART (25) -> SEMI_PROCESS (16)
2026-05-15 10:16:35 Re-Calculated Filling Volume: 0
2026-05-15 10:16:42 Setting CBS color valve (Finished): 0
2026-05-15 10:16:42 Handler State: SEMI_PROCESS (16) -> SEMI_WHAT_NEXT (21)
2026-05-15 10:16:42 Handler State: SEMI_WHAT_NEXT (21) -> SEMI_START (15)
2026-05-15 10:16:42 Handler State: SEMI_START (15) -> SEMI_PROBE_CART (25)
2026-05-15 10:16:45 Handler State: SEMI_PROBE_CART (25) -> SEMI_PROCESS (16)
2026-05-15 10:18:08 Re-Calculated Filling Volume: 0
2026-05-15 10:18:13 Setting CBS color valve (Finished): 0
2026-05-15 10:18:13 Handler State: SEMI_PROCESS (16) -> SEMI_WHAT_NEXT (21)
2026-05-15 10:18:13 Handler State: SEMI_WHAT_NEXT (21) -> SEMI_START (15)
2026-05-15 10:18:13 Handler State: SEMI_START (15) -> SEMI_PROBE_CART (25)
2026-05-15 10:18:16 Handler State: SEMI_PROBE_CART (25) -> SEMI_PROCESS (16)
2026-05-15 10:18:48 Re-Calculated Filling Volume: 0
2026-05-15 10:18:53 Setting CBS color valve (Finished): 0
2026-05-15 10:18:53 Handler State: SEMI_PROCESS (16) -> SEMI_WHAT_NEXT (21)
2026-05-15 10:18:53 Handler State: SEMI_WHAT_NEXT (21) -> SEMI_FINISHED (23)
2026-05-15 10:18:54 Handler State: SEMI_FINISHED (23) -> HANDLER_IDLE (1)
2026-05-15 10:19:09 Handler State: HANDLER_IDLE (1) -> HANDLER_START (2)
2026-05-15 10:19:10 Handler State: HANDLER_START (2) -> DECIDE_CART (3)
2026-05-15 10:19:10 Selection: IFS is clean and its cartridge is cleaned.
2026-05-15 10:19:10 Selected Primary Cartridge: 4
2026-05-15 10:19:10 Selected Primary Station: 102
2026-05-15 10:19:10 Selected Secondary Cartridge: 0
2026-05-15 10:19:10 Selected Secondary Station: 0
2026-05-15 10:19:10 Selected Filling Volume: 497
2026-05-15 10:19:10 Handler State: DECIDE_CART (3) -> CHECK_SEC_CART (26)
2026-05-15 10:19:10 Handler State: CHECK_SEC_CART (26) -> PROBE_CART (24)
2026-05-15 10:19:10 CartMove: Exchange 1, from 102
2026-05-15 10:19:10 CartMoveState: IDLE (1) -> FROM_MOVE (3)
2026-05-15 10:19:11 CartMoveState: FROM_MOVE (3) -> FROM_PROBE (19)
2026-05-15 10:19:12 Handler State: PROBE_CART (24) -> PROCESS_CART (6)
2026-05-15 10:19:12 Setting CBS color valve (FillIFS): 1
2026-05-15 10:19:14 Primed volume (FillIFS): 1.54733
2026-05-15 10:19:14 Re-Calculated Filling Volume: 497
2026-05-15 10:19:14 Setting CBS color valve (FillCart): 1
2026-05-15 10:19:34 Handler State: PROCESS_CART (6) -> EXCHANGE_ONE (7)
2026-05-15 10:19:34 CartMove: Exchange 1, from 102
2026-05-15 10:19:34 CartMoveState: FROM_PROBE (19) -> FROM_CART (4)
2026-05-15 10:19:41 Setting CBS color valve (Finished): 0
2026-05-15 10:19:43 CartMoveState: FROM_CART (4) -> TO_MOVE (10)
2026-05-15 10:19:45 CartMoveState: TO_MOVE (10) -> EXCH_1_WAIT (14)
2026-05-15 10:19:45 Handler State: EXCHANGE_ONE (7) -> START_DCU (8)
2026-05-15 10:19:45 Handler State: START_DCU (8) -> EXCHANGE_TWO (9)
2026-05-15 10:19:45 CartMove: Exchange 2
2026-05-15 10:19:45 CartMoveState: EXCH_1_WAIT (14) -> EXCH_1_CART (15)
2026-05-15 10:19:47 CartMoveState: EXCH_1_CART (15) -> EXCH_2_MOVE (16)
2026-05-15 10:19:48 CartMoveState: EXCH_2_MOVE (16) -> EXCH_2_CART (17)
2026-05-15 10:19:50 CartMoveState: EXCH_2_CART (17) -> HOME_MOVE (12)
2026-05-15 10:19:50 Handler State: EXCHANGE_TWO (9) -> WAIT_FOR_DCU (10)
2026-05-15 10:19:51 Handler State: WAIT_FOR_DCU (10) -> EXCHANGE_THREE (11)
2026-05-15 10:19:51 CartMove: Exchange 3
2026-05-15 10:19:51 CartMoveState: HOME_MOVE (12) -> HALT (13)
2026-05-15 10:19:51 CartMoveState: HALT (13) -> IDLE (1)
2026-05-15 10:19:51 Handler State: EXCHANGE_THREE (11) -> POST_PROCESS (12)
2026-05-15 10:19:51 Handler State: POST_PROCESS (12) -> MOVE_ARM_HOME (14)
2026-05-15 10:19:55 Handler State: MOVE_ARM_HOME (14) -> HANDLER_IDLE (1)
2026-05-15 10:48:10 Handler State: HANDLER_IDLE (1) -> HANDLER_START (2)
2026-05-15 10:48:11 Handler State: HANDLER_START (2) -> DECIDE_CART (3)
2026-05-15 10:48:11 Selection: IFS has correct material.
2026-05-15 10:48:11 Selection: Cartridge is clean.
2026-05-15 10:48:11 Selected Primary Cartridge: 1
2026-05-15 10:48:11 Selected Primary Station: 102
2026-05-15 10:48:11 Selected Secondary Cartridge: 0
2026-05-15 10:48:11 Selected Secondary Station: 0
2026-05-15 10:48:11 Selected Filling Volume: 496
2026-05-15 10:48:11 Handler State: DECIDE_CART (3) -> PLACE_CART (5)
2026-05-15 10:48:11 CartMove: Move, from 105 to 102
2026-05-15 10:48:11 CartMoveState: IDLE (1) -> FROM_MOVE (3)
2026-05-15 10:48:12 CartMoveState: FROM_MOVE (3) -> FROM_CART (4)
2026-05-15 10:48:14 CartMoveState: FROM_CART (4) -> AUX_DECIDE (5)
2026-05-15 10:48:14 CartMoveState: AUX_DECIDE (5) -> TO_MOVE (10)
2026-05-15 10:48:16 CartMoveState: TO_MOVE (10) -> TO_CART (11)
2026-05-15 10:48:18 CartMoveState: TO_CART (11) -> HOME_MOVE (12)
2026-05-15 10:48:19 CartMoveState: HOME_MOVE (12) -> HALT (13)
2026-05-15 10:48:19 CartMoveState: HALT (13) -> IDLE (1)
2026-05-15 10:48:19 Handler State: PLACE_CART (5) -> CHECK_SEC_CART (26)
2026-05-15 10:48:19 Handler State: CHECK_SEC_CART (26) -> PROBE_CART (24)
2026-05-15 10:48:19 CartMove: Exchange 1, from 102
2026-05-15 10:48:19 CartMoveState: IDLE (1) -> FROM_MOVE (3)
2026-05-15 10:48:19 CartMoveState: FROM_MOVE (3) -> FROM_PROBE (19)
2026-05-15 10:48:21 Handler State: PROBE_CART (24) -> PROCESS_CART (6)
2026-05-15 10:48:21 Setting CBS color valve (FillGate): 1
2026-05-15 10:48:22 Primed volume (FillGate): 2.20221
2026-05-15 10:48:22 Re-Calculated Filling Volume: 496
2026-05-15 10:48:22 Setting CBS color valve (FillCart): 1
2026-05-15 10:48:44 Handler State: PROCESS_CART (6) -> EXCHANGE_ONE (7)
2026-05-15 10:48:44 CartMove: Exchange 1, from 102
2026-05-15 10:48:44 CartMoveState: FROM_PROBE (19) -> FROM_CART (4)
2026-05-15 10:48:50 Setting CBS color valve (Finished): 0
2026-05-15 10:48:52 CartMoveState: FROM_CART (4) -> TO_MOVE (10)
2026-05-15 10:48:54 CartMoveState: TO_MOVE (10) -> EXCH_1_WAIT (14)
2026-05-15 10:48:54 Handler State: EXCHANGE_ONE (7) -> START_DCU (8)
2026-05-15 10:48:54 Handler State: START_DCU (8) -> EXCHANGE_TWO (9)
2026-05-15 10:48:54 CartMove: Exchange 2
2026-05-15 10:48:54 CartMoveState: EXCH_1_WAIT (14) -> EXCH_1_CART (15)
2026-05-15 10:48:57 CartMoveState: EXCH_1_CART (15) -> EXCH_2_MOVE (16)
2026-05-15 10:48:58 CartMoveState: EXCH_2_MOVE (16) -> EXCH_2_CART (17)
2026-05-15 10:49:00 CartMoveState: EXCH_2_CART (17) -> STORE_DECIDE (18)
2026-05-15 10:49:00 Used volume for last job: 443.903
2026-05-15 10:49:00 Handler State: EXCHANGE_TWO (9) -> WAIT_FOR_DCU (10)
2026-05-15 10:49:02 Handler State: WAIT_FOR_DCU (10) -> EXCHANGE_THREE (11)
2026-05-15 10:49:02 CartMove: Exchange 3
2026-05-15 10:49:02 CartMoveState: STORE_DECIDE (18) -> AUX_DECIDE (5)
2026-05-15 10:49:02 CartMoveState: AUX_DECIDE (5) -> TO_MOVE (10)
2026-05-15 10:49:02 CartMoveState: TO_MOVE (10) -> TO_CART (11)
2026-05-15 10:49:04 CartMoveState: TO_CART (11) -> HOME_MOVE (12)
2026-05-15 10:49:04 CartMoveState: HOME_MOVE (12) -> HALT (13)
2026-05-15 10:49:04 CartMoveState: HALT (13) -> IDLE (1)
2026-05-15 10:49:04 Handler State: EXCHANGE_THREE (11) -> POST_PROCESS (12)
2026-05-15 10:49:04 Handler State: POST_PROCESS (12) -> MOVE_ARM_HOME (14)
2026-05-15 10:49:05 Handler State: MOVE_ARM_HOME (14) -> HANDLER_IDLE (1)
2026-05-15 11:03:27 Handler State: HANDLER_IDLE (1) -> HANDLER_START (2)
2026-05-15 11:03:28 Handler State: HANDLER_START (2) -> DECIDE_CART (3)
2026-05-15 11:03:28 Selection: IFS is clean and its cartridge is cleaned.
2026-05-15 11:03:28 Selected Primary Cartridge: 6
2026-05-15 11:03:28 Selected Primary Station: 104
2026-05-15 11:03:28 Selected Secondary Cartridge: 0
2026-05-15 11:03:28 Selected Secondary Station: 0
2026-05-15 11:03:28 Selected Filling Volume: 513
2026-05-15 11:03:28 Handler State: DECIDE_CART (3) -> CHECK_SEC_CART (26)
2026-05-15 11:03:28 Handler State: CHECK_SEC_CART (26) -> PROBE_CART (24)
2026-05-15 11:03:28 CartMove: Exchange 1, from 104
2026-05-15 11:03:28 CartMoveState: IDLE (1) -> FROM_MOVE (3)
2026-05-15 11:03:29 CartMoveState: FROM_MOVE (3) -> FROM_PROBE (19)
2026-05-15 11:03:30 Handler State: PROBE_CART (24) -> PROCESS_CART (6)
2026-05-15 11:03:30 Setting CBS color valve (FillIFS): 1
2026-05-15 11:03:32 Primed volume (FillIFS): 2.00439
2026-05-15 11:03:32 Re-Calculated Filling Volume: 513
2026-05-15 11:03:32 Setting CBS color valve (FillCart): 1
2026-05-15 11:03:58 Handler State: PROCESS_CART (6) -> EXCHANGE_ONE (7)
2026-05-15 11:03:58 CartMove: Exchange 1, from 104
2026-05-15 11:03:58 CartMoveState: FROM_PROBE (19) -> FROM_CART (4)
2026-05-15 11:04:04 Setting CBS color valve (Finished): 0
2026-05-15 11:04:06 CartMoveState: FROM_CART (4) -> TO_MOVE (10)
2026-05-15 11:04:08 CartMoveState: TO_MOVE (10) -> EXCH_1_WAIT (14)
2026-05-15 11:04:08 Handler State: EXCHANGE_ONE (7) -> START_DCU (8)
2026-05-15 11:04:08 Handler State: START_DCU (8) -> EXCHANGE_TWO (9)
2026-05-15 11:04:08 CartMove: Exchange 2
2026-05-15 11:04:08 CartMoveState: EXCH_1_WAIT (14) -> EXCH_1_CART (15)
2026-05-15 11:04:11 CartMoveState: EXCH_1_CART (15) -> EXCH_2_MOVE (16)
2026-05-15 11:04:11 CartMoveState: EXCH_2_MOVE (16) -> EXCH_2_CART (17)
2026-05-15 11:04:13 CartMoveState: EXCH_2_CART (17) -> STORE_DECIDE (18)
2026-05-15 11:04:13 Used volume for last job: 443.794
2026-05-15 11:04:13 Handler State: EXCHANGE_TWO (9) -> WAIT_FOR_DCU (10)
2026-05-15 11:04:15 Handler State: WAIT_FOR_DCU (10) -> EXCHANGE_THREE (11)
2026-05-15 11:04:15 CartMove: Exchange 3
2026-05-15 11:04:15 CartMoveState: STORE_DECIDE (18) -> AUX_DECIDE (5)
2026-05-15 11:04:15 CartMoveState: AUX_DECIDE (5) -> TO_MOVE (10)
2026-05-15 11:04:16 CartMoveState: TO_MOVE (10) -> TO_CART (11)
2026-05-15 11:04:18 CartMoveState: TO_CART (11) -> HOME_MOVE (12)
2026-05-15 11:04:20 CartMoveState: HOME_MOVE (12) -> HALT (13)
2026-05-15 11:04:20 CartMoveState: HALT (13) -> IDLE (1)
2026-05-15 11:04:20 Handler State: EXCHANGE_THREE (11) -> POST_PROCESS (12)
2026-05-15 11:04:20 Handler State: POST_PROCESS (12) -> MOVE_ARM_HOME (14)
2026-05-15 11:04:20 Handler State: MOVE_ARM_HOME (14) -> HANDLER_IDLE (1)
2026-05-15 11:17:31 Handler State: HANDLER_IDLE (1) -> HANDLER_START (2)
2026-05-15 11:17:32 Handler State: HANDLER_START (2) -> DECIDE_CART (3)
2026-05-15 11:17:32 Selection: IFS has correct material.
2026-05-15 11:17:32 Selection: Cartridge is clean.
2026-05-15 11:17:32 Selected Primary Cartridge: 3
2026-05-15 11:17:32 Selected Primary Station: 104
2026-05-15 11:17:32 Selected Secondary Cartridge: 0
2026-05-15 11:17:32 Selected Secondary Station: 0
2026-05-15 11:17:32 Selected Filling Volume: 513
2026-05-15 11:17:32 Handler State: DECIDE_CART (3) -> PLACE_CART (5)
2026-05-15 11:17:32 CartMove: Move, from 107 to 104
2026-05-15 11:17:32 CartMoveState: IDLE (1) -> FROM_MOVE (3)
2026-05-15 11:17:34 CartMoveState: FROM_MOVE (3) -> FROM_CART (4)
2026-05-15 11:17:36 CartMoveState: FROM_CART (4) -> AUX_DECIDE (5)
2026-05-15 11:17:36 CartMoveState: AUX_DECIDE (5) -> TO_MOVE (10)
2026-05-15 11:17:38 CartMoveState: TO_MOVE (10) -> TO_CART (11)
2026-05-15 11:17:40 CartMoveState: TO_CART (11) -> HOME_MOVE (12)
2026-05-15 11:17:41 CartMoveState: HOME_MOVE (12) -> HALT (13)
2026-05-15 11:17:41 CartMoveState: HALT (13) -> IDLE (1)
2026-05-15 11:17:41 Handler State: PLACE_CART (5) -> CHECK_SEC_CART (26)
2026-05-15 11:17:41 Handler State: CHECK_SEC_CART (26) -> PROBE_CART (24)
2026-05-15 11:17:41 CartMove: Exchange 1, from 104
2026-05-15 11:17:41 CartMoveState: IDLE (1) -> FROM_MOVE (3)
2026-05-15 11:17:42 CartMoveState: FROM_MOVE (3) -> FROM_PROBE (19)
2026-05-15 11:17:43 Handler State: PROBE_CART (24) -> PROCESS_CART (6)
2026-05-15 11:17:43 Setting CBS color valve (FillGate): 2
2026-05-15 11:17:44 Primed volume (FillGate): 1.98051
2026-05-15 11:17:44 Re-Calculated Filling Volume: 513
2026-05-15 11:17:44 Setting CBS color valve (FillCart): 2
2026-05-15 11:18:12 Handler State: PROCESS_CART (6) -> EXCHANGE_ONE (7)
2026-05-15 11:18:12 CartMove: Exchange 1, from 104
2026-05-15 11:18:12 CartMoveState: FROM_PROBE (19) -> FROM_CART (4)
2026-05-15 11:18:17 Setting CBS color valve (Finished): 0
2026-05-15 11:18:19 CartMoveState: FROM_CART (4) -> TO_MOVE (10)
2026-05-15 11:18:21 CartMoveState: TO_MOVE (10) -> EXCH_1_WAIT (14)
2026-05-15 11:18:21 Handler State: EXCHANGE_ONE (7) -> START_DCU (8)
2026-05-15 11:18:21 Handler State: START_DCU (8) -> EXCHANGE_TWO (9)
2026-05-15 11:18:21 CartMove: Exchange 2
2026-05-15 11:18:21 CartMoveState: EXCH_1_WAIT (14) -> EXCH_1_CART (15)
2026-05-15 11:18:24 CartMoveState: EXCH_1_CART (15) -> EXCH_2_MOVE (16)
2026-05-15 11:18:24 CartMoveState: EXCH_2_MOVE (16) -> EXCH_2_CART (17)
2026-05-15 11:18:26 CartMoveState: EXCH_2_CART (17) -> STORE_DECIDE (18)
2026-05-15 11:18:26 Used volume for last job: 459.185
2026-05-15 11:18:26 Handler State: EXCHANGE_TWO (9) -> WAIT_FOR_DCU (10)
2026-05-15 11:18:28 Handler State: WAIT_FOR_DCU (10) -> EXCHANGE_THREE (11)
2026-05-15 11:18:28 CartMove: Exchange 3
2026-05-15 11:18:28 CartMoveState: STORE_DECIDE (18) -> AUX_DECIDE (5)
2026-05-15 11:18:28 CartMoveState: AUX_DECIDE (5) -> TO_MOVE (10)
2026-05-15 11:18:29 CartMoveState: TO_MOVE (10) -> TO_CART (11)
2026-05-15 11:18:31 CartMoveState: TO_CART (11) -> HOME_MOVE (12)
2026-05-15 11:18:33 CartMoveState: HOME_MOVE (12) -> HALT (13)
2026-05-15 11:18:33 CartMoveState: HALT (13) -> IDLE (1)
2026-05-15 11:18:33 Handler State: EXCHANGE_THREE (11) -> POST_PROCESS (12)
2026-05-15 11:18:33 Handler State: POST_PROCESS (12) -> MOVE_ARM_HOME (14)
2026-05-15 11:18:33 Handler State: MOVE_ARM_HOME (14) -> HANDLER_IDLE (1)
2026-05-15 11:21:55 Handler State: HANDLER_IDLE (1) -> HANDLER_START (2)
2026-05-15 11:21:55 Handler State: HANDLER_START (2) -> DECIDE_CART (3)
2026-05-15 11:21:55 Selection: Last resort, just pick the first IFS.
2026-05-15 11:21:55 Selection: Last resort, just pick the first cartridge.
2026-05-15 11:21:55 Selected Primary Cartridge: 1
2026-05-15 11:21:55 Selected Primary Station: 102
2026-05-15 11:21:55 Selected Secondary Cartridge: 0
2026-05-15 11:21:55 Selected Secondary Station: 0
2026-05-15 11:21:55 Selected Filling Volume: 486
2026-05-15 11:21:55 Handler State: DECIDE_CART (3) -> REMOVE_CART (4)
2026-05-15 11:21:55 CartMove: Move, from 102 to 108
2026-05-15 11:21:55 CartMoveState: IDLE (1) -> FROM_MOVE (3)
2026-05-15 11:21:56 CartMoveState: FROM_MOVE (3) -> FROM_CART (4)
2026-05-15 11:21:59 CartMoveState: FROM_CART (4) -> AUX_DECIDE (5)
2026-05-15 11:21:59 CartMoveState: AUX_DECIDE (5) -> TO_MOVE (10)
2026-05-15 11:22:01 CartMoveState: TO_MOVE (10) -> TO_CART (11)
2026-05-15 11:22:03 CartMoveState: TO_CART (11) -> HOME_MOVE (12)
2026-05-15 11:22:04 CartMoveState: HOME_MOVE (12) -> HALT (13)
2026-05-15 11:22:04 CartMoveState: HALT (13) -> IDLE (1)
2026-05-15 11:22:04 Handler State: REMOVE_CART (4) -> PLACE_CART (5)
2026-05-15 11:22:04 CartMove: Move, from 105 to 102
2026-05-15 11:22:04 CartMoveState: IDLE (1) -> FROM_MOVE (3)
2026-05-15 11:22:05 CartMoveState: FROM_MOVE (3) -> FROM_CART (4)
2026-05-15 11:22:08 CartMoveState: FROM_CART (4) -> AUX_DECIDE (5)
2026-05-15 11:22:08 CartMoveState: AUX_DECIDE (5) -> TO_MOVE (10)
2026-05-15 11:22:09 CartMoveState: TO_MOVE (10) -> TO_CART (11)
2026-05-15 11:22:12 CartMoveState: TO_CART (11) -> HOME_MOVE (12)
2026-05-15 11:22:12 CartMoveState: HOME_MOVE (12) -> HALT (13)
2026-05-15 11:22:12 CartMoveState: HALT (13) -> IDLE (1)
2026-05-15 11:22:12 Handler State: PLACE_CART (5) -> CHECK_SEC_CART (26)
2026-05-15 11:22:12 Handler State: CHECK_SEC_CART (26) -> PROBE_CART (24)
2026-05-15 11:22:12 CartMove: Exchange 1, from 102
2026-05-15 11:22:12 CartMoveState: IDLE (1) -> FROM_MOVE (3)
2026-05-15 11:22:13 CartMoveState: FROM_MOVE (3) -> FROM_PROBE (19)
2026-05-15 11:22:15 Handler State: PROBE_CART (24) -> PROCESS_CART (6)
2026-05-15 11:22:51 Setting CBS color valve (FillIFS): 1
2026-05-15 11:22:52 Primed volume (FillIFS): 4.85609
2026-05-15 11:22:52 Re-Calculated Filling Volume: 486
2026-05-15 11:22:52 Setting CBS color valve (FillCart): 1
2026-05-15 11:23:13 Handler State: PROCESS_CART (6) -> EXCHANGE_ONE (7)
2026-05-15 11:23:13 CartMove: Exchange 1, from 102
2026-05-15 11:23:13 CartMoveState: FROM_PROBE (19) -> FROM_CART (4)
2026-05-15 11:23:20 Setting CBS color valve (Finished): 0
2026-05-15 11:23:21 CartMoveState: FROM_CART (4) -> TO_MOVE (10)
2026-05-15 11:23:23 CartMoveState: TO_MOVE (10) -> EXCH_1_WAIT (14)
2026-05-15 11:23:23 Handler State: EXCHANGE_ONE (7) -> START_DCU (8)
2026-05-15 11:23:23 Handler State: START_DCU (8) -> EXCHANGE_TWO (9)
2026-05-15 11:23:23 CartMove: Exchange 2
2026-05-15 11:23:23 CartMoveState: EXCH_1_WAIT (14) -> EXCH_1_CART (15)
2026-05-15 11:23:26 CartMoveState: EXCH_1_CART (15) -> EXCH_2_MOVE (16)
2026-05-15 11:23:26 CartMoveState: EXCH_2_MOVE (16) -> EXCH_2_CART (17)
2026-05-15 11:23:28 CartMoveState: EXCH_2_CART (17) -> STORE_DECIDE (18)
2026-05-15 11:23:28 Used volume for last job: 460.246
2026-05-15 11:23:28 Handler State: EXCHANGE_TWO (9) -> WAIT_FOR_DCU (10)
2026-05-15 11:23:30 Handler State: WAIT_FOR_DCU (10) -> EXCHANGE_THREE (11)
2026-05-15 11:23:30 CartMove: Exchange 3
2026-05-15 11:23:30 CartMoveState: STORE_DECIDE (18) -> AUX_DECIDE (5)
2026-05-15 11:23:30 CartMoveState: AUX_DECIDE (5) -> TO_MOVE (10)
2026-05-15 11:23:32 CartMoveState: TO_MOVE (10) -> TO_CART (11)
2026-05-15 11:23:34 CartMoveState: TO_CART (11) -> HOME_MOVE (12)
2026-05-15 11:23:35 CartMoveState: HOME_MOVE (12) -> HALT (13)
2026-05-15 11:23:35 CartMoveState: HALT (13) -> IDLE (1)
2026-05-15 11:23:35 Handler State: EXCHANGE_THREE (11) -> POST_PROCESS (12)
2026-05-15 11:23:35 Handler State: POST_PROCESS (12) -> EMPTY_AUX (13)
2026-05-15 11:23:35 CartMove: Move, from 108 to 102
2026-05-15 11:23:35 CartMoveState: IDLE (1) -> FROM_MOVE (3)
2026-05-15 11:23:37 CartMoveState: FROM_MOVE (3) -> FROM_CART (4)
2026-05-15 11:23:39 CartMoveState: FROM_CART (4) -> AUX_DECIDE (5)
2026-05-15 11:23:39 CartMoveState: AUX_DECIDE (5) -> TO_MOVE (10)
2026-05-15 11:23:41 CartMoveState: TO_MOVE (10) -> TO_CART (11)
2026-05-15 11:23:43 CartMoveState: TO_CART (11) -> HOME_MOVE (12)
2026-05-15 11:23:44 CartMoveState: HOME_MOVE (12) -> HALT (13)
2026-05-15 11:23:44 CartMoveState: HALT (13) -> IDLE (1)
2026-05-15 11:23:44 Handler State: EMPTY_AUX (13) -> MOVE_ARM_HOME (14)
2026-05-15 11:23:44 Handler State: MOVE_ARM_HOME (14) -> HANDLER_IDLE (1)
2026-05-15 11:24:45 Handler State: HANDLER_IDLE (1) -> HANDLER_START (2)
2026-05-15 11:24:46 Handler State: HANDLER_START (2) -> DECIDE_CART (3)
2026-05-15 11:24:46 Selection: IFS is clean and its cartridge is cleaned.
2026-05-15 11:24:46 Selected Primary Cartridge: 5
2026-05-15 11:24:46 Selected Primary Station: 103
2026-05-15 11:24:46 Selected Secondary Cartridge: 0
2026-05-15 11:24:46 Selected Secondary Station: 0
2026-05-15 11:24:46 Selected Filling Volume: 228
2026-05-15 11:24:46 Handler State: DECIDE_CART (3) -> CHECK_SEC_CART (26)
2026-05-15 11:24:46 Handler State: CHECK_SEC_CART (26) -> PROBE_CART (24)
2026-05-15 11:24:46 CartMove: Exchange 1, from 103
2026-05-15 11:24:46 CartMoveState: IDLE (1) -> FROM_MOVE (3)
2026-05-15 11:24:46 CartMoveState: FROM_MOVE (3) -> FROM_PROBE (19)
2026-05-15 11:24:48 Handler State: PROBE_CART (24) -> PROCESS_CART (6)
2026-05-15 11:24:48 Setting CBS color valve (FillIFS): 1
2026-05-15 11:24:49 Primed volume (FillIFS): 1.47022
2026-05-15 11:24:49 Re-Calculated Filling Volume: 228
2026-05-15 11:24:49 Setting CBS color valve (FillCart): 1
2026-05-15 11:25:04 Handler State: PROCESS_CART (6) -> EXCHANGE_ONE (7)
2026-05-15 11:25:04 CartMove: Exchange 1, from 103
2026-05-15 11:25:04 CartMoveState: FROM_PROBE (19) -> FROM_CART (4)
2026-05-15 11:25:09 Setting CBS color valve (Finished): 0
2026-05-15 11:25:11 CartMoveState: FROM_CART (4) -> TO_MOVE (10)
2026-05-15 11:25:13 CartMoveState: TO_MOVE (10) -> EXCH_1_WAIT (14)
2026-05-15 11:25:13 Handler State: EXCHANGE_ONE (7) -> START_DCU (8)
2026-05-15 11:28:24 Handler State: START_DCU (8) -> EXCHANGE_TWO (9)
2026-05-15 11:28:24 CartMove: Exchange 2
2026-05-15 11:28:35 CartMoveState: EXCH_1_WAIT (14) -> EXCH_1_CART (15)
2026-05-15 11:28:38 CartMoveState: EXCH_1_CART (15) -> EXCH_2_MOVE (16)
2026-05-15 11:28:38 CartMoveState: EXCH_2_MOVE (16) -> EXCH_2_CART (17)
2026-05-15 11:28:40 CartMoveState: EXCH_2_CART (17) -> STORE_DECIDE (18)
2026-05-15 11:28:40 Used volume for last job: 433.791
2026-05-15 11:28:40 Handler State: EXCHANGE_TWO (9) -> WAIT_FOR_DCU (10)
2026-05-15 11:28:42 Handler State: WAIT_FOR_DCU (10) -> EXCHANGE_THREE (11)
2026-05-15 11:28:42 CartMove: Exchange 3
2026-05-15 11:28:42 CartMoveState: STORE_DECIDE (18) -> AUX_DECIDE (5)
2026-05-15 11:28:42 CartMoveState: AUX_DECIDE (5) -> TO_MOVE (10)
2026-05-15 11:28:44 CartMoveState: TO_MOVE (10) -> TO_CART (11)
2026-05-15 11:28:46 CartMoveState: TO_CART (11) -> HOME_MOVE (12)
2026-05-15 11:28:47 CartMoveState: HOME_MOVE (12) -> HALT (13)
2026-05-15 11:28:47 CartMoveState: HALT (13) -> IDLE (1)
2026-05-15 11:28:47 Handler State: EXCHANGE_THREE (11) -> POST_PROCESS (12)
2026-05-15 11:28:47 Handler State: POST_PROCESS (12) -> MOVE_ARM_HOME (14)
2026-05-15 11:28:47 Handler State: MOVE_ARM_HOME (14) -> HANDLER_IDLE (1)
2026-05-15 11:31:12 Handler State: HANDLER_IDLE (1) -> HANDLER_START (2)
2026-05-15 11:31:13 Handler State: HANDLER_START (2) -> DECIDE_CART (3)
2026-05-15 11:31:13 Selection: Last resort, just pick the first IFS.
2026-05-15 11:31:13 Selection: Cartridge is clean.
2026-05-15 11:31:13 Selected Primary Cartridge: 2
2026-05-15 11:31:13 Selected Primary Station: 103
2026-05-15 11:31:13 Selected Secondary Cartridge: 0
2026-05-15 11:31:13 Selected Secondary Station: 0
2026-05-15 11:31:13 Selected Filling Volume: 640
2026-05-15 11:31:13 Handler State: DECIDE_CART (3) -> PLACE_CART (5)
2026-05-15 11:31:13 CartMove: Move, from 106 to 103
2026-05-15 11:31:13 CartMoveState: IDLE (1) -> FROM_MOVE (3)
2026-05-15 11:31:14 CartMoveState: FROM_MOVE (3) -> FROM_CART (4)
2026-05-15 11:31:17 CartMoveState: FROM_CART (4) -> AUX_DECIDE (5)
2026-05-15 11:31:17 CartMoveState: AUX_DECIDE (5) -> TO_MOVE (10)
2026-05-15 11:31:18 CartMoveState: TO_MOVE (10) -> TO_CART (11)
2026-05-15 11:31:20 CartMoveState: TO_CART (11) -> HOME_MOVE (12)
2026-05-15 11:31:20 CartMoveState: HOME_MOVE (12) -> HALT (13)
2026-05-15 11:31:20 CartMoveState: HALT (13) -> IDLE (1)
2026-05-15 11:31:20 Handler State: PLACE_CART (5) -> CHECK_SEC_CART (26)
2026-05-15 11:31:20 Handler State: CHECK_SEC_CART (26) -> PROBE_CART (24)
2026-05-15 11:31:20 CartMove: Exchange 1, from 103
2026-05-15 11:31:20 CartMoveState: IDLE (1) -> FROM_MOVE (3)
2026-05-15 11:31:20 CartMoveState: FROM_MOVE (3) -> FROM_PROBE (19)
2026-05-15 11:31:22 Handler State: PROBE_CART (24) -> PROCESS_CART (6)
2026-05-15 11:31:47 Setting CBS color valve (FillIFS): 2
2026-05-15 11:31:48 Primed volume (FillIFS): 5.01175
2026-05-15 11:31:48 Re-Calculated Filling Volume: 640
2026-05-15 11:31:48 Setting CBS color valve (FillCart): 2
2026-05-15 11:32:07 Handler State: PROCESS_CART (6) -> EXCHANGE_ONE (7)
2026-05-15 11:32:07 CartMove: Exchange 1, from 103
2026-05-15 11:32:07 CartMoveState: FROM_PROBE (19) -> FROM_CART (4)
2026-05-15 11:32:13 Setting CBS color valve (Finished): 0
2026-05-15 11:32:15 CartMoveState: FROM_CART (4) -> TO_MOVE (10)
2026-05-15 11:32:16 CartMoveState: TO_MOVE (10) -> EXCH_1_WAIT (14)
2026-05-15 11:32:16 Handler State: EXCHANGE_ONE (7) -> START_DCU (8)
2026-05-15 11:32:17 Handler State: START_DCU (8) -> EXCHANGE_TWO (9)
2026-05-15 11:32:17 CartMove: Exchange 2
2026-05-15 11:32:17 CartMoveState: EXCH_1_WAIT (14) -> EXCH_1_CART (15)
2026-05-15 11:32:19 CartMoveState: EXCH_1_CART (15) -> EXCH_2_MOVE (16)
2026-05-15 11:32:21 CartMoveState: EXCH_2_MOVE (16) -> EXCH_2_CART (17)
2026-05-15 11:32:23 CartMoveState: EXCH_2_CART (17) -> STORE_DECIDE (18)
2026-05-15 11:32:23 Used volume for last job: 177.873
2026-05-15 11:32:23 Handler State: EXCHANGE_TWO (9) -> WAIT_FOR_DCU (10)
2026-05-15 11:32:24 Handler State: WAIT_FOR_DCU (10) -> EXCHANGE_THREE (11)
2026-05-15 11:32:24 CartMove: Exchange 3
2026-05-15 11:32:24 CartMoveState: STORE_DECIDE (18) -> AUX_DECIDE (5)
2026-05-15 11:32:24 CartMoveState: AUX_DECIDE (5) -> TO_MOVE (10)
2026-05-15 11:32:25 CartMoveState: TO_MOVE (10) -> TO_CART (11)
2026-05-15 11:32:27 CartMoveState: TO_CART (11) -> HOME_MOVE (12)
2026-05-15 11:32:28 CartMoveState: HOME_MOVE (12) -> HALT (13)
2026-05-15 11:32:28 CartMoveState: HALT (13) -> IDLE (1)
2026-05-15 11:32:28 Handler State: EXCHANGE_THREE (11) -> POST_PROCESS (12)
2026-05-15 11:32:28 Handler State: POST_PROCESS (12) -> MOVE_ARM_HOME (14)
2026-05-15 11:32:30 Handler State: MOVE_ARM_HOME (14) -> HANDLER_IDLE (1)
2026-05-15 11:35:07 Handler State: HANDLER_IDLE (1) -> HANDLER_START (2)
2026-05-15 11:35:08 Handler State: HANDLER_START (2) -> DECIDE_CART (3)
2026-05-15 11:35:08 Selection: IFS has correct material and its cartridge has correct material.
2026-05-15 11:35:08 Selected Primary Cartridge: 6
2026-05-15 11:35:08 Selected Primary Station: 104
2026-05-15 11:35:08 Selected Secondary Cartridge: 0
2026-05-15 11:35:08 Selected Secondary Station: 0
2026-05-15 11:35:08 Selected Filling Volume: 317
2026-05-15 11:35:08 Handler State: DECIDE_CART (3) -> CHECK_SEC_CART (26)
2026-05-15 11:35:08 Handler State: CHECK_SEC_CART (26) -> PROBE_CART (24)
2026-05-15 11:35:08 CartMove: Exchange 1, from 104
2026-05-15 11:35:08 CartMoveState: IDLE (1) -> FROM_MOVE (3)
2026-05-15 11:35:09 CartMoveState: FROM_MOVE (3) -> FROM_PROBE (19)
2026-05-15 11:35:11 Handler State: PROBE_CART (24) -> PROCESS_CART (6)
2026-05-15 11:35:42 Setting CBS color valve (FillGate): 1
2026-05-15 11:35:43 Primed volume (FillGate): 1.17834
2026-05-15 11:35:43 Re-Calculated Filling Volume: 317
2026-05-15 11:35:43 Setting CBS color valve (FillCart): 1
2026-05-15 11:36:04 Handler State: PROCESS_CART (6) -> EXCHANGE_ONE (7)
2026-05-15 11:36:04 CartMove: Exchange 1, from 104
2026-05-15 11:36:04 CartMoveState: FROM_PROBE (19) -> FROM_CART (4)
2026-05-15 11:36:09 Setting CBS color valve (Finished): 0
2026-05-15 11:36:11 CartMoveState: FROM_CART (4) -> TO_MOVE (10)
2026-05-15 11:36:13 CartMoveState: TO_MOVE (10) -> EXCH_1_WAIT (14)
2026-05-15 11:36:13 Handler State: EXCHANGE_ONE (7) -> START_DCU (8)
2026-05-15 11:36:29 Handler State: START_DCU (8) -> EXCHANGE_TWO (9)
2026-05-15 11:36:29 CartMove: Exchange 2
2026-05-15 11:36:40 CartMoveState: EXCH_1_WAIT (14) -> EXCH_1_CART (15)
2026-05-15 11:36:43 CartMoveState: EXCH_1_CART (15) -> EXCH_2_MOVE (16)
2026-05-15 11:36:43 CartMoveState: EXCH_2_MOVE (16) -> EXCH_2_CART (17)
2026-05-15 11:36:45 CartMoveState: EXCH_2_CART (17) -> STORE_DECIDE (18)
2026-05-15 11:36:45 Used volume for last job: 287.013
2026-05-15 11:36:45 Handler State: EXCHANGE_TWO (9) -> WAIT_FOR_DCU (10)
2026-05-15 11:36:47 Handler State: WAIT_FOR_DCU (10) -> EXCHANGE_THREE (11)
2026-05-15 11:36:47 CartMove: Exchange 3
2026-05-15 11:36:47 CartMoveState: STORE_DECIDE (18) -> AUX_DECIDE (5)
2026-05-15 11:36:47 CartMoveState: AUX_DECIDE (5) -> TO_MOVE (10)
2026-05-15 11:36:49 CartMoveState: TO_MOVE (10) -> TO_CART (11)
2026-05-15 11:36:51 CartMoveState: TO_CART (11) -> HOME_MOVE (12)
2026-05-15 11:36:52 CartMoveState: HOME_MOVE (12) -> HALT (13)
2026-05-15 11:36:52 CartMoveState: HALT (13) -> IDLE (1)
2026-05-15 11:36:52 Handler State: EXCHANGE_THREE (11) -> POST_PROCESS (12)
2026-05-15 11:36:52 Handler State: POST_PROCESS (12) -> MOVE_ARM_HOME (14)
2026-05-15 11:36:52 Handler State: MOVE_ARM_HOME (14) -> HANDLER_IDLE (1)
2026-05-15 11:41:16 Handler State: HANDLER_IDLE (1) -> SEMI_START (15)
2026-05-15 11:41:16 Handler State: SEMI_START (15) -> SEMI_PROBE_CART (25)
2026-05-15 11:41:19 Handler State: SEMI_PROBE_CART (25) -> SEMI_PROCESS (16)
2026-05-15 11:41:55 Re-Calculated Filling Volume: 0
2026-05-15 11:42:02 Setting CBS color valve (Finished): 0
2026-05-15 11:42:02 Handler State: SEMI_PROCESS (16) -> SEMI_WHAT_NEXT (21)
2026-05-15 11:42:02 Handler State: SEMI_WHAT_NEXT (21) -> SEMI_FINISHED (23)
2026-05-15 11:42:03 Handler State: SEMI_FINISHED (23) -> HANDLER_IDLE (1)
2026-05-15 11:55:36 Handler State: HANDLER_IDLE (1) -> HANDLER_START (2)
2026-05-15 11:55:37 Handler State: HANDLER_START (2) -> DECIDE_CART (3)
2026-05-15 11:55:37 Selection: IFS is clean and its cartridge is cleaned.
2026-05-15 11:55:37 Selected Primary Cartridge: 4
2026-05-15 11:55:37 Selected Primary Station: 102
2026-05-15 11:55:37 Selected Secondary Cartridge: 0
2026-05-15 11:55:37 Selected Secondary Station: 0
2026-05-15 11:55:37 Selected Filling Volume: 640
2026-05-15 11:55:37 Handler State: DECIDE_CART (3) -> CHECK_SEC_CART (26)
2026-05-15 11:55:37 Handler State: CHECK_SEC_CART (26) -> PROBE_CART (24)
2026-05-15 11:55:37 CartMove: Exchange 1, from 102
2026-05-15 11:55:37 CartMoveState: IDLE (1) -> FROM_MOVE (3)
2026-05-15 11:55:37 CartMoveState: FROM_MOVE (3) -> FROM_PROBE (19)
2026-05-15 11:55:39 Handler State: PROBE_CART (24) -> PROCESS_CART (6)
2026-05-15 11:55:39 Setting CBS color valve (FillIFS): 1
2026-05-15 11:55:41 Primed volume (FillIFS): 2.30992
2026-05-15 11:55:41 Re-Calculated Filling Volume: 640
2026-05-15 11:55:41 Setting CBS color valve (FillCart): 1
2026-05-15 11:56:10 Handler State: PROCESS_CART (6) -> EXCHANGE_ONE (7)
2026-05-15 11:56:10 CartMove: Exchange 1, from 102
2026-05-15 11:56:10 CartMoveState: FROM_PROBE (19) -> FROM_CART (4)
2026-05-15 11:56:16 Setting CBS color valve (Finished): 0
2026-05-15 11:56:19 CartMoveState: FROM_CART (4) -> TO_MOVE (10)
2026-05-15 11:56:20 CartMoveState: TO_MOVE (10) -> EXCH_1_WAIT (14)
2026-05-15 11:56:20 Handler State: EXCHANGE_ONE (7) -> START_DCU (8)
2026-05-15 11:56:20 Handler State: START_DCU (8) -> EXCHANGE_TWO (9)
2026-05-15 11:56:20 CartMove: Exchange 2
2026-05-15 11:56:20 CartMoveState: EXCH_1_WAIT (14) -> EXCH_1_CART (15)
2026-05-15 11:56:23 CartMoveState: EXCH_1_CART (15) -> EXCH_2_MOVE (16)
2026-05-15 11:56:23 CartMoveState: EXCH_2_MOVE (16) -> EXCH_2_CART (17)
2026-05-15 11:56:25 CartMoveState: EXCH_2_CART (17) -> STORE_DECIDE (18)
2026-05-15 11:56:25 Used volume for last job: 264.743
2026-05-15 11:56:25 Handler State: EXCHANGE_TWO (9) -> WAIT_FOR_DCU (10)
2026-05-15 11:56:27 Handler State: WAIT_FOR_DCU (10) -> EXCHANGE_THREE (11)
2026-05-15 11:56:27 CartMove: Exchange 3
2026-05-15 11:56:27 CartMoveState: STORE_DECIDE (18) -> AUX_DECIDE (5)
2026-05-15 11:56:27 CartMoveState: AUX_DECIDE (5) -> TO_MOVE (10)
2026-05-15 11:56:28 CartMoveState: TO_MOVE (10) -> TO_CART (11)
2026-05-15 11:56:30 CartMoveState: TO_CART (11) -> HOME_MOVE (12)
2026-05-15 11:56:31 CartMoveState: HOME_MOVE (12) -> HALT (13)
2026-05-15 11:56:31 CartMoveState: HALT (13) -> IDLE (1)
2026-05-15 11:56:31 Handler State: EXCHANGE_THREE (11) -> POST_PROCESS (12)
2026-05-15 11:56:31 Handler State: POST_PROCESS (12) -> MOVE_ARM_HOME (14)
2026-05-15 11:56:33 Handler State: MOVE_ARM_HOME (14) -> HANDLER_IDLE (1)
2026-05-15 11:56:44 Handler State: HANDLER_IDLE (1) -> HANDLER_START (2)
2026-05-15 11:56:45 Handler State: HANDLER_START (2) -> DECIDE_CART (3)
2026-05-15 11:56:45 Selection: IFS has correct material and its cartridge has correct material.
2026-05-15 11:56:45 Selected Primary Cartridge: 6
2026-05-15 11:56:45 Selected Primary Station: 104
2026-05-15 11:56:45 Selected Secondary Cartridge: 0
2026-05-15 11:56:45 Selected Secondary Station: 0
2026-05-15 11:56:45 Selected Filling Volume: 512
2026-05-15 11:56:45 Handler State: DECIDE_CART (3) -> CHECK_SEC_CART (26)
2026-05-15 11:56:45 Handler State: CHECK_SEC_CART (26) -> PROBE_CART (24)
2026-05-15 11:56:45 CartMove: Exchange 1, from 104
2026-05-15 11:56:45 CartMoveState: IDLE (1) -> FROM_MOVE (3)
2026-05-15 11:56:46 CartMoveState: FROM_MOVE (3) -> FROM_PROBE (19)
2026-05-15 11:56:48 Handler State: PROBE_CART (24) -> PROCESS_CART (6)
2026-05-15 11:57:19 Setting CBS color valve (FillGate): 1
2026-05-15 11:57:20 Primed volume (FillGate): 2.28531
2026-05-15 11:57:20 Re-Calculated Filling Volume: 512
2026-05-15 11:57:20 Setting CBS color valve (FillCart): 1
2026-05-15 11:57:47 Handler State: PROCESS_CART (6) -> EXCHANGE_ONE (7)
2026-05-15 11:57:47 CartMove: Exchange 1, from 104
2026-05-15 11:57:47 CartMoveState: FROM_PROBE (19) -> FROM_CART (4)
2026-05-15 11:57:52 Setting CBS color valve (Finished): 0
2026-05-15 11:57:54 CartMoveState: FROM_CART (4) -> TO_MOVE (10)
2026-05-15 11:57:56 CartMoveState: TO_MOVE (10) -> EXCH_1_WAIT (14)
2026-05-15 11:57:56 Handler State: EXCHANGE_ONE (7) -> START_DCU (8)
2026-05-15 11:58:15 Handler State: START_DCU (8) -> EXCHANGE_TWO (9)
2026-05-15 11:58:15 CartMove: Exchange 2
2026-05-15 11:58:26 CartMoveState: EXCH_1_WAIT (14) -> EXCH_1_CART (15)
2026-05-15 11:58:29 CartMoveState: EXCH_1_CART (15) -> EXCH_2_MOVE (16)
2026-05-15 11:58:30 CartMoveState: EXCH_2_MOVE (16) -> EXCH_2_CART (17)
2026-05-15 11:58:32 CartMoveState: EXCH_2_CART (17) -> STORE_DECIDE (18)
2026-05-15 11:58:32 Used volume for last job: 118.907
2026-05-15 11:58:32 Handler State: EXCHANGE_TWO (9) -> WAIT_FOR_DCU (10)
2026-05-15 11:58:34 Handler State: WAIT_FOR_DCU (10) -> EXCHANGE_THREE (11)
2026-05-15 11:58:34 CartMove: Exchange 3
2026-05-15 11:58:34 CartMoveState: STORE_DECIDE (18) -> AUX_DECIDE (5)
2026-05-15 11:58:34 CartMoveState: AUX_DECIDE (5) -> TO_MOVE (10)
2026-05-15 11:58:34 CartMoveState: TO_MOVE (10) -> TO_CART (11)
2026-05-15 11:58:36 CartMoveState: TO_CART (11) -> HOME_MOVE (12)
2026-05-15 11:58:36 CartMoveState: HOME_MOVE (12) -> HALT (13)
2026-05-15 11:58:36 CartMoveState: HALT (13) -> IDLE (1)
2026-05-15 11:58:36 Handler State: EXCHANGE_THREE (11) -> POST_PROCESS (12)
2026-05-15 11:58:36 Handler State: POST_PROCESS (12) -> MOVE_ARM_HOME (14)
2026-05-15 11:58:36 Handler State: MOVE_ARM_HOME (14) -> HANDLER_IDLE (1)
2026-05-15 12:03:39 Handler State: HANDLER_IDLE (1) -> SEMI_START (15)
2026-05-15 12:03:39 Handler State: SEMI_START (15) -> SEMI_PROBE_CART (25)
2026-05-15 12:03:42 Handler State: SEMI_PROBE_CART (25) -> SEMI_PROCESS (16)
2026-05-15 12:05:22 Re-Calculated Filling Volume: 0
2026-05-15 12:05:29 Setting CBS color valve (Finished): 0
2026-05-15 12:05:29 Handler State: SEMI_PROCESS (16) -> SEMI_WHAT_NEXT (21)
2026-05-15 12:05:29 Handler State: SEMI_WHAT_NEXT (21) -> SEMI_FINISHED (23)
2026-05-15 12:05:30 Handler State: SEMI_FINISHED (23) -> HANDLER_IDLE (1)
2026-05-15 12:09:56 Handler State: HANDLER_IDLE (1) -> HANDLER_START (2)
2026-05-15 12:09:57 Handler State: HANDLER_START (2) -> DECIDE_CART (3)
2026-05-15 12:09:57 Selection: IFS is clean and its cartridge is cleaned.
2026-05-15 12:09:57 Selected Primary Cartridge: 4
2026-05-15 12:09:57 Selected Primary Station: 102
2026-05-15 12:09:57 Selected Secondary Cartridge: 0
2026-05-15 12:09:57 Selected Secondary Station: 0
2026-05-15 12:09:57 Selected Filling Volume: 640
2026-05-15 12:09:57 Handler State: DECIDE_CART (3) -> CHECK_SEC_CART (26)
2026-05-15 12:09:57 Handler State: CHECK_SEC_CART (26) -> PROBE_CART (24)
2026-05-15 12:09:57 CartMove: Exchange 1, from 102
2026-05-15 12:09:57 CartMoveState: IDLE (1) -> FROM_MOVE (3)
2026-05-15 12:09:58 CartMoveState: FROM_MOVE (3) -> FROM_PROBE (19)
2026-05-15 12:09:59 Handler State: PROBE_CART (24) -> PROCESS_CART (6)
2026-05-15 12:09:59 Setting CBS color valve (FillIFS): 1
2026-05-15 12:10:01 Primed volume (FillIFS): 1.87987
2026-05-15 12:10:01 Re-Calculated Filling Volume: 640
2026-05-15 12:10:01 Setting CBS color valve (FillCart): 1
2026-05-15 12:10:26 Handler State: PROCESS_CART (6) -> EXCHANGE_ONE (7)
2026-05-15 12:10:26 CartMove: Exchange 1, from 102
2026-05-15 12:10:26 CartMoveState: FROM_PROBE (19) -> FROM_CART (4)
2026-05-15 12:10:32 Setting CBS color valve (Finished): 0
2026-05-15 12:10:34 CartMoveState: FROM_CART (4) -> TO_MOVE (10)
2026-05-15 12:10:35 CartMoveState: TO_MOVE (10) -> EXCH_1_WAIT (14)
2026-05-15 12:10:35 Handler State: EXCHANGE_ONE (7) -> START_DCU (8)
2026-05-15 12:10:36 Handler State: START_DCU (8) -> EXCHANGE_TWO (9)
2026-05-15 12:10:36 CartMove: Exchange 2
2026-05-15 12:10:36 CartMoveState: EXCH_1_WAIT (14) -> EXCH_1_CART (15)
2026-05-15 12:10:38 CartMoveState: EXCH_1_CART (15) -> EXCH_2_MOVE (16)
2026-05-15 12:10:39 CartMoveState: EXCH_2_MOVE (16) -> EXCH_2_CART (17)
2026-05-15 12:10:41 CartMoveState: EXCH_2_CART (17) -> STORE_DECIDE (18)
2026-05-15 12:10:41 Used volume for last job: 460.339
2026-05-15 12:10:41 Handler State: EXCHANGE_TWO (9) -> WAIT_FOR_DCU (10)
2026-05-15 12:10:43 Handler State: WAIT_FOR_DCU (10) -> EXCHANGE_THREE (11)
2026-05-15 12:10:43 CartMove: Exchange 3
2026-05-15 12:10:43 CartMoveState: STORE_DECIDE (18) -> AUX_DECIDE (5)
2026-05-15 12:10:43 CartMoveState: AUX_DECIDE (5) -> TO_MOVE (10)
2026-05-15 12:10:43 CartMoveState: TO_MOVE (10) -> TO_CART (11)
2026-05-15 12:10:46 CartMoveState: TO_CART (11) -> HOME_MOVE (12)
2026-05-15 12:10:47 CartMoveState: HOME_MOVE (12) -> HALT (13)
2026-05-15 12:10:47 CartMoveState: HALT (13) -> IDLE (1)
2026-05-15 12:10:47 Handler State: EXCHANGE_THREE (11) -> POST_PROCESS (12)
2026-05-15 12:10:47 Handler State: POST_PROCESS (12) -> MOVE_ARM_HOME (14)
2026-05-15 12:10:49 Handler State: MOVE_ARM_HOME (14) -> HANDLER_IDLE (1)
2026-05-15 12:28:38 Handler State: HANDLER_IDLE (1) -> SEMI_START (15)
2026-05-15 12:28:38 Handler State: SEMI_START (15) -> SEMI_PROBE_CART (25)
2026-05-15 12:28:41 Handler State: SEMI_PROBE_CART (25) -> SEMI_PROCESS (16)
2026-05-15 12:29:14 Re-Calculated Filling Volume: 0
2026-05-15 12:29:19 Setting CBS color valve (Finished): 0
2026-05-15 12:29:19 Handler State: SEMI_PROCESS (16) -> SEMI_WHAT_NEXT (21)
2026-05-15 12:29:19 Handler State: SEMI_WHAT_NEXT (21) -> SEMI_FINISHED (23)
2026-05-15 12:29:20 Handler State: SEMI_FINISHED (23) -> HANDLER_IDLE (1)
2026-05-15 12:37:06 Handler State: HANDLER_IDLE (1) -> HANDLER_START (2)
2026-05-15 12:37:07 Handler State: HANDLER_START (2) -> DECIDE_CART (3)
2026-05-15 12:37:07 Selection: IFS is clean and its cartridge is cleaned.
2026-05-15 12:37:07 Selected Primary Cartridge: 6
2026-05-15 12:37:07 Selected Primary Station: 104
2026-05-15 12:37:07 Selected Secondary Cartridge: 0
2026-05-15 12:37:07 Selected Secondary Station: 0
2026-05-15 12:37:07 Selected Filling Volume: 513
2026-05-15 12:37:07 Handler State: DECIDE_CART (3) -> CHECK_SEC_CART (26)
2026-05-15 12:37:07 Handler State: CHECK_SEC_CART (26) -> PROBE_CART (24)
2026-05-15 12:37:07 CartMove: Exchange 1, from 104
2026-05-15 12:37:07 CartMoveState: IDLE (1) -> FROM_MOVE (3)
2026-05-15 12:37:07 CartMoveState: FROM_MOVE (3) -> FROM_PROBE (19)
2026-05-15 12:37:09 Handler State: PROBE_CART (24) -> PROCESS_CART (6)
2026-05-15 12:37:09 Setting CBS color valve (FillIFS): 1
2026-05-15 12:37:11 Primed volume (FillIFS): 2.30049
2026-05-15 12:37:11 Re-Calculated Filling Volume: 513
2026-05-15 12:37:11 Setting CBS color valve (FillCart): 1
2026-05-15 12:37:37 Handler State: PROCESS_CART (6) -> EXCHANGE_ONE (7)
2026-05-15 12:37:37 CartMove: Exchange 1, from 104
2026-05-15 12:37:37 CartMoveState: FROM_PROBE (19) -> FROM_CART (4)
2026-05-15 12:37:42 Setting CBS color valve (Finished): 0
2026-05-15 12:37:45 CartMoveState: FROM_CART (4) -> TO_MOVE (10)
2026-05-15 12:37:46 CartMoveState: TO_MOVE (10) -> EXCH_1_WAIT (14)
2026-05-15 12:37:46 Handler State: EXCHANGE_ONE (7) -> START_DCU (8)
2026-05-15 12:37:46 Handler State: START_DCU (8) -> EXCHANGE_TWO (9)
2026-05-15 12:37:46 CartMove: Exchange 2
2026-05-15 12:37:46 CartMoveState: EXCH_1_WAIT (14) -> EXCH_1_CART (15)
2026-05-15 12:37:49 CartMoveState: EXCH_1_CART (15) -> EXCH_2_MOVE (16)
2026-05-15 12:37:50 CartMoveState: EXCH_2_MOVE (16) -> EXCH_2_CART (17)
2026-05-15 12:37:52 CartMoveState: EXCH_2_CART (17) -> STORE_DECIDE (18)
2026-05-15 12:37:52 Used volume for last job: 319.494
2026-05-15 12:37:52 Handler State: EXCHANGE_TWO (9) -> WAIT_FOR_DCU (10)
2026-05-15 12:37:53 Handler State: WAIT_FOR_DCU (10) -> EXCHANGE_THREE (11)
2026-05-15 12:37:53 CartMove: Exchange 3
2026-05-15 12:37:53 CartMoveState: STORE_DECIDE (18) -> AUX_DECIDE (5)
2026-05-15 12:37:53 CartMoveState: AUX_DECIDE (5) -> TO_MOVE (10)
2026-05-15 12:37:53 CartMoveState: TO_MOVE (10) -> TO_CART (11)
2026-05-15 12:37:56 CartMoveState: TO_CART (11) -> HOME_MOVE (12)
2026-05-15 12:37:56 CartMoveState: HOME_MOVE (12) -> HALT (13)
2026-05-15 12:37:56 CartMoveState: HALT (13) -> IDLE (1)
2026-05-15 12:37:56 Handler State: EXCHANGE_THREE (11) -> POST_PROCESS (12)
2026-05-15 12:37:56 Handler State: POST_PROCESS (12) -> MOVE_ARM_HOME (14)
2026-05-15 12:37:57 Handler State: MOVE_ARM_HOME (14) -> HANDLER_IDLE (1)
2026-05-15 12:42:25 Handler State: HANDLER_IDLE (1) -> SEMI_START (15)
2026-05-15 12:42:25 Handler State: SEMI_START (15) -> SEMI_TO_IFS (18)
2026-05-15 12:42:25 CartMove: Move, from 107 to 104
2026-05-15 12:42:25 CartMoveState: IDLE (1) -> FROM_MOVE (3)
2026-05-15 12:42:27 CartMoveState: FROM_MOVE (3) -> FROM_CART (4)
2026-05-15 12:42:29 CartMoveState: FROM_CART (4) -> AUX_DECIDE (5)
2026-05-15 12:42:29 CartMoveState: AUX_DECIDE (5) -> TO_MOVE (10)
2026-05-15 12:42:31 CartMoveState: TO_MOVE (10) -> TO_CART (11)
2026-05-15 12:42:33 CartMoveState: TO_CART (11) -> HOME_MOVE (12)
2026-05-15 12:42:34 CartMoveState: HOME_MOVE (12) -> HALT (13)
2026-05-15 12:42:34 CartMoveState: HALT (13) -> IDLE (1)
2026-05-15 12:42:34 Handler State: SEMI_TO_IFS (18) -> SEMI_PROBE_CART (25)
2026-05-15 12:42:37 Handler State: SEMI_PROBE_CART (25) -> SEMI_PROCESS (16)
2026-05-15 12:43:09 Re-Calculated Filling Volume: 0
2026-05-15 12:43:15 Setting CBS color valve (Finished): 0
2026-05-15 12:43:15 Handler State: SEMI_PROCESS (16) -> SEMI_FROM_IFS (20)
2026-05-15 12:43:15 CartMove: Move, from 104 to 107
2026-05-15 12:43:15 CartMoveState: IDLE (1) -> FROM_MOVE (3)
2026-05-15 12:43:15 CartMoveState: FROM_MOVE (3) -> FROM_CART (4)
2026-05-15 12:43:18 CartMoveState: FROM_CART (4) -> AUX_DECIDE (5)
2026-05-15 12:43:18 CartMoveState: AUX_DECIDE (5) -> TO_MOVE (10)
2026-05-15 12:43:19 CartMoveState: TO_MOVE (10) -> TO_CART (11)
2026-05-15 12:43:21 CartMoveState: TO_CART (11) -> HOME_MOVE (12)
2026-05-15 12:43:23 CartMoveState: HOME_MOVE (12) -> HALT (13)
2026-05-15 12:43:23 CartMoveState: HALT (13) -> IDLE (1)
2026-05-15 12:43:23 Handler State: SEMI_FROM_IFS (20) -> SEMI_WHAT_NEXT (21)
2026-05-15 12:43:23 Handler State: SEMI_WHAT_NEXT (21) -> SEMI_FINISHED (23)
2026-05-15 12:43:23 Handler State: SEMI_FINISHED (23) -> HANDLER_IDLE (1)
2026-05-15 12:44:22 Handler State: HANDLER_IDLE (1) -> HANDLER_START (2)
2026-05-15 12:44:22 Handler State: HANDLER_START (2) -> DECIDE_CART (3)
2026-05-15 12:44:22 Selection: IFS is clean.
2026-05-15 12:44:22 Selection: Cartridge is clean.
2026-05-15 12:44:22 Selected Primary Cartridge: 3
2026-05-15 12:44:22 Selected Primary Station: 104
2026-05-15 12:44:22 Selected Secondary Cartridge: 0
2026-05-15 12:44:22 Selected Secondary Station: 0
2026-05-15 12:44:22 Selected Filling Volume: 317
2026-05-15 12:44:22 Handler State: DECIDE_CART (3) -> PLACE_CART (5)
2026-05-15 12:44:22 CartMove: Move, from 107 to 104
2026-05-15 12:44:22 CartMoveState: IDLE (1) -> FROM_MOVE (3)
2026-05-15 12:44:24 CartMoveState: FROM_MOVE (3) -> FROM_CART (4)
2026-05-15 12:44:27 CartMoveState: FROM_CART (4) -> AUX_DECIDE (5)
2026-05-15 12:44:27 CartMoveState: AUX_DECIDE (5) -> TO_MOVE (10)
2026-05-15 12:44:28 CartMoveState: TO_MOVE (10) -> TO_CART (11)
2026-05-15 12:44:30 CartMoveState: TO_CART (11) -> HOME_MOVE (12)
2026-05-15 12:44:31 CartMoveState: HOME_MOVE (12) -> HALT (13)
2026-05-15 12:44:31 CartMoveState: HALT (13) -> IDLE (1)
2026-05-15 12:44:31 Handler State: PLACE_CART (5) -> CHECK_SEC_CART (26)
2026-05-15 12:44:31 Handler State: CHECK_SEC_CART (26) -> PROBE_CART (24)
2026-05-15 12:44:31 CartMove: Exchange 1, from 104
2026-05-15 12:44:31 CartMoveState: IDLE (1) -> FROM_MOVE (3)
2026-05-15 12:44:32 CartMoveState: FROM_MOVE (3) -> FROM_PROBE (19)
2026-05-15 12:44:33 Handler State: PROBE_CART (24) -> PROCESS_CART (6)
2026-05-15 12:44:33 Setting CBS color valve (FillIFS): 2
2026-05-15 12:44:35 Primed volume (FillIFS): 2.05057
2026-05-15 12:44:35 Re-Calculated Filling Volume: 317
2026-05-15 12:44:35 Setting CBS color valve (FillCart): 2
2026-05-15 12:44:55 Handler State: PROCESS_CART (6) -> EXCHANGE_ONE (7)
2026-05-15 12:44:55 CartMove: Exchange 1, from 104
2026-05-15 12:44:55 CartMoveState: FROM_PROBE (19) -> FROM_CART (4)
2026-05-15 12:45:01 Setting CBS color valve (Finished): 0
2026-05-15 12:45:02 CartMoveState: FROM_CART (4) -> TO_MOVE (10)
2026-05-15 12:45:04 CartMoveState: TO_MOVE (10) -> EXCH_1_WAIT (14)
2026-05-15 12:45:04 Handler State: EXCHANGE_ONE (7) -> START_DCU (8)
2026-05-15 12:45:04 Handler State: START_DCU (8) -> EXCHANGE_TWO (9)
2026-05-15 12:45:04 CartMove: Exchange 2
2026-05-15 12:45:04 CartMoveState: EXCH_1_WAIT (14) -> EXCH_1_CART (15)
2026-05-15 12:45:07 CartMoveState: EXCH_1_CART (15) -> EXCH_2_MOVE (16)
2026-05-15 12:45:07 CartMoveState: EXCH_2_MOVE (16) -> EXCH_2_CART (17)
2026-05-15 12:45:09 CartMoveState: EXCH_2_CART (17) -> STORE_DECIDE (18)
2026-05-15 12:45:09 Used volume for last job: 460.266
2026-05-15 12:45:09 Handler State: EXCHANGE_TWO (9) -> WAIT_FOR_DCU (10)
2026-05-15 12:45:11 Handler State: WAIT_FOR_DCU (10) -> EXCHANGE_THREE (11)
2026-05-15 12:45:11 CartMove: Exchange 3
2026-05-15 12:45:11 CartMoveState: STORE_DECIDE (18) -> AUX_DECIDE (5)
2026-05-15 12:45:11 CartMoveState: AUX_DECIDE (5) -> TO_MOVE (10)
2026-05-15 12:45:12 CartMoveState: TO_MOVE (10) -> TO_CART (11)
2026-05-15 12:45:14 CartMoveState: TO_CART (11) -> HOME_MOVE (12)
2026-05-15 12:45:15 CartMoveState: HOME_MOVE (12) -> HALT (13)
2026-05-15 12:45:15 CartMoveState: HALT (13) -> IDLE (1)
2026-05-15 12:45:15 Handler State: EXCHANGE_THREE (11) -> POST_PROCESS (12)
2026-05-15 12:45:15 Handler State: POST_PROCESS (12) -> MOVE_ARM_HOME (14)
2026-05-15 12:45:15 Handler State: MOVE_ARM_HOME (14) -> HANDLER_IDLE (1)
2026-05-15 12:57:21 Handler State: HANDLER_IDLE (1) -> SEMI_START (15)
2026-05-15 12:57:21 Handler State: SEMI_START (15) -> SEMI_PROBE_CART (25)
2026-05-15 12:57:24 Handler State: SEMI_PROBE_CART (25) -> SEMI_PROCESS (16)
2026-05-15 12:57:56 Re-Calculated Filling Volume: 0
2026-05-15 12:58:02 Setting CBS color valve (Finished): 0
2026-05-15 12:58:02 Handler State: SEMI_PROCESS (16) -> SEMI_WHAT_NEXT (21)
2026-05-15 12:58:02 Handler State: SEMI_WHAT_NEXT (21) -> SEMI_FINISHED (23)
2026-05-15 12:58:03 Handler State: SEMI_FINISHED (23) -> HANDLER_IDLE (1)
2026-05-15 13:05:14 Handler State: HANDLER_IDLE (1) -> HANDLER_START (2)
2026-05-15 13:05:15 Handler State: HANDLER_START (2) -> DECIDE_CART (3)
2026-05-15 13:05:15 Selection: IFS is clean and its cartridge is cleaned.
2026-05-15 13:05:15 Selected Primary Cartridge: 6
2026-05-15 13:05:15 Selected Primary Station: 104
2026-05-15 13:05:15 Selected Secondary Cartridge: 0
2026-05-15 13:05:15 Selected Secondary Station: 0
2026-05-15 13:05:15 Selected Filling Volume: 513
2026-05-15 13:05:15 Handler State: DECIDE_CART (3) -> CHECK_SEC_CART (26)
2026-05-15 13:05:15 Handler State: CHECK_SEC_CART (26) -> PROBE_CART (24)
2026-05-15 13:05:15 CartMove: Exchange 1, from 104
2026-05-15 13:05:15 CartMoveState: IDLE (1) -> FROM_MOVE (3)
2026-05-15 13:05:16 CartMoveState: FROM_MOVE (3) -> FROM_PROBE (19)
2026-05-15 13:05:18 Handler State: PROBE_CART (24) -> PROCESS_CART (6)
2026-05-15 13:05:18 Setting CBS color valve (FillIFS): 1
2026-05-15 13:05:19 Primed volume (FillIFS): 0.372027
2026-05-15 13:05:19 Re-Calculated Filling Volume: 513
2026-05-15 13:05:19 Setting CBS color valve (FillCart): 1
2026-05-15 13:05:46 Handler State: PROCESS_CART (6) -> EXCHANGE_ONE (7)
2026-05-15 13:05:46 CartMove: Exchange 1, from 104
2026-05-15 13:05:46 CartMoveState: FROM_PROBE (19) -> FROM_CART (4)
2026-05-15 13:05:52 Setting CBS color valve (Finished): 0
2026-05-15 13:05:54 CartMoveState: FROM_CART (4) -> TO_MOVE (10)
2026-05-15 13:05:55 CartMoveState: TO_MOVE (10) -> EXCH_1_WAIT (14)
2026-05-15 13:05:55 Handler State: EXCHANGE_ONE (7) -> START_DCU (8)
2026-05-15 13:05:56 Handler State: START_DCU (8) -> EXCHANGE_TWO (9)
2026-05-15 13:05:56 CartMove: Exchange 2
2026-05-15 13:05:56 CartMoveState: EXCH_1_WAIT (14) -> EXCH_1_CART (15)
2026-05-15 13:05:58 CartMoveState: EXCH_1_CART (15) -> EXCH_2_MOVE (16)
2026-05-15 13:06:00 CartMoveState: EXCH_2_MOVE (16) -> EXCH_2_CART (17)
2026-05-15 13:06:02 CartMoveState: EXCH_2_CART (17) -> STORE_DECIDE (18)
2026-05-15 13:06:02 Used volume for last job: 265.466
2026-05-15 13:06:02 Handler State: EXCHANGE_TWO (9) -> WAIT_FOR_DCU (10)
2026-05-15 13:06:03 Handler State: WAIT_FOR_DCU (10) -> EXCHANGE_THREE (11)
2026-05-15 13:06:03 CartMove: Exchange 3
2026-05-15 13:06:03 CartMoveState: STORE_DECIDE (18) -> AUX_DECIDE (5)
2026-05-15 13:06:03 CartMoveState: AUX_DECIDE (5) -> TO_MOVE (10)
2026-05-15 13:06:04 CartMoveState: TO_MOVE (10) -> TO_CART (11)
2026-05-15 13:06:06 CartMoveState: TO_CART (11) -> HOME_MOVE (12)
2026-05-15 13:06:07 CartMoveState: HOME_MOVE (12) -> HALT (13)
2026-05-15 13:06:07 CartMoveState: HALT (13) -> IDLE (1)
2026-05-15 13:06:07 Handler State: EXCHANGE_THREE (11) -> POST_PROCESS (12)
2026-05-15 13:06:07 Handler State: POST_PROCESS (12) -> MOVE_ARM_HOME (14)
2026-05-15 13:06:07 Handler State: MOVE_ARM_HOME (14) -> HANDLER_IDLE (1)
2026-05-15 13:11:43 Handler State: HANDLER_IDLE (1) -> HANDLER_START (2)
2026-05-15 13:11:44 Handler State: HANDLER_START (2) -> EXCHANGE_ONE (7)
2026-05-15 13:11:44 CartMove: Exchange 1, from 0
2026-05-15 13:11:44 CartMoveState: IDLE (1) -> TO_MOVE (10)
2026-05-15 13:11:45 CartMoveState: TO_MOVE (10) -> EXCH_1_WAIT (14)
2026-05-15 13:11:45 Handler State: EXCHANGE_ONE (7) -> START_DCU (8)
2026-05-15 13:11:45 Handler State: START_DCU (8) -> EXCHANGE_TWO (9)
2026-05-15 13:11:45 CartMove: Exchange 2
2026-05-15 13:11:54 CartMoveState: EXCH_1_WAIT (14) -> EXCH_1_CART (15)
2026-05-15 13:11:56 CartMoveState: EXCH_1_CART (15) -> STORE_DECIDE (18)
2026-05-15 13:11:56 Used volume for last job: 460.288
2026-05-15 13:11:56 Handler State: EXCHANGE_TWO (9) -> WAIT_FOR_DCU (10)
2026-05-15 13:11:58 Handler State: WAIT_FOR_DCU (10) -> EXCHANGE_THREE (11)
2026-05-15 13:11:58 CartMove: Exchange 3
2026-05-15 13:11:58 CartMoveState: STORE_DECIDE (18) -> AUX_DECIDE (5)
2026-05-15 13:11:58 CartMoveState: AUX_DECIDE (5) -> TO_MOVE (10)
2026-05-15 13:12:00 CartMoveState: TO_MOVE (10) -> TO_CART (11)
2026-05-15 13:12:02 CartMoveState: TO_CART (11) -> HOME_MOVE (12)
2026-05-15 13:12:03 CartMoveState: HOME_MOVE (12) -> HALT (13)
2026-05-15 13:12:03 CartMoveState: HALT (13) -> IDLE (1)
2026-05-15 13:12:03 Handler State: EXCHANGE_THREE (11) -> POST_PROCESS (12)
2026-05-15 13:12:03 Handler State: POST_PROCESS (12) -> MOVE_ARM_HOME (14)
2026-05-15 13:12:04 Handler State: MOVE_ARM_HOME (14) -> HANDLER_IDLE (1)
2026-05-15 13:12:09 Handler State: HANDLER_IDLE (1) -> SEMI_START (15)
2026-05-15 13:12:09 Handler State: SEMI_START (15) -> SEMI_TO_STORE (17)
2026-05-15 13:12:09 CartMove: Move, from 102 to 108
2026-05-15 13:12:09 CartMoveState: IDLE (1) -> FROM_MOVE (3)
2026-05-15 13:12:09 CartMoveState: FROM_MOVE (3) -> FROM_CART (4)
2026-05-15 13:12:12 CartMoveState: FROM_CART (4) -> AUX_DECIDE (5)
2026-05-15 13:12:12 CartMoveState: AUX_DECIDE (5) -> TO_MOVE (10)
2026-05-15 13:12:14 CartMoveState: TO_MOVE (10) -> TO_CART (11)
2026-05-15 13:12:16 CartMoveState: TO_CART (11) -> HOME_MOVE (12)
2026-05-15 13:12:18 CartMoveState: HOME_MOVE (12) -> HALT (13)
2026-05-15 13:12:18 CartMoveState: HALT (13) -> IDLE (1)
2026-05-15 13:12:18 Handler State: SEMI_TO_STORE (17) -> SEMI_TO_IFS (18)
2026-05-15 13:12:18 CartMove: Move, from 105 to 102
2026-05-15 13:12:18 CartMoveState: IDLE (1) -> FROM_MOVE (3)
2026-05-15 13:12:19 CartMoveState: FROM_MOVE (3) -> FROM_CART (4)
2026-05-15 13:12:21 CartMoveState: FROM_CART (4) -> AUX_DECIDE (5)
2026-05-15 13:12:21 CartMoveState: AUX_DECIDE (5) -> TO_MOVE (10)
2026-05-15 13:12:23 CartMoveState: TO_MOVE (10) -> TO_CART (11)
2026-05-15 13:12:25 CartMoveState: TO_CART (11) -> HOME_MOVE (12)
2026-05-15 13:12:26 CartMoveState: HOME_MOVE (12) -> HALT (13)
2026-05-15 13:12:26 CartMoveState: HALT (13) -> IDLE (1)
2026-05-15 13:12:26 Handler State: SEMI_TO_IFS (18) -> SEMI_PROBE_CART (25)
2026-05-15 13:12:29 Handler State: SEMI_PROBE_CART (25) -> SEMI_PROCESS (16)
2026-05-15 13:13:05 Re-Calculated Filling Volume: 0
2026-05-15 13:13:11 Setting CBS color valve (Finished): 0
2026-05-15 13:13:11 Handler State: SEMI_PROCESS (16) -> SEMI_FROM_IFS (20)
2026-05-15 13:13:11 CartMove: Move, from 102 to 105
2026-05-15 13:13:11 CartMoveState: IDLE (1) -> FROM_MOVE (3)
2026-05-15 13:13:12 CartMoveState: FROM_MOVE (3) -> FROM_CART (4)
2026-05-15 13:13:15 CartMoveState: FROM_CART (4) -> AUX_DECIDE (5)
2026-05-15 13:13:15 CartMoveState: AUX_DECIDE (5) -> TO_MOVE (10)
2026-05-15 13:13:16 CartMoveState: TO_MOVE (10) -> TO_CART (11)
2026-05-15 13:13:18 CartMoveState: TO_CART (11) -> HOME_MOVE (12)
2026-05-15 13:13:19 CartMoveState: HOME_MOVE (12) -> HALT (13)
2026-05-15 13:13:19 CartMoveState: HALT (13) -> IDLE (1)
2026-05-15 13:13:19 Handler State: SEMI_FROM_IFS (20) -> SEMI_FROM_STORE (19)
2026-05-15 13:13:19 CartMove: Move, from 108 to 102
2026-05-15 13:13:19 CartMoveState: IDLE (1) -> FROM_MOVE (3)
2026-05-15 13:13:21 CartMoveState: FROM_MOVE (3) -> FROM_CART (4)
2026-05-15 13:13:23 CartMoveState: FROM_CART (4) -> AUX_DECIDE (5)
2026-05-15 13:13:23 CartMoveState: AUX_DECIDE (5) -> TO_MOVE (10)
2026-05-15 13:13:25 CartMoveState: TO_MOVE (10) -> TO_CART (11)
2026-05-15 13:13:27 CartMoveState: TO_CART (11) -> HOME_MOVE (12)
2026-05-15 13:13:28 CartMoveState: HOME_MOVE (12) -> HALT (13)
2026-05-15 13:13:28 CartMoveState: HALT (13) -> IDLE (1)
2026-05-15 13:13:28 Handler State: SEMI_FROM_STORE (19) -> SEMI_WHAT_NEXT (21)
2026-05-15 13:13:28 Handler State: SEMI_WHAT_NEXT (21) -> SEMI_START (15)
2026-05-15 13:13:28 Handler State: SEMI_START (15) -> SEMI_TO_STORE (17)
2026-05-15 13:13:28 CartMove: Move, from 103 to 108
2026-05-15 13:13:28 CartMoveState: IDLE (1) -> FROM_MOVE (3)
2026-05-15 13:13:28 CartMoveState: FROM_MOVE (3) -> FROM_CART (4)
2026-05-15 13:13:31 CartMoveState: FROM_CART (4) -> AUX_DECIDE (5)
2026-05-15 13:13:31 CartMoveState: AUX_DECIDE (5) -> TO_MOVE (10)
2026-05-15 13:13:33 CartMoveState: TO_MOVE (10) -> TO_CART (11)
2026-05-15 13:13:35 CartMoveState: TO_CART (11) -> HOME_MOVE (12)
2026-05-15 13:13:37 CartMoveState: HOME_MOVE (12) -> HALT (13)
2026-05-15 13:13:37 CartMoveState: HALT (13) -> IDLE (1)
2026-05-15 13:13:37 Handler State: SEMI_TO_STORE (17) -> SEMI_TO_IFS (18)
2026-05-15 13:13:37 CartMove: Move, from 106 to 103
2026-05-15 13:13:37 CartMoveState: IDLE (1) -> FROM_MOVE (3)
2026-05-15 13:13:38 CartMoveState: FROM_MOVE (3) -> FROM_CART (4)
2026-05-15 13:13:40 CartMoveState: FROM_CART (4) -> AUX_DECIDE (5)
2026-05-15 13:13:40 CartMoveState: AUX_DECIDE (5) -> TO_MOVE (10)
2026-05-15 13:13:42 CartMoveState: TO_MOVE (10) -> TO_CART (11)
2026-05-15 13:13:44 CartMoveState: TO_CART (11) -> HOME_MOVE (12)
2026-05-15 13:13:44 CartMoveState: HOME_MOVE (12) -> HALT (13)
2026-05-15 13:13:44 CartMoveState: HALT (13) -> IDLE (1)
2026-05-15 13:13:44 Handler State: SEMI_TO_IFS (18) -> SEMI_PROBE_CART (25)
2026-05-15 13:13:47 Handler State: SEMI_PROBE_CART (25) -> SEMI_PROCESS (16)
2026-05-15 13:15:00 Re-Calculated Filling Volume: 0
2026-05-15 13:15:06 Setting CBS color valve (Finished): 0
2026-05-15 13:15:06 Handler State: SEMI_PROCESS (16) -> SEMI_FROM_IFS (20)
2026-05-15 13:15:06 CartMove: Move, from 103 to 106
2026-05-15 13:15:06 CartMoveState: IDLE (1) -> FROM_MOVE (3)
2026-05-15 13:15:06 CartMoveState: FROM_MOVE (3) -> FROM_CART (4)
2026-05-15 13:15:09 CartMoveState: FROM_CART (4) -> AUX_DECIDE (5)
2026-05-15 13:15:09 CartMoveState: AUX_DECIDE (5) -> TO_MOVE (10)
2026-05-15 13:15:11 CartMoveState: TO_MOVE (10) -> TO_CART (11)
2026-05-15 13:15:13 CartMoveState: TO_CART (11) -> HOME_MOVE (12)
2026-05-15 13:15:14 CartMoveState: HOME_MOVE (12) -> HALT (13)
2026-05-15 13:15:14 CartMoveState: HALT (13) -> IDLE (1)
2026-05-15 13:15:14 Handler State: SEMI_FROM_IFS (20) -> SEMI_FROM_STORE (19)
2026-05-15 13:15:14 CartMove: Move, from 108 to 103
2026-05-15 13:15:14 CartMoveState: IDLE (1) -> FROM_MOVE (3)
2026-05-15 13:15:15 CartMoveState: FROM_MOVE (3) -> FROM_CART (4)
2026-05-15 13:15:18 CartMoveState: FROM_CART (4) -> AUX_DECIDE (5)
2026-05-15 13:15:18 CartMoveState: AUX_DECIDE (5) -> TO_MOVE (10)
2026-05-15 13:15:20 CartMoveState: TO_MOVE (10) -> TO_CART (11)
2026-05-15 13:15:22 CartMoveState: TO_CART (11) -> HOME_MOVE (12)
2026-05-15 13:15:22 CartMoveState: HOME_MOVE (12) -> HALT (13)
2026-05-15 13:15:22 CartMoveState: HALT (13) -> IDLE (1)
2026-05-15 13:15:22 Handler State: SEMI_FROM_STORE (19) -> SEMI_WHAT_NEXT (21)
2026-05-15 13:15:22 Handler State: SEMI_WHAT_NEXT (21) -> SEMI_START (15)
2026-05-15 13:15:22 Handler State: SEMI_START (15) -> SEMI_PROBE_CART (25)
2026-05-15 13:15:25 Handler State: SEMI_PROBE_CART (25) -> SEMI_PROCESS (16)
2026-05-15 13:15:58 Re-Calculated Filling Volume: 0
2026-05-15 13:16:03 Setting CBS color valve (Finished): 0
2026-05-15 13:16:03 Handler State: SEMI_PROCESS (16) -> SEMI_WHAT_NEXT (21)
2026-05-15 13:16:03 Handler State: SEMI_WHAT_NEXT (21) -> SEMI_START (15)
2026-05-15 13:16:03 Handler State: SEMI_START (15) -> SEMI_PROBE_CART (25)
2026-05-15 13:16:07 Handler State: SEMI_PROBE_CART (25) -> SEMI_PROCESS (16)
2026-05-15 13:17:17 Re-Calculated Filling Volume: 0
2026-05-15 13:17:24 Setting CBS color valve (Finished): 0
2026-05-15 13:17:24 Handler State: SEMI_PROCESS (16) -> SEMI_WHAT_NEXT (21)
2026-05-15 13:17:24 Handler State: SEMI_WHAT_NEXT (21) -> SEMI_START (15)
2026-05-15 13:17:24 Handler State: SEMI_START (15) -> SEMI_PROBE_CART (25)
2026-05-15 13:17:27 Handler State: SEMI_PROBE_CART (25) -> SEMI_PROCESS (16)
2026-05-15 13:17:59 Re-Calculated Filling Volume: 0
2026-05-15 13:18:04 Setting CBS color valve (Finished): 0
2026-05-15 13:18:04 Handler State: SEMI_PROCESS (16) -> SEMI_WHAT_NEXT (21)
2026-05-15 13:18:04 Handler State: SEMI_WHAT_NEXT (21) -> SEMI_START (15)
2026-05-15 13:18:04 Handler State: SEMI_START (15) -> SEMI_TO_STORE (17)
2026-05-15 13:18:04 CartMove: Move, from 104 to 108
2026-05-15 13:18:04 CartMoveState: IDLE (1) -> FROM_MOVE (3)
2026-05-15 13:18:05 CartMoveState: FROM_MOVE (3) -> FROM_CART (4)
2026-05-15 13:18:08 CartMoveState: FROM_CART (4) -> AUX_DECIDE (5)
2026-05-15 13:18:08 CartMoveState: AUX_DECIDE (5) -> TO_MOVE (10)
2026-05-15 13:18:09 CartMoveState: TO_MOVE (10) -> TO_CART (11)
2026-05-15 13:18:11 CartMoveState: TO_CART (11) -> HOME_MOVE (12)
2026-05-15 13:18:13 CartMoveState: HOME_MOVE (12) -> HALT (13)
2026-05-15 13:18:13 CartMoveState: HALT (13) -> IDLE (1)
2026-05-15 13:18:13 Handler State: SEMI_TO_STORE (17) -> SEMI_TO_IFS (18)
2026-05-15 13:18:13 CartMove: Move, from 107 to 104
2026-05-15 13:18:13 CartMoveState: IDLE (1) -> FROM_MOVE (3)
2026-05-15 13:18:14 CartMoveState: FROM_MOVE (3) -> FROM_CART (4)
2026-05-15 13:18:17 CartMoveState: FROM_CART (4) -> AUX_DECIDE (5)
2026-05-15 13:18:17 CartMoveState: AUX_DECIDE (5) -> TO_MOVE (10)
2026-05-15 13:18:18 CartMoveState: TO_MOVE (10) -> TO_CART (11)
2026-05-15 13:18:20 CartMoveState: TO_CART (11) -> HOME_MOVE (12)
2026-05-15 13:18:21 CartMoveState: HOME_MOVE (12) -> HALT (13)
2026-05-15 13:18:21 CartMoveState: HALT (13) -> IDLE (1)
2026-05-15 13:18:21 Handler State: SEMI_TO_IFS (18) -> SEMI_PROBE_CART (25)
2026-05-15 13:18:25 Handler State: SEMI_PROBE_CART (25) -> SEMI_PROCESS (16)
2026-05-15 13:18:56 Re-Calculated Filling Volume: 0
2026-05-15 13:19:02 Setting CBS color valve (Finished): 0
2026-05-15 13:19:02 Handler State: SEMI_PROCESS (16) -> SEMI_FROM_IFS (20)
2026-05-15 13:19:02 CartMove: Move, from 104 to 107
2026-05-15 13:19:02 CartMoveState: IDLE (1) -> FROM_MOVE (3)
2026-05-15 13:19:02 CartMoveState: FROM_MOVE (3) -> FROM_CART (4)
2026-05-15 13:19:05 CartMoveState: FROM_CART (4) -> AUX_DECIDE (5)
2026-05-15 13:19:05 CartMoveState: AUX_DECIDE (5) -> TO_MOVE (10)
2026-05-15 13:19:06 CartMoveState: TO_MOVE (10) -> TO_CART (11)
2026-05-15 13:19:08 CartMoveState: TO_CART (11) -> HOME_MOVE (12)
2026-05-17 10:13:05 Handler State: HANDLER_IDLE (1) -> HANDLER_IDLE (1)
2026-05-18 01:01:42 Handler State: HANDLER_IDLE (1) -> HANDLER_START (2)
2026-05-18 01:01:43 Handler State: HANDLER_START (2) -> DECIDE_CART (3)
2026-05-18 01:01:43 Selection: IFS is clean and its cartridge is cleaned.
2026-05-18 01:01:43 Selected Primary Cartridge: 4
2026-05-18 01:01:43 Selected Primary Station: 102
2026-05-18 01:01:43 Selected Secondary Cartridge: 0
2026-05-18 01:01:43 Selected Secondary Station: 0
2026-05-18 01:01:43 Selected Filling Volume: 650
2026-05-18 01:01:43 Handler State: DECIDE_CART (3) -> CHECK_SEC_CART (26)
2026-05-18 01:01:43 Handler State: CHECK_SEC_CART (26) -> PROBE_CART (24)
2026-05-18 01:01:43 CartMove: Exchange 1, from 102
2026-05-18 01:01:43 CartMoveState: IDLE (1) -> FROM_MOVE (3)
2026-05-18 01:01:43 CartMoveState: FROM_MOVE (3) -> FROM_PROBE (19)
2026-05-18 01:01:45 Handler State: PROBE_CART (24) -> PROCESS_CART (6)
2026-05-18 01:01:45 Setting CBS color valve (FillIFS): 1
2026-05-18 01:01:47 Primed volume (FillIFS): 0.0835163
2026-05-18 01:01:47 Re-Calculated Filling Volume: 650
2026-05-18 01:01:47 Setting CBS color valve (FillCart): 1
2026-05-18 01:02:12 Handler State: PROCESS_CART (6) -> EXCHANGE_ONE (7)
2026-05-18 01:02:12 CartMove: Exchange 1, from 102
2026-05-18 01:02:12 CartMoveState: FROM_PROBE (19) -> FROM_CART (4)
2026-05-18 01:02:19 Setting CBS color valve (Finished): 0
2026-05-18 01:02:21 CartMoveState: FROM_CART (4) -> TO_MOVE (10)
2026-05-18 01:02:22 CartMoveState: TO_MOVE (10) -> EXCH_1_WAIT (14)
2026-05-18 01:02:22 Handler State: EXCHANGE_ONE (7) -> START_DCU (8)
2026-05-18 01:02:23 Handler State: START_DCU (8) -> EXCHANGE_TWO (9)
2026-05-18 01:02:23 CartMove: Exchange 2
2026-05-18 01:02:23 CartMoveState: EXCH_1_WAIT (14) -> EXCH_1_CART (15)
2026-05-18 01:02:25 CartMoveState: EXCH_1_CART (15) -> EXCH_2_MOVE (16)
2026-05-18 01:02:26 CartMoveState: EXCH_2_MOVE (16) -> EXCH_2_CART (17)
2026-05-18 01:02:28 CartMoveState: EXCH_2_CART (17) -> HOME_MOVE (12)
2026-05-18 01:02:28 Handler State: EXCHANGE_TWO (9) -> WAIT_FOR_DCU (10)
2026-05-18 01:02:29 Handler State: WAIT_FOR_DCU (10) -> EXCHANGE_THREE (11)
2026-05-18 01:02:29 CartMove: Exchange 3
2026-05-18 01:02:29 CartMoveState: HOME_MOVE (12) -> HALT (13)
2026-05-18 01:02:29 CartMoveState: HALT (13) -> IDLE (1)
2026-05-18 01:02:29 Handler State: EXCHANGE_THREE (11) -> POST_PROCESS (12)
2026-05-18 01:02:29 Handler State: POST_PROCESS (12) -> MOVE_ARM_HOME (14)
2026-05-18 01:02:36 Handler State: MOVE_ARM_HOME (14) -> HANDLER_IDLE (1)
2026-05-18 03:52:49 Handler State: HANDLER_IDLE (1) -> HANDLER_START (2)
2026-05-18 03:52:50 Handler State: HANDLER_START (2) -> DECIDE_CART (3)
2026-05-18 03:52:50 Selection: IFS has correct material.
2026-05-18 03:52:50 Selection: Cartridge is clean.
2026-05-18 03:52:50 Selected Primary Cartridge: 1
2026-05-18 03:52:50 Selected Primary Station: 102
2026-05-18 03:52:50 Selected Secondary Cartridge: 0
2026-05-18 03:52:50 Selected Secondary Station: 0
2026-05-18 03:52:50 Selected Filling Volume: 650
2026-05-18 03:52:50 Handler State: DECIDE_CART (3) -> PLACE_CART (5)
2026-05-18 03:52:50 CartMove: Move, from 105 to 102
2026-05-18 03:52:50 CartMoveState: IDLE (1) -> FROM_MOVE (3)
2026-05-18 03:52:51 CartMoveState: FROM_MOVE (3) -> FROM_CART (4)
2026-05-18 03:52:54 CartMoveState: FROM_CART (4) -> AUX_DECIDE (5)
2026-05-18 03:52:54 CartMoveState: AUX_DECIDE (5) -> TO_MOVE (10)
2026-05-18 03:52:55 CartMoveState: TO_MOVE (10) -> TO_CART (11)
2026-05-18 03:52:58 CartMoveState: TO_CART (11) -> HOME_MOVE (12)
2026-05-18 03:52:58 CartMoveState: HOME_MOVE (12) -> HALT (13)
2026-05-18 03:52:58 CartMoveState: HALT (13) -> IDLE (1)
2026-05-18 03:52:58 Handler State: PLACE_CART (5) -> CHECK_SEC_CART (26)
2026-05-18 03:52:58 Handler State: CHECK_SEC_CART (26) -> PROBE_CART (24)
2026-05-18 03:52:58 CartMove: Exchange 1, from 102
2026-05-18 03:52:58 CartMoveState: IDLE (1) -> FROM_MOVE (3)
2026-05-18 03:52:59 CartMoveState: FROM_MOVE (3) -> FROM_PROBE (19)
2026-05-18 03:53:01 Handler State: PROBE_CART (24) -> PROCESS_CART (6)
2026-05-18 03:53:01 Setting CBS color valve (FillGate): 1
2026-05-18 03:53:02 Primed volume (FillGate): 1.41067
2026-05-18 03:53:02 Re-Calculated Filling Volume: 650
2026-05-18 03:53:02 Setting CBS color valve (FillCart): 1
2026-05-18 03:53:26 Handler State: PROCESS_CART (6) -> EXCHANGE_ONE (7)
2026-05-18 03:53:26 CartMove: Exchange 1, from 102
2026-05-18 03:53:26 CartMoveState: FROM_PROBE (19) -> FROM_CART (4)
2026-05-18 03:53:33 Setting CBS color valve (Finished): 0
2026-05-18 03:53:35 CartMoveState: FROM_CART (4) -> TO_MOVE (10)
2026-05-18 03:53:36 CartMoveState: TO_MOVE (10) -> EXCH_1_WAIT (14)
2026-05-18 03:53:36 Handler State: EXCHANGE_ONE (7) -> START_DCU (8)
2026-05-18 03:53:36 Handler State: START_DCU (8) -> EXCHANGE_TWO (9)
2026-05-18 03:53:36 CartMove: Exchange 2
2026-05-18 03:53:36 CartMoveState: EXCH_1_WAIT (14) -> EXCH_1_CART (15)
2026-05-18 03:53:39 CartMoveState: EXCH_1_CART (15) -> EXCH_2_MOVE (16)
2026-05-18 03:53:40 CartMoveState: EXCH_2_MOVE (16) -> EXCH_2_CART (17)
2026-05-18 03:53:42 CartMoveState: EXCH_2_CART (17) -> STORE_DECIDE (18)
2026-05-18 03:53:42 Used volume for last job: 0
2026-05-18 03:53:42 Handler State: EXCHANGE_TWO (9) -> WAIT_FOR_DCU (10)
2026-05-18 03:53:43 Handler State: WAIT_FOR_DCU (10) -> EXCHANGE_THREE (11)
2026-05-18 03:53:43 CartMove: Exchange 3
2026-05-18 03:53:43 CartMoveState: STORE_DECIDE (18) -> AUX_DECIDE (5)
2026-05-18 03:53:43 CartMoveState: AUX_DECIDE (5) -> TO_MOVE (10)
2026-05-18 03:53:43 CartMoveState: TO_MOVE (10) -> TO_CART (11)
2026-05-18 03:53:46 CartMoveState: TO_CART (11) -> HOME_MOVE (12)
2026-05-18 03:53:46 CartMoveState: HOME_MOVE (12) -> HALT (13)
2026-05-18 03:53:46 CartMoveState: HALT (13) -> IDLE (1)
2026-05-18 03:53:46 Handler State: EXCHANGE_THREE (11) -> POST_PROCESS (12)
2026-05-18 03:53:46 Handler State: POST_PROCESS (12) -> MOVE_ARM_HOME (14)
2026-05-18 03:53:50 Handler State: MOVE_ARM_HOME (14) -> HANDLER_IDLE (1)
2026-05-18 03:53:57 Handler State: HANDLER_IDLE (1) -> HANDLER_START (2)
2026-05-18 03:53:58 Handler State: HANDLER_START (2) -> DECIDE_CART (3)
2026-05-18 03:53:58 Selection: IFS has correct material and its cartridge has correct material.
2026-05-18 03:53:58 Selected Primary Cartridge: 4
2026-05-18 03:53:58 Selected Primary Station: 102
2026-05-18 03:53:58 Selected Secondary Cartridge: 0
2026-05-18 03:53:58 Selected Secondary Station: 0
2026-05-18 03:53:58 Selected Filling Volume: 650
2026-05-18 03:53:58 Handler State: DECIDE_CART (3) -> CHECK_SEC_CART (26)
2026-05-18 03:53:58 Handler State: CHECK_SEC_CART (26) -> PROBE_CART (24)
2026-05-18 03:53:58 CartMove: Exchange 1, from 102
2026-05-18 03:53:58 CartMoveState: IDLE (1) -> FROM_MOVE (3)
2026-05-18 03:53:59 CartMoveState: FROM_MOVE (3) -> FROM_PROBE (19)
2026-05-18 03:54:00 Handler State: PROBE_CART (24) -> PROCESS_CART (6)
2026-05-18 03:55:54 Setting CBS color valve (FillGate): 1
2026-05-18 03:55:55 Primed volume (FillGate): 1.81201
2026-05-18 03:55:55 Re-Calculated Filling Volume: 650
2026-05-18 03:55:55 Setting CBS color valve (FillCart): 1
2026-05-18 03:56:18 Handler State: PROCESS_CART (6) -> EXCHANGE_ONE (7)
2026-05-18 03:56:18 CartMove: Exchange 1, from 102
2026-05-18 03:56:18 CartMoveState: FROM_PROBE (19) -> FROM_CART (4)
2026-05-18 03:56:25 Setting CBS color valve (Finished): 0
2026-05-18 03:56:27 CartMoveState: FROM_CART (4) -> TO_MOVE (10)
2026-05-18 03:56:28 CartMoveState: TO_MOVE (10) -> EXCH_1_WAIT (14)
2026-05-18 03:56:28 Handler State: EXCHANGE_ONE (7) -> START_DCU (8)
2026-05-18 03:56:28 Handler State: START_DCU (8) -> EXCHANGE_TWO (9)
2026-05-18 03:56:28 CartMove: Exchange 2
2026-05-18 03:56:28 CartMoveState: EXCH_1_WAIT (14) -> EXCH_1_CART (15)
2026-05-18 03:56:31 CartMoveState: EXCH_1_CART (15) -> EXCH_2_MOVE (16)
2026-05-18 03:56:32 CartMoveState: EXCH_2_MOVE (16) -> EXCH_2_CART (17)
2026-05-18 03:56:34 CartMoveState: EXCH_2_CART (17) -> STORE_DECIDE (18)
2026-05-18 03:56:34 Used volume for last job: 0
2026-05-18 03:56:34 Handler State: EXCHANGE_TWO (9) -> WAIT_FOR_DCU (10)
2026-05-18 03:56:36 Handler State: WAIT_FOR_DCU (10) -> EXCHANGE_THREE (11)
2026-05-18 03:56:36 CartMove: Exchange 3
2026-05-18 03:56:36 CartMoveState: STORE_DECIDE (18) -> AUX_DECIDE (5)
2026-05-18 03:56:36 CartMoveState: AUX_DECIDE (5) -> TO_MOVE (10)
2026-05-18 03:56:36 CartMoveState: TO_MOVE (10) -> TO_CART (11)
2026-05-18 03:56:38 CartMoveState: TO_CART (11) -> HOME_MOVE (12)
2026-05-18 03:56:38 CartMoveState: HOME_MOVE (12) -> HALT (13)
2026-05-18 03:56:38 CartMoveState: HALT (13) -> IDLE (1)
2026-05-18 03:56:38 Handler State: EXCHANGE_THREE (11) -> POST_PROCESS (12)
2026-05-18 03:56:38 Handler State: POST_PROCESS (12) -> MOVE_ARM_HOME (14)
2026-05-18 03:56:42 Handler State: MOVE_ARM_HOME (14) -> HANDLER_IDLE (1)
2026-05-18 04:13:27 Handler State: HANDLER_IDLE (1) -> HANDLER_START (2)
2026-05-18 04:13:27 Handler State: HANDLER_START (2) -> EXCHANGE_ONE (7)
2026-05-18 04:13:27 CartMove: Exchange 1, from 0
2026-05-18 04:13:27 CartMoveState: IDLE (1) -> TO_MOVE (10)
2026-05-18 04:13:29 CartMoveState: TO_MOVE (10) -> EXCH_1_WAIT (14)
2026-05-18 04:13:29 Handler State: EXCHANGE_ONE (7) -> START_DCU (8)
2026-05-18 04:13:29 Handler State: START_DCU (8) -> EXCHANGE_TWO (9)
2026-05-18 04:13:29 CartMove: Exchange 2
2026-05-18 04:13:37 CartMoveState: EXCH_1_WAIT (14) -> EXCH_1_CART (15)
2026-05-18 04:13:40 CartMoveState: EXCH_1_CART (15) -> STORE_DECIDE (18)
2026-05-18 04:13:40 Used volume for last job: 0
2026-05-18 04:13:40 Handler State: EXCHANGE_TWO (9) -> WAIT_FOR_DCU (10)
2026-05-18 04:13:42 Handler State: WAIT_FOR_DCU (10) -> EXCHANGE_THREE (11)
2026-05-18 04:13:42 CartMove: Exchange 3
2026-05-18 04:13:42 CartMoveState: STORE_DECIDE (18) -> AUX_DECIDE (5)
2026-05-18 04:13:42 CartMoveState: AUX_DECIDE (5) -> TO_MOVE (10)
2026-05-18 04:13:43 CartMoveState: TO_MOVE (10) -> TO_CART (11)
2026-05-18 04:13:46 CartMoveState: TO_CART (11) -> HOME_MOVE (12)
2026-05-18 04:13:47 CartMoveState: HOME_MOVE (12) -> HALT (13)
2026-05-18 04:13:47 CartMoveState: HALT (13) -> IDLE (1)
2026-05-18 04:13:47 Handler State: EXCHANGE_THREE (11) -> POST_PROCESS (12)
2026-05-18 04:13:47 Handler State: POST_PROCESS (12) -> MOVE_ARM_HOME (14)
2026-05-18 04:13:47 Handler State: MOVE_ARM_HOME (14) -> HANDLER_IDLE (1)
2026-05-18 04:13:53 Handler State: HANDLER_IDLE (1) -> SEMI_START (15)
2026-05-18 04:13:53 Handler State: SEMI_START (15) -> SEMI_PROBE_CART (25)
2026-05-18 04:13:57 Handler State: SEMI_PROBE_CART (25) -> SEMI_PROCESS (16)
2026-05-18 04:15:15 Re-Calculated Filling Volume: 0
2026-05-18 04:15:22 Setting CBS color valve (Finished): 0
2026-05-18 04:15:22 Handler State: SEMI_PROCESS (16) -> SEMI_WHAT_NEXT (21)
2026-05-18 04:15:22 Handler State: SEMI_WHAT_NEXT (21) -> SEMI_START (15)
2026-05-18 04:15:22 Handler State: SEMI_START (15) -> SEMI_TO_STORE (17)
2026-05-18 04:15:22 CartMove: Move, from 103 to 108
2026-05-18 04:15:22 CartMoveState: IDLE (1) -> FROM_MOVE (3)
2026-05-18 04:15:23 CartMoveState: FROM_MOVE (3) -> FROM_CART (4)
2026-05-18 04:15:26 CartMoveState: FROM_CART (4) -> AUX_DECIDE (5)
2026-05-18 04:15:26 CartMoveState: AUX_DECIDE (5) -> TO_MOVE (10)
2026-05-18 04:15:28 CartMoveState: TO_MOVE (10) -> TO_CART (11)
2026-05-18 04:15:30 CartMoveState: TO_CART (11) -> HOME_MOVE (12)
2026-05-18 04:15:31 CartMoveState: HOME_MOVE (12) -> HALT (13)
2026-05-18 04:15:31 CartMoveState: HALT (13) -> IDLE (1)
2026-05-18 04:15:31 Handler State: SEMI_TO_STORE (17) -> SEMI_TO_IFS (18)
2026-05-18 04:15:31 CartMove: Move, from 106 to 103
2026-05-18 04:15:31 CartMoveState: IDLE (1) -> FROM_MOVE (3)
2026-05-18 04:15:33 CartMoveState: FROM_MOVE (3) -> FROM_CART (4)
2026-05-18 04:15:35 CartMoveState: FROM_CART (4) -> AUX_DECIDE (5)
2026-05-18 04:15:35 CartMoveState: AUX_DECIDE (5) -> TO_MOVE (10)
2026-05-18 04:15:37 CartMoveState: TO_MOVE (10) -> TO_CART (11)
2026-05-18 04:15:39 CartMoveState: TO_CART (11) -> HOME_MOVE (12)
2026-05-18 04:15:39 CartMoveState: HOME_MOVE (12) -> HALT (13)
2026-05-18 04:15:39 CartMoveState: HALT (13) -> IDLE (1)
2026-05-18 04:15:39 Handler State: SEMI_TO_IFS (18) -> SEMI_PROBE_CART (25)
2026-05-18 04:15:42 Handler State: SEMI_PROBE_CART (25) -> SEMI_PROCESS (16)
2026-05-18 04:16:05 Re-Calculated Filling Volume: 0
2026-05-18 04:16:11 Setting CBS color valve (Finished): 0
2026-05-18 04:16:11 Handler State: SEMI_PROCESS (16) -> SEMI_FROM_IFS (20)
2026-05-18 04:16:11 CartMove: Move, from 103 to 106
2026-05-18 04:16:11 CartMoveState: IDLE (1) -> FROM_MOVE (3)
2026-05-18 04:16:11 CartMoveState: FROM_MOVE (3) -> FROM_CART (4)
2026-05-18 04:16:14 CartMoveState: FROM_CART (4) -> AUX_DECIDE (5)
2026-05-18 04:16:14 CartMoveState: AUX_DECIDE (5) -> TO_MOVE (10)
2026-05-18 04:16:15 CartMoveState: TO_MOVE (10) -> TO_CART (11)
2026-05-18 04:16:17 CartMoveState: TO_CART (11) -> HOME_MOVE (12)
2026-05-18 04:16:19 CartMoveState: HOME_MOVE (12) -> HALT (13)
2026-05-18 04:16:19 CartMoveState: HALT (13) -> IDLE (1)
2026-05-18 04:16:19 Handler State: SEMI_FROM_IFS (20) -> SEMI_FROM_STORE (19)
2026-05-18 04:16:19 CartMove: Move, from 108 to 103
2026-05-18 04:16:19 CartMoveState: IDLE (1) -> FROM_MOVE (3)
2026-05-18 04:16:20 CartMoveState: FROM_MOVE (3) -> FROM_CART (4)
2026-05-18 04:16:23 CartMoveState: FROM_CART (4) -> AUX_DECIDE (5)
2026-05-18 04:16:23 CartMoveState: AUX_DECIDE (5) -> TO_MOVE (10)
2026-05-18 04:16:25 CartMoveState: TO_MOVE (10) -> TO_CART (11)
2026-05-18 04:16:27 CartMoveState: TO_CART (11) -> HOME_MOVE (12)
2026-05-18 04:16:27 CartMoveState: HOME_MOVE (12) -> HALT (13)
2026-05-18 04:16:27 CartMoveState: HALT (13) -> IDLE (1)
2026-05-18 04:16:27 Handler State: SEMI_FROM_STORE (19) -> SEMI_WHAT_NEXT (21)
2026-05-18 04:16:27 Handler State: SEMI_WHAT_NEXT (21) -> SEMI_START (15)
2026-05-18 04:16:27 Handler State: SEMI_START (15) -> SEMI_PROBE_CART (25)
2026-05-18 04:16:30 Handler State: SEMI_PROBE_CART (25) -> SEMI_PROCESS (16)
2026-05-18 04:16:54 Re-Calculated Filling Volume: 0
2026-05-18 04:16:59 Setting CBS color valve (Finished): 0
2026-05-18 04:16:59 Handler State: SEMI_PROCESS (16) -> SEMI_WHAT_NEXT (21)
2026-05-18 04:16:59 Handler State: SEMI_WHAT_NEXT (21) -> SEMI_START (15)
2026-05-18 04:16:59 Handler State: SEMI_START (15) -> SEMI_TO_STORE (17)
2026-05-18 04:16:59 CartMove: Move, from 102 to 108
2026-05-18 04:16:59 CartMoveState: IDLE (1) -> FROM_MOVE (3)
2026-05-18 04:17:00 CartMoveState: FROM_MOVE (3) -> FROM_CART (4)
2026-05-18 04:17:03 CartMoveState: FROM_CART (4) -> AUX_DECIDE (5)
2026-05-18 04:17:03 CartMoveState: AUX_DECIDE (5) -> TO_MOVE (10)
2026-05-18 04:17:05 CartMoveState: TO_MOVE (10) -> TO_CART (11)
2026-05-18 04:17:07 CartMoveState: TO_CART (11) -> HOME_MOVE (12)
2026-05-18 04:17:09 CartMoveState: HOME_MOVE (12) -> HALT (13)
2026-05-18 04:17:09 CartMoveState: HALT (13) -> IDLE (1)
2026-05-18 04:17:09 Handler State: SEMI_TO_STORE (17) -> SEMI_TO_IFS (18)
2026-05-18 04:17:09 CartMove: Move, from 105 to 102
2026-05-18 04:17:09 CartMoveState: IDLE (1) -> FROM_MOVE (3)
2026-05-18 04:17:10 CartMoveState: FROM_MOVE (3) -> FROM_CART (4)
2026-05-18 04:17:12 CartMoveState: FROM_CART (4) -> AUX_DECIDE (5)
2026-05-18 04:17:12 CartMoveState: AUX_DECIDE (5) -> TO_MOVE (10)
2026-05-18 04:17:14 CartMoveState: TO_MOVE (10) -> TO_CART (11)
2026-05-18 04:17:16 CartMoveState: TO_CART (11) -> HOME_MOVE (12)
2026-05-18 04:17:17 CartMoveState: HOME_MOVE (12) -> HALT (13)
2026-05-18 04:17:17 CartMoveState: HALT (13) -> IDLE (1)
2026-05-18 04:17:17 Handler State: SEMI_TO_IFS (18) -> SEMI_PROBE_CART (25)
2026-05-18 04:17:20 Handler State: SEMI_PROBE_CART (25) -> SEMI_PROCESS (16)
2026-05-18 04:19:15 Re-Calculated Filling Volume: 0
2026-05-18 04:19:22 Setting CBS color valve (Finished): 0
2026-05-18 04:19:22 Handler State: SEMI_PROCESS (16) -> SEMI_FROM_IFS (20)
2026-05-18 04:19:22 CartMove: Move, from 102 to 105
2026-05-18 04:19:22 CartMoveState: IDLE (1) -> FROM_MOVE (3)
2026-05-18 04:19:22 CartMoveState: FROM_MOVE (3) -> FROM_CART (4)
2026-05-18 04:19:24 CartMoveState: FROM_CART (4) -> AUX_DECIDE (5)
2026-05-18 04:19:24 CartMoveState: AUX_DECIDE (5) -> TO_MOVE (10)
2026-05-18 04:19:26 CartMoveState: TO_MOVE (10) -> TO_CART (11)
2026-05-18 04:19:28 CartMoveState: TO_CART (11) -> HOME_MOVE (12)
2026-05-18 04:19:29 CartMoveState: HOME_MOVE (12) -> HALT (13)
2026-05-18 04:19:29 CartMoveState: HALT (13) -> IDLE (1)
2026-05-18 04:19:29 Handler State: SEMI_FROM_IFS (20) -> SEMI_FROM_STORE (19)
2026-05-18 04:19:29 CartMove: Move, from 108 to 102
2026-05-18 04:19:29 CartMoveState: IDLE (1) -> FROM_MOVE (3)
2026-05-18 04:19:31 CartMoveState: FROM_MOVE (3) -> FROM_CART (4)
2026-05-18 04:19:33 CartMoveState: FROM_CART (4) -> AUX_DECIDE (5)
2026-05-18 04:19:33 CartMoveState: AUX_DECIDE (5) -> TO_MOVE (10)
2026-05-18 04:19:35 CartMoveState: TO_MOVE (10) -> TO_CART (11)
2026-05-18 04:19:37 CartMoveState: TO_CART (11) -> HOME_MOVE (12)
2026-05-18 04:19:38 CartMoveState: HOME_MOVE (12) -> HALT (13)
2026-05-18 04:19:38 CartMoveState: HALT (13) -> IDLE (1)
2026-05-18 04:19:38 Handler State: SEMI_FROM_STORE (19) -> SEMI_WHAT_NEXT (21)
2026-05-18 04:19:38 Handler State: SEMI_WHAT_NEXT (21) -> SEMI_START (15)
2026-05-18 04:19:38 Handler State: SEMI_START (15) -> SEMI_PROBE_CART (25)
2026-05-18 04:19:41 Handler State: SEMI_PROBE_CART (25) -> SEMI_PROCESS (16)
2026-05-18 04:20:04 Re-Calculated Filling Volume: 0
2026-05-18 04:20:10 Setting CBS color valve (Finished): 0
2026-05-18 04:20:10 Handler State: SEMI_PROCESS (16) -> SEMI_WHAT_NEXT (21)
2026-05-18 04:20:10 Handler State: SEMI_WHAT_NEXT (21) -> SEMI_START (15)
2026-05-18 04:20:10 Handler State: SEMI_START (15) -> SEMI_TO_STORE (17)
2026-05-18 04:20:10 CartMove: Move, from 104 to 108
2026-05-18 04:20:10 CartMoveState: IDLE (1) -> FROM_MOVE (3)
2026-05-18 04:20:11 CartMoveState: FROM_MOVE (3) -> FROM_CART (4)
2026-05-18 04:20:14 CartMoveState: FROM_CART (4) -> AUX_DECIDE (5)
2026-05-18 04:20:14 CartMoveState: AUX_DECIDE (5) -> TO_MOVE (10)
2026-05-18 04:20:15 CartMoveState: TO_MOVE (10) -> TO_CART (11)
2026-05-18 04:20:17 CartMoveState: TO_CART (11) -> HOME_MOVE (12)
2026-05-18 04:20:19 CartMoveState: HOME_MOVE (12) -> HALT (13)
2026-05-18 04:20:19 CartMoveState: HALT (13) -> IDLE (1)
2026-05-18 04:20:19 Handler State: SEMI_TO_STORE (17) -> SEMI_TO_IFS (18)
2026-05-18 04:20:19 CartMove: Move, from 107 to 104
2026-05-18 04:20:19 CartMoveState: IDLE (1) -> FROM_MOVE (3)
2026-05-18 04:20:20 CartMoveState: FROM_MOVE (3) -> FROM_CART (4)
2026-05-18 04:20:23 CartMoveState: FROM_CART (4) -> AUX_DECIDE (5)
2026-05-18 04:20:23 CartMoveState: AUX_DECIDE (5) -> TO_MOVE (10)
2026-05-18 04:20:24 CartMoveState: TO_MOVE (10) -> TO_CART (11)
2026-05-18 04:20:26 CartMoveState: TO_CART (11) -> HOME_MOVE (12)
2026-05-18 04:20:27 CartMoveState: HOME_MOVE (12) -> HALT (13)
2026-05-18 04:20:27 CartMoveState: HALT (13) -> IDLE (1)
2026-05-18 04:20:27 Handler State: SEMI_TO_IFS (18) -> SEMI_PROBE_CART (25)
2026-05-18 04:20:31 Handler State: SEMI_PROBE_CART (25) -> SEMI_PROCESS (16)
2026-05-18 04:20:54 Re-Calculated Filling Volume: 0
2026-05-18 04:21:00 Setting CBS color valve (Finished): 0
2026-05-18 04:21:00 Handler State: SEMI_PROCESS (16) -> SEMI_FROM_IFS (20)
2026-05-18 04:21:00 CartMove: Move, from 104 to 107
2026-05-18 04:21:00 CartMoveState: IDLE (1) -> FROM_MOVE (3)
2026-05-18 04:21:00 CartMoveState: FROM_MOVE (3) -> FROM_CART (4)
2026-05-18 04:21:03 CartMoveState: FROM_CART (4) -> AUX_DECIDE (5)
2026-05-18 04:21:03 CartMoveState: AUX_DECIDE (5) -> TO_MOVE (10)
2026-05-18 04:21:04 CartMoveState: TO_MOVE (10) -> TO_CART (11)
2026-05-18 04:21:06 CartMoveState: TO_CART (11) -> HOME_MOVE (12)
2026-05-18 04:21:08 CartMoveState: HOME_MOVE (12) -> HALT (13)
2026-05-18 04:21:08 CartMoveState: HALT (13) -> IDLE (1)
2026-05-18 04:21:08 Handler State: SEMI_FROM_IFS (20) -> SEMI_FROM_STORE (19)
2026-05-18 04:21:08 CartMove: Move, from 108 to 104
2026-05-18 04:21:08 CartMoveState: IDLE (1) -> FROM_MOVE (3)
2026-05-18 04:21:09 CartMoveState: FROM_MOVE (3) -> FROM_CART (4)
2026-05-18 04:21:12 CartMoveState: FROM_CART (4) -> AUX_DECIDE (5)
2026-05-18 04:21:12 CartMoveState: AUX_DECIDE (5) -> TO_MOVE (10)
2026-05-18 04:21:13 CartMoveState: TO_MOVE (10) -> TO_CART (11)
2026-05-18 04:21:16 CartMoveState: TO_CART (11) -> HOME_MOVE (12)
2026-05-18 04:21:16 CartMoveState: HOME_MOVE (12) -> HALT (13)
2026-05-18 04:21:16 CartMoveState: HALT (13) -> IDLE (1)
2026-05-18 04:21:16 Handler State: SEMI_FROM_STORE (19) -> SEMI_WHAT_NEXT (21)
2026-05-18 04:21:16 Handler State: SEMI_WHAT_NEXT (21) -> SEMI_FINISHED (23)
2026-05-18 04:21:16 Handler State: SEMI_FINISHED (23) -> HANDLER_IDLE (1)
2026-05-18 06:15:37 Handler State: HANDLER_IDLE (1) -> HANDLER_START (2)
2026-05-18 06:15:37 Handler State: HANDLER_START (2) -> DECIDE_CART (3)
2026-05-18 06:15:37 Selection: IFS is clean and its cartridge is cleaned.
2026-05-18 06:15:37 Selected Primary Cartridge: 1
2026-05-18 06:15:37 Selected Primary Station: 102
2026-05-18 06:15:37 Selected Secondary Cartridge: 0
2026-05-18 06:15:37 Selected Secondary Station: 0
2026-05-18 06:15:37 Selected Filling Volume: 432
2026-05-18 06:15:37 Handler State: DECIDE_CART (3) -> CHECK_SEC_CART (26)
2026-05-18 06:15:37 Handler State: CHECK_SEC_CART (26) -> PROBE_CART (24)
2026-05-18 06:15:37 CartMove: Exchange 1, from 102
2026-05-18 06:15:37 CartMoveState: IDLE (1) -> FROM_MOVE (3)
2026-05-18 06:15:38 CartMoveState: FROM_MOVE (3) -> FROM_PROBE (19)
2026-05-18 06:15:40 Handler State: PROBE_CART (24) -> PROCESS_CART (6)
2026-05-18 06:15:40 Setting CBS color valve (FillIFS): 1
2026-05-18 06:15:41 Primed volume (FillIFS): 1.51092
2026-05-18 06:15:41 Re-Calculated Filling Volume: 432
2026-05-18 06:15:41 Setting CBS color valve (FillCart): 1
2026-05-18 06:16:00 Handler State: PROCESS_CART (6) -> EXCHANGE_ONE (7)
2026-05-18 06:16:00 CartMove: Exchange 1, from 102
2026-05-18 06:16:00 CartMoveState: FROM_PROBE (19) -> FROM_CART (4)
2026-05-18 06:16:07 Setting CBS color valve (Finished): 0
2026-05-18 06:16:09 CartMoveState: FROM_CART (4) -> TO_MOVE (10)
2026-05-18 06:16:10 CartMoveState: TO_MOVE (10) -> EXCH_1_WAIT (14)
2026-05-18 06:16:10 Handler State: EXCHANGE_ONE (7) -> START_DCU (8)
2026-05-18 06:16:11 Handler State: START_DCU (8) -> EXCHANGE_TWO (9)
2026-05-18 06:16:11 CartMove: Exchange 2
2026-05-18 06:16:11 CartMoveState: EXCH_1_WAIT (14) -> EXCH_1_CART (15)
2026-05-18 06:16:13 CartMoveState: EXCH_1_CART (15) -> EXCH_2_MOVE (16)
2026-05-18 06:16:14 CartMoveState: EXCH_2_MOVE (16) -> EXCH_2_CART (17)
2026-05-18 06:16:15 CartMoveState: EXCH_2_CART (17) -> HOME_MOVE (12)
2026-05-18 06:16:15 Handler State: EXCHANGE_TWO (9) -> WAIT_FOR_DCU (10)
2026-05-18 06:16:17 Handler State: WAIT_FOR_DCU (10) -> EXCHANGE_THREE (11)
2026-05-18 06:16:17 CartMove: Exchange 3
2026-05-18 06:16:17 CartMoveState: HOME_MOVE (12) -> HALT (13)
2026-05-18 06:16:17 CartMoveState: HALT (13) -> IDLE (1)
2026-05-18 06:16:17 Handler State: EXCHANGE_THREE (11) -> POST_PROCESS (12)
2026-05-18 06:16:17 Handler State: POST_PROCESS (12) -> MOVE_ARM_HOME (14)
2026-05-18 06:16:20 Handler State: MOVE_ARM_HOME (14) -> HANDLER_IDLE (1)
2026-05-18 06:17:17 Handler State: HANDLER_IDLE (1) -> HANDLER_START (2)
2026-05-18 06:17:18 Handler State: HANDLER_START (2) -> DECIDE_CART (3)
2026-05-18 06:17:18 Selection: IFS is clean and its cartridge is cleaned.
2026-05-18 06:17:18 Selected Primary Cartridge: 5
2026-05-18 06:17:18 Selected Primary Station: 103
2026-05-18 06:17:18 Selected Secondary Cartridge: 0
2026-05-18 06:17:18 Selected Secondary Station: 0
2026-05-18 06:17:18 Selected Filling Volume: 650
2026-05-18 06:17:18 Handler State: DECIDE_CART (3) -> CHECK_SEC_CART (26)
2026-05-18 06:17:18 Handler State: CHECK_SEC_CART (26) -> PROBE_CART (24)
2026-05-18 06:17:18 CartMove: Exchange 1, from 103
2026-05-18 06:17:18 CartMoveState: IDLE (1) -> FROM_MOVE (3)
2026-05-18 06:17:18 CartMoveState: FROM_MOVE (3) -> FROM_PROBE (19)
2026-05-18 06:17:20 Handler State: PROBE_CART (24) -> PROCESS_CART (6)
2026-05-18 06:17:20 Setting CBS color valve (FillIFS): 1
2026-05-18 06:17:21 Primed volume (FillIFS): 1.72651
2026-05-18 06:17:21 Re-Calculated Filling Volume: 650
2026-05-18 06:17:21 Setting CBS color valve (FillCart): 1
2026-05-18 06:17:45 Handler State: PROCESS_CART (6) -> EXCHANGE_ONE (7)
2026-05-18 06:17:45 CartMove: Exchange 1, from 103
2026-05-18 06:17:45 CartMoveState: FROM_PROBE (19) -> FROM_CART (4)
2026-05-18 06:17:50 Setting CBS color valve (Finished): 0
2026-05-18 06:17:52 CartMoveState: FROM_CART (4) -> TO_MOVE (10)
2026-05-18 06:17:54 CartMoveState: TO_MOVE (10) -> EXCH_1_WAIT (14)
2026-05-18 06:17:54 Handler State: EXCHANGE_ONE (7) -> START_DCU (8)
2026-05-18 06:20:43 Handler State: START_DCU (8) -> EXCHANGE_TWO (9)
2026-05-18 06:20:43 CartMove: Exchange 2
2026-05-18 06:20:54 CartMoveState: EXCH_1_WAIT (14) -> EXCH_1_CART (15)
2026-05-18 06:20:56 CartMoveState: EXCH_1_CART (15) -> EXCH_2_MOVE (16)
2026-05-18 06:20:58 CartMoveState: EXCH_2_MOVE (16) -> EXCH_2_CART (17)
2026-05-18 06:21:00 CartMoveState: EXCH_2_CART (17) -> STORE_DECIDE (18)
2026-05-18 06:21:00 Used volume for last job: 379.237
2026-05-18 06:21:00 Handler State: EXCHANGE_TWO (9) -> WAIT_FOR_DCU (10)
2026-05-18 06:21:01 Handler State: WAIT_FOR_DCU (10) -> EXCHANGE_THREE (11)
2026-05-18 06:21:01 CartMove: Exchange 3
2026-05-18 06:21:01 CartMoveState: STORE_DECIDE (18) -> AUX_DECIDE (5)
2026-05-18 06:21:01 CartMoveState: AUX_DECIDE (5) -> TO_MOVE (10)
2026-05-18 06:21:01 CartMoveState: TO_MOVE (10) -> TO_CART (11)
2026-05-18 06:21:03 CartMoveState: TO_CART (11) -> HOME_MOVE (12)
2026-05-18 06:21:04 CartMoveState: HOME_MOVE (12) -> HALT (13)
2026-05-18 06:21:04 CartMoveState: HALT (13) -> IDLE (1)
2026-05-18 06:21:04 Handler State: EXCHANGE_THREE (11) -> POST_PROCESS (12)
2026-05-18 06:21:04 Handler State: POST_PROCESS (12) -> MOVE_ARM_HOME (14)
2026-05-18 06:21:04 Handler State: MOVE_ARM_HOME (14) -> HANDLER_IDLE (1)
2026-05-18 06:23:13 Handler State: HANDLER_IDLE (1) -> SEMI_START (15)
2026-05-18 06:23:13 Handler State: SEMI_START (15) -> SEMI_PROBE_CART (25)
2026-05-18 06:23:16 Handler State: SEMI_PROBE_CART (25) -> SEMI_PROCESS (16)
2026-05-18 06:23:52 Re-Calculated Filling Volume: 0
2026-05-18 06:23:59 Setting CBS color valve (Finished): 0
2026-05-18 06:23:59 Handler State: SEMI_PROCESS (16) -> SEMI_WHAT_NEXT (21)
2026-05-18 06:23:59 Handler State: SEMI_WHAT_NEXT (21) -> SEMI_FINISHED (23)
2026-05-18 06:24:00 Handler State: SEMI_FINISHED (23) -> HANDLER_IDLE (1)
2026-05-18 06:24:06 Handler State: HANDLER_IDLE (1) -> HANDLER_START (2)
2026-05-18 06:24:07 Handler State: HANDLER_START (2) -> DECIDE_CART (3)
2026-05-18 06:24:07 Selection: IFS is clean and its cartridge is cleaned.
2026-05-18 06:24:07 Selected Primary Cartridge: 1
2026-05-18 06:24:07 Selected Primary Station: 102
2026-05-18 06:24:07 Selected Secondary Cartridge: 0
2026-05-18 06:24:07 Selected Secondary Station: 0
2026-05-18 06:24:07 Selected Filling Volume: 455
2026-05-18 06:24:07 Handler State: DECIDE_CART (3) -> CHECK_SEC_CART (26)
2026-05-18 06:24:07 Handler State: CHECK_SEC_CART (26) -> PROBE_CART (24)
2026-05-18 06:24:07 CartMove: Exchange 1, from 102
2026-05-18 06:24:07 CartMoveState: IDLE (1) -> FROM_MOVE (3)
2026-05-18 06:24:08 CartMoveState: FROM_MOVE (3) -> FROM_PROBE (19)
2026-05-18 06:24:10 Handler State: PROBE_CART (24) -> PROCESS_CART (6)
2026-05-18 06:24:10 Setting CBS color valve (FillIFS): 2
2026-05-18 06:24:11 Primed volume (FillIFS): 0.730388
2026-05-18 06:24:11 Re-Calculated Filling Volume: 455
2026-05-18 06:24:11 Setting CBS color valve (FillCart): 2
2026-05-18 06:24:35 Handler State: PROCESS_CART (6) -> EXCHANGE_ONE (7)
2026-05-18 06:24:35 CartMove: Exchange 1, from 102
2026-05-18 06:24:35 CartMoveState: FROM_PROBE (19) -> FROM_CART (4)
2026-05-18 06:24:42 Setting CBS color valve (Finished): 0
2026-05-18 06:24:43 CartMoveState: FROM_CART (4) -> TO_MOVE (10)
2026-05-18 06:24:45 CartMoveState: TO_MOVE (10) -> EXCH_1_WAIT (14)
2026-05-18 06:24:45 Handler State: EXCHANGE_ONE (7) -> START_DCU (8)
2026-05-18 06:24:45 Handler State: START_DCU (8) -> EXCHANGE_TWO (9)
2026-05-18 06:24:45 CartMove: Exchange 2
2026-05-18 06:24:45 CartMoveState: EXCH_1_WAIT (14) -> EXCH_1_CART (15)
2026-05-18 06:24:48 CartMoveState: EXCH_1_CART (15) -> EXCH_2_MOVE (16)
2026-05-18 06:24:49 CartMoveState: EXCH_2_MOVE (16) -> EXCH_2_CART (17)
2026-05-18 06:24:51 CartMoveState: EXCH_2_CART (17) -> STORE_DECIDE (18)
2026-05-18 06:24:51 Used volume for last job: 256.018
2026-05-18 06:24:51 Handler State: EXCHANGE_TWO (9) -> WAIT_FOR_DCU (10)
2026-05-18 06:24:53 Handler State: WAIT_FOR_DCU (10) -> EXCHANGE_THREE (11)
2026-05-18 06:24:53 CartMove: Exchange 3
2026-05-18 06:24:53 CartMoveState: STORE_DECIDE (18) -> AUX_DECIDE (5)
2026-05-18 06:24:53 CartMoveState: AUX_DECIDE (5) -> TO_MOVE (10)
2026-05-18 06:24:53 CartMoveState: TO_MOVE (10) -> TO_CART (11)
2026-05-18 06:24:55 CartMoveState: TO_CART (11) -> HOME_MOVE (12)
2026-05-18 06:24:56 CartMoveState: HOME_MOVE (12) -> HALT (13)
2026-05-18 06:24:56 CartMoveState: HALT (13) -> IDLE (1)
2026-05-18 06:24:56 Handler State: EXCHANGE_THREE (11) -> POST_PROCESS (12)
2026-05-18 06:24:56 Handler State: POST_PROCESS (12) -> MOVE_ARM_HOME (14)
2026-05-18 06:24:56 Handler State: MOVE_ARM_HOME (14) -> HANDLER_IDLE (1)
2026-05-18 06:29:08 Handler State: HANDLER_IDLE (1) -> HANDLER_START (2)
2026-05-18 06:29:09 Handler State: HANDLER_START (2) -> DECIDE_CART (3)
2026-05-18 06:29:09 Selection: Last resort, just pick the first IFS.
2026-05-18 06:29:09 Selection: Cartridge is clean.
2026-05-18 06:29:09 Selected Primary Cartridge: 4
2026-05-18 06:29:09 Selected Primary Station: 102
2026-05-18 06:29:09 Selected Secondary Cartridge: 0
2026-05-18 06:29:09 Selected Secondary Station: 0
2026-05-18 06:29:09 Selected Filling Volume: 497
2026-05-18 06:29:09 Handler State: DECIDE_CART (3) -> PLACE_CART (5)
2026-05-18 06:29:09 CartMove: Move, from 105 to 102
2026-05-18 06:29:09 CartMoveState: IDLE (1) -> FROM_MOVE (3)
2026-05-18 06:29:10 CartMoveState: FROM_MOVE (3) -> FROM_CART (4)
2026-05-18 06:29:13 CartMoveState: FROM_CART (4) -> AUX_DECIDE (5)
2026-05-18 06:29:13 CartMoveState: AUX_DECIDE (5) -> TO_MOVE (10)
2026-05-18 06:29:14 CartMoveState: TO_MOVE (10) -> TO_CART (11)
2026-05-18 06:29:16 CartMoveState: TO_CART (11) -> HOME_MOVE (12)
2026-05-18 06:29:17 CartMoveState: HOME_MOVE (12) -> HALT (13)
2026-05-18 06:29:17 CartMoveState: HALT (13) -> IDLE (1)
2026-05-18 06:29:17 Handler State: PLACE_CART (5) -> CHECK_SEC_CART (26)
2026-05-18 06:29:17 Handler State: CHECK_SEC_CART (26) -> PROBE_CART (24)
2026-05-18 06:29:17 CartMove: Exchange 1, from 102
2026-05-18 06:29:17 CartMoveState: IDLE (1) -> FROM_MOVE (3)
2026-05-18 06:29:18 CartMoveState: FROM_MOVE (3) -> FROM_PROBE (19)
2026-05-18 06:29:19 Handler State: PROBE_CART (24) -> PROCESS_CART (6)
2026-05-18 06:29:48 Setting CBS color valve (FillIFS): 1
2026-05-18 06:29:49 Primed volume (FillIFS): 4.68219
2026-05-18 06:29:49 Re-Calculated Filling Volume: 497
2026-05-18 06:29:49 Setting CBS color valve (FillCart): 1
2026-05-18 06:30:11 Handler State: PROCESS_CART (6) -> EXCHANGE_ONE (7)
2026-05-18 06:30:11 CartMove: Exchange 1, from 102
2026-05-18 06:30:11 CartMoveState: FROM_PROBE (19) -> FROM_CART (4)
2026-05-18 06:30:18 Setting CBS color valve (Finished): 0
2026-05-18 06:30:20 CartMoveState: FROM_CART (4) -> TO_MOVE (10)
2026-05-18 06:30:21 CartMoveState: TO_MOVE (10) -> EXCH_1_WAIT (14)
2026-05-18 06:30:21 Handler State: EXCHANGE_ONE (7) -> START_DCU (8)
2026-05-18 06:30:22 Handler State: START_DCU (8) -> EXCHANGE_TWO (9)
2026-05-18 06:30:22 CartMove: Exchange 2
2026-05-18 06:30:22 CartMoveState: EXCH_1_WAIT (14) -> EXCH_1_CART (15)
2026-05-18 06:30:24 CartMoveState: EXCH_1_CART (15) -> EXCH_2_MOVE (16)
2026-05-18 06:30:25 CartMoveState: EXCH_2_MOVE (16) -> EXCH_2_CART (17)
2026-05-18 06:30:27 CartMoveState: EXCH_2_CART (17) -> STORE_DECIDE (18)
2026-05-18 06:30:27 Used volume for last job: 403.432
2026-05-18 06:30:27 Handler State: EXCHANGE_TWO (9) -> WAIT_FOR_DCU (10)
2026-05-18 06:30:29 Handler State: WAIT_FOR_DCU (10) -> EXCHANGE_THREE (11)
2026-05-18 06:30:29 CartMove: Exchange 3
2026-05-18 06:30:29 CartMoveState: STORE_DECIDE (18) -> AUX_DECIDE (5)
2026-05-18 06:30:29 CartMoveState: AUX_DECIDE (5) -> TO_MOVE (10)
2026-05-18 06:30:29 CartMoveState: TO_MOVE (10) -> TO_CART (11)
2026-05-18 06:30:31 CartMoveState: TO_CART (11) -> HOME_MOVE (12)
2026-05-18 06:30:31 CartMoveState: HOME_MOVE (12) -> HALT (13)
2026-05-18 06:30:31 CartMoveState: HALT (13) -> IDLE (1)
2026-05-18 06:30:31 Handler State: EXCHANGE_THREE (11) -> POST_PROCESS (12)
2026-05-18 06:30:31 Handler State: POST_PROCESS (12) -> MOVE_ARM_HOME (14)
2026-05-18 06:30:32 Handler State: MOVE_ARM_HOME (14) -> HANDLER_IDLE (1)
2026-05-18 06:32:03 Handler State: HANDLER_IDLE (1) -> HANDLER_START (2)
2026-05-18 06:32:04 Handler State: HANDLER_START (2) -> DECIDE_CART (3)
2026-05-18 06:32:04 Selection: IFS is clean and its cartridge is cleaned.
2026-05-18 06:32:04 Selected Primary Cartridge: 3
2026-05-18 06:32:04 Selected Primary Station: 104
2026-05-18 06:32:04 Selected Secondary Cartridge: 0
2026-05-18 06:32:04 Selected Secondary Station: 0
2026-05-18 06:32:04 Selected Filling Volume: 521
2026-05-18 06:32:04 Handler State: DECIDE_CART (3) -> CHECK_SEC_CART (26)
2026-05-18 06:32:04 Handler State: CHECK_SEC_CART (26) -> PROBE_CART (24)
2026-05-18 06:32:04 CartMove: Exchange 1, from 104
2026-05-18 06:32:04 CartMoveState: IDLE (1) -> FROM_MOVE (3)
2026-05-18 06:32:04 CartMoveState: FROM_MOVE (3) -> FROM_PROBE (19)
2026-05-18 06:32:06 Handler State: PROBE_CART (24) -> PROCESS_CART (6)
2026-05-18 06:32:06 Setting CBS color valve (FillIFS): 1
2026-05-18 06:32:08 Primed volume (FillIFS): 0.785053
2026-05-18 06:32:08 Re-Calculated Filling Volume: 521
2026-05-18 06:32:08 Setting CBS color valve (FillCart): 1
2026-05-18 06:32:33 Handler State: PROCESS_CART (6) -> EXCHANGE_ONE (7)
2026-05-18 06:32:33 CartMove: Exchange 1, from 104
2026-05-18 06:32:33 CartMoveState: FROM_PROBE (19) -> FROM_CART (4)
2026-05-18 06:32:39 Setting CBS color valve (Finished): 0
2026-05-18 06:32:41 CartMoveState: FROM_CART (4) -> TO_MOVE (10)
2026-05-18 06:32:42 CartMoveState: TO_MOVE (10) -> EXCH_1_WAIT (14)
2026-05-18 06:32:42 Handler State: EXCHANGE_ONE (7) -> START_DCU (8)
2026-05-18 06:34:51 Handler State: START_DCU (8) -> EXCHANGE_TWO (9)
2026-05-18 06:34:51 CartMove: Exchange 2
2026-05-18 06:35:02 CartMoveState: EXCH_1_WAIT (14) -> EXCH_1_CART (15)
2026-05-18 06:35:04 CartMoveState: EXCH_1_CART (15) -> EXCH_2_MOVE (16)
2026-05-18 06:35:05 CartMoveState: EXCH_2_MOVE (16) -> EXCH_2_CART (17)
2026-05-18 06:35:07 CartMoveState: EXCH_2_CART (17) -> STORE_DECIDE (18)
2026-05-18 06:35:07 Used volume for last job: 443.892
2026-05-18 06:35:07 Handler State: EXCHANGE_TWO (9) -> WAIT_FOR_DCU (10)
2026-05-18 06:35:09 Handler State: WAIT_FOR_DCU (10) -> EXCHANGE_THREE (11)
2026-05-18 06:35:09 CartMove: Exchange 3
2026-05-18 06:35:09 CartMoveState: STORE_DECIDE (18) -> AUX_DECIDE (5)
2026-05-18 06:35:09 CartMoveState: AUX_DECIDE (5) -> TO_MOVE (10)
2026-05-18 06:35:11 CartMoveState: TO_MOVE (10) -> TO_CART (11)
2026-05-18 06:35:13 CartMoveState: TO_CART (11) -> HOME_MOVE (12)
2026-05-18 06:35:14 CartMoveState: HOME_MOVE (12) -> HALT (13)
2026-05-18 06:35:14 CartMoveState: HALT (13) -> IDLE (1)
2026-05-18 06:35:14 Handler State: EXCHANGE_THREE (11) -> POST_PROCESS (12)
2026-05-18 06:35:14 Handler State: POST_PROCESS (12) -> MOVE_ARM_HOME (14)
2026-05-18 06:35:14 Handler State: MOVE_ARM_HOME (14) -> HANDLER_IDLE (1)
2026-05-18 06:37:21 Handler State: HANDLER_IDLE (1) -> HANDLER_START (2)
2026-05-18 06:37:22 Handler State: HANDLER_START (2) -> DECIDE_CART (3)
2026-05-18 06:37:22 Selection: IFS has correct material and its cartridge has correct material.
2026-05-18 06:37:22 Selected Primary Cartridge: 5
2026-05-18 06:37:22 Selected Primary Station: 103
2026-05-18 06:37:22 Selected Secondary Cartridge: 0
2026-05-18 06:37:22 Selected Secondary Station: 0
2026-05-18 06:37:22 Selected Filling Volume: 504
2026-05-18 06:37:22 Handler State: DECIDE_CART (3) -> CHECK_SEC_CART (26)
2026-05-18 06:37:22 Handler State: CHECK_SEC_CART (26) -> PROBE_CART (24)
2026-05-18 06:37:22 CartMove: Exchange 1, from 103
2026-05-18 06:37:22 CartMoveState: IDLE (1) -> FROM_MOVE (3)
2026-05-18 06:37:22 CartMoveState: FROM_MOVE (3) -> FROM_PROBE (19)
2026-05-18 06:37:24 Handler State: PROBE_CART (24) -> PROCESS_CART (6)
2026-05-18 06:38:42 Setting CBS color valve (FillGate): 1
2026-05-18 06:38:43 Primed volume (FillGate): 1.90783
2026-05-18 06:38:43 Re-Calculated Filling Volume: 504
2026-05-18 06:38:43 Setting CBS color valve (FillCart): 1
2026-05-18 06:39:04 Handler State: PROCESS_CART (6) -> EXCHANGE_ONE (7)
2026-05-18 06:39:04 CartMove: Exchange 1, from 103
2026-05-18 06:39:04 CartMoveState: FROM_PROBE (19) -> FROM_CART (4)
2026-05-18 06:39:09 Setting CBS color valve (Finished): 0
2026-05-18 06:39:11 CartMoveState: FROM_CART (4) -> TO_MOVE (10)
2026-05-18 06:39:13 CartMoveState: TO_MOVE (10) -> EXCH_1_WAIT (14)
2026-05-18 06:39:13 Handler State: EXCHANGE_ONE (7) -> START_DCU (8)
2026-05-18 06:40:13 Handler State: START_DCU (8) -> EXCHANGE_TWO (9)
2026-05-18 06:40:13 CartMove: Exchange 2
2026-05-18 06:40:24 CartMoveState: EXCH_1_WAIT (14) -> EXCH_1_CART (15)
2026-05-18 06:40:26 CartMoveState: EXCH_1_CART (15) -> EXCH_2_MOVE (16)
2026-05-18 06:40:27 CartMoveState: EXCH_2_MOVE (16) -> EXCH_2_CART (17)
2026-05-18 06:40:29 CartMoveState: EXCH_2_CART (17) -> STORE_DECIDE (18)
2026-05-18 06:40:29 Used volume for last job: 468.699
2026-05-18 06:40:29 Handler State: EXCHANGE_TWO (9) -> WAIT_FOR_DCU (10)
2026-05-18 06:40:30 Handler State: WAIT_FOR_DCU (10) -> EXCHANGE_THREE (11)
2026-05-18 06:40:31 CartMove: Exchange 3
2026-05-18 06:40:31 CartMoveState: STORE_DECIDE (18) -> AUX_DECIDE (5)
2026-05-18 06:40:31 CartMoveState: AUX_DECIDE (5) -> TO_MOVE (10)
2026-05-18 06:40:31 CartMoveState: TO_MOVE (10) -> TO_CART (11)
2026-05-18 06:40:33 CartMoveState: TO_CART (11) -> HOME_MOVE (12)
2026-05-18 06:40:35 CartMoveState: HOME_MOVE (12) -> HALT (13)
2026-05-18 06:40:35 CartMoveState: HALT (13) -> IDLE (1)
2026-05-18 06:40:35 Handler State: EXCHANGE_THREE (11) -> POST_PROCESS (12)
2026-05-18 06:40:35 Handler State: POST_PROCESS (12) -> MOVE_ARM_HOME (14)
2026-05-18 06:40:35 Handler State: MOVE_ARM_HOME (14) -> HANDLER_IDLE (1)
2026-05-18 06:49:58 Handler State: HANDLER_IDLE (1) -> SEMI_START (15)
2026-05-18 06:49:58 Handler State: SEMI_START (15) -> SEMI_PROBE_CART (25)
2026-05-18 06:50:01 Handler State: SEMI_PROBE_CART (25) -> SEMI_PROCESS (16)
2026-05-18 06:50:34 Re-Calculated Filling Volume: 0
2026-05-18 06:50:40 Setting CBS color valve (Finished): 0
2026-05-18 06:50:40 Handler State: SEMI_PROCESS (16) -> SEMI_WHAT_NEXT (21)
2026-05-18 06:50:40 Handler State: SEMI_WHAT_NEXT (21) -> SEMI_FINISHED (23)
2026-05-18 06:50:40 Handler State: SEMI_FINISHED (23) -> HANDLER_IDLE (1)
2026-05-18 07:02:57 Handler State: HANDLER_IDLE (1) -> HANDLER_START (2)
2026-05-18 07:02:58 Handler State: HANDLER_START (2) -> DECIDE_CART (3)
2026-05-18 07:02:58 Selection: IFS is clean and its cartridge is cleaned.
2026-05-18 07:02:58 Selected Primary Cartridge: 3
2026-05-18 07:02:58 Selected Primary Station: 104
2026-05-18 07:02:58 Selected Secondary Cartridge: 0
2026-05-18 07:02:58 Selected Secondary Station: 0
2026-05-18 07:02:58 Selected Filling Volume: 317
2026-05-18 07:02:58 Handler State: DECIDE_CART (3) -> CHECK_SEC_CART (26)
2026-05-18 07:02:58 Handler State: CHECK_SEC_CART (26) -> PROBE_CART (24)
2026-05-18 07:02:58 CartMove: Exchange 1, from 104
2026-05-18 07:02:58 CartMoveState: IDLE (1) -> FROM_MOVE (3)
2026-05-18 07:02:59 CartMoveState: FROM_MOVE (3) -> FROM_PROBE (19)
2026-05-18 07:03:00 Handler State: PROBE_CART (24) -> PROCESS_CART (6)
2026-05-18 07:03:00 Setting CBS color valve (FillIFS): 1
2026-05-18 07:03:02 Primed volume (FillIFS): 2.09831
2026-05-18 07:03:02 Re-Calculated Filling Volume: 317
2026-05-18 07:03:02 Setting CBS color valve (FillCart): 1
2026-05-18 07:03:19 Handler State: PROCESS_CART (6) -> EXCHANGE_ONE (7)
2026-05-18 07:03:19 CartMove: Exchange 1, from 104
2026-05-18 07:03:19 CartMoveState: FROM_PROBE (19) -> FROM_CART (4)
2026-05-18 07:03:25 Setting CBS color valve (Finished): 0
2026-05-18 07:03:27 CartMoveState: FROM_CART (4) -> TO_MOVE (10)
2026-05-18 07:03:28 CartMoveState: TO_MOVE (10) -> EXCH_1_WAIT (14)
2026-05-18 07:03:28 Handler State: EXCHANGE_ONE (7) -> START_DCU (8)
2026-05-18 07:03:29 Handler State: START_DCU (8) -> EXCHANGE_TWO (9)
2026-05-18 07:03:29 CartMove: Exchange 2
2026-05-18 07:03:29 CartMoveState: EXCH_1_WAIT (14) -> EXCH_1_CART (15)
2026-05-18 07:03:31 CartMoveState: EXCH_1_CART (15) -> EXCH_2_MOVE (16)
2026-05-18 07:03:32 CartMoveState: EXCH_2_MOVE (16) -> EXCH_2_CART (17)
2026-05-18 07:03:34 CartMoveState: EXCH_2_CART (17) -> STORE_DECIDE (18)
2026-05-18 07:03:34 Used volume for last job: 451.847
2026-05-18 07:03:34 Handler State: EXCHANGE_TWO (9) -> WAIT_FOR_DCU (10)
2026-05-18 07:03:36 Handler State: WAIT_FOR_DCU (10) -> EXCHANGE_THREE (11)
2026-05-18 07:03:36 CartMove: Exchange 3
2026-05-18 07:03:36 CartMoveState: STORE_DECIDE (18) -> AUX_DECIDE (5)
2026-05-18 07:03:36 CartMoveState: AUX_DECIDE (5) -> TO_MOVE (10)
2026-05-18 07:03:37 CartMoveState: TO_MOVE (10) -> TO_CART (11)
2026-05-18 07:03:39 CartMoveState: TO_CART (11) -> HOME_MOVE (12)
2026-05-18 07:03:40 CartMoveState: HOME_MOVE (12) -> HALT (13)
2026-05-18 07:03:40 CartMoveState: HALT (13) -> IDLE (1)
2026-05-18 07:03:40 Handler State: EXCHANGE_THREE (11) -> POST_PROCESS (12)
2026-05-18 07:03:40 Handler State: POST_PROCESS (12) -> MOVE_ARM_HOME (14)
2026-05-18 07:03:40 Handler State: MOVE_ARM_HOME (14) -> HANDLER_IDLE (1)
2026-05-18 07:21:54 Handler State: HANDLER_IDLE (1) -> HANDLER_START (2)
2026-05-18 07:21:55 Handler State: HANDLER_START (2) -> DECIDE_CART (3)
2026-05-18 07:21:55 Selection: IFS has correct material and its cartridge has correct material.
2026-05-18 07:21:55 Selected Primary Cartridge: 5
2026-05-18 07:21:55 Selected Primary Station: 103
2026-05-18 07:21:55 Selected Secondary Cartridge: 0
2026-05-18 07:21:55 Selected Secondary Station: 0
2026-05-18 07:21:55 Selected Filling Volume: 640
2026-05-18 07:21:55 Handler State: DECIDE_CART (3) -> CHECK_SEC_CART (26)
2026-05-18 07:21:55 Handler State: CHECK_SEC_CART (26) -> PROBE_CART (24)
2026-05-18 07:21:55 CartMove: Exchange 1, from 103
2026-05-18 07:21:55 CartMoveState: IDLE (1) -> FROM_MOVE (3)
2026-05-18 07:21:55 CartMoveState: FROM_MOVE (3) -> FROM_PROBE (19)
2026-05-18 07:21:57 Handler State: PROBE_CART (24) -> PROCESS_CART (6)
2026-05-18 07:22:29 Setting CBS color valve (FillGate): 1
2026-05-18 07:22:30 Primed volume (FillGate): 2.61225
2026-05-18 07:22:30 Re-Calculated Filling Volume: 640
2026-05-18 07:22:30 Setting CBS color valve (FillCart): 1
2026-05-18 07:22:53 Handler State: PROCESS_CART (6) -> EXCHANGE_ONE (7)
2026-05-18 07:22:53 CartMove: Exchange 1, from 103
2026-05-18 07:22:53 CartMoveState: FROM_PROBE (19) -> FROM_CART (4)
2026-05-18 07:22:59 Setting CBS color valve (Finished): 0
2026-05-18 07:23:01 CartMoveState: FROM_CART (4) -> TO_MOVE (10)
2026-05-18 07:23:02 CartMoveState: TO_MOVE (10) -> EXCH_1_WAIT (14)
2026-05-18 07:23:02 Handler State: EXCHANGE_ONE (7) -> START_DCU (8)
2026-05-18 07:24:24 Handler State: START_DCU (8) -> EXCHANGE_TWO (9)
2026-05-18 07:24:24 CartMove: Exchange 2
2026-05-18 07:24:34 CartMoveState: EXCH_1_WAIT (14) -> EXCH_1_CART (15)
2026-05-18 07:24:37 CartMoveState: EXCH_1_CART (15) -> EXCH_2_MOVE (16)
2026-05-18 07:24:38 CartMoveState: EXCH_2_MOVE (16) -> EXCH_2_CART (17)
2026-05-18 07:24:40 CartMoveState: EXCH_2_CART (17) -> STORE_DECIDE (18)
2026-05-18 07:24:40 Used volume for last job: 264.087
2026-05-18 07:24:40 Handler State: EXCHANGE_TWO (9) -> WAIT_FOR_DCU (10)
2026-05-18 07:24:42 Handler State: WAIT_FOR_DCU (10) -> EXCHANGE_THREE (11)
2026-05-18 07:24:42 CartMove: Exchange 3
2026-05-18 07:24:42 CartMoveState: STORE_DECIDE (18) -> AUX_DECIDE (5)
2026-05-18 07:24:42 CartMoveState: AUX_DECIDE (5) -> TO_MOVE (10)
2026-05-18 07:24:43 CartMoveState: TO_MOVE (10) -> TO_CART (11)
2026-05-18 07:24:45 CartMoveState: TO_CART (11) -> HOME_MOVE (12)
2026-05-18 07:24:46 CartMoveState: HOME_MOVE (12) -> HALT (13)
2026-05-18 07:24:46 CartMoveState: HALT (13) -> IDLE (1)
2026-05-18 07:24:46 Handler State: EXCHANGE_THREE (11) -> POST_PROCESS (12)
2026-05-18 07:24:46 Handler State: POST_PROCESS (12) -> MOVE_ARM_HOME (14)
2026-05-18 07:24:46 Handler State: MOVE_ARM_HOME (14) -> HANDLER_IDLE (1)
2026-05-18 07:49:59 Handler State: HANDLER_IDLE (1) -> HANDLER_START (2)
2026-05-18 07:50:00 Handler State: HANDLER_START (2) -> DECIDE_CART (3)
2026-05-18 07:50:00 Selection: Last resort, just pick the first IFS.
2026-05-18 07:50:00 Selection: Last resort, just pick the first cartridge.
2026-05-18 07:50:00 Selected Primary Cartridge: 1
2026-05-18 07:50:00 Selected Primary Station: 102
2026-05-18 07:50:00 Selected Secondary Cartridge: 0
2026-05-18 07:50:00 Selected Secondary Station: 0
2026-05-18 07:50:00 Selected Filling Volume: 566
2026-05-18 07:50:00 Handler State: DECIDE_CART (3) -> CHECK_SEC_CART (26)
2026-05-18 07:50:00 Handler State: CHECK_SEC_CART (26) -> PROBE_CART (24)
2026-05-18 07:50:00 CartMove: Exchange 1, from 102
2026-05-18 07:50:00 CartMoveState: IDLE (1) -> FROM_MOVE (3)
2026-05-18 07:50:01 CartMoveState: FROM_MOVE (3) -> FROM_PROBE (19)
2026-05-18 07:50:02 Handler State: PROBE_CART (24) -> PROCESS_CART (6)
2026-05-18 07:50:38 Setting CBS color valve (FillIFS): 1
2026-05-18 07:50:39 Primed volume (FillIFS): 4.17433
2026-05-18 07:50:39 Re-Calculated Filling Volume: 566
2026-05-18 07:50:39 Setting CBS color valve (FillCart): 1
2026-05-18 07:51:02 Handler State: PROCESS_CART (6) -> EXCHANGE_ONE (7)
2026-05-18 07:51:02 CartMove: Exchange 1, from 102
2026-05-18 07:51:02 CartMoveState: FROM_PROBE (19) -> FROM_CART (4)
2026-05-18 07:51:08 Setting CBS color valve (Finished): 0
2026-05-18 07:51:10 CartMoveState: FROM_CART (4) -> TO_MOVE (10)
2026-05-18 07:51:12 CartMoveState: TO_MOVE (10) -> EXCH_1_WAIT (14)
2026-05-18 07:51:12 Handler State: EXCHANGE_ONE (7) -> START_DCU (8)
2026-05-18 07:52:38 Handler State: START_DCU (8) -> EXCHANGE_TWO (9)
2026-05-18 07:52:38 CartMove: Exchange 2
2026-05-18 07:52:48 CartMoveState: EXCH_1_WAIT (14) -> EXCH_1_CART (15)
2026-05-18 07:52:51 CartMoveState: EXCH_1_CART (15) -> EXCH_2_MOVE (16)
2026-05-18 07:52:52 CartMoveState: EXCH_2_MOVE (16) -> EXCH_2_CART (17)
2026-05-18 07:52:54 CartMoveState: EXCH_2_CART (17) -> STORE_DECIDE (18)
2026-05-18 07:52:54 Used volume for last job: 248.728
2026-05-18 07:52:54 Handler State: EXCHANGE_TWO (9) -> WAIT_FOR_DCU (10)
2026-05-18 07:52:56 Handler State: WAIT_FOR_DCU (10) -> EXCHANGE_THREE (11)
2026-05-18 07:52:56 CartMove: Exchange 3
2026-05-18 07:52:56 CartMoveState: STORE_DECIDE (18) -> AUX_DECIDE (5)
2026-05-18 07:52:56 CartMoveState: AUX_DECIDE (5) -> TO_MOVE (10)
2026-05-18 07:52:57 CartMoveState: TO_MOVE (10) -> TO_CART (11)
2026-05-18 07:52:59 CartMoveState: TO_CART (11) -> HOME_MOVE (12)
2026-05-18 07:53:00 CartMoveState: HOME_MOVE (12) -> HALT (13)
2026-05-18 07:53:00 CartMoveState: HALT (13) -> IDLE (1)
2026-05-18 07:53:00 Handler State: EXCHANGE_THREE (11) -> POST_PROCESS (12)
2026-05-18 07:53:00 Handler State: POST_PROCESS (12) -> MOVE_ARM_HOME (14)
2026-05-18 07:53:00 Handler State: MOVE_ARM_HOME (14) -> HANDLER_IDLE (1)
2026-05-18 08:48:10 Handler State: HANDLER_IDLE (1) -> HANDLER_START (2)
2026-05-18 08:48:11 Handler State: HANDLER_START (2) -> DECIDE_CART (3)
2026-05-18 08:48:11 Selection: Last resort, just pick the first IFS.
2026-05-18 08:48:11 Selection: Last resort, just pick the first cartridge.
2026-05-18 08:48:11 Selected Primary Cartridge: 4
2026-05-18 08:48:11 Selected Primary Station: 102
2026-05-18 08:48:11 Selected Secondary Cartridge: 0
2026-05-18 08:48:11 Selected Secondary Station: 0
2026-05-18 08:48:11 Selected Filling Volume: 510
2026-05-18 08:48:11 Handler State: DECIDE_CART (3) -> PLACE_CART (5)
2026-05-18 08:48:11 CartMove: Move, from 105 to 102
2026-05-18 08:48:11 CartMoveState: IDLE (1) -> FROM_MOVE (3)
2026-05-18 08:48:12 CartMoveState: FROM_MOVE (3) -> FROM_CART (4)
2026-05-18 08:48:15 CartMoveState: FROM_CART (4) -> AUX_DECIDE (5)
2026-05-18 08:48:15 CartMoveState: AUX_DECIDE (5) -> TO_MOVE (10)
2026-05-18 08:48:16 CartMoveState: TO_MOVE (10) -> TO_CART (11)
2026-05-18 08:48:19 CartMoveState: TO_CART (11) -> HOME_MOVE (12)
2026-05-18 08:48:19 CartMoveState: HOME_MOVE (12) -> HALT (13)
2026-05-18 08:48:19 CartMoveState: HALT (13) -> IDLE (1)
2026-05-18 08:48:19 Handler State: PLACE_CART (5) -> CHECK_SEC_CART (26)
2026-05-18 08:48:19 Handler State: CHECK_SEC_CART (26) -> PROBE_CART (24)
2026-05-18 08:48:19 CartMove: Exchange 1, from 102
2026-05-18 08:48:19 CartMoveState: IDLE (1) -> FROM_MOVE (3)
2026-05-18 08:48:20 CartMoveState: FROM_MOVE (3) -> FROM_PROBE (19)
2026-05-18 08:48:22 Handler State: PROBE_CART (24) -> PROCESS_CART (6)
2026-05-18 08:48:57 Setting CBS color valve (FillIFS): 2
2026-05-18 08:48:59 Primed volume (FillIFS): 4.4704
2026-05-18 08:48:59 Re-Calculated Filling Volume: 510
2026-05-18 08:48:59 Setting CBS color valve (FillCart): 2
2026-05-18 08:49:20 Handler State: PROCESS_CART (6) -> EXCHANGE_ONE (7)
2026-05-18 08:49:20 CartMove: Exchange 1, from 102
2026-05-18 08:49:20 CartMoveState: FROM_PROBE (19) -> FROM_CART (4)
2026-05-18 08:49:27 Setting CBS color valve (Finished): 0
2026-05-18 08:49:29 CartMoveState: FROM_CART (4) -> TO_MOVE (10)
2026-05-18 08:49:31 CartMoveState: TO_MOVE (10) -> EXCH_1_WAIT (14)
2026-05-18 08:49:31 Handler State: EXCHANGE_ONE (7) -> START_DCU (8)
2026-05-18 08:51:50 Handler State: START_DCU (8) -> EXCHANGE_TWO (9)
2026-05-18 08:51:50 CartMove: Exchange 2
2026-05-18 08:52:01 CartMoveState: EXCH_1_WAIT (14) -> EXCH_1_CART (15)
2026-05-18 08:52:04 CartMoveState: EXCH_1_CART (15) -> EXCH_2_MOVE (16)
2026-05-18 08:52:05 CartMoveState: EXCH_2_MOVE (16) -> EXCH_2_CART (17)
2026-05-18 08:52:07 CartMoveState: EXCH_2_CART (17) -> STORE_DECIDE (18)
2026-05-18 08:52:07 Used volume for last job: 512.633
2026-05-18 08:52:07 Handler State: EXCHANGE_TWO (9) -> WAIT_FOR_DCU (10)
2026-05-18 08:52:09 Handler State: WAIT_FOR_DCU (10) -> EXCHANGE_THREE (11)
2026-05-18 08:52:09 CartMove: Exchange 3
2026-05-18 08:52:09 CartMoveState: STORE_DECIDE (18) -> AUX_DECIDE (5)
2026-05-18 08:52:09 CartMoveState: AUX_DECIDE (5) -> TO_MOVE (10)
2026-05-18 08:52:09 CartMoveState: TO_MOVE (10) -> TO_CART (11)
2026-05-18 08:52:11 CartMoveState: TO_CART (11) -> HOME_MOVE (12)
2026-05-18 08:52:11 CartMoveState: HOME_MOVE (12) -> HALT (13)
2026-05-18 08:52:11 CartMoveState: HALT (13) -> IDLE (1)
2026-05-18 08:52:11 Handler State: EXCHANGE_THREE (11) -> POST_PROCESS (12)
2026-05-18 08:52:11 Handler State: POST_PROCESS (12) -> MOVE_ARM_HOME (14)
2026-05-18 08:52:11 Handler State: MOVE_ARM_HOME (14) -> HANDLER_IDLE (1)
2026-05-18 09:03:03 Handler State: HANDLER_IDLE (1) -> SEMI_START (15)
2026-05-18 09:03:03 Handler State: SEMI_START (15) -> SEMI_PROBE_CART (25)
2026-05-18 09:03:06 Handler State: SEMI_PROBE_CART (25) -> SEMI_PROCESS (16)
2026-05-18 09:03:42 Re-Calculated Filling Volume: 0
2026-05-18 09:03:49 Setting CBS color valve (Finished): 0
2026-05-18 09:03:49 Handler State: SEMI_PROCESS (16) -> SEMI_WHAT_NEXT (21)
2026-05-18 09:03:49 Handler State: SEMI_WHAT_NEXT (21) -> SEMI_FINISHED (23)
2026-05-18 09:03:50 Handler State: SEMI_FINISHED (23) -> HANDLER_IDLE (1)
2026-05-18 09:04:47 Handler State: HANDLER_IDLE (1) -> HANDLER_START (2)
2026-05-18 09:04:48 Handler State: HANDLER_START (2) -> DECIDE_CART (3)
2026-05-18 09:04:48 Selection: IFS is clean and its cartridge is cleaned.
2026-05-18 09:04:48 Selected Primary Cartridge: 1
2026-05-18 09:04:48 Selected Primary Station: 102
2026-05-18 09:04:48 Selected Secondary Cartridge: 0
2026-05-18 09:04:48 Selected Secondary Station: 0
2026-05-18 09:04:48 Selected Filling Volume: 495
2026-05-18 09:04:48 Handler State: DECIDE_CART (3) -> CHECK_SEC_CART (26)
2026-05-18 09:04:48 Handler State: CHECK_SEC_CART (26) -> PROBE_CART (24)
2026-05-18 09:04:48 CartMove: Exchange 1, from 102
2026-05-18 09:04:48 CartMoveState: IDLE (1) -> FROM_MOVE (3)
2026-05-18 09:04:48 CartMoveState: FROM_MOVE (3) -> FROM_PROBE (19)
2026-05-18 09:04:50 Handler State: PROBE_CART (24) -> PROCESS_CART (6)
2026-05-18 09:04:50 Setting CBS color valve (FillIFS): 2
2026-05-18 09:04:51 Primed volume (FillIFS): 2.18661
2026-05-18 09:04:51 Re-Calculated Filling Volume: 495
2026-05-18 09:04:51 Setting CBS color valve (FillCart): 2
2026-05-18 09:05:13 Handler State: PROCESS_CART (6) -> EXCHANGE_ONE (7)
2026-05-18 09:05:13 CartMove: Exchange 1, from 102
2026-05-18 09:05:13 CartMoveState: FROM_PROBE (19) -> FROM_CART (4)
2026-05-18 09:05:20 Setting CBS color valve (Finished): 0
2026-05-18 09:05:22 CartMoveState: FROM_CART (4) -> TO_MOVE (10)
2026-05-18 09:05:23 CartMoveState: TO_MOVE (10) -> EXCH_1_WAIT (14)
2026-05-18 09:05:23 Handler State: EXCHANGE_ONE (7) -> START_DCU (8)
2026-05-18 09:05:23 Handler State: START_DCU (8) -> EXCHANGE_TWO (9)
2026-05-18 09:05:23 CartMove: Exchange 2
2026-05-18 09:05:23 CartMoveState: EXCH_1_WAIT (14) -> EXCH_1_CART (15)
2026-05-18 09:05:26 CartMoveState: EXCH_1_CART (15) -> EXCH_2_MOVE (16)
2026-05-18 09:05:27 CartMoveState: EXCH_2_MOVE (16) -> EXCH_2_CART (17)
2026-05-18 09:05:29 CartMoveState: EXCH_2_CART (17) -> STORE_DECIDE (18)
2026-05-18 09:05:29 Used volume for last job: 457.525
2026-05-18 09:05:29 Handler State: EXCHANGE_TWO (9) -> WAIT_FOR_DCU (10)
2026-05-18 09:05:31 Handler State: WAIT_FOR_DCU (10) -> EXCHANGE_THREE (11)
2026-05-18 09:05:31 CartMove: Exchange 3
2026-05-18 09:05:31 CartMoveState: STORE_DECIDE (18) -> AUX_DECIDE (5)
2026-05-18 09:05:31 CartMoveState: AUX_DECIDE (5) -> TO_MOVE (10)
2026-05-18 09:05:31 CartMoveState: TO_MOVE (10) -> TO_CART (11)
2026-05-18 09:05:33 CartMoveState: TO_CART (11) -> HOME_MOVE (12)
2026-05-18 09:05:33 CartMoveState: HOME_MOVE (12) -> HALT (13)
2026-05-18 09:05:33 CartMoveState: HALT (13) -> IDLE (1)
2026-05-18 09:05:33 Handler State: EXCHANGE_THREE (11) -> POST_PROCESS (12)
2026-05-18 09:05:33 Handler State: POST_PROCESS (12) -> MOVE_ARM_HOME (14)
2026-05-18 09:05:34 Handler State: MOVE_ARM_HOME (14) -> HANDLER_IDLE (1)
2026-05-18 09:05:46 Handler State: HANDLER_IDLE (1) -> HANDLER_START (2)
2026-05-18 09:05:47 Handler State: HANDLER_START (2) -> DECIDE_CART (3)
2026-05-18 09:05:47 Selection: Last resort, just pick the first IFS.
2026-05-18 09:05:47 Selection: Cartridge is clean.
2026-05-18 09:05:47 Selected Primary Cartridge: 6
2026-05-18 09:05:47 Selected Primary Station: 104
2026-05-18 09:05:47 Selected Secondary Cartridge: 0
2026-05-18 09:05:47 Selected Secondary Station: 0
2026-05-18 09:05:47 Selected Filling Volume: 521
2026-05-18 09:05:47 Handler State: DECIDE_CART (3) -> REMOVE_CART (4)
2026-05-18 09:05:47 CartMove: Move, from 104 to 108
2026-05-18 09:05:47 CartMoveState: IDLE (1) -> FROM_MOVE (3)
2026-05-18 09:05:48 CartMoveState: FROM_MOVE (3) -> FROM_CART (4)
2026-05-18 09:05:51 CartMoveState: FROM_CART (4) -> AUX_DECIDE (5)
2026-05-18 09:05:51 CartMoveState: AUX_DECIDE (5) -> TO_MOVE (10)
2026-05-18 09:05:53 CartMoveState: TO_MOVE (10) -> TO_CART (11)
2026-05-18 09:05:55 CartMoveState: TO_CART (11) -> HOME_MOVE (12)
2026-05-18 09:05:56 CartMoveState: HOME_MOVE (12) -> HALT (13)
2026-05-18 09:05:56 CartMoveState: HALT (13) -> IDLE (1)
2026-05-18 09:05:56 Handler State: REMOVE_CART (4) -> PLACE_CART (5)
2026-05-18 09:05:56 CartMove: Move, from 107 to 104
2026-05-18 09:05:56 CartMoveState: IDLE (1) -> FROM_MOVE (3)
2026-05-18 09:05:57 CartMoveState: FROM_MOVE (3) -> FROM_CART (4)
2026-05-18 09:06:00 CartMoveState: FROM_CART (4) -> AUX_DECIDE (5)
2026-05-18 09:06:00 CartMoveState: AUX_DECIDE (5) -> TO_MOVE (10)
2026-05-18 09:06:02 CartMoveState: TO_MOVE (10) -> TO_CART (11)
2026-05-18 09:06:04 CartMoveState: TO_CART (11) -> HOME_MOVE (12)
2026-05-18 09:06:04 CartMoveState: HOME_MOVE (12) -> HALT (13)
2026-05-18 09:06:04 CartMoveState: HALT (13) -> IDLE (1)
2026-05-18 09:06:04 Handler State: PLACE_CART (5) -> CHECK_SEC_CART (26)
2026-05-18 09:06:04 Handler State: CHECK_SEC_CART (26) -> PROBE_CART (24)
2026-05-18 09:06:04 CartMove: Exchange 1, from 104
2026-05-18 09:06:04 CartMoveState: IDLE (1) -> FROM_MOVE (3)
2026-05-18 09:06:05 CartMoveState: FROM_MOVE (3) -> FROM_PROBE (19)
2026-05-18 09:06:07 Handler State: PROBE_CART (24) -> PROCESS_CART (6)
2026-05-18 09:06:32 Setting CBS color valve (FillIFS): 1
2026-05-18 09:06:33 Primed volume (FillIFS): 3.92583
2026-05-18 09:06:33 Re-Calculated Filling Volume: 521
2026-05-18 09:06:33 Setting CBS color valve (FillCart): 1
2026-05-18 09:07:01 Handler State: PROCESS_CART (6) -> EXCHANGE_ONE (7)
2026-05-18 09:07:01 CartMove: Exchange 1, from 104
2026-05-18 09:07:01 CartMoveState: FROM_PROBE (19) -> FROM_CART (4)
2026-05-18 09:07:07 Setting CBS color valve (Finished): 0
2026-05-18 09:07:09 CartMoveState: FROM_CART (4) -> TO_MOVE (10)
2026-05-18 09:07:10 CartMoveState: TO_MOVE (10) -> EXCH_1_WAIT (14)
2026-05-18 09:07:10 Handler State: EXCHANGE_ONE (7) -> START_DCU (8)
2026-05-18 09:08:22 Handler State: START_DCU (8) -> EXCHANGE_TWO (9)
2026-05-18 09:08:22 CartMove: Exchange 2
2026-05-18 09:08:41 CartMoveState: EXCH_1_WAIT (14) -> EXCH_1_CART (15)
2026-05-18 09:08:43 CartMoveState: EXCH_1_CART (15) -> EXCH_2_MOVE (16)
2026-05-18 09:08:45 CartMoveState: EXCH_2_MOVE (16) -> EXCH_2_CART (17)
2026-05-18 09:08:47 CartMoveState: EXCH_2_CART (17) -> STORE_DECIDE (18)
2026-05-18 09:08:47 Used volume for last job: 238.511
2026-05-18 09:08:47 Handler State: EXCHANGE_TWO (9) -> WAIT_FOR_DCU (10)
2026-05-18 09:08:48 Handler State: WAIT_FOR_DCU (10) -> EXCHANGE_THREE (11)
2026-05-18 09:08:48 CartMove: Exchange 3
2026-05-18 09:08:48 CartMoveState: STORE_DECIDE (18) -> AUX_DECIDE (5)
2026-05-18 09:08:48 CartMoveState: AUX_DECIDE (5) -> TO_MOVE (10)
2026-05-18 09:08:50 CartMoveState: TO_MOVE (10) -> TO_CART (11)
2026-05-18 09:08:52 CartMoveState: TO_CART (11) -> HOME_MOVE (12)
2026-05-18 09:08:53 CartMoveState: HOME_MOVE (12) -> HALT (13)
2026-05-18 09:08:53 CartMoveState: HALT (13) -> IDLE (1)
2026-05-18 09:08:53 Handler State: EXCHANGE_THREE (11) -> POST_PROCESS (12)
2026-05-18 09:08:53 Handler State: POST_PROCESS (12) -> EMPTY_AUX (13)
2026-05-18 09:08:53 CartMove: Move, from 108 to 104
2026-05-18 09:08:53 CartMoveState: IDLE (1) -> FROM_MOVE (3)
2026-05-18 09:08:55 CartMoveState: FROM_MOVE (3) -> FROM_CART (4)
2026-05-18 09:08:57 CartMoveState: FROM_CART (4) -> AUX_DECIDE (5)
2026-05-18 09:08:57 CartMoveState: AUX_DECIDE (5) -> TO_MOVE (10)
2026-05-18 09:08:59 CartMoveState: TO_MOVE (10) -> TO_CART (11)
2026-05-18 09:09:01 CartMoveState: TO_CART (11) -> HOME_MOVE (12)
2026-05-18 09:09:02 CartMoveState: HOME_MOVE (12) -> HALT (13)
2026-05-18 09:09:02 CartMoveState: HALT (13) -> IDLE (1)
2026-05-18 09:09:02 Handler State: EMPTY_AUX (13) -> MOVE_ARM_HOME (14)
2026-05-18 09:09:02 Handler State: MOVE_ARM_HOME (14) -> HANDLER_IDLE (1)
2026-05-18 09:09:58 Handler State: HANDLER_IDLE (1) -> HANDLER_START (2)
2026-05-18 09:09:58 Handler State: HANDLER_START (2) -> DECIDE_CART (3)
2026-05-18 09:09:58 Selection: IFS has correct material and its cartridge has correct material.
2026-05-18 09:09:58 Selected Primary Cartridge: 5
2026-05-18 09:09:58 Selected Primary Station: 103
2026-05-18 09:09:58 Selected Secondary Cartridge: 0
2026-05-18 09:09:58 Selected Secondary Station: 0
2026-05-18 09:09:58 Selected Filling Volume: 640
2026-05-18 09:09:58 Handler State: DECIDE_CART (3) -> CHECK_SEC_CART (26)
2026-05-18 09:09:58 Handler State: CHECK_SEC_CART (26) -> PROBE_CART (24)
2026-05-18 09:09:58 CartMove: Exchange 1, from 103
2026-05-18 09:09:58 CartMoveState: IDLE (1) -> FROM_MOVE (3)
2026-05-18 09:09:59 CartMoveState: FROM_MOVE (3) -> FROM_PROBE (19)
2026-05-18 09:10:00 Handler State: PROBE_CART (24) -> PROCESS_CART (6)
2026-05-18 09:11:18 Setting CBS color valve (FillGate): 1
2026-05-18 09:11:19 Primed volume (FillGate): 1.97637
2026-05-18 09:11:19 Re-Calculated Filling Volume: 640
2026-05-18 09:11:19 Setting CBS color valve (FillCart): 1
2026-05-18 09:11:43 Handler State: PROCESS_CART (6) -> EXCHANGE_ONE (7)
2026-05-18 09:11:43 CartMove: Exchange 1, from 103
2026-05-18 09:11:43 CartMoveState: FROM_PROBE (19) -> FROM_CART (4)
2026-05-18 09:11:48 Setting CBS color valve (Finished): 0
2026-05-18 09:11:50 CartMoveState: FROM_CART (4) -> TO_MOVE (10)
2026-05-18 09:11:52 CartMoveState: TO_MOVE (10) -> EXCH_1_WAIT (14)
2026-05-18 09:11:52 Handler State: EXCHANGE_ONE (7) -> START_DCU (8)
2026-05-18 09:13:41 Handler State: START_DCU (8) -> EXCHANGE_TWO (9)
2026-05-18 09:13:41 CartMove: Exchange 2
2026-05-18 09:13:52 CartMoveState: EXCH_1_WAIT (14) -> EXCH_1_CART (15)
2026-05-18 09:13:55 CartMoveState: EXCH_1_CART (15) -> EXCH_2_MOVE (16)
2026-05-18 09:13:56 CartMoveState: EXCH_2_MOVE (16) -> EXCH_2_CART (17)
2026-05-18 09:13:58 CartMoveState: EXCH_2_CART (17) -> STORE_DECIDE (18)
2026-05-18 09:13:58 Used volume for last job: 468.148
2026-05-18 09:13:58 Handler State: EXCHANGE_TWO (9) -> WAIT_FOR_DCU (10)
2026-05-18 09:14:00 Handler State: WAIT_FOR_DCU (10) -> EXCHANGE_THREE (11)
2026-05-18 09:14:00 CartMove: Exchange 3
2026-05-18 09:14:00 CartMoveState: STORE_DECIDE (18) -> AUX_DECIDE (5)
2026-05-18 09:14:00 CartMoveState: AUX_DECIDE (5) -> TO_MOVE (10)
2026-05-18 09:14:01 CartMoveState: TO_MOVE (10) -> TO_CART (11)
2026-05-18 09:14:03 CartMoveState: TO_CART (11) -> HOME_MOVE (12)
2026-05-18 09:14:05 CartMoveState: HOME_MOVE (12) -> HALT (13)
2026-05-18 09:14:05 CartMoveState: HALT (13) -> IDLE (1)
2026-05-18 09:14:05 Handler State: EXCHANGE_THREE (11) -> POST_PROCESS (12)
2026-05-18 09:14:05 Handler State: POST_PROCESS (12) -> MOVE_ARM_HOME (14)
2026-05-18 09:14:05 Handler State: MOVE_ARM_HOME (14) -> HANDLER_IDLE (1)
2026-05-18 09:14:43 Handler State: HANDLER_IDLE (1) -> HANDLER_START (2)
2026-05-18 09:14:44 Handler State: HANDLER_START (2) -> DECIDE_CART (3)
2026-05-18 09:14:44 Selection: Last resort, just pick the first IFS.
2026-05-18 09:14:44 Selection: Cartridge is clean.
2026-05-18 09:14:44 Selected Primary Cartridge: 2
2026-05-18 09:14:44 Selected Primary Station: 103
2026-05-18 09:14:44 Selected Secondary Cartridge: 0
2026-05-18 09:14:44 Selected Secondary Station: 0
2026-05-18 09:14:44 Selected Filling Volume: 432
2026-05-18 09:14:44 Handler State: DECIDE_CART (3) -> PLACE_CART (5)
2026-05-18 09:14:44 CartMove: Move, from 106 to 103
2026-05-18 09:14:44 CartMoveState: IDLE (1) -> FROM_MOVE (3)
2026-05-18 09:14:45 CartMoveState: FROM_MOVE (3) -> FROM_CART (4)
2026-05-18 09:14:47 CartMoveState: FROM_CART (4) -> AUX_DECIDE (5)
2026-05-18 09:14:47 CartMoveState: AUX_DECIDE (5) -> TO_MOVE (10)
2026-05-18 09:14:49 CartMoveState: TO_MOVE (10) -> TO_CART (11)
2026-05-18 09:14:51 CartMoveState: TO_CART (11) -> HOME_MOVE (12)
2026-05-18 09:14:51 CartMoveState: HOME_MOVE (12) -> HALT (13)
2026-05-18 09:14:51 CartMoveState: HALT (13) -> IDLE (1)
2026-05-18 09:14:51 Handler State: PLACE_CART (5) -> CHECK_SEC_CART (26)
2026-05-18 09:14:51 Handler State: CHECK_SEC_CART (26) -> PROBE_CART (24)
2026-05-18 09:14:51 CartMove: Exchange 1, from 103
2026-05-18 09:14:51 CartMoveState: IDLE (1) -> FROM_MOVE (3)
2026-05-18 09:14:51 CartMoveState: FROM_MOVE (3) -> FROM_PROBE (19)
2026-05-18 09:14:53 Handler State: PROBE_CART (24) -> PROCESS_CART (6)
2026-05-18 09:15:18 Setting CBS color valve (FillIFS): 2
2026-05-18 09:15:19 Primed volume (FillIFS): 5.02616
2026-05-18 09:15:19 Re-Calculated Filling Volume: 432
2026-05-18 09:15:19 Setting CBS color valve (FillCart): 2
2026-05-18 09:15:40 Handler State: PROCESS_CART (6) -> EXCHANGE_ONE (7)
2026-05-18 09:15:40 CartMove: Exchange 1, from 103
2026-05-18 09:15:40 CartMoveState: FROM_PROBE (19) -> FROM_CART (4)
2026-05-18 09:15:45 Setting CBS color valve (Finished): 0
2026-05-18 09:15:47 CartMoveState: FROM_CART (4) -> TO_MOVE (10)
2026-05-18 09:15:49 CartMoveState: TO_MOVE (10) -> EXCH_1_WAIT (14)
2026-05-18 09:15:49 Handler State: EXCHANGE_ONE (7) -> START_DCU (8)
2026-05-18 09:18:39 Handler State: START_DCU (8) -> EXCHANGE_TWO (9)
2026-05-18 09:18:39 CartMove: Exchange 2
2026-05-18 09:18:50 CartMoveState: EXCH_1_WAIT (14) -> EXCH_1_CART (15)
2026-05-18 09:18:52 CartMoveState: EXCH_1_CART (15) -> EXCH_2_MOVE (16)
2026-05-18 09:18:54 CartMoveState: EXCH_2_MOVE (16) -> EXCH_2_CART (17)
2026-05-18 09:18:56 CartMoveState: EXCH_2_CART (17) -> STORE_DECIDE (18)
2026-05-18 09:18:56 Used volume for last job: 214.12
2026-05-18 09:18:56 Handler State: EXCHANGE_TWO (9) -> WAIT_FOR_DCU (10)
2026-05-18 09:18:57 Handler State: WAIT_FOR_DCU (10) -> EXCHANGE_THREE (11)
2026-05-18 09:18:57 CartMove: Exchange 3
2026-05-18 09:18:57 CartMoveState: STORE_DECIDE (18) -> AUX_DECIDE (5)
2026-05-18 09:18:57 CartMoveState: AUX_DECIDE (5) -> TO_MOVE (10)
2026-05-18 09:18:58 CartMoveState: TO_MOVE (10) -> TO_CART (11)
2026-05-18 09:19:00 CartMoveState: TO_CART (11) -> HOME_MOVE (12)
2026-05-18 09:19:01 CartMoveState: HOME_MOVE (12) -> HALT (13)
2026-05-18 09:19:01 CartMoveState: HALT (13) -> IDLE (1)
2026-05-18 09:19:01 Handler State: EXCHANGE_THREE (11) -> POST_PROCESS (12)
2026-05-18 09:19:01 Handler State: POST_PROCESS (12) -> MOVE_ARM_HOME (14)
2026-05-18 09:19:01 Handler State: MOVE_ARM_HOME (14) -> HANDLER_IDLE (1)
2026-05-18 09:19:58 Handler State: HANDLER_IDLE (1) -> HANDLER_START (2)
2026-05-18 09:19:58 Handler State: HANDLER_START (2) -> DECIDE_CART (3)
2026-05-18 09:19:58 Selection: Last resort, just pick the first IFS.
2026-05-18 09:19:58 Selection: Last resort, just pick the first cartridge.
2026-05-18 09:19:58 Selected Primary Cartridge: 3
2026-05-18 09:19:58 Selected Primary Station: 104
2026-05-18 09:19:58 Selected Secondary Cartridge: 0
2026-05-18 09:19:58 Selected Secondary Station: 0
2026-05-18 09:19:58 Selected Filling Volume: 512
2026-05-18 09:19:58 Handler State: DECIDE_CART (3) -> CHECK_SEC_CART (26)
2026-05-18 09:19:58 Handler State: CHECK_SEC_CART (26) -> PROBE_CART (24)
2026-05-18 09:19:58 CartMove: Exchange 1, from 104
2026-05-18 09:19:58 CartMoveState: IDLE (1) -> FROM_MOVE (3)
2026-05-18 09:19:59 CartMoveState: FROM_MOVE (3) -> FROM_PROBE (19)
2026-05-18 09:20:01 Handler State: PROBE_CART (24) -> PROCESS_CART (6)
2026-05-18 09:20:34 Setting CBS color valve (FillIFS): 2
2026-05-18 09:20:35 Primed volume (FillIFS): 3.93893
2026-05-18 09:20:35 Re-Calculated Filling Volume: 512
2026-05-18 09:20:35 Setting CBS color valve (FillCart): 2
2026-05-18 09:20:59 Handler State: PROCESS_CART (6) -> EXCHANGE_ONE (7)
2026-05-18 09:20:59 CartMove: Exchange 1, from 104
2026-05-18 09:20:59 CartMoveState: FROM_PROBE (19) -> FROM_CART (4)
2026-05-18 09:21:05 Setting CBS color valve (Finished): 0
2026-05-18 09:21:07 CartMoveState: FROM_CART (4) -> TO_MOVE (10)
2026-05-18 09:21:08 CartMoveState: TO_MOVE (10) -> EXCH_1_WAIT (14)
2026-05-18 09:21:08 Handler State: EXCHANGE_ONE (7) -> START_DCU (8)
2026-05-18 09:23:21 Handler State: START_DCU (8) -> EXCHANGE_TWO (9)
2026-05-18 09:23:21 CartMove: Exchange 2
2026-05-18 09:23:32 CartMoveState: EXCH_1_WAIT (14) -> EXCH_1_CART (15)
2026-05-18 09:23:35 CartMoveState: EXCH_1_CART (15) -> EXCH_2_MOVE (16)
2026-05-18 09:23:36 CartMoveState: EXCH_2_MOVE (16) -> EXCH_2_CART (17)
2026-05-18 09:23:38 CartMoveState: EXCH_2_CART (17) -> STORE_DECIDE (18)
2026-05-18 09:23:38 Used volume for last job: 380.554
2026-05-18 09:23:38 Handler State: EXCHANGE_TWO (9) -> WAIT_FOR_DCU (10)
2026-05-18 09:23:40 Handler State: WAIT_FOR_DCU (10) -> EXCHANGE_THREE (11)
2026-05-18 09:23:40 CartMove: Exchange 3
2026-05-18 09:23:40 CartMoveState: STORE_DECIDE (18) -> AUX_DECIDE (5)
2026-05-18 09:23:40 CartMoveState: AUX_DECIDE (5) -> TO_MOVE (10)
2026-05-18 09:23:41 CartMoveState: TO_MOVE (10) -> TO_CART (11)
2026-05-18 09:23:43 CartMoveState: TO_CART (11) -> HOME_MOVE (12)
2026-05-18 09:23:45 CartMoveState: HOME_MOVE (12) -> HALT (13)
2026-05-18 09:23:45 CartMoveState: HALT (13) -> IDLE (1)
2026-05-18 09:23:45 Handler State: EXCHANGE_THREE (11) -> POST_PROCESS (12)
2026-05-18 09:23:45 Handler State: POST_PROCESS (12) -> MOVE_ARM_HOME (14)
2026-05-18 09:23:45 Handler State: MOVE_ARM_HOME (14) -> HANDLER_IDLE (1)
2026-05-18 09:24:22 Handler State: HANDLER_IDLE (1) -> HANDLER_START (2)
2026-05-18 09:24:23 Handler State: HANDLER_START (2) -> DECIDE_CART (3)
2026-05-18 09:24:23 Selection: Last resort, just pick the first IFS.
2026-05-18 09:24:23 Selection: Cartridge has correct material.
2026-05-18 09:24:23 Selected Primary Cartridge: 5
2026-05-18 09:24:23 Selected Primary Station: 103
2026-05-18 09:24:23 Selected Secondary Cartridge: 0
2026-05-18 09:24:23 Selected Secondary Station: 0
2026-05-18 09:24:23 Selected Filling Volume: 650
2026-05-18 09:24:23 Handler State: DECIDE_CART (3) -> CHECK_SEC_CART (26)
2026-05-18 09:24:23 Handler State: CHECK_SEC_CART (26) -> PROBE_CART (24)
2026-05-18 09:24:23 CartMove: Exchange 1, from 103
2026-05-18 09:24:23 CartMoveState: IDLE (1) -> FROM_MOVE (3)
2026-05-18 09:24:23 CartMoveState: FROM_MOVE (3) -> FROM_PROBE (19)
2026-05-18 09:24:25 Handler State: PROBE_CART (24) -> PROCESS_CART (6)
2026-05-18 09:25:49 Setting CBS color valve (FillIFS): 1
2026-05-18 09:25:50 Primed volume (FillIFS): 4.31617
2026-05-18 09:25:50 Re-Calculated Filling Volume: 650
2026-05-18 09:25:50 Setting CBS color valve (FillCart): 1
2026-05-18 09:26:14 Handler State: PROCESS_CART (6) -> EXCHANGE_ONE (7)
2026-05-18 09:26:14 CartMove: Exchange 1, from 103
2026-05-18 09:26:14 CartMoveState: FROM_PROBE (19) -> FROM_CART (4)
2026-05-18 09:26:19 Setting CBS color valve (Finished): 0
2026-05-18 09:26:21 CartMoveState: FROM_CART (4) -> TO_MOVE (10)
2026-05-18 09:26:23 CartMoveState: TO_MOVE (10) -> EXCH_1_WAIT (14)
2026-05-18 09:26:23 Handler State: EXCHANGE_ONE (7) -> START_DCU (8)
2026-05-18 09:28:22 Handler State: START_DCU (8) -> EXCHANGE_TWO (9)
2026-05-18 09:28:22 CartMove: Exchange 2
2026-05-18 09:28:33 CartMoveState: EXCH_1_WAIT (14) -> EXCH_1_CART (15)
2026-05-18 09:28:35 CartMoveState: EXCH_1_CART (15) -> EXCH_2_MOVE (16)
2026-05-18 09:28:36 CartMoveState: EXCH_2_MOVE (16) -> EXCH_2_CART (17)
2026-05-18 09:28:38 CartMoveState: EXCH_2_CART (17) -> STORE_DECIDE (18)
2026-05-18 09:28:38 Used volume for last job: 460.305
2026-05-18 09:28:38 Handler State: EXCHANGE_TWO (9) -> WAIT_FOR_DCU (10)
2026-05-18 09:28:40 Handler State: WAIT_FOR_DCU (10) -> EXCHANGE_THREE (11)
2026-05-18 09:28:40 CartMove: Exchange 3
2026-05-18 09:28:40 CartMoveState: STORE_DECIDE (18) -> AUX_DECIDE (5)
2026-05-18 09:28:40 CartMoveState: AUX_DECIDE (5) -> TO_MOVE (10)
2026-05-18 09:28:41 CartMoveState: TO_MOVE (10) -> TO_CART (11)
2026-05-18 09:28:43 CartMoveState: TO_CART (11) -> HOME_MOVE (12)
2026-05-18 09:28:44 CartMoveState: HOME_MOVE (12) -> HALT (13)
2026-05-18 09:28:44 CartMoveState: HALT (13) -> IDLE (1)
2026-05-18 09:28:44 Handler State: EXCHANGE_THREE (11) -> POST_PROCESS (12)
2026-05-18 09:28:44 Handler State: POST_PROCESS (12) -> MOVE_ARM_HOME (14)
2026-05-18 09:28:44 Handler State: MOVE_ARM_HOME (14) -> HANDLER_IDLE (1)
2026-05-18 09:40:24 Handler State: HANDLER_IDLE (1) -> HANDLER_START (2)
2026-05-18 09:40:25 Handler State: HANDLER_START (2) -> DECIDE_CART (3)
2026-05-18 09:40:25 Selection: Last resort, just pick the first IFS.
2026-05-18 09:40:25 Selection: Last resort, just pick the first cartridge.
2026-05-18 09:40:25 Selected Primary Cartridge: 3
2026-05-18 09:40:25 Selected Primary Station: 104
2026-05-18 09:40:25 Selected Secondary Cartridge: 0
2026-05-18 09:40:25 Selected Secondary Station: 0
2026-05-18 09:40:25 Selected Filling Volume: 515
2026-05-18 09:40:25 Handler State: DECIDE_CART (3) -> CHECK_SEC_CART (26)
2026-05-18 09:40:25 Handler State: CHECK_SEC_CART (26) -> PROBE_CART (24)
2026-05-18 09:40:25 CartMove: Exchange 1, from 104
2026-05-18 09:40:25 CartMoveState: IDLE (1) -> FROM_MOVE (3)
2026-05-18 09:40:26 CartMoveState: FROM_MOVE (3) -> FROM_PROBE (19)
2026-05-18 09:40:28 Handler State: PROBE_CART (24) -> PROCESS_CART (6)
2026-05-18 09:41:00 Setting CBS color valve (FillIFS): 1
2026-05-18 09:41:02 Primed volume (FillIFS): 4.19697
2026-05-18 09:41:02 Re-Calculated Filling Volume: 515
2026-05-18 09:41:02 Setting CBS color valve (FillCart): 1
2026-05-18 09:41:27 Handler State: PROCESS_CART (6) -> EXCHANGE_ONE (7)
2026-05-18 09:41:27 CartMove: Exchange 1, from 104
2026-05-18 09:41:27 CartMoveState: FROM_PROBE (19) -> FROM_CART (4)
2026-05-18 09:41:32 Setting CBS color valve (Finished): 0
2026-05-18 09:41:34 CartMoveState: FROM_CART (4) -> TO_MOVE (10)
2026-05-18 09:41:36 CartMoveState: TO_MOVE (10) -> EXCH_1_WAIT (14)
2026-05-18 09:41:36 Handler State: EXCHANGE_ONE (7) -> START_DCU (8)
2026-05-18 09:41:36 Handler State: START_DCU (8) -> EXCHANGE_TWO (9)
2026-05-18 09:41:36 CartMove: Exchange 2
2026-05-18 09:41:36 CartMoveState: EXCH_1_WAIT (14) -> EXCH_1_CART (15)
2026-05-18 09:41:39 CartMoveState: EXCH_1_CART (15) -> EXCH_2_MOVE (16)
2026-05-18 09:41:40 CartMoveState: EXCH_2_MOVE (16) -> EXCH_2_CART (17)
2026-05-18 09:41:41 CartMoveState: EXCH_2_CART (17) -> STORE_DECIDE (18)
2026-05-18 09:41:41 Used volume for last job: 255.797
2026-05-18 09:41:41 Handler State: EXCHANGE_TWO (9) -> WAIT_FOR_DCU (10)
2026-05-18 09:41:43 Handler State: WAIT_FOR_DCU (10) -> EXCHANGE_THREE (11)
2026-05-18 09:41:43 CartMove: Exchange 3
2026-05-18 09:41:43 CartMoveState: STORE_DECIDE (18) -> AUX_DECIDE (5)
2026-05-18 09:41:43 CartMoveState: AUX_DECIDE (5) -> TO_MOVE (10)
2026-05-18 09:41:44 CartMoveState: TO_MOVE (10) -> TO_CART (11)
2026-05-18 09:41:46 CartMoveState: TO_CART (11) -> HOME_MOVE (12)
2026-05-18 09:41:47 CartMoveState: HOME_MOVE (12) -> HALT (13)
2026-05-18 09:41:47 CartMoveState: HALT (13) -> IDLE (1)
2026-05-18 09:41:47 Handler State: EXCHANGE_THREE (11) -> POST_PROCESS (12)
2026-05-18 09:41:47 Handler State: POST_PROCESS (12) -> MOVE_ARM_HOME (14)
2026-05-18 09:41:47 Handler State: MOVE_ARM_HOME (14) -> HANDLER_IDLE (1)
2026-05-18 09:46:29 Handler State: HANDLER_IDLE (1) -> SEMI_START (15)
2026-05-18 09:46:29 Handler State: SEMI_START (15) -> SEMI_TO_IFS (18)
2026-05-18 09:46:29 CartMove: Move, from 107 to 104
2026-05-18 09:46:29 CartMoveState: IDLE (1) -> FROM_MOVE (3)
2026-05-18 09:46:30 CartMoveState: FROM_MOVE (3) -> FROM_CART (4)
2026-05-18 09:46:33 CartMoveState: FROM_CART (4) -> AUX_DECIDE (5)
2026-05-18 09:46:33 CartMoveState: AUX_DECIDE (5) -> TO_MOVE (10)
2026-05-18 09:46:34 CartMoveState: TO_MOVE (10) -> TO_CART (11)
2026-05-18 09:46:36 CartMoveState: TO_CART (11) -> HOME_MOVE (12)
2026-05-18 09:46:37 CartMoveState: HOME_MOVE (12) -> HALT (13)
2026-05-18 09:46:37 CartMoveState: HALT (13) -> IDLE (1)
2026-05-18 09:46:37 Handler State: SEMI_TO_IFS (18) -> SEMI_PROBE_CART (25)
2026-05-18 09:46:40 Handler State: SEMI_PROBE_CART (25) -> SEMI_PROCESS (16)
2026-05-18 09:47:13 Re-Calculated Filling Volume: 0
2026-05-18 09:47:18 Setting CBS color valve (Finished): 0
2026-05-18 09:47:18 Handler State: SEMI_PROCESS (16) -> SEMI_FROM_IFS (20)
2026-05-18 09:47:18 CartMove: Move, from 104 to 107
2026-05-18 09:47:18 CartMoveState: IDLE (1) -> FROM_MOVE (3)
2026-05-18 09:47:18 CartMoveState: FROM_MOVE (3) -> FROM_CART (4)
2026-05-18 09:47:21 CartMoveState: FROM_CART (4) -> AUX_DECIDE (5)
2026-05-18 09:47:21 CartMoveState: AUX_DECIDE (5) -> TO_MOVE (10)
2026-05-18 09:47:23 CartMoveState: TO_MOVE (10) -> TO_CART (11)
2026-05-18 09:47:25 CartMoveState: TO_CART (11) -> HOME_MOVE (12)
2026-05-18 09:47:26 CartMoveState: HOME_MOVE (12) -> HALT (13)
2026-05-18 09:47:26 CartMoveState: HALT (13) -> IDLE (1)
2026-05-18 09:47:26 Handler State: SEMI_FROM_IFS (20) -> SEMI_WHAT_NEXT (21)
2026-05-18 09:47:26 Handler State: SEMI_WHAT_NEXT (21) -> SEMI_FINISHED (23)
2026-05-18 09:47:26 Handler State: SEMI_FINISHED (23) -> HANDLER_IDLE (1)
2026-05-18 09:47:29 Handler State: HANDLER_IDLE (1) -> HANDLER_START (2)
2026-05-18 09:47:30 Handler State: HANDLER_START (2) -> DECIDE_CART (3)
2026-05-18 09:47:30 Selection: IFS is clean.
2026-05-18 09:47:30 Selection: Cartridge is clean.
2026-05-18 09:47:30 Selected Primary Cartridge: 6
2026-05-18 09:47:30 Selected Primary Station: 104
2026-05-18 09:47:30 Selected Secondary Cartridge: 0
2026-05-18 09:47:30 Selected Secondary Station: 0
2026-05-18 09:47:30 Selected Filling Volume: 317
2026-05-18 09:47:30 Handler State: DECIDE_CART (3) -> PLACE_CART (5)
2026-05-18 09:47:30 CartMove: Move, from 107 to 104
2026-05-18 09:47:30 CartMoveState: IDLE (1) -> FROM_MOVE (3)
2026-05-18 09:47:31 CartMoveState: FROM_MOVE (3) -> FROM_CART (4)
2026-05-18 09:47:34 CartMoveState: FROM_CART (4) -> AUX_DECIDE (5)
2026-05-18 09:47:34 CartMoveState: AUX_DECIDE (5) -> TO_MOVE (10)
2026-05-18 09:47:35 CartMoveState: TO_MOVE (10) -> TO_CART (11)
2026-05-18 09:47:37 CartMoveState: TO_CART (11) -> HOME_MOVE (12)
2026-05-18 09:47:38 CartMoveState: HOME_MOVE (12) -> HALT (13)
2026-05-18 09:47:38 CartMoveState: HALT (13) -> IDLE (1)
2026-05-18 09:47:38 Handler State: PLACE_CART (5) -> CHECK_SEC_CART (26)
2026-05-18 09:47:38 Handler State: CHECK_SEC_CART (26) -> PROBE_CART (24)
2026-05-18 09:47:38 CartMove: Exchange 1, from 104
2026-05-18 09:47:38 CartMoveState: IDLE (1) -> FROM_MOVE (3)
2026-05-18 09:47:39 CartMoveState: FROM_MOVE (3) -> FROM_PROBE (19)
2026-05-18 09:47:41 Handler State: PROBE_CART (24) -> PROCESS_CART (6)
2026-05-18 09:47:41 Setting CBS color valve (FillIFS): 2
2026-05-18 09:47:42 Primed volume (FillIFS): 4.82845
2026-05-18 09:47:42 Re-Calculated Filling Volume: 317
2026-05-18 09:47:42 Setting CBS color valve (FillCart): 2
2026-05-18 09:48:00 Handler State: PROCESS_CART (6) -> EXCHANGE_ONE (7)
2026-05-18 09:48:00 CartMove: Exchange 1, from 104
2026-05-18 09:48:00 CartMoveState: FROM_PROBE (19) -> FROM_CART (4)
2026-05-18 09:48:05 Setting CBS color valve (Finished): 0
2026-05-18 09:48:07 CartMoveState: FROM_CART (4) -> TO_MOVE (10)
2026-05-18 09:48:09 CartMoveState: TO_MOVE (10) -> EXCH_1_WAIT (14)
2026-05-18 09:48:09 Handler State: EXCHANGE_ONE (7) -> START_DCU (8)
2026-05-18 09:48:09 Handler State: START_DCU (8) -> EXCHANGE_TWO (9)
2026-05-18 09:48:09 CartMove: Exchange 2
2026-05-18 09:48:09 CartMoveState: EXCH_1_WAIT (14) -> EXCH_1_CART (15)
2026-05-18 09:48:12 CartMoveState: EXCH_1_CART (15) -> EXCH_2_MOVE (16)
2026-05-18 09:48:13 CartMoveState: EXCH_2_MOVE (16) -> EXCH_2_CART (17)
2026-05-18 09:48:15 CartMoveState: EXCH_2_CART (17) -> STORE_DECIDE (18)
2026-05-18 09:48:15 Used volume for last job: 463.064
2026-05-18 09:48:15 Handler State: EXCHANGE_TWO (9) -> WAIT_FOR_DCU (10)
2026-05-18 09:48:17 Handler State: WAIT_FOR_DCU (10) -> EXCHANGE_THREE (11)
2026-05-18 09:48:17 CartMove: Exchange 3
2026-05-18 09:48:17 CartMoveState: STORE_DECIDE (18) -> AUX_DECIDE (5)
2026-05-18 09:48:17 CartMoveState: AUX_DECIDE (5) -> TO_MOVE (10)
2026-05-18 09:48:17 CartMoveState: TO_MOVE (10) -> TO_CART (11)
2026-05-18 09:48:20 CartMoveState: TO_CART (11) -> HOME_MOVE (12)
2026-05-18 09:48:21 CartMoveState: HOME_MOVE (12) -> HALT (13)
2026-05-18 09:48:21 CartMoveState: HALT (13) -> IDLE (1)
2026-05-18 09:48:21 Handler State: EXCHANGE_THREE (11) -> POST_PROCESS (12)
2026-05-18 09:48:21 Handler State: POST_PROCESS (12) -> MOVE_ARM_HOME (14)
2026-05-18 09:48:21 Handler State: MOVE_ARM_HOME (14) -> HANDLER_IDLE (1)
2026-05-18 10:06:02 Handler State: HANDLER_IDLE (1) -> HANDLER_START (2)
2026-05-18 10:06:03 Handler State: HANDLER_START (2) -> DECIDE_CART (3)
2026-05-18 10:06:03 Selection: Last resort, just pick the first IFS.
2026-05-18 10:06:03 Selection: Last resort, just pick the first cartridge.
2026-05-18 10:06:03 Selected Primary Cartridge: 1
2026-05-18 10:06:03 Selected Primary Station: 102
2026-05-18 10:06:03 Selected Secondary Cartridge: 0
2026-05-18 10:06:03 Selected Secondary Station: 0
2026-05-18 10:06:03 Selected Filling Volume: 311
2026-05-18 10:06:03 Handler State: DECIDE_CART (3) -> REMOVE_CART (4)
2026-05-18 10:06:03 CartMove: Move, from 102 to 108
2026-05-18 10:06:03 CartMoveState: IDLE (1) -> FROM_MOVE (3)
2026-05-18 10:06:03 CartMoveState: FROM_MOVE (3) -> FROM_CART (4)
2026-05-18 10:06:06 CartMoveState: FROM_CART (4) -> AUX_DECIDE (5)
2026-05-18 10:06:06 CartMoveState: AUX_DECIDE (5) -> TO_MOVE (10)
2026-05-18 10:06:08 CartMoveState: TO_MOVE (10) -> TO_CART (11)
2026-05-18 10:06:10 CartMoveState: TO_CART (11) -> HOME_MOVE (12)
2026-05-18 10:06:12 CartMoveState: HOME_MOVE (12) -> HALT (13)
2026-05-18 10:06:12 CartMoveState: HALT (13) -> IDLE (1)
2026-05-18 10:06:12 Handler State: REMOVE_CART (4) -> PLACE_CART (5)
2026-05-18 10:06:12 CartMove: Move, from 105 to 102
2026-05-18 10:06:12 CartMoveState: IDLE (1) -> FROM_MOVE (3)
2026-05-18 10:06:13 CartMoveState: FROM_MOVE (3) -> FROM_CART (4)
2026-05-18 10:06:15 CartMoveState: FROM_CART (4) -> AUX_DECIDE (5)
2026-05-18 10:06:15 CartMoveState: AUX_DECIDE (5) -> TO_MOVE (10)
2026-05-18 10:06:17 CartMoveState: TO_MOVE (10) -> TO_CART (11)
2026-05-18 10:06:19 CartMoveState: TO_CART (11) -> HOME_MOVE (12)
2026-05-18 10:06:20 CartMoveState: HOME_MOVE (12) -> HALT (13)
2026-05-18 10:06:20 CartMoveState: HALT (13) -> IDLE (1)
2026-05-18 10:06:20 Handler State: PLACE_CART (5) -> CHECK_SEC_CART (26)
2026-05-18 10:06:20 Handler State: CHECK_SEC_CART (26) -> PROBE_CART (24)
2026-05-18 10:06:20 CartMove: Exchange 1, from 102
2026-05-18 10:06:20 CartMoveState: IDLE (1) -> FROM_MOVE (3)
2026-05-18 10:06:21 CartMoveState: FROM_MOVE (3) -> FROM_PROBE (19)
2026-05-18 10:06:22 Handler State: PROBE_CART (24) -> PROCESS_CART (6)
2026-05-18 10:07:26 Setting CBS color valve (FillIFS): 1
2026-05-18 10:07:28 Primed volume (FillIFS): 4.29225
2026-05-18 10:07:28 Re-Calculated Filling Volume: 311
2026-05-18 10:07:28 Setting CBS color valve (FillCart): 1
2026-05-18 10:07:44 Handler State: PROCESS_CART (6) -> EXCHANGE_ONE (7)
2026-05-18 10:07:44 CartMove: Exchange 1, from 102
2026-05-18 10:07:44 CartMoveState: FROM_PROBE (19) -> FROM_CART (4)
2026-05-18 10:07:51 Setting CBS color valve (Finished): 0
2026-05-18 10:07:53 CartMoveState: FROM_CART (4) -> TO_MOVE (10)
2026-05-18 10:07:54 CartMoveState: TO_MOVE (10) -> EXCH_1_WAIT (14)
2026-05-18 10:07:54 Handler State: EXCHANGE_ONE (7) -> START_DCU (8)
2026-05-18 10:08:28 Handler State: START_DCU (8) -> EXCHANGE_TWO (9)
2026-05-18 10:08:28 CartMove: Exchange 2
2026-05-18 10:08:39 CartMoveState: EXCH_1_WAIT (14) -> EXCH_1_CART (15)
2026-05-18 10:08:42 CartMoveState: EXCH_1_CART (15) -> EXCH_2_MOVE (16)
2026-05-18 10:08:43 CartMoveState: EXCH_2_MOVE (16) -> EXCH_2_CART (17)
2026-05-18 10:08:45 CartMoveState: EXCH_2_CART (17) -> STORE_DECIDE (18)
2026-05-18 10:08:45 Used volume for last job: 265.151
2026-05-18 10:08:45 Handler State: EXCHANGE_TWO (9) -> WAIT_FOR_DCU (10)
2026-05-18 10:08:47 Handler State: WAIT_FOR_DCU (10) -> EXCHANGE_THREE (11)
2026-05-18 10:08:47 CartMove: Exchange 3
2026-05-18 10:08:47 CartMoveState: STORE_DECIDE (18) -> AUX_DECIDE (5)
2026-05-18 10:08:47 CartMoveState: AUX_DECIDE (5) -> TO_MOVE (10)
2026-05-18 10:08:48 CartMoveState: TO_MOVE (10) -> TO_CART (11)
2026-05-18 10:08:50 CartMoveState: TO_CART (11) -> HOME_MOVE (12)
2026-05-18 10:08:52 CartMoveState: HOME_MOVE (12) -> HALT (13)
2026-05-18 10:08:52 CartMoveState: HALT (13) -> IDLE (1)
2026-05-18 10:08:52 Handler State: EXCHANGE_THREE (11) -> POST_PROCESS (12)
2026-05-18 10:08:52 Handler State: POST_PROCESS (12) -> EMPTY_AUX (13)
2026-05-18 10:08:52 CartMove: Move, from 108 to 102
2026-05-18 10:08:52 CartMoveState: IDLE (1) -> FROM_MOVE (3)
2026-05-18 10:08:53 CartMoveState: FROM_MOVE (3) -> FROM_CART (4)
2026-05-18 10:08:56 CartMoveState: FROM_CART (4) -> AUX_DECIDE (5)
2026-05-18 10:08:56 CartMoveState: AUX_DECIDE (5) -> TO_MOVE (10)
2026-05-18 10:08:58 CartMoveState: TO_MOVE (10) -> TO_CART (11)
2026-05-18 10:09:00 CartMoveState: TO_CART (11) -> HOME_MOVE (12)
2026-05-18 10:09:01 CartMoveState: HOME_MOVE (12) -> HALT (13)
2026-05-18 10:09:01 CartMoveState: HALT (13) -> IDLE (1)
2026-05-18 10:09:01 Handler State: EMPTY_AUX (13) -> MOVE_ARM_HOME (14)
2026-05-18 10:09:01 Handler State: MOVE_ARM_HOME (14) -> HANDLER_IDLE (1)
2026-05-18 10:09:31 Handler State: HANDLER_IDLE (1) -> HANDLER_START (2)
2026-05-18 10:09:32 Handler State: HANDLER_START (2) -> DECIDE_CART (3)
2026-05-18 10:09:32 Selection: Last resort, just pick the first IFS.
2026-05-18 10:09:32 Selection: Last resort, just pick the first cartridge.
2026-05-18 10:09:32 Selected Primary Cartridge: 3
2026-05-18 10:09:32 Selected Primary Station: 104
2026-05-18 10:09:32 Selected Secondary Cartridge: 0
2026-05-18 10:09:32 Selected Secondary Station: 0
2026-05-18 10:09:32 Selected Filling Volume: 317
2026-05-18 10:09:32 Handler State: DECIDE_CART (3) -> CHECK_SEC_CART (26)
2026-05-18 10:09:32 Handler State: CHECK_SEC_CART (26) -> PROBE_CART (24)
2026-05-18 10:09:32 CartMove: Exchange 1, from 104
2026-05-18 10:09:32 CartMoveState: IDLE (1) -> FROM_MOVE (3)
2026-05-18 10:09:33 CartMoveState: FROM_MOVE (3) -> FROM_PROBE (19)
2026-05-18 10:09:34 Handler State: PROBE_CART (24) -> PROCESS_CART (6)
2026-05-18 10:10:07 Setting CBS color valve (FillIFS): 1
2026-05-18 10:10:08 Primed volume (FillIFS): 4.45673
2026-05-18 10:10:08 Re-Calculated Filling Volume: 317
2026-05-18 10:10:08 Setting CBS color valve (FillCart): 1
2026-05-18 10:10:28 Handler State: PROCESS_CART (6) -> EXCHANGE_ONE (7)
2026-05-18 10:10:28 CartMove: Exchange 1, from 104
2026-05-18 10:10:28 CartMoveState: FROM_PROBE (19) -> FROM_CART (4)
2026-05-18 10:10:34 Setting CBS color valve (Finished): 0
2026-05-18 10:10:36 CartMoveState: FROM_CART (4) -> TO_MOVE (10)
2026-05-18 10:10:37 CartMoveState: TO_MOVE (10) -> EXCH_1_WAIT (14)
2026-05-18 10:10:37 Handler State: EXCHANGE_ONE (7) -> START_DCU (8)
2026-05-18 10:12:23 Handler State: START_DCU (8) -> EXCHANGE_TWO (9)
2026-05-18 10:12:23 CartMove: Exchange 2
2026-05-18 10:12:34 CartMoveState: EXCH_1_WAIT (14) -> EXCH_1_CART (15)
2026-05-18 10:12:36 CartMoveState: EXCH_1_CART (15) -> EXCH_2_MOVE (16)
2026-05-18 10:12:37 CartMoveState: EXCH_2_MOVE (16) -> EXCH_2_CART (17)
2026-05-18 10:12:39 CartMoveState: EXCH_2_CART (17) -> STORE_DECIDE (18)
2026-05-18 10:12:39 Used volume for last job: 258.367
2026-05-18 10:12:39 Handler State: EXCHANGE_TWO (9) -> WAIT_FOR_DCU (10)
2026-05-18 10:12:41 Handler State: WAIT_FOR_DCU (10) -> EXCHANGE_THREE (11)
2026-05-18 10:12:41 CartMove: Exchange 3
2026-05-18 10:12:41 CartMoveState: STORE_DECIDE (18) -> AUX_DECIDE (5)
2026-05-18 10:12:41 CartMoveState: AUX_DECIDE (5) -> TO_MOVE (10)
2026-05-18 10:12:43 CartMoveState: TO_MOVE (10) -> TO_CART (11)
2026-05-18 10:12:45 CartMoveState: TO_CART (11) -> HOME_MOVE (12)
2026-05-18 10:12:46 CartMoveState: HOME_MOVE (12) -> HALT (13)
2026-05-18 10:12:46 CartMoveState: HALT (13) -> IDLE (1)
2026-05-18 10:12:46 Handler State: EXCHANGE_THREE (11) -> POST_PROCESS (12)
2026-05-18 10:12:46 Handler State: POST_PROCESS (12) -> MOVE_ARM_HOME (14)
2026-05-18 10:12:46 Handler State: MOVE_ARM_HOME (14) -> HANDLER_IDLE (1)
2026-05-18 10:28:03 Handler State: HANDLER_IDLE (1) -> SEMI_START (15)
2026-05-18 10:28:03 Handler State: SEMI_START (15) -> SEMI_PROBE_CART (25)
2026-05-18 10:28:06 Handler State: SEMI_PROBE_CART (25) -> SEMI_PROCESS (16)
2026-05-18 10:28:41 Re-Calculated Filling Volume: 0
2026-05-18 10:28:48 Setting CBS color valve (Finished): 0
2026-05-18 10:28:48 Handler State: SEMI_PROCESS (16) -> SEMI_WHAT_NEXT (21)
2026-05-18 10:28:48 Handler State: SEMI_WHAT_NEXT (21) -> SEMI_FINISHED (23)
2026-05-18 10:28:49 Handler State: SEMI_FINISHED (23) -> HANDLER_IDLE (1)
2026-05-18 10:29:03 Handler State: HANDLER_IDLE (1) -> HANDLER_START (2)
2026-05-18 10:29:04 Handler State: HANDLER_START (2) -> DECIDE_CART (3)
2026-05-18 10:29:04 Selection: IFS is clean and its cartridge is cleaned.
2026-05-18 10:29:04 Selected Primary Cartridge: 4
2026-05-18 10:29:04 Selected Primary Station: 102
2026-05-18 10:29:04 Selected Secondary Cartridge: 0
2026-05-18 10:29:04 Selected Secondary Station: 0
2026-05-18 10:29:04 Selected Filling Volume: 391
2026-05-18 10:29:04 Handler State: DECIDE_CART (3) -> CHECK_SEC_CART (26)
2026-05-18 10:29:04 Handler State: CHECK_SEC_CART (26) -> PROBE_CART (24)
2026-05-18 10:29:04 CartMove: Exchange 1, from 102
2026-05-18 10:29:04 CartMoveState: IDLE (1) -> FROM_MOVE (3)
2026-05-18 10:29:04 CartMoveState: FROM_MOVE (3) -> FROM_PROBE (19)
2026-05-18 10:29:06 Handler State: PROBE_CART (24) -> PROCESS_CART (6)
2026-05-18 10:29:06 Setting CBS color valve (FillIFS): 1
2026-05-18 10:29:07 Primed volume (FillIFS): 3.96766
2026-05-18 10:29:07 Re-Calculated Filling Volume: 391
2026-05-18 10:29:07 Setting CBS color valve (FillCart): 1
2026-05-18 10:29:26 Handler State: PROCESS_CART (6) -> EXCHANGE_ONE (7)
2026-05-18 10:29:26 CartMove: Exchange 1, from 102
2026-05-18 10:29:26 CartMoveState: FROM_PROBE (19) -> FROM_CART (4)
2026-05-18 10:29:32 Setting CBS color valve (Finished): 0
2026-05-18 10:29:35 CartMoveState: FROM_CART (4) -> TO_MOVE (10)
2026-05-18 10:29:36 CartMoveState: TO_MOVE (10) -> EXCH_1_WAIT (14)
2026-05-18 10:29:36 Handler State: EXCHANGE_ONE (7) -> START_DCU (8)
2026-05-18 10:29:36 Handler State: START_DCU (8) -> EXCHANGE_TWO (9)
2026-05-18 10:29:36 CartMove: Exchange 2
2026-05-18 10:29:36 CartMoveState: EXCH_1_WAIT (14) -> EXCH_1_CART (15)
2026-05-18 10:29:39 CartMoveState: EXCH_1_CART (15) -> EXCH_2_MOVE (16)
2026-05-18 10:29:40 CartMoveState: EXCH_2_MOVE (16) -> EXCH_2_CART (17)
2026-05-18 10:29:42 CartMoveState: EXCH_2_CART (17) -> STORE_DECIDE (18)
2026-05-18 10:29:42 Used volume for last job: 265.055
2026-05-18 10:29:42 Handler State: EXCHANGE_TWO (9) -> WAIT_FOR_DCU (10)
2026-05-18 10:29:44 Handler State: WAIT_FOR_DCU (10) -> EXCHANGE_THREE (11)
2026-05-18 10:29:44 CartMove: Exchange 3
2026-05-18 10:29:44 CartMoveState: STORE_DECIDE (18) -> AUX_DECIDE (5)
2026-05-18 10:29:44 CartMoveState: AUX_DECIDE (5) -> TO_MOVE (10)
2026-05-18 10:29:45 CartMoveState: TO_MOVE (10) -> TO_CART (11)
2026-05-18 10:29:47 CartMoveState: TO_CART (11) -> HOME_MOVE (12)
2026-05-18 10:29:48 CartMoveState: HOME_MOVE (12) -> HALT (13)
2026-05-18 10:29:48 CartMoveState: HALT (13) -> IDLE (1)
2026-05-18 10:29:48 Handler State: EXCHANGE_THREE (11) -> POST_PROCESS (12)
2026-05-18 10:29:48 Handler State: POST_PROCESS (12) -> MOVE_ARM_HOME (14)
2026-05-18 10:29:48 Handler State: MOVE_ARM_HOME (14) -> HANDLER_IDLE (1)
2026-05-18 10:32:32 Handler State: HANDLER_IDLE (1) -> HANDLER_START (2)
2026-05-18 10:32:32 Handler State: HANDLER_START (2) -> DECIDE_CART (3)
2026-05-18 10:32:32 Selection: Last resort, just pick the first IFS.
2026-05-18 10:32:32 Selection: Cartridge has correct material.
2026-05-18 10:32:32 Selected Primary Cartridge: 6
2026-05-18 10:32:32 Selected Primary Station: 104
2026-05-18 10:32:32 Selected Secondary Cartridge: 0
2026-05-18 10:32:32 Selected Secondary Station: 0
2026-05-18 10:32:32 Selected Filling Volume: 640
2026-05-18 10:32:32 Handler State: DECIDE_CART (3) -> REMOVE_CART (4)
2026-05-18 10:32:32 CartMove: Move, from 104 to 108
2026-05-18 10:32:32 CartMoveState: IDLE (1) -> FROM_MOVE (3)
2026-05-18 10:32:33 CartMoveState: FROM_MOVE (3) -> FROM_CART (4)
2026-05-18 10:32:36 CartMoveState: FROM_CART (4) -> AUX_DECIDE (5)
2026-05-18 10:32:36 CartMoveState: AUX_DECIDE (5) -> TO_MOVE (10)
2026-05-18 10:32:38 CartMoveState: TO_MOVE (10) -> TO_CART (11)
2026-05-18 10:32:40 CartMoveState: TO_CART (11) -> HOME_MOVE (12)
2026-05-18 10:32:41 CartMoveState: HOME_MOVE (12) -> HALT (13)
2026-05-18 10:32:41 CartMoveState: HALT (13) -> IDLE (1)
2026-05-18 10:32:41 Handler State: REMOVE_CART (4) -> PLACE_CART (5)
2026-05-18 10:32:41 CartMove: Move, from 107 to 104
2026-05-18 10:32:41 CartMoveState: IDLE (1) -> FROM_MOVE (3)
2026-05-18 10:32:43 CartMoveState: FROM_MOVE (3) -> FROM_CART (4)
2026-05-18 10:32:45 CartMoveState: FROM_CART (4) -> AUX_DECIDE (5)
2026-05-18 10:32:45 CartMoveState: AUX_DECIDE (5) -> TO_MOVE (10)
2026-05-18 10:32:47 CartMoveState: TO_MOVE (10) -> TO_CART (11)
2026-05-18 10:32:49 CartMoveState: TO_CART (11) -> HOME_MOVE (12)
2026-05-18 10:32:50 CartMoveState: HOME_MOVE (12) -> HALT (13)
2026-05-18 10:32:50 CartMoveState: HALT (13) -> IDLE (1)
2026-05-18 10:32:50 Handler State: PLACE_CART (5) -> CHECK_SEC_CART (26)
2026-05-18 10:32:50 Handler State: CHECK_SEC_CART (26) -> PROBE_CART (24)
2026-05-18 10:32:50 CartMove: Exchange 1, from 104
2026-05-18 10:32:50 CartMoveState: IDLE (1) -> FROM_MOVE (3)
2026-05-18 10:32:51 CartMoveState: FROM_MOVE (3) -> FROM_PROBE (19)
2026-05-18 10:32:52 Handler State: PROBE_CART (24) -> PROCESS_CART (6)
2026-05-18 10:33:25 Setting CBS color valve (FillIFS): 2
2026-05-18 10:33:26 Primed volume (FillIFS): 4.67084
2026-05-18 10:33:26 Re-Calculated Filling Volume: 640
2026-05-18 10:33:26 Setting CBS color valve (FillCart): 2
2026-05-18 10:33:52 Handler State: PROCESS_CART (6) -> EXCHANGE_ONE (7)
2026-05-18 10:33:52 CartMove: Exchange 1, from 104
2026-05-18 10:33:52 CartMoveState: FROM_PROBE (19) -> FROM_CART (4)
2026-05-18 10:33:58 Setting CBS color valve (Finished): 0
2026-05-18 10:34:00 CartMoveState: FROM_CART (4) -> TO_MOVE (10)
2026-05-18 10:34:01 CartMoveState: TO_MOVE (10) -> EXCH_1_WAIT (14)
2026-05-18 10:34:01 Handler State: EXCHANGE_ONE (7) -> START_DCU (8)
2026-05-18 10:34:27 Handler State: START_DCU (8) -> EXCHANGE_TWO (9)
2026-05-18 10:34:27 CartMove: Exchange 2
2026-05-18 10:34:38 CartMoveState: EXCH_1_WAIT (14) -> EXCH_1_CART (15)
2026-05-18 10:34:40 CartMoveState: EXCH_1_CART (15) -> EXCH_2_MOVE (16)
2026-05-18 10:34:42 CartMoveState: EXCH_2_MOVE (16) -> EXCH_2_CART (17)
2026-05-18 10:34:43 CartMoveState: EXCH_2_CART (17) -> STORE_DECIDE (18)
2026-05-18 10:34:43 Used volume for last job: 338.301
2026-05-18 10:34:43 Handler State: EXCHANGE_TWO (9) -> WAIT_FOR_DCU (10)
2026-05-18 10:34:45 Handler State: WAIT_FOR_DCU (10) -> EXCHANGE_THREE (11)
2026-05-18 10:34:45 CartMove: Exchange 3
2026-05-18 10:34:45 CartMoveState: STORE_DECIDE (18) -> AUX_DECIDE (5)
2026-05-18 10:34:45 CartMoveState: AUX_DECIDE (5) -> TO_MOVE (10)
2026-05-18 10:34:45 CartMoveState: TO_MOVE (10) -> TO_CART (11)
2026-05-18 10:34:48 CartMoveState: TO_CART (11) -> HOME_MOVE (12)
2026-05-18 10:34:48 CartMoveState: HOME_MOVE (12) -> HALT (13)
2026-05-18 10:34:48 CartMoveState: HALT (13) -> IDLE (1)
2026-05-18 10:34:48 Handler State: EXCHANGE_THREE (11) -> POST_PROCESS (12)
2026-05-18 10:34:48 Handler State: POST_PROCESS (12) -> EMPTY_AUX (13)
2026-05-18 10:34:48 CartMove: Move, from 108 to 104
2026-05-18 10:34:48 CartMoveState: IDLE (1) -> FROM_MOVE (3)
2026-05-18 10:34:49 CartMoveState: FROM_MOVE (3) -> FROM_CART (4)
2026-05-18 10:34:52 CartMoveState: FROM_CART (4) -> AUX_DECIDE (5)
2026-05-18 10:34:52 CartMoveState: AUX_DECIDE (5) -> TO_MOVE (10)
2026-05-18 10:34:53 CartMoveState: TO_MOVE (10) -> TO_CART (11)
2026-05-18 10:34:56 CartMoveState: TO_CART (11) -> HOME_MOVE (12)
2026-05-18 10:34:56 CartMoveState: HOME_MOVE (12) -> HALT (13)
2026-05-18 10:34:56 CartMoveState: HALT (13) -> IDLE (1)
2026-05-18 10:34:56 Handler State: EMPTY_AUX (13) -> MOVE_ARM_HOME (14)
2026-05-18 10:34:56 Handler State: MOVE_ARM_HOME (14) -> HANDLER_IDLE (1)
2026-05-18 10:45:47 Handler State: HANDLER_IDLE (1) -> SEMI_START (15)
2026-05-18 10:45:47 Handler State: SEMI_START (15) -> SEMI_PROBE_CART (25)
2026-05-18 10:45:50 Handler State: SEMI_PROBE_CART (25) -> SEMI_PROCESS (16)
2026-05-18 10:46:22 Re-Calculated Filling Volume: 0
2026-05-18 10:46:28 Setting CBS color valve (Finished): 0
2026-05-18 10:46:28 Handler State: SEMI_PROCESS (16) -> SEMI_WHAT_NEXT (21)
2026-05-18 10:46:28 Handler State: SEMI_WHAT_NEXT (21) -> SEMI_FINISHED (23)
2026-05-18 10:46:29 Handler State: SEMI_FINISHED (23) -> HANDLER_IDLE (1)
2026-05-18 10:55:25 Handler State: HANDLER_IDLE (1) -> HANDLER_START (2)
2026-05-18 10:55:26 Handler State: HANDLER_START (2) -> DECIDE_CART (3)
2026-05-18 10:55:26 Selection: IFS is clean and its cartridge is cleaned.
2026-05-18 10:55:26 Selected Primary Cartridge: 3
2026-05-18 10:55:26 Selected Primary Station: 104
2026-05-18 10:55:26 Selected Secondary Cartridge: 0
2026-05-18 10:55:26 Selected Secondary Station: 0
2026-05-18 10:55:26 Selected Filling Volume: 521
2026-05-18 10:55:26 Handler State: DECIDE_CART (3) -> CHECK_SEC_CART (26)
2026-05-18 10:55:26 Handler State: CHECK_SEC_CART (26) -> PROBE_CART (24)
2026-05-18 10:55:26 CartMove: Exchange 1, from 104
2026-05-18 10:55:26 CartMoveState: IDLE (1) -> FROM_MOVE (3)
2026-05-18 10:55:27 CartMoveState: FROM_MOVE (3) -> FROM_PROBE (19)
2026-05-18 10:55:28 Handler State: PROBE_CART (24) -> PROCESS_CART (6)
2026-05-18 10:55:28 Setting CBS color valve (FillIFS): 1
2026-05-18 10:55:30 Primed volume (FillIFS): 2.27164
2026-05-18 10:55:30 Re-Calculated Filling Volume: 521
2026-05-18 10:55:30 Setting CBS color valve (FillCart): 1
2026-05-18 10:55:55 Handler State: PROCESS_CART (6) -> EXCHANGE_ONE (7)
2026-05-18 10:55:55 CartMove: Exchange 1, from 104
2026-05-18 10:55:55 CartMoveState: FROM_PROBE (19) -> FROM_CART (4)
2026-05-18 10:56:01 Setting CBS color valve (Finished): 0
2026-05-18 10:56:03 CartMoveState: FROM_CART (4) -> TO_MOVE (10)
2026-05-18 10:56:04 CartMoveState: TO_MOVE (10) -> EXCH_1_WAIT (14)
2026-05-18 10:56:04 Handler State: EXCHANGE_ONE (7) -> START_DCU (8)
2026-05-18 10:56:05 Handler State: START_DCU (8) -> EXCHANGE_TWO (9)
2026-05-18 10:56:05 CartMove: Exchange 2
2026-05-18 10:56:05 CartMoveState: EXCH_1_WAIT (14) -> EXCH_1_CART (15)
2026-05-18 10:56:07 CartMoveState: EXCH_1_CART (15) -> EXCH_2_MOVE (16)
2026-05-18 10:56:09 CartMoveState: EXCH_2_MOVE (16) -> EXCH_2_CART (17)
2026-05-18 10:56:11 CartMoveState: EXCH_2_CART (17) -> STORE_DECIDE (18)
2026-05-18 10:56:11 Used volume for last job: 581.603
2026-05-18 10:56:11 Handler State: EXCHANGE_TWO (9) -> WAIT_FOR_DCU (10)
2026-05-18 10:56:12 Handler State: WAIT_FOR_DCU (10) -> EXCHANGE_THREE (11)
2026-05-18 10:56:12 CartMove: Exchange 3
2026-05-18 10:56:12 CartMoveState: STORE_DECIDE (18) -> AUX_DECIDE (5)
2026-05-18 10:56:12 CartMoveState: AUX_DECIDE (5) -> TO_MOVE (10)
2026-05-18 10:56:13 CartMoveState: TO_MOVE (10) -> TO_CART (11)
2026-05-18 10:56:15 CartMoveState: TO_CART (11) -> HOME_MOVE (12)
2026-05-18 10:56:16 CartMoveState: HOME_MOVE (12) -> HALT (13)
2026-05-18 10:56:16 CartMoveState: HALT (13) -> IDLE (1)
2026-05-18 10:56:16 Handler State: EXCHANGE_THREE (11) -> POST_PROCESS (12)
2026-05-18 10:56:16 Handler State: POST_PROCESS (12) -> MOVE_ARM_HOME (14)
2026-05-18 10:56:17 Handler State: MOVE_ARM_HOME (14) -> HANDLER_IDLE (1)
2026-05-18 11:10:40 Handler State: HANDLER_IDLE (1) -> SEMI_START (15)
2026-05-18 11:10:40 Handler State: SEMI_START (15) -> SEMI_PROBE_CART (25)
2026-05-18 11:10:43 Handler State: SEMI_PROBE_CART (25) -> SEMI_PROCESS (16)
2026-05-18 11:11:19 Re-Calculated Filling Volume: 0
2026-05-18 11:11:26 Setting CBS color valve (Finished): 0
2026-05-18 11:11:26 Handler State: SEMI_PROCESS (16) -> SEMI_WHAT_NEXT (21)
2026-05-18 11:11:26 Handler State: SEMI_WHAT_NEXT (21) -> SEMI_FINISHED (23)
2026-05-18 11:11:27 Handler State: SEMI_FINISHED (23) -> HANDLER_IDLE (1)
2026-05-18 11:15:17 Handler State: HANDLER_IDLE (1) -> SEMI_START (15)
2026-05-18 11:15:17 Handler State: SEMI_START (15) -> SEMI_PROBE_CART (25)
2026-05-18 11:15:20 Handler State: SEMI_PROBE_CART (25) -> SEMI_PROCESS (16)
2026-05-18 11:16:39 Re-Calculated Filling Volume: 0
2026-05-18 11:16:45 Setting CBS color valve (Finished): 0
2026-05-18 11:16:45 Handler State: SEMI_PROCESS (16) -> SEMI_WHAT_NEXT (21)
2026-05-18 11:16:45 Handler State: SEMI_WHAT_NEXT (21) -> SEMI_FINISHED (23)
2026-05-18 11:16:45 Handler State: SEMI_FINISHED (23) -> HANDLER_IDLE (1)
2026-05-18 11:22:11 Handler State: HANDLER_IDLE (1) -> HANDLER_START (2)
2026-05-18 11:22:12 Handler State: HANDLER_START (2) -> DECIDE_CART (3)
2026-05-18 11:22:12 Selection: IFS is clean and its cartridge is cleaned.
2026-05-18 11:22:12 Selected Primary Cartridge: 4
2026-05-18 11:22:12 Selected Primary Station: 102
2026-05-18 11:22:12 Selected Secondary Cartridge: 0
2026-05-18 11:22:12 Selected Secondary Station: 0
2026-05-18 11:22:12 Selected Filling Volume: 501
2026-05-18 11:22:12 Handler State: DECIDE_CART (3) -> CHECK_SEC_CART (26)
2026-05-18 11:22:12 Handler State: CHECK_SEC_CART (26) -> PROBE_CART (24)
2026-05-18 11:22:12 CartMove: Exchange 1, from 102
2026-05-18 11:22:12 CartMoveState: IDLE (1) -> FROM_MOVE (3)
2026-05-18 11:22:13 CartMoveState: FROM_MOVE (3) -> FROM_PROBE (19)
2026-05-18 11:22:14 Handler State: PROBE_CART (24) -> PROCESS_CART (6)
2026-05-18 11:22:15 Setting CBS color valve (FillIFS): 1
2026-05-18 11:22:16 Primed volume (FillIFS): 2.16079
2026-05-18 11:22:16 Re-Calculated Filling Volume: 501
2026-05-18 11:22:16 Setting CBS color valve (FillCart): 1
2026-05-18 11:22:38 Handler State: PROCESS_CART (6) -> EXCHANGE_ONE (7)
2026-05-18 11:22:38 CartMove: Exchange 1, from 102
2026-05-18 11:22:38 CartMoveState: FROM_PROBE (19) -> FROM_CART (4)
2026-05-18 11:22:45 Setting CBS color valve (Finished): 0
2026-05-18 11:22:47 CartMoveState: FROM_CART (4) -> TO_MOVE (10)
2026-05-18 11:22:48 CartMoveState: TO_MOVE (10) -> EXCH_1_WAIT (14)
2026-05-18 11:22:48 Handler State: EXCHANGE_ONE (7) -> START_DCU (8)
2026-05-18 11:22:48 Handler State: START_DCU (8) -> EXCHANGE_TWO (9)
2026-05-18 11:22:48 CartMove: Exchange 2
2026-05-18 11:22:49 CartMoveState: EXCH_1_WAIT (14) -> EXCH_1_CART (15)
2026-05-18 11:22:51 CartMoveState: EXCH_1_CART (15) -> EXCH_2_MOVE (16)
2026-05-18 11:22:52 CartMoveState: EXCH_2_MOVE (16) -> EXCH_2_CART (17)
2026-05-18 11:22:54 CartMoveState: EXCH_2_CART (17) -> STORE_DECIDE (18)
2026-05-18 11:22:54 Used volume for last job: 467.011
2026-05-18 11:22:54 Handler State: EXCHANGE_TWO (9) -> WAIT_FOR_DCU (10)
2026-05-18 11:22:56 Handler State: WAIT_FOR_DCU (10) -> EXCHANGE_THREE (11)
2026-05-18 11:22:56 CartMove: Exchange 3
2026-05-18 11:22:56 CartMoveState: STORE_DECIDE (18) -> AUX_DECIDE (5)
2026-05-18 11:22:56 CartMoveState: AUX_DECIDE (5) -> TO_MOVE (10)
2026-05-18 11:22:58 CartMoveState: TO_MOVE (10) -> TO_CART (11)
2026-05-18 11:23:00 CartMoveState: TO_CART (11) -> HOME_MOVE (12)
2026-05-18 11:23:01 CartMoveState: HOME_MOVE (12) -> HALT (13)
2026-05-18 11:23:01 CartMoveState: HALT (13) -> IDLE (1)
2026-05-18 11:23:01 Handler State: EXCHANGE_THREE (11) -> POST_PROCESS (12)
2026-05-18 11:23:01 Handler State: POST_PROCESS (12) -> MOVE_ARM_HOME (14)
2026-05-18 11:23:01 Handler State: MOVE_ARM_HOME (14) -> HANDLER_IDLE (1)
2026-05-18 11:26:50 Handler State: HANDLER_IDLE (1) -> HANDLER_START (2)
2026-05-18 11:26:51 Handler State: HANDLER_START (2) -> DECIDE_CART (3)
2026-05-18 11:26:51 Selection: IFS is clean and its cartridge is cleaned.
2026-05-18 11:26:51 Selected Primary Cartridge: 5
2026-05-18 11:26:51 Selected Primary Station: 103
2026-05-18 11:26:51 Selected Secondary Cartridge: 0
2026-05-18 11:26:51 Selected Secondary Station: 0
2026-05-18 11:26:51 Selected Filling Volume: 320
2026-05-18 11:26:51 Handler State: DECIDE_CART (3) -> CHECK_SEC_CART (26)
2026-05-18 11:26:51 Handler State: CHECK_SEC_CART (26) -> PROBE_CART (24)
2026-05-18 11:26:51 CartMove: Exchange 1, from 103
2026-05-18 11:26:51 CartMoveState: IDLE (1) -> FROM_MOVE (3)
2026-05-18 11:26:51 CartMoveState: FROM_MOVE (3) -> FROM_PROBE (19)
2026-05-18 11:26:53 Handler State: PROBE_CART (24) -> PROCESS_CART (6)
2026-05-18 11:26:53 Setting CBS color valve (FillIFS): 1
2026-05-18 11:26:55 Primed volume (FillIFS): 2.02689
2026-05-18 11:26:55 Re-Calculated Filling Volume: 320
2026-05-18 11:26:55 Setting CBS color valve (FillCart): 1
2026-05-18 11:27:11 Handler State: PROCESS_CART (6) -> EXCHANGE_ONE (7)
2026-05-18 11:27:11 CartMove: Exchange 1, from 103
2026-05-18 11:27:11 CartMoveState: FROM_PROBE (19) -> FROM_CART (4)
2026-05-18 11:27:17 Setting CBS color valve (Finished): 0
2026-05-18 11:27:19 CartMoveState: FROM_CART (4) -> TO_MOVE (10)
2026-05-18 11:27:20 CartMoveState: TO_MOVE (10) -> EXCH_1_WAIT (14)
2026-05-18 11:27:20 Handler State: EXCHANGE_ONE (7) -> START_DCU (8)
2026-05-18 11:27:20 Handler State: START_DCU (8) -> EXCHANGE_TWO (9)
2026-05-18 11:27:20 CartMove: Exchange 2
2026-05-18 11:27:30 CartMoveState: EXCH_1_WAIT (14) -> EXCH_1_CART (15)
2026-05-18 11:27:32 CartMoveState: EXCH_1_CART (15) -> EXCH_2_MOVE (16)
2026-05-18 11:27:33 CartMoveState: EXCH_2_MOVE (16) -> EXCH_2_CART (17)
2026-05-18 11:27:35 CartMoveState: EXCH_2_CART (17) -> STORE_DECIDE (18)
2026-05-18 11:27:35 Used volume for last job: 449.045
2026-05-18 11:27:35 Handler State: EXCHANGE_TWO (9) -> WAIT_FOR_DCU (10)
2026-05-18 11:27:37 Handler State: WAIT_FOR_DCU (10) -> EXCHANGE_THREE (11)
2026-05-18 11:27:37 CartMove: Exchange 3
2026-05-18 11:27:37 CartMoveState: STORE_DECIDE (18) -> AUX_DECIDE (5)
2026-05-18 11:27:37 CartMoveState: AUX_DECIDE (5) -> TO_MOVE (10)
2026-05-18 11:27:37 CartMoveState: TO_MOVE (10) -> TO_CART (11)
2026-05-18 11:27:39 CartMoveState: TO_CART (11) -> HOME_MOVE (12)
2026-05-18 11:27:39 CartMoveState: HOME_MOVE (12) -> HALT (13)
2026-05-18 11:27:39 CartMoveState: HALT (13) -> IDLE (1)
2026-05-18 11:27:39 Handler State: EXCHANGE_THREE (11) -> POST_PROCESS (12)
2026-05-18 11:27:39 Handler State: POST_PROCESS (12) -> MOVE_ARM_HOME (14)
2026-05-18 11:27:39 Handler State: MOVE_ARM_HOME (14) -> HANDLER_IDLE (1)
2026-05-18 11:31:14 Handler State: HANDLER_IDLE (1) -> HANDLER_START (2)
2026-05-18 11:31:15 Handler State: HANDLER_START (2) -> DECIDE_CART (3)
2026-05-18 11:31:15 Selection: Last resort, just pick the first IFS.
2026-05-18 11:31:15 Selection: Last resort, just pick the first cartridge.
2026-05-18 11:31:15 Selected Primary Cartridge: 1
2026-05-18 11:31:15 Selected Primary Station: 102
2026-05-18 11:31:15 Selected Secondary Cartridge: 0
2026-05-18 11:31:15 Selected Secondary Station: 0
2026-05-18 11:31:15 Selected Filling Volume: 495
2026-05-18 11:31:15 Handler State: DECIDE_CART (3) -> REMOVE_CART (4)
2026-05-18 11:31:15 CartMove: Move, from 102 to 108
2026-05-18 11:31:15 CartMoveState: IDLE (1) -> FROM_MOVE (3)
2026-05-18 11:31:15 CartMoveState: FROM_MOVE (3) -> FROM_CART (4)
2026-05-18 11:31:19 CartMoveState: FROM_CART (4) -> AUX_DECIDE (5)
2026-05-18 11:31:19 CartMoveState: AUX_DECIDE (5) -> TO_MOVE (10)
2026-05-18 11:31:20 CartMoveState: TO_MOVE (10) -> TO_CART (11)
2026-05-18 11:31:22 CartMoveState: TO_CART (11) -> HOME_MOVE (12)
2026-05-18 11:31:24 CartMoveState: HOME_MOVE (12) -> HALT (13)
2026-05-18 11:31:24 CartMoveState: HALT (13) -> IDLE (1)
2026-05-18 11:31:24 Handler State: REMOVE_CART (4) -> PLACE_CART (5)
2026-05-18 11:31:24 CartMove: Move, from 105 to 102
2026-05-18 11:31:24 CartMoveState: IDLE (1) -> FROM_MOVE (3)
2026-05-18 11:31:25 CartMoveState: FROM_MOVE (3) -> FROM_CART (4)
2026-05-18 11:31:28 CartMoveState: FROM_CART (4) -> AUX_DECIDE (5)
2026-05-18 11:31:28 CartMoveState: AUX_DECIDE (5) -> TO_MOVE (10)
2026-05-18 11:31:29 CartMoveState: TO_MOVE (10) -> TO_CART (11)
2026-05-18 11:31:31 CartMoveState: TO_CART (11) -> HOME_MOVE (12)
2026-05-18 11:31:32 CartMoveState: HOME_MOVE (12) -> HALT (13)
2026-05-18 11:31:32 CartMoveState: HALT (13) -> IDLE (1)
2026-05-18 11:31:32 Handler State: PLACE_CART (5) -> CHECK_SEC_CART (26)
2026-05-18 11:31:32 Handler State: CHECK_SEC_CART (26) -> PROBE_CART (24)
2026-05-18 11:31:32 CartMove: Exchange 1, from 102
2026-05-18 11:31:32 CartMoveState: IDLE (1) -> FROM_MOVE (3)
2026-05-18 11:31:33 CartMoveState: FROM_MOVE (3) -> FROM_PROBE (19)
2026-05-18 11:31:35 Handler State: PROBE_CART (24) -> PROCESS_CART (6)
2026-05-18 11:32:11 Setting CBS color valve (FillIFS): 2
2026-05-18 11:32:12 Primed volume (FillIFS): 4.38233
2026-05-18 11:32:12 Re-Calculated Filling Volume: 495
2026-05-18 11:32:12 Setting CBS color valve (FillCart): 2
2026-05-18 11:32:33 Handler State: PROCESS_CART (6) -> EXCHANGE_ONE (7)
2026-05-18 11:32:33 CartMove: Exchange 1, from 102
2026-05-18 11:32:33 CartMoveState: FROM_PROBE (19) -> FROM_CART (4)
2026-05-18 11:32:40 Setting CBS color valve (Finished): 0
2026-05-18 11:32:42 CartMoveState: FROM_CART (4) -> TO_MOVE (10)
2026-05-18 11:32:43 CartMoveState: TO_MOVE (10) -> EXCH_1_WAIT (14)
2026-05-18 11:32:43 Handler State: EXCHANGE_ONE (7) -> START_DCU (8)
2026-05-18 11:32:43 Handler State: START_DCU (8) -> EXCHANGE_TWO (9)
2026-05-18 11:32:43 CartMove: Exchange 2
2026-05-18 11:32:43 CartMoveState: EXCH_1_WAIT (14) -> EXCH_1_CART (15)
2026-05-18 11:32:46 CartMoveState: EXCH_1_CART (15) -> EXCH_2_MOVE (16)
2026-05-18 11:32:47 CartMoveState: EXCH_2_MOVE (16) -> EXCH_2_CART (17)
2026-05-18 11:32:49 CartMoveState: EXCH_2_CART (17) -> STORE_DECIDE (18)
2026-05-18 11:32:49 Used volume for last job: 270.93
2026-05-18 11:32:49 Handler State: EXCHANGE_TWO (9) -> WAIT_FOR_DCU (10)
2026-05-18 11:32:51 Handler State: WAIT_FOR_DCU (10) -> EXCHANGE_THREE (11)
2026-05-18 11:32:51 CartMove: Exchange 3
2026-05-18 11:32:51 CartMoveState: STORE_DECIDE (18) -> AUX_DECIDE (5)
2026-05-18 11:32:51 CartMoveState: AUX_DECIDE (5) -> TO_MOVE (10)
2026-05-18 11:32:52 CartMoveState: TO_MOVE (10) -> TO_CART (11)
2026-05-18 11:32:54 CartMoveState: TO_CART (11) -> HOME_MOVE (12)
2026-05-18 11:32:55 CartMoveState: HOME_MOVE (12) -> HALT (13)
2026-05-18 11:32:55 CartMoveState: HALT (13) -> IDLE (1)
2026-05-18 11:32:55 Handler State: EXCHANGE_THREE (11) -> POST_PROCESS (12)
2026-05-18 11:32:55 Handler State: POST_PROCESS (12) -> EMPTY_AUX (13)
2026-05-18 11:32:55 CartMove: Move, from 108 to 102
2026-05-18 11:32:55 CartMoveState: IDLE (1) -> FROM_MOVE (3)
2026-05-18 11:32:56 CartMoveState: FROM_MOVE (3) -> FROM_CART (4)
2026-05-18 11:32:59 CartMoveState: FROM_CART (4) -> AUX_DECIDE (5)
2026-05-18 11:32:59 CartMoveState: AUX_DECIDE (5) -> TO_MOVE (10)
2026-05-18 11:33:01 CartMoveState: TO_MOVE (10) -> TO_CART (11)
2026-05-18 11:33:03 CartMoveState: TO_CART (11) -> HOME_MOVE (12)
2026-05-18 11:33:04 CartMoveState: HOME_MOVE (12) -> HALT (13)
2026-05-18 11:33:04 CartMoveState: HALT (13) -> IDLE (1)
2026-05-18 11:33:04 Handler State: EMPTY_AUX (13) -> MOVE_ARM_HOME (14)
2026-05-18 11:33:04 Handler State: MOVE_ARM_HOME (14) -> HANDLER_IDLE (1)
2026-05-18 11:35:18 Handler State: HANDLER_IDLE (1) -> HANDLER_START (2)
2026-05-18 11:35:19 Handler State: HANDLER_START (2) -> DECIDE_CART (3)
2026-05-18 11:35:19 Selection: IFS has correct material.
2026-05-18 11:35:19 Selection: Cartridge has correct material.
2026-05-18 11:35:19 Selected Primary Cartridge: 3
2026-05-18 11:35:19 Selected Primary Station: 104
2026-05-18 11:35:19 Selected Secondary Cartridge: 0
2026-05-18 11:35:19 Selected Secondary Station: 0
2026-05-18 11:35:19 Selected Filling Volume: 317
2026-05-18 11:35:19 Handler State: DECIDE_CART (3) -> REMOVE_CART (4)
2026-05-18 11:35:19 CartMove: Move, from 104 to 108
2026-05-18 11:35:19 CartMoveState: IDLE (1) -> FROM_MOVE (3)
2026-05-18 11:35:20 CartMoveState: FROM_MOVE (3) -> FROM_CART (4)
2026-05-18 11:35:23 CartMoveState: FROM_CART (4) -> AUX_DECIDE (5)
2026-05-18 11:35:23 CartMoveState: AUX_DECIDE (5) -> TO_MOVE (10)
2026-05-18 11:35:24 CartMoveState: TO_MOVE (10) -> TO_CART (11)
2026-05-18 11:35:26 CartMoveState: TO_CART (11) -> HOME_MOVE (12)
2026-05-18 11:35:28 CartMoveState: HOME_MOVE (12) -> HALT (13)
2026-05-18 11:35:28 CartMoveState: HALT (13) -> IDLE (1)
2026-05-18 11:35:28 Handler State: REMOVE_CART (4) -> PLACE_CART (5)
2026-05-18 11:35:28 CartMove: Move, from 107 to 104
2026-05-18 11:35:28 CartMoveState: IDLE (1) -> FROM_MOVE (3)
2026-05-18 11:35:29 CartMoveState: FROM_MOVE (3) -> FROM_CART (4)
2026-05-18 11:35:32 CartMoveState: FROM_CART (4) -> AUX_DECIDE (5)
2026-05-18 11:35:32 CartMoveState: AUX_DECIDE (5) -> TO_MOVE (10)
2026-05-18 11:35:33 CartMoveState: TO_MOVE (10) -> TO_CART (11)
2026-05-18 11:35:35 CartMoveState: TO_CART (11) -> HOME_MOVE (12)
2026-05-18 11:35:36 CartMoveState: HOME_MOVE (12) -> HALT (13)
2026-05-18 11:35:36 CartMoveState: HALT (13) -> IDLE (1)
2026-05-18 11:35:36 Handler State: PLACE_CART (5) -> CHECK_SEC_CART (26)
2026-05-18 11:35:36 Handler State: CHECK_SEC_CART (26) -> PROBE_CART (24)
2026-05-18 11:35:36 CartMove: Exchange 1, from 104
2026-05-18 11:35:36 CartMoveState: IDLE (1) -> FROM_MOVE (3)
2026-05-18 11:35:37 CartMoveState: FROM_MOVE (3) -> FROM_PROBE (19)
2026-05-18 11:35:39 Handler State: PROBE_CART (24) -> PROCESS_CART (6)
2026-05-18 11:36:11 Setting CBS color valve (FillGate): 1
2026-05-18 11:36:12 Primed volume (FillGate): 1.27971
2026-05-18 11:36:12 Re-Calculated Filling Volume: 317
2026-05-18 11:36:12 Setting CBS color valve (FillCart): 1
2026-05-18 11:36:32 Handler State: PROCESS_CART (6) -> EXCHANGE_ONE (7)
2026-05-18 11:36:32 CartMove: Exchange 1, from 104
2026-05-18 11:36:32 CartMoveState: FROM_PROBE (19) -> FROM_CART (4)
2026-05-18 11:36:37 Setting CBS color valve (Finished): 0
2026-05-18 11:36:39 CartMoveState: FROM_CART (4) -> TO_MOVE (10)
2026-05-18 11:36:41 CartMoveState: TO_MOVE (10) -> EXCH_1_WAIT (14)
2026-05-18 11:36:41 Handler State: EXCHANGE_ONE (7) -> START_DCU (8)
2026-05-18 11:37:59 Handler State: START_DCU (8) -> EXCHANGE_TWO (9)
2026-05-18 11:37:59 CartMove: Exchange 2
2026-05-18 11:38:10 CartMoveState: EXCH_1_WAIT (14) -> EXCH_1_CART (15)
2026-05-18 11:38:12 CartMoveState: EXCH_1_CART (15) -> EXCH_2_MOVE (16)
2026-05-18 11:38:13 CartMoveState: EXCH_2_MOVE (16) -> EXCH_2_CART (17)
2026-05-18 11:38:15 CartMoveState: EXCH_2_CART (17) -> STORE_DECIDE (18)
2026-05-18 11:38:15 Used volume for last job: 441.687
2026-05-18 11:38:15 Handler State: EXCHANGE_TWO (9) -> WAIT_FOR_DCU (10)
2026-05-18 11:38:17 Handler State: WAIT_FOR_DCU (10) -> EXCHANGE_THREE (11)
2026-05-18 11:38:17 CartMove: Exchange 3
2026-05-18 11:38:17 CartMoveState: STORE_DECIDE (18) -> AUX_DECIDE (5)
2026-05-18 11:38:17 CartMoveState: AUX_DECIDE (5) -> TO_MOVE (10)
2026-05-18 11:38:18 CartMoveState: TO_MOVE (10) -> TO_CART (11)
2026-05-18 11:38:20 CartMoveState: TO_CART (11) -> HOME_MOVE (12)
2026-05-18 11:38:22 CartMoveState: HOME_MOVE (12) -> HALT (13)
2026-05-18 11:38:22 CartMoveState: HALT (13) -> IDLE (1)
2026-05-18 11:38:22 Handler State: EXCHANGE_THREE (11) -> POST_PROCESS (12)
2026-05-18 11:38:22 Handler State: POST_PROCESS (12) -> EMPTY_AUX (13)
2026-05-18 11:38:22 CartMove: Move, from 108 to 104
2026-05-18 11:38:22 CartMoveState: IDLE (1) -> FROM_MOVE (3)
2026-05-18 11:38:23 CartMoveState: FROM_MOVE (3) -> FROM_CART (4)
2026-05-18 11:38:26 CartMoveState: FROM_CART (4) -> AUX_DECIDE (5)
2026-05-18 11:38:26 CartMoveState: AUX_DECIDE (5) -> TO_MOVE (10)
2026-05-18 11:38:28 CartMoveState: TO_MOVE (10) -> TO_CART (11)
2026-05-18 11:38:30 CartMoveState: TO_CART (11) -> HOME_MOVE (12)
2026-05-18 11:38:31 CartMoveState: HOME_MOVE (12) -> HALT (13)
2026-05-18 11:38:31 CartMoveState: HALT (13) -> IDLE (1)
2026-05-18 11:38:31 Handler State: EMPTY_AUX (13) -> MOVE_ARM_HOME (14)
2026-05-18 11:38:31 Handler State: MOVE_ARM_HOME (14) -> HANDLER_IDLE (1)
2026-05-18 11:48:23 Handler State: HANDLER_IDLE (1) -> SEMI_START (15)
2026-05-18 11:48:23 Handler State: SEMI_START (15) -> SEMI_PROBE_CART (25)
2026-05-18 11:48:26 Handler State: SEMI_PROBE_CART (25) -> SEMI_PROCESS (16)
2026-05-18 11:49:00 Re-Calculated Filling Volume: 0
2026-05-18 11:49:05 Setting CBS color valve (Finished): 0
2026-05-18 11:49:05 Handler State: SEMI_PROCESS (16) -> SEMI_WHAT_NEXT (21)
2026-05-18 11:49:05 Handler State: SEMI_WHAT_NEXT (21) -> SEMI_FINISHED (23)
2026-05-18 11:49:06 Handler State: SEMI_FINISHED (23) -> HANDLER_IDLE (1)
2026-05-18 11:50:38 Handler State: HANDLER_IDLE (1) -> HANDLER_START (2)
2026-05-18 11:50:39 Handler State: HANDLER_START (2) -> DECIDE_CART (3)
2026-05-18 11:50:39 Selection: IFS is clean and its cartridge is cleaned.
2026-05-18 11:50:39 Selected Primary Cartridge: 6
2026-05-18 11:50:39 Selected Primary Station: 104
2026-05-18 11:50:39 Selected Secondary Cartridge: 0
2026-05-18 11:50:39 Selected Secondary Station: 0
2026-05-18 11:50:39 Selected Filling Volume: 467
2026-05-18 11:50:39 Handler State: DECIDE_CART (3) -> CHECK_SEC_CART (26)
2026-05-18 11:50:39 Handler State: CHECK_SEC_CART (26) -> PROBE_CART (24)
2026-05-18 11:50:39 CartMove: Exchange 1, from 104
2026-05-18 11:50:39 CartMoveState: IDLE (1) -> FROM_MOVE (3)
2026-05-18 11:50:40 CartMoveState: FROM_MOVE (3) -> FROM_PROBE (19)
2026-05-18 11:50:42 Handler State: PROBE_CART (24) -> PROCESS_CART (6)
2026-05-18 11:50:42 Setting CBS color valve (FillIFS): 2
2026-05-18 11:50:43 Primed volume (FillIFS): 2.10157
2026-05-18 11:50:43 Re-Calculated Filling Volume: 467
2026-05-18 11:50:43 Setting CBS color valve (FillCart): 2
2026-05-18 11:51:04 Handler State: PROCESS_CART (6) -> EXCHANGE_ONE (7)
2026-05-18 11:51:04 CartMove: Exchange 1, from 104
2026-05-18 11:51:04 CartMoveState: FROM_PROBE (19) -> FROM_CART (4)
2026-05-18 11:51:09 Setting CBS color valve (Finished): 0
2026-05-18 11:51:11 CartMoveState: FROM_CART (4) -> TO_MOVE (10)
2026-05-18 11:51:13 CartMoveState: TO_MOVE (10) -> EXCH_1_WAIT (14)
2026-05-18 11:51:13 Handler State: EXCHANGE_ONE (7) -> START_DCU (8)
2026-05-18 11:51:13 Handler State: START_DCU (8) -> EXCHANGE_TWO (9)
2026-05-18 11:51:13 CartMove: Exchange 2
2026-05-18 11:51:13 CartMoveState: EXCH_1_WAIT (14) -> EXCH_1_CART (15)
2026-05-18 11:51:16 CartMoveState: EXCH_1_CART (15) -> EXCH_2_MOVE (16)
2026-05-18 11:51:17 CartMoveState: EXCH_2_MOVE (16) -> EXCH_2_CART (17)
2026-05-18 11:51:19 CartMoveState: EXCH_2_CART (17) -> STORE_DECIDE (18)
2026-05-18 11:51:19 Used volume for last job: 264.917
2026-05-18 11:51:19 Handler State: EXCHANGE_TWO (9) -> WAIT_FOR_DCU (10)
2026-05-18 11:51:21 Handler State: WAIT_FOR_DCU (10) -> EXCHANGE_THREE (11)
2026-05-18 11:51:21 CartMove: Exchange 3
2026-05-18 11:51:21 CartMoveState: STORE_DECIDE (18) -> AUX_DECIDE (5)
2026-05-18 11:51:21 CartMoveState: AUX_DECIDE (5) -> TO_MOVE (10)
2026-05-18 11:51:22 CartMoveState: TO_MOVE (10) -> TO_CART (11)
2026-05-18 11:51:24 CartMoveState: TO_CART (11) -> HOME_MOVE (12)
2026-05-18 11:51:25 CartMoveState: HOME_MOVE (12) -> HALT (13)
2026-05-18 11:51:25 CartMoveState: HALT (13) -> IDLE (1)
2026-05-18 11:51:25 Handler State: EXCHANGE_THREE (11) -> POST_PROCESS (12)
2026-05-18 11:51:25 Handler State: POST_PROCESS (12) -> MOVE_ARM_HOME (14)
2026-05-18 11:51:25 Handler State: MOVE_ARM_HOME (14) -> HANDLER_IDLE (1)
2026-05-18 11:53:56 Handler State: HANDLER_IDLE (1) -> HANDLER_START (2)
2026-05-18 11:53:57 Handler State: HANDLER_START (2) -> DECIDE_CART (3)
2026-05-18 11:53:57 Selection: IFS has correct material and its cartridge has correct material.
2026-05-18 11:53:57 Selected Primary Cartridge: 5
2026-05-18 11:53:57 Selected Primary Station: 103
2026-05-18 11:53:57 Selected Secondary Cartridge: 0
2026-05-18 11:53:57 Selected Secondary Station: 0
2026-05-18 11:53:57 Selected Filling Volume: 228
2026-05-18 11:53:57 Handler State: DECIDE_CART (3) -> CHECK_SEC_CART (26)
2026-05-18 11:53:57 Handler State: CHECK_SEC_CART (26) -> PROBE_CART (24)
2026-05-18 11:53:57 CartMove: Exchange 1, from 103
2026-05-18 11:53:57 CartMoveState: IDLE (1) -> FROM_MOVE (3)
2026-05-18 11:53:57 CartMoveState: FROM_MOVE (3) -> FROM_PROBE (19)
2026-05-18 11:53:59 Handler State: PROBE_CART (24) -> PROCESS_CART (6)
2026-05-18 11:54:30 Setting CBS color valve (FillGate): 1
2026-05-18 11:54:31 Primed volume (FillGate): 1.37733
2026-05-18 11:54:31 Re-Calculated Filling Volume: 228
2026-05-18 11:54:31 Setting CBS color valve (FillCart): 1
2026-05-18 11:54:45 Handler State: PROCESS_CART (6) -> EXCHANGE_ONE (7)
2026-05-18 11:54:45 CartMove: Exchange 1, from 103
2026-05-18 11:54:45 CartMoveState: FROM_PROBE (19) -> FROM_CART (4)
2026-05-18 11:54:51 Setting CBS color valve (Finished): 0
2026-05-18 11:54:53 CartMoveState: FROM_CART (4) -> TO_MOVE (10)
2026-05-18 11:54:54 CartMoveState: TO_MOVE (10) -> EXCH_1_WAIT (14)
2026-05-18 11:54:54 Handler State: EXCHANGE_ONE (7) -> START_DCU (8)
2026-05-18 11:55:27 Handler State: START_DCU (8) -> EXCHANGE_TWO (9)
2026-05-18 11:55:27 CartMove: Exchange 2
2026-05-18 11:55:38 CartMoveState: EXCH_1_WAIT (14) -> EXCH_1_CART (15)
2026-05-18 11:55:40 CartMoveState: EXCH_1_CART (15) -> EXCH_2_MOVE (16)
2026-05-18 11:55:42 CartMoveState: EXCH_2_MOVE (16) -> EXCH_2_CART (17)
2026-05-18 11:55:44 CartMoveState: EXCH_2_CART (17) -> STORE_DECIDE (18)
2026-05-18 11:55:44 Used volume for last job: 414.707
2026-05-18 11:55:44 Handler State: EXCHANGE_TWO (9) -> WAIT_FOR_DCU (10)
2026-05-18 11:55:45 Handler State: WAIT_FOR_DCU (10) -> EXCHANGE_THREE (11)
2026-05-18 11:55:45 CartMove: Exchange 3
2026-05-18 11:55:45 CartMoveState: STORE_DECIDE (18) -> AUX_DECIDE (5)
2026-05-18 11:55:45 CartMoveState: AUX_DECIDE (5) -> TO_MOVE (10)
2026-05-18 11:55:47 CartMoveState: TO_MOVE (10) -> TO_CART (11)
2026-05-18 11:55:49 CartMoveState: TO_CART (11) -> HOME_MOVE (12)
2026-05-18 11:55:51 CartMoveState: HOME_MOVE (12) -> HALT (13)
2026-05-18 11:55:51 CartMoveState: HALT (13) -> IDLE (1)
2026-05-18 11:55:51 Handler State: EXCHANGE_THREE (11) -> POST_PROCESS (12)
2026-05-18 11:55:51 Handler State: POST_PROCESS (12) -> MOVE_ARM_HOME (14)
2026-05-18 11:55:51 Handler State: MOVE_ARM_HOME (14) -> HANDLER_IDLE (1)
2026-05-18 11:59:30 Handler State: HANDLER_IDLE (1) -> SEMI_START (15)
2026-05-18 11:59:30 Handler State: SEMI_START (15) -> SEMI_PROBE_CART (25)
2026-05-18 11:59:34 Handler State: SEMI_PROBE_CART (25) -> SEMI_PROCESS (16)
2026-05-18 12:00:07 Re-Calculated Filling Volume: 0
2026-05-18 12:00:12 Setting CBS color valve (Finished): 0
2026-05-18 12:00:12 Handler State: SEMI_PROCESS (16) -> SEMI_WHAT_NEXT (21)
2026-05-18 12:00:12 Handler State: SEMI_WHAT_NEXT (21) -> SEMI_FINISHED (23)
2026-05-18 12:00:13 Handler State: SEMI_FINISHED (23) -> HANDLER_IDLE (1)
2026-05-18 12:03:52 Handler State: HANDLER_IDLE (1) -> SEMI_START (15)
2026-05-18 12:03:52 Handler State: SEMI_START (15) -> SEMI_PROBE_CART (25)
2026-05-18 12:03:56 Handler State: SEMI_PROBE_CART (25) -> SEMI_PROCESS (16)
2026-05-18 12:04:32 Re-Calculated Filling Volume: 0
2026-05-18 12:04:39 Setting CBS color valve (Finished): 0
2026-05-18 12:04:39 Handler State: SEMI_PROCESS (16) -> SEMI_WHAT_NEXT (21)
2026-05-18 12:04:39 Handler State: SEMI_WHAT_NEXT (21) -> SEMI_FINISHED (23)
2026-05-18 12:04:39 Handler State: SEMI_FINISHED (23) -> HANDLER_IDLE (1)
2026-05-18 12:08:33 Handler State: HANDLER_IDLE (1) -> HANDLER_START (2)
2026-05-18 12:08:33 Handler State: HANDLER_START (2) -> DECIDE_CART (3)
2026-05-18 12:08:33 Selection: IFS is clean and its cartridge is cleaned.
2026-05-18 12:08:33 Selected Primary Cartridge: 3
2026-05-18 12:08:33 Selected Primary Station: 104
2026-05-18 12:08:33 Selected Secondary Cartridge: 0
2026-05-18 12:08:33 Selected Secondary Station: 0
2026-05-18 12:08:33 Selected Filling Volume: 512
2026-05-18 12:08:33 Handler State: DECIDE_CART (3) -> CHECK_SEC_CART (26)
2026-05-18 12:08:33 Handler State: CHECK_SEC_CART (26) -> PROBE_CART (24)
2026-05-18 12:08:33 CartMove: Exchange 1, from 104
2026-05-18 12:08:33 CartMoveState: IDLE (1) -> FROM_MOVE (3)
2026-05-18 12:08:34 CartMoveState: FROM_MOVE (3) -> FROM_PROBE (19)
2026-05-18 12:08:36 Handler State: PROBE_CART (24) -> PROCESS_CART (6)
2026-05-18 12:08:36 Setting CBS color valve (FillIFS): 1
2026-05-18 12:08:37 Primed volume (FillIFS): 2.14409
2026-05-18 12:08:37 Re-Calculated Filling Volume: 512
2026-05-18 12:08:37 Setting CBS color valve (FillCart): 1
2026-05-18 12:09:03 Handler State: PROCESS_CART (6) -> EXCHANGE_ONE (7)
2026-05-18 12:09:03 CartMove: Exchange 1, from 104
2026-05-18 12:09:03 CartMoveState: FROM_PROBE (19) -> FROM_CART (4)
2026-05-18 12:09:09 Setting CBS color valve (Finished): 0
2026-05-18 12:09:11 CartMoveState: FROM_CART (4) -> TO_MOVE (10)
2026-05-18 12:09:12 CartMoveState: TO_MOVE (10) -> EXCH_1_WAIT (14)
2026-05-18 12:09:12 Handler State: EXCHANGE_ONE (7) -> START_DCU (8)
2026-05-18 12:09:13 Handler State: START_DCU (8) -> EXCHANGE_TWO (9)
2026-05-18 12:09:13 CartMove: Exchange 2
2026-05-18 12:09:13 CartMoveState: EXCH_1_WAIT (14) -> EXCH_1_CART (15)
2026-05-18 12:09:15 CartMoveState: EXCH_1_CART (15) -> EXCH_2_MOVE (16)
2026-05-18 12:09:17 CartMoveState: EXCH_2_MOVE (16) -> EXCH_2_CART (17)
2026-05-18 12:09:18 CartMoveState: EXCH_2_CART (17) -> STORE_DECIDE (18)
2026-05-18 12:09:18 Used volume for last job: 177.408
2026-05-18 12:09:18 Handler State: EXCHANGE_TWO (9) -> WAIT_FOR_DCU (10)
2026-05-18 12:09:20 Handler State: WAIT_FOR_DCU (10) -> EXCHANGE_THREE (11)
2026-05-18 12:09:20 CartMove: Exchange 3
2026-05-18 12:09:20 CartMoveState: STORE_DECIDE (18) -> AUX_DECIDE (5)
2026-05-18 12:09:20 CartMoveState: AUX_DECIDE (5) -> TO_MOVE (10)
2026-05-18 12:09:21 CartMoveState: TO_MOVE (10) -> TO_CART (11)
2026-05-18 12:09:23 CartMoveState: TO_CART (11) -> HOME_MOVE (12)
2026-05-18 12:09:24 CartMoveState: HOME_MOVE (12) -> HALT (13)
2026-05-18 12:09:24 CartMoveState: HALT (13) -> IDLE (1)
2026-05-18 12:09:24 Handler State: EXCHANGE_THREE (11) -> POST_PROCESS (12)
2026-05-18 12:09:24 Handler State: POST_PROCESS (12) -> MOVE_ARM_HOME (14)
2026-05-18 12:09:24 Handler State: MOVE_ARM_HOME (14) -> HANDLER_IDLE (1)
2026-05-18 12:18:45 Handler State: HANDLER_IDLE (1) -> HANDLER_START (2)
2026-05-18 12:18:46 Handler State: HANDLER_START (2) -> DECIDE_CART (3)
2026-05-18 12:18:46 Selection: IFS is clean and its cartridge is cleaned.
2026-05-18 12:18:46 Selected Primary Cartridge: 4
2026-05-18 12:18:46 Selected Primary Station: 102
2026-05-18 12:18:46 Selected Secondary Cartridge: 0
2026-05-18 12:18:46 Selected Secondary Station: 0
2026-05-18 12:18:46 Selected Filling Volume: 419
2026-05-18 12:18:46 Handler State: DECIDE_CART (3) -> CHECK_SEC_CART (26)
2026-05-18 12:18:46 Handler State: CHECK_SEC_CART (26) -> PROBE_CART (24)
2026-05-18 12:18:46 CartMove: Exchange 1, from 102
2026-05-18 12:18:46 CartMoveState: IDLE (1) -> FROM_MOVE (3)
2026-05-18 12:18:47 CartMoveState: FROM_MOVE (3) -> FROM_PROBE (19)
2026-05-18 12:18:49 Handler State: PROBE_CART (24) -> PROCESS_CART (6)
2026-05-18 12:18:49 Setting CBS color valve (FillIFS): 1
2026-05-18 12:18:50 Primed volume (FillIFS): 2.10376
2026-05-18 12:18:50 Re-Calculated Filling Volume: 419
2026-05-18 12:18:50 Setting CBS color valve (FillCart): 1
2026-05-18 12:19:09 Handler State: PROCESS_CART (6) -> EXCHANGE_ONE (7)
2026-05-18 12:19:10 CartMove: Exchange 1, from 102
2026-05-18 12:19:10 CartMoveState: FROM_PROBE (19) -> FROM_CART (4)
2026-05-18 12:19:16 Setting CBS color valve (Finished): 0
2026-05-18 12:19:18 CartMoveState: FROM_CART (4) -> TO_MOVE (10)
2026-05-18 12:19:20 CartMoveState: TO_MOVE (10) -> EXCH_1_WAIT (14)
2026-05-18 12:19:20 Handler State: EXCHANGE_ONE (7) -> START_DCU (8)
2026-05-18 12:19:20 Handler State: START_DCU (8) -> EXCHANGE_TWO (9)
2026-05-18 12:19:20 CartMove: Exchange 2
2026-05-18 12:19:20 CartMoveState: EXCH_1_WAIT (14) -> EXCH_1_CART (15)
2026-05-18 12:19:23 CartMoveState: EXCH_1_CART (15) -> EXCH_2_MOVE (16)
2026-05-18 12:19:24 CartMoveState: EXCH_2_MOVE (16) -> EXCH_2_CART (17)
2026-05-18 12:19:26 CartMoveState: EXCH_2_CART (17) -> STORE_DECIDE (18)
2026-05-18 12:19:26 Used volume for last job: 459.604
2026-05-18 12:19:26 Handler State: EXCHANGE_TWO (9) -> WAIT_FOR_DCU (10)
2026-05-18 12:19:28 Handler State: WAIT_FOR_DCU (10) -> EXCHANGE_THREE (11)
2026-05-18 12:19:28 CartMove: Exchange 3
2026-05-18 12:19:28 CartMoveState: STORE_DECIDE (18) -> AUX_DECIDE (5)
2026-05-18 12:19:28 CartMoveState: AUX_DECIDE (5) -> TO_MOVE (10)
2026-05-18 12:19:28 CartMoveState: TO_MOVE (10) -> TO_CART (11)
2026-05-18 12:19:30 CartMoveState: TO_CART (11) -> HOME_MOVE (12)
2026-05-18 12:19:32 CartMoveState: HOME_MOVE (12) -> HALT (13)
2026-05-18 12:19:32 CartMoveState: HALT (13) -> IDLE (1)
2026-05-18 12:19:32 Handler State: EXCHANGE_THREE (11) -> POST_PROCESS (12)
2026-05-18 12:19:32 Handler State: POST_PROCESS (12) -> MOVE_ARM_HOME (14)
2026-05-18 12:19:32 Handler State: MOVE_ARM_HOME (14) -> HANDLER_IDLE (1)
2026-05-18 12:24:18 Handler State: HANDLER_IDLE (1) -> SEMI_START (15)
2026-05-18 12:24:18 Handler State: SEMI_START (15) -> SEMI_PROBE_CART (25)
2026-05-18 12:24:22 Handler State: SEMI_PROBE_CART (25) -> SEMI_PROCESS (16)
2026-05-18 12:24:54 Re-Calculated Filling Volume: 0
2026-05-18 12:25:00 Setting CBS color valve (Finished): 0
2026-05-18 12:25:00 Handler State: SEMI_PROCESS (16) -> SEMI_WHAT_NEXT (21)
2026-05-18 12:25:00 Handler State: SEMI_WHAT_NEXT (21) -> SEMI_FINISHED (23)
2026-05-18 12:25:00 Handler State: SEMI_FINISHED (23) -> HANDLER_IDLE (1)
2026-05-18 12:33:19 Handler State: HANDLER_IDLE (1) -> HANDLER_START (2)
2026-05-18 12:33:20 Handler State: HANDLER_START (2) -> DECIDE_CART (3)
2026-05-18 12:33:20 Selection: IFS is clean and its cartridge is cleaned.
2026-05-18 12:33:20 Selected Primary Cartridge: 3
2026-05-18 12:33:20 Selected Primary Station: 104
2026-05-18 12:33:20 Selected Secondary Cartridge: 0
2026-05-18 12:33:20 Selected Secondary Station: 0
2026-05-18 12:33:20 Selected Filling Volume: 317
2026-05-18 12:33:20 Handler State: DECIDE_CART (3) -> CHECK_SEC_CART (26)
2026-05-18 12:33:20 Handler State: CHECK_SEC_CART (26) -> PROBE_CART (24)
2026-05-18 12:33:20 CartMove: Exchange 1, from 104
2026-05-18 12:33:20 CartMoveState: IDLE (1) -> FROM_MOVE (3)
2026-05-18 12:33:21 CartMoveState: FROM_MOVE (3) -> FROM_PROBE (19)
2026-05-18 12:33:22 Handler State: PROBE_CART (24) -> PROCESS_CART (6)
2026-05-18 12:33:22 Setting CBS color valve (FillIFS): 1
2026-05-18 12:33:24 Primed volume (FillIFS): 2.0378
2026-05-18 12:33:24 Re-Calculated Filling Volume: 317
2026-05-18 12:33:24 Setting CBS color valve (FillCart): 1
2026-05-18 12:33:43 Handler State: PROCESS_CART (6) -> EXCHANGE_ONE (7)
2026-05-18 12:33:43 CartMove: Exchange 1, from 104
2026-05-18 12:33:43 CartMoveState: FROM_PROBE (19) -> FROM_CART (4)
2026-05-18 12:33:48 Setting CBS color valve (Finished): 0
2026-05-18 12:33:50 CartMoveState: FROM_CART (4) -> TO_MOVE (10)
2026-05-18 12:33:52 CartMoveState: TO_MOVE (10) -> EXCH_1_WAIT (14)
2026-05-18 12:33:52 Handler State: EXCHANGE_ONE (7) -> START_DCU (8)
2026-05-18 12:33:52 Handler State: START_DCU (8) -> EXCHANGE_TWO (9)
2026-05-18 12:33:52 CartMove: Exchange 2
2026-05-18 12:33:52 CartMoveState: EXCH_1_WAIT (14) -> EXCH_1_CART (15)
2026-05-18 12:33:55 CartMoveState: EXCH_1_CART (15) -> EXCH_2_MOVE (16)
2026-05-18 12:33:56 CartMoveState: EXCH_2_MOVE (16) -> EXCH_2_CART (17)
2026-05-18 12:33:58 CartMoveState: EXCH_2_CART (17) -> STORE_DECIDE (18)
2026-05-18 12:33:58 Used volume for last job: 181.371
2026-05-18 12:33:58 Handler State: EXCHANGE_TWO (9) -> WAIT_FOR_DCU (10)
2026-05-18 12:34:00 Handler State: WAIT_FOR_DCU (10) -> EXCHANGE_THREE (11)
2026-05-18 12:34:00 CartMove: Exchange 3
2026-05-18 12:34:00 CartMoveState: STORE_DECIDE (18) -> AUX_DECIDE (5)
2026-05-18 12:34:00 CartMoveState: AUX_DECIDE (5) -> TO_MOVE (10)
2026-05-18 12:34:00 CartMoveState: TO_MOVE (10) -> TO_CART (11)
2026-05-18 12:34:02 CartMoveState: TO_CART (11) -> HOME_MOVE (12)
2026-05-18 12:34:02 CartMoveState: HOME_MOVE (12) -> HALT (13)
2026-05-18 12:34:02 CartMoveState: HALT (13) -> IDLE (1)
2026-05-18 12:34:02 Handler State: EXCHANGE_THREE (11) -> POST_PROCESS (12)
2026-05-18 12:34:02 Handler State: POST_PROCESS (12) -> MOVE_ARM_HOME (14)
2026-05-18 12:34:02 Handler State: MOVE_ARM_HOME (14) -> HANDLER_IDLE (1)
2026-05-18 12:37:36 Handler State: HANDLER_IDLE (1) -> SEMI_START (15)
2026-05-18 12:37:36 Handler State: SEMI_START (15) -> SEMI_TO_IFS (18)
2026-05-18 12:37:36 CartMove: Move, from 107 to 104
2026-05-18 12:37:36 CartMoveState: IDLE (1) -> FROM_MOVE (3)
2026-05-18 12:37:37 CartMoveState: FROM_MOVE (3) -> FROM_CART (4)
2026-05-18 12:37:40 CartMoveState: FROM_CART (4) -> AUX_DECIDE (5)
2026-05-18 12:37:40 CartMoveState: AUX_DECIDE (5) -> TO_MOVE (10)
2026-05-18 12:37:41 CartMoveState: TO_MOVE (10) -> TO_CART (11)
2026-05-18 12:37:44 CartMoveState: TO_CART (11) -> HOME_MOVE (12)
2026-05-18 12:37:44 CartMoveState: HOME_MOVE (12) -> HALT (13)
2026-05-18 12:37:44 CartMoveState: HALT (13) -> IDLE (1)
2026-05-18 12:37:44 Handler State: SEMI_TO_IFS (18) -> SEMI_PROBE_CART (25)
2026-05-18 12:37:48 Handler State: SEMI_PROBE_CART (25) -> SEMI_PROCESS (16)
2026-05-18 12:38:21 Re-Calculated Filling Volume: 0
2026-05-18 12:38:26 Setting CBS color valve (Finished): 0
2026-05-18 12:38:26 Handler State: SEMI_PROCESS (16) -> SEMI_FROM_IFS (20)
2026-05-18 12:38:26 CartMove: Move, from 104 to 107
2026-05-18 12:38:26 CartMoveState: IDLE (1) -> FROM_MOVE (3)
2026-05-18 12:38:26 CartMoveState: FROM_MOVE (3) -> FROM_CART (4)
2026-05-18 12:38:29 CartMoveState: FROM_CART (4) -> AUX_DECIDE (5)
2026-05-18 12:38:29 CartMoveState: AUX_DECIDE (5) -> TO_MOVE (10)
2026-05-18 12:38:31 CartMoveState: TO_MOVE (10) -> TO_CART (11)
2026-05-18 12:38:33 CartMoveState: TO_CART (11) -> HOME_MOVE (12)
2026-05-18 12:38:34 CartMoveState: HOME_MOVE (12) -> HALT (13)
2026-05-18 12:38:34 CartMoveState: HALT (13) -> IDLE (1)
2026-05-18 12:38:34 Handler State: SEMI_FROM_IFS (20) -> SEMI_WHAT_NEXT (21)
2026-05-18 12:38:34 Handler State: SEMI_WHAT_NEXT (21) -> SEMI_FINISHED (23)
2026-05-18 12:38:34 Handler State: SEMI_FINISHED (23) -> HANDLER_IDLE (1)
2026-05-18 12:41:28 Handler State: HANDLER_IDLE (1) -> SEMI_START (15)
2026-05-18 12:41:28 Handler State: SEMI_START (15) -> SEMI_PROBE_CART (25)
2026-05-18 12:41:30 Handler State: SEMI_PROBE_CART (25) -> SEMI_PROCESS (16)
2026-05-18 12:42:03 Re-Calculated Filling Volume: 0
2026-05-18 12:42:08 Setting CBS color valve (Finished): 0
2026-05-18 12:42:08 Handler State: SEMI_PROCESS (16) -> SEMI_WHAT_NEXT (21)
2026-05-18 12:42:08 Handler State: SEMI_WHAT_NEXT (21) -> SEMI_FINISHED (23)
2026-05-18 12:42:08 Handler State: SEMI_FINISHED (23) -> HANDLER_IDLE (1)
2026-05-18 12:47:15 Handler State: HANDLER_IDLE (1) -> HANDLER_START (2)
2026-05-18 12:47:15 Handler State: HANDLER_START (2) -> DECIDE_CART (3)
2026-05-18 12:47:15 Selection: IFS is clean.
2026-05-18 12:47:15 Selection: Cartridge is clean.
2026-05-18 12:47:15 Selected Primary Cartridge: 6
2026-05-18 12:47:15 Selected Primary Station: 104
2026-05-18 12:47:15 Selected Secondary Cartridge: 0
2026-05-18 12:47:15 Selected Secondary Station: 0
2026-05-18 12:47:15 Selected Filling Volume: 513
2026-05-18 12:47:15 Handler State: DECIDE_CART (3) -> PLACE_CART (5)
2026-05-18 12:47:15 CartMove: Move, from 107 to 104
2026-05-18 12:47:15 CartMoveState: IDLE (1) -> FROM_MOVE (3)
2026-05-18 12:47:17 CartMoveState: FROM_MOVE (3) -> FROM_CART (4)
2026-05-18 12:47:19 CartMoveState: FROM_CART (4) -> AUX_DECIDE (5)
2026-05-18 12:47:19 CartMoveState: AUX_DECIDE (5) -> TO_MOVE (10)
2026-05-18 12:47:21 CartMoveState: TO_MOVE (10) -> TO_CART (11)
2026-05-18 12:47:23 CartMoveState: TO_CART (11) -> HOME_MOVE (12)
2026-05-18 12:47:24 CartMoveState: HOME_MOVE (12) -> HALT (13)
2026-05-18 12:47:24 CartMoveState: HALT (13) -> IDLE (1)
2026-05-18 12:47:24 Handler State: PLACE_CART (5) -> CHECK_SEC_CART (26)
2026-05-18 12:47:24 Handler State: CHECK_SEC_CART (26) -> PROBE_CART (24)
2026-05-18 12:47:24 CartMove: Exchange 1, from 104
2026-05-18 12:47:24 CartMoveState: IDLE (1) -> FROM_MOVE (3)
2026-05-18 12:47:25 CartMoveState: FROM_MOVE (3) -> FROM_PROBE (19)
2026-05-18 12:47:26 Handler State: PROBE_CART (24) -> PROCESS_CART (6)
2026-05-18 12:47:27 Setting CBS color valve (FillIFS): 2
2026-05-18 12:47:28 Primed volume (FillIFS): 2.1365
2026-05-18 12:47:28 Re-Calculated Filling Volume: 513
2026-05-18 12:47:28 Setting CBS color valve (FillCart): 2
2026-05-18 12:47:52 Handler State: PROCESS_CART (6) -> EXCHANGE_ONE (7)
2026-05-18 12:47:52 CartMove: Exchange 1, from 104
2026-05-18 12:47:52 CartMoveState: FROM_PROBE (19) -> FROM_CART (4)
2026-05-18 12:47:58 Setting CBS color valve (Finished): 0
2026-05-18 12:48:00 CartMoveState: FROM_CART (4) -> TO_MOVE (10)
2026-05-18 12:48:01 CartMoveState: TO_MOVE (10) -> EXCH_1_WAIT (14)
2026-05-18 12:48:01 Handler State: EXCHANGE_ONE (7) -> START_DCU (8)
2026-05-18 12:48:02 Handler State: START_DCU (8) -> EXCHANGE_TWO (9)
2026-05-18 12:48:02 CartMove: Exchange 2
2026-05-18 12:48:02 CartMoveState: EXCH_1_WAIT (14) -> EXCH_1_CART (15)
2026-05-18 12:48:04 CartMoveState: EXCH_1_CART (15) -> EXCH_2_MOVE (16)
2026-05-18 12:48:05 CartMoveState: EXCH_2_MOVE (16) -> EXCH_2_CART (17)
2026-05-18 12:48:07 CartMoveState: EXCH_2_CART (17) -> STORE_DECIDE (18)
2026-05-18 12:48:07 Used volume for last job: 265.503
2026-05-18 12:48:07 Handler State: EXCHANGE_TWO (9) -> WAIT_FOR_DCU (10)
2026-05-18 12:48:09 Handler State: WAIT_FOR_DCU (10) -> EXCHANGE_THREE (11)
2026-05-18 12:48:09 CartMove: Exchange 3
2026-05-18 12:48:09 CartMoveState: STORE_DECIDE (18) -> AUX_DECIDE (5)
2026-05-18 12:48:09 CartMoveState: AUX_DECIDE (5) -> TO_MOVE (10)
2026-05-18 12:48:10 CartMoveState: TO_MOVE (10) -> TO_CART (11)
2026-05-18 12:48:12 CartMoveState: TO_CART (11) -> HOME_MOVE (12)
2026-05-18 12:48:13 CartMoveState: HOME_MOVE (12) -> HALT (13)
2026-05-18 12:48:13 CartMoveState: HALT (13) -> IDLE (1)
2026-05-18 12:48:13 Handler State: EXCHANGE_THREE (11) -> POST_PROCESS (12)
2026-05-18 12:48:13 Handler State: POST_PROCESS (12) -> MOVE_ARM_HOME (14)
2026-05-18 12:48:13 Handler State: MOVE_ARM_HOME (14) -> HANDLER_IDLE (1)
2026-05-18 12:56:29 Handler State: HANDLER_IDLE (1) -> HANDLER_START (2)
2026-05-18 12:56:30 Handler State: HANDLER_START (2) -> DECIDE_CART (3)
2026-05-18 12:56:30 Selection: IFS is clean and its cartridge is cleaned.
2026-05-18 12:56:30 Selected Primary Cartridge: 5
2026-05-18 12:56:30 Selected Primary Station: 103
2026-05-18 12:56:30 Selected Secondary Cartridge: 0
2026-05-18 12:56:30 Selected Secondary Station: 0
2026-05-18 12:56:30 Selected Filling Volume: 514
2026-05-18 12:56:30 Handler State: DECIDE_CART (3) -> CHECK_SEC_CART (26)
2026-05-18 12:56:30 Handler State: CHECK_SEC_CART (26) -> PROBE_CART (24)
2026-05-18 12:56:30 CartMove: Exchange 1, from 103
2026-05-18 12:56:30 CartMoveState: IDLE (1) -> FROM_MOVE (3)
2026-05-18 12:56:30 CartMoveState: FROM_MOVE (3) -> FROM_PROBE (19)
2026-05-18 12:56:32 Handler State: PROBE_CART (24) -> PROCESS_CART (6)
2026-05-18 12:56:32 Setting CBS color valve (FillIFS): 1
2026-05-18 12:56:33 Primed volume (FillIFS): 2.20252
2026-05-18 12:56:33 Re-Calculated Filling Volume: 514
2026-05-18 12:56:33 Setting CBS color valve (FillCart): 1
2026-05-18 12:56:54 Handler State: PROCESS_CART (6) -> EXCHANGE_ONE (7)
2026-05-18 12:56:54 CartMove: Exchange 1, from 103
2026-05-18 12:56:54 CartMoveState: FROM_PROBE (19) -> FROM_CART (4)
2026-05-18 12:57:00 Setting CBS color valve (Finished): 0
2026-05-18 12:57:02 CartMoveState: FROM_CART (4) -> TO_MOVE (10)
2026-05-18 12:57:03 CartMoveState: TO_MOVE (10) -> EXCH_1_WAIT (14)
2026-05-18 12:57:03 Handler State: EXCHANGE_ONE (7) -> START_DCU (8)
2026-05-18 12:57:08 Handler State: START_DCU (8) -> EXCHANGE_TWO (9)
2026-05-18 12:57:08 CartMove: Exchange 2
2026-05-18 12:57:19 CartMoveState: EXCH_1_WAIT (14) -> EXCH_1_CART (15)
2026-05-18 12:57:22 CartMoveState: EXCH_1_CART (15) -> EXCH_2_MOVE (16)
2026-05-18 12:57:23 CartMoveState: EXCH_2_MOVE (16) -> EXCH_2_CART (17)
2026-05-18 12:57:25 CartMoveState: EXCH_2_CART (17) -> STORE_DECIDE (18)
2026-05-18 12:57:25 Used volume for last job: 458.941
2026-05-18 12:57:25 Handler State: EXCHANGE_TWO (9) -> WAIT_FOR_DCU (10)
2026-05-18 12:57:26 Handler State: WAIT_FOR_DCU (10) -> EXCHANGE_THREE (11)
2026-05-18 12:57:26 CartMove: Exchange 3
2026-05-18 12:57:26 CartMoveState: STORE_DECIDE (18) -> AUX_DECIDE (5)
2026-05-18 12:57:26 CartMoveState: AUX_DECIDE (5) -> TO_MOVE (10)
2026-05-18 12:57:28 CartMoveState: TO_MOVE (10) -> TO_CART (11)
2026-05-18 12:57:30 CartMoveState: TO_CART (11) -> HOME_MOVE (12)
2026-05-18 12:57:32 CartMoveState: HOME_MOVE (12) -> HALT (13)
2026-05-18 12:57:32 CartMoveState: HALT (13) -> IDLE (1)
2026-05-18 12:57:32 Handler State: EXCHANGE_THREE (11) -> POST_PROCESS (12)
2026-05-18 12:57:32 Handler State: POST_PROCESS (12) -> MOVE_ARM_HOME (14)
2026-05-18 12:57:32 Handler State: MOVE_ARM_HOME (14) -> HANDLER_IDLE (1)
2026-05-18 13:02:29 Handler State: HANDLER_IDLE (1) -> SEMI_START (15)
2026-05-18 13:02:29 Handler State: SEMI_START (15) -> SEMI_PROBE_CART (25)
2026-05-18 13:02:32 Handler State: SEMI_PROBE_CART (25) -> SEMI_PROCESS (16)
2026-05-18 13:03:05 Re-Calculated Filling Volume: 0
2026-05-18 13:03:11 Setting CBS color valve (Finished): 0
2026-05-18 13:03:11 Handler State: SEMI_PROCESS (16) -> SEMI_WHAT_NEXT (21)
2026-05-18 13:03:11 Handler State: SEMI_WHAT_NEXT (21) -> SEMI_FINISHED (23)
2026-05-18 13:03:12 Handler State: SEMI_FINISHED (23) -> HANDLER_IDLE (1)
2026-05-18 13:03:25 Handler State: HANDLER_IDLE (1) -> HANDLER_START (2)
2026-05-18 13:03:26 Handler State: HANDLER_START (2) -> DECIDE_CART (3)
2026-05-18 13:03:26 Selection: IFS is clean and its cartridge is cleaned.
2026-05-18 13:03:26 Selected Primary Cartridge: 3
2026-05-18 13:03:26 Selected Primary Station: 104
2026-05-18 13:03:26 Selected Secondary Cartridge: 0
2026-05-18 13:03:26 Selected Secondary Station: 0
2026-05-18 13:03:26 Selected Filling Volume: 521
2026-05-18 13:03:26 Handler State: DECIDE_CART (3) -> CHECK_SEC_CART (26)
2026-05-18 13:03:26 Handler State: CHECK_SEC_CART (26) -> PROBE_CART (24)
2026-05-18 13:03:26 CartMove: Exchange 1, from 104
2026-05-18 13:03:26 CartMoveState: IDLE (1) -> FROM_MOVE (3)
2026-05-18 13:03:27 CartMoveState: FROM_MOVE (3) -> FROM_PROBE (19)
2026-05-18 13:03:28 Handler State: PROBE_CART (24) -> PROCESS_CART (6)
2026-05-18 13:03:28 Setting CBS color valve (FillIFS): 1
2026-05-18 13:03:30 Primed volume (FillIFS): 4.61465
2026-05-18 13:03:30 Re-Calculated Filling Volume: 521
2026-05-18 13:03:30 Setting CBS color valve (FillCart): 1
2026-05-18 13:03:56 Handler State: PROCESS_CART (6) -> EXCHANGE_ONE (7)
2026-05-18 13:03:56 CartMove: Exchange 1, from 104
2026-05-18 13:03:56 CartMoveState: FROM_PROBE (19) -> FROM_CART (4)
2026-05-18 13:04:01 Setting CBS color valve (Finished): 0
2026-05-18 13:04:03 CartMoveState: FROM_CART (4) -> TO_MOVE (10)
2026-05-18 13:04:05 CartMoveState: TO_MOVE (10) -> EXCH_1_WAIT (14)
2026-05-18 13:04:05 Handler State: EXCHANGE_ONE (7) -> START_DCU (8)
2026-05-18 13:04:05 Handler State: START_DCU (8) -> EXCHANGE_TWO (9)
2026-05-18 13:04:05 CartMove: Exchange 2
2026-05-18 13:04:05 CartMoveState: EXCH_1_WAIT (14) -> EXCH_1_CART (15)
2026-05-18 13:04:08 CartMoveState: EXCH_1_CART (15) -> EXCH_2_MOVE (16)
2026-05-18 13:04:09 CartMoveState: EXCH_2_MOVE (16) -> EXCH_2_CART (17)
2026-05-18 13:04:11 CartMoveState: EXCH_2_CART (17) -> STORE_DECIDE (18)
2026-05-18 13:04:11 Used volume for last job: 461.215
2026-05-18 13:04:11 Handler State: EXCHANGE_TWO (9) -> WAIT_FOR_DCU (10)
2026-05-18 13:04:13 Handler State: WAIT_FOR_DCU (10) -> EXCHANGE_THREE (11)
2026-05-18 13:04:13 CartMove: Exchange 3
2026-05-18 13:04:13 CartMoveState: STORE_DECIDE (18) -> AUX_DECIDE (5)
2026-05-18 13:04:13 CartMoveState: AUX_DECIDE (5) -> TO_MOVE (10)
2026-05-18 13:04:13 CartMoveState: TO_MOVE (10) -> TO_CART (11)
2026-05-18 13:04:15 CartMoveState: TO_CART (11) -> HOME_MOVE (12)
2026-05-18 13:04:16 CartMoveState: HOME_MOVE (12) -> HALT (13)
2026-05-18 13:04:16 CartMoveState: HALT (13) -> IDLE (1)
2026-05-18 13:04:16 Handler State: EXCHANGE_THREE (11) -> POST_PROCESS (12)
2026-05-18 13:04:16 Handler State: POST_PROCESS (12) -> MOVE_ARM_HOME (14)
2026-05-18 13:04:16 Handler State: MOVE_ARM_HOME (14) -> HANDLER_IDLE (1)
2026-05-18 13:19:37 Handler State: HANDLER_IDLE (1) -> HANDLER_START (2)
2026-05-18 13:19:38 Handler State: HANDLER_START (2) -> EXCHANGE_ONE (7)
2026-05-18 13:19:38 CartMove: Exchange 1, from 0
2026-05-18 13:19:38 CartMoveState: IDLE (1) -> TO_MOVE (10)
2026-05-18 13:19:39 CartMoveState: TO_MOVE (10) -> EXCH_1_WAIT (14)
2026-05-18 13:19:39 Handler State: EXCHANGE_ONE (7) -> START_DCU (8)
2026-05-18 13:19:40 Handler State: START_DCU (8) -> EXCHANGE_TWO (9)
2026-05-18 13:19:40 CartMove: Exchange 2
2026-05-18 13:19:48 CartMoveState: EXCH_1_WAIT (14) -> EXCH_1_CART (15)
2026-05-18 13:19:51 CartMoveState: EXCH_1_CART (15) -> STORE_DECIDE (18)
2026-05-18 13:19:51 Used volume for last job: 468.001
2026-05-18 13:19:51 Handler State: EXCHANGE_TWO (9) -> WAIT_FOR_DCU (10)
2026-05-18 13:19:52 Handler State: WAIT_FOR_DCU (10) -> EXCHANGE_THREE (11)
2026-05-18 13:19:52 CartMove: Exchange 3
2026-05-18 13:19:52 CartMoveState: STORE_DECIDE (18) -> AUX_DECIDE (5)
2026-05-18 13:19:52 CartMoveState: AUX_DECIDE (5) -> TO_MOVE (10)
2026-05-18 13:19:53 CartMoveState: TO_MOVE (10) -> TO_CART (11)
2026-05-18 13:19:55 CartMoveState: TO_CART (11) -> HOME_MOVE (12)
2026-05-18 13:19:56 CartMoveState: HOME_MOVE (12) -> HALT (13)
2026-05-18 13:19:56 CartMoveState: HALT (13) -> IDLE (1)
2026-05-18 13:19:56 Handler State: EXCHANGE_THREE (11) -> POST_PROCESS (12)
2026-05-18 13:19:56 Handler State: POST_PROCESS (12) -> MOVE_ARM_HOME (14)
2026-05-18 13:19:57 Handler State: MOVE_ARM_HOME (14) -> HANDLER_IDLE (1)
2026-05-18 13:54:42 Handler State: HANDLER_IDLE (1) -> SEMI_START (15)
2026-05-18 13:54:42 Handler State: SEMI_START (15) -> SEMI_PROBE_CART (25)
2026-05-18 13:54:45 Handler State: SEMI_PROBE_CART (25) -> SEMI_PROCESS (16)
2026-05-18 13:55:47 Re-Calculated Filling Volume: 0
2026-05-18 13:55:54 Setting CBS color valve (Finished): 0
2026-05-18 13:55:54 Handler State: SEMI_PROCESS (16) -> SEMI_WHAT_NEXT (21)
2026-05-18 13:55:54 Handler State: SEMI_WHAT_NEXT (21) -> SEMI_FINISHED (23)
2026-05-18 13:55:54 Handler State: SEMI_FINISHED (23) -> HANDLER_IDLE (1)
2026-05-18 13:55:58 Handler State: HANDLER_IDLE (1) -> SEMI_START (15)
2026-05-18 13:55:58 Handler State: SEMI_START (15) -> SEMI_PROBE_CART (25)
2026-05-18 13:56:01 Handler State: SEMI_PROBE_CART (25) -> SEMI_PROCESS (16)
2026-05-18 13:56:34 Re-Calculated Filling Volume: 0
2026-05-18 13:56:40 Setting CBS color valve (Finished): 0
2026-05-18 13:56:40 Handler State: SEMI_PROCESS (16) -> SEMI_WHAT_NEXT (21)
2026-05-18 13:56:40 Handler State: SEMI_WHAT_NEXT (21) -> SEMI_FINISHED (23)
2026-05-18 13:56:40 Handler State: SEMI_FINISHED (23) -> HANDLER_IDLE (1)
2026-05-18 13:56:51 Handler State: HANDLER_IDLE (1) -> HANDLER_START (2)
2026-05-18 13:56:52 Handler State: HANDLER_START (2) -> DECIDE_CART (3)
2026-05-18 13:56:52 Selection: IFS is clean and its cartridge is cleaned.
2026-05-18 13:56:52 Selected Primary Cartridge: 4
2026-05-18 13:56:52 Selected Primary Station: 102
2026-05-18 13:56:52 Selected Secondary Cartridge: 0
2026-05-18 13:56:52 Selected Secondary Station: 0
2026-05-18 13:56:52 Selected Filling Volume: 587
2026-05-18 13:56:52 Handler State: DECIDE_CART (3) -> CHECK_SEC_CART (26)
2026-05-18 13:56:52 Handler State: CHECK_SEC_CART (26) -> PROBE_CART (24)
2026-05-18 13:56:52 CartMove: Exchange 1, from 102
2026-05-18 13:56:52 CartMoveState: IDLE (1) -> FROM_MOVE (3)
2026-05-18 13:56:52 CartMoveState: FROM_MOVE (3) -> FROM_PROBE (19)
2026-05-18 13:56:54 Handler State: PROBE_CART (24) -> PROCESS_CART (6)
2026-05-18 13:56:54 Setting CBS color valve (FillIFS): 1
2026-05-18 13:56:56 Primed volume (FillIFS): 4.01805
2026-05-18 13:56:56 Re-Calculated Filling Volume: 587
2026-05-18 13:56:56 Setting CBS color valve (FillCart): 1
2026-05-18 13:57:18 Handler State: PROCESS_CART (6) -> EXCHANGE_ONE (7)
2026-05-18 13:57:18 CartMove: Exchange 1, from 102
2026-05-18 13:57:18 CartMoveState: FROM_PROBE (19) -> FROM_CART (4)
2026-05-18 13:57:25 Setting CBS color valve (Finished): 0
2026-05-18 13:57:27 CartMoveState: FROM_CART (4) -> TO_MOVE (10)
2026-05-18 13:57:28 CartMoveState: TO_MOVE (10) -> EXCH_1_WAIT (14)
2026-05-18 13:57:29 Handler State: EXCHANGE_ONE (7) -> START_DCU (8)
2026-05-18 13:57:29 Handler State: START_DCU (8) -> EXCHANGE_TWO (9)
2026-05-18 13:57:29 CartMove: Exchange 2
2026-05-18 13:57:29 CartMoveState: EXCH_1_WAIT (14) -> EXCH_1_CART (15)
2026-05-18 13:57:31 CartMoveState: EXCH_1_CART (15) -> EXCH_2_MOVE (16)
2026-05-18 13:57:32 CartMoveState: EXCH_2_MOVE (16) -> EXCH_2_CART (17)
2026-05-18 13:57:34 CartMoveState: EXCH_2_CART (17) -> HOME_MOVE (12)
2026-05-18 13:57:34 Handler State: EXCHANGE_TWO (9) -> WAIT_FOR_DCU (10)
2026-05-18 13:57:35 Handler State: WAIT_FOR_DCU (10) -> EXCHANGE_THREE (11)
2026-05-18 13:57:35 CartMove: Exchange 3
2026-05-18 13:57:35 CartMoveState: HOME_MOVE (12) -> HALT (13)
2026-05-18 13:57:35 CartMoveState: HALT (13) -> IDLE (1)
2026-05-18 13:57:35 Handler State: EXCHANGE_THREE (11) -> POST_PROCESS (12)
2026-05-18 13:57:35 Handler State: POST_PROCESS (12) -> MOVE_ARM_HOME (14)
2026-05-18 13:57:41 Handler State: MOVE_ARM_HOME (14) -> HANDLER_IDLE (1)
2026-05-18 14:04:19 Handler State: HANDLER_IDLE (1) -> SEMI_START (15)
2026-05-18 14:04:19 Handler State: SEMI_START (15) -> SEMI_PROBE_CART (25)
2026-05-18 14:04:22 Handler State: SEMI_PROBE_CART (25) -> SEMI_PROCESS (16)
2026-05-18 14:04:55 Re-Calculated Filling Volume: 0
2026-05-18 14:05:00 Setting CBS color valve (Finished): 0
2026-05-18 14:05:00 Handler State: SEMI_PROCESS (16) -> SEMI_WHAT_NEXT (21)
2026-05-18 14:05:00 Handler State: SEMI_WHAT_NEXT (21) -> SEMI_FINISHED (23)
2026-05-18 14:05:00 Handler State: SEMI_FINISHED (23) -> HANDLER_IDLE (1)
2026-05-18 14:05:39 Handler State: HANDLER_IDLE (1) -> HANDLER_START (2)
2026-05-18 14:05:40 Handler State: HANDLER_START (2) -> DECIDE_CART (3)
2026-05-18 14:05:40 Selection: IFS is clean and its cartridge is cleaned.
2026-05-18 14:05:40 Selected Primary Cartridge: 3
2026-05-18 14:05:40 Selected Primary Station: 104
2026-05-18 14:05:40 Selected Secondary Cartridge: 0
2026-05-18 14:05:40 Selected Secondary Station: 0
2026-05-18 14:05:40 Selected Filling Volume: 317
2026-05-18 14:05:40 Handler State: DECIDE_CART (3) -> CHECK_SEC_CART (26)
2026-05-18 14:05:40 Handler State: CHECK_SEC_CART (26) -> PROBE_CART (24)
2026-05-18 14:05:40 CartMove: Exchange 1, from 104
2026-05-18 14:05:40 CartMoveState: IDLE (1) -> FROM_MOVE (3)
2026-05-18 14:05:41 CartMoveState: FROM_MOVE (3) -> FROM_PROBE (19)
2026-05-18 14:05:43 Handler State: PROBE_CART (24) -> PROCESS_CART (6)
2026-05-18 14:05:43 Setting CBS color valve (FillIFS): 1
2026-05-18 14:05:44 Primed volume (FillIFS): 4.12638
2026-05-18 14:05:44 Re-Calculated Filling Volume: 317
2026-05-18 14:05:44 Setting CBS color valve (FillCart): 1
2026-05-18 14:06:03 Handler State: PROCESS_CART (6) -> EXCHANGE_ONE (7)
2026-05-18 14:06:03 CartMove: Exchange 1, from 104
2026-05-18 14:06:03 CartMoveState: FROM_PROBE (19) -> FROM_CART (4)
2026-05-18 14:06:09 Setting CBS color valve (Finished): 0
2026-05-18 14:06:11 CartMoveState: FROM_CART (4) -> TO_MOVE (10)
2026-05-18 14:06:12 CartMoveState: TO_MOVE (10) -> EXCH_1_WAIT (14)
2026-05-18 14:06:12 Handler State: EXCHANGE_ONE (7) -> START_DCU (8)
2026-05-18 14:06:13 Handler State: START_DCU (8) -> EXCHANGE_TWO (9)
2026-05-18 14:06:13 CartMove: Exchange 2
2026-05-18 14:06:13 CartMoveState: EXCH_1_WAIT (14) -> EXCH_1_CART (15)
2026-05-18 14:06:15 CartMoveState: EXCH_1_CART (15) -> EXCH_2_MOVE (16)
2026-05-18 14:06:16 CartMoveState: EXCH_2_MOVE (16) -> EXCH_2_CART (17)
2026-05-18 14:06:18 CartMoveState: EXCH_2_CART (17) -> STORE_DECIDE (18)
2026-05-18 14:06:18 Used volume for last job: 534.109
2026-05-18 14:06:18 Handler State: EXCHANGE_TWO (9) -> WAIT_FOR_DCU (10)
2026-05-18 14:06:20 Handler State: WAIT_FOR_DCU (10) -> EXCHANGE_THREE (11)
2026-05-18 14:06:20 CartMove: Exchange 3
2026-05-18 14:06:20 CartMoveState: STORE_DECIDE (18) -> AUX_DECIDE (5)
2026-05-18 14:06:20 CartMoveState: AUX_DECIDE (5) -> TO_MOVE (10)
2026-05-18 14:06:20 CartMoveState: TO_MOVE (10) -> TO_CART (11)
2026-05-18 14:06:22 CartMoveState: TO_CART (11) -> HOME_MOVE (12)
2026-05-18 14:06:22 CartMoveState: HOME_MOVE (12) -> HALT (13)
2026-05-18 14:06:22 CartMoveState: HALT (13) -> IDLE (1)
2026-05-18 14:06:22 Handler State: EXCHANGE_THREE (11) -> POST_PROCESS (12)
2026-05-18 14:06:22 Handler State: POST_PROCESS (12) -> MOVE_ARM_HOME (14)
2026-05-18 14:06:24 Handler State: MOVE_ARM_HOME (14) -> HANDLER_IDLE (1)
2026-05-18 14:17:10 Handler State: HANDLER_IDLE (1) -> SEMI_START (15)
2026-05-18 14:17:10 Handler State: SEMI_START (15) -> SEMI_TO_IFS (18)
2026-05-18 14:17:10 CartMove: Move, from 107 to 104
2026-05-18 14:17:10 CartMoveState: IDLE (1) -> FROM_MOVE (3)
2026-05-18 14:17:11 CartMoveState: FROM_MOVE (3) -> FROM_CART (4)
2026-05-18 14:17:14 CartMoveState: FROM_CART (4) -> AUX_DECIDE (5)
2026-05-18 14:17:14 CartMoveState: AUX_DECIDE (5) -> TO_MOVE (10)
2026-05-18 14:17:15 CartMoveState: TO_MOVE (10) -> TO_CART (11)
2026-05-18 14:17:17 CartMoveState: TO_CART (11) -> HOME_MOVE (12)
2026-05-18 14:17:18 CartMoveState: HOME_MOVE (12) -> HALT (13)
2026-05-18 14:17:18 CartMoveState: HALT (13) -> IDLE (1)
2026-05-18 14:17:18 Handler State: SEMI_TO_IFS (18) -> SEMI_PROBE_CART (25)
2026-05-18 14:17:22 Handler State: SEMI_PROBE_CART (25) -> SEMI_PROCESS (16)
2026-05-18 14:17:55 Re-Calculated Filling Volume: 0
2026-05-18 14:18:00 Setting CBS color valve (Finished): 0
2026-05-18 14:18:00 Handler State: SEMI_PROCESS (16) -> SEMI_FROM_IFS (20)
2026-05-18 14:18:00 CartMove: Move, from 104 to 107
2026-05-18 14:18:00 CartMoveState: IDLE (1) -> FROM_MOVE (3)
2026-05-18 14:18:00 CartMoveState: FROM_MOVE (3) -> FROM_CART (4)
2026-05-18 14:18:03 CartMoveState: FROM_CART (4) -> AUX_DECIDE (5)
2026-05-18 14:18:03 CartMoveState: AUX_DECIDE (5) -> TO_MOVE (10)
2026-05-18 14:18:04 CartMoveState: TO_MOVE (10) -> TO_CART (11)
2026-05-18 14:18:06 CartMoveState: TO_CART (11) -> HOME_MOVE (12)
2026-05-18 14:18:08 CartMoveState: HOME_MOVE (12) -> HALT (13)
2026-05-18 14:18:08 CartMoveState: HALT (13) -> IDLE (1)
2026-05-18 14:18:08 Handler State: SEMI_FROM_IFS (20) -> SEMI_WHAT_NEXT (21)
2026-05-18 14:18:08 Handler State: SEMI_WHAT_NEXT (21) -> SEMI_FINISHED (23)
2026-05-18 14:18:08 Handler State: SEMI_FINISHED (23) -> HANDLER_IDLE (1)
2026-05-18 14:18:09 Handler State: HANDLER_IDLE (1) -> HANDLER_START (2)
2026-05-18 14:18:10 Handler State: HANDLER_START (2) -> DECIDE_CART (3)
2026-05-18 14:18:10 Selection: IFS is clean and its cartridge is cleaned.
2026-05-18 14:18:10 Selected Primary Cartridge: 5
2026-05-18 14:18:10 Selected Primary Station: 103
2026-05-18 14:18:10 Selected Secondary Cartridge: 0
2026-05-18 14:18:10 Selected Secondary Station: 0
2026-05-18 14:18:10 Selected Filling Volume: 335
2026-05-18 14:18:10 Handler State: DECIDE_CART (3) -> CHECK_SEC_CART (26)
2026-05-18 14:18:10 Handler State: CHECK_SEC_CART (26) -> PROBE_CART (24)
2026-05-18 14:18:10 CartMove: Exchange 1, from 103
2026-05-18 14:18:10 CartMoveState: IDLE (1) -> FROM_MOVE (3)
2026-05-18 14:18:10 CartMoveState: FROM_MOVE (3) -> FROM_PROBE (19)
2026-05-18 14:18:11 Handler State: PROBE_CART (24) -> PROCESS_CART (6)
2026-05-18 14:18:12 Setting CBS color valve (FillIFS): 1
2026-05-18 14:18:13 Primed volume (FillIFS): 4.12267
2026-05-18 14:18:13 Re-Calculated Filling Volume: 335
2026-05-18 14:18:13 Setting CBS color valve (FillCart): 1
2026-05-18 14:18:30 Handler State: PROCESS_CART (6) -> EXCHANGE_ONE (7)
2026-05-18 14:18:30 CartMove: Exchange 1, from 103
2026-05-18 14:18:30 CartMoveState: FROM_PROBE (19) -> FROM_CART (4)
2026-05-18 14:18:35 Setting CBS color valve (Finished): 0
2026-05-18 14:18:37 CartMoveState: FROM_CART (4) -> TO_MOVE (10)
2026-05-18 14:18:39 CartMoveState: TO_MOVE (10) -> EXCH_1_WAIT (14)
2026-05-18 14:18:39 Handler State: EXCHANGE_ONE (7) -> START_DCU (8)
2026-05-18 14:18:39 Handler State: START_DCU (8) -> EXCHANGE_TWO (9)
2026-05-18 14:18:39 CartMove: Exchange 2
2026-05-18 14:18:39 CartMoveState: EXCH_1_WAIT (14) -> EXCH_1_CART (15)
2026-05-18 14:18:42 CartMoveState: EXCH_1_CART (15) -> EXCH_2_MOVE (16)
2026-05-18 14:18:43 CartMoveState: EXCH_2_MOVE (16) -> EXCH_2_CART (17)
2026-05-18 14:18:45 CartMoveState: EXCH_2_CART (17) -> STORE_DECIDE (18)
2026-05-18 14:18:45 Used volume for last job: 263.751
2026-05-18 14:18:45 Handler State: EXCHANGE_TWO (9) -> WAIT_FOR_DCU (10)
2026-05-18 14:18:47 Handler State: WAIT_FOR_DCU (10) -> EXCHANGE_THREE (11)
2026-05-18 14:18:47 CartMove: Exchange 3
2026-05-18 14:18:47 CartMoveState: STORE_DECIDE (18) -> AUX_DECIDE (5)
2026-05-18 14:18:47 CartMoveState: AUX_DECIDE (5) -> TO_MOVE (10)
2026-05-18 14:18:48 CartMoveState: TO_MOVE (10) -> TO_CART (11)
2026-05-18 14:18:50 CartMoveState: TO_CART (11) -> HOME_MOVE (12)
2026-05-18 14:18:51 CartMoveState: HOME_MOVE (12) -> HALT (13)
2026-05-18 14:18:51 CartMoveState: HALT (13) -> IDLE (1)
2026-05-18 14:18:51 Handler State: EXCHANGE_THREE (11) -> POST_PROCESS (12)
2026-05-18 14:18:51 Handler State: POST_PROCESS (12) -> MOVE_ARM_HOME (14)
2026-05-18 14:18:51 Handler State: MOVE_ARM_HOME (14) -> HANDLER_IDLE (1)
2026-05-18 14:27:45 Handler State: HANDLER_IDLE (1) -> HANDLER_START (2)
2026-05-18 14:27:46 Handler State: HANDLER_START (2) -> DECIDE_CART (3)
2026-05-18 14:27:46 Selection: IFS is clean and its cartridge has correct material.
2026-05-18 14:27:46 Selected Primary Cartridge: 3
2026-05-18 14:27:46 Selected Primary Station: 104
2026-05-18 14:27:46 Selected Secondary Cartridge: 0
2026-05-18 14:27:46 Selected Secondary Station: 0
2026-05-18 14:27:46 Selected Filling Volume: 520
2026-05-18 14:27:46 Handler State: DECIDE_CART (3) -> CHECK_SEC_CART (26)
2026-05-18 14:27:46 Handler State: CHECK_SEC_CART (26) -> PROBE_CART (24)
2026-05-18 14:27:46 CartMove: Exchange 1, from 104
2026-05-18 14:27:46 CartMoveState: IDLE (1) -> FROM_MOVE (3)
2026-05-18 14:27:47 CartMoveState: FROM_MOVE (3) -> FROM_PROBE (19)
2026-05-18 14:27:48 Handler State: PROBE_CART (24) -> PROCESS_CART (6)
2026-05-18 14:28:21 Setting CBS color valve (FillIFS): 2
2026-05-18 14:28:22 Primed volume (FillIFS): 4.82451
2026-05-18 14:28:22 Re-Calculated Filling Volume: 520
2026-05-18 14:28:22 Setting CBS color valve (FillCart): 2
2026-05-18 14:28:48 Handler State: PROCESS_CART (6) -> EXCHANGE_ONE (7)
2026-05-18 14:28:48 CartMove: Exchange 1, from 104
2026-05-18 14:28:48 CartMoveState: FROM_PROBE (19) -> FROM_CART (4)
2026-05-18 14:28:54 Setting CBS color valve (Finished): 0
2026-05-18 14:28:56 CartMoveState: FROM_CART (4) -> TO_MOVE (10)
2026-05-18 14:28:57 CartMoveState: TO_MOVE (10) -> EXCH_1_WAIT (14)
2026-05-18 14:28:57 Handler State: EXCHANGE_ONE (7) -> START_DCU (8)
2026-05-18 14:30:23 Handler State: START_DCU (8) -> EXCHANGE_TWO (9)
2026-05-18 14:30:23 CartMove: Exchange 2
2026-05-18 14:30:33 CartMoveState: EXCH_1_WAIT (14) -> EXCH_1_CART (15)
2026-05-18 14:30:36 CartMoveState: EXCH_1_CART (15) -> EXCH_2_MOVE (16)
2026-05-18 14:30:37 CartMoveState: EXCH_2_MOVE (16) -> EXCH_2_CART (17)
2026-05-18 14:30:39 CartMoveState: EXCH_2_CART (17) -> STORE_DECIDE (18)
2026-05-18 14:30:39 Used volume for last job: 283.229
2026-05-18 14:30:39 Handler State: EXCHANGE_TWO (9) -> WAIT_FOR_DCU (10)
2026-05-18 14:30:41 Handler State: WAIT_FOR_DCU (10) -> EXCHANGE_THREE (11)
2026-05-18 14:30:41 CartMove: Exchange 3
2026-05-18 14:30:41 CartMoveState: STORE_DECIDE (18) -> AUX_DECIDE (5)
2026-05-18 14:30:41 CartMoveState: AUX_DECIDE (5) -> TO_MOVE (10)
2026-05-18 14:30:42 CartMoveState: TO_MOVE (10) -> TO_CART (11)
2026-05-18 14:30:44 CartMoveState: TO_CART (11) -> HOME_MOVE (12)
2026-05-18 14:30:45 CartMoveState: HOME_MOVE (12) -> HALT (13)
2026-05-18 14:30:45 CartMoveState: HALT (13) -> IDLE (1)
2026-05-18 14:30:45 Handler State: EXCHANGE_THREE (11) -> POST_PROCESS (12)
2026-05-18 14:30:45 Handler State: POST_PROCESS (12) -> MOVE_ARM_HOME (14)
2026-05-18 14:30:45 Handler State: MOVE_ARM_HOME (14) -> HANDLER_IDLE (1)
2026-05-18 14:54:57 Handler State: HANDLER_IDLE (1) -> SEMI_START (15)
2026-05-18 14:54:57 Handler State: SEMI_START (15) -> SEMI_PROBE_CART (25)
2026-05-18 14:55:00 Handler State: SEMI_PROBE_CART (25) -> SEMI_PROCESS (16)
2026-05-18 14:55:36 Re-Calculated Filling Volume: 0
2026-05-18 14:55:43 Setting CBS color valve (Finished): 0
2026-05-18 14:55:43 Handler State: SEMI_PROCESS (16) -> SEMI_WHAT_NEXT (21)
2026-05-18 14:55:43 Handler State: SEMI_WHAT_NEXT (21) -> SEMI_FINISHED (23)
2026-05-18 14:55:44 Handler State: SEMI_FINISHED (23) -> HANDLER_IDLE (1)
2026-05-18 14:55:51 Handler State: HANDLER_IDLE (1) -> HANDLER_START (2)
2026-05-18 14:55:52 Handler State: HANDLER_START (2) -> DECIDE_CART (3)
2026-05-18 14:55:52 Selection: IFS is clean and its cartridge is cleaned.
2026-05-18 14:55:52 Selected Primary Cartridge: 4
2026-05-18 14:55:52 Selected Primary Station: 102
2026-05-18 14:55:52 Selected Secondary Cartridge: 0
2026-05-18 14:55:52 Selected Secondary Station: 0
2026-05-18 14:55:52 Selected Filling Volume: 546
2026-05-18 14:55:52 Handler State: DECIDE_CART (3) -> CHECK_SEC_CART (26)
2026-05-18 14:55:52 Handler State: CHECK_SEC_CART (26) -> PROBE_CART (24)
2026-05-18 14:55:52 CartMove: Exchange 1, from 102
2026-05-18 14:55:52 CartMoveState: IDLE (1) -> FROM_MOVE (3)
2026-05-18 14:55:53 CartMoveState: FROM_MOVE (3) -> FROM_PROBE (19)
2026-05-18 14:55:55 Handler State: PROBE_CART (24) -> PROCESS_CART (6)
2026-05-18 14:55:55 Setting CBS color valve (FillIFS): 1
2026-05-18 14:55:56 Primed volume (FillIFS): 4.6492
2026-05-18 14:55:56 Re-Calculated Filling Volume: 546
2026-05-18 14:55:56 Setting CBS color valve (FillCart): 1
2026-05-18 14:56:17 Handler State: PROCESS_CART (6) -> EXCHANGE_ONE (7)
2026-05-18 14:56:17 CartMove: Exchange 1, from 102
2026-05-18 14:56:17 CartMoveState: FROM_PROBE (19) -> FROM_CART (4)
2026-05-18 14:56:24 Setting CBS color valve (Finished): 0
2026-05-18 14:56:26 CartMoveState: FROM_CART (4) -> TO_MOVE (10)
2026-05-18 14:56:28 CartMoveState: TO_MOVE (10) -> EXCH_1_WAIT (14)
2026-05-18 14:56:28 Handler State: EXCHANGE_ONE (7) -> START_DCU (8)
2026-05-18 14:56:28 Handler State: START_DCU (8) -> EXCHANGE_TWO (9)
2026-05-18 14:56:28 CartMove: Exchange 2
2026-05-18 14:56:28 CartMoveState: EXCH_1_WAIT (14) -> EXCH_1_CART (15)
2026-05-18 14:56:31 CartMoveState: EXCH_1_CART (15) -> EXCH_2_MOVE (16)
2026-05-18 14:56:32 CartMoveState: EXCH_2_MOVE (16) -> EXCH_2_CART (17)
2026-05-18 14:56:34 CartMoveState: EXCH_2_CART (17) -> STORE_DECIDE (18)
2026-05-18 14:56:34 Used volume for last job: 467.898
2026-05-18 14:56:34 Handler State: EXCHANGE_TWO (9) -> WAIT_FOR_DCU (10)
2026-05-18 14:56:35 Handler State: WAIT_FOR_DCU (10) -> EXCHANGE_THREE (11)
2026-05-18 14:56:35 CartMove: Exchange 3
2026-05-18 14:56:35 CartMoveState: STORE_DECIDE (18) -> AUX_DECIDE (5)
2026-05-18 14:56:36 CartMoveState: AUX_DECIDE (5) -> TO_MOVE (10)
2026-05-18 14:56:36 CartMoveState: TO_MOVE (10) -> TO_CART (11)
2026-05-18 14:56:38 CartMoveState: TO_CART (11) -> HOME_MOVE (12)
2026-05-18 14:56:39 CartMoveState: HOME_MOVE (12) -> HALT (13)
2026-05-18 14:56:39 CartMoveState: HALT (13) -> IDLE (1)
2026-05-18 14:56:39 Handler State: EXCHANGE_THREE (11) -> POST_PROCESS (12)
2026-05-18 14:56:39 Handler State: POST_PROCESS (12) -> MOVE_ARM_HOME (14)
2026-05-18 14:56:40 Handler State: MOVE_ARM_HOME (14) -> HANDLER_IDLE (1)
2026-05-18 14:57:08 Handler State: HANDLER_IDLE (1) -> HANDLER_START (2)
2026-05-18 14:57:09 Handler State: HANDLER_START (2) -> DECIDE_CART (3)
2026-05-18 14:57:09 Selection: Last resort, just pick the first IFS.
2026-05-18 14:57:09 Selection: Cartridge is clean.
2026-05-18 14:57:09 Selected Primary Cartridge: 6
2026-05-18 14:57:09 Selected Primary Station: 104
2026-05-18 14:57:09 Selected Secondary Cartridge: 0
2026-05-18 14:57:09 Selected Secondary Station: 0
2026-05-18 14:57:09 Selected Filling Volume: 512
2026-05-18 14:57:09 Handler State: DECIDE_CART (3) -> REMOVE_CART (4)
2026-05-18 14:57:09 CartMove: Move, from 104 to 108
2026-05-18 14:57:09 CartMoveState: IDLE (1) -> FROM_MOVE (3)
2026-05-18 14:57:10 CartMoveState: FROM_MOVE (3) -> FROM_CART (4)
2026-05-18 14:57:13 CartMoveState: FROM_CART (4) -> AUX_DECIDE (5)
2026-05-18 14:57:13 CartMoveState: AUX_DECIDE (5) -> TO_MOVE (10)
2026-05-18 14:57:14 CartMoveState: TO_MOVE (10) -> TO_CART (11)
2026-05-18 14:57:16 CartMoveState: TO_CART (11) -> HOME_MOVE (12)
2026-05-18 14:57:18 CartMoveState: HOME_MOVE (12) -> HALT (13)
2026-05-18 14:57:18 CartMoveState: HALT (13) -> IDLE (1)
2026-05-18 14:57:18 Handler State: REMOVE_CART (4) -> PLACE_CART (5)
2026-05-18 14:57:18 CartMove: Move, from 107 to 104
2026-05-18 14:57:18 CartMoveState: IDLE (1) -> FROM_MOVE (3)
2026-05-18 14:57:19 CartMoveState: FROM_MOVE (3) -> FROM_CART (4)
2026-05-18 14:57:22 CartMoveState: FROM_CART (4) -> AUX_DECIDE (5)
2026-05-18 14:57:22 CartMoveState: AUX_DECIDE (5) -> TO_MOVE (10)
2026-05-18 14:57:23 CartMoveState: TO_MOVE (10) -> TO_CART (11)
2026-05-18 14:57:26 CartMoveState: TO_CART (11) -> HOME_MOVE (12)
2026-05-18 14:57:26 CartMoveState: HOME_MOVE (12) -> HALT (13)
2026-05-18 14:57:26 CartMoveState: HALT (13) -> IDLE (1)
2026-05-18 14:57:26 Handler State: PLACE_CART (5) -> CHECK_SEC_CART (26)
2026-05-18 14:57:26 Handler State: CHECK_SEC_CART (26) -> PROBE_CART (24)
2026-05-18 14:57:26 CartMove: Exchange 1, from 104
2026-05-18 14:57:26 CartMoveState: IDLE (1) -> FROM_MOVE (3)
2026-05-18 14:57:27 CartMoveState: FROM_MOVE (3) -> FROM_PROBE (19)
2026-05-18 14:57:29 Handler State: PROBE_CART (24) -> PROCESS_CART (6)
2026-05-18 14:57:54 Setting CBS color valve (FillIFS): 1
2026-05-18 14:57:55 Primed volume (FillIFS): 0.346213
2026-05-18 14:57:55 Re-Calculated Filling Volume: 512
2026-05-18 14:57:55 Setting CBS color valve (FillCart): 1
2026-05-18 14:58:22 Handler State: PROCESS_CART (6) -> EXCHANGE_ONE (7)
2026-05-18 14:58:22 CartMove: Exchange 1, from 104
2026-05-18 14:58:22 CartMoveState: FROM_PROBE (19) -> FROM_CART (4)
2026-05-18 14:58:27 Setting CBS color valve (Finished): 0
2026-05-18 14:58:29 CartMoveState: FROM_CART (4) -> TO_MOVE (10)
2026-05-18 14:58:31 CartMoveState: TO_MOVE (10) -> EXCH_1_WAIT (14)
2026-05-18 14:58:31 Handler State: EXCHANGE_ONE (7) -> START_DCU (8)
2026-05-18 15:00:58 Handler State: START_DCU (8) -> EXCHANGE_TWO (9)
2026-05-18 15:00:58 CartMove: Exchange 2
2026-05-18 15:01:09 CartMoveState: EXCH_1_WAIT (14) -> EXCH_1_CART (15)
2026-05-18 15:01:12 CartMoveState: EXCH_1_CART (15) -> EXCH_2_MOVE (16)
2026-05-18 15:01:12 CartMoveState: EXCH_2_MOVE (16) -> EXCH_2_CART (17)
2026-05-18 15:01:14 CartMoveState: EXCH_2_CART (17) -> STORE_DECIDE (18)
2026-05-18 15:01:14 Used volume for last job: 494.932
2026-05-18 15:01:14 Handler State: EXCHANGE_TWO (9) -> WAIT_FOR_DCU (10)
2026-05-18 15:01:16 Handler State: WAIT_FOR_DCU (10) -> EXCHANGE_THREE (11)
2026-05-18 15:01:16 CartMove: Exchange 3
2026-05-18 15:01:16 CartMoveState: STORE_DECIDE (18) -> AUX_DECIDE (5)
2026-05-18 15:01:16 CartMoveState: AUX_DECIDE (5) -> TO_MOVE (10)
2026-05-18 15:01:16 CartMoveState: TO_MOVE (10) -> TO_CART (11)
2026-05-18 15:01:18 CartMoveState: TO_CART (11) -> HOME_MOVE (12)
2026-05-18 15:01:18 CartMoveState: HOME_MOVE (12) -> HALT (13)
2026-05-18 15:01:18 CartMoveState: HALT (13) -> IDLE (1)
2026-05-18 15:01:18 Handler State: EXCHANGE_THREE (11) -> POST_PROCESS (12)
2026-05-18 15:01:18 Handler State: POST_PROCESS (12) -> EMPTY_AUX (13)
2026-05-18 15:01:18 CartMove: Move, from 108 to 104
2026-05-18 15:01:18 CartMoveState: IDLE (1) -> FROM_MOVE (3)
2026-05-18 15:01:20 CartMoveState: FROM_MOVE (3) -> FROM_CART (4)
2026-05-18 15:01:22 CartMoveState: FROM_CART (4) -> AUX_DECIDE (5)
2026-05-18 15:01:22 CartMoveState: AUX_DECIDE (5) -> TO_MOVE (10)
2026-05-18 15:01:24 CartMoveState: TO_MOVE (10) -> TO_CART (11)
2026-05-18 15:01:26 CartMoveState: TO_CART (11) -> HOME_MOVE (12)
2026-05-18 15:01:27 CartMoveState: HOME_MOVE (12) -> HALT (13)
2026-05-18 15:01:27 CartMoveState: HALT (13) -> IDLE (1)
2026-05-18 15:01:27 Handler State: EMPTY_AUX (13) -> MOVE_ARM_HOME (14)
2026-05-18 15:01:27 Handler State: MOVE_ARM_HOME (14) -> HANDLER_IDLE (1)
2026-05-18 15:02:00 Handler State: HANDLER_IDLE (1) -> HANDLER_START (2)
2026-05-18 15:02:01 Handler State: HANDLER_START (2) -> DECIDE_CART (3)
2026-05-18 15:02:01 Selection: Last resort, just pick the first IFS.
2026-05-18 15:02:01 Selection: Last resort, just pick the first cartridge.
2026-05-18 15:02:01 Selected Primary Cartridge: 2
2026-05-18 15:02:01 Selected Primary Station: 103
2026-05-18 15:02:01 Selected Secondary Cartridge: 0
2026-05-18 15:02:01 Selected Secondary Station: 0
2026-05-18 15:02:01 Selected Filling Volume: 228
2026-05-18 15:02:01 Handler State: DECIDE_CART (3) -> REMOVE_CART (4)
2026-05-18 15:02:01 CartMove: Move, from 103 to 108
2026-05-18 15:02:01 CartMoveState: IDLE (1) -> FROM_MOVE (3)
2026-05-18 15:02:01 CartMoveState: FROM_MOVE (3) -> FROM_CART (4)
2026-05-18 15:02:04 CartMoveState: FROM_CART (4) -> AUX_DECIDE (5)
2026-05-18 15:02:04 CartMoveState: AUX_DECIDE (5) -> TO_MOVE (10)
2026-05-18 15:02:05 CartMoveState: TO_MOVE (10) -> TO_CART (11)
2026-05-18 15:02:07 CartMoveState: TO_CART (11) -> HOME_MOVE (12)
2026-05-18 15:02:09 CartMoveState: HOME_MOVE (12) -> HALT (13)
2026-05-18 15:02:09 CartMoveState: HALT (13) -> IDLE (1)
2026-05-18 15:02:09 Handler State: REMOVE_CART (4) -> PLACE_CART (5)
2026-05-18 15:02:09 CartMove: Move, from 106 to 103
2026-05-18 15:02:09 CartMoveState: IDLE (1) -> FROM_MOVE (3)
2026-05-18 15:02:10 CartMoveState: FROM_MOVE (3) -> FROM_CART (4)
2026-05-18 15:02:13 CartMoveState: FROM_CART (4) -> AUX_DECIDE (5)
2026-05-18 15:02:13 CartMoveState: AUX_DECIDE (5) -> TO_MOVE (10)
2026-05-18 15:02:14 CartMoveState: TO_MOVE (10) -> TO_CART (11)
2026-05-18 15:02:17 CartMoveState: TO_CART (11) -> HOME_MOVE (12)
2026-05-18 15:02:17 CartMoveState: HOME_MOVE (12) -> HALT (13)
2026-05-18 15:02:17 CartMoveState: HALT (13) -> IDLE (1)
2026-05-18 15:02:17 Handler State: PLACE_CART (5) -> CHECK_SEC_CART (26)
2026-05-18 15:02:17 Handler State: CHECK_SEC_CART (26) -> PROBE_CART (24)
2026-05-18 15:02:17 CartMove: Exchange 1, from 103
2026-05-18 15:02:17 CartMoveState: IDLE (1) -> FROM_MOVE (3)
2026-05-18 15:02:17 CartMoveState: FROM_MOVE (3) -> FROM_PROBE (19)
2026-05-18 15:02:18 Handler State: PROBE_CART (24) -> PROCESS_CART (6)
2026-05-18 15:02:51 Setting CBS color valve (FillIFS): 1
2026-05-18 15:02:52 Primed volume (FillIFS): 4.70424
2026-05-18 15:02:52 Re-Calculated Filling Volume: 228
2026-05-18 15:02:52 Setting CBS color valve (FillCart): 1
2026-05-18 15:03:07 Handler State: PROCESS_CART (6) -> EXCHANGE_ONE (7)
2026-05-18 15:03:07 CartMove: Exchange 1, from 103
2026-05-18 15:03:07 CartMoveState: FROM_PROBE (19) -> FROM_CART (4)
2026-05-18 15:03:12 Setting CBS color valve (Finished): 0
2026-05-18 15:03:14 CartMoveState: FROM_CART (4) -> TO_MOVE (10)
2026-05-18 15:03:16 CartMoveState: TO_MOVE (10) -> EXCH_1_WAIT (14)
2026-05-18 15:03:16 Handler State: EXCHANGE_ONE (7) -> START_DCU (8)
2026-05-18 15:05:58 Handler State: START_DCU (8) -> EXCHANGE_TWO (9)
2026-05-18 15:05:58 CartMove: Exchange 2
2026-05-18 15:06:09 CartMoveState: EXCH_1_WAIT (14) -> EXCH_1_CART (15)
2026-05-18 15:06:12 CartMoveState: EXCH_1_CART (15) -> EXCH_2_MOVE (16)
2026-05-18 15:06:13 CartMoveState: EXCH_2_MOVE (16) -> EXCH_2_CART (17)
2026-05-18 15:06:15 CartMoveState: EXCH_2_CART (17) -> STORE_DECIDE (18)
2026-05-18 15:06:15 Used volume for last job: 460.267
2026-05-18 15:06:15 Handler State: EXCHANGE_TWO (9) -> WAIT_FOR_DCU (10)
2026-05-18 15:06:17 Handler State: WAIT_FOR_DCU (10) -> EXCHANGE_THREE (11)
2026-05-18 15:06:17 CartMove: Exchange 3
2026-05-18 15:06:17 CartMoveState: STORE_DECIDE (18) -> AUX_DECIDE (5)
2026-05-18 15:06:17 CartMoveState: AUX_DECIDE (5) -> TO_MOVE (10)
2026-05-18 15:06:18 CartMoveState: TO_MOVE (10) -> TO_CART (11)
2026-05-18 15:06:20 CartMoveState: TO_CART (11) -> HOME_MOVE (12)
2026-05-18 15:06:22 CartMoveState: HOME_MOVE (12) -> HALT (13)
2026-05-18 15:06:22 CartMoveState: HALT (13) -> IDLE (1)
2026-05-18 15:06:22 Handler State: EXCHANGE_THREE (11) -> POST_PROCESS (12)
2026-05-18 15:06:22 Handler State: POST_PROCESS (12) -> EMPTY_AUX (13)
2026-05-18 15:06:22 CartMove: Move, from 108 to 103
2026-05-18 15:06:22 CartMoveState: IDLE (1) -> FROM_MOVE (3)
2026-05-18 15:06:23 CartMoveState: FROM_MOVE (3) -> FROM_CART (4)
2026-05-18 15:06:26 CartMoveState: FROM_CART (4) -> AUX_DECIDE (5)
2026-05-18 15:06:26 CartMoveState: AUX_DECIDE (5) -> TO_MOVE (10)
2026-05-18 15:06:28 CartMoveState: TO_MOVE (10) -> TO_CART (11)
2026-05-18 15:06:30 CartMoveState: TO_CART (11) -> HOME_MOVE (12)
2026-05-18 15:06:30 CartMoveState: HOME_MOVE (12) -> HALT (13)
2026-05-18 15:06:30 CartMoveState: HALT (13) -> IDLE (1)
2026-05-18 15:06:30 Handler State: EMPTY_AUX (13) -> MOVE_ARM_HOME (14)
2026-05-18 15:06:30 Handler State: MOVE_ARM_HOME (14) -> HANDLER_IDLE (1)
2026-05-18 15:06:59 Handler State: HANDLER_IDLE (1) -> HANDLER_START (2)
2026-05-18 15:07:00 Handler State: HANDLER_START (2) -> DECIDE_CART (3)
2026-05-18 15:07:00 Selection: Last resort, just pick the first IFS.
2026-05-18 15:07:00 Selection: Last resort, just pick the first cartridge.
2026-05-18 15:07:00 Selected Primary Cartridge: 5
2026-05-18 15:07:00 Selected Primary Station: 103
2026-05-18 15:07:00 Selected Secondary Cartridge: 0
2026-05-18 15:07:00 Selected Secondary Station: 0
2026-05-18 15:07:00 Selected Filling Volume: 489
2026-05-18 15:07:00 Handler State: DECIDE_CART (3) -> CHECK_SEC_CART (26)
2026-05-18 15:07:00 Handler State: CHECK_SEC_CART (26) -> PROBE_CART (24)
2026-05-18 15:07:00 CartMove: Exchange 1, from 103
2026-05-18 15:07:00 CartMoveState: IDLE (1) -> FROM_MOVE (3)
2026-05-18 15:07:00 CartMoveState: FROM_MOVE (3) -> FROM_PROBE (19)
2026-05-18 15:07:02 Handler State: PROBE_CART (24) -> PROCESS_CART (6)
2026-05-18 15:07:34 Setting CBS color valve (FillIFS): 2
2026-05-18 15:07:35 Primed volume (FillIFS): 4.89298
2026-05-18 15:07:35 Re-Calculated Filling Volume: 489
2026-05-18 15:07:35 Setting CBS color valve (FillCart): 2
2026-05-18 15:07:55 Handler State: PROCESS_CART (6) -> EXCHANGE_ONE (7)
2026-05-18 15:07:55 CartMove: Exchange 1, from 103
2026-05-18 15:07:55 CartMoveState: FROM_PROBE (19) -> FROM_CART (4)
2026-05-18 15:08:01 Setting CBS color valve (Finished): 0
2026-05-18 15:08:02 CartMoveState: FROM_CART (4) -> TO_MOVE (10)
2026-05-18 15:08:04 CartMoveState: TO_MOVE (10) -> EXCH_1_WAIT (14)
2026-05-18 15:08:04 Handler State: EXCHANGE_ONE (7) -> START_DCU (8)
2026-05-18 15:09:28 Handler State: START_DCU (8) -> EXCHANGE_TWO (9)
2026-05-18 15:09:28 CartMove: Exchange 2
2026-05-18 15:09:39 CartMoveState: EXCH_1_WAIT (14) -> EXCH_1_CART (15)
2026-05-18 15:09:42 CartMoveState: EXCH_1_CART (15) -> EXCH_2_MOVE (16)
2026-05-18 15:09:43 CartMoveState: EXCH_2_MOVE (16) -> EXCH_2_CART (17)
2026-05-18 15:09:45 CartMoveState: EXCH_2_CART (17) -> STORE_DECIDE (18)
2026-05-18 15:09:45 Used volume for last job: 177.535
2026-05-18 15:09:45 Handler State: EXCHANGE_TWO (9) -> WAIT_FOR_DCU (10)
2026-05-18 15:09:46 Handler State: WAIT_FOR_DCU (10) -> EXCHANGE_THREE (11)
2026-05-18 15:09:46 CartMove: Exchange 3
2026-05-18 15:09:46 CartMoveState: STORE_DECIDE (18) -> AUX_DECIDE (5)
2026-05-18 15:09:46 CartMoveState: AUX_DECIDE (5) -> TO_MOVE (10)
2026-05-18 15:09:47 CartMoveState: TO_MOVE (10) -> TO_CART (11)
2026-05-18 15:09:49 CartMoveState: TO_CART (11) -> HOME_MOVE (12)
2026-05-18 15:09:50 CartMoveState: HOME_MOVE (12) -> HALT (13)
2026-05-18 15:09:50 CartMoveState: HALT (13) -> IDLE (1)
2026-05-18 15:09:50 Handler State: EXCHANGE_THREE (11) -> POST_PROCESS (12)
2026-05-18 15:09:50 Handler State: POST_PROCESS (12) -> MOVE_ARM_HOME (14)
2026-05-18 15:09:50 Handler State: MOVE_ARM_HOME (14) -> HANDLER_IDLE (1)
2026-05-18 15:11:18 Handler State: HANDLER_IDLE (1) -> HANDLER_START (2)
2026-05-18 15:11:19 Handler State: HANDLER_START (2) -> DECIDE_CART (3)
2026-05-18 15:11:19 Selection: IFS has correct material.
2026-05-18 15:11:19 Selection: Cartridge has correct material.
2026-05-18 15:11:19 Selected Primary Cartridge: 6
2026-05-18 15:11:19 Selected Primary Station: 104
2026-05-18 15:11:19 Selected Secondary Cartridge: 0
2026-05-18 15:11:19 Selected Secondary Station: 0
2026-05-18 15:11:19 Selected Filling Volume: 317
2026-05-18 15:11:19 Handler State: DECIDE_CART (3) -> REMOVE_CART (4)
2026-05-18 15:11:19 CartMove: Move, from 104 to 108
2026-05-18 15:11:19 CartMoveState: IDLE (1) -> FROM_MOVE (3)
2026-05-18 15:11:20 CartMoveState: FROM_MOVE (3) -> FROM_CART (4)
2026-05-18 15:11:23 CartMoveState: FROM_CART (4) -> AUX_DECIDE (5)
2026-05-18 15:11:23 CartMoveState: AUX_DECIDE (5) -> TO_MOVE (10)
2026-05-18 15:11:25 CartMoveState: TO_MOVE (10) -> TO_CART (11)
2026-05-18 15:11:26 CartMoveState: TO_CART (11) -> HOME_MOVE (12)
2026-05-18 15:11:28 CartMoveState: HOME_MOVE (12) -> HALT (13)
2026-05-18 15:11:28 CartMoveState: HALT (13) -> IDLE (1)
2026-05-18 15:11:28 Handler State: REMOVE_CART (4) -> PLACE_CART (5)
2026-05-18 15:11:28 CartMove: Move, from 107 to 104
2026-05-18 15:11:28 CartMoveState: IDLE (1) -> FROM_MOVE (3)
2026-05-18 15:11:29 CartMoveState: FROM_MOVE (3) -> FROM_CART (4)
2026-05-18 15:11:32 CartMoveState: FROM_CART (4) -> AUX_DECIDE (5)
2026-05-18 15:11:32 CartMoveState: AUX_DECIDE (5) -> TO_MOVE (10)
2026-05-18 15:11:33 CartMoveState: TO_MOVE (10) -> TO_CART (11)
2026-05-18 15:11:36 CartMoveState: TO_CART (11) -> HOME_MOVE (12)
2026-05-18 15:11:36 CartMoveState: HOME_MOVE (12) -> HALT (13)
2026-05-18 15:11:36 CartMoveState: HALT (13) -> IDLE (1)
2026-05-18 15:11:36 Handler State: PLACE_CART (5) -> CHECK_SEC_CART (26)
2026-05-18 15:11:36 Handler State: CHECK_SEC_CART (26) -> PROBE_CART (24)
2026-05-18 15:11:36 CartMove: Exchange 1, from 104
2026-05-18 15:11:36 CartMoveState: IDLE (1) -> FROM_MOVE (3)
2026-05-18 15:11:37 CartMoveState: FROM_MOVE (3) -> FROM_PROBE (19)
2026-05-18 15:11:39 Handler State: PROBE_CART (24) -> PROCESS_CART (6)
2026-05-18 15:12:11 Setting CBS color valve (FillGate): 2
2026-05-18 15:12:12 Primed volume (FillGate): 1.94972
2026-05-18 15:12:12 Re-Calculated Filling Volume: 317
2026-05-18 15:12:12 Setting CBS color valve (FillCart): 2
2026-05-18 15:12:30 Handler State: PROCESS_CART (6) -> EXCHANGE_ONE (7)
2026-05-18 15:12:30 CartMove: Exchange 1, from 104
2026-05-18 15:12:30 CartMoveState: FROM_PROBE (19) -> FROM_CART (4)
2026-05-18 15:12:35 Setting CBS color valve (Finished): 0
2026-05-18 15:12:37 CartMoveState: FROM_CART (4) -> TO_MOVE (10)
2026-05-18 15:12:39 CartMoveState: TO_MOVE (10) -> EXCH_1_WAIT (14)
2026-05-18 15:12:39 Handler State: EXCHANGE_ONE (7) -> START_DCU (8)
2026-05-18 15:14:56 Handler State: START_DCU (8) -> EXCHANGE_TWO (9)
2026-05-18 15:14:56 CartMove: Exchange 2
2026-05-18 15:15:07 CartMoveState: EXCH_1_WAIT (14) -> EXCH_1_CART (15)
2026-05-18 15:15:10 CartMoveState: EXCH_1_CART (15) -> EXCH_2_MOVE (16)
2026-05-18 15:15:11 CartMoveState: EXCH_2_MOVE (16) -> EXCH_2_CART (17)
2026-05-18 15:15:13 CartMoveState: EXCH_2_CART (17) -> STORE_DECIDE (18)
2026-05-18 15:15:13 Used volume for last job: 436.378
2026-05-18 15:15:13 Handler State: EXCHANGE_TWO (9) -> WAIT_FOR_DCU (10)
2026-05-18 15:15:15 Handler State: WAIT_FOR_DCU (10) -> EXCHANGE_THREE (11)
2026-05-18 15:15:15 CartMove: Exchange 3
2026-05-18 15:15:15 CartMoveState: STORE_DECIDE (18) -> AUX_DECIDE (5)
2026-05-18 15:15:15 CartMoveState: AUX_DECIDE (5) -> TO_MOVE (10)
2026-05-18 15:15:16 CartMoveState: TO_MOVE (10) -> TO_CART (11)
2026-05-18 15:15:18 CartMoveState: TO_CART (11) -> HOME_MOVE (12)
2026-05-18 15:15:20 CartMoveState: HOME_MOVE (12) -> HALT (13)
2026-05-18 15:15:20 CartMoveState: HALT (13) -> IDLE (1)
2026-05-18 15:15:20 Handler State: EXCHANGE_THREE (11) -> POST_PROCESS (12)
2026-05-18 15:15:20 Handler State: POST_PROCESS (12) -> EMPTY_AUX (13)
2026-05-18 15:15:20 CartMove: Move, from 108 to 104
2026-05-18 15:15:20 CartMoveState: IDLE (1) -> FROM_MOVE (3)
2026-05-18 15:15:21 CartMoveState: FROM_MOVE (3) -> FROM_CART (4)
2026-05-18 15:15:24 CartMoveState: FROM_CART (4) -> AUX_DECIDE (5)
2026-05-18 15:15:24 CartMoveState: AUX_DECIDE (5) -> TO_MOVE (10)
2026-05-18 15:15:26 CartMoveState: TO_MOVE (10) -> TO_CART (11)
2026-05-18 15:15:28 CartMoveState: TO_CART (11) -> HOME_MOVE (12)
2026-05-18 15:15:29 CartMoveState: HOME_MOVE (12) -> HALT (13)
2026-05-18 15:15:29 CartMoveState: HALT (13) -> IDLE (1)
2026-05-18 15:15:29 Handler State: EMPTY_AUX (13) -> MOVE_ARM_HOME (14)
2026-05-18 15:15:29 Handler State: MOVE_ARM_HOME (14) -> HANDLER_IDLE (1)
2026-05-18 15:15:59 Handler State: HANDLER_IDLE (1) -> HANDLER_START (2)
2026-05-18 15:16:00 Handler State: HANDLER_START (2) -> DECIDE_CART (3)
2026-05-18 15:16:00 Selection: Last resort, just pick the first IFS.
2026-05-18 15:16:00 Selection: Last resort, just pick the first cartridge.
2026-05-18 15:16:00 Selected Primary Cartridge: 1
2026-05-18 15:16:00 Selected Primary Station: 102
2026-05-18 15:16:00 Selected Secondary Cartridge: 0
2026-05-18 15:16:00 Selected Secondary Station: 0
2026-05-18 15:16:00 Selected Filling Volume: 325
2026-05-18 15:16:00 Handler State: DECIDE_CART (3) -> REMOVE_CART (4)
2026-05-18 15:16:00 CartMove: Move, from 102 to 108
2026-05-18 15:16:00 CartMoveState: IDLE (1) -> FROM_MOVE (3)
2026-05-18 15:16:00 CartMoveState: FROM_MOVE (3) -> FROM_CART (4)
2026-05-18 15:16:03 CartMoveState: FROM_CART (4) -> AUX_DECIDE (5)
2026-05-18 15:16:03 CartMoveState: AUX_DECIDE (5) -> TO_MOVE (10)
2026-05-18 15:16:05 CartMoveState: TO_MOVE (10) -> TO_CART (11)
2026-05-18 15:16:07 CartMoveState: TO_CART (11) -> HOME_MOVE (12)
2026-05-18 15:16:09 CartMoveState: HOME_MOVE (12) -> HALT (13)
2026-05-18 15:16:09 CartMoveState: HALT (13) -> IDLE (1)
2026-05-18 15:16:09 Handler State: REMOVE_CART (4) -> PLACE_CART (5)
2026-05-18 15:16:09 CartMove: Move, from 105 to 102
2026-05-18 15:16:09 CartMoveState: IDLE (1) -> FROM_MOVE (3)
2026-05-18 15:16:10 CartMoveState: FROM_MOVE (3) -> FROM_CART (4)
2026-05-18 15:16:13 CartMoveState: FROM_CART (4) -> AUX_DECIDE (5)
2026-05-18 15:16:13 CartMoveState: AUX_DECIDE (5) -> TO_MOVE (10)
2026-05-18 15:16:14 CartMoveState: TO_MOVE (10) -> TO_CART (11)
2026-05-18 15:16:16 CartMoveState: TO_CART (11) -> HOME_MOVE (12)
2026-05-18 15:16:17 CartMoveState: HOME_MOVE (12) -> HALT (13)
2026-05-18 15:16:17 CartMoveState: HALT (13) -> IDLE (1)
2026-05-18 15:16:17 Handler State: PLACE_CART (5) -> CHECK_SEC_CART (26)
2026-05-18 15:16:17 Handler State: CHECK_SEC_CART (26) -> PROBE_CART (24)
2026-05-18 15:16:17 CartMove: Exchange 1, from 102
2026-05-18 15:16:17 CartMoveState: IDLE (1) -> FROM_MOVE (3)
2026-05-18 15:16:18 CartMoveState: FROM_MOVE (3) -> FROM_PROBE (19)
2026-05-18 15:16:19 Handler State: PROBE_CART (24) -> PROCESS_CART (6)
2026-05-18 15:16:55 Setting CBS color valve (FillIFS): 1
2026-05-18 15:16:57 Primed volume (FillIFS): 4.76257
2026-05-18 15:16:57 Re-Calculated Filling Volume: 325
2026-05-18 15:16:57 Setting CBS color valve (FillCart): 1
2026-05-18 15:17:14 Handler State: PROCESS_CART (6) -> EXCHANGE_ONE (7)
2026-05-18 15:17:14 CartMove: Exchange 1, from 102
2026-05-18 15:17:14 CartMoveState: FROM_PROBE (19) -> FROM_CART (4)
2026-05-18 15:17:20 Setting CBS color valve (Finished): 0
2026-05-18 15:17:23 CartMoveState: FROM_CART (4) -> TO_MOVE (10)
2026-05-18 15:17:24 CartMoveState: TO_MOVE (10) -> EXCH_1_WAIT (14)
2026-05-18 15:17:24 Handler State: EXCHANGE_ONE (7) -> START_DCU (8)
2026-05-18 15:18:38 Handler State: START_DCU (8) -> EXCHANGE_TWO (9)
2026-05-18 15:18:38 CartMove: Exchange 2
2026-05-18 15:18:49 CartMoveState: EXCH_1_WAIT (14) -> EXCH_1_CART (15)
2026-05-18 15:18:52 CartMoveState: EXCH_1_CART (15) -> EXCH_2_MOVE (16)
2026-05-18 15:18:52 CartMoveState: EXCH_2_MOVE (16) -> EXCH_2_CART (17)
2026-05-18 15:18:54 CartMoveState: EXCH_2_CART (17) -> STORE_DECIDE (18)
2026-05-18 15:18:54 Used volume for last job: 264.921
2026-05-18 15:18:54 Handler State: EXCHANGE_TWO (9) -> WAIT_FOR_DCU (10)
2026-05-18 15:18:56 Handler State: WAIT_FOR_DCU (10) -> EXCHANGE_THREE (11)
2026-05-18 15:18:56 CartMove: Exchange 3
2026-05-18 15:18:56 CartMoveState: STORE_DECIDE (18) -> AUX_DECIDE (5)
2026-05-18 15:18:56 CartMoveState: AUX_DECIDE (5) -> TO_MOVE (10)
2026-05-18 15:18:58 CartMoveState: TO_MOVE (10) -> TO_CART (11)
2026-05-18 15:19:00 CartMoveState: TO_CART (11) -> HOME_MOVE (12)
2026-05-18 15:19:01 CartMoveState: HOME_MOVE (12) -> HALT (13)
2026-05-18 15:19:01 CartMoveState: HALT (13) -> IDLE (1)
2026-05-18 15:19:01 Handler State: EXCHANGE_THREE (11) -> POST_PROCESS (12)
2026-05-18 15:19:01 Handler State: POST_PROCESS (12) -> EMPTY_AUX (13)
2026-05-18 15:19:01 CartMove: Move, from 108 to 102
2026-05-18 15:19:01 CartMoveState: IDLE (1) -> FROM_MOVE (3)
2026-05-18 15:19:03 CartMoveState: FROM_MOVE (3) -> FROM_CART (4)
2026-05-18 15:19:05 CartMoveState: FROM_CART (4) -> AUX_DECIDE (5)
2026-05-18 15:19:05 CartMoveState: AUX_DECIDE (5) -> TO_MOVE (10)
2026-05-18 15:19:07 CartMoveState: TO_MOVE (10) -> TO_CART (11)
2026-05-18 15:19:10 CartMoveState: TO_CART (11) -> HOME_MOVE (12)
2026-05-18 15:19:10 CartMoveState: HOME_MOVE (12) -> HALT (13)
2026-05-18 15:19:10 CartMoveState: HALT (13) -> IDLE (1)
2026-05-18 15:19:10 Handler State: EMPTY_AUX (13) -> MOVE_ARM_HOME (14)
2026-05-18 15:19:10 Handler State: MOVE_ARM_HOME (14) -> HANDLER_IDLE (1)
2026-05-18 15:20:04 Handler State: HANDLER_IDLE (1) -> HANDLER_START (2)
2026-05-18 15:20:05 Handler State: HANDLER_START (2) -> DECIDE_CART (3)
2026-05-18 15:20:05 Selection: Last resort, just pick the first IFS.
2026-05-18 15:20:05 Selection: Last resort, just pick the first cartridge.
2026-05-18 15:20:05 Selected Primary Cartridge: 2
2026-05-18 15:20:05 Selected Primary Station: 103
2026-05-18 15:20:05 Selected Secondary Cartridge: 0
2026-05-18 15:20:05 Selected Secondary Station: 0
2026-05-18 15:20:05 Selected Filling Volume: 514
2026-05-18 15:20:05 Handler State: DECIDE_CART (3) -> CHECK_SEC_CART (26)
2026-05-18 15:20:05 Handler State: CHECK_SEC_CART (26) -> PROBE_CART (24)
2026-05-18 15:20:05 CartMove: Exchange 1, from 103
2026-05-18 15:20:05 CartMoveState: IDLE (1) -> FROM_MOVE (3)
2026-05-18 15:20:05 CartMoveState: FROM_MOVE (3) -> FROM_PROBE (19)
2026-05-18 15:20:07 Handler State: PROBE_CART (24) -> PROCESS_CART (6)
2026-05-18 15:20:39 Setting CBS color valve (FillIFS): 1
2026-05-18 15:20:40 Primed volume (FillIFS): 4.40358
2026-05-18 15:20:40 Re-Calculated Filling Volume: 514
2026-05-18 15:20:40 Setting CBS color valve (FillCart): 1
2026-05-18 15:21:01 Handler State: PROCESS_CART (6) -> EXCHANGE_ONE (7)
2026-05-18 15:21:01 CartMove: Exchange 1, from 103
2026-05-18 15:21:01 CartMoveState: FROM_PROBE (19) -> FROM_CART (4)
2026-05-18 15:21:06 Setting CBS color valve (Finished): 0
2026-05-18 15:21:08 CartMoveState: FROM_CART (4) -> TO_MOVE (10)
2026-05-18 15:21:10 CartMoveState: TO_MOVE (10) -> EXCH_1_WAIT (14)
2026-05-18 15:21:10 Handler State: EXCHANGE_ONE (7) -> START_DCU (8)
2026-05-18 15:22:51 Handler State: START_DCU (8) -> EXCHANGE_TWO (9)
2026-05-18 15:22:52 CartMove: Exchange 2
2026-05-18 15:23:02 CartMoveState: EXCH_1_WAIT (14) -> EXCH_1_CART (15)
2026-05-18 15:23:05 CartMoveState: EXCH_1_CART (15) -> EXCH_2_MOVE (16)
2026-05-18 15:23:06 CartMoveState: EXCH_2_MOVE (16) -> EXCH_2_CART (17)
2026-05-18 15:23:08 CartMoveState: EXCH_2_CART (17) -> STORE_DECIDE (18)
2026-05-18 15:23:08 Used volume for last job: 276.73
2026-05-18 15:23:08 Handler State: EXCHANGE_TWO (9) -> WAIT_FOR_DCU (10)
2026-05-18 15:23:10 Handler State: WAIT_FOR_DCU (10) -> EXCHANGE_THREE (11)
2026-05-18 15:23:10 CartMove: Exchange 3
2026-05-18 15:23:10 CartMoveState: STORE_DECIDE (18) -> AUX_DECIDE (5)
2026-05-18 15:23:10 CartMoveState: AUX_DECIDE (5) -> TO_MOVE (10)
2026-05-18 15:23:12 CartMoveState: TO_MOVE (10) -> TO_CART (11)
2026-05-18 15:23:14 CartMoveState: TO_CART (11) -> HOME_MOVE (12)
2026-05-18 15:23:15 CartMoveState: HOME_MOVE (12) -> HALT (13)
2026-05-18 15:23:15 CartMoveState: HALT (13) -> IDLE (1)
2026-05-18 15:23:15 Handler State: EXCHANGE_THREE (11) -> POST_PROCESS (12)
2026-05-18 15:23:15 Handler State: POST_PROCESS (12) -> MOVE_ARM_HOME (14)
2026-05-18 15:23:15 Handler State: MOVE_ARM_HOME (14) -> HANDLER_IDLE (1)
2026-05-18 15:23:56 Handler State: HANDLER_IDLE (1) -> HANDLER_START (2)
2026-05-18 15:23:57 Handler State: HANDLER_START (2) -> DECIDE_CART (3)
2026-05-18 15:23:57 Selection: Last resort, just pick the first IFS.
2026-05-18 15:23:57 Selection: Cartridge has correct material.
2026-05-18 15:23:57 Selected Primary Cartridge: 3
2026-05-18 15:23:57 Selected Primary Station: 104
2026-05-18 15:23:57 Selected Secondary Cartridge: 0
2026-05-18 15:23:57 Selected Secondary Station: 0
2026-05-18 15:23:57 Selected Filling Volume: 520
2026-05-18 15:23:57 Handler State: DECIDE_CART (3) -> CHECK_SEC_CART (26)
2026-05-18 15:23:57 Handler State: CHECK_SEC_CART (26) -> PROBE_CART (24)
2026-05-18 15:23:57 CartMove: Exchange 1, from 104
2026-05-18 15:23:57 CartMoveState: IDLE (1) -> FROM_MOVE (3)
2026-05-18 15:23:58 CartMoveState: FROM_MOVE (3) -> FROM_PROBE (19)
2026-05-18 15:24:00 Handler State: PROBE_CART (24) -> PROCESS_CART (6)
2026-05-18 15:24:32 Setting CBS color valve (FillIFS): 1
2026-05-18 15:24:34 Primed volume (FillIFS): 5.02312
2026-05-18 15:24:34 Re-Calculated Filling Volume: 520
2026-05-18 15:24:34 Setting CBS color valve (FillCart): 1
2026-05-18 15:24:59 Handler State: PROCESS_CART (6) -> EXCHANGE_ONE (7)
2026-05-18 15:24:59 CartMove: Exchange 1, from 104
2026-05-18 15:24:59 CartMoveState: FROM_PROBE (19) -> FROM_CART (4)
2026-05-18 15:25:04 Setting CBS color valve (Finished): 0
2026-05-18 15:25:06 CartMoveState: FROM_CART (4) -> TO_MOVE (10)
2026-05-18 15:25:08 CartMoveState: TO_MOVE (10) -> EXCH_1_WAIT (14)
2026-05-18 15:25:08 Handler State: EXCHANGE_ONE (7) -> START_DCU (8)
2026-05-18 15:27:39 Handler State: START_DCU (8) -> EXCHANGE_TWO (9)
2026-05-18 15:27:39 CartMove: Exchange 2
2026-05-18 15:27:50 CartMoveState: EXCH_1_WAIT (14) -> EXCH_1_CART (15)
2026-05-18 15:27:52 CartMoveState: EXCH_1_CART (15) -> EXCH_2_MOVE (16)
2026-05-18 15:27:54 CartMoveState: EXCH_2_MOVE (16) -> EXCH_2_CART (17)
2026-05-18 15:27:56 CartMoveState: EXCH_2_CART (17) -> STORE_DECIDE (18)
2026-05-18 15:27:56 Used volume for last job: 461.578
2026-05-18 15:27:56 Handler State: EXCHANGE_TWO (9) -> WAIT_FOR_DCU (10)
2026-05-18 15:27:57 Handler State: WAIT_FOR_DCU (10) -> EXCHANGE_THREE (11)
2026-05-18 15:27:57 CartMove: Exchange 3
2026-05-18 15:27:57 CartMoveState: STORE_DECIDE (18) -> AUX_DECIDE (5)
2026-05-18 15:27:57 CartMoveState: AUX_DECIDE (5) -> TO_MOVE (10)
2026-05-18 15:27:58 CartMoveState: TO_MOVE (10) -> TO_CART (11)
2026-05-18 15:28:00 CartMoveState: TO_CART (11) -> HOME_MOVE (12)
2026-05-18 15:28:01 CartMoveState: HOME_MOVE (12) -> HALT (13)
2026-05-18 15:28:01 CartMoveState: HALT (13) -> IDLE (1)
2026-05-18 15:28:01 Handler State: EXCHANGE_THREE (11) -> POST_PROCESS (12)
2026-05-18 15:28:01 Handler State: POST_PROCESS (12) -> MOVE_ARM_HOME (14)
2026-05-18 15:28:01 Handler State: MOVE_ARM_HOME (14) -> HANDLER_IDLE (1)
2026-05-18 15:29:02 Handler State: HANDLER_IDLE (1) -> HANDLER_START (2)
2026-05-18 15:29:03 Handler State: HANDLER_START (2) -> DECIDE_CART (3)
2026-05-18 15:29:03 Selection: Last resort, just pick the first IFS.
2026-05-18 15:29:03 Selection: Last resort, just pick the first cartridge.
2026-05-18 15:29:03 Selected Primary Cartridge: 1
2026-05-18 15:29:03 Selected Primary Station: 102
2026-05-18 15:29:03 Selected Secondary Cartridge: 0
2026-05-18 15:29:03 Selected Secondary Station: 0
2026-05-18 15:29:03 Selected Filling Volume: 486
2026-05-18 15:29:03 Handler State: DECIDE_CART (3) -> REMOVE_CART (4)
2026-05-18 15:29:03 CartMove: Move, from 102 to 108
2026-05-18 15:29:03 CartMoveState: IDLE (1) -> FROM_MOVE (3)
2026-05-18 15:29:03 CartMoveState: FROM_MOVE (3) -> FROM_CART (4)
2026-05-18 15:29:07 CartMoveState: FROM_CART (4) -> AUX_DECIDE (5)
2026-05-18 15:29:07 CartMoveState: AUX_DECIDE (5) -> TO_MOVE (10)
2026-05-18 15:29:09 CartMoveState: TO_MOVE (10) -> TO_CART (11)
2026-05-18 15:29:11 CartMoveState: TO_CART (11) -> HOME_MOVE (12)
2026-05-18 15:29:12 CartMoveState: HOME_MOVE (12) -> HALT (13)
2026-05-18 15:29:12 CartMoveState: HALT (13) -> IDLE (1)
2026-05-18 15:29:12 Handler State: REMOVE_CART (4) -> PLACE_CART (5)
2026-05-18 15:29:12 CartMove: Move, from 105 to 102
2026-05-18 15:29:12 CartMoveState: IDLE (1) -> FROM_MOVE (3)
2026-05-18 15:29:13 CartMoveState: FROM_MOVE (3) -> FROM_CART (4)
2026-05-18 15:29:16 CartMoveState: FROM_CART (4) -> AUX_DECIDE (5)
2026-05-18 15:29:16 CartMoveState: AUX_DECIDE (5) -> TO_MOVE (10)
2026-05-18 15:29:17 CartMoveState: TO_MOVE (10) -> TO_CART (11)
2026-05-18 15:29:20 CartMoveState: TO_CART (11) -> HOME_MOVE (12)
2026-05-18 15:29:20 CartMoveState: HOME_MOVE (12) -> HALT (13)
2026-05-18 15:29:20 CartMoveState: HALT (13) -> IDLE (1)
2026-05-18 15:29:20 Handler State: PLACE_CART (5) -> CHECK_SEC_CART (26)
2026-05-18 15:29:20 Handler State: CHECK_SEC_CART (26) -> PROBE_CART (24)
2026-05-18 15:29:20 CartMove: Exchange 1, from 102
2026-05-18 15:29:20 CartMoveState: IDLE (1) -> FROM_MOVE (3)
2026-05-18 15:29:21 CartMoveState: FROM_MOVE (3) -> FROM_PROBE (19)
2026-05-18 15:29:23 Handler State: PROBE_CART (24) -> PROCESS_CART (6)
2026-05-18 15:29:58 Setting CBS color valve (FillIFS): 2
2026-05-18 15:29:59 Primed volume (FillIFS): 4.90468
2026-05-18 15:29:59 Re-Calculated Filling Volume: 486
2026-05-18 15:29:59 Setting CBS color valve (FillCart): 2
2026-05-18 15:30:22 Handler State: PROCESS_CART (6) -> EXCHANGE_ONE (7)
2026-05-18 15:30:22 CartMove: Exchange 1, from 102
2026-05-18 15:30:22 CartMoveState: FROM_PROBE (19) -> FROM_CART (4)
2026-05-18 15:30:28 Setting CBS color valve (Finished): 0
2026-05-18 15:30:30 CartMoveState: FROM_CART (4) -> TO_MOVE (10)
2026-05-18 15:30:31 CartMoveState: TO_MOVE (10) -> EXCH_1_WAIT (14)
2026-05-18 15:30:31 Handler State: EXCHANGE_ONE (7) -> START_DCU (8)
2026-05-18 15:32:47 Handler State: START_DCU (8) -> EXCHANGE_TWO (9)
2026-05-18 15:32:47 CartMove: Exchange 2
2026-05-18 15:32:58 CartMoveState: EXCH_1_WAIT (14) -> EXCH_1_CART (15)
2026-05-18 15:33:00 CartMoveState: EXCH_1_CART (15) -> EXCH_2_MOVE (16)
2026-05-18 15:33:01 CartMoveState: EXCH_2_MOVE (16) -> EXCH_2_CART (17)
2026-05-18 15:33:03 CartMoveState: EXCH_2_CART (17) -> STORE_DECIDE (18)
2026-05-18 15:33:03 Used volume for last job: 468.634
2026-05-18 15:33:03 Handler State: EXCHANGE_TWO (9) -> WAIT_FOR_DCU (10)
2026-05-18 15:33:05 Handler State: WAIT_FOR_DCU (10) -> EXCHANGE_THREE (11)
2026-05-18 15:33:05 CartMove: Exchange 3
2026-05-18 15:33:05 CartMoveState: STORE_DECIDE (18) -> AUX_DECIDE (5)
2026-05-18 15:33:05 CartMoveState: AUX_DECIDE (5) -> TO_MOVE (10)
2026-05-18 15:33:06 CartMoveState: TO_MOVE (10) -> TO_CART (11)
2026-05-18 15:33:08 CartMoveState: TO_CART (11) -> HOME_MOVE (12)
2026-05-18 15:33:09 CartMoveState: HOME_MOVE (12) -> HALT (13)
2026-05-18 15:33:09 CartMoveState: HALT (13) -> IDLE (1)
2026-05-18 15:33:09 Handler State: EXCHANGE_THREE (11) -> POST_PROCESS (12)
2026-05-18 15:33:09 Handler State: POST_PROCESS (12) -> EMPTY_AUX (13)
2026-05-18 15:33:09 CartMove: Move, from 108 to 102
2026-05-18 15:33:09 CartMoveState: IDLE (1) -> FROM_MOVE (3)
2026-05-18 15:33:11 CartMoveState: FROM_MOVE (3) -> FROM_CART (4)
2026-05-18 15:33:13 CartMoveState: FROM_CART (4) -> AUX_DECIDE (5)
2026-05-18 15:33:13 CartMoveState: AUX_DECIDE (5) -> TO_MOVE (10)
2026-05-18 15:33:15 CartMoveState: TO_MOVE (10) -> TO_CART (11)
2026-05-18 15:33:17 CartMoveState: TO_CART (11) -> HOME_MOVE (12)
2026-05-18 15:33:18 CartMoveState: HOME_MOVE (12) -> HALT (13)
2026-05-18 15:33:18 CartMoveState: HALT (13) -> IDLE (1)
2026-05-18 15:33:18 Handler State: EMPTY_AUX (13) -> MOVE_ARM_HOME (14)
2026-05-18 15:33:18 Handler State: MOVE_ARM_HOME (14) -> HANDLER_IDLE (1)
2026-05-18 15:40:05 Handler State: HANDLER_IDLE (1) -> SEMI_START (15)
2026-05-18 15:40:05 Handler State: SEMI_START (15) -> SEMI_PROBE_CART (25)
2026-05-18 15:40:08 Handler State: SEMI_PROBE_CART (25) -> SEMI_PROCESS (16)
2026-05-18 15:40:40 Re-Calculated Filling Volume: 0
2026-05-18 15:40:46 Setting CBS color valve (Finished): 0
2026-05-18 15:40:46 Handler State: SEMI_PROCESS (16) -> SEMI_WHAT_NEXT (21)
2026-05-18 15:40:46 Handler State: SEMI_WHAT_NEXT (21) -> SEMI_FINISHED (23)
2026-05-18 15:40:46 Handler State: SEMI_FINISHED (23) -> HANDLER_IDLE (1)
2026-05-18 15:41:05 Handler State: HANDLER_IDLE (1) -> HANDLER_START (2)
2026-05-18 15:41:06 Handler State: HANDLER_START (2) -> DECIDE_CART (3)
2026-05-18 15:41:06 Selection: IFS is clean and its cartridge is cleaned.
2026-05-18 15:41:06 Selected Primary Cartridge: 3
2026-05-18 15:41:06 Selected Primary Station: 104
2026-05-18 15:41:06 Selected Secondary Cartridge: 0
2026-05-18 15:41:06 Selected Secondary Station: 0
2026-05-18 15:41:06 Selected Filling Volume: 317
2026-05-18 15:41:06 Handler State: DECIDE_CART (3) -> CHECK_SEC_CART (26)
2026-05-18 15:41:06 Handler State: CHECK_SEC_CART (26) -> PROBE_CART (24)
2026-05-18 15:41:06 CartMove: Exchange 1, from 104
2026-05-18 15:41:06 CartMoveState: IDLE (1) -> FROM_MOVE (3)
2026-05-18 15:41:07 CartMoveState: FROM_MOVE (3) -> FROM_PROBE (19)
2026-05-18 15:41:09 Handler State: PROBE_CART (24) -> PROCESS_CART (6)
2026-05-18 15:41:09 Setting CBS color valve (FillIFS): 2
2026-05-18 15:41:10 Primed volume (FillIFS): 4.40212
2026-05-18 15:41:10 Re-Calculated Filling Volume: 317
2026-05-18 15:41:10 Setting CBS color valve (FillCart): 2
2026-05-18 15:41:28 Handler State: PROCESS_CART (6) -> EXCHANGE_ONE (7)
2026-05-18 15:41:28 CartMove: Exchange 1, from 104
2026-05-18 15:41:28 CartMoveState: FROM_PROBE (19) -> FROM_CART (4)
2026-05-18 15:41:34 Setting CBS color valve (Finished): 0
2026-05-18 15:41:36 CartMoveState: FROM_CART (4) -> TO_MOVE (10)
2026-05-18 15:41:38 CartMoveState: TO_MOVE (10) -> EXCH_1_WAIT (14)
2026-05-18 15:41:38 Handler State: EXCHANGE_ONE (7) -> START_DCU (8)
2026-05-18 15:41:38 Handler State: START_DCU (8) -> EXCHANGE_TWO (9)
2026-05-18 15:41:38 CartMove: Exchange 2
2026-05-18 15:41:38 CartMoveState: EXCH_1_WAIT (14) -> EXCH_1_CART (15)
2026-05-18 15:41:41 CartMoveState: EXCH_1_CART (15) -> EXCH_2_MOVE (16)
2026-05-18 15:41:42 CartMoveState: EXCH_2_MOVE (16) -> EXCH_2_CART (17)
2026-05-18 15:41:44 CartMoveState: EXCH_2_CART (17) -> STORE_DECIDE (18)
2026-05-18 15:41:44 Used volume for last job: 432.238
2026-05-18 15:41:44 Handler State: EXCHANGE_TWO (9) -> WAIT_FOR_DCU (10)
2026-05-18 15:41:45 Handler State: WAIT_FOR_DCU (10) -> EXCHANGE_THREE (11)
2026-05-18 15:41:46 CartMove: Exchange 3
2026-05-18 15:41:46 CartMoveState: STORE_DECIDE (18) -> AUX_DECIDE (5)
2026-05-18 15:41:46 CartMoveState: AUX_DECIDE (5) -> TO_MOVE (10)
2026-05-18 15:41:47 CartMoveState: TO_MOVE (10) -> TO_CART (11)
2026-05-18 15:41:49 CartMoveState: TO_CART (11) -> HOME_MOVE (12)
2026-05-18 15:41:50 CartMoveState: HOME_MOVE (12) -> HALT (13)
2026-05-18 15:41:50 CartMoveState: HALT (13) -> IDLE (1)
2026-05-18 15:41:50 Handler State: EXCHANGE_THREE (11) -> POST_PROCESS (12)
2026-05-18 15:41:50 Handler State: POST_PROCESS (12) -> MOVE_ARM_HOME (14)
2026-05-18 15:41:50 Handler State: MOVE_ARM_HOME (14) -> HANDLER_IDLE (1)
2026-05-18 15:45:09 Handler State: HANDLER_IDLE (1) -> HANDLER_START (2)
2026-05-18 15:45:09 Handler State: HANDLER_START (2) -> DECIDE_CART (3)
2026-05-18 15:45:10 Selection: Last resort, just pick the first IFS.
2026-05-18 15:45:10 Selection: Last resort, just pick the first cartridge.
2026-05-18 15:45:10 Selected Primary Cartridge: 2
2026-05-18 15:45:10 Selected Primary Station: 103
2026-05-18 15:45:10 Selected Secondary Cartridge: 0
2026-05-18 15:45:10 Selected Secondary Station: 0
2026-05-18 15:45:10 Selected Filling Volume: 320
2026-05-18 15:45:10 Handler State: DECIDE_CART (3) -> CHECK_SEC_CART (26)
2026-05-18 15:45:10 Handler State: CHECK_SEC_CART (26) -> PROBE_CART (24)
2026-05-18 15:45:10 CartMove: Exchange 1, from 103
2026-05-18 15:45:10 CartMoveState: IDLE (1) -> FROM_MOVE (3)
2026-05-18 15:45:10 CartMoveState: FROM_MOVE (3) -> FROM_PROBE (19)
2026-05-18 15:45:11 Handler State: PROBE_CART (24) -> PROCESS_CART (6)
2026-05-18 15:45:44 Setting CBS color valve (FillIFS): 1
2026-05-18 15:45:45 Primed volume (FillIFS): 4.94264
2026-05-18 15:45:45 Re-Calculated Filling Volume: 320
2026-05-18 15:45:45 Setting CBS color valve (FillCart): 1
2026-05-18 15:46:01 Handler State: PROCESS_CART (6) -> EXCHANGE_ONE (7)
2026-05-18 15:46:01 CartMove: Exchange 1, from 103
2026-05-18 15:46:01 CartMoveState: FROM_PROBE (19) -> FROM_CART (4)
2026-05-18 15:46:07 Setting CBS color valve (Finished): 0
2026-05-18 15:46:09 CartMoveState: FROM_CART (4) -> TO_MOVE (10)
2026-05-18 15:46:11 CartMoveState: TO_MOVE (10) -> EXCH_1_WAIT (14)
2026-05-18 15:46:11 Handler State: EXCHANGE_ONE (7) -> START_DCU (8)
2026-05-18 15:46:11 Handler State: START_DCU (8) -> EXCHANGE_TWO (9)
2026-05-18 15:46:11 CartMove: Exchange 2
2026-05-18 15:46:22 CartMoveState: EXCH_1_WAIT (14) -> EXCH_1_CART (15)
2026-05-18 15:46:25 CartMoveState: EXCH_1_CART (15) -> EXCH_2_MOVE (16)
2026-05-18 15:46:26 CartMoveState: EXCH_2_MOVE (16) -> EXCH_2_CART (17)
2026-05-18 15:46:28 CartMoveState: EXCH_2_CART (17) -> STORE_DECIDE (18)
2026-05-18 15:46:28 Used volume for last job: 83.6666
2026-05-18 15:46:28 Handler State: EXCHANGE_TWO (9) -> WAIT_FOR_DCU (10)
2026-05-18 15:46:30 Handler State: WAIT_FOR_DCU (10) -> EXCHANGE_THREE (11)
2026-05-18 15:46:30 CartMove: Exchange 3
2026-05-18 15:46:30 CartMoveState: STORE_DECIDE (18) -> AUX_DECIDE (5)
2026-05-18 15:46:30 CartMoveState: AUX_DECIDE (5) -> TO_MOVE (10)
2026-05-18 15:46:31 CartMoveState: TO_MOVE (10) -> TO_CART (11)
2026-05-18 15:46:33 CartMoveState: TO_CART (11) -> HOME_MOVE (12)
2026-05-18 15:46:34 CartMoveState: HOME_MOVE (12) -> HALT (13)
2026-05-18 15:46:34 CartMoveState: HALT (13) -> IDLE (1)
2026-05-18 15:46:34 Handler State: EXCHANGE_THREE (11) -> POST_PROCESS (12)
2026-05-18 15:46:34 Handler State: POST_PROCESS (12) -> MOVE_ARM_HOME (14)
2026-05-18 15:46:34 Handler State: MOVE_ARM_HOME (14) -> HANDLER_IDLE (1)
2026-05-18 15:51:01 Handler State: HANDLER_IDLE (1) -> SEMI_START (15)
2026-05-18 15:51:01 Handler State: SEMI_START (15) -> SEMI_TO_IFS (18)
2026-05-18 15:51:01 CartMove: Move, from 106 to 103
2026-05-18 15:51:01 CartMoveState: IDLE (1) -> FROM_MOVE (3)
2026-05-18 15:51:02 CartMoveState: FROM_MOVE (3) -> FROM_CART (4)
2026-05-18 15:51:05 CartMoveState: FROM_CART (4) -> AUX_DECIDE (5)
2026-05-18 15:51:05 CartMoveState: AUX_DECIDE (5) -> TO_MOVE (10)
2026-05-18 15:51:06 CartMoveState: TO_MOVE (10) -> TO_CART (11)
2026-05-18 15:51:08 CartMoveState: TO_CART (11) -> HOME_MOVE (12)
2026-05-18 15:51:08 CartMoveState: HOME_MOVE (12) -> HALT (13)
2026-05-18 15:51:08 CartMoveState: HALT (13) -> IDLE (1)
2026-05-18 15:51:08 Handler State: SEMI_TO_IFS (18) -> SEMI_PROBE_CART (25)
2026-05-18 15:51:11 Handler State: SEMI_PROBE_CART (25) -> SEMI_PROCESS (16)
2026-05-18 15:51:43 Re-Calculated Filling Volume: 0
2026-05-18 15:51:49 Setting CBS color valve (Finished): 0
2026-05-18 15:51:49 Handler State: SEMI_PROCESS (16) -> SEMI_FROM_IFS (20)
2026-05-18 15:51:49 CartMove: Move, from 103 to 106
2026-05-18 15:51:49 CartMoveState: IDLE (1) -> FROM_MOVE (3)
2026-05-18 15:51:49 CartMoveState: FROM_MOVE (3) -> FROM_CART (4)
2026-05-18 15:51:52 CartMoveState: FROM_CART (4) -> AUX_DECIDE (5)
2026-05-18 15:51:52 CartMoveState: AUX_DECIDE (5) -> TO_MOVE (10)
2026-05-18 15:51:53 CartMoveState: TO_MOVE (10) -> TO_CART (11)
2026-05-18 15:51:55 CartMoveState: TO_CART (11) -> HOME_MOVE (12)
2026-05-18 15:51:56 CartMoveState: HOME_MOVE (12) -> HALT (13)
2026-05-18 15:51:56 CartMoveState: HALT (13) -> IDLE (1)
2026-05-18 15:51:56 Handler State: SEMI_FROM_IFS (20) -> SEMI_WHAT_NEXT (21)
2026-05-18 15:51:56 Handler State: SEMI_WHAT_NEXT (21) -> SEMI_FINISHED (23)
2026-05-18 15:51:56 Handler State: SEMI_FINISHED (23) -> HANDLER_IDLE (1)
2026-05-18 15:51:57 Handler State: HANDLER_IDLE (1) -> HANDLER_START (2)
2026-05-18 15:51:58 Handler State: HANDLER_START (2) -> DECIDE_CART (3)
2026-05-18 15:51:58 Selection: IFS is clean.
2026-05-18 15:51:58 Selection: Cartridge is clean.
2026-05-18 15:51:58 Selected Primary Cartridge: 5
2026-05-18 15:51:58 Selected Primary Station: 103
2026-05-18 15:51:58 Selected Secondary Cartridge: 0
2026-05-18 15:51:58 Selected Secondary Station: 0
2026-05-18 15:51:58 Selected Filling Volume: 228
2026-05-18 15:51:58 Handler State: DECIDE_CART (3) -> PLACE_CART (5)
2026-05-18 15:51:58 CartMove: Move, from 106 to 103
2026-05-18 15:51:58 CartMoveState: IDLE (1) -> FROM_MOVE (3)
2026-05-18 15:52:00 CartMoveState: FROM_MOVE (3) -> FROM_CART (4)
2026-05-18 15:52:02 CartMoveState: FROM_CART (4) -> AUX_DECIDE (5)
2026-05-18 15:52:02 CartMoveState: AUX_DECIDE (5) -> TO_MOVE (10)
2026-05-18 15:52:04 CartMoveState: TO_MOVE (10) -> TO_CART (11)
2026-05-18 15:52:06 CartMoveState: TO_CART (11) -> HOME_MOVE (12)
2026-05-18 15:52:06 CartMoveState: HOME_MOVE (12) -> HALT (13)
2026-05-18 15:52:06 CartMoveState: HALT (13) -> IDLE (1)
2026-05-18 15:52:06 Handler State: PLACE_CART (5) -> CHECK_SEC_CART (26)
2026-05-18 15:52:06 Handler State: CHECK_SEC_CART (26) -> PROBE_CART (24)
2026-05-18 15:52:06 CartMove: Exchange 1, from 103
2026-05-18 15:52:06 CartMoveState: IDLE (1) -> FROM_MOVE (3)
2026-05-18 15:52:06 CartMoveState: FROM_MOVE (3) -> FROM_PROBE (19)
2026-05-18 15:52:08 Handler State: PROBE_CART (24) -> PROCESS_CART (6)
2026-05-18 15:52:08 Setting CBS color valve (FillIFS): 1
2026-05-18 15:52:09 Primed volume (FillIFS): 3.9405
2026-05-18 15:52:09 Re-Calculated Filling Volume: 228
2026-05-18 15:52:09 Setting CBS color valve (FillCart): 1
2026-05-18 15:52:23 Handler State: PROCESS_CART (6) -> EXCHANGE_ONE (7)
2026-05-18 15:52:23 CartMove: Exchange 1, from 103
2026-05-18 15:52:23 CartMoveState: FROM_PROBE (19) -> FROM_CART (4)
2026-05-18 15:52:29 Setting CBS color valve (Finished): 0
2026-05-18 15:52:31 CartMoveState: FROM_CART (4) -> TO_MOVE (10)
2026-05-18 15:52:32 CartMoveState: TO_MOVE (10) -> EXCH_1_WAIT (14)
2026-05-18 15:52:32 Handler State: EXCHANGE_ONE (7) -> START_DCU (8)
2026-05-18 15:52:33 Handler State: START_DCU (8) -> EXCHANGE_TWO (9)
2026-05-18 15:52:33 CartMove: Exchange 2
2026-05-18 15:52:33 CartMoveState: EXCH_1_WAIT (14) -> EXCH_1_CART (15)
2026-05-18 15:52:35 CartMoveState: EXCH_1_CART (15) -> EXCH_2_MOVE (16)
2026-05-18 15:52:36 CartMoveState: EXCH_2_MOVE (16) -> EXCH_2_CART (17)
2026-05-18 15:52:38 CartMoveState: EXCH_2_CART (17) -> STORE_DECIDE (18)
2026-05-18 15:52:38 Used volume for last job: 91.0055
2026-05-18 15:52:38 Handler State: EXCHANGE_TWO (9) -> WAIT_FOR_DCU (10)
2026-05-18 15:52:40 Handler State: WAIT_FOR_DCU (10) -> EXCHANGE_THREE (11)
2026-05-18 15:52:40 CartMove: Exchange 3
2026-05-18 15:52:40 CartMoveState: STORE_DECIDE (18) -> AUX_DECIDE (5)
2026-05-18 15:52:40 CartMoveState: AUX_DECIDE (5) -> TO_MOVE (10)
2026-05-18 15:52:41 CartMoveState: TO_MOVE (10) -> TO_CART (11)
2026-05-18 15:52:43 CartMoveState: TO_CART (11) -> HOME_MOVE (12)
2026-05-18 15:52:44 CartMoveState: HOME_MOVE (12) -> HALT (13)
2026-05-18 15:52:44 CartMoveState: HALT (13) -> IDLE (1)
2026-05-18 15:52:44 Handler State: EXCHANGE_THREE (11) -> POST_PROCESS (12)
2026-05-18 15:52:44 Handler State: POST_PROCESS (12) -> MOVE_ARM_HOME (14)
2026-05-18 15:52:44 Handler State: MOVE_ARM_HOME (14) -> HANDLER_IDLE (1)
2026-05-18 15:52:51 Handler State: HANDLER_IDLE (1) -> HANDLER_START (2)
2026-05-18 15:52:51 Handler State: HANDLER_START (2) -> DECIDE_CART (3)
2026-05-18 15:52:51 Selection: Last resort, just pick the first IFS.
2026-05-18 15:52:51 Selection: Last resort, just pick the first cartridge.
2026-05-18 15:52:51 Selected Primary Cartridge: 3
2026-05-18 15:52:51 Selected Primary Station: 104
2026-05-18 15:52:51 Selected Secondary Cartridge: 0
2026-05-18 15:52:51 Selected Secondary Station: 0
2026-05-18 15:52:51 Selected Filling Volume: 521
2026-05-18 15:52:51 Handler State: DECIDE_CART (3) -> CHECK_SEC_CART (26)
2026-05-18 15:52:51 Handler State: CHECK_SEC_CART (26) -> PROBE_CART (24)
2026-05-18 15:52:51 CartMove: Exchange 1, from 104
2026-05-18 15:52:51 CartMoveState: IDLE (1) -> FROM_MOVE (3)
2026-05-18 15:52:52 CartMoveState: FROM_MOVE (3) -> FROM_PROBE (19)
2026-05-18 15:52:54 Handler State: PROBE_CART (24) -> PROCESS_CART (6)
2026-05-18 15:53:51 Setting CBS color valve (FillIFS): 1
2026-05-18 15:53:53 Primed volume (FillIFS): 4.94416
2026-05-18 15:53:53 Re-Calculated Filling Volume: 521
2026-05-18 15:53:53 Setting CBS color valve (FillCart): 1
2026-05-18 15:54:19 Handler State: PROCESS_CART (6) -> EXCHANGE_ONE (7)
2026-05-18 15:54:19 CartMove: Exchange 1, from 104
2026-05-18 15:54:19 CartMoveState: FROM_PROBE (19) -> FROM_CART (4)
2026-05-18 15:54:24 Setting CBS color valve (Finished): 0
2026-05-18 15:54:26 CartMoveState: FROM_CART (4) -> TO_MOVE (10)
2026-05-18 15:54:28 CartMoveState: TO_MOVE (10) -> EXCH_1_WAIT (14)
2026-05-18 15:54:28 Handler State: EXCHANGE_ONE (7) -> START_DCU (8)
2026-05-18 15:55:37 Handler State: START_DCU (8) -> EXCHANGE_TWO (9)
2026-05-18 15:55:37 CartMove: Exchange 2
2026-05-18 15:55:48 CartMoveState: EXCH_1_WAIT (14) -> EXCH_1_CART (15)
2026-05-18 15:55:51 CartMoveState: EXCH_1_CART (15) -> EXCH_2_MOVE (16)
2026-05-18 15:55:52 CartMoveState: EXCH_2_MOVE (16) -> EXCH_2_CART (17)
2026-05-18 15:55:54 CartMoveState: EXCH_2_CART (17) -> STORE_DECIDE (18)
2026-05-18 15:55:54 Used volume for last job: 178.382
2026-05-18 15:55:54 Handler State: EXCHANGE_TWO (9) -> WAIT_FOR_DCU (10)
2026-05-18 15:55:55 Handler State: WAIT_FOR_DCU (10) -> EXCHANGE_THREE (11)
2026-05-18 15:55:55 CartMove: Exchange 3
2026-05-18 15:55:55 CartMoveState: STORE_DECIDE (18) -> AUX_DECIDE (5)
2026-05-18 15:55:55 CartMoveState: AUX_DECIDE (5) -> TO_MOVE (10)
2026-05-18 15:55:57 CartMoveState: TO_MOVE (10) -> TO_CART (11)
2026-05-18 15:55:59 CartMoveState: TO_CART (11) -> HOME_MOVE (12)
2026-05-18 15:56:00 CartMoveState: HOME_MOVE (12) -> HALT (13)
2026-05-18 15:56:00 CartMoveState: HALT (13) -> IDLE (1)
2026-05-18 15:56:00 Handler State: EXCHANGE_THREE (11) -> POST_PROCESS (12)
2026-05-18 15:56:00 Handler State: POST_PROCESS (12) -> MOVE_ARM_HOME (14)
2026-05-18 15:56:01 Handler State: MOVE_ARM_HOME (14) -> HANDLER_IDLE (1)
2026-05-18 16:00:30 Handler State: HANDLER_IDLE (1) -> SEMI_START (15)
2026-05-18 16:00:30 Handler State: SEMI_START (15) -> SEMI_TO_IFS (18)
2026-05-18 16:00:30 CartMove: Move, from 107 to 104
2026-05-18 16:00:30 CartMoveState: IDLE (1) -> FROM_MOVE (3)
2026-05-18 16:00:32 CartMoveState: FROM_MOVE (3) -> FROM_CART (4)
2026-05-18 16:00:34 CartMoveState: FROM_CART (4) -> AUX_DECIDE (5)
2026-05-18 16:00:34 CartMoveState: AUX_DECIDE (5) -> TO_MOVE (10)
2026-05-18 16:00:36 CartMoveState: TO_MOVE (10) -> TO_CART (11)
2026-05-18 16:00:38 CartMoveState: TO_CART (11) -> HOME_MOVE (12)
2026-05-18 16:00:39 CartMoveState: HOME_MOVE (12) -> HALT (13)
2026-05-18 16:00:39 CartMoveState: HALT (13) -> IDLE (1)
2026-05-18 16:00:39 Handler State: SEMI_TO_IFS (18) -> SEMI_PROBE_CART (25)
2026-05-18 16:00:42 Handler State: SEMI_PROBE_CART (25) -> SEMI_PROCESS (16)
2026-05-18 16:01:15 Re-Calculated Filling Volume: 0
2026-05-18 16:01:21 Setting CBS color valve (Finished): 0
2026-05-18 16:01:21 Handler State: SEMI_PROCESS (16) -> SEMI_FROM_IFS (20)
2026-05-18 16:01:21 CartMove: Move, from 104 to 107
2026-05-18 16:01:21 CartMoveState: IDLE (1) -> FROM_MOVE (3)
2026-05-18 16:01:21 CartMoveState: FROM_MOVE (3) -> FROM_CART (4)
2026-05-18 16:01:23 CartMoveState: FROM_CART (4) -> AUX_DECIDE (5)
2026-05-18 16:01:23 CartMoveState: AUX_DECIDE (5) -> TO_MOVE (10)
2026-05-18 16:01:25 CartMoveState: TO_MOVE (10) -> TO_CART (11)
2026-05-18 16:01:27 CartMoveState: TO_CART (11) -> HOME_MOVE (12)
2026-05-18 16:01:28 CartMoveState: HOME_MOVE (12) -> HALT (13)
2026-05-18 16:01:28 CartMoveState: HALT (13) -> IDLE (1)
2026-05-18 16:01:28 Handler State: SEMI_FROM_IFS (20) -> SEMI_WHAT_NEXT (21)
2026-05-18 16:01:28 Handler State: SEMI_WHAT_NEXT (21) -> SEMI_FINISHED (23)
2026-05-18 16:01:28 Handler State: SEMI_FINISHED (23) -> HANDLER_IDLE (1)
2026-05-18 16:05:47 Handler State: HANDLER_IDLE (1) -> HANDLER_START (2)
2026-05-18 16:05:48 Handler State: HANDLER_START (2) -> DECIDE_CART (3)
2026-05-18 16:05:48 Selection: IFS is clean.
2026-05-18 16:05:48 Selection: Cartridge is clean.
2026-05-18 16:05:48 Selected Primary Cartridge: 6
2026-05-18 16:05:48 Selected Primary Station: 104
2026-05-18 16:05:48 Selected Secondary Cartridge: 0
2026-05-18 16:05:48 Selected Secondary Station: 0
2026-05-18 16:05:48 Selected Filling Volume: 521
2026-05-18 16:05:48 Handler State: DECIDE_CART (3) -> PLACE_CART (5)
2026-05-18 16:05:48 CartMove: Move, from 107 to 104
2026-05-18 16:05:48 CartMoveState: IDLE (1) -> FROM_MOVE (3)
2026-05-18 16:05:50 CartMoveState: FROM_MOVE (3) -> FROM_CART (4)
2026-05-18 16:05:52 CartMoveState: FROM_CART (4) -> AUX_DECIDE (5)
2026-05-18 16:05:52 CartMoveState: AUX_DECIDE (5) -> TO_MOVE (10)
2026-05-18 16:05:54 CartMoveState: TO_MOVE (10) -> TO_CART (11)
2026-05-18 16:05:56 CartMoveState: TO_CART (11) -> HOME_MOVE (12)
2026-05-18 16:05:57 CartMoveState: HOME_MOVE (12) -> HALT (13)
2026-05-18 16:05:57 CartMoveState: HALT (13) -> IDLE (1)
2026-05-18 16:05:57 Handler State: PLACE_CART (5) -> CHECK_SEC_CART (26)
2026-05-18 16:05:57 Handler State: CHECK_SEC_CART (26) -> PROBE_CART (24)
2026-05-18 16:05:57 CartMove: Exchange 1, from 104
2026-05-18 16:05:57 CartMoveState: IDLE (1) -> FROM_MOVE (3)
2026-05-18 16:05:58 CartMoveState: FROM_MOVE (3) -> FROM_PROBE (19)
2026-05-18 16:05:59 Handler State: PROBE_CART (24) -> PROCESS_CART (6)
2026-05-18 16:05:59 Setting CBS color valve (FillIFS): 2
2026-05-18 16:06:00 Primed volume (FillIFS): 2.2343
2026-05-18 16:06:01 Re-Calculated Filling Volume: 521
2026-05-18 16:06:01 Setting CBS color valve (FillCart): 2
2026-05-18 16:06:25 Handler State: PROCESS_CART (6) -> EXCHANGE_ONE (7)
2026-05-18 16:06:25 CartMove: Exchange 1, from 104
2026-05-18 16:06:25 CartMoveState: FROM_PROBE (19) -> FROM_CART (4)
2026-05-18 16:06:30 Setting CBS color valve (Finished): 0
2026-05-18 16:06:32 CartMoveState: FROM_CART (4) -> TO_MOVE (10)
2026-05-18 16:06:34 CartMoveState: TO_MOVE (10) -> EXCH_1_WAIT (14)
2026-05-18 16:06:34 Handler State: EXCHANGE_ONE (7) -> START_DCU (8)
2026-05-18 16:06:34 Handler State: START_DCU (8) -> EXCHANGE_TWO (9)
2026-05-18 16:06:34 CartMove: Exchange 2
2026-05-18 16:06:34 CartMoveState: EXCH_1_WAIT (14) -> EXCH_1_CART (15)
2026-05-18 16:06:37 CartMoveState: EXCH_1_CART (15) -> EXCH_2_MOVE (16)
2026-05-18 16:06:38 CartMoveState: EXCH_2_MOVE (16) -> EXCH_2_CART (17)
2026-05-18 16:06:40 CartMoveState: EXCH_2_CART (17) -> STORE_DECIDE (18)
2026-05-18 16:06:40 Used volume for last job: 468.567
2026-05-18 16:06:40 Handler State: EXCHANGE_TWO (9) -> WAIT_FOR_DCU (10)
2026-05-18 16:06:42 Handler State: WAIT_FOR_DCU (10) -> EXCHANGE_THREE (11)
2026-05-18 16:06:42 CartMove: Exchange 3
2026-05-18 16:06:42 CartMoveState: STORE_DECIDE (18) -> AUX_DECIDE (5)
2026-05-18 16:06:42 CartMoveState: AUX_DECIDE (5) -> TO_MOVE (10)
2026-05-18 16:06:43 CartMoveState: TO_MOVE (10) -> TO_CART (11)
2026-05-18 16:06:45 CartMoveState: TO_CART (11) -> HOME_MOVE (12)
2026-05-18 16:06:46 CartMoveState: HOME_MOVE (12) -> HALT (13)
2026-05-18 16:06:46 CartMoveState: HALT (13) -> IDLE (1)
2026-05-18 16:06:46 Handler State: EXCHANGE_THREE (11) -> POST_PROCESS (12)
2026-05-18 16:06:46 Handler State: POST_PROCESS (12) -> MOVE_ARM_HOME (14)
2026-05-18 16:06:46 Handler State: MOVE_ARM_HOME (14) -> HANDLER_IDLE (1)
2026-05-18 16:20:25 Handler State: HANDLER_IDLE (1) -> HANDLER_START (2)
2026-05-18 16:20:25 Handler State: HANDLER_START (2) -> DECIDE_CART (3)
2026-05-18 16:20:25 Selection: Last resort, just pick the first IFS.
2026-05-18 16:20:25 Selection: Last resort, just pick the first cartridge.
2026-05-18 16:20:25 Selected Primary Cartridge: 1
2026-05-18 16:20:25 Selected Primary Station: 102
2026-05-18 16:20:25 Selected Secondary Cartridge: 0
2026-05-18 16:20:25 Selected Secondary Station: 0
2026-05-18 16:20:25 Selected Filling Volume: 497
2026-05-18 16:20:25 Handler State: DECIDE_CART (3) -> REMOVE_CART (4)
2026-05-18 16:20:26 CartMove: Move, from 102 to 108
2026-05-18 16:20:26 CartMoveState: IDLE (1) -> FROM_MOVE (3)
2026-05-18 16:20:26 CartMoveState: FROM_MOVE (3) -> FROM_CART (4)
2026-05-18 16:20:29 CartMoveState: FROM_CART (4) -> AUX_DECIDE (5)
2026-05-18 16:20:29 CartMoveState: AUX_DECIDE (5) -> TO_MOVE (10)
2026-05-18 16:20:31 CartMoveState: TO_MOVE (10) -> TO_CART (11)
2026-05-18 16:20:33 CartMoveState: TO_CART (11) -> HOME_MOVE (12)
2026-05-18 16:20:34 CartMoveState: HOME_MOVE (12) -> HALT (13)
2026-05-18 16:20:34 CartMoveState: HALT (13) -> IDLE (1)
2026-05-18 16:20:34 Handler State: REMOVE_CART (4) -> PLACE_CART (5)
2026-05-18 16:20:34 CartMove: Move, from 105 to 102
2026-05-18 16:20:34 CartMoveState: IDLE (1) -> FROM_MOVE (3)
2026-05-18 16:20:35 CartMoveState: FROM_MOVE (3) -> FROM_CART (4)
2026-05-18 16:20:38 CartMoveState: FROM_CART (4) -> AUX_DECIDE (5)
2026-05-18 16:20:38 CartMoveState: AUX_DECIDE (5) -> TO_MOVE (10)
2026-05-18 16:20:40 CartMoveState: TO_MOVE (10) -> TO_CART (11)
2026-05-18 16:20:42 CartMoveState: TO_CART (11) -> HOME_MOVE (12)
2026-05-18 16:20:42 CartMoveState: HOME_MOVE (12) -> HALT (13)
2026-05-18 16:20:42 CartMoveState: HALT (13) -> IDLE (1)
2026-05-18 16:20:42 Handler State: PLACE_CART (5) -> CHECK_SEC_CART (26)
2026-05-18 16:20:42 Handler State: CHECK_SEC_CART (26) -> PROBE_CART (24)
2026-05-18 16:20:42 CartMove: Exchange 1, from 102
2026-05-18 16:20:42 CartMoveState: IDLE (1) -> FROM_MOVE (3)
2026-05-18 16:20:43 CartMoveState: FROM_MOVE (3) -> FROM_PROBE (19)
2026-05-18 16:20:45 Handler State: PROBE_CART (24) -> PROCESS_CART (6)
2026-05-18 16:21:21 Setting CBS color valve (FillIFS): 1
2026-05-18 16:21:22 Primed volume (FillIFS): 3.83361
2026-05-18 16:21:22 Re-Calculated Filling Volume: 497
2026-05-18 16:21:22 Setting CBS color valve (FillCart): 1
2026-05-18 16:21:42 Handler State: PROCESS_CART (6) -> EXCHANGE_ONE (7)
2026-05-18 16:21:42 CartMove: Exchange 1, from 102
2026-05-18 16:21:42 CartMoveState: FROM_PROBE (19) -> FROM_CART (4)
2026-05-18 16:21:49 Setting CBS color valve (Finished): 0
2026-05-18 16:21:51 CartMoveState: FROM_CART (4) -> TO_MOVE (10)
2026-05-18 16:21:52 CartMoveState: TO_MOVE (10) -> EXCH_1_WAIT (14)
2026-05-18 16:21:52 Handler State: EXCHANGE_ONE (7) -> START_DCU (8)
2026-05-18 16:24:09 Handler State: START_DCU (8) -> EXCHANGE_TWO (9)
2026-05-18 16:24:09 CartMove: Exchange 2
2026-05-18 16:24:20 CartMoveState: EXCH_1_WAIT (14) -> EXCH_1_CART (15)
2026-05-18 16:24:22 CartMoveState: EXCH_1_CART (15) -> EXCH_2_MOVE (16)
2026-05-18 16:24:23 CartMoveState: EXCH_2_MOVE (16) -> EXCH_2_CART (17)
2026-05-18 16:24:25 CartMoveState: EXCH_2_CART (17) -> STORE_DECIDE (18)
2026-05-18 16:24:25 Used volume for last job: 467.246
2026-05-18 16:24:25 Handler State: EXCHANGE_TWO (9) -> WAIT_FOR_DCU (10)
2026-05-18 16:24:27 Handler State: WAIT_FOR_DCU (10) -> EXCHANGE_THREE (11)
2026-05-18 16:24:27 CartMove: Exchange 3
2026-05-18 16:24:27 CartMoveState: STORE_DECIDE (18) -> AUX_DECIDE (5)
2026-05-18 16:24:27 CartMoveState: AUX_DECIDE (5) -> TO_MOVE (10)
2026-05-18 16:24:29 CartMoveState: TO_MOVE (10) -> TO_CART (11)
2026-05-18 16:24:31 CartMoveState: TO_CART (11) -> HOME_MOVE (12)
2026-05-18 16:24:32 CartMoveState: HOME_MOVE (12) -> HALT (13)
2026-05-18 16:24:32 CartMoveState: HALT (13) -> IDLE (1)
2026-05-18 16:24:32 Handler State: EXCHANGE_THREE (11) -> POST_PROCESS (12)
2026-05-18 16:24:32 Handler State: POST_PROCESS (12) -> EMPTY_AUX (13)
2026-05-18 16:24:32 CartMove: Move, from 108 to 102
2026-05-18 16:24:32 CartMoveState: IDLE (1) -> FROM_MOVE (3)
2026-05-18 16:24:34 CartMoveState: FROM_MOVE (3) -> FROM_CART (4)
2026-05-18 16:24:37 CartMoveState: FROM_CART (4) -> AUX_DECIDE (5)
2026-05-18 16:24:37 CartMoveState: AUX_DECIDE (5) -> TO_MOVE (10)
2026-05-18 16:24:39 CartMoveState: TO_MOVE (10) -> TO_CART (11)
2026-05-18 16:24:41 CartMoveState: TO_CART (11) -> HOME_MOVE (12)
2026-05-18 16:24:41 CartMoveState: HOME_MOVE (12) -> HALT (13)
2026-05-18 16:24:41 CartMoveState: HALT (13) -> IDLE (1)
2026-05-18 16:24:41 Handler State: EMPTY_AUX (13) -> MOVE_ARM_HOME (14)
2026-05-18 16:24:42 Handler State: MOVE_ARM_HOME (14) -> HANDLER_IDLE (1)
2026-05-18 16:29:06 Handler State: HANDLER_IDLE (1) -> SEMI_START (15)
2026-05-18 16:29:06 Handler State: SEMI_START (15) -> SEMI_PROBE_CART (25)
2026-05-18 16:29:09 Handler State: SEMI_PROBE_CART (25) -> SEMI_PROCESS (16)
2026-05-18 16:29:41 Re-Calculated Filling Volume: 0
2026-05-18 16:29:47 Setting CBS color valve (Finished): 0
2026-05-18 16:29:47 Handler State: SEMI_PROCESS (16) -> SEMI_WHAT_NEXT (21)
2026-05-18 16:29:47 Handler State: SEMI_WHAT_NEXT (21) -> SEMI_FINISHED (23)
2026-05-18 16:29:47 Handler State: SEMI_FINISHED (23) -> HANDLER_IDLE (1)
2026-05-18 16:29:50 Handler State: HANDLER_IDLE (1) -> SEMI_START (15)
2026-05-18 16:29:50 Handler State: SEMI_START (15) -> SEMI_PROBE_CART (25)
2026-05-18 16:29:53 Handler State: SEMI_PROBE_CART (25) -> SEMI_PROCESS (16)
2026-05-18 16:30:29 Re-Calculated Filling Volume: 0
2026-05-18 16:30:35 Setting CBS color valve (Finished): 0
2026-05-18 16:30:35 Handler State: SEMI_PROCESS (16) -> SEMI_WHAT_NEXT (21)
2026-05-18 16:30:35 Handler State: SEMI_WHAT_NEXT (21) -> SEMI_FINISHED (23)
2026-05-18 16:30:36 Handler State: SEMI_FINISHED (23) -> HANDLER_IDLE (1)
2026-05-18 16:45:39 Handler State: HANDLER_IDLE (1) -> HANDLER_START (2)
2026-05-18 16:45:39 Handler State: HANDLER_START (2) -> DECIDE_CART (3)
2026-05-18 16:45:39 Selection: IFS is clean and its cartridge is cleaned.
2026-05-18 16:45:39 Selected Primary Cartridge: 3
2026-05-18 16:45:39 Selected Primary Station: 104
2026-05-18 16:45:39 Selected Secondary Cartridge: 0
2026-05-18 16:45:39 Selected Secondary Station: 0
2026-05-18 16:45:39 Selected Filling Volume: 317
2026-05-18 16:45:39 Handler State: DECIDE_CART (3) -> CHECK_SEC_CART (26)
2026-05-18 16:45:39 Handler State: CHECK_SEC_CART (26) -> PROBE_CART (24)
2026-05-18 16:45:39 CartMove: Exchange 1, from 104
2026-05-18 16:45:39 CartMoveState: IDLE (1) -> FROM_MOVE (3)
2026-05-18 16:45:40 CartMoveState: FROM_MOVE (3) -> FROM_PROBE (19)
2026-05-18 16:45:42 Handler State: PROBE_CART (24) -> PROCESS_CART (6)
2026-05-18 16:45:42 Setting CBS color valve (FillIFS): 1
2026-05-18 16:45:43 Primed volume (FillIFS): 2.49182
2026-05-18 16:45:44 Re-Calculated Filling Volume: 317
2026-05-18 16:45:44 Setting CBS color valve (FillCart): 1
2026-05-18 16:46:03 Handler State: PROCESS_CART (6) -> EXCHANGE_ONE (7)
2026-05-18 16:46:03 CartMove: Exchange 1, from 104
2026-05-18 16:46:03 CartMoveState: FROM_PROBE (19) -> FROM_CART (4)
2026-05-18 16:46:09 Setting CBS color valve (Finished): 0
2026-05-18 16:46:11 CartMoveState: FROM_CART (4) -> TO_MOVE (10)
2026-05-18 16:46:13 CartMoveState: TO_MOVE (10) -> EXCH_1_WAIT (14)
2026-05-18 16:46:13 Handler State: EXCHANGE_ONE (7) -> START_DCU (8)
2026-05-18 16:46:13 Handler State: START_DCU (8) -> EXCHANGE_TWO (9)
2026-05-18 16:46:13 CartMove: Exchange 2
2026-05-18 16:46:13 CartMoveState: EXCH_1_WAIT (14) -> EXCH_1_CART (15)
2026-05-18 16:46:16 CartMoveState: EXCH_1_CART (15) -> EXCH_2_MOVE (16)
2026-05-18 16:46:17 CartMoveState: EXCH_2_MOVE (16) -> EXCH_2_CART (17)
2026-05-18 16:46:19 CartMoveState: EXCH_2_CART (17) -> STORE_DECIDE (18)
2026-05-18 16:46:19 Used volume for last job: 443.947
2026-05-18 16:46:19 Handler State: EXCHANGE_TWO (9) -> WAIT_FOR_DCU (10)
2026-05-18 16:46:20 Handler State: WAIT_FOR_DCU (10) -> EXCHANGE_THREE (11)
2026-05-18 16:46:20 CartMove: Exchange 3
2026-05-18 16:46:20 CartMoveState: STORE_DECIDE (18) -> AUX_DECIDE (5)
2026-05-18 16:46:20 CartMoveState: AUX_DECIDE (5) -> TO_MOVE (10)
2026-05-18 16:46:22 CartMoveState: TO_MOVE (10) -> TO_CART (11)
2026-05-18 16:46:24 CartMoveState: TO_CART (11) -> HOME_MOVE (12)
2026-05-18 16:46:25 CartMoveState: HOME_MOVE (12) -> HALT (13)
2026-05-18 16:46:25 CartMoveState: HALT (13) -> IDLE (1)
2026-05-18 16:46:25 Handler State: EXCHANGE_THREE (11) -> POST_PROCESS (12)
2026-05-18 16:46:25 Handler State: POST_PROCESS (12) -> MOVE_ARM_HOME (14)
2026-05-18 16:46:25 Handler State: MOVE_ARM_HOME (14) -> HANDLER_IDLE (1)
2026-05-18 16:58:45 Handler State: HANDLER_IDLE (1) -> SEMI_START (15)
2026-05-18 16:58:45 Handler State: SEMI_START (15) -> SEMI_PROBE_CART (25)
2026-05-18 16:58:48 Handler State: SEMI_PROBE_CART (25) -> SEMI_PROCESS (16)
2026-05-18 16:59:45 Re-Calculated Filling Volume: 0
2026-05-18 16:59:51 Setting CBS color valve (Finished): 0
2026-05-18 16:59:51 Handler State: SEMI_PROCESS (16) -> SEMI_WHAT_NEXT (21)
2026-05-18 16:59:51 Handler State: SEMI_WHAT_NEXT (21) -> SEMI_FINISHED (23)
2026-05-18 16:59:51 Handler State: SEMI_FINISHED (23) -> HANDLER_IDLE (1)
2026-05-18 17:18:52 Handler State: HANDLER_IDLE (1) -> HANDLER_START (2)
2026-05-18 17:18:53 Handler State: HANDLER_START (2) -> DECIDE_CART (3)
2026-05-18 17:18:53 Selection: IFS is clean and its cartridge is cleaned.
2026-05-18 17:18:53 Selected Primary Cartridge: 4
2026-05-18 17:18:53 Selected Primary Station: 102
2026-05-18 17:18:53 Selected Secondary Cartridge: 0
2026-05-18 17:18:53 Selected Secondary Station: 0
2026-05-18 17:18:53 Selected Filling Volume: 325
2026-05-18 17:18:53 Handler State: DECIDE_CART (3) -> CHECK_SEC_CART (26)
2026-05-18 17:18:53 Handler State: CHECK_SEC_CART (26) -> PROBE_CART (24)
2026-05-18 17:18:53 CartMove: Exchange 1, from 102
2026-05-18 17:18:53 CartMoveState: IDLE (1) -> FROM_MOVE (3)
2026-05-18 17:18:54 CartMoveState: FROM_MOVE (3) -> FROM_PROBE (19)
2026-05-18 17:18:55 Handler State: PROBE_CART (24) -> PROCESS_CART (6)
2026-05-18 17:18:56 Setting CBS color valve (FillIFS): 1
2026-05-18 17:18:57 Primed volume (FillIFS): 1.78117
2026-05-18 17:18:57 Re-Calculated Filling Volume: 325
2026-05-18 17:18:57 Setting CBS color valve (FillCart): 1
2026-05-18 17:19:14 Handler State: PROCESS_CART (6) -> EXCHANGE_ONE (7)
2026-05-18 17:19:14 CartMove: Exchange 1, from 102
2026-05-18 17:19:14 CartMoveState: FROM_PROBE (19) -> FROM_CART (4)
2026-05-18 17:19:21 Setting CBS color valve (Finished): 0
2026-05-18 17:19:23 CartMoveState: FROM_CART (4) -> TO_MOVE (10)
2026-05-18 17:19:24 CartMoveState: TO_MOVE (10) -> EXCH_1_WAIT (14)
2026-05-18 17:19:24 Handler State: EXCHANGE_ONE (7) -> START_DCU (8)
2026-05-18 17:19:25 Handler State: START_DCU (8) -> EXCHANGE_TWO (9)
2026-05-18 17:19:25 CartMove: Exchange 2
2026-05-18 17:19:25 CartMoveState: EXCH_1_WAIT (14) -> EXCH_1_CART (15)
2026-05-18 17:19:27 CartMoveState: EXCH_1_CART (15) -> EXCH_2_MOVE (16)
2026-05-18 17:19:29 CartMoveState: EXCH_2_MOVE (16) -> EXCH_2_CART (17)
2026-05-18 17:19:31 CartMoveState: EXCH_2_CART (17) -> STORE_DECIDE (18)
2026-05-18 17:19:31 Used volume for last job: 264.869
2026-05-18 17:19:31 Handler State: EXCHANGE_TWO (9) -> WAIT_FOR_DCU (10)
2026-05-18 17:19:32 Handler State: WAIT_FOR_DCU (10) -> EXCHANGE_THREE (11)
2026-05-18 17:19:32 CartMove: Exchange 3
2026-05-18 17:19:32 CartMoveState: STORE_DECIDE (18) -> AUX_DECIDE (5)
2026-05-18 17:19:32 CartMoveState: AUX_DECIDE (5) -> TO_MOVE (10)
2026-05-18 17:19:33 CartMoveState: TO_MOVE (10) -> TO_CART (11)
2026-05-18 17:19:35 CartMoveState: TO_CART (11) -> HOME_MOVE (12)
2026-05-18 17:19:36 CartMoveState: HOME_MOVE (12) -> HALT (13)
2026-05-18 17:19:36 CartMoveState: HALT (13) -> IDLE (1)
2026-05-18 17:19:36 Handler State: EXCHANGE_THREE (11) -> POST_PROCESS (12)
2026-05-18 17:19:36 Handler State: POST_PROCESS (12) -> MOVE_ARM_HOME (14)
2026-05-18 17:19:36 Handler State: MOVE_ARM_HOME (14) -> HANDLER_IDLE (1)
2026-05-18 17:26:48 Handler State: HANDLER_IDLE (1) -> HANDLER_START (2)
2026-05-18 17:26:49 Handler State: HANDLER_START (2) -> DECIDE_CART (3)
2026-05-18 17:26:49 Selection: IFS is clean and its cartridge is cleaned.
2026-05-18 17:26:49 Selected Primary Cartridge: 2
2026-05-18 17:26:49 Selected Primary Station: 103
2026-05-18 17:26:49 Selected Secondary Cartridge: 0
2026-05-18 17:26:49 Selected Secondary Station: 0
2026-05-18 17:26:49 Selected Filling Volume: 228
2026-05-18 17:26:49 Handler State: DECIDE_CART (3) -> CHECK_SEC_CART (26)
2026-05-18 17:26:49 Handler State: CHECK_SEC_CART (26) -> PROBE_CART (24)
2026-05-18 17:26:49 CartMove: Exchange 1, from 103
2026-05-18 17:26:49 CartMoveState: IDLE (1) -> FROM_MOVE (3)
2026-05-18 17:26:49 CartMoveState: FROM_MOVE (3) -> FROM_PROBE (19)
2026-05-18 17:26:51 Handler State: PROBE_CART (24) -> PROCESS_CART (6)
2026-05-18 17:26:51 Setting CBS color valve (FillIFS): 1
2026-05-18 17:26:53 Primed volume (FillIFS): 1.96198
2026-05-18 17:26:53 Re-Calculated Filling Volume: 228
2026-05-18 17:26:53 Setting CBS color valve (FillCart): 1
2026-05-18 17:27:07 Handler State: PROCESS_CART (6) -> EXCHANGE_ONE (7)
2026-05-18 17:27:07 CartMove: Exchange 1, from 103
2026-05-18 17:27:07 CartMoveState: FROM_PROBE (19) -> FROM_CART (4)
2026-05-18 17:27:13 Setting CBS color valve (Finished): 0
2026-05-18 17:27:15 CartMoveState: FROM_CART (4) -> TO_MOVE (10)
2026-05-18 17:27:16 CartMoveState: TO_MOVE (10) -> EXCH_1_WAIT (14)
2026-05-18 17:27:16 Handler State: EXCHANGE_ONE (7) -> START_DCU (8)
2026-05-18 17:29:37 Handler State: START_DCU (8) -> EXCHANGE_TWO (9)
2026-05-18 17:29:37 CartMove: Exchange 2
2026-05-18 17:29:48 CartMoveState: EXCH_1_WAIT (14) -> EXCH_1_CART (15)
2026-05-18 17:29:50 CartMoveState: EXCH_1_CART (15) -> EXCH_2_MOVE (16)
2026-05-18 17:29:52 CartMoveState: EXCH_2_MOVE (16) -> EXCH_2_CART (17)
2026-05-18 17:29:54 CartMoveState: EXCH_2_CART (17) -> STORE_DECIDE (18)
2026-05-18 17:29:54 Used volume for last job: 276.858
2026-05-18 17:29:54 Handler State: EXCHANGE_TWO (9) -> WAIT_FOR_DCU (10)
2026-05-18 17:29:55 Handler State: WAIT_FOR_DCU (10) -> EXCHANGE_THREE (11)
2026-05-18 17:29:55 CartMove: Exchange 3
2026-05-18 17:29:55 CartMoveState: STORE_DECIDE (18) -> AUX_DECIDE (5)
2026-05-18 17:29:55 CartMoveState: AUX_DECIDE (5) -> TO_MOVE (10)
2026-05-18 17:29:55 CartMoveState: TO_MOVE (10) -> TO_CART (11)
2026-05-18 17:29:58 CartMoveState: TO_CART (11) -> HOME_MOVE (12)
2026-05-18 17:29:58 CartMoveState: HOME_MOVE (12) -> HALT (13)
2026-05-18 17:29:58 CartMoveState: HALT (13) -> IDLE (1)
2026-05-18 17:29:58 Handler State: EXCHANGE_THREE (11) -> POST_PROCESS (12)
2026-05-18 17:29:58 Handler State: POST_PROCESS (12) -> MOVE_ARM_HOME (14)
2026-05-18 17:29:58 Handler State: MOVE_ARM_HOME (14) -> HANDLER_IDLE (1)
2026-05-18 17:38:12 Handler State: HANDLER_IDLE (1) -> HANDLER_START (2)
2026-05-18 17:38:13 Handler State: HANDLER_START (2) -> DECIDE_CART (3)
2026-05-18 17:38:13 Selection: Last resort, just pick the first IFS.
2026-05-18 17:38:13 Selection: Last resort, just pick the first cartridge.
2026-05-18 17:38:13 Selected Primary Cartridge: 1
2026-05-18 17:38:13 Selected Primary Station: 102
2026-05-18 17:38:13 Selected Secondary Cartridge: 0
2026-05-18 17:38:13 Selected Secondary Station: 0
2026-05-18 17:38:13 Selected Filling Volume: 391
2026-05-18 17:38:13 Handler State: DECIDE_CART (3) -> REMOVE_CART (4)
2026-05-18 17:38:13 CartMove: Move, from 102 to 108
2026-05-18 17:38:13 CartMoveState: IDLE (1) -> FROM_MOVE (3)
2026-05-18 17:38:13 CartMoveState: FROM_MOVE (3) -> FROM_CART (4)
2026-05-18 17:38:16 CartMoveState: FROM_CART (4) -> AUX_DECIDE (5)
2026-05-18 17:38:16 CartMoveState: AUX_DECIDE (5) -> TO_MOVE (10)
2026-05-18 17:38:18 CartMoveState: TO_MOVE (10) -> TO_CART (11)
2026-05-18 17:38:20 CartMoveState: TO_CART (11) -> HOME_MOVE (12)
2026-05-18 17:38:22 CartMoveState: HOME_MOVE (12) -> HALT (13)
2026-05-18 17:38:22 CartMoveState: HALT (13) -> IDLE (1)
2026-05-18 17:38:22 Handler State: REMOVE_CART (4) -> PLACE_CART (5)
2026-05-18 17:38:22 CartMove: Move, from 105 to 102
2026-05-18 17:38:22 CartMoveState: IDLE (1) -> FROM_MOVE (3)
2026-05-18 17:38:23 CartMoveState: FROM_MOVE (3) -> FROM_CART (4)
2026-05-18 17:38:25 CartMoveState: FROM_CART (4) -> AUX_DECIDE (5)
2026-05-18 17:38:25 CartMoveState: AUX_DECIDE (5) -> TO_MOVE (10)
2026-05-18 17:38:27 CartMoveState: TO_MOVE (10) -> TO_CART (11)
2026-05-18 17:38:29 CartMoveState: TO_CART (11) -> HOME_MOVE (12)
2026-05-18 17:38:30 CartMoveState: HOME_MOVE (12) -> HALT (13)
2026-05-18 17:38:30 CartMoveState: HALT (13) -> IDLE (1)
2026-05-18 17:38:30 Handler State: PLACE_CART (5) -> CHECK_SEC_CART (26)
2026-05-18 17:38:30 Handler State: CHECK_SEC_CART (26) -> PROBE_CART (24)
2026-05-18 17:38:30 CartMove: Exchange 1, from 102
2026-05-18 17:38:30 CartMoveState: IDLE (1) -> FROM_MOVE (3)
2026-05-18 17:38:31 CartMoveState: FROM_MOVE (3) -> FROM_PROBE (19)
2026-05-18 17:38:32 Handler State: PROBE_CART (24) -> PROCESS_CART (6)
2026-05-18 17:39:08 Setting CBS color valve (FillIFS): 2
2026-05-18 17:39:10 Primed volume (FillIFS): 4.0959
2026-05-18 17:39:10 Re-Calculated Filling Volume: 391
2026-05-18 17:39:10 Setting CBS color valve (FillCart): 2
2026-05-18 17:39:28 Handler State: PROCESS_CART (6) -> EXCHANGE_ONE (7)
2026-05-18 17:39:28 CartMove: Exchange 1, from 102
2026-05-18 17:39:28 CartMoveState: FROM_PROBE (19) -> FROM_CART (4)
2026-05-18 17:39:35 Setting CBS color valve (Finished): 0
2026-05-18 17:39:37 CartMoveState: FROM_CART (4) -> TO_MOVE (10)
2026-05-18 17:39:38 CartMoveState: TO_MOVE (10) -> EXCH_1_WAIT (14)
2026-05-18 17:39:38 Handler State: EXCHANGE_ONE (7) -> START_DCU (8)
2026-05-18 17:40:48 Handler State: START_DCU (8) -> EXCHANGE_TWO (9)
2026-05-18 17:40:48 CartMove: Exchange 2
2026-05-18 17:40:59 CartMoveState: EXCH_1_WAIT (14) -> EXCH_1_CART (15)
2026-05-18 17:41:01 CartMoveState: EXCH_1_CART (15) -> EXCH_2_MOVE (16)
2026-05-18 17:41:02 CartMoveState: EXCH_2_MOVE (16) -> EXCH_2_CART (17)
2026-05-18 17:41:04 CartMoveState: EXCH_2_CART (17) -> STORE_DECIDE (18)
2026-05-18 17:41:04 Used volume for last job: 177.93
2026-05-18 17:41:04 Handler State: EXCHANGE_TWO (9) -> WAIT_FOR_DCU (10)
2026-05-18 17:41:06 Handler State: WAIT_FOR_DCU (10) -> EXCHANGE_THREE (11)
2026-05-18 17:41:06 CartMove: Exchange 3
2026-05-18 17:41:06 CartMoveState: STORE_DECIDE (18) -> AUX_DECIDE (5)
2026-05-18 17:41:06 CartMoveState: AUX_DECIDE (5) -> TO_MOVE (10)
2026-05-18 17:41:07 CartMoveState: TO_MOVE (10) -> TO_CART (11)
2026-05-18 17:41:09 CartMoveState: TO_CART (11) -> HOME_MOVE (12)
2026-05-18 17:41:10 CartMoveState: HOME_MOVE (12) -> HALT (13)
2026-05-18 17:41:10 CartMoveState: HALT (13) -> IDLE (1)
2026-05-18 17:41:10 Handler State: EXCHANGE_THREE (11) -> POST_PROCESS (12)
2026-05-18 17:41:10 Handler State: POST_PROCESS (12) -> EMPTY_AUX (13)
2026-05-18 17:41:10 CartMove: Move, from 108 to 102
2026-05-18 17:41:10 CartMoveState: IDLE (1) -> FROM_MOVE (3)
2026-05-18 17:41:11 CartMoveState: FROM_MOVE (3) -> FROM_CART (4)
2026-05-18 17:41:14 CartMoveState: FROM_CART (4) -> AUX_DECIDE (5)
2026-05-18 17:41:14 CartMoveState: AUX_DECIDE (5) -> TO_MOVE (10)
2026-05-18 17:41:16 CartMoveState: TO_MOVE (10) -> TO_CART (11)
2026-05-18 17:41:18 CartMoveState: TO_CART (11) -> HOME_MOVE (12)
2026-05-18 17:41:19 CartMoveState: HOME_MOVE (12) -> HALT (13)
2026-05-18 17:41:19 CartMoveState: HALT (13) -> IDLE (1)
2026-05-18 17:41:19 Handler State: EMPTY_AUX (13) -> MOVE_ARM_HOME (14)
2026-05-18 17:41:19 Handler State: MOVE_ARM_HOME (14) -> HANDLER_IDLE (1)
2026-05-18 17:44:18 Handler State: HANDLER_IDLE (1) -> HANDLER_START (2)
2026-05-18 17:44:19 Handler State: HANDLER_START (2) -> DECIDE_CART (3)
2026-05-18 17:44:19 Selection: IFS has correct material and its cartridge has correct material.
2026-05-18 17:44:19 Selected Primary Cartridge: 3
2026-05-18 17:44:19 Selected Primary Station: 104
2026-05-18 17:44:19 Selected Secondary Cartridge: 0
2026-05-18 17:44:19 Selected Secondary Station: 0
2026-05-18 17:44:19 Selected Filling Volume: 512
2026-05-18 17:44:19 Handler State: DECIDE_CART (3) -> CHECK_SEC_CART (26)
2026-05-18 17:44:19 Handler State: CHECK_SEC_CART (26) -> PROBE_CART (24)
2026-05-18 17:44:19 CartMove: Exchange 1, from 104
2026-05-18 17:44:19 CartMoveState: IDLE (1) -> FROM_MOVE (3)
2026-05-18 17:44:20 CartMoveState: FROM_MOVE (3) -> FROM_PROBE (19)
2026-05-18 17:44:22 Handler State: PROBE_CART (24) -> PROCESS_CART (6)
2026-05-18 17:44:53 Setting CBS color valve (FillGate): 1
2026-05-18 17:44:54 Primed volume (FillGate): 2.31416
2026-05-18 17:44:54 Re-Calculated Filling Volume: 512
2026-05-18 17:44:54 Setting CBS color valve (FillCart): 1
2026-05-18 17:45:21 Handler State: PROCESS_CART (6) -> EXCHANGE_ONE (7)
2026-05-18 17:45:21 CartMove: Exchange 1, from 104
2026-05-18 17:45:21 CartMoveState: FROM_PROBE (19) -> FROM_CART (4)
2026-05-18 17:45:27 Setting CBS color valve (Finished): 0
2026-05-18 17:45:28 CartMoveState: FROM_CART (4) -> TO_MOVE (10)
2026-05-18 17:45:30 CartMoveState: TO_MOVE (10) -> EXCH_1_WAIT (14)
2026-05-18 17:45:30 Handler State: EXCHANGE_ONE (7) -> START_DCU (8)
2026-05-18 17:46:59 Handler State: START_DCU (8) -> EXCHANGE_TWO (9)
2026-05-18 17:46:59 CartMove: Exchange 2
2026-05-18 17:47:10 CartMoveState: EXCH_1_WAIT (14) -> EXCH_1_CART (15)
2026-05-18 17:47:12 CartMoveState: EXCH_1_CART (15) -> EXCH_2_MOVE (16)
2026-05-18 17:47:13 CartMoveState: EXCH_2_MOVE (16) -> EXCH_2_CART (17)
2026-05-18 17:47:15 CartMoveState: EXCH_2_CART (17) -> STORE_DECIDE (18)
2026-05-18 17:47:15 Used volume for last job: 234.175
2026-05-18 17:47:15 Handler State: EXCHANGE_TWO (9) -> WAIT_FOR_DCU (10)
2026-05-18 17:47:17 Handler State: WAIT_FOR_DCU (10) -> EXCHANGE_THREE (11)
2026-05-18 17:47:17 CartMove: Exchange 3
2026-05-18 17:47:17 CartMoveState: STORE_DECIDE (18) -> AUX_DECIDE (5)
2026-05-18 17:47:17 CartMoveState: AUX_DECIDE (5) -> TO_MOVE (10)
2026-05-18 17:47:19 CartMoveState: TO_MOVE (10) -> TO_CART (11)
2026-05-18 17:47:21 CartMoveState: TO_CART (11) -> HOME_MOVE (12)
2026-05-18 17:47:22 CartMoveState: HOME_MOVE (12) -> HALT (13)
2026-05-18 17:47:22 CartMoveState: HALT (13) -> IDLE (1)
2026-05-18 17:47:22 Handler State: EXCHANGE_THREE (11) -> POST_PROCESS (12)
2026-05-18 17:47:22 Handler State: POST_PROCESS (12) -> MOVE_ARM_HOME (14)
2026-05-18 17:47:22 Handler State: MOVE_ARM_HOME (14) -> HANDLER_IDLE (1)
2026-05-18 17:48:01 Handler State: HANDLER_IDLE (1) -> HANDLER_START (2)
2026-05-18 17:48:02 Handler State: HANDLER_START (2) -> DECIDE_CART (3)
2026-05-18 17:48:02 Selection: Last resort, just pick the first IFS.
2026-05-18 17:48:02 Selection: Last resort, just pick the first cartridge.
2026-05-18 17:48:02 Selected Primary Cartridge: 1
2026-05-18 17:48:02 Selected Primary Station: 102
2026-05-18 17:48:02 Selected Secondary Cartridge: 0
2026-05-18 17:48:02 Selected Secondary Station: 0
2026-05-18 17:48:02 Selected Filling Volume: 432
2026-05-18 17:48:02 Handler State: DECIDE_CART (3) -> REMOVE_CART (4)
2026-05-18 17:48:02 CartMove: Move, from 102 to 108
2026-05-18 17:48:02 CartMoveState: IDLE (1) -> FROM_MOVE (3)
2026-05-18 17:48:02 CartMoveState: FROM_MOVE (3) -> FROM_CART (4)
2026-05-18 17:48:06 CartMoveState: FROM_CART (4) -> AUX_DECIDE (5)
2026-05-18 17:48:06 CartMoveState: AUX_DECIDE (5) -> TO_MOVE (10)
2026-05-18 17:48:07 CartMoveState: TO_MOVE (10) -> TO_CART (11)
2026-05-18 17:48:09 CartMoveState: TO_CART (11) -> HOME_MOVE (12)
2026-05-18 17:48:11 CartMoveState: HOME_MOVE (12) -> HALT (13)
2026-05-18 17:48:11 CartMoveState: HALT (13) -> IDLE (1)
2026-05-18 17:48:11 Handler State: REMOVE_CART (4) -> PLACE_CART (5)
2026-05-18 17:48:11 CartMove: Move, from 105 to 102
2026-05-18 17:48:11 CartMoveState: IDLE (1) -> FROM_MOVE (3)
2026-05-18 17:48:12 CartMoveState: FROM_MOVE (3) -> FROM_CART (4)
2026-05-18 17:48:15 CartMoveState: FROM_CART (4) -> AUX_DECIDE (5)
2026-05-18 17:48:15 CartMoveState: AUX_DECIDE (5) -> TO_MOVE (10)
2026-05-18 17:48:16 CartMoveState: TO_MOVE (10) -> TO_CART (11)
2026-05-18 17:48:19 CartMoveState: TO_CART (11) -> HOME_MOVE (12)
2026-05-18 17:48:19 CartMoveState: HOME_MOVE (12) -> HALT (13)
2026-05-18 17:48:19 CartMoveState: HALT (13) -> IDLE (1)
2026-05-18 17:48:19 Handler State: PLACE_CART (5) -> CHECK_SEC_CART (26)
2026-05-18 17:48:19 Handler State: CHECK_SEC_CART (26) -> PROBE_CART (24)
2026-05-18 17:48:19 CartMove: Exchange 1, from 102
2026-05-18 17:48:19 CartMoveState: IDLE (1) -> FROM_MOVE (3)
2026-05-18 17:48:20 CartMoveState: FROM_MOVE (3) -> FROM_PROBE (19)
2026-05-18 17:48:22 Handler State: PROBE_CART (24) -> PROCESS_CART (6)
2026-05-18 17:49:12 Setting CBS color valve (FillIFS): 1
2026-05-18 17:49:13 Primed volume (FillIFS): 3.88761
2026-05-18 17:49:13 Re-Calculated Filling Volume: 432
2026-05-18 17:49:13 Setting CBS color valve (FillCart): 1
2026-05-18 17:49:32 Handler State: PROCESS_CART (6) -> EXCHANGE_ONE (7)
2026-05-18 17:49:32 CartMove: Exchange 1, from 102
2026-05-18 17:49:32 CartMoveState: FROM_PROBE (19) -> FROM_CART (4)
2026-05-18 17:49:39 Setting CBS color valve (Finished): 0
2026-05-18 17:49:41 CartMoveState: FROM_CART (4) -> TO_MOVE (10)
2026-05-18 17:49:42 CartMoveState: TO_MOVE (10) -> EXCH_1_WAIT (14)
2026-05-18 17:49:42 Handler State: EXCHANGE_ONE (7) -> START_DCU (8)
2026-05-18 17:51:49 Handler State: START_DCU (8) -> EXCHANGE_TWO (9)
2026-05-18 17:51:49 CartMove: Exchange 2
2026-05-18 17:51:59 CartMoveState: EXCH_1_WAIT (14) -> EXCH_1_CART (15)
2026-05-18 17:52:02 CartMoveState: EXCH_1_CART (15) -> EXCH_2_MOVE (16)
2026-05-18 17:52:03 CartMoveState: EXCH_2_MOVE (16) -> EXCH_2_CART (17)
2026-05-18 17:52:05 CartMoveState: EXCH_2_CART (17) -> STORE_DECIDE (18)
2026-05-18 17:52:05 Used volume for last job: 460.272
2026-05-18 17:52:05 Handler State: EXCHANGE_TWO (9) -> WAIT_FOR_DCU (10)
2026-05-18 17:52:07 Handler State: WAIT_FOR_DCU (10) -> EXCHANGE_THREE (11)
2026-05-18 17:52:07 CartMove: Exchange 3
2026-05-18 17:52:07 CartMoveState: STORE_DECIDE (18) -> AUX_DECIDE (5)
2026-05-18 17:52:07 CartMoveState: AUX_DECIDE (5) -> TO_MOVE (10)
2026-05-18 17:52:08 CartMoveState: TO_MOVE (10) -> TO_CART (11)
2026-05-18 17:52:10 CartMoveState: TO_CART (11) -> HOME_MOVE (12)
2026-05-18 17:52:11 CartMoveState: HOME_MOVE (12) -> HALT (13)
2026-05-18 17:52:11 CartMoveState: HALT (13) -> IDLE (1)
2026-05-18 17:52:11 Handler State: EXCHANGE_THREE (11) -> POST_PROCESS (12)
2026-05-18 17:52:11 Handler State: POST_PROCESS (12) -> EMPTY_AUX (13)
2026-05-18 17:52:11 CartMove: Move, from 108 to 102
2026-05-18 17:52:11 CartMoveState: IDLE (1) -> FROM_MOVE (3)
2026-05-18 17:52:13 CartMoveState: FROM_MOVE (3) -> FROM_CART (4)
2026-05-18 17:52:15 CartMoveState: FROM_CART (4) -> AUX_DECIDE (5)
2026-05-18 17:52:15 CartMoveState: AUX_DECIDE (5) -> TO_MOVE (10)
2026-05-18 17:52:17 CartMoveState: TO_MOVE (10) -> TO_CART (11)
2026-05-18 17:52:19 CartMoveState: TO_CART (11) -> HOME_MOVE (12)
2026-05-18 17:52:20 CartMoveState: HOME_MOVE (12) -> HALT (13)
2026-05-18 17:52:20 CartMoveState: HALT (13) -> IDLE (1)
2026-05-18 17:52:20 Handler State: EMPTY_AUX (13) -> MOVE_ARM_HOME (14)
2026-05-18 17:52:20 Handler State: MOVE_ARM_HOME (14) -> HANDLER_IDLE (1)
2026-05-18 17:53:56 Handler State: HANDLER_IDLE (1) -> HANDLER_START (2)
2026-05-18 17:53:57 Handler State: HANDLER_START (2) -> DECIDE_CART (3)
2026-05-18 17:53:57 Selection: Last resort, just pick the first IFS.
2026-05-18 17:53:57 Selection: Cartridge has correct material.
2026-05-18 17:53:57 Selected Primary Cartridge: 4
2026-05-18 17:53:57 Selected Primary Station: 102
2026-05-18 17:53:57 Selected Secondary Cartridge: 0
2026-05-18 17:53:57 Selected Secondary Station: 0
2026-05-18 17:53:57 Selected Filling Volume: 511
2026-05-18 17:53:57 Handler State: DECIDE_CART (3) -> CHECK_SEC_CART (26)
2026-05-18 17:53:57 Handler State: CHECK_SEC_CART (26) -> PROBE_CART (24)
2026-05-18 17:53:57 CartMove: Exchange 1, from 102
2026-05-18 17:53:57 CartMoveState: IDLE (1) -> FROM_MOVE (3)
2026-05-18 17:53:58 CartMoveState: FROM_MOVE (3) -> FROM_PROBE (19)
2026-05-18 17:53:59 Handler State: PROBE_CART (24) -> PROCESS_CART (6)
2026-05-18 17:54:35 Setting CBS color valve (FillIFS): 2
2026-05-18 17:54:36 Primed volume (FillIFS): 4.90164
2026-05-18 17:54:36 Re-Calculated Filling Volume: 511
2026-05-18 17:54:36 Setting CBS color valve (FillCart): 2
2026-05-18 17:54:58 Handler State: PROCESS_CART (6) -> EXCHANGE_ONE (7)
2026-05-18 17:54:58 CartMove: Exchange 1, from 102
2026-05-18 17:54:58 CartMoveState: FROM_PROBE (19) -> FROM_CART (4)
2026-05-18 17:55:05 Setting CBS color valve (Finished): 0
2026-05-18 17:55:07 CartMoveState: FROM_CART (4) -> TO_MOVE (10)
2026-05-18 17:55:08 CartMoveState: TO_MOVE (10) -> EXCH_1_WAIT (14)
2026-05-18 17:55:08 Handler State: EXCHANGE_ONE (7) -> START_DCU (8)
2026-05-18 17:56:43 Handler State: START_DCU (8) -> EXCHANGE_TWO (9)
2026-05-18 17:56:43 CartMove: Exchange 2
2026-05-18 17:56:54 CartMoveState: EXCH_1_WAIT (14) -> EXCH_1_CART (15)
2026-05-18 17:56:56 CartMoveState: EXCH_1_CART (15) -> EXCH_2_MOVE (16)
2026-05-18 17:56:58 CartMoveState: EXCH_2_MOVE (16) -> EXCH_2_CART (17)
2026-05-18 17:56:59 CartMoveState: EXCH_2_CART (17) -> STORE_DECIDE (18)
2026-05-18 17:56:59 Used volume for last job: 379.259
2026-05-18 17:56:59 Handler State: EXCHANGE_TWO (9) -> WAIT_FOR_DCU (10)
2026-05-18 17:57:01 Handler State: WAIT_FOR_DCU (10) -> EXCHANGE_THREE (11)
2026-05-18 17:57:01 CartMove: Exchange 3
2026-05-18 17:57:01 CartMoveState: STORE_DECIDE (18) -> AUX_DECIDE (5)
2026-05-18 17:57:01 CartMoveState: AUX_DECIDE (5) -> TO_MOVE (10)
2026-05-18 17:57:01 CartMoveState: TO_MOVE (10) -> TO_CART (11)
2026-05-18 17:57:03 CartMoveState: TO_CART (11) -> HOME_MOVE (12)
2026-05-18 17:57:04 CartMoveState: HOME_MOVE (12) -> HALT (13)
2026-05-18 17:57:04 CartMoveState: HALT (13) -> IDLE (1)
2026-05-18 17:57:04 Handler State: EXCHANGE_THREE (11) -> POST_PROCESS (12)
2026-05-18 17:57:04 Handler State: POST_PROCESS (12) -> MOVE_ARM_HOME (14)
2026-05-18 17:57:04 Handler State: MOVE_ARM_HOME (14) -> HANDLER_IDLE (1)
2026-05-18 18:00:13 Handler State: HANDLER_IDLE (1) -> HANDLER_START (2)
2026-05-18 18:00:14 Handler State: HANDLER_START (2) -> DECIDE_CART (3)
2026-05-18 18:00:14 Selection: Last resort, just pick the first IFS.
2026-05-18 18:00:14 Selection: Cartridge has correct material.
2026-05-18 18:00:14 Selected Primary Cartridge: 6
2026-05-18 18:00:14 Selected Primary Station: 104
2026-05-18 18:00:14 Selected Secondary Cartridge: 0
2026-05-18 18:00:14 Selected Secondary Station: 0
2026-05-18 18:00:14 Selected Filling Volume: 317
2026-05-18 18:00:14 Handler State: DECIDE_CART (3) -> REMOVE_CART (4)
2026-05-18 18:00:14 CartMove: Move, from 104 to 108
2026-05-18 18:00:14 CartMoveState: IDLE (1) -> FROM_MOVE (3)
2026-05-18 18:00:15 CartMoveState: FROM_MOVE (3) -> FROM_CART (4)
2026-05-18 18:00:18 CartMoveState: FROM_CART (4) -> AUX_DECIDE (5)
2026-05-18 18:00:18 CartMoveState: AUX_DECIDE (5) -> TO_MOVE (10)
2026-05-18 18:00:19 CartMoveState: TO_MOVE (10) -> TO_CART (11)
2026-05-18 18:00:21 CartMoveState: TO_CART (11) -> HOME_MOVE (12)
2026-05-18 18:00:23 CartMoveState: HOME_MOVE (12) -> HALT (13)
2026-05-18 18:00:23 CartMoveState: HALT (13) -> IDLE (1)
2026-05-18 18:00:23 Handler State: REMOVE_CART (4) -> PLACE_CART (5)
2026-05-18 18:00:23 CartMove: Move, from 107 to 104
2026-05-18 18:00:23 CartMoveState: IDLE (1) -> FROM_MOVE (3)
2026-05-18 18:00:24 CartMoveState: FROM_MOVE (3) -> FROM_CART (4)
2026-05-18 18:00:27 CartMoveState: FROM_CART (4) -> AUX_DECIDE (5)
2026-05-18 18:00:27 CartMoveState: AUX_DECIDE (5) -> TO_MOVE (10)
2026-05-18 18:00:29 CartMoveState: TO_MOVE (10) -> TO_CART (11)
2026-05-18 18:00:31 CartMoveState: TO_CART (11) -> HOME_MOVE (12)
2026-05-18 18:00:32 CartMoveState: HOME_MOVE (12) -> HALT (13)
2026-05-18 18:00:32 CartMoveState: HALT (13) -> IDLE (1)
2026-05-18 18:00:32 Handler State: PLACE_CART (5) -> CHECK_SEC_CART (26)
2026-05-18 18:00:32 Handler State: CHECK_SEC_CART (26) -> PROBE_CART (24)
2026-05-18 18:00:32 CartMove: Exchange 1, from 104
2026-05-18 18:00:32 CartMoveState: IDLE (1) -> FROM_MOVE (3)
2026-05-18 18:00:32 CartMoveState: FROM_MOVE (3) -> FROM_PROBE (19)
2026-05-18 18:00:34 Handler State: PROBE_CART (24) -> PROCESS_CART (6)
2026-05-18 18:01:07 Setting CBS color valve (FillIFS): 2
2026-05-18 18:01:08 Primed volume (FillIFS): 4.78938
2026-05-18 18:01:08 Re-Calculated Filling Volume: 317
2026-05-18 18:01:08 Setting CBS color valve (FillCart): 2
2026-05-18 18:01:26 Handler State: PROCESS_CART (6) -> EXCHANGE_ONE (7)
2026-05-18 18:01:26 CartMove: Exchange 1, from 104
2026-05-18 18:01:26 CartMoveState: FROM_PROBE (19) -> FROM_CART (4)
2026-05-18 18:01:32 Setting CBS color valve (Finished): 0
2026-05-18 18:01:34 CartMoveState: FROM_CART (4) -> TO_MOVE (10)
2026-05-18 18:01:35 CartMoveState: TO_MOVE (10) -> EXCH_1_WAIT (14)
2026-05-18 18:01:35 Handler State: EXCHANGE_ONE (7) -> START_DCU (8)
2026-05-18 18:03:52 Handler State: START_DCU (8) -> EXCHANGE_TWO (9)
2026-05-18 18:03:52 CartMove: Exchange 2
2026-05-18 18:04:03 CartMoveState: EXCH_1_WAIT (14) -> EXCH_1_CART (15)
2026-05-18 18:04:06 CartMoveState: EXCH_1_CART (15) -> EXCH_2_MOVE (16)
2026-05-18 18:04:07 CartMoveState: EXCH_2_MOVE (16) -> EXCH_2_CART (17)
2026-05-18 18:04:09 CartMoveState: EXCH_2_CART (17) -> STORE_DECIDE (18)
2026-05-18 18:04:09 Used volume for last job: 458.841
2026-05-18 18:04:09 Handler State: EXCHANGE_TWO (9) -> WAIT_FOR_DCU (10)
2026-05-18 18:04:10 Handler State: WAIT_FOR_DCU (10) -> EXCHANGE_THREE (11)
2026-05-18 18:04:10 CartMove: Exchange 3
2026-05-18 18:04:10 CartMoveState: STORE_DECIDE (18) -> AUX_DECIDE (5)
2026-05-18 18:04:10 CartMoveState: AUX_DECIDE (5) -> TO_MOVE (10)
2026-05-18 18:04:12 CartMoveState: TO_MOVE (10) -> TO_CART (11)
2026-05-18 18:04:14 CartMoveState: TO_CART (11) -> HOME_MOVE (12)
2026-05-18 18:04:15 CartMoveState: HOME_MOVE (12) -> HALT (13)
2026-05-18 18:04:15 CartMoveState: HALT (13) -> IDLE (1)
2026-05-18 18:04:15 Handler State: EXCHANGE_THREE (11) -> POST_PROCESS (12)
2026-05-18 18:04:15 Handler State: POST_PROCESS (12) -> EMPTY_AUX (13)
2026-05-18 18:04:15 CartMove: Move, from 108 to 104
2026-05-18 18:04:15 CartMoveState: IDLE (1) -> FROM_MOVE (3)
2026-05-18 18:04:17 CartMoveState: FROM_MOVE (3) -> FROM_CART (4)
2026-05-18 18:04:20 CartMoveState: FROM_CART (4) -> AUX_DECIDE (5)
2026-05-18 18:04:20 CartMoveState: AUX_DECIDE (5) -> TO_MOVE (10)
2026-05-18 18:04:21 CartMoveState: TO_MOVE (10) -> TO_CART (11)
2026-05-18 18:04:23 CartMoveState: TO_CART (11) -> HOME_MOVE (12)
2026-05-18 18:04:24 CartMoveState: HOME_MOVE (12) -> HALT (13)
2026-05-18 18:04:24 CartMoveState: HALT (13) -> IDLE (1)
2026-05-18 18:04:24 Handler State: EMPTY_AUX (13) -> MOVE_ARM_HOME (14)
2026-05-18 18:04:24 Handler State: MOVE_ARM_HOME (14) -> HANDLER_IDLE (1)
2026-05-18 18:04:55 Handler State: HANDLER_IDLE (1) -> HANDLER_START (2)
2026-05-18 18:04:56 Handler State: HANDLER_START (2) -> DECIDE_CART (3)
2026-05-18 18:04:56 Selection: Last resort, just pick the first IFS.
2026-05-18 18:04:56 Selection: Last resort, just pick the first cartridge.
2026-05-18 18:04:56 Selected Primary Cartridge: 1
2026-05-18 18:04:56 Selected Primary Station: 102
2026-05-18 18:04:56 Selected Secondary Cartridge: 0
2026-05-18 18:04:56 Selected Secondary Station: 0
2026-05-18 18:04:56 Selected Filling Volume: 566
2026-05-18 18:04:56 Handler State: DECIDE_CART (3) -> CHECK_SEC_CART (26)
2026-05-18 18:04:56 Handler State: CHECK_SEC_CART (26) -> PROBE_CART (24)
2026-05-18 18:04:56 CartMove: Exchange 1, from 102
2026-05-18 18:04:56 CartMoveState: IDLE (1) -> FROM_MOVE (3)
2026-05-18 18:04:56 CartMoveState: FROM_MOVE (3) -> FROM_PROBE (19)
2026-05-18 18:04:58 Handler State: PROBE_CART (24) -> PROCESS_CART (6)
2026-05-18 18:05:34 Setting CBS color valve (FillIFS): 1
2026-05-18 18:05:35 Primed volume (FillIFS): 4.48144
2026-05-18 18:05:35 Re-Calculated Filling Volume: 566
2026-05-18 18:05:35 Setting CBS color valve (FillCart): 1
2026-05-18 18:05:57 Handler State: PROCESS_CART (6) -> EXCHANGE_ONE (7)
2026-05-18 18:05:57 CartMove: Exchange 1, from 102
2026-05-18 18:05:57 CartMoveState: FROM_PROBE (19) -> FROM_CART (4)
2026-05-18 18:06:04 Setting CBS color valve (Finished): 0
2026-05-18 18:06:06 CartMoveState: FROM_CART (4) -> TO_MOVE (10)
2026-05-18 18:06:08 CartMoveState: TO_MOVE (10) -> EXCH_1_WAIT (14)
2026-05-18 18:06:08 Handler State: EXCHANGE_ONE (7) -> START_DCU (8)
2026-05-18 18:07:34 Handler State: START_DCU (8) -> EXCHANGE_TWO (9)
2026-05-18 18:07:34 CartMove: Exchange 2
2026-05-18 18:07:45 CartMoveState: EXCH_1_WAIT (14) -> EXCH_1_CART (15)
2026-05-18 18:07:48 CartMoveState: EXCH_1_CART (15) -> EXCH_2_MOVE (16)
2026-05-18 18:07:49 CartMoveState: EXCH_2_MOVE (16) -> EXCH_2_CART (17)
2026-05-18 18:07:51 CartMoveState: EXCH_2_CART (17) -> STORE_DECIDE (18)
2026-05-18 18:07:51 Used volume for last job: 264.49
2026-05-18 18:07:51 Handler State: EXCHANGE_TWO (9) -> WAIT_FOR_DCU (10)
2026-05-18 18:07:53 Handler State: WAIT_FOR_DCU (10) -> EXCHANGE_THREE (11)
2026-05-18 18:07:53 CartMove: Exchange 3
2026-05-18 18:07:53 CartMoveState: STORE_DECIDE (18) -> AUX_DECIDE (5)
2026-05-18 18:07:53 CartMoveState: AUX_DECIDE (5) -> TO_MOVE (10)
2026-05-18 18:07:54 CartMoveState: TO_MOVE (10) -> TO_CART (11)
2026-05-18 18:07:56 CartMoveState: TO_CART (11) -> HOME_MOVE (12)
2026-05-18 18:07:58 CartMoveState: HOME_MOVE (12) -> HALT (13)
2026-05-18 18:07:58 CartMoveState: HALT (13) -> IDLE (1)
2026-05-18 18:07:58 Handler State: EXCHANGE_THREE (11) -> POST_PROCESS (12)
2026-05-18 18:07:58 Handler State: POST_PROCESS (12) -> MOVE_ARM_HOME (14)
2026-05-18 18:07:58 Handler State: MOVE_ARM_HOME (14) -> HANDLER_IDLE (1)
2026-05-18 18:09:00 Handler State: HANDLER_IDLE (1) -> HANDLER_START (2)
2026-05-18 18:09:00 Handler State: HANDLER_START (2) -> DECIDE_CART (3)
2026-05-18 18:09:00 Selection: Last resort, just pick the first IFS.
2026-05-18 18:09:00 Selection: Last resort, just pick the first cartridge.
2026-05-18 18:09:01 Selected Primary Cartridge: 3
2026-05-18 18:09:01 Selected Primary Station: 104
2026-05-18 18:09:01 Selected Secondary Cartridge: 0
2026-05-18 18:09:01 Selected Secondary Station: 0
2026-05-18 18:09:01 Selected Filling Volume: 515
2026-05-18 18:09:01 Handler State: DECIDE_CART (3) -> CHECK_SEC_CART (26)
2026-05-18 18:09:01 Handler State: CHECK_SEC_CART (26) -> PROBE_CART (24)
2026-05-18 18:09:01 CartMove: Exchange 1, from 104
2026-05-18 18:09:01 CartMoveState: IDLE (1) -> FROM_MOVE (3)
2026-05-18 18:09:01 CartMoveState: FROM_MOVE (3) -> FROM_PROBE (19)
2026-05-18 18:09:03 Handler State: PROBE_CART (24) -> PROCESS_CART (6)
2026-05-18 18:09:36 Setting CBS color valve (FillIFS): 1
2026-05-18 18:09:37 Primed volume (FillIFS): 4.60402
2026-05-18 18:09:37 Re-Calculated Filling Volume: 515
2026-05-18 18:09:37 Setting CBS color valve (FillCart): 1
2026-05-18 18:10:01 Handler State: PROCESS_CART (6) -> EXCHANGE_ONE (7)
2026-05-18 18:10:01 CartMove: Exchange 1, from 104
2026-05-18 18:10:01 CartMoveState: FROM_PROBE (19) -> FROM_CART (4)
2026-05-18 18:10:06 Setting CBS color valve (Finished): 0
2026-05-18 18:10:08 CartMoveState: FROM_CART (4) -> TO_MOVE (10)
2026-05-18 18:10:10 CartMoveState: TO_MOVE (10) -> EXCH_1_WAIT (14)
2026-05-18 18:10:10 Handler State: EXCHANGE_ONE (7) -> START_DCU (8)
2026-05-18 18:12:39 Handler State: START_DCU (8) -> EXCHANGE_TWO (9)
2026-05-18 18:12:39 CartMove: Exchange 2
2026-05-18 18:12:50 CartMoveState: EXCH_1_WAIT (14) -> EXCH_1_CART (15)
2026-05-18 18:12:53 CartMoveState: EXCH_1_CART (15) -> EXCH_2_MOVE (16)
2026-05-18 18:12:53 CartMoveState: EXCH_2_MOVE (16) -> EXCH_2_CART (17)
2026-05-18 18:12:55 CartMoveState: EXCH_2_CART (17) -> STORE_DECIDE (18)
2026-05-18 18:12:55 Used volume for last job: 513.198
2026-05-18 18:12:55 Handler State: EXCHANGE_TWO (9) -> WAIT_FOR_DCU (10)
2026-05-18 18:12:57 Handler State: WAIT_FOR_DCU (10) -> EXCHANGE_THREE (11)
2026-05-18 18:12:57 CartMove: Exchange 3
2026-05-18 18:12:57 CartMoveState: STORE_DECIDE (18) -> AUX_DECIDE (5)
2026-05-18 18:12:57 CartMoveState: AUX_DECIDE (5) -> TO_MOVE (10)
2026-05-18 18:12:57 CartMoveState: TO_MOVE (10) -> TO_CART (11)
2026-05-18 18:12:59 CartMoveState: TO_CART (11) -> HOME_MOVE (12)
2026-05-18 18:12:59 CartMoveState: HOME_MOVE (12) -> HALT (13)
2026-05-18 18:12:59 CartMoveState: HALT (13) -> IDLE (1)
2026-05-18 18:12:59 Handler State: EXCHANGE_THREE (11) -> POST_PROCESS (12)
2026-05-18 18:12:59 Handler State: POST_PROCESS (12) -> MOVE_ARM_HOME (14)
2026-05-18 18:12:59 Handler State: MOVE_ARM_HOME (14) -> HANDLER_IDLE (1)
2026-05-18 18:17:41 Handler State: HANDLER_IDLE (1) -> SEMI_START (15)
2026-05-18 18:17:41 Handler State: SEMI_START (15) -> SEMI_PROBE_CART (25)
2026-05-18 18:17:43 Handler State: SEMI_PROBE_CART (25) -> SEMI_PROCESS (16)
2026-05-18 18:18:17 Re-Calculated Filling Volume: 0
2026-05-18 18:18:22 Setting CBS color valve (Finished): 0
2026-05-18 18:18:22 Handler State: SEMI_PROCESS (16) -> SEMI_WHAT_NEXT (21)
2026-05-18 18:18:22 Handler State: SEMI_WHAT_NEXT (21) -> SEMI_FINISHED (23)
2026-05-18 18:18:22 Handler State: SEMI_FINISHED (23) -> HANDLER_IDLE (1)
2026-05-18 18:18:39 Handler State: HANDLER_IDLE (1) -> HANDLER_START (2)
2026-05-18 18:18:40 Handler State: HANDLER_START (2) -> DECIDE_CART (3)
2026-05-18 18:18:40 Selection: IFS is clean and its cartridge is cleaned.
2026-05-18 18:18:40 Selected Primary Cartridge: 2
2026-05-18 18:18:40 Selected Primary Station: 103
2026-05-18 18:18:40 Selected Secondary Cartridge: 0
2026-05-18 18:18:40 Selected Secondary Station: 0
2026-05-18 18:18:40 Selected Filling Volume: 365
2026-05-18 18:18:40 Handler State: DECIDE_CART (3) -> CHECK_SEC_CART (26)
2026-05-18 18:18:40 Handler State: CHECK_SEC_CART (26) -> PROBE_CART (24)
2026-05-18 18:18:40 CartMove: Exchange 1, from 103
2026-05-18 18:18:40 CartMoveState: IDLE (1) -> FROM_MOVE (3)
2026-05-18 18:18:40 CartMoveState: FROM_MOVE (3) -> FROM_PROBE (19)
2026-05-18 18:18:42 Handler State: PROBE_CART (24) -> PROCESS_CART (6)
2026-05-18 18:18:42 Setting CBS color valve (FillIFS): 1
2026-05-18 18:18:43 Primed volume (FillIFS): 4.51385
2026-05-18 18:18:43 Re-Calculated Filling Volume: 365
2026-05-18 18:18:43 Setting CBS color valve (FillCart): 1
2026-05-18 18:19:01 Handler State: PROCESS_CART (6) -> EXCHANGE_ONE (7)
2026-05-18 18:19:01 CartMove: Exchange 1, from 103
2026-05-18 18:19:01 CartMoveState: FROM_PROBE (19) -> FROM_CART (4)
2026-05-18 18:19:06 Setting CBS color valve (Finished): 0
2026-05-18 18:19:08 CartMoveState: FROM_CART (4) -> TO_MOVE (10)
2026-05-18 18:19:10 CartMoveState: TO_MOVE (10) -> EXCH_1_WAIT (14)
2026-05-18 18:19:10 Handler State: EXCHANGE_ONE (7) -> START_DCU (8)
2026-05-18 18:19:10 Handler State: START_DCU (8) -> EXCHANGE_TWO (9)
2026-05-18 18:19:10 CartMove: Exchange 2
2026-05-18 18:19:10 CartMoveState: EXCH_1_WAIT (14) -> EXCH_1_CART (15)
2026-05-18 18:19:13 CartMoveState: EXCH_1_CART (15) -> EXCH_2_MOVE (16)
2026-05-18 18:19:14 CartMoveState: EXCH_2_MOVE (16) -> EXCH_2_CART (17)
2026-05-18 18:19:16 CartMoveState: EXCH_2_CART (17) -> STORE_DECIDE (18)
2026-05-18 18:19:16 Used volume for last job: 463.142
2026-05-18 18:19:16 Handler State: EXCHANGE_TWO (9) -> WAIT_FOR_DCU (10)
2026-05-18 18:19:17 Handler State: WAIT_FOR_DCU (10) -> EXCHANGE_THREE (11)
2026-05-18 18:19:18 CartMove: Exchange 3
2026-05-18 18:19:18 CartMoveState: STORE_DECIDE (18) -> AUX_DECIDE (5)
2026-05-18 18:19:18 CartMoveState: AUX_DECIDE (5) -> TO_MOVE (10)
2026-05-18 18:19:18 CartMoveState: TO_MOVE (10) -> TO_CART (11)
2026-05-18 18:19:20 CartMoveState: TO_CART (11) -> HOME_MOVE (12)
2026-05-18 18:19:21 CartMoveState: HOME_MOVE (12) -> HALT (13)
2026-05-18 18:19:21 CartMoveState: HALT (13) -> IDLE (1)
2026-05-18 18:19:21 Handler State: EXCHANGE_THREE (11) -> POST_PROCESS (12)
2026-05-18 18:19:21 Handler State: POST_PROCESS (12) -> MOVE_ARM_HOME (14)
2026-05-18 18:19:22 Handler State: MOVE_ARM_HOME (14) -> HANDLER_IDLE (1)
2026-05-18 18:42:45 Handler State: HANDLER_IDLE (1) -> HANDLER_START (2)
2026-05-18 18:42:46 Handler State: HANDLER_START (2) -> DECIDE_CART (3)
2026-05-18 18:42:46 Selection: Last resort, just pick the first IFS.
2026-05-18 18:42:46 Selection: Last resort, just pick the first cartridge.
2026-05-18 18:42:46 Selected Primary Cartridge: 1
2026-05-18 18:42:46 Selected Primary Station: 102
2026-05-18 18:42:46 Selected Secondary Cartridge: 0
2026-05-18 18:42:46 Selected Secondary Station: 0
2026-05-18 18:42:46 Selected Filling Volume: 299
2026-05-18 18:42:46 Handler State: DECIDE_CART (3) -> CHECK_SEC_CART (26)
2026-05-18 18:42:46 Handler State: CHECK_SEC_CART (26) -> PROBE_CART (24)
2026-05-18 18:42:46 CartMove: Exchange 1, from 102
2026-05-18 18:42:46 CartMoveState: IDLE (1) -> FROM_MOVE (3)
2026-05-18 18:42:46 CartMoveState: FROM_MOVE (3) -> FROM_PROBE (19)
2026-05-18 18:42:48 Handler State: PROBE_CART (24) -> PROCESS_CART (6)
2026-05-18 18:43:24 Setting CBS color valve (FillIFS): 2
2026-05-18 18:43:25 Primed volume (FillIFS): 1.52025
2026-05-18 18:43:25 Re-Calculated Filling Volume: 299
2026-05-18 18:43:25 Setting CBS color valve (FillCart): 2
2026-05-18 18:43:41 Handler State: PROCESS_CART (6) -> EXCHANGE_ONE (7)
2026-05-18 18:43:41 CartMove: Exchange 1, from 102
2026-05-18 18:43:41 CartMoveState: FROM_PROBE (19) -> FROM_CART (4)
2026-05-18 18:43:48 Setting CBS color valve (Finished): 0
2026-05-18 18:43:50 CartMoveState: FROM_CART (4) -> TO_MOVE (10)
2026-05-18 18:43:52 CartMoveState: TO_MOVE (10) -> EXCH_1_WAIT (14)
2026-05-18 18:43:52 Handler State: EXCHANGE_ONE (7) -> START_DCU (8)
2026-05-18 18:43:52 Handler State: START_DCU (8) -> EXCHANGE_TWO (9)
2026-05-18 18:43:52 CartMove: Exchange 2
2026-05-18 18:43:52 CartMoveState: EXCH_1_WAIT (14) -> EXCH_1_CART (15)
2026-05-18 18:43:55 CartMoveState: EXCH_1_CART (15) -> EXCH_2_MOVE (16)
2026-05-18 18:43:56 CartMoveState: EXCH_2_MOVE (16) -> EXCH_2_CART (17)
2026-05-18 18:43:58 CartMoveState: EXCH_2_CART (17) -> STORE_DECIDE (18)
2026-05-18 18:43:58 Used volume for last job: 314.41
2026-05-18 18:43:58 Handler State: EXCHANGE_TWO (9) -> WAIT_FOR_DCU (10)
2026-05-18 18:43:59 Handler State: WAIT_FOR_DCU (10) -> EXCHANGE_THREE (11)
2026-05-18 18:43:59 CartMove: Exchange 3
2026-05-18 18:43:59 CartMoveState: STORE_DECIDE (18) -> AUX_DECIDE (5)
2026-05-18 18:43:59 CartMoveState: AUX_DECIDE (5) -> TO_MOVE (10)
2026-05-18 18:44:00 CartMoveState: TO_MOVE (10) -> TO_CART (11)
2026-05-18 18:44:02 CartMoveState: TO_CART (11) -> HOME_MOVE (12)
2026-05-18 18:44:03 CartMoveState: HOME_MOVE (12) -> HALT (13)
2026-05-18 18:44:03 CartMoveState: HALT (13) -> IDLE (1)
2026-05-18 18:44:03 Handler State: EXCHANGE_THREE (11) -> POST_PROCESS (12)
2026-05-18 18:44:03 Handler State: POST_PROCESS (12) -> MOVE_ARM_HOME (14)
2026-05-18 18:44:03 Handler State: MOVE_ARM_HOME (14) -> HANDLER_IDLE (1)
2026-05-18 18:44:29 Handler State: HANDLER_IDLE (1) -> HANDLER_START (2)
2026-05-18 18:44:30 Handler State: HANDLER_START (2) -> DECIDE_CART (3)
2026-05-18 18:44:30 Selection: Last resort, just pick the first IFS.
2026-05-18 18:44:30 Selection: Cartridge has correct material.
2026-05-18 18:44:30 Selected Primary Cartridge: 6
2026-05-18 18:44:30 Selected Primary Station: 104
2026-05-18 18:44:30 Selected Secondary Cartridge: 0
2026-05-18 18:44:30 Selected Secondary Station: 0
2026-05-18 18:44:30 Selected Filling Volume: 521
2026-05-18 18:44:30 Handler State: DECIDE_CART (3) -> REMOVE_CART (4)
2026-05-18 18:44:30 CartMove: Move, from 104 to 108
2026-05-18 18:44:30 CartMoveState: IDLE (1) -> FROM_MOVE (3)
2026-05-18 18:44:31 CartMoveState: FROM_MOVE (3) -> FROM_CART (4)
2026-05-18 18:44:34 CartMoveState: FROM_CART (4) -> AUX_DECIDE (5)
2026-05-18 18:44:34 CartMoveState: AUX_DECIDE (5) -> TO_MOVE (10)
2026-05-18 18:44:35 CartMoveState: TO_MOVE (10) -> TO_CART (11)
2026-05-18 18:44:37 CartMoveState: TO_CART (11) -> HOME_MOVE (12)
2026-05-18 18:44:39 CartMoveState: HOME_MOVE (12) -> HALT (13)
2026-05-18 18:44:39 CartMoveState: HALT (13) -> IDLE (1)
2026-05-18 18:44:39 Handler State: REMOVE_CART (4) -> PLACE_CART (5)
2026-05-18 18:44:39 CartMove: Move, from 107 to 104
2026-05-18 18:44:39 CartMoveState: IDLE (1) -> FROM_MOVE (3)
2026-05-18 18:44:40 CartMoveState: FROM_MOVE (3) -> FROM_CART (4)
2026-05-18 18:44:43 CartMoveState: FROM_CART (4) -> AUX_DECIDE (5)
2026-05-18 18:44:43 CartMoveState: AUX_DECIDE (5) -> TO_MOVE (10)
2026-05-18 18:44:44 CartMoveState: TO_MOVE (10) -> TO_CART (11)
2026-05-18 18:44:46 CartMoveState: TO_CART (11) -> HOME_MOVE (12)
2026-05-18 18:44:47 CartMoveState: HOME_MOVE (12) -> HALT (13)
2026-05-18 18:44:47 CartMoveState: HALT (13) -> IDLE (1)
2026-05-18 18:44:47 Handler State: PLACE_CART (5) -> CHECK_SEC_CART (26)
2026-05-18 18:44:47 Handler State: CHECK_SEC_CART (26) -> PROBE_CART (24)
2026-05-18 18:44:47 CartMove: Exchange 1, from 104
2026-05-18 18:44:47 CartMoveState: IDLE (1) -> FROM_MOVE (3)
2026-05-18 18:44:48 CartMoveState: FROM_MOVE (3) -> FROM_PROBE (19)
2026-05-18 18:44:50 Handler State: PROBE_CART (24) -> PROCESS_CART (6)
2026-05-18 18:45:22 Setting CBS color valve (FillIFS): 2
2026-05-18 18:45:24 Primed volume (FillIFS): 4.32859
2026-05-18 18:45:24 Re-Calculated Filling Volume: 521
2026-05-18 18:45:24 Setting CBS color valve (FillCart): 2
2026-05-18 18:45:47 Handler State: PROCESS_CART (6) -> EXCHANGE_ONE (7)
2026-05-18 18:45:47 CartMove: Exchange 1, from 104
2026-05-18 18:45:47 CartMoveState: FROM_PROBE (19) -> FROM_CART (4)
2026-05-18 18:45:53 Setting CBS color valve (Finished): 0
2026-05-18 18:45:55 CartMoveState: FROM_CART (4) -> TO_MOVE (10)
2026-05-18 18:45:57 CartMoveState: TO_MOVE (10) -> EXCH_1_WAIT (14)
2026-05-18 18:45:57 Handler State: EXCHANGE_ONE (7) -> START_DCU (8)
2026-05-18 18:47:20 Handler State: START_DCU (8) -> EXCHANGE_TWO (9)
2026-05-18 18:47:20 CartMove: Exchange 2
2026-05-18 18:47:31 CartMoveState: EXCH_1_WAIT (14) -> EXCH_1_CART (15)
2026-05-18 18:47:34 CartMoveState: EXCH_1_CART (15) -> EXCH_2_MOVE (16)
2026-05-18 18:47:35 CartMoveState: EXCH_2_MOVE (16) -> EXCH_2_CART (17)
2026-05-18 18:47:37 CartMoveState: EXCH_2_CART (17) -> STORE_DECIDE (18)
2026-05-18 18:47:37 Used volume for last job: 248.374
2026-05-18 18:47:37 Handler State: EXCHANGE_TWO (9) -> WAIT_FOR_DCU (10)
2026-05-18 18:47:39 Handler State: WAIT_FOR_DCU (10) -> EXCHANGE_THREE (11)
2026-05-18 18:47:39 CartMove: Exchange 3
2026-05-18 18:47:39 CartMoveState: STORE_DECIDE (18) -> AUX_DECIDE (5)
2026-05-18 18:47:39 CartMoveState: AUX_DECIDE (5) -> TO_MOVE (10)
2026-05-18 18:47:39 CartMoveState: TO_MOVE (10) -> TO_CART (11)
2026-05-18 18:47:41 CartMoveState: TO_CART (11) -> HOME_MOVE (12)
2026-05-18 18:47:41 CartMoveState: HOME_MOVE (12) -> HALT (13)
2026-05-18 18:47:41 CartMoveState: HALT (13) -> IDLE (1)
2026-05-18 18:47:41 Handler State: EXCHANGE_THREE (11) -> POST_PROCESS (12)
2026-05-18 18:47:41 Handler State: POST_PROCESS (12) -> EMPTY_AUX (13)
2026-05-18 18:47:41 CartMove: Move, from 108 to 104
2026-05-18 18:47:41 CartMoveState: IDLE (1) -> FROM_MOVE (3)
2026-05-18 18:47:43 CartMoveState: FROM_MOVE (3) -> FROM_CART (4)
2026-05-18 18:47:45 CartMoveState: FROM_CART (4) -> AUX_DECIDE (5)
2026-05-18 18:47:45 CartMoveState: AUX_DECIDE (5) -> TO_MOVE (10)
2026-05-18 18:47:47 CartMoveState: TO_MOVE (10) -> TO_CART (11)
2026-05-18 18:47:49 CartMoveState: TO_CART (11) -> HOME_MOVE (12)
2026-05-18 18:47:50 CartMoveState: HOME_MOVE (12) -> HALT (13)
2026-05-18 18:47:50 CartMoveState: HALT (13) -> IDLE (1)
2026-05-18 18:47:50 Handler State: EMPTY_AUX (13) -> MOVE_ARM_HOME (14)
2026-05-18 18:47:50 Handler State: MOVE_ARM_HOME (14) -> HANDLER_IDLE (1)
2026-05-18 18:49:10 Handler State: HANDLER_IDLE (1) -> HANDLER_START (2)
2026-05-18 18:49:11 Handler State: HANDLER_START (2) -> DECIDE_CART (3)
2026-05-18 18:49:11 Selection: Last resort, just pick the first IFS.
2026-05-18 18:49:11 Selection: Last resort, just pick the first cartridge.
2026-05-18 18:49:11 Selected Primary Cartridge: 2
2026-05-18 18:49:11 Selected Primary Station: 103
2026-05-18 18:49:11 Selected Secondary Cartridge: 0
2026-05-18 18:49:11 Selected Secondary Station: 0
2026-05-18 18:49:11 Selected Filling Volume: 559
2026-05-18 18:49:11 Handler State: DECIDE_CART (3) -> CHECK_SEC_CART (26)
2026-05-18 18:49:11 Handler State: CHECK_SEC_CART (26) -> PROBE_CART (24)
2026-05-18 18:49:11 CartMove: Exchange 1, from 103
2026-05-18 18:49:11 CartMoveState: IDLE (1) -> FROM_MOVE (3)
2026-05-18 18:49:11 CartMoveState: FROM_MOVE (3) -> FROM_PROBE (19)
2026-05-18 18:49:13 Handler State: PROBE_CART (24) -> PROCESS_CART (6)
2026-05-18 18:49:45 Setting CBS color valve (FillIFS): 2
2026-05-18 18:49:46 Primed volume (FillIFS): 3.98752
2026-05-18 18:49:46 Re-Calculated Filling Volume: 559
2026-05-18 18:49:46 Setting CBS color valve (FillCart): 2
2026-05-18 18:50:08 Handler State: PROCESS_CART (6) -> EXCHANGE_ONE (7)
2026-05-18 18:50:08 CartMove: Exchange 1, from 103
2026-05-18 18:50:08 CartMoveState: FROM_PROBE (19) -> FROM_CART (4)
2026-05-18 18:50:14 Setting CBS color valve (Finished): 0
2026-05-18 18:50:16 CartMoveState: FROM_CART (4) -> TO_MOVE (10)
2026-05-18 18:50:17 CartMoveState: TO_MOVE (10) -> EXCH_1_WAIT (14)
2026-05-18 18:50:17 Handler State: EXCHANGE_ONE (7) -> START_DCU (8)
2026-05-18 18:52:51 Handler State: START_DCU (8) -> EXCHANGE_TWO (9)
2026-05-18 18:52:52 CartMove: Exchange 2
2026-05-18 18:53:02 CartMoveState: EXCH_1_WAIT (14) -> EXCH_1_CART (15)
2026-05-18 18:53:05 CartMoveState: EXCH_1_CART (15) -> EXCH_2_MOVE (16)
2026-05-18 18:53:06 CartMoveState: EXCH_2_MOVE (16) -> EXCH_2_CART (17)
2026-05-18 18:53:08 CartMoveState: EXCH_2_CART (17) -> STORE_DECIDE (18)
2026-05-18 18:53:08 Used volume for last job: 468.704
2026-05-18 18:53:08 Handler State: EXCHANGE_TWO (9) -> WAIT_FOR_DCU (10)
2026-05-18 18:53:09 Handler State: WAIT_FOR_DCU (10) -> EXCHANGE_THREE (11)
2026-05-18 18:53:09 CartMove: Exchange 3
2026-05-18 18:53:09 CartMoveState: STORE_DECIDE (18) -> AUX_DECIDE (5)
2026-05-18 18:53:09 CartMoveState: AUX_DECIDE (5) -> TO_MOVE (10)
2026-05-18 18:53:11 CartMoveState: TO_MOVE (10) -> TO_CART (11)
2026-05-18 18:53:13 CartMoveState: TO_CART (11) -> HOME_MOVE (12)
2026-05-18 18:53:15 CartMoveState: HOME_MOVE (12) -> HALT (13)
2026-05-18 18:53:15 CartMoveState: HALT (13) -> IDLE (1)
2026-05-18 18:53:15 Handler State: EXCHANGE_THREE (11) -> POST_PROCESS (12)
2026-05-18 18:53:15 Handler State: POST_PROCESS (12) -> MOVE_ARM_HOME (14)
2026-05-18 18:53:15 Handler State: MOVE_ARM_HOME (14) -> HANDLER_IDLE (1)
2026-05-18 18:55:40 Handler State: HANDLER_IDLE (1) -> HANDLER_START (2)
2026-05-18 18:55:41 Handler State: HANDLER_START (2) -> DECIDE_CART (3)
2026-05-18 18:55:41 Selection: Last resort, just pick the first IFS.
2026-05-18 18:55:41 Selection: Last resort, just pick the first cartridge.
2026-05-18 18:55:41 Selected Primary Cartridge: 3
2026-05-18 18:55:41 Selected Primary Station: 104
2026-05-18 18:55:41 Selected Secondary Cartridge: 0
2026-05-18 18:55:41 Selected Secondary Station: 0
2026-05-18 18:55:41 Selected Filling Volume: 317
2026-05-18 18:55:41 Handler State: DECIDE_CART (3) -> CHECK_SEC_CART (26)
2026-05-18 18:55:41 Handler State: CHECK_SEC_CART (26) -> PROBE_CART (24)
2026-05-18 18:55:41 CartMove: Exchange 1, from 104
2026-05-18 18:55:41 CartMoveState: IDLE (1) -> FROM_MOVE (3)
2026-05-18 18:55:42 CartMoveState: FROM_MOVE (3) -> FROM_PROBE (19)
2026-05-18 18:55:43 Handler State: PROBE_CART (24) -> PROCESS_CART (6)
2026-05-18 18:56:15 Setting CBS color valve (FillIFS): 1
2026-05-18 18:56:17 Primed volume (FillIFS): 0.447158
2026-05-18 18:56:17 Re-Calculated Filling Volume: 317
2026-05-18 18:56:17 Setting CBS color valve (FillCart): 1
2026-05-18 18:56:36 Handler State: PROCESS_CART (6) -> EXCHANGE_ONE (7)
2026-05-18 18:56:36 CartMove: Exchange 1, from 104
2026-05-18 18:56:36 CartMoveState: FROM_PROBE (19) -> FROM_CART (4)
2026-05-18 18:56:42 Setting CBS color valve (Finished): 0
2026-05-18 18:56:43 CartMoveState: FROM_CART (4) -> TO_MOVE (10)
2026-05-18 18:56:45 CartMoveState: TO_MOVE (10) -> EXCH_1_WAIT (14)
2026-05-18 18:56:45 Handler State: EXCHANGE_ONE (7) -> START_DCU (8)
2026-05-18 18:58:04 Handler State: START_DCU (8) -> EXCHANGE_TWO (9)
2026-05-18 18:58:04 CartMove: Exchange 2
2026-05-18 18:58:15 CartMoveState: EXCH_1_WAIT (14) -> EXCH_1_CART (15)
2026-05-18 18:58:17 CartMoveState: EXCH_1_CART (15) -> EXCH_2_MOVE (16)
2026-05-18 18:58:19 CartMoveState: EXCH_2_MOVE (16) -> EXCH_2_CART (17)
2026-05-18 18:58:21 CartMoveState: EXCH_2_CART (17) -> STORE_DECIDE (18)
2026-05-18 18:58:21 Used volume for last job: 506.846
2026-05-18 18:58:21 Handler State: EXCHANGE_TWO (9) -> WAIT_FOR_DCU (10)
2026-05-18 18:58:22 Handler State: WAIT_FOR_DCU (10) -> EXCHANGE_THREE (11)
2026-05-18 18:58:22 CartMove: Exchange 3
2026-05-18 18:58:22 CartMoveState: STORE_DECIDE (18) -> AUX_DECIDE (5)
2026-05-18 18:58:22 CartMoveState: AUX_DECIDE (5) -> TO_MOVE (10)
2026-05-18 18:58:23 CartMoveState: TO_MOVE (10) -> TO_CART (11)
2026-05-18 18:58:25 CartMoveState: TO_CART (11) -> HOME_MOVE (12)
2026-05-18 18:58:26 CartMoveState: HOME_MOVE (12) -> HALT (13)
2026-05-18 18:58:26 CartMoveState: HALT (13) -> IDLE (1)
2026-05-18 18:58:26 Handler State: EXCHANGE_THREE (11) -> POST_PROCESS (12)
2026-05-18 18:58:26 Handler State: POST_PROCESS (12) -> MOVE_ARM_HOME (14)
2026-05-18 18:58:26 Handler State: MOVE_ARM_HOME (14) -> HANDLER_IDLE (1)
2026-05-18 19:02:11 Handler State: HANDLER_IDLE (1) -> SEMI_START (15)
2026-05-18 19:02:11 Handler State: SEMI_START (15) -> SEMI_TO_IFS (18)
2026-05-18 19:02:11 CartMove: Move, from 107 to 104
2026-05-18 19:02:11 CartMoveState: IDLE (1) -> FROM_MOVE (3)
2026-05-18 19:02:13 CartMoveState: FROM_MOVE (3) -> FROM_CART (4)
2026-05-18 19:02:15 CartMoveState: FROM_CART (4) -> AUX_DECIDE (5)
2026-05-18 19:02:15 CartMoveState: AUX_DECIDE (5) -> TO_MOVE (10)
2026-05-18 19:02:17 CartMoveState: TO_MOVE (10) -> TO_CART (11)
2026-05-18 19:02:19 CartMoveState: TO_CART (11) -> HOME_MOVE (12)
2026-05-18 19:02:20 CartMoveState: HOME_MOVE (12) -> HALT (13)
2026-05-18 19:02:20 CartMoveState: HALT (13) -> IDLE (1)
2026-05-18 19:02:20 Handler State: SEMI_TO_IFS (18) -> SEMI_PROBE_CART (25)
2026-05-18 19:02:23 Handler State: SEMI_PROBE_CART (25) -> SEMI_PROCESS (16)
2026-05-18 19:02:56 Re-Calculated Filling Volume: 0
2026-05-18 19:03:01 Setting CBS color valve (Finished): 0
2026-05-18 19:03:01 Handler State: SEMI_PROCESS (16) -> SEMI_FROM_IFS (20)
2026-05-18 19:03:01 CartMove: Move, from 104 to 107
2026-05-18 19:03:01 CartMoveState: IDLE (1) -> FROM_MOVE (3)
2026-05-18 19:03:01 CartMoveState: FROM_MOVE (3) -> FROM_CART (4)
2026-05-18 19:03:04 CartMoveState: FROM_CART (4) -> AUX_DECIDE (5)
2026-05-18 19:03:04 CartMoveState: AUX_DECIDE (5) -> TO_MOVE (10)
2026-05-18 19:03:06 CartMoveState: TO_MOVE (10) -> TO_CART (11)
2026-05-18 19:03:08 CartMoveState: TO_CART (11) -> HOME_MOVE (12)
2026-05-18 19:03:09 CartMoveState: HOME_MOVE (12) -> HALT (13)
2026-05-18 19:03:09 CartMoveState: HALT (13) -> IDLE (1)
2026-05-18 19:03:09 Handler State: SEMI_FROM_IFS (20) -> SEMI_WHAT_NEXT (21)
2026-05-18 19:03:09 Handler State: SEMI_WHAT_NEXT (21) -> SEMI_FINISHED (23)
2026-05-18 19:03:09 Handler State: SEMI_FINISHED (23) -> HANDLER_IDLE (1)
2026-05-18 19:06:34 Handler State: HANDLER_IDLE (1) -> HANDLER_START (2)
2026-05-18 19:06:35 Handler State: HANDLER_START (2) -> DECIDE_CART (3)
2026-05-18 19:06:35 Selection: IFS is clean.
2026-05-18 19:06:35 Selection: Cartridge is clean.
2026-05-18 19:06:35 Selected Primary Cartridge: 6
2026-05-18 19:06:35 Selected Primary Station: 104
2026-05-18 19:06:35 Selected Secondary Cartridge: 0
2026-05-18 19:06:35 Selected Secondary Station: 0
2026-05-18 19:06:35 Selected Filling Volume: 515
2026-05-18 19:06:35 Handler State: DECIDE_CART (3) -> PLACE_CART (5)
2026-05-18 19:06:35 CartMove: Move, from 107 to 104
2026-05-18 19:06:35 CartMoveState: IDLE (1) -> FROM_MOVE (3)
2026-05-18 19:06:36 CartMoveState: FROM_MOVE (3) -> FROM_CART (4)
2026-05-18 19:06:39 CartMoveState: FROM_CART (4) -> AUX_DECIDE (5)
2026-05-18 19:06:39 CartMoveState: AUX_DECIDE (5) -> TO_MOVE (10)
2026-05-18 19:06:40 CartMoveState: TO_MOVE (10) -> TO_CART (11)
2026-05-18 19:06:42 CartMoveState: TO_CART (11) -> HOME_MOVE (12)
2026-05-18 19:06:43 CartMoveState: HOME_MOVE (12) -> HALT (13)
2026-05-18 19:06:43 CartMoveState: HALT (13) -> IDLE (1)
2026-05-18 19:06:43 Handler State: PLACE_CART (5) -> CHECK_SEC_CART (26)
2026-05-18 19:06:43 Handler State: CHECK_SEC_CART (26) -> PROBE_CART (24)
2026-05-18 19:06:43 CartMove: Exchange 1, from 104
2026-05-18 19:06:43 CartMoveState: IDLE (1) -> FROM_MOVE (3)
2026-05-18 19:06:44 CartMoveState: FROM_MOVE (3) -> FROM_PROBE (19)
2026-05-18 19:06:46 Handler State: PROBE_CART (24) -> PROCESS_CART (6)
2026-05-18 19:06:46 Setting CBS color valve (FillIFS): 2
2026-05-18 19:06:47 Primed volume (FillIFS): 2.0955
2026-05-18 19:06:47 Re-Calculated Filling Volume: 515
2026-05-18 19:06:47 Setting CBS color valve (FillCart): 2
2026-05-18 19:07:09 Handler State: PROCESS_CART (6) -> EXCHANGE_ONE (7)
2026-05-18 19:07:09 CartMove: Exchange 1, from 104
2026-05-18 19:07:09 CartMoveState: FROM_PROBE (19) -> FROM_CART (4)
2026-05-18 19:07:15 Setting CBS color valve (Finished): 0
2026-05-18 19:07:17 CartMoveState: FROM_CART (4) -> TO_MOVE (10)
2026-05-18 19:07:19 CartMoveState: TO_MOVE (10) -> EXCH_1_WAIT (14)
2026-05-18 19:07:19 Handler State: EXCHANGE_ONE (7) -> START_DCU (8)
2026-05-18 19:07:19 Handler State: START_DCU (8) -> EXCHANGE_TWO (9)
2026-05-18 19:07:19 CartMove: Exchange 2
2026-05-18 19:07:19 CartMoveState: EXCH_1_WAIT (14) -> EXCH_1_CART (15)
2026-05-18 19:07:22 CartMoveState: EXCH_1_CART (15) -> EXCH_2_MOVE (16)
2026-05-18 19:07:23 CartMoveState: EXCH_2_MOVE (16) -> EXCH_2_CART (17)
2026-05-18 19:07:25 CartMoveState: EXCH_2_CART (17) -> STORE_DECIDE (18)
2026-05-18 19:07:25 Used volume for last job: 264.472
2026-05-18 19:07:25 Handler State: EXCHANGE_TWO (9) -> WAIT_FOR_DCU (10)
2026-05-18 19:07:26 Handler State: WAIT_FOR_DCU (10) -> EXCHANGE_THREE (11)
2026-05-18 19:07:26 CartMove: Exchange 3
2026-05-18 19:07:26 CartMoveState: STORE_DECIDE (18) -> AUX_DECIDE (5)
2026-05-18 19:07:26 CartMoveState: AUX_DECIDE (5) -> TO_MOVE (10)
2026-05-18 19:07:28 CartMoveState: TO_MOVE (10) -> TO_CART (11)
2026-05-18 19:07:30 CartMoveState: TO_CART (11) -> HOME_MOVE (12)
2026-05-18 19:07:31 CartMoveState: HOME_MOVE (12) -> HALT (13)
2026-05-18 19:07:31 CartMoveState: HALT (13) -> IDLE (1)
2026-05-18 19:07:31 Handler State: EXCHANGE_THREE (11) -> POST_PROCESS (12)
2026-05-18 19:07:31 Handler State: POST_PROCESS (12) -> MOVE_ARM_HOME (14)
2026-05-18 19:07:31 Handler State: MOVE_ARM_HOME (14) -> HANDLER_IDLE (1)
2026-05-18 19:09:14 Handler State: HANDLER_IDLE (1) -> HANDLER_START (2)
2026-05-18 19:09:14 Handler State: HANDLER_START (2) -> DECIDE_CART (3)
2026-05-18 19:09:14 Selection: Last resort, just pick the first IFS.
2026-05-18 19:09:14 Selection: Last resort, just pick the first cartridge.
2026-05-18 19:09:14 Selected Primary Cartridge: 1
2026-05-18 19:09:14 Selected Primary Station: 102
2026-05-18 19:09:14 Selected Secondary Cartridge: 0
2026-05-18 19:09:14 Selected Secondary Station: 0
2026-05-18 19:09:14 Selected Filling Volume: 367
2026-05-18 19:09:14 Handler State: DECIDE_CART (3) -> CHECK_SEC_CART (26)
2026-05-18 19:09:14 Handler State: CHECK_SEC_CART (26) -> PROBE_CART (24)
2026-05-18 19:09:14 CartMove: Exchange 1, from 102
2026-05-18 19:09:14 CartMoveState: IDLE (1) -> FROM_MOVE (3)
2026-05-18 19:09:15 CartMoveState: FROM_MOVE (3) -> FROM_PROBE (19)
2026-05-18 19:09:17 Handler State: PROBE_CART (24) -> PROCESS_CART (6)
2026-05-18 19:09:53 Setting CBS color valve (FillIFS): 1
2026-05-18 19:09:54 Primed volume (FillIFS): 3.81138
2026-05-18 19:09:54 Re-Calculated Filling Volume: 367
2026-05-18 19:09:54 Setting CBS color valve (FillCart): 1
2026-05-18 19:10:15 Handler State: PROCESS_CART (6) -> EXCHANGE_ONE (7)
2026-05-18 19:10:15 CartMove: Exchange 1, from 102
2026-05-18 19:10:15 CartMoveState: FROM_PROBE (19) -> FROM_CART (4)
2026-05-18 19:10:22 Setting CBS color valve (Finished): 0
2026-05-18 19:10:24 CartMoveState: FROM_CART (4) -> TO_MOVE (10)
2026-05-18 19:10:25 CartMoveState: TO_MOVE (10) -> EXCH_1_WAIT (14)
2026-05-18 19:10:25 Handler State: EXCHANGE_ONE (7) -> START_DCU (8)
2026-05-18 19:11:53 Handler State: START_DCU (8) -> EXCHANGE_TWO (9)
2026-05-18 19:11:53 CartMove: Exchange 2
2026-05-18 19:12:04 CartMoveState: EXCH_1_WAIT (14) -> EXCH_1_CART (15)
2026-05-18 19:12:07 CartMoveState: EXCH_1_CART (15) -> EXCH_2_MOVE (16)
2026-05-18 19:12:08 CartMoveState: EXCH_2_MOVE (16) -> EXCH_2_CART (17)
2026-05-18 19:12:10 CartMoveState: EXCH_2_CART (17) -> STORE_DECIDE (18)
2026-05-18 19:12:10 Used volume for last job: 463.025
2026-05-18 19:12:10 Handler State: EXCHANGE_TWO (9) -> WAIT_FOR_DCU (10)
2026-05-18 19:12:12 Handler State: WAIT_FOR_DCU (10) -> EXCHANGE_THREE (11)
2026-05-18 19:12:12 CartMove: Exchange 3
2026-05-18 19:12:12 CartMoveState: STORE_DECIDE (18) -> AUX_DECIDE (5)
2026-05-18 19:12:12 CartMoveState: AUX_DECIDE (5) -> TO_MOVE (10)
2026-05-18 19:12:14 CartMoveState: TO_MOVE (10) -> TO_CART (11)
2026-05-18 19:12:16 CartMoveState: TO_CART (11) -> HOME_MOVE (12)
2026-05-18 19:12:17 CartMoveState: HOME_MOVE (12) -> HALT (13)
2026-05-18 19:12:17 CartMoveState: HALT (13) -> IDLE (1)
2026-05-18 19:12:17 Handler State: EXCHANGE_THREE (11) -> POST_PROCESS (12)
2026-05-18 19:12:17 Handler State: POST_PROCESS (12) -> MOVE_ARM_HOME (14)
2026-05-18 19:12:17 Handler State: MOVE_ARM_HOME (14) -> HANDLER_IDLE (1)
2026-05-18 19:12:55 Handler State: HANDLER_IDLE (1) -> HANDLER_START (2)
2026-05-18 19:12:56 Handler State: HANDLER_START (2) -> DECIDE_CART (3)
2026-05-18 19:12:56 Selection: Last resort, just pick the first IFS.
2026-05-18 19:12:56 Selection: Cartridge has correct material.
2026-05-18 19:12:56 Selected Primary Cartridge: 5
2026-05-18 19:12:56 Selected Primary Station: 103
2026-05-18 19:12:56 Selected Secondary Cartridge: 0
2026-05-18 19:12:56 Selected Secondary Station: 0
2026-05-18 19:12:56 Selected Filling Volume: 228
2026-05-18 19:12:56 Handler State: DECIDE_CART (3) -> REMOVE_CART (4)
2026-05-18 19:12:56 CartMove: Move, from 103 to 108
2026-05-18 19:12:56 CartMoveState: IDLE (1) -> FROM_MOVE (3)
2026-05-18 19:12:56 CartMoveState: FROM_MOVE (3) -> FROM_CART (4)
2026-05-18 19:12:58 CartMoveState: FROM_CART (4) -> AUX_DECIDE (5)
2026-05-18 19:12:58 CartMoveState: AUX_DECIDE (5) -> TO_MOVE (10)
2026-05-18 19:13:00 CartMoveState: TO_MOVE (10) -> TO_CART (11)
2026-05-18 19:13:02 CartMoveState: TO_CART (11) -> HOME_MOVE (12)
2026-05-18 19:13:04 CartMoveState: HOME_MOVE (12) -> HALT (13)
2026-05-18 19:13:04 CartMoveState: HALT (13) -> IDLE (1)
2026-05-18 19:13:04 Handler State: REMOVE_CART (4) -> PLACE_CART (5)
2026-05-18 19:13:04 CartMove: Move, from 106 to 103
2026-05-18 19:13:04 CartMoveState: IDLE (1) -> FROM_MOVE (3)
2026-05-18 19:13:05 CartMoveState: FROM_MOVE (3) -> FROM_CART (4)
2026-05-18 19:13:08 CartMoveState: FROM_CART (4) -> AUX_DECIDE (5)
2026-05-18 19:13:08 CartMoveState: AUX_DECIDE (5) -> TO_MOVE (10)
2026-05-18 19:13:09 CartMoveState: TO_MOVE (10) -> TO_CART (11)
2026-05-18 19:13:11 CartMoveState: TO_CART (11) -> HOME_MOVE (12)
2026-05-18 19:13:11 CartMoveState: HOME_MOVE (12) -> HALT (13)
2026-05-18 19:13:11 CartMoveState: HALT (13) -> IDLE (1)
2026-05-18 19:13:11 Handler State: PLACE_CART (5) -> CHECK_SEC_CART (26)
2026-05-18 19:13:11 Handler State: CHECK_SEC_CART (26) -> PROBE_CART (24)
2026-05-18 19:13:11 CartMove: Exchange 1, from 103
2026-05-18 19:13:11 CartMoveState: IDLE (1) -> FROM_MOVE (3)
2026-05-18 19:13:11 CartMoveState: FROM_MOVE (3) -> FROM_PROBE (19)
2026-05-18 19:13:13 Handler State: PROBE_CART (24) -> PROCESS_CART (6)
2026-05-18 19:13:46 Setting CBS color valve (FillIFS): 1
2026-05-18 19:13:47 Primed volume (FillIFS): 4.26085
2026-05-18 19:13:47 Re-Calculated Filling Volume: 228
2026-05-18 19:13:47 Setting CBS color valve (FillCart): 1
2026-05-18 19:14:01 Handler State: PROCESS_CART (6) -> EXCHANGE_ONE (7)
2026-05-18 19:14:01 CartMove: Exchange 1, from 103
2026-05-18 19:14:01 CartMoveState: FROM_PROBE (19) -> FROM_CART (4)
2026-05-18 19:14:07 Setting CBS color valve (Finished): 0
2026-05-18 19:14:08 CartMoveState: FROM_CART (4) -> TO_MOVE (10)
2026-05-18 19:14:10 CartMoveState: TO_MOVE (10) -> EXCH_1_WAIT (14)
2026-05-18 19:14:10 Handler State: EXCHANGE_ONE (7) -> START_DCU (8)
2026-05-18 19:14:39 Handler State: START_DCU (8) -> EXCHANGE_TWO (9)
2026-05-18 19:14:39 CartMove: Exchange 2
2026-05-18 19:14:50 CartMoveState: EXCH_1_WAIT (14) -> EXCH_1_CART (15)
2026-05-18 19:14:52 CartMoveState: EXCH_1_CART (15) -> EXCH_2_MOVE (16)
2026-05-18 19:14:53 CartMoveState: EXCH_2_MOVE (16) -> EXCH_2_CART (17)
2026-05-18 19:14:55 CartMoveState: EXCH_2_CART (17) -> STORE_DECIDE (18)
2026-05-18 19:14:55 Used volume for last job: 78.2361
2026-05-18 19:14:55 Handler State: EXCHANGE_TWO (9) -> WAIT_FOR_DCU (10)
2026-05-18 19:14:56 Handler State: WAIT_FOR_DCU (10) -> EXCHANGE_THREE (11)
2026-05-18 19:14:56 CartMove: Exchange 3
2026-05-18 19:14:56 CartMoveState: STORE_DECIDE (18) -> AUX_DECIDE (5)
2026-05-18 19:14:56 CartMoveState: AUX_DECIDE (5) -> TO_MOVE (10)
2026-05-18 19:14:56 CartMoveState: TO_MOVE (10) -> TO_CART (11)
2026-05-18 19:14:59 CartMoveState: TO_CART (11) -> HOME_MOVE (12)
2026-05-18 19:14:59 CartMoveState: HOME_MOVE (12) -> HALT (13)
2026-05-18 19:14:59 CartMoveState: HALT (13) -> IDLE (1)
2026-05-18 19:14:59 Handler State: EXCHANGE_THREE (11) -> POST_PROCESS (12)
2026-05-18 19:14:59 Handler State: POST_PROCESS (12) -> EMPTY_AUX (13)
2026-05-18 19:14:59 CartMove: Move, from 108 to 103
2026-05-18 19:14:59 CartMoveState: IDLE (1) -> FROM_MOVE (3)
2026-05-18 19:15:00 CartMoveState: FROM_MOVE (3) -> FROM_CART (4)
2026-05-18 19:15:03 CartMoveState: FROM_CART (4) -> AUX_DECIDE (5)
2026-05-18 19:15:03 CartMoveState: AUX_DECIDE (5) -> TO_MOVE (10)
2026-05-18 19:15:05 CartMoveState: TO_MOVE (10) -> TO_CART (11)
2026-05-18 19:15:07 CartMoveState: TO_CART (11) -> HOME_MOVE (12)
2026-05-18 19:15:07 CartMoveState: HOME_MOVE (12) -> HALT (13)
2026-05-18 19:15:07 CartMoveState: HALT (13) -> IDLE (1)
2026-05-18 19:15:07 Handler State: EMPTY_AUX (13) -> MOVE_ARM_HOME (14)
2026-05-18 19:15:07 Handler State: MOVE_ARM_HOME (14) -> HANDLER_IDLE (1)
2026-05-18 19:18:08 Handler State: HANDLER_IDLE (1) -> HANDLER_START (2)
2026-05-18 19:18:08 Handler State: HANDLER_START (2) -> DECIDE_CART (3)
2026-05-18 19:18:08 Selection: Last resort, just pick the first IFS.
2026-05-18 19:18:08 Selection: Cartridge has correct material.
2026-05-18 19:18:08 Selected Primary Cartridge: 3
2026-05-18 19:18:08 Selected Primary Station: 104
2026-05-18 19:18:08 Selected Secondary Cartridge: 0
2026-05-18 19:18:08 Selected Secondary Station: 0
2026-05-18 19:18:08 Selected Filling Volume: 640
2026-05-18 19:18:08 Handler State: DECIDE_CART (3) -> CHECK_SEC_CART (26)
2026-05-18 19:18:08 Handler State: CHECK_SEC_CART (26) -> PROBE_CART (24)
2026-05-18 19:18:08 CartMove: Exchange 1, from 104
2026-05-18 19:18:08 CartMoveState: IDLE (1) -> FROM_MOVE (3)
2026-05-18 19:18:09 CartMoveState: FROM_MOVE (3) -> FROM_PROBE (19)
2026-05-18 19:18:11 Handler State: PROBE_CART (24) -> PROCESS_CART (6)
2026-05-18 19:18:44 Setting CBS color valve (FillIFS): 1
2026-05-18 19:18:46 Primed volume (FillIFS): 4.26468
2026-05-18 19:18:46 Re-Calculated Filling Volume: 640
2026-05-18 19:18:46 Setting CBS color valve (FillCart): 1
2026-05-18 19:19:21 Handler State: PROCESS_CART (6) -> EXCHANGE_ONE (7)
2026-05-18 19:19:21 CartMove: Exchange 1, from 104
2026-05-18 19:19:21 CartMoveState: FROM_PROBE (19) -> FROM_CART (4)
2026-05-18 19:19:27 Setting CBS color valve (Finished): 0
2026-05-18 19:19:29 CartMoveState: FROM_CART (4) -> TO_MOVE (10)
2026-05-18 19:19:30 CartMoveState: TO_MOVE (10) -> EXCH_1_WAIT (14)
2026-05-18 19:19:30 Handler State: EXCHANGE_ONE (7) -> START_DCU (8)
2026-05-18 19:23:06 Handler State: START_DCU (8) -> EXCHANGE_TWO (9)
2026-05-18 19:23:06 CartMove: Exchange 2
2026-05-18 19:23:07 CartMoveState: EXCH_1_WAIT (14) -> EXCH_1_CART (15)
2026-05-18 19:23:10 CartMoveState: EXCH_1_CART (15) -> EXCH_2_MOVE (16)
2026-05-18 19:23:11 CartMoveState: EXCH_2_MOVE (16) -> EXCH_2_CART (17)
2026-05-18 19:23:13 CartMoveState: EXCH_2_CART (17) -> STORE_DECIDE (18)
2026-05-18 19:23:13 Used volume for last job: 226.408
2026-05-18 19:23:13 Handler State: EXCHANGE_TWO (9) -> WAIT_FOR_DCU (10)
2026-05-18 19:23:15 Handler State: WAIT_FOR_DCU (10) -> EXCHANGE_THREE (11)
2026-05-18 19:23:15 CartMove: Exchange 3
2026-05-18 19:23:15 CartMoveState: STORE_DECIDE (18) -> AUX_DECIDE (5)
2026-05-18 19:23:15 CartMoveState: AUX_DECIDE (5) -> TO_MOVE (10)
2026-05-18 19:23:17 CartMoveState: TO_MOVE (10) -> TO_CART (11)
2026-05-18 19:23:19 CartMoveState: TO_CART (11) -> HOME_MOVE (12)
2026-05-18 19:23:20 CartMoveState: HOME_MOVE (12) -> HALT (13)
2026-05-18 19:23:20 CartMoveState: HALT (13) -> IDLE (1)
2026-05-18 19:23:20 Handler State: EXCHANGE_THREE (11) -> POST_PROCESS (12)
2026-05-18 19:23:20 Handler State: POST_PROCESS (12) -> MOVE_ARM_HOME (14)
2026-05-18 19:23:20 Handler State: MOVE_ARM_HOME (14) -> HANDLER_IDLE (1)
2026-05-18 19:29:52 Handler State: HANDLER_IDLE (1) -> HANDLER_START (2)
2026-05-18 19:29:53 Handler State: HANDLER_START (2) -> DECIDE_CART (3)
2026-05-18 19:29:53 Selection: IFS has correct material.
2026-05-18 19:29:53 Selection: Last resort, just pick the first cartridge.
2026-05-18 19:29:53 Selected Primary Cartridge: 6
2026-05-18 19:29:53 Selected Primary Station: 104
2026-05-18 19:29:53 Selected Secondary Cartridge: 0
2026-05-18 19:29:53 Selected Secondary Station: 0
2026-05-18 19:29:53 Selected Filling Volume: 640
2026-05-18 19:29:53 Handler State: DECIDE_CART (3) -> PLACE_CART (5)
2026-05-18 19:29:53 CartMove: Move, from 107 to 104
2026-05-18 19:29:53 CartMoveState: IDLE (1) -> FROM_MOVE (3)
2026-05-18 19:29:54 CartMoveState: FROM_MOVE (3) -> FROM_CART (4)
2026-05-18 19:29:57 CartMoveState: FROM_CART (4) -> AUX_DECIDE (5)
2026-05-18 19:29:57 CartMoveState: AUX_DECIDE (5) -> TO_MOVE (10)
2026-05-18 19:29:58 CartMoveState: TO_MOVE (10) -> TO_CART (11)
2026-05-18 19:30:00 CartMoveState: TO_CART (11) -> HOME_MOVE (12)
2026-05-18 19:30:01 CartMoveState: HOME_MOVE (12) -> HALT (13)
2026-05-18 19:30:01 CartMoveState: HALT (13) -> IDLE (1)
2026-05-18 19:30:01 Handler State: PLACE_CART (5) -> CHECK_SEC_CART (26)
2026-05-18 19:30:01 Handler State: CHECK_SEC_CART (26) -> PROBE_CART (24)
2026-05-18 19:30:01 CartMove: Exchange 1, from 104
2026-05-18 19:30:01 CartMoveState: IDLE (1) -> FROM_MOVE (3)
2026-05-18 19:30:02 CartMoveState: FROM_MOVE (3) -> FROM_PROBE (19)
2026-05-18 19:30:04 Handler State: PROBE_CART (24) -> PROCESS_CART (6)
2026-05-18 19:30:35 Setting CBS color valve (FillGate): 1
2026-05-18 19:30:37 Primed volume (FillGate): 1.03864
2026-05-18 19:30:37 Re-Calculated Filling Volume: 640
2026-05-18 19:30:37 Setting CBS color valve (FillCart): 1
2026-05-18 19:35:30 Handler State: PROCESS_CART (6) -> EXCHANGE_ONE (7)
2026-05-18 19:35:30 CartMove: Exchange 1, from 104
2026-05-18 19:35:30 CartMoveState: FROM_PROBE (19) -> FROM_CART (4)
2026-05-18 19:35:36 Setting CBS color valve (Finished): 0
2026-05-18 19:35:38 CartMoveState: FROM_CART (4) -> TO_MOVE (10)
2026-05-18 19:35:39 CartMoveState: TO_MOVE (10) -> EXCH_1_WAIT (14)
2026-05-18 19:35:39 Handler State: EXCHANGE_ONE (7) -> START_DCU (8)
2026-05-18 19:35:40 Handler State: START_DCU (8) -> EXCHANGE_TWO (9)
2026-05-18 19:35:40 CartMove: Exchange 2
2026-05-18 19:35:40 CartMoveState: EXCH_1_WAIT (14) -> EXCH_1_CART (15)
2026-05-18 19:35:42 CartMoveState: EXCH_1_CART (15) -> EXCH_2_MOVE (16)
2026-05-18 19:35:44 CartMoveState: EXCH_2_MOVE (16) -> EXCH_2_CART (17)
2026-05-18 19:35:46 CartMoveState: EXCH_2_CART (17) -> STORE_DECIDE (18)
2026-05-18 19:35:46 Used volume for last job: 0
2026-05-18 19:35:46 Handler State: EXCHANGE_TWO (9) -> WAIT_FOR_DCU (10)
2026-05-18 19:35:47 Handler State: WAIT_FOR_DCU (10) -> EXCHANGE_THREE (11)
2026-05-18 19:35:47 CartMove: Exchange 3
2026-05-18 19:35:47 CartMoveState: STORE_DECIDE (18) -> AUX_DECIDE (5)
2026-05-18 19:35:47 CartMoveState: AUX_DECIDE (5) -> TO_MOVE (10)
2026-05-18 19:35:48 CartMoveState: TO_MOVE (10) -> TO_CART (11)
2026-05-18 19:35:50 CartMoveState: TO_CART (11) -> HOME_MOVE (12)
2026-05-18 19:35:51 CartMoveState: HOME_MOVE (12) -> HALT (13)
2026-05-18 19:35:51 CartMoveState: HALT (13) -> IDLE (1)
2026-05-18 19:35:51 Handler State: EXCHANGE_THREE (11) -> POST_PROCESS (12)
2026-05-18 19:35:51 Handler State: POST_PROCESS (12) -> MOVE_ARM_HOME (14)
2026-05-18 19:35:51 Handler State: MOVE_ARM_HOME (14) -> HANDLER_IDLE (1)
2026-05-18 19:37:27 Handler State: HANDLER_IDLE (1) -> SEMI_START (15)
2026-05-18 19:37:27 Handler State: SEMI_START (15) -> SEMI_PROBE_CART (25)
2026-05-18 19:37:30 Handler State: SEMI_PROBE_CART (25) -> SEMI_PROCESS (16)
2026-05-18 19:38:25 Re-Calculated Filling Volume: 0
2026-05-18 19:38:31 Setting CBS color valve (Finished): 0
2026-05-18 19:38:31 Handler State: SEMI_PROCESS (16) -> SEMI_WHAT_NEXT (21)
2026-05-18 19:38:31 Handler State: SEMI_WHAT_NEXT (21) -> SEMI_FINISHED (23)
2026-05-18 19:38:32 Handler State: SEMI_FINISHED (23) -> HANDLER_IDLE (1)
2026-05-18 19:41:19 Handler State: HANDLER_IDLE (1) -> HANDLER_START (2)
2026-05-18 19:41:20 Handler State: HANDLER_START (2) -> DECIDE_CART (3)
2026-05-18 19:41:20 Selection: IFS is clean and its cartridge is cleaned.
2026-05-18 19:41:20 Selected Primary Cartridge: 3
2026-05-18 19:41:20 Selected Primary Station: 104
2026-05-18 19:41:20 Selected Secondary Cartridge: 0
2026-05-18 19:41:20 Selected Secondary Station: 0
2026-05-18 19:41:20 Selected Filling Volume: 520
2026-05-18 19:41:20 Handler State: DECIDE_CART (3) -> CHECK_SEC_CART (26)
2026-05-18 19:41:20 Handler State: CHECK_SEC_CART (26) -> PROBE_CART (24)
2026-05-18 19:41:20 CartMove: Exchange 1, from 104
2026-05-18 19:41:20 CartMoveState: IDLE (1) -> FROM_MOVE (3)
2026-05-18 19:41:21 CartMoveState: FROM_MOVE (3) -> FROM_PROBE (19)
2026-05-18 19:41:23 Handler State: PROBE_CART (24) -> PROCESS_CART (6)
2026-05-18 19:41:23 Setting CBS color valve (FillIFS): 2
2026-05-18 19:41:24 Primed volume (FillIFS): 2.11068
2026-05-18 19:41:24 Re-Calculated Filling Volume: 520
2026-05-18 19:41:24 Setting CBS color valve (FillCart): 2
2026-05-18 19:41:48 Handler State: PROCESS_CART (6) -> EXCHANGE_ONE (7)
2026-05-18 19:41:48 CartMove: Exchange 1, from 104
2026-05-18 19:41:48 CartMoveState: FROM_PROBE (19) -> FROM_CART (4)
2026-05-18 19:41:53 Setting CBS color valve (Finished): 0
2026-05-18 19:41:55 CartMoveState: FROM_CART (4) -> TO_MOVE (10)
2026-05-18 19:41:57 CartMoveState: TO_MOVE (10) -> EXCH_1_WAIT (14)
2026-05-18 19:41:57 Handler State: EXCHANGE_ONE (7) -> START_DCU (8)
2026-05-18 19:41:57 Handler State: START_DCU (8) -> EXCHANGE_TWO (9)
2026-05-18 19:41:57 CartMove: Exchange 2
2026-05-18 19:41:57 CartMoveState: EXCH_1_WAIT (14) -> EXCH_1_CART (15)
2026-05-18 19:42:00 CartMoveState: EXCH_1_CART (15) -> EXCH_2_MOVE (16)
2026-05-18 19:42:01 CartMoveState: EXCH_2_MOVE (16) -> EXCH_2_CART (17)
2026-05-18 19:42:03 CartMoveState: EXCH_2_CART (17) -> STORE_DECIDE (18)
2026-05-18 19:42:03 Used volume for last job: 506.5
2026-05-18 19:42:03 Handler State: EXCHANGE_TWO (9) -> WAIT_FOR_DCU (10)
2026-05-18 19:42:05 Handler State: WAIT_FOR_DCU (10) -> EXCHANGE_THREE (11)
2026-05-18 19:42:05 CartMove: Exchange 3
2026-05-18 19:42:05 CartMoveState: STORE_DECIDE (18) -> AUX_DECIDE (5)
2026-05-18 19:42:05 CartMoveState: AUX_DECIDE (5) -> TO_MOVE (10)
2026-05-18 19:42:05 CartMoveState: TO_MOVE (10) -> TO_CART (11)
2026-05-18 19:42:08 CartMoveState: TO_CART (11) -> HOME_MOVE (12)
2026-05-18 19:42:09 CartMoveState: HOME_MOVE (12) -> HALT (13)
2026-05-18 19:42:09 CartMoveState: HALT (13) -> IDLE (1)
2026-05-18 19:42:09 Handler State: EXCHANGE_THREE (11) -> POST_PROCESS (12)
2026-05-18 19:42:09 Handler State: POST_PROCESS (12) -> MOVE_ARM_HOME (14)
2026-05-18 19:42:09 Handler State: MOVE_ARM_HOME (14) -> HANDLER_IDLE (1)
2026-05-18 19:46:03 Handler State: HANDLER_IDLE (1) -> HANDLER_START (2)
2026-05-18 19:46:04 Handler State: HANDLER_START (2) -> DECIDE_CART (3)
2026-05-18 19:46:04 Selection: Last resort, just pick the first IFS.
2026-05-18 19:46:04 Selection: Last resort, just pick the first cartridge.
2026-05-18 19:46:04 Selected Primary Cartridge: 1
2026-05-18 19:46:04 Selected Primary Station: 102
2026-05-18 19:46:04 Selected Secondary Cartridge: 0
2026-05-18 19:46:04 Selected Secondary Station: 0
2026-05-18 19:46:04 Selected Filling Volume: 432
2026-05-18 19:46:04 Handler State: DECIDE_CART (3) -> CHECK_SEC_CART (26)
2026-05-18 19:46:04 Handler State: CHECK_SEC_CART (26) -> PROBE_CART (24)
2026-05-18 19:46:04 CartMove: Exchange 1, from 102
2026-05-18 19:46:04 CartMoveState: IDLE (1) -> FROM_MOVE (3)
2026-05-18 19:46:05 CartMoveState: FROM_MOVE (3) -> FROM_PROBE (19)
2026-05-18 19:46:07 Handler State: PROBE_CART (24) -> PROCESS_CART (6)
2026-05-18 19:47:15 Setting CBS color valve (FillIFS): 1
2026-05-18 19:47:16 Primed volume (FillIFS): 4.83801
2026-05-18 19:47:16 Re-Calculated Filling Volume: 432
2026-05-18 19:47:16 Setting CBS color valve (FillCart): 1
2026-05-18 19:47:35 Handler State: PROCESS_CART (6) -> EXCHANGE_ONE (7)
2026-05-18 19:47:35 CartMove: Exchange 1, from 102
2026-05-18 19:47:35 CartMoveState: FROM_PROBE (19) -> FROM_CART (4)
2026-05-18 19:47:41 Setting CBS color valve (Finished): 0
2026-05-18 19:47:43 CartMoveState: FROM_CART (4) -> TO_MOVE (10)
2026-05-18 19:47:45 CartMoveState: TO_MOVE (10) -> EXCH_1_WAIT (14)
2026-05-18 19:47:45 Handler State: EXCHANGE_ONE (7) -> START_DCU (8)
2026-05-18 19:49:50 Handler State: START_DCU (8) -> EXCHANGE_TWO (9)
2026-05-18 19:49:50 CartMove: Exchange 2
2026-05-18 19:50:01 CartMoveState: EXCH_1_WAIT (14) -> EXCH_1_CART (15)
2026-05-18 19:50:03 CartMoveState: EXCH_1_CART (15) -> EXCH_2_MOVE (16)
2026-05-18 19:50:05 CartMoveState: EXCH_2_MOVE (16) -> EXCH_2_CART (17)
2026-05-18 19:50:07 CartMoveState: EXCH_2_CART (17) -> STORE_DECIDE (18)
2026-05-18 19:50:07 Used volume for last job: 468.276
2026-05-18 19:50:07 Handler State: EXCHANGE_TWO (9) -> WAIT_FOR_DCU (10)
2026-05-18 19:50:08 Handler State: WAIT_FOR_DCU (10) -> EXCHANGE_THREE (11)
2026-05-18 19:50:08 CartMove: Exchange 3
2026-05-18 19:50:08 CartMoveState: STORE_DECIDE (18) -> AUX_DECIDE (5)
2026-05-18 19:50:08 CartMoveState: AUX_DECIDE (5) -> TO_MOVE (10)
2026-05-18 19:50:10 CartMoveState: TO_MOVE (10) -> TO_CART (11)
2026-05-18 19:50:12 CartMoveState: TO_CART (11) -> HOME_MOVE (12)
2026-05-18 19:50:14 CartMoveState: HOME_MOVE (12) -> HALT (13)
2026-05-18 19:50:14 CartMoveState: HALT (13) -> IDLE (1)
2026-05-18 19:50:14 Handler State: EXCHANGE_THREE (11) -> POST_PROCESS (12)
2026-05-18 19:50:14 Handler State: POST_PROCESS (12) -> MOVE_ARM_HOME (14)
2026-05-18 19:50:14 Handler State: MOVE_ARM_HOME (14) -> HANDLER_IDLE (1)
2026-05-18 19:57:49 Handler State: HANDLER_IDLE (1) -> SEMI_START (15)
2026-05-18 19:57:49 Handler State: SEMI_START (15) -> SEMI_TO_IFS (18)
2026-05-18 19:57:49 CartMove: Move, from 105 to 102
2026-05-18 19:57:49 CartMoveState: IDLE (1) -> FROM_MOVE (3)
2026-05-18 19:57:50 CartMoveState: FROM_MOVE (3) -> FROM_CART (4)
2026-05-18 19:57:53 CartMoveState: FROM_CART (4) -> AUX_DECIDE (5)
2026-05-18 19:57:53 CartMoveState: AUX_DECIDE (5) -> TO_MOVE (10)
2026-05-18 19:57:54 CartMoveState: TO_MOVE (10) -> TO_CART (11)
2026-05-18 19:57:56 CartMoveState: TO_CART (11) -> HOME_MOVE (12)
2026-05-18 19:57:57 CartMoveState: HOME_MOVE (12) -> HALT (13)
2026-05-18 19:57:57 CartMoveState: HALT (13) -> IDLE (1)
2026-05-18 19:57:57 Handler State: SEMI_TO_IFS (18) -> SEMI_PROBE_CART (25)
2026-05-18 19:58:00 Handler State: SEMI_PROBE_CART (25) -> SEMI_PROCESS (16)
2026-05-18 19:58:36 Re-Calculated Filling Volume: 0
2026-05-18 19:58:43 Setting CBS color valve (Finished): 0
2026-05-18 19:58:43 Handler State: SEMI_PROCESS (16) -> SEMI_FROM_IFS (20)
2026-05-18 19:58:43 CartMove: Move, from 102 to 105
2026-05-18 19:58:43 CartMoveState: IDLE (1) -> FROM_MOVE (3)
2026-05-18 19:58:43 CartMoveState: FROM_MOVE (3) -> FROM_CART (4)
2026-05-18 19:58:46 CartMoveState: FROM_CART (4) -> AUX_DECIDE (5)
2026-05-18 19:58:46 CartMoveState: AUX_DECIDE (5) -> TO_MOVE (10)
2026-05-18 19:58:47 CartMoveState: TO_MOVE (10) -> TO_CART (11)
2026-05-18 19:58:49 CartMoveState: TO_CART (11) -> HOME_MOVE (12)
2026-05-18 19:58:50 CartMoveState: HOME_MOVE (12) -> HALT (13)
2026-05-18 19:58:50 CartMoveState: HALT (13) -> IDLE (1)
2026-05-18 19:58:50 Handler State: SEMI_FROM_IFS (20) -> SEMI_WHAT_NEXT (21)
2026-05-18 19:58:50 Handler State: SEMI_WHAT_NEXT (21) -> SEMI_FINISHED (23)
2026-05-18 19:58:50 Handler State: SEMI_FINISHED (23) -> HANDLER_IDLE (1)
2026-05-18 19:58:53 Handler State: HANDLER_IDLE (1) -> SEMI_START (15)
2026-05-18 19:58:53 Handler State: SEMI_START (15) -> SEMI_PROBE_CART (25)
2026-05-18 19:58:56 Handler State: SEMI_PROBE_CART (25) -> SEMI_PROCESS (16)
2026-05-18 19:59:40 Re-Calculated Filling Volume: 0
2026-05-18 19:59:46 Setting CBS color valve (Finished): 0
2026-05-18 19:59:46 Handler State: SEMI_PROCESS (16) -> SEMI_WHAT_NEXT (21)
2026-05-18 19:59:46 Handler State: SEMI_WHAT_NEXT (21) -> SEMI_FINISHED (23)
2026-05-18 19:59:46 Handler State: SEMI_FINISHED (23) -> HANDLER_IDLE (1)
2026-05-18 20:01:18 Handler State: HANDLER_IDLE (1) -> HANDLER_START (2)
2026-05-18 20:01:18 Handler State: HANDLER_START (2) -> DECIDE_CART (3)
2026-05-18 20:01:18 Selection: IFS is clean.
2026-05-18 20:01:18 Selection: Cartridge is clean.
2026-05-18 20:01:18 Selected Primary Cartridge: 4
2026-05-18 20:01:18 Selected Primary Station: 102
2026-05-18 20:01:18 Selected Secondary Cartridge: 0
2026-05-18 20:01:18 Selected Secondary Station: 0
2026-05-18 20:01:18 Selected Filling Volume: 650
2026-05-18 20:01:18 Handler State: DECIDE_CART (3) -> PLACE_CART (5)
2026-05-18 20:01:19 CartMove: Move, from 105 to 102
2026-05-18 20:01:19 CartMoveState: IDLE (1) -> FROM_MOVE (3)
2026-05-18 20:01:20 CartMoveState: FROM_MOVE (3) -> FROM_CART (4)
2026-05-18 20:01:22 CartMoveState: FROM_CART (4) -> AUX_DECIDE (5)
2026-05-18 20:01:22 CartMoveState: AUX_DECIDE (5) -> TO_MOVE (10)
2026-05-18 20:01:24 CartMoveState: TO_MOVE (10) -> TO_CART (11)
2026-05-18 20:01:26 CartMoveState: TO_CART (11) -> HOME_MOVE (12)
2026-05-18 20:01:27 CartMoveState: HOME_MOVE (12) -> HALT (13)
2026-05-18 20:01:27 CartMoveState: HALT (13) -> IDLE (1)
2026-05-18 20:01:27 Handler State: PLACE_CART (5) -> CHECK_SEC_CART (26)
2026-05-18 20:01:27 Handler State: CHECK_SEC_CART (26) -> PROBE_CART (24)
2026-05-18 20:01:27 CartMove: Exchange 1, from 102
2026-05-18 20:01:27 CartMoveState: IDLE (1) -> FROM_MOVE (3)
2026-05-18 20:01:28 CartMoveState: FROM_MOVE (3) -> FROM_PROBE (19)
2026-05-18 20:01:29 Handler State: PROBE_CART (24) -> PROCESS_CART (6)
2026-05-18 20:01:29 Setting CBS color valve (FillIFS): 2
2026-05-18 20:01:31 Primed volume (FillIFS): 2.01559
2026-05-18 20:01:31 Re-Calculated Filling Volume: 650
2026-05-18 20:01:31 Setting CBS color valve (FillCart): 2
2026-05-18 20:01:57 Handler State: PROCESS_CART (6) -> EXCHANGE_ONE (7)
2026-05-18 20:01:57 CartMove: Exchange 1, from 102
2026-05-18 20:01:57 CartMoveState: FROM_PROBE (19) -> FROM_CART (4)
2026-05-18 20:02:03 Setting CBS color valve (Finished): 0
2026-05-18 20:02:06 CartMoveState: FROM_CART (4) -> TO_MOVE (10)
2026-05-18 20:02:07 CartMoveState: TO_MOVE (10) -> EXCH_1_WAIT (14)
2026-05-18 20:02:07 Handler State: EXCHANGE_ONE (7) -> START_DCU (8)
2026-05-18 20:02:07 Handler State: START_DCU (8) -> EXCHANGE_TWO (9)
2026-05-18 20:02:07 CartMove: Exchange 2
2026-05-18 20:02:07 CartMoveState: EXCH_1_WAIT (14) -> EXCH_1_CART (15)
2026-05-18 20:02:10 CartMoveState: EXCH_1_CART (15) -> EXCH_2_MOVE (16)
2026-05-18 20:02:11 CartMoveState: EXCH_2_MOVE (16) -> EXCH_2_CART (17)
2026-05-18 20:02:13 CartMoveState: EXCH_2_CART (17) -> STORE_DECIDE (18)
2026-05-18 20:02:13 Used volume for last job: 377.635
2026-05-18 20:02:13 Handler State: EXCHANGE_TWO (9) -> WAIT_FOR_DCU (10)
2026-05-18 20:02:15 Handler State: WAIT_FOR_DCU (10) -> EXCHANGE_THREE (11)
2026-05-18 20:02:15 CartMove: Exchange 3
2026-05-18 20:02:15 CartMoveState: STORE_DECIDE (18) -> AUX_DECIDE (5)
2026-05-18 20:02:15 CartMoveState: AUX_DECIDE (5) -> TO_MOVE (10)
2026-05-18 20:02:15 CartMoveState: TO_MOVE (10) -> TO_CART (11)
2026-05-18 20:02:17 CartMoveState: TO_CART (11) -> HOME_MOVE (12)
2026-05-18 20:02:17 CartMoveState: HOME_MOVE (12) -> HALT (13)
2026-05-18 20:02:17 CartMoveState: HALT (13) -> IDLE (1)
2026-05-18 20:02:17 Handler State: EXCHANGE_THREE (11) -> POST_PROCESS (12)
2026-05-18 20:02:17 Handler State: POST_PROCESS (12) -> MOVE_ARM_HOME (14)
2026-05-18 20:02:21 Handler State: MOVE_ARM_HOME (14) -> HANDLER_IDLE (1)
2026-05-18 20:04:22 Handler State: HANDLER_IDLE (1) -> HANDLER_START (2)
2026-05-18 20:04:23 Handler State: HANDLER_START (2) -> DECIDE_CART (3)
2026-05-18 20:04:23 Selection: IFS is clean and its cartridge is cleaned.
2026-05-18 20:04:23 Selected Primary Cartridge: 6
2026-05-18 20:04:23 Selected Primary Station: 104
2026-05-18 20:04:23 Selected Secondary Cartridge: 0
2026-05-18 20:04:23 Selected Secondary Station: 0
2026-05-18 20:04:23 Selected Filling Volume: 317
2026-05-18 20:04:23 Handler State: DECIDE_CART (3) -> CHECK_SEC_CART (26)
2026-05-18 20:04:23 Handler State: CHECK_SEC_CART (26) -> PROBE_CART (24)
2026-05-18 20:04:23 CartMove: Exchange 1, from 104
2026-05-18 20:04:23 CartMoveState: IDLE (1) -> FROM_MOVE (3)
2026-05-18 20:04:24 CartMoveState: FROM_MOVE (3) -> FROM_PROBE (19)
2026-05-18 20:04:25 Handler State: PROBE_CART (24) -> PROCESS_CART (6)
2026-05-18 20:04:25 Setting CBS color valve (FillIFS): 1
2026-05-18 20:04:27 Primed volume (FillIFS): 0.239919
2026-05-18 20:04:27 Re-Calculated Filling Volume: 317
2026-05-18 20:04:27 Setting CBS color valve (FillCart): 1
2026-05-18 20:04:42 Handler State: PROCESS_CART (6) -> EXCHANGE_ONE (7)
2026-05-18 20:04:42 CartMove: Exchange 1, from 104
2026-05-18 20:04:42 CartMoveState: FROM_PROBE (19) -> FROM_CART (4)
2026-05-18 20:04:47 Setting CBS color valve (Finished): 0
2026-05-18 20:04:49 CartMoveState: FROM_CART (4) -> TO_MOVE (10)
2026-05-18 20:04:51 CartMoveState: TO_MOVE (10) -> EXCH_1_WAIT (14)
2026-05-18 20:04:51 Handler State: EXCHANGE_ONE (7) -> START_DCU (8)
2026-05-18 20:07:39 Handler State: START_DCU (8) -> EXCHANGE_TWO (9)
2026-05-18 20:07:39 CartMove: Exchange 2
2026-05-18 20:07:50 CartMoveState: EXCH_1_WAIT (14) -> EXCH_1_CART (15)
2026-05-18 20:07:53 CartMoveState: EXCH_1_CART (15) -> EXCH_2_MOVE (16)
2026-05-18 20:07:54 CartMoveState: EXCH_2_MOVE (16) -> EXCH_2_CART (17)
2026-05-18 20:07:56 CartMoveState: EXCH_2_CART (17) -> STORE_DECIDE (18)
2026-05-18 20:07:56 Used volume for last job: 349.652
2026-05-18 20:07:56 Handler State: EXCHANGE_TWO (9) -> WAIT_FOR_DCU (10)
2026-05-18 20:07:57 Handler State: WAIT_FOR_DCU (10) -> EXCHANGE_THREE (11)
2026-05-18 20:07:57 CartMove: Exchange 3
2026-05-18 20:07:57 CartMoveState: STORE_DECIDE (18) -> AUX_DECIDE (5)
2026-05-18 20:07:57 CartMoveState: AUX_DECIDE (5) -> TO_MOVE (10)
2026-05-18 20:07:59 CartMoveState: TO_MOVE (10) -> TO_CART (11)
2026-05-18 20:08:01 CartMoveState: TO_CART (11) -> HOME_MOVE (12)
2026-05-18 20:08:02 CartMoveState: HOME_MOVE (12) -> HALT (13)
2026-05-18 20:08:02 CartMoveState: HALT (13) -> IDLE (1)
2026-05-18 20:08:02 Handler State: EXCHANGE_THREE (11) -> POST_PROCESS (12)
2026-05-18 20:08:02 Handler State: POST_PROCESS (12) -> MOVE_ARM_HOME (14)
2026-05-18 20:08:02 Handler State: MOVE_ARM_HOME (14) -> HANDLER_IDLE (1)
2026-05-18 20:14:58 Handler State: HANDLER_IDLE (1) -> SEMI_START (15)
2026-05-18 20:14:58 Handler State: SEMI_START (15) -> SEMI_PROBE_CART (25)
2026-05-18 20:15:02 Handler State: SEMI_PROBE_CART (25) -> SEMI_PROCESS (16)
2026-05-18 20:15:38 Re-Calculated Filling Volume: 0
2026-05-18 20:15:45 Setting CBS color valve (Finished): 0
2026-05-18 20:15:45 Handler State: SEMI_PROCESS (16) -> SEMI_WHAT_NEXT (21)
2026-05-18 20:15:45 Handler State: SEMI_WHAT_NEXT (21) -> SEMI_FINISHED (23)
2026-05-18 20:15:46 Handler State: SEMI_FINISHED (23) -> HANDLER_IDLE (1)
2026-05-18 20:15:56 Handler State: HANDLER_IDLE (1) -> HANDLER_START (2)
2026-05-18 20:15:57 Handler State: HANDLER_START (2) -> DECIDE_CART (3)
2026-05-18 20:15:57 Selection: IFS is clean and its cartridge is cleaned.
2026-05-18 20:15:57 Selected Primary Cartridge: 1
2026-05-18 20:15:57 Selected Primary Station: 102
2026-05-18 20:15:57 Selected Secondary Cartridge: 0
2026-05-18 20:15:57 Selected Secondary Station: 0
2026-05-18 20:15:57 Selected Filling Volume: 497
2026-05-18 20:15:57 Handler State: DECIDE_CART (3) -> CHECK_SEC_CART (26)
2026-05-18 20:15:57 Handler State: CHECK_SEC_CART (26) -> PROBE_CART (24)
2026-05-18 20:15:57 CartMove: Exchange 1, from 102
2026-05-18 20:15:57 CartMoveState: IDLE (1) -> FROM_MOVE (3)
2026-05-18 20:15:58 CartMoveState: FROM_MOVE (3) -> FROM_PROBE (19)
2026-05-18 20:16:00 Handler State: PROBE_CART (24) -> PROCESS_CART (6)
2026-05-18 20:16:00 Setting CBS color valve (FillIFS): 1
2026-05-18 20:16:01 Primed volume (FillIFS): 4.66193
2026-05-18 20:16:01 Re-Calculated Filling Volume: 497
2026-05-18 20:16:01 Setting CBS color valve (FillCart): 1
2026-05-18 20:16:22 Handler State: PROCESS_CART (6) -> EXCHANGE_ONE (7)
2026-05-18 20:16:22 CartMove: Exchange 1, from 102
2026-05-18 20:16:22 CartMoveState: FROM_PROBE (19) -> FROM_CART (4)
2026-05-18 20:16:29 Setting CBS color valve (Finished): 0
2026-05-18 20:16:31 CartMoveState: FROM_CART (4) -> TO_MOVE (10)
2026-05-18 20:16:32 CartMoveState: TO_MOVE (10) -> EXCH_1_WAIT (14)
2026-05-18 20:16:32 Handler State: EXCHANGE_ONE (7) -> START_DCU (8)
2026-05-18 20:16:33 Handler State: START_DCU (8) -> EXCHANGE_TWO (9)
2026-05-18 20:16:33 CartMove: Exchange 2
2026-05-18 20:16:33 CartMoveState: EXCH_1_WAIT (14) -> EXCH_1_CART (15)
2026-05-18 20:16:35 CartMoveState: EXCH_1_CART (15) -> EXCH_2_MOVE (16)
2026-05-18 20:16:36 CartMoveState: EXCH_2_MOVE (16) -> EXCH_2_CART (17)
2026-05-18 20:16:38 CartMoveState: EXCH_2_CART (17) -> STORE_DECIDE (18)
2026-05-18 20:16:38 Used volume for last job: 264.909
2026-05-18 20:16:38 Handler State: EXCHANGE_TWO (9) -> WAIT_FOR_DCU (10)
2026-05-18 20:16:40 Handler State: WAIT_FOR_DCU (10) -> EXCHANGE_THREE (11)
2026-05-18 20:16:40 CartMove: Exchange 3
2026-05-18 20:16:40 CartMoveState: STORE_DECIDE (18) -> AUX_DECIDE (5)
2026-05-18 20:16:40 CartMoveState: AUX_DECIDE (5) -> TO_MOVE (10)
2026-05-18 20:16:41 CartMoveState: TO_MOVE (10) -> TO_CART (11)
2026-05-18 20:16:43 CartMoveState: TO_CART (11) -> HOME_MOVE (12)
2026-05-18 20:16:44 CartMoveState: HOME_MOVE (12) -> HALT (13)
2026-05-18 20:16:44 CartMoveState: HALT (13) -> IDLE (1)
2026-05-18 20:16:44 Handler State: EXCHANGE_THREE (11) -> POST_PROCESS (12)
2026-05-18 20:16:44 Handler State: POST_PROCESS (12) -> MOVE_ARM_HOME (14)
2026-05-18 20:16:44 Handler State: MOVE_ARM_HOME (14) -> HANDLER_IDLE (1)
2026-05-18 20:28:14 Handler State: HANDLER_IDLE (1) -> HANDLER_START (2)
2026-05-18 20:28:14 Handler State: HANDLER_START (2) -> DECIDE_CART (3)
2026-05-18 20:28:14 Selection: Last resort, just pick the first IFS.
2026-05-18 20:28:14 Selection: Last resort, just pick the first cartridge.
2026-05-18 20:28:14 Selected Primary Cartridge: 3
2026-05-18 20:28:14 Selected Primary Station: 104
2026-05-18 20:28:14 Selected Secondary Cartridge: 0
2026-05-18 20:28:14 Selected Secondary Station: 0
2026-05-18 20:28:14 Selected Filling Volume: 317
2026-05-18 20:28:14 Handler State: DECIDE_CART (3) -> REMOVE_CART (4)
2026-05-18 20:28:15 CartMove: Move, from 104 to 108
2026-05-18 20:28:15 CartMoveState: IDLE (1) -> FROM_MOVE (3)
2026-05-18 20:28:15 CartMoveState: FROM_MOVE (3) -> FROM_CART (4)
2026-05-18 20:28:18 CartMoveState: FROM_CART (4) -> AUX_DECIDE (5)
2026-05-18 20:28:18 CartMoveState: AUX_DECIDE (5) -> TO_MOVE (10)
2026-05-18 20:28:20 CartMoveState: TO_MOVE (10) -> TO_CART (11)
2026-05-18 20:28:22 CartMoveState: TO_CART (11) -> HOME_MOVE (12)
2026-05-18 20:28:23 CartMoveState: HOME_MOVE (12) -> HALT (13)
2026-05-18 20:28:23 CartMoveState: HALT (13) -> IDLE (1)
2026-05-18 20:28:23 Handler State: REMOVE_CART (4) -> PLACE_CART (5)
2026-05-18 20:28:23 CartMove: Move, from 107 to 104
2026-05-18 20:28:23 CartMoveState: IDLE (1) -> FROM_MOVE (3)
2026-05-18 20:28:25 CartMoveState: FROM_MOVE (3) -> FROM_CART (4)
2026-05-18 20:28:27 CartMoveState: FROM_CART (4) -> AUX_DECIDE (5)
2026-05-18 20:28:27 CartMoveState: AUX_DECIDE (5) -> TO_MOVE (10)
2026-05-18 20:28:29 CartMoveState: TO_MOVE (10) -> TO_CART (11)
2026-05-18 20:28:31 CartMoveState: TO_CART (11) -> HOME_MOVE (12)
2026-05-18 20:28:32 CartMoveState: HOME_MOVE (12) -> HALT (13)
2026-05-18 20:28:32 CartMoveState: HALT (13) -> IDLE (1)
2026-05-18 20:28:32 Handler State: PLACE_CART (5) -> CHECK_SEC_CART (26)
2026-05-18 20:28:32 Handler State: CHECK_SEC_CART (26) -> PROBE_CART (24)
2026-05-18 20:28:32 CartMove: Exchange 1, from 104
2026-05-18 20:28:32 CartMoveState: IDLE (1) -> FROM_MOVE (3)
2026-05-18 20:28:33 CartMoveState: FROM_MOVE (3) -> FROM_PROBE (19)
2026-05-18 20:28:34 Handler State: PROBE_CART (24) -> PROCESS_CART (6)
2026-05-18 20:29:07 Setting CBS color valve (FillIFS): 2
2026-05-18 20:29:08 Primed volume (FillIFS): 4.89102
2026-05-18 20:29:08 Re-Calculated Filling Volume: 317
2026-05-18 20:29:08 Setting CBS color valve (FillCart): 2
2026-05-18 20:29:26 Handler State: PROCESS_CART (6) -> EXCHANGE_ONE (7)
2026-05-18 20:29:26 CartMove: Exchange 1, from 104
2026-05-18 20:29:26 CartMoveState: FROM_PROBE (19) -> FROM_CART (4)
2026-05-18 20:29:32 Setting CBS color valve (Finished): 0
2026-05-18 20:29:34 CartMoveState: FROM_CART (4) -> TO_MOVE (10)
2026-05-18 20:29:36 CartMoveState: TO_MOVE (10) -> EXCH_1_WAIT (14)
2026-05-18 20:29:36 Handler State: EXCHANGE_ONE (7) -> START_DCU (8)
2026-05-18 20:29:36 Handler State: START_DCU (8) -> EXCHANGE_TWO (9)
2026-05-18 20:29:36 CartMove: Exchange 2
2026-05-18 20:29:36 CartMoveState: EXCH_1_WAIT (14) -> EXCH_1_CART (15)
2026-05-18 20:29:39 CartMoveState: EXCH_1_CART (15) -> EXCH_2_MOVE (16)
2026-05-18 20:29:40 CartMoveState: EXCH_2_MOVE (16) -> EXCH_2_CART (17)
2026-05-18 20:29:42 CartMoveState: EXCH_2_CART (17) -> STORE_DECIDE (18)
2026-05-18 20:29:42 Used volume for last job: 442.684
2026-05-18 20:29:42 Handler State: EXCHANGE_TWO (9) -> WAIT_FOR_DCU (10)
2026-05-18 20:29:44 Handler State: WAIT_FOR_DCU (10) -> EXCHANGE_THREE (11)
2026-05-18 20:29:44 CartMove: Exchange 3
2026-05-18 20:29:44 CartMoveState: STORE_DECIDE (18) -> AUX_DECIDE (5)
2026-05-18 20:29:44 CartMoveState: AUX_DECIDE (5) -> TO_MOVE (10)
2026-05-18 20:29:44 CartMoveState: TO_MOVE (10) -> TO_CART (11)
2026-05-18 20:29:46 CartMoveState: TO_CART (11) -> HOME_MOVE (12)
2026-05-18 20:29:46 CartMoveState: HOME_MOVE (12) -> HALT (13)
2026-05-18 20:29:46 CartMoveState: HALT (13) -> IDLE (1)
2026-05-18 20:29:46 Handler State: EXCHANGE_THREE (11) -> POST_PROCESS (12)
2026-05-18 20:29:46 Handler State: POST_PROCESS (12) -> EMPTY_AUX (13)
2026-05-18 20:29:46 CartMove: Move, from 108 to 104
2026-05-18 20:29:46 CartMoveState: IDLE (1) -> FROM_MOVE (3)
2026-05-18 20:29:47 CartMoveState: FROM_MOVE (3) -> FROM_CART (4)
2026-05-18 20:29:50 CartMoveState: FROM_CART (4) -> AUX_DECIDE (5)
2026-05-18 20:29:50 CartMoveState: AUX_DECIDE (5) -> TO_MOVE (10)
2026-05-18 20:29:52 CartMoveState: TO_MOVE (10) -> TO_CART (11)
2026-05-18 20:29:54 CartMoveState: TO_CART (11) -> HOME_MOVE (12)
2026-05-18 20:29:55 CartMoveState: HOME_MOVE (12) -> HALT (13)
2026-05-18 20:29:55 CartMoveState: HALT (13) -> IDLE (1)
2026-05-18 20:29:55 Handler State: EMPTY_AUX (13) -> MOVE_ARM_HOME (14)
2026-05-18 20:29:55 Handler State: MOVE_ARM_HOME (14) -> HANDLER_IDLE (1)
2026-05-18 20:34:40 Handler State: HANDLER_IDLE (1) -> SEMI_START (15)
2026-05-18 20:34:40 Handler State: SEMI_START (15) -> SEMI_PROBE_CART (25)
2026-05-18 20:34:43 Handler State: SEMI_PROBE_CART (25) -> SEMI_PROCESS (16)
2026-05-18 20:35:19 Re-Calculated Filling Volume: 0
2026-05-18 20:35:25 Setting CBS color valve (Finished): 0
2026-05-18 20:35:25 Handler State: SEMI_PROCESS (16) -> SEMI_WHAT_NEXT (21)
2026-05-18 20:35:25 Handler State: SEMI_WHAT_NEXT (21) -> SEMI_FINISHED (23)
2026-05-18 20:35:26 Handler State: SEMI_FINISHED (23) -> HANDLER_IDLE (1)
2026-05-18 20:38:36 Handler State: HANDLER_IDLE (1) -> HANDLER_START (2)
2026-05-18 20:38:37 Handler State: HANDLER_START (2) -> DECIDE_CART (3)
2026-05-18 20:38:37 Selection: IFS is clean and its cartridge is cleaned.
2026-05-18 20:38:37 Selected Primary Cartridge: 1
2026-05-18 20:38:37 Selected Primary Station: 102
2026-05-18 20:38:37 Selected Secondary Cartridge: 0
2026-05-18 20:38:37 Selected Secondary Station: 0
2026-05-18 20:38:37 Selected Filling Volume: 539
2026-05-18 20:38:37 Handler State: DECIDE_CART (3) -> CHECK_SEC_CART (26)
2026-05-18 20:38:37 Handler State: CHECK_SEC_CART (26) -> PROBE_CART (24)
2026-05-18 20:38:37 CartMove: Exchange 1, from 102
2026-05-18 20:38:37 CartMoveState: IDLE (1) -> FROM_MOVE (3)
2026-05-18 20:38:38 CartMoveState: FROM_MOVE (3) -> FROM_PROBE (19)
2026-05-18 20:38:40 Handler State: PROBE_CART (24) -> PROCESS_CART (6)
2026-05-18 20:38:40 Setting CBS color valve (FillIFS): 2
2026-05-18 20:38:41 Primed volume (FillIFS): 1.90364
2026-05-18 20:38:41 Re-Calculated Filling Volume: 539
2026-05-18 20:38:41 Setting CBS color valve (FillCart): 2
2026-05-18 20:39:03 Handler State: PROCESS_CART (6) -> EXCHANGE_ONE (7)
2026-05-18 20:39:03 CartMove: Exchange 1, from 102
2026-05-18 20:39:03 CartMoveState: FROM_PROBE (19) -> FROM_CART (4)
2026-05-18 20:39:10 Setting CBS color valve (Finished): 0
2026-05-18 20:39:12 CartMoveState: FROM_CART (4) -> TO_MOVE (10)
2026-05-18 20:39:13 CartMoveState: TO_MOVE (10) -> EXCH_1_WAIT (14)
2026-05-18 20:39:13 Handler State: EXCHANGE_ONE (7) -> START_DCU (8)
2026-05-18 20:39:14 Handler State: START_DCU (8) -> EXCHANGE_TWO (9)
2026-05-18 20:39:14 CartMove: Exchange 2
2026-05-18 20:39:14 CartMoveState: EXCH_1_WAIT (14) -> EXCH_1_CART (15)
2026-05-18 20:39:16 CartMoveState: EXCH_1_CART (15) -> EXCH_2_MOVE (16)
2026-05-18 20:39:18 CartMoveState: EXCH_2_MOVE (16) -> EXCH_2_CART (17)
2026-05-18 20:39:20 CartMoveState: EXCH_2_CART (17) -> STORE_DECIDE (18)
2026-05-18 20:39:20 Used volume for last job: 265.273
2026-05-18 20:39:20 Handler State: EXCHANGE_TWO (9) -> WAIT_FOR_DCU (10)
2026-05-18 20:39:21 Handler State: WAIT_FOR_DCU (10) -> EXCHANGE_THREE (11)
2026-05-18 20:39:21 CartMove: Exchange 3
2026-05-18 20:39:21 CartMoveState: STORE_DECIDE (18) -> AUX_DECIDE (5)
2026-05-18 20:39:21 CartMoveState: AUX_DECIDE (5) -> TO_MOVE (10)
2026-05-18 20:39:23 CartMoveState: TO_MOVE (10) -> TO_CART (11)
2026-05-18 20:39:25 CartMoveState: TO_CART (11) -> HOME_MOVE (12)
2026-05-18 20:39:27 CartMoveState: HOME_MOVE (12) -> HALT (13)
2026-05-18 20:39:27 CartMoveState: HALT (13) -> IDLE (1)
2026-05-18 20:39:27 Handler State: EXCHANGE_THREE (11) -> POST_PROCESS (12)
2026-05-18 20:39:27 Handler State: POST_PROCESS (12) -> MOVE_ARM_HOME (14)
2026-05-18 20:39:27 Handler State: MOVE_ARM_HOME (14) -> HANDLER_IDLE (1)
2026-05-18 20:42:02 Handler State: HANDLER_IDLE (1) -> HANDLER_START (2)
2026-05-18 20:42:03 Handler State: HANDLER_START (2) -> DECIDE_CART (3)
2026-05-18 20:42:03 Selection: IFS has correct material.
2026-05-18 20:42:03 Selection: Cartridge has correct material.
2026-05-18 20:42:03 Selected Primary Cartridge: 3
2026-05-18 20:42:03 Selected Primary Station: 104
2026-05-18 20:42:03 Selected Secondary Cartridge: 0
2026-05-18 20:42:03 Selected Secondary Station: 0
2026-05-18 20:42:03 Selected Filling Volume: 512
2026-05-18 20:42:03 Handler State: DECIDE_CART (3) -> REMOVE_CART (4)
2026-05-18 20:42:03 CartMove: Move, from 104 to 108
2026-05-18 20:42:03 CartMoveState: IDLE (1) -> FROM_MOVE (3)
2026-05-18 20:42:04 CartMoveState: FROM_MOVE (3) -> FROM_CART (4)
2026-05-18 20:42:06 CartMoveState: FROM_CART (4) -> AUX_DECIDE (5)
2026-05-18 20:42:06 CartMoveState: AUX_DECIDE (5) -> TO_MOVE (10)
2026-05-18 20:42:08 CartMoveState: TO_MOVE (10) -> TO_CART (11)
2026-05-18 20:42:10 CartMoveState: TO_CART (11) -> HOME_MOVE (12)
2026-05-18 20:42:11 CartMoveState: HOME_MOVE (12) -> HALT (13)
2026-05-18 20:42:11 CartMoveState: HALT (13) -> IDLE (1)
2026-05-18 20:42:11 Handler State: REMOVE_CART (4) -> PLACE_CART (5)
2026-05-18 20:42:11 CartMove: Move, from 107 to 104
2026-05-18 20:42:11 CartMoveState: IDLE (1) -> FROM_MOVE (3)
2026-05-18 20:42:13 CartMoveState: FROM_MOVE (3) -> FROM_CART (4)
2026-05-18 20:42:15 CartMoveState: FROM_CART (4) -> AUX_DECIDE (5)
2026-05-18 20:42:15 CartMoveState: AUX_DECIDE (5) -> TO_MOVE (10)
2026-05-18 20:42:17 CartMoveState: TO_MOVE (10) -> TO_CART (11)
2026-05-18 20:42:19 CartMoveState: TO_CART (11) -> HOME_MOVE (12)
2026-05-18 20:42:20 CartMoveState: HOME_MOVE (12) -> HALT (13)
2026-05-18 20:42:20 CartMoveState: HALT (13) -> IDLE (1)
2026-05-18 20:42:20 Handler State: PLACE_CART (5) -> CHECK_SEC_CART (26)
2026-05-18 20:42:20 Handler State: CHECK_SEC_CART (26) -> PROBE_CART (24)
2026-05-18 20:42:20 CartMove: Exchange 1, from 104
2026-05-18 20:42:20 CartMoveState: IDLE (1) -> FROM_MOVE (3)
2026-05-18 20:42:21 CartMoveState: FROM_MOVE (3) -> FROM_PROBE (19)
2026-05-18 20:42:22 Handler State: PROBE_CART (24) -> PROCESS_CART (6)
2026-05-18 20:42:54 Setting CBS color valve (FillGate): 1
2026-05-18 20:42:55 Primed volume (FillGate): 1.24667
2026-05-18 20:42:55 Re-Calculated Filling Volume: 512
2026-05-18 20:42:55 Setting CBS color valve (FillCart): 1
2026-05-18 20:43:22 Handler State: PROCESS_CART (6) -> EXCHANGE_ONE (7)
2026-05-18 20:43:22 CartMove: Exchange 1, from 104
2026-05-18 20:43:22 CartMoveState: FROM_PROBE (19) -> FROM_CART (4)
2026-05-18 20:43:27 Setting CBS color valve (Finished): 0
2026-05-18 20:43:29 CartMoveState: FROM_CART (4) -> TO_MOVE (10)
2026-05-18 20:43:31 CartMoveState: TO_MOVE (10) -> EXCH_1_WAIT (14)
2026-05-18 20:43:31 Handler State: EXCHANGE_ONE (7) -> START_DCU (8)
2026-05-18 20:45:41 Handler State: START_DCU (8) -> EXCHANGE_TWO (9)
2026-05-18 20:45:41 CartMove: Exchange 2
2026-05-18 20:45:52 CartMoveState: EXCH_1_WAIT (14) -> EXCH_1_CART (15)
2026-05-18 20:45:54 CartMoveState: EXCH_1_CART (15) -> EXCH_2_MOVE (16)
2026-05-18 20:45:56 CartMoveState: EXCH_2_MOVE (16) -> EXCH_2_CART (17)
2026-05-18 20:45:57 CartMoveState: EXCH_2_CART (17) -> STORE_DECIDE (18)
2026-05-18 20:45:57 Used volume for last job: 486.025
2026-05-18 20:45:57 Handler State: EXCHANGE_TWO (9) -> WAIT_FOR_DCU (10)
2026-05-18 20:45:59 Handler State: WAIT_FOR_DCU (10) -> EXCHANGE_THREE (11)
2026-05-18 20:45:59 CartMove: Exchange 3
2026-05-18 20:45:59 CartMoveState: STORE_DECIDE (18) -> AUX_DECIDE (5)
2026-05-18 20:45:59 CartMoveState: AUX_DECIDE (5) -> TO_MOVE (10)
2026-05-18 20:45:59 CartMoveState: TO_MOVE (10) -> TO_CART (11)
2026-05-18 20:46:01 CartMoveState: TO_CART (11) -> HOME_MOVE (12)
2026-05-18 20:46:01 CartMoveState: HOME_MOVE (12) -> HALT (13)
2026-05-18 20:46:01 CartMoveState: HALT (13) -> IDLE (1)
2026-05-18 20:46:01 Handler State: EXCHANGE_THREE (11) -> POST_PROCESS (12)
2026-05-18 20:46:02 Handler State: POST_PROCESS (12) -> EMPTY_AUX (13)
2026-05-18 20:46:02 CartMove: Move, from 108 to 104
2026-05-18 20:46:02 CartMoveState: IDLE (1) -> FROM_MOVE (3)
2026-05-18 20:46:03 CartMoveState: FROM_MOVE (3) -> FROM_CART (4)
2026-05-18 20:46:06 CartMoveState: FROM_CART (4) -> AUX_DECIDE (5)
2026-05-18 20:46:06 CartMoveState: AUX_DECIDE (5) -> TO_MOVE (10)
2026-05-18 20:46:07 CartMoveState: TO_MOVE (10) -> TO_CART (11)
2026-05-18 20:46:09 CartMoveState: TO_CART (11) -> HOME_MOVE (12)
2026-05-18 20:46:10 CartMoveState: HOME_MOVE (12) -> HALT (13)
2026-05-18 20:46:10 CartMoveState: HALT (13) -> IDLE (1)
2026-05-18 20:46:10 Handler State: EMPTY_AUX (13) -> MOVE_ARM_HOME (14)
2026-05-18 20:46:10 Handler State: MOVE_ARM_HOME (14) -> HANDLER_IDLE (1)
2026-05-18 20:50:43 Handler State: HANDLER_IDLE (1) -> SEMI_START (15)
2026-05-18 20:50:43 Handler State: SEMI_START (15) -> SEMI_PROBE_CART (25)
2026-05-18 20:50:45 Handler State: SEMI_PROBE_CART (25) -> SEMI_PROCESS (16)
2026-05-18 20:51:18 Re-Calculated Filling Volume: 0
2026-05-18 20:51:23 Setting CBS color valve (Finished): 0
2026-05-18 20:51:23 Handler State: SEMI_PROCESS (16) -> SEMI_WHAT_NEXT (21)
2026-05-18 20:51:23 Handler State: SEMI_WHAT_NEXT (21) -> SEMI_FINISHED (23)
2026-05-18 20:51:23 Handler State: SEMI_FINISHED (23) -> HANDLER_IDLE (1)
2026-05-18 20:51:41 Handler State: HANDLER_IDLE (1) -> HANDLER_START (2)
2026-05-18 20:51:42 Handler State: HANDLER_START (2) -> DECIDE_CART (3)
2026-05-18 20:51:42 Selection: IFS is clean and its cartridge is cleaned.
2026-05-18 20:51:42 Selected Primary Cartridge: 2
2026-05-18 20:51:42 Selected Primary Station: 103
2026-05-18 20:51:42 Selected Secondary Cartridge: 0
2026-05-18 20:51:42 Selected Secondary Station: 0
2026-05-18 20:51:42 Selected Filling Volume: 320
2026-05-18 20:51:42 Handler State: DECIDE_CART (3) -> CHECK_SEC_CART (26)
2026-05-18 20:51:42 Handler State: CHECK_SEC_CART (26) -> PROBE_CART (24)
2026-05-18 20:51:42 CartMove: Exchange 1, from 103
2026-05-18 20:51:42 CartMoveState: IDLE (1) -> FROM_MOVE (3)
2026-05-18 20:51:42 CartMoveState: FROM_MOVE (3) -> FROM_PROBE (19)
2026-05-18 20:51:43 Handler State: PROBE_CART (24) -> PROCESS_CART (6)
2026-05-18 20:51:43 Setting CBS color valve (FillIFS): 1
2026-05-18 20:51:45 Primed volume (FillIFS): 4.00119
2026-05-18 20:51:45 Re-Calculated Filling Volume: 320
2026-05-18 20:51:45 Setting CBS color valve (FillCart): 1
2026-05-18 20:52:01 Handler State: PROCESS_CART (6) -> EXCHANGE_ONE (7)
2026-05-18 20:52:01 CartMove: Exchange 1, from 103
2026-05-18 20:52:01 CartMoveState: FROM_PROBE (19) -> FROM_CART (4)
2026-05-18 20:52:06 Setting CBS color valve (Finished): 0
2026-05-18 20:52:08 CartMoveState: FROM_CART (4) -> TO_MOVE (10)
2026-05-18 20:52:10 CartMoveState: TO_MOVE (10) -> EXCH_1_WAIT (14)
2026-05-18 20:52:10 Handler State: EXCHANGE_ONE (7) -> START_DCU (8)
2026-05-18 20:52:10 Handler State: START_DCU (8) -> EXCHANGE_TWO (9)
2026-05-18 20:52:10 CartMove: Exchange 2
2026-05-18 20:52:10 CartMoveState: EXCH_1_WAIT (14) -> EXCH_1_CART (15)
2026-05-18 20:52:13 CartMoveState: EXCH_1_CART (15) -> EXCH_2_MOVE (16)
2026-05-18 20:52:14 CartMoveState: EXCH_2_MOVE (16) -> EXCH_2_CART (17)
2026-05-18 20:52:16 CartMoveState: EXCH_2_CART (17) -> STORE_DECIDE (18)
2026-05-18 20:52:16 Used volume for last job: 460.352
2026-05-18 20:52:16 Handler State: EXCHANGE_TWO (9) -> WAIT_FOR_DCU (10)
2026-05-18 20:52:18 Handler State: WAIT_FOR_DCU (10) -> EXCHANGE_THREE (11)
2026-05-18 20:52:18 CartMove: Exchange 3
2026-05-18 20:52:18 CartMoveState: STORE_DECIDE (18) -> AUX_DECIDE (5)
2026-05-18 20:52:18 CartMoveState: AUX_DECIDE (5) -> TO_MOVE (10)
2026-05-18 20:52:20 CartMoveState: TO_MOVE (10) -> TO_CART (11)
2026-05-18 20:52:22 CartMoveState: TO_CART (11) -> HOME_MOVE (12)
2026-05-18 20:52:23 CartMoveState: HOME_MOVE (12) -> HALT (13)
2026-05-18 20:52:23 CartMoveState: HALT (13) -> IDLE (1)
2026-05-18 20:52:23 Handler State: EXCHANGE_THREE (11) -> POST_PROCESS (12)
2026-05-18 20:52:23 Handler State: POST_PROCESS (12) -> MOVE_ARM_HOME (14)
2026-05-18 20:52:23 Handler State: MOVE_ARM_HOME (14) -> HANDLER_IDLE (1)
2026-05-18 20:58:53 Handler State: HANDLER_IDLE (1) -> SEMI_START (15)
2026-05-18 20:58:53 Handler State: SEMI_START (15) -> SEMI_PROBE_CART (25)
2026-05-18 20:58:57 Handler State: SEMI_PROBE_CART (25) -> SEMI_PROCESS (16)
2026-05-18 20:59:30 Re-Calculated Filling Volume: 0
2026-05-18 20:59:36 Setting CBS color valve (Finished): 0
2026-05-18 20:59:36 Handler State: SEMI_PROCESS (16) -> SEMI_WHAT_NEXT (21)
2026-05-18 20:59:36 Handler State: SEMI_WHAT_NEXT (21) -> SEMI_FINISHED (23)
2026-05-18 20:59:36 Handler State: SEMI_FINISHED (23) -> HANDLER_IDLE (1)
2026-05-18 21:09:14 Handler State: HANDLER_IDLE (1) -> SEMI_START (15)
2026-05-18 21:09:14 Handler State: SEMI_START (15) -> SEMI_PROBE_CART (25)
2026-05-18 21:09:17 Handler State: SEMI_PROBE_CART (25) -> SEMI_PROCESS (16)
2026-05-18 21:09:53 Re-Calculated Filling Volume: 0
2026-05-18 21:10:00 Setting CBS color valve (Finished): 0
2026-05-18 21:10:00 Handler State: SEMI_PROCESS (16) -> SEMI_WHAT_NEXT (21)
2026-05-18 21:10:00 Handler State: SEMI_WHAT_NEXT (21) -> SEMI_FINISHED (23)
2026-05-18 21:10:00 Handler State: SEMI_FINISHED (23) -> HANDLER_IDLE (1)
2026-05-18 21:10:28 Handler State: HANDLER_IDLE (1) -> HANDLER_START (2)
2026-05-18 21:10:29 Handler State: HANDLER_START (2) -> DECIDE_CART (3)
2026-05-18 21:10:29 Selection: IFS is clean and its cartridge is cleaned.
2026-05-18 21:10:29 Selected Primary Cartridge: 6
2026-05-18 21:10:29 Selected Primary Station: 104
2026-05-18 21:10:29 Selected Secondary Cartridge: 0
2026-05-18 21:10:29 Selected Secondary Station: 0
2026-05-18 21:10:29 Selected Filling Volume: 513
2026-05-18 21:10:29 Handler State: DECIDE_CART (3) -> CHECK_SEC_CART (26)
2026-05-18 21:10:29 Handler State: CHECK_SEC_CART (26) -> PROBE_CART (24)
2026-05-18 21:10:29 CartMove: Exchange 1, from 104
2026-05-18 21:10:29 CartMoveState: IDLE (1) -> FROM_MOVE (3)
2026-05-18 21:10:30 CartMoveState: FROM_MOVE (3) -> FROM_PROBE (19)
2026-05-18 21:10:31 Handler State: PROBE_CART (24) -> PROCESS_CART (6)
2026-05-18 21:10:32 Setting CBS color valve (FillIFS): 1
2026-05-18 21:10:33 Primed volume (FillIFS): 4.7498
2026-05-18 21:10:33 Re-Calculated Filling Volume: 513
2026-05-18 21:10:33 Setting CBS color valve (FillCart): 1
2026-05-18 21:11:00 Handler State: PROCESS_CART (6) -> EXCHANGE_ONE (7)
2026-05-18 21:11:00 CartMove: Exchange 1, from 104
2026-05-18 21:11:00 CartMoveState: FROM_PROBE (19) -> FROM_CART (4)
2026-05-18 21:11:05 Setting CBS color valve (Finished): 0
2026-05-18 21:11:07 CartMoveState: FROM_CART (4) -> TO_MOVE (10)
2026-05-18 21:11:09 CartMoveState: TO_MOVE (10) -> EXCH_1_WAIT (14)
2026-05-18 21:11:09 Handler State: EXCHANGE_ONE (7) -> START_DCU (8)
2026-05-18 21:11:09 Handler State: START_DCU (8) -> EXCHANGE_TWO (9)
2026-05-18 21:11:09 CartMove: Exchange 2
2026-05-18 21:11:09 CartMoveState: EXCH_1_WAIT (14) -> EXCH_1_CART (15)
2026-05-18 21:11:12 CartMoveState: EXCH_1_CART (15) -> EXCH_2_MOVE (16)
2026-05-18 21:11:13 CartMoveState: EXCH_2_MOVE (16) -> EXCH_2_CART (17)
2026-05-18 21:11:15 CartMoveState: EXCH_2_CART (17) -> STORE_DECIDE (18)
2026-05-18 21:11:15 Used volume for last job: 270.724
2026-05-18 21:11:15 Handler State: EXCHANGE_TWO (9) -> WAIT_FOR_DCU (10)
2026-05-18 21:11:17 Handler State: WAIT_FOR_DCU (10) -> EXCHANGE_THREE (11)
2026-05-18 21:11:17 CartMove: Exchange 3
2026-05-18 21:11:17 CartMoveState: STORE_DECIDE (18) -> AUX_DECIDE (5)
2026-05-18 21:11:17 CartMoveState: AUX_DECIDE (5) -> TO_MOVE (10)
2026-05-18 21:11:17 CartMoveState: TO_MOVE (10) -> TO_CART (11)
2026-05-18 21:11:20 CartMoveState: TO_CART (11) -> HOME_MOVE (12)
2026-05-18 21:11:20 CartMoveState: HOME_MOVE (12) -> HALT (13)
2026-05-18 21:11:20 CartMoveState: HALT (13) -> IDLE (1)
2026-05-18 21:11:20 Handler State: EXCHANGE_THREE (11) -> POST_PROCESS (12)
2026-05-18 21:11:21 Handler State: POST_PROCESS (12) -> MOVE_ARM_HOME (14)
2026-05-18 21:11:21 Handler State: MOVE_ARM_HOME (14) -> HANDLER_IDLE (1)
2026-05-18 21:15:46 Handler State: HANDLER_IDLE (1) -> SEMI_START (15)
2026-05-18 21:15:46 Handler State: SEMI_START (15) -> SEMI_PROBE_CART (25)
2026-05-18 21:15:49 Handler State: SEMI_PROBE_CART (25) -> SEMI_PROCESS (16)
2026-05-18 21:16:22 Re-Calculated Filling Volume: 0
2026-05-18 21:16:27 Setting CBS color valve (Finished): 0
2026-05-18 21:16:27 Handler State: SEMI_PROCESS (16) -> SEMI_WHAT_NEXT (21)
2026-05-18 21:16:27 Handler State: SEMI_WHAT_NEXT (21) -> SEMI_FINISHED (23)
2026-05-18 21:16:27 Handler State: SEMI_FINISHED (23) -> HANDLER_IDLE (1)
2026-05-18 21:18:21 Handler State: HANDLER_IDLE (1) -> SEMI_START (15)
2026-05-18 21:18:21 Handler State: SEMI_START (15) -> SEMI_TO_IFS (18)
2026-05-18 21:18:21 CartMove: Move, from 107 to 104
2026-05-18 21:18:21 CartMoveState: IDLE (1) -> FROM_MOVE (3)
2026-05-18 21:18:22 CartMoveState: FROM_MOVE (3) -> FROM_CART (4)
2026-05-18 21:18:25 CartMoveState: FROM_CART (4) -> AUX_DECIDE (5)
2026-05-18 21:18:25 CartMoveState: AUX_DECIDE (5) -> TO_MOVE (10)
2026-05-18 21:18:26 CartMoveState: TO_MOVE (10) -> TO_CART (11)
2026-05-18 21:18:28 CartMoveState: TO_CART (11) -> HOME_MOVE (12)
2026-05-18 21:18:29 CartMoveState: HOME_MOVE (12) -> HALT (13)
2026-05-18 21:18:29 CartMoveState: HALT (13) -> IDLE (1)
2026-05-18 21:18:29 Handler State: SEMI_TO_IFS (18) -> SEMI_PROBE_CART (25)
2026-05-18 21:18:32 Handler State: SEMI_PROBE_CART (25) -> SEMI_PROCESS (16)
2026-05-18 21:19:05 Re-Calculated Filling Volume: 0
2026-05-18 21:19:10 Setting CBS color valve (Finished): 0
2026-05-18 21:19:10 Handler State: SEMI_PROCESS (16) -> SEMI_FROM_IFS (20)
2026-05-18 21:19:10 CartMove: Move, from 104 to 107
2026-05-18 21:19:10 CartMoveState: IDLE (1) -> FROM_MOVE (3)
2026-05-18 21:19:10 CartMoveState: FROM_MOVE (3) -> FROM_CART (4)
2026-05-18 21:19:13 CartMoveState: FROM_CART (4) -> AUX_DECIDE (5)
2026-05-18 21:19:13 CartMoveState: AUX_DECIDE (5) -> TO_MOVE (10)
2026-05-18 21:19:15 CartMoveState: TO_MOVE (10) -> TO_CART (11)
2026-05-18 21:19:17 CartMoveState: TO_CART (11) -> HOME_MOVE (12)
2026-05-18 21:19:18 CartMoveState: HOME_MOVE (12) -> HALT (13)
2026-05-18 21:19:18 CartMoveState: HALT (13) -> IDLE (1)
2026-05-18 21:19:18 Handler State: SEMI_FROM_IFS (20) -> SEMI_WHAT_NEXT (21)
2026-05-18 21:19:18 Handler State: SEMI_WHAT_NEXT (21) -> SEMI_FINISHED (23)
2026-05-18 21:19:18 Handler State: SEMI_FINISHED (23) -> HANDLER_IDLE (1)
2026-05-18 21:31:09 Handler State: HANDLER_IDLE (1) -> HANDLER_START (2)
2026-05-18 21:31:10 Handler State: HANDLER_START (2) -> DECIDE_CART (3)
2026-05-18 21:31:10 Selection: IFS is clean and its cartridge is cleaned.
2026-05-18 21:31:10 Selected Primary Cartridge: 1
2026-05-18 21:31:10 Selected Primary Station: 102
2026-05-18 21:31:10 Selected Secondary Cartridge: 0
2026-05-18 21:31:10 Selected Secondary Station: 0
2026-05-18 21:31:10 Selected Filling Volume: 538
2026-05-18 21:31:10 Handler State: DECIDE_CART (3) -> CHECK_SEC_CART (26)
2026-05-18 21:31:10 Handler State: CHECK_SEC_CART (26) -> PROBE_CART (24)
2026-05-18 21:31:10 CartMove: Exchange 1, from 102
2026-05-18 21:31:10 CartMoveState: IDLE (1) -> FROM_MOVE (3)
2026-05-18 21:31:11 CartMoveState: FROM_MOVE (3) -> FROM_PROBE (19)
2026-05-18 21:31:12 Handler State: PROBE_CART (24) -> PROCESS_CART (6)
2026-05-18 21:31:12 Setting CBS color valve (FillIFS): 1
2026-05-18 21:31:14 Primed volume (FillIFS): 2.14713
2026-05-18 21:31:14 Re-Calculated Filling Volume: 538
2026-05-18 21:31:14 Setting CBS color valve (FillCart): 1
2026-05-18 21:31:36 Handler State: PROCESS_CART (6) -> EXCHANGE_ONE (7)
2026-05-18 21:31:36 CartMove: Exchange 1, from 102
2026-05-18 21:31:36 CartMoveState: FROM_PROBE (19) -> FROM_CART (4)
2026-05-18 21:31:43 Setting CBS color valve (Finished): 0
2026-05-18 21:31:45 CartMoveState: FROM_CART (4) -> TO_MOVE (10)
2026-05-18 21:31:47 CartMoveState: TO_MOVE (10) -> EXCH_1_WAIT (14)
2026-05-18 21:31:47 Handler State: EXCHANGE_ONE (7) -> START_DCU (8)
2026-05-18 21:31:47 Handler State: START_DCU (8) -> EXCHANGE_TWO (9)
2026-05-18 21:31:47 CartMove: Exchange 2
2026-05-18 21:31:47 CartMoveState: EXCH_1_WAIT (14) -> EXCH_1_CART (15)
2026-05-18 21:31:50 CartMoveState: EXCH_1_CART (15) -> EXCH_2_MOVE (16)
2026-05-18 21:31:51 CartMoveState: EXCH_2_MOVE (16) -> EXCH_2_CART (17)
2026-05-18 21:31:53 CartMoveState: EXCH_2_CART (17) -> STORE_DECIDE (18)
2026-05-18 21:31:53 Used volume for last job: 460.246
2026-05-18 21:31:53 Handler State: EXCHANGE_TWO (9) -> WAIT_FOR_DCU (10)
2026-05-18 21:31:55 Handler State: WAIT_FOR_DCU (10) -> EXCHANGE_THREE (11)
2026-05-18 21:31:55 CartMove: Exchange 3
2026-05-18 21:31:55 CartMoveState: STORE_DECIDE (18) -> AUX_DECIDE (5)
2026-05-18 21:31:55 CartMoveState: AUX_DECIDE (5) -> TO_MOVE (10)
2026-05-18 21:31:55 CartMoveState: TO_MOVE (10) -> TO_CART (11)
2026-05-18 21:31:57 CartMoveState: TO_CART (11) -> HOME_MOVE (12)
2026-05-18 21:31:59 CartMoveState: HOME_MOVE (12) -> HALT (13)
2026-05-18 21:31:59 CartMoveState: HALT (13) -> IDLE (1)
2026-05-18 21:31:59 Handler State: EXCHANGE_THREE (11) -> POST_PROCESS (12)
2026-05-18 21:31:59 Handler State: POST_PROCESS (12) -> MOVE_ARM_HOME (14)
2026-05-18 21:31:59 Handler State: MOVE_ARM_HOME (14) -> HANDLER_IDLE (1)
2026-05-18 21:32:10 Handler State: HANDLER_IDLE (1) -> HANDLER_START (2)
2026-05-18 21:32:10 Handler State: HANDLER_START (2) -> DECIDE_CART (3)
2026-05-18 21:32:10 Selection: IFS is clean and its cartridge is cleaned.
2026-05-18 21:32:10 Selected Primary Cartridge: 2
2026-05-18 21:32:10 Selected Primary Station: 103
2026-05-18 21:32:10 Selected Secondary Cartridge: 0
2026-05-18 21:32:10 Selected Secondary Station: 0
2026-05-18 21:32:10 Selected Filling Volume: 433
2026-05-18 21:32:10 Handler State: DECIDE_CART (3) -> CHECK_SEC_CART (26)
2026-05-18 21:32:10 Handler State: CHECK_SEC_CART (26) -> PROBE_CART (24)
2026-05-18 21:32:10 CartMove: Exchange 1, from 103
2026-05-18 21:32:10 CartMoveState: IDLE (1) -> FROM_MOVE (3)
2026-05-18 21:32:11 CartMoveState: FROM_MOVE (3) -> FROM_PROBE (19)
2026-05-18 21:32:12 Handler State: PROBE_CART (24) -> PROCESS_CART (6)
2026-05-18 21:32:12 Setting CBS color valve (FillIFS): 1
2026-05-18 21:32:14 Primed volume (FillIFS): 1.86925
2026-05-18 21:32:14 Re-Calculated Filling Volume: 433
2026-05-18 21:32:14 Setting CBS color valve (FillCart): 1
2026-05-18 21:32:34 Handler State: PROCESS_CART (6) -> EXCHANGE_ONE (7)
2026-05-18 21:32:34 CartMove: Exchange 1, from 103
2026-05-18 21:32:34 CartMoveState: FROM_PROBE (19) -> FROM_CART (4)
2026-05-18 21:32:39 Setting CBS color valve (Finished): 0
2026-05-18 21:32:41 CartMoveState: FROM_CART (4) -> TO_MOVE (10)
2026-05-18 21:32:43 CartMoveState: TO_MOVE (10) -> EXCH_1_WAIT (14)
2026-05-18 21:32:43 Handler State: EXCHANGE_ONE (7) -> START_DCU (8)
2026-05-18 21:36:19 Handler State: START_DCU (8) -> EXCHANGE_TWO (9)
2026-05-18 21:36:19 CartMove: Exchange 2
2026-05-18 21:36:30 CartMoveState: EXCH_1_WAIT (14) -> EXCH_1_CART (15)
2026-05-18 21:36:33 CartMoveState: EXCH_1_CART (15) -> EXCH_2_MOVE (16)
2026-05-18 21:36:34 CartMoveState: EXCH_2_MOVE (16) -> EXCH_2_CART (17)
2026-05-18 21:36:36 CartMoveState: EXCH_2_CART (17) -> STORE_DECIDE (18)
2026-05-18 21:36:36 Used volume for last job: 485.89
2026-05-18 21:36:36 Handler State: EXCHANGE_TWO (9) -> WAIT_FOR_DCU (10)
2026-05-18 21:36:38 Handler State: WAIT_FOR_DCU (10) -> EXCHANGE_THREE (11)
2026-05-18 21:36:38 CartMove: Exchange 3
2026-05-18 21:36:38 CartMoveState: STORE_DECIDE (18) -> AUX_DECIDE (5)
2026-05-18 21:36:38 CartMoveState: AUX_DECIDE (5) -> TO_MOVE (10)
2026-05-18 21:36:38 CartMoveState: TO_MOVE (10) -> TO_CART (11)
2026-05-18 21:36:40 CartMoveState: TO_CART (11) -> HOME_MOVE (12)
2026-05-18 21:36:40 CartMoveState: HOME_MOVE (12) -> HALT (13)
2026-05-18 21:36:40 CartMoveState: HALT (13) -> IDLE (1)
2026-05-18 21:36:40 Handler State: EXCHANGE_THREE (11) -> POST_PROCESS (12)
2026-05-18 21:36:40 Handler State: POST_PROCESS (12) -> MOVE_ARM_HOME (14)
2026-05-18 21:36:40 Handler State: MOVE_ARM_HOME (14) -> HANDLER_IDLE (1)
2026-05-18 21:39:51 Handler State: HANDLER_IDLE (1) -> HANDLER_START (2)
2026-05-18 21:39:52 Handler State: HANDLER_START (2) -> DECIDE_CART (3)
2026-05-18 21:39:52 Selection: IFS is clean.
2026-05-18 21:39:52 Selection: Cartridge is clean.
2026-05-18 21:39:52 Selected Primary Cartridge: 3
2026-05-18 21:39:52 Selected Primary Station: 104
2026-05-18 21:39:52 Selected Secondary Cartridge: 0
2026-05-18 21:39:52 Selected Secondary Station: 0
2026-05-18 21:39:52 Selected Filling Volume: 521
2026-05-18 21:39:52 Handler State: DECIDE_CART (3) -> REMOVE_CART (4)
2026-05-18 21:39:52 CartMove: Move, from 104 to 108
2026-05-18 21:39:52 CartMoveState: IDLE (1) -> FROM_MOVE (3)
2026-05-18 21:39:53 CartMoveState: FROM_MOVE (3) -> FROM_CART (4)
2026-05-18 21:39:56 CartMoveState: FROM_CART (4) -> AUX_DECIDE (5)
2026-05-18 21:39:56 CartMoveState: AUX_DECIDE (5) -> TO_MOVE (10)
2026-05-18 21:39:57 CartMoveState: TO_MOVE (10) -> TO_CART (11)
2026-05-18 21:39:59 CartMoveState: TO_CART (11) -> HOME_MOVE (12)
2026-05-18 21:40:01 CartMoveState: HOME_MOVE (12) -> HALT (13)
2026-05-18 21:40:01 CartMoveState: HALT (13) -> IDLE (1)
2026-05-18 21:40:01 Handler State: REMOVE_CART (4) -> PLACE_CART (5)
2026-05-18 21:40:01 CartMove: Move, from 107 to 104
2026-05-18 21:40:01 CartMoveState: IDLE (1) -> FROM_MOVE (3)
2026-05-18 21:40:02 CartMoveState: FROM_MOVE (3) -> FROM_CART (4)
2026-05-18 21:40:05 CartMoveState: FROM_CART (4) -> AUX_DECIDE (5)
2026-05-18 21:40:05 CartMoveState: AUX_DECIDE (5) -> TO_MOVE (10)
2026-05-18 21:40:06 CartMoveState: TO_MOVE (10) -> TO_CART (11)
2026-05-18 21:40:09 CartMoveState: TO_CART (11) -> HOME_MOVE (12)
2026-05-18 21:40:09 CartMoveState: HOME_MOVE (12) -> HALT (13)
2026-05-18 21:40:09 CartMoveState: HALT (13) -> IDLE (1)
2026-05-18 21:40:09 Handler State: PLACE_CART (5) -> CHECK_SEC_CART (26)
2026-05-18 21:40:09 Handler State: CHECK_SEC_CART (26) -> PROBE_CART (24)
2026-05-18 21:40:09 CartMove: Exchange 1, from 104
2026-05-18 21:40:09 CartMoveState: IDLE (1) -> FROM_MOVE (3)
2026-05-18 21:40:10 CartMoveState: FROM_MOVE (3) -> FROM_PROBE (19)
2026-05-18 21:40:12 Handler State: PROBE_CART (24) -> PROCESS_CART (6)
2026-05-18 21:40:12 Setting CBS color valve (FillIFS): 1
2026-05-18 21:40:14 Primed volume (FillIFS): 2.04083
2026-05-18 21:40:14 Re-Calculated Filling Volume: 521
2026-05-18 21:40:14 Setting CBS color valve (FillCart): 1
2026-05-18 21:40:38 Handler State: PROCESS_CART (6) -> EXCHANGE_ONE (7)
2026-05-18 21:40:38 CartMove: Exchange 1, from 104
2026-05-18 21:40:38 CartMoveState: FROM_PROBE (19) -> FROM_CART (4)
2026-05-18 21:40:43 Setting CBS color valve (Finished): 0
2026-05-18 21:40:45 CartMoveState: FROM_CART (4) -> TO_MOVE (10)
2026-05-18 21:40:47 CartMoveState: TO_MOVE (10) -> EXCH_1_WAIT (14)
2026-05-18 21:40:47 Handler State: EXCHANGE_ONE (7) -> START_DCU (8)
2026-05-18 21:43:29 Handler State: START_DCU (8) -> EXCHANGE_TWO (9)
2026-05-18 21:43:29 CartMove: Exchange 2
2026-05-18 21:43:40 CartMoveState: EXCH_1_WAIT (14) -> EXCH_1_CART (15)
2026-05-18 21:43:43 CartMoveState: EXCH_1_CART (15) -> EXCH_2_MOVE (16)
2026-05-18 21:43:44 CartMoveState: EXCH_2_MOVE (16) -> EXCH_2_CART (17)
2026-05-18 21:43:46 CartMoveState: EXCH_2_CART (17) -> STORE_DECIDE (18)
2026-05-18 21:43:46 Used volume for last job: 380.411
2026-05-18 21:43:46 Handler State: EXCHANGE_TWO (9) -> WAIT_FOR_DCU (10)
2026-05-18 21:43:48 Handler State: WAIT_FOR_DCU (10) -> EXCHANGE_THREE (11)
2026-05-18 21:43:48 CartMove: Exchange 3
2026-05-18 21:43:48 CartMoveState: STORE_DECIDE (18) -> AUX_DECIDE (5)
2026-05-18 21:43:48 CartMoveState: AUX_DECIDE (5) -> TO_MOVE (10)
2026-05-18 21:43:48 CartMoveState: TO_MOVE (10) -> TO_CART (11)
2026-05-18 21:43:50 CartMoveState: TO_CART (11) -> HOME_MOVE (12)
2026-05-18 21:43:51 CartMoveState: HOME_MOVE (12) -> HALT (13)
2026-05-18 21:43:51 CartMoveState: HALT (13) -> IDLE (1)
2026-05-18 21:43:51 Handler State: EXCHANGE_THREE (11) -> POST_PROCESS (12)
2026-05-18 21:43:51 Handler State: POST_PROCESS (12) -> EMPTY_AUX (13)
2026-05-18 21:43:51 CartMove: Move, from 108 to 104
2026-05-18 21:43:51 CartMoveState: IDLE (1) -> FROM_MOVE (3)
2026-05-18 21:43:53 CartMoveState: FROM_MOVE (3) -> FROM_CART (4)
2026-05-18 21:43:55 CartMoveState: FROM_CART (4) -> AUX_DECIDE (5)
2026-05-18 21:43:55 CartMoveState: AUX_DECIDE (5) -> TO_MOVE (10)
2026-05-18 21:43:57 CartMoveState: TO_MOVE (10) -> TO_CART (11)
2026-05-18 21:43:59 CartMoveState: TO_CART (11) -> HOME_MOVE (12)
2026-05-18 21:44:00 CartMoveState: HOME_MOVE (12) -> HALT (13)
2026-05-18 21:44:00 CartMoveState: HALT (13) -> IDLE (1)
2026-05-18 21:44:00 Handler State: EMPTY_AUX (13) -> MOVE_ARM_HOME (14)
2026-05-18 21:44:00 Handler State: MOVE_ARM_HOME (14) -> HANDLER_IDLE (1)
2026-05-18 21:48:31 Handler State: HANDLER_IDLE (1) -> SEMI_START (15)
2026-05-18 21:48:31 Handler State: SEMI_START (15) -> SEMI_PROBE_CART (25)
2026-05-18 21:48:34 Handler State: SEMI_PROBE_CART (25) -> SEMI_PROCESS (16)
2026-05-18 21:49:07 Re-Calculated Filling Volume: 0
2026-05-18 21:49:13 Setting CBS color valve (Finished): 0
2026-05-18 21:49:13 Handler State: SEMI_PROCESS (16) -> SEMI_WHAT_NEXT (21)
2026-05-18 21:49:13 Handler State: SEMI_WHAT_NEXT (21) -> SEMI_FINISHED (23)
2026-05-18 21:49:13 Handler State: SEMI_FINISHED (23) -> HANDLER_IDLE (1)
2026-05-18 21:53:47 Handler State: HANDLER_IDLE (1) -> HANDLER_START (2)
2026-05-18 21:53:48 Handler State: HANDLER_START (2) -> DECIDE_CART (3)
2026-05-18 21:53:48 Selection: IFS is clean and its cartridge is cleaned.
2026-05-18 21:53:48 Selected Primary Cartridge: 2
2026-05-18 21:53:48 Selected Primary Station: 103
2026-05-18 21:53:48 Selected Secondary Cartridge: 0
2026-05-18 21:53:48 Selected Secondary Station: 0
2026-05-18 21:53:48 Selected Filling Volume: 345
2026-05-18 21:53:48 Handler State: DECIDE_CART (3) -> CHECK_SEC_CART (26)
2026-05-18 21:53:48 Handler State: CHECK_SEC_CART (26) -> PROBE_CART (24)
2026-05-18 21:53:48 CartMove: Exchange 1, from 103
2026-05-18 21:53:48 CartMoveState: IDLE (1) -> FROM_MOVE (3)
2026-05-18 21:53:48 CartMoveState: FROM_MOVE (3) -> FROM_PROBE (19)
2026-05-18 21:53:50 Handler State: PROBE_CART (24) -> PROCESS_CART (6)
2026-05-18 21:53:50 Setting CBS color valve (FillIFS): 1
2026-05-18 21:53:51 Primed volume (FillIFS): 2.23948
2026-05-18 21:53:51 Re-Calculated Filling Volume: 345
2026-05-18 21:53:51 Setting CBS color valve (FillCart): 1
2026-05-18 21:54:08 Handler State: PROCESS_CART (6) -> EXCHANGE_ONE (7)
2026-05-18 21:54:08 CartMove: Exchange 1, from 103
2026-05-18 21:54:08 CartMoveState: FROM_PROBE (19) -> FROM_CART (4)
2026-05-18 21:54:14 Setting CBS color valve (Finished): 0
2026-05-18 21:54:16 CartMoveState: FROM_CART (4) -> TO_MOVE (10)
2026-05-18 21:54:17 CartMoveState: TO_MOVE (10) -> EXCH_1_WAIT (14)
2026-05-18 21:54:17 Handler State: EXCHANGE_ONE (7) -> START_DCU (8)
2026-05-18 21:54:18 Handler State: START_DCU (8) -> EXCHANGE_TWO (9)
2026-05-18 21:54:18 CartMove: Exchange 2
2026-05-18 21:54:18 CartMoveState: EXCH_1_WAIT (14) -> EXCH_1_CART (15)
2026-05-18 21:54:20 CartMoveState: EXCH_1_CART (15) -> EXCH_2_MOVE (16)
2026-05-18 21:54:21 CartMoveState: EXCH_2_MOVE (16) -> EXCH_2_CART (17)
2026-05-18 21:54:23 CartMoveState: EXCH_2_CART (17) -> STORE_DECIDE (18)
2026-05-18 21:54:23 Used volume for last job: 468.465
2026-05-18 21:54:23 Handler State: EXCHANGE_TWO (9) -> WAIT_FOR_DCU (10)
2026-05-18 21:54:25 Handler State: WAIT_FOR_DCU (10) -> EXCHANGE_THREE (11)
2026-05-18 21:54:25 CartMove: Exchange 3
2026-05-18 21:54:25 CartMoveState: STORE_DECIDE (18) -> AUX_DECIDE (5)
2026-05-18 21:54:25 CartMoveState: AUX_DECIDE (5) -> TO_MOVE (10)
2026-05-18 21:54:27 CartMoveState: TO_MOVE (10) -> TO_CART (11)
2026-05-18 21:54:28 CartMoveState: TO_CART (11) -> HOME_MOVE (12)
2026-05-18 21:54:30 CartMoveState: HOME_MOVE (12) -> HALT (13)
2026-05-18 21:54:30 CartMoveState: HALT (13) -> IDLE (1)
2026-05-18 21:54:30 Handler State: EXCHANGE_THREE (11) -> POST_PROCESS (12)
2026-05-18 21:54:30 Handler State: POST_PROCESS (12) -> MOVE_ARM_HOME (14)
2026-05-18 21:54:30 Handler State: MOVE_ARM_HOME (14) -> HANDLER_IDLE (1)
2026-05-18 21:56:43 Handler State: HANDLER_IDLE (1) -> HANDLER_START (2)
2026-05-18 21:56:44 Handler State: HANDLER_START (2) -> DECIDE_CART (3)
2026-05-18 21:56:44 Selection: Last resort, just pick the first IFS.
2026-05-18 21:56:44 Selection: Cartridge has correct material.
2026-05-18 21:56:44 Selected Primary Cartridge: 6
2026-05-18 21:56:44 Selected Primary Station: 104
2026-05-18 21:56:44 Selected Secondary Cartridge: 0
2026-05-18 21:56:44 Selected Secondary Station: 0
2026-05-18 21:56:44 Selected Filling Volume: 302
2026-05-18 21:56:44 Handler State: DECIDE_CART (3) -> CHECK_SEC_CART (26)
2026-05-18 21:56:44 Handler State: CHECK_SEC_CART (26) -> PROBE_CART (24)
2026-05-18 21:56:44 CartMove: Exchange 1, from 104
2026-05-18 21:56:44 CartMoveState: IDLE (1) -> FROM_MOVE (3)
2026-05-18 21:56:45 CartMoveState: FROM_MOVE (3) -> FROM_PROBE (19)
2026-05-18 21:56:46 Handler State: PROBE_CART (24) -> PROCESS_CART (6)
2026-05-18 21:57:19 Setting CBS color valve (FillIFS): 2
2026-05-18 21:57:20 Primed volume (FillIFS): 4.48103
2026-05-18 21:57:20 Re-Calculated Filling Volume: 302
2026-05-18 21:57:20 Setting CBS color valve (FillCart): 2
2026-05-18 21:57:38 Handler State: PROCESS_CART (6) -> EXCHANGE_ONE (7)
2026-05-18 21:57:38 CartMove: Exchange 1, from 104
2026-05-18 21:57:38 CartMoveState: FROM_PROBE (19) -> FROM_CART (4)
2026-05-18 21:57:43 Setting CBS color valve (Finished): 0
2026-05-18 21:57:45 CartMoveState: FROM_CART (4) -> TO_MOVE (10)
2026-05-18 21:57:47 CartMoveState: TO_MOVE (10) -> EXCH_1_WAIT (14)
2026-05-18 21:57:47 Handler State: EXCHANGE_ONE (7) -> START_DCU (8)
2026-05-18 21:59:32 Handler State: START_DCU (8) -> EXCHANGE_TWO (9)
2026-05-18 21:59:32 CartMove: Exchange 2
2026-05-18 21:59:42 CartMoveState: EXCH_1_WAIT (14) -> EXCH_1_CART (15)
2026-05-18 21:59:45 CartMoveState: EXCH_1_CART (15) -> EXCH_2_MOVE (16)
2026-05-18 21:59:46 CartMoveState: EXCH_2_MOVE (16) -> EXCH_2_CART (17)
2026-05-18 21:59:48 CartMoveState: EXCH_2_CART (17) -> STORE_DECIDE (18)
2026-05-18 21:59:48 Used volume for last job: 295.902
2026-05-18 21:59:48 Handler State: EXCHANGE_TWO (9) -> WAIT_FOR_DCU (10)
2026-05-18 21:59:50 Handler State: WAIT_FOR_DCU (10) -> EXCHANGE_THREE (11)
2026-05-18 21:59:50 CartMove: Exchange 3
2026-05-18 21:59:50 CartMoveState: STORE_DECIDE (18) -> AUX_DECIDE (5)
2026-05-18 21:59:50 CartMoveState: AUX_DECIDE (5) -> TO_MOVE (10)
2026-05-18 21:59:51 CartMoveState: TO_MOVE (10) -> TO_CART (11)
2026-05-18 21:59:53 CartMoveState: TO_CART (11) -> HOME_MOVE (12)
2026-05-18 21:59:54 CartMoveState: HOME_MOVE (12) -> HALT (13)
2026-05-18 21:59:54 CartMoveState: HALT (13) -> IDLE (1)
2026-05-18 21:59:54 Handler State: EXCHANGE_THREE (11) -> POST_PROCESS (12)
2026-05-18 21:59:54 Handler State: POST_PROCESS (12) -> MOVE_ARM_HOME (14)
2026-05-18 21:59:54 Handler State: MOVE_ARM_HOME (14) -> HANDLER_IDLE (1)
2026-05-18 22:03:44 Handler State: HANDLER_IDLE (1) -> SEMI_START (15)
2026-05-18 22:03:44 Handler State: SEMI_START (15) -> SEMI_PROBE_CART (25)
2026-05-18 22:03:47 Handler State: SEMI_PROBE_CART (25) -> SEMI_PROCESS (16)
2026-05-18 22:04:23 Re-Calculated Filling Volume: 0
2026-05-18 22:04:30 Setting CBS color valve (Finished): 0
2026-05-18 22:04:30 Handler State: SEMI_PROCESS (16) -> SEMI_WHAT_NEXT (21)
2026-05-18 22:04:30 Handler State: SEMI_WHAT_NEXT (21) -> SEMI_FINISHED (23)
2026-05-18 22:04:31 Handler State: SEMI_FINISHED (23) -> HANDLER_IDLE (1)
2026-05-18 22:04:33 Handler State: HANDLER_IDLE (1) -> SEMI_START (15)
2026-05-18 22:04:33 Handler State: SEMI_START (15) -> SEMI_PROBE_CART (25)
2026-05-18 22:04:35 Handler State: SEMI_PROBE_CART (25) -> SEMI_PROCESS (16)
2026-05-18 22:05:08 Re-Calculated Filling Volume: 0
2026-05-18 22:05:13 Setting CBS color valve (Finished): 0
2026-05-18 22:05:13 Handler State: SEMI_PROCESS (16) -> SEMI_WHAT_NEXT (21)
2026-05-18 22:05:13 Handler State: SEMI_WHAT_NEXT (21) -> SEMI_FINISHED (23)
2026-05-18 22:05:13 Handler State: SEMI_FINISHED (23) -> HANDLER_IDLE (1)
2026-05-18 22:07:01 Handler State: HANDLER_IDLE (1) -> HANDLER_START (2)
2026-05-18 22:07:02 Handler State: HANDLER_START (2) -> EXCHANGE_ONE (7)
2026-05-18 22:07:02 CartMove: Exchange 1, from 0
2026-05-18 22:07:02 CartMoveState: IDLE (1) -> TO_MOVE (10)
2026-05-18 22:07:03 CartMoveState: TO_MOVE (10) -> EXCH_1_WAIT (14)
2026-05-18 22:07:03 Handler State: EXCHANGE_ONE (7) -> START_DCU (8)
2026-05-18 22:07:04 Handler State: START_DCU (8) -> EXCHANGE_TWO (9)
2026-05-18 22:07:04 CartMove: Exchange 2
2026-05-18 22:07:12 CartMoveState: EXCH_1_WAIT (14) -> EXCH_1_CART (15)
2026-05-18 22:07:15 CartMoveState: EXCH_1_CART (15) -> STORE_DECIDE (18)
2026-05-18 22:07:15 Used volume for last job: 204.263
2026-05-18 22:07:15 Handler State: EXCHANGE_TWO (9) -> WAIT_FOR_DCU (10)
2026-05-18 22:07:17 Handler State: WAIT_FOR_DCU (10) -> EXCHANGE_THREE (11)
2026-05-18 22:07:17 CartMove: Exchange 3
2026-05-18 22:07:17 CartMoveState: STORE_DECIDE (18) -> AUX_DECIDE (5)
2026-05-18 22:07:17 CartMoveState: AUX_DECIDE (5) -> TO_MOVE (10)
2026-05-18 22:07:18 CartMoveState: TO_MOVE (10) -> TO_CART (11)
2026-05-18 22:07:20 CartMoveState: TO_CART (11) -> HOME_MOVE (12)
2026-05-18 22:07:21 CartMoveState: HOME_MOVE (12) -> HALT (13)
2026-05-18 22:07:21 CartMoveState: HALT (13) -> IDLE (1)
2026-05-18 22:07:21 Handler State: EXCHANGE_THREE (11) -> POST_PROCESS (12)
2026-05-18 22:07:21 Handler State: POST_PROCESS (12) -> MOVE_ARM_HOME (14)
2026-05-18 22:07:21 Handler State: MOVE_ARM_HOME (14) -> HANDLER_IDLE (1)
2026-05-18 22:38:18 Handler State: HANDLER_IDLE (1) -> HANDLER_START (2)
2026-05-18 22:38:18 Handler State: HANDLER_START (2) -> DECIDE_CART (3)
2026-05-18 22:38:18 Selection: IFS is clean and its cartridge is cleaned.
2026-05-18 22:38:18 Selected Primary Cartridge: 1
2026-05-18 22:38:18 Selected Primary Station: 102
2026-05-18 22:38:18 Selected Secondary Cartridge: 0
2026-05-18 22:38:18 Selected Secondary Station: 0
2026-05-18 22:38:18 Selected Filling Volume: 337
2026-05-18 22:38:19 Handler State: DECIDE_CART (3) -> CHECK_SEC_CART (26)
2026-05-18 22:38:19 Handler State: CHECK_SEC_CART (26) -> PROBE_CART (24)
2026-05-18 22:38:19 CartMove: Exchange 1, from 102
2026-05-18 22:38:19 CartMoveState: IDLE (1) -> FROM_MOVE (3)
2026-05-18 22:38:19 CartMoveState: FROM_MOVE (3) -> FROM_PROBE (19)
2026-05-18 22:38:21 Handler State: PROBE_CART (24) -> PROCESS_CART (6)
2026-05-18 22:38:21 Setting CBS color valve (FillIFS): 1
2026-05-18 22:38:22 Primed volume (FillIFS): 2.23204
2026-05-18 22:38:22 Re-Calculated Filling Volume: 337
2026-05-18 22:38:22 Setting CBS color valve (FillCart): 1
2026-05-18 22:38:39 Handler State: PROCESS_CART (6) -> EXCHANGE_ONE (7)
2026-05-18 22:38:39 CartMove: Exchange 1, from 102
2026-05-18 22:38:39 CartMoveState: FROM_PROBE (19) -> FROM_CART (4)
2026-05-18 22:38:46 Setting CBS color valve (Finished): 0
2026-05-18 22:38:48 CartMoveState: FROM_CART (4) -> TO_MOVE (10)
2026-05-18 22:38:50 CartMoveState: TO_MOVE (10) -> EXCH_1_WAIT (14)
2026-05-18 22:38:50 Handler State: EXCHANGE_ONE (7) -> START_DCU (8)
2026-05-18 22:38:50 Handler State: START_DCU (8) -> EXCHANGE_TWO (9)
2026-05-18 22:38:50 CartMove: Exchange 2
2026-05-18 22:38:50 CartMoveState: EXCH_1_WAIT (14) -> EXCH_1_CART (15)
2026-05-18 22:38:52 CartMoveState: EXCH_1_CART (15) -> EXCH_2_MOVE (16)
2026-05-18 22:38:53 CartMoveState: EXCH_2_MOVE (16) -> EXCH_2_CART (17)
2026-05-18 22:38:55 CartMoveState: EXCH_2_CART (17) -> HOME_MOVE (12)
2026-05-18 22:38:55 Handler State: EXCHANGE_TWO (9) -> WAIT_FOR_DCU (10)
2026-05-18 22:38:56 Handler State: WAIT_FOR_DCU (10) -> EXCHANGE_THREE (11)
2026-05-18 22:38:56 CartMove: Exchange 3
2026-05-18 22:38:56 CartMoveState: HOME_MOVE (12) -> HALT (13)
2026-05-18 22:38:56 CartMoveState: HALT (13) -> IDLE (1)
2026-05-18 22:38:56 Handler State: EXCHANGE_THREE (11) -> POST_PROCESS (12)
2026-05-18 22:38:56 Handler State: POST_PROCESS (12) -> MOVE_ARM_HOME (14)
2026-05-18 22:38:57 Handler State: MOVE_ARM_HOME (14) -> HANDLER_IDLE (1)
2026-05-18 22:39:14 Handler State: HANDLER_IDLE (1) -> HANDLER_START (2)
2026-05-18 22:39:14 Handler State: HANDLER_START (2) -> DECIDE_CART (3)
2026-05-18 22:39:14 Selection: IFS is clean and its cartridge is cleaned.
2026-05-18 22:39:14 Selected Primary Cartridge: 2
2026-05-18 22:39:14 Selected Primary Station: 103
2026-05-18 22:39:14 Selected Secondary Cartridge: 0
2026-05-18 22:39:14 Selected Secondary Station: 0
2026-05-18 22:39:14 Selected Filling Volume: 301
2026-05-18 22:39:14 Handler State: DECIDE_CART (3) -> CHECK_SEC_CART (26)
2026-05-18 22:39:14 Handler State: CHECK_SEC_CART (26) -> PROBE_CART (24)
2026-05-18 22:39:14 CartMove: Exchange 1, from 103
2026-05-18 22:39:14 CartMoveState: IDLE (1) -> FROM_MOVE (3)
2026-05-18 22:39:15 CartMoveState: FROM_MOVE (3) -> FROM_PROBE (19)
2026-05-18 22:39:16 Handler State: PROBE_CART (24) -> PROCESS_CART (6)
2026-05-18 22:39:16 Setting CBS color valve (FillIFS): 2
2026-05-18 22:39:18 Primed volume (FillIFS): 1.4341
2026-05-18 22:39:18 Re-Calculated Filling Volume: 301
2026-05-18 22:39:18 Setting CBS color valve (FillCart): 2
2026-05-18 22:39:34 Handler State: PROCESS_CART (6) -> EXCHANGE_ONE (7)
2026-05-18 22:39:34 CartMove: Exchange 1, from 103
2026-05-18 22:39:34 CartMoveState: FROM_PROBE (19) -> FROM_CART (4)
2026-05-18 22:39:39 Setting CBS color valve (Finished): 0
2026-05-18 22:39:41 CartMoveState: FROM_CART (4) -> TO_MOVE (10)
2026-05-18 22:39:43 CartMoveState: TO_MOVE (10) -> EXCH_1_WAIT (14)
2026-05-18 22:39:43 Handler State: EXCHANGE_ONE (7) -> START_DCU (8)
2026-05-18 22:42:26 Handler State: START_DCU (8) -> EXCHANGE_TWO (9)
2026-05-18 22:42:26 CartMove: Exchange 2
2026-05-18 22:42:37 CartMoveState: EXCH_1_WAIT (14) -> EXCH_1_CART (15)
2026-05-18 22:42:40 CartMoveState: EXCH_1_CART (15) -> EXCH_2_MOVE (16)
2026-05-18 22:42:41 CartMoveState: EXCH_2_MOVE (16) -> EXCH_2_CART (17)
2026-05-18 22:42:43 CartMoveState: EXCH_2_CART (17) -> STORE_DECIDE (18)
2026-05-18 22:42:43 Used volume for last job: 289.003
2026-05-18 22:42:43 Handler State: EXCHANGE_TWO (9) -> WAIT_FOR_DCU (10)
2026-05-18 22:42:44 Handler State: WAIT_FOR_DCU (10) -> EXCHANGE_THREE (11)
2026-05-18 22:42:44 CartMove: Exchange 3
2026-05-18 22:42:44 CartMoveState: STORE_DECIDE (18) -> AUX_DECIDE (5)
2026-05-18 22:42:44 CartMoveState: AUX_DECIDE (5) -> TO_MOVE (10)
2026-05-18 22:42:44 CartMoveState: TO_MOVE (10) -> TO_CART (11)
2026-05-18 22:42:47 CartMoveState: TO_CART (11) -> HOME_MOVE (12)
2026-05-18 22:42:47 CartMoveState: HOME_MOVE (12) -> HALT (13)
2026-05-18 22:42:47 CartMoveState: HALT (13) -> IDLE (1)
2026-05-18 22:42:47 Handler State: EXCHANGE_THREE (11) -> POST_PROCESS (12)
2026-05-18 22:42:47 Handler State: POST_PROCESS (12) -> MOVE_ARM_HOME (14)
2026-05-18 22:42:47 Handler State: MOVE_ARM_HOME (14) -> HANDLER_IDLE (1)
2026-05-18 22:46:16 Handler State: HANDLER_IDLE (1) -> HANDLER_START (2)
2026-05-18 22:46:17 Handler State: HANDLER_START (2) -> DECIDE_CART (3)
2026-05-18 22:46:17 Selection: IFS has correct material and its cartridge has correct material.
2026-05-18 22:46:17 Selected Primary Cartridge: 6
2026-05-18 22:46:17 Selected Primary Station: 104
2026-05-18 22:46:17 Selected Secondary Cartridge: 0
2026-05-18 22:46:17 Selected Secondary Station: 0
2026-05-18 22:46:17 Selected Filling Volume: 317
2026-05-18 22:46:17 Handler State: DECIDE_CART (3) -> CHECK_SEC_CART (26)
2026-05-18 22:46:17 Handler State: CHECK_SEC_CART (26) -> PROBE_CART (24)
2026-05-18 22:46:17 CartMove: Exchange 1, from 104
2026-05-18 22:46:17 CartMoveState: IDLE (1) -> FROM_MOVE (3)
2026-05-18 22:46:18 CartMoveState: FROM_MOVE (3) -> FROM_PROBE (19)
2026-05-18 22:46:20 Handler State: PROBE_CART (24) -> PROCESS_CART (6)
2026-05-18 22:46:57 Setting CBS color valve (FillGate): 1
2026-05-18 22:46:58 Primed volume (FillGate): 1.80851
2026-05-18 22:46:58 Re-Calculated Filling Volume: 317
2026-05-18 22:46:58 Setting CBS color valve (FillCart): 1
2026-05-18 22:47:17 Handler State: PROCESS_CART (6) -> EXCHANGE_ONE (7)
2026-05-18 22:47:17 CartMove: Exchange 1, from 104
2026-05-18 22:47:17 CartMoveState: FROM_PROBE (19) -> FROM_CART (4)
2026-05-18 22:47:23 Setting CBS color valve (Finished): 0
2026-05-18 22:47:25 CartMoveState: FROM_CART (4) -> TO_MOVE (10)
2026-05-18 22:47:26 CartMoveState: TO_MOVE (10) -> EXCH_1_WAIT (14)
2026-05-18 22:47:26 Handler State: EXCHANGE_ONE (7) -> START_DCU (8)
2026-05-18 22:48:59 Handler State: START_DCU (8) -> EXCHANGE_TWO (9)
2026-05-18 22:48:59 CartMove: Exchange 2
2026-05-18 22:49:10 CartMoveState: EXCH_1_WAIT (14) -> EXCH_1_CART (15)
2026-05-18 22:49:13 CartMoveState: EXCH_1_CART (15) -> EXCH_2_MOVE (16)
2026-05-18 22:49:14 CartMoveState: EXCH_2_MOVE (16) -> EXCH_2_CART (17)
2026-05-18 22:49:16 CartMoveState: EXCH_2_CART (17) -> STORE_DECIDE (18)
2026-05-18 22:49:16 Used volume for last job: 249.364
2026-05-18 22:49:16 Handler State: EXCHANGE_TWO (9) -> WAIT_FOR_DCU (10)
2026-05-18 22:49:18 Handler State: WAIT_FOR_DCU (10) -> EXCHANGE_THREE (11)
2026-05-18 22:49:18 CartMove: Exchange 3
2026-05-18 22:49:18 CartMoveState: STORE_DECIDE (18) -> AUX_DECIDE (5)
2026-05-18 22:49:18 CartMoveState: AUX_DECIDE (5) -> TO_MOVE (10)
2026-05-18 22:49:18 CartMoveState: TO_MOVE (10) -> TO_CART (11)
2026-05-18 22:49:20 CartMoveState: TO_CART (11) -> HOME_MOVE (12)
2026-05-18 22:49:21 CartMoveState: HOME_MOVE (12) -> HALT (13)
2026-05-18 22:49:21 CartMoveState: HALT (13) -> IDLE (1)
2026-05-18 22:49:21 Handler State: EXCHANGE_THREE (11) -> POST_PROCESS (12)
2026-05-18 22:49:21 Handler State: POST_PROCESS (12) -> MOVE_ARM_HOME (14)
2026-05-18 22:49:21 Handler State: MOVE_ARM_HOME (14) -> HANDLER_IDLE (1)
2026-05-18 22:50:01 Handler State: HANDLER_IDLE (1) -> HANDLER_START (2)
2026-05-18 22:50:02 Handler State: HANDLER_START (2) -> DECIDE_CART (3)
2026-05-18 22:50:02 Selection: Last resort, just pick the first IFS.
2026-05-18 22:50:02 Selection: Last resort, just pick the first cartridge.
2026-05-18 22:50:02 Selected Primary Cartridge: 2
2026-05-18 22:50:02 Selected Primary Station: 103
2026-05-18 22:50:02 Selected Secondary Cartridge: 0
2026-05-18 22:50:02 Selected Secondary Station: 0
2026-05-18 22:50:02 Selected Filling Volume: 514
2026-05-18 22:50:02 Handler State: DECIDE_CART (3) -> CHECK_SEC_CART (26)
2026-05-18 22:50:02 Handler State: CHECK_SEC_CART (26) -> PROBE_CART (24)
2026-05-18 22:50:02 CartMove: Exchange 1, from 103
2026-05-18 22:50:02 CartMoveState: IDLE (1) -> FROM_MOVE (3)
2026-05-18 22:50:02 CartMoveState: FROM_MOVE (3) -> FROM_PROBE (19)
2026-05-18 22:50:04 Handler State: PROBE_CART (24) -> PROCESS_CART (6)
2026-05-18 22:50:37 Setting CBS color valve (FillIFS): 1
2026-05-18 22:50:38 Primed volume (FillIFS): 5.07448
2026-05-18 22:50:38 Re-Calculated Filling Volume: 514
2026-05-18 22:50:38 Setting CBS color valve (FillCart): 1
2026-05-18 22:50:59 Handler State: PROCESS_CART (6) -> EXCHANGE_ONE (7)
2026-05-18 22:50:59 CartMove: Exchange 1, from 103
2026-05-18 22:50:59 CartMoveState: FROM_PROBE (19) -> FROM_CART (4)
2026-05-18 22:51:04 Setting CBS color valve (Finished): 0
2026-05-18 22:51:06 CartMoveState: FROM_CART (4) -> TO_MOVE (10)
2026-05-18 22:51:08 CartMoveState: TO_MOVE (10) -> EXCH_1_WAIT (14)
2026-05-18 22:51:08 Handler State: EXCHANGE_ONE (7) -> START_DCU (8)
2026-05-18 22:52:35 Handler State: START_DCU (8) -> EXCHANGE_TWO (9)
2026-05-18 22:52:35 CartMove: Exchange 2
2026-05-18 22:52:46 CartMoveState: EXCH_1_WAIT (14) -> EXCH_1_CART (15)
2026-05-18 22:52:49 CartMoveState: EXCH_1_CART (15) -> EXCH_2_MOVE (16)
2026-05-18 22:52:50 CartMoveState: EXCH_2_MOVE (16) -> EXCH_2_CART (17)
2026-05-18 22:52:52 CartMoveState: EXCH_2_CART (17) -> STORE_DECIDE (18)
2026-05-18 22:52:52 Used volume for last job: 265.438
2026-05-18 22:52:52 Handler State: EXCHANGE_TWO (9) -> WAIT_FOR_DCU (10)
2026-05-18 22:52:54 Handler State: WAIT_FOR_DCU (10) -> EXCHANGE_THREE (11)
2026-05-18 22:52:54 CartMove: Exchange 3
2026-05-18 22:52:54 CartMoveState: STORE_DECIDE (18) -> AUX_DECIDE (5)
2026-05-18 22:52:54 CartMoveState: AUX_DECIDE (5) -> TO_MOVE (10)
2026-05-18 22:52:54 CartMoveState: TO_MOVE (10) -> TO_CART (11)
2026-05-18 22:52:56 CartMoveState: TO_CART (11) -> HOME_MOVE (12)
2026-05-18 22:52:58 CartMoveState: HOME_MOVE (12) -> HALT (13)
2026-05-18 22:52:58 CartMoveState: HALT (13) -> IDLE (1)
2026-05-18 22:52:58 Handler State: EXCHANGE_THREE (11) -> POST_PROCESS (12)
2026-05-18 22:52:58 Handler State: POST_PROCESS (12) -> MOVE_ARM_HOME (14)
2026-05-18 22:52:58 Handler State: MOVE_ARM_HOME (14) -> HANDLER_IDLE (1)
2026-05-18 22:53:38 Handler State: HANDLER_IDLE (1) -> HANDLER_START (2)
2026-05-18 22:53:39 Handler State: HANDLER_START (2) -> DECIDE_CART (3)
2026-05-18 22:53:39 Selection: Last resort, just pick the first IFS.
2026-05-18 22:53:39 Selection: Cartridge has correct material.
2026-05-18 22:53:39 Selected Primary Cartridge: 5
2026-05-18 22:53:39 Selected Primary Station: 103
2026-05-18 22:53:39 Selected Secondary Cartridge: 0
2026-05-18 22:53:39 Selected Secondary Station: 0
2026-05-18 22:53:39 Selected Filling Volume: 223
2026-05-18 22:53:39 Handler State: DECIDE_CART (3) -> PLACE_CART (5)
2026-05-18 22:53:39 CartMove: Move, from 106 to 103
2026-05-18 22:53:39 CartMoveState: IDLE (1) -> FROM_MOVE (3)
2026-05-18 22:53:40 CartMoveState: FROM_MOVE (3) -> FROM_CART (4)
2026-05-18 22:53:43 CartMoveState: FROM_CART (4) -> AUX_DECIDE (5)
2026-05-18 22:53:43 CartMoveState: AUX_DECIDE (5) -> TO_MOVE (10)
2026-05-18 22:53:45 CartMoveState: TO_MOVE (10) -> TO_CART (11)
2026-05-18 22:53:47 CartMoveState: TO_CART (11) -> HOME_MOVE (12)
2026-05-18 22:53:47 CartMoveState: HOME_MOVE (12) -> HALT (13)
2026-05-18 22:53:47 CartMoveState: HALT (13) -> IDLE (1)
2026-05-18 22:53:47 Handler State: PLACE_CART (5) -> CHECK_SEC_CART (26)
2026-05-18 22:53:47 Handler State: CHECK_SEC_CART (26) -> PROBE_CART (24)
2026-05-18 22:53:47 CartMove: Exchange 1, from 103
2026-05-18 22:53:47 CartMoveState: IDLE (1) -> FROM_MOVE (3)
2026-05-18 22:53:47 CartMoveState: FROM_MOVE (3) -> FROM_PROBE (19)
2026-05-18 22:53:49 Handler State: PROBE_CART (24) -> PROCESS_CART (6)
2026-05-18 22:54:13 Setting CBS color valve (FillIFS): 2
2026-05-18 22:54:15 Primed volume (FillIFS): 4.96068
2026-05-18 22:54:15 Re-Calculated Filling Volume: 223
2026-05-18 22:54:15 Setting CBS color valve (FillCart): 2
2026-05-18 22:54:29 Handler State: PROCESS_CART (6) -> EXCHANGE_ONE (7)
2026-05-18 22:54:29 CartMove: Exchange 1, from 103
2026-05-18 22:54:29 CartMoveState: FROM_PROBE (19) -> FROM_CART (4)
2026-05-18 22:54:35 Setting CBS color valve (Finished): 0
2026-05-18 22:54:37 CartMoveState: FROM_CART (4) -> TO_MOVE (10)
2026-05-18 22:54:38 CartMoveState: TO_MOVE (10) -> EXCH_1_WAIT (14)
2026-05-18 22:54:38 Handler State: EXCHANGE_ONE (7) -> START_DCU (8)
2026-05-18 22:57:31 Handler State: START_DCU (8) -> EXCHANGE_TWO (9)
2026-05-18 22:57:31 CartMove: Exchange 2
2026-05-18 22:57:42 CartMoveState: EXCH_1_WAIT (14) -> EXCH_1_CART (15)
2026-05-18 22:57:44 CartMoveState: EXCH_1_CART (15) -> EXCH_2_MOVE (16)
2026-05-18 22:57:45 CartMoveState: EXCH_2_MOVE (16) -> EXCH_2_CART (17)
2026-05-18 22:57:47 CartMoveState: EXCH_2_CART (17) -> STORE_DECIDE (18)
2026-05-18 22:57:47 Used volume for last job: 461.691
2026-05-18 22:57:47 Handler State: EXCHANGE_TWO (9) -> WAIT_FOR_DCU (10)
2026-05-18 22:57:49 Handler State: WAIT_FOR_DCU (10) -> EXCHANGE_THREE (11)
2026-05-18 22:57:49 CartMove: Exchange 3
2026-05-18 22:57:49 CartMoveState: STORE_DECIDE (18) -> AUX_DECIDE (5)
2026-05-18 22:57:49 CartMoveState: AUX_DECIDE (5) -> TO_MOVE (10)
2026-05-18 22:57:50 CartMoveState: TO_MOVE (10) -> TO_CART (11)
2026-05-18 22:57:52 CartMoveState: TO_CART (11) -> HOME_MOVE (12)
2026-05-18 22:57:53 CartMoveState: HOME_MOVE (12) -> HALT (13)
2026-05-18 22:57:53 CartMoveState: HALT (13) -> IDLE (1)
2026-05-18 22:57:53 Handler State: EXCHANGE_THREE (11) -> POST_PROCESS (12)
2026-05-18 22:57:53 Handler State: POST_PROCESS (12) -> MOVE_ARM_HOME (14)
2026-05-18 22:57:53 Handler State: MOVE_ARM_HOME (14) -> HANDLER_IDLE (1)
2026-05-18 23:03:18 Handler State: HANDLER_IDLE (1) -> SEMI_START (15)
2026-05-18 23:03:18 Handler State: SEMI_START (15) -> SEMI_PROBE_CART (25)
2026-05-18 23:03:22 Handler State: SEMI_PROBE_CART (25) -> SEMI_PROCESS (16)
2026-05-18 23:03:54 Re-Calculated Filling Volume: 0
2026-05-18 23:04:00 Setting CBS color valve (Finished): 0
2026-05-18 23:04:00 Handler State: SEMI_PROCESS (16) -> SEMI_WHAT_NEXT (21)
2026-05-18 23:04:00 Handler State: SEMI_WHAT_NEXT (21) -> SEMI_FINISHED (23)
2026-05-18 23:04:00 Handler State: SEMI_FINISHED (23) -> HANDLER_IDLE (1)
2026-05-18 23:04:03 Handler State: HANDLER_IDLE (1) -> SEMI_START (15)
2026-05-18 23:04:03 Handler State: SEMI_START (15) -> SEMI_PROBE_CART (25)
2026-05-18 23:04:06 Handler State: SEMI_PROBE_CART (25) -> SEMI_PROCESS (16)
2026-05-18 23:04:38 Re-Calculated Filling Volume: 0
2026-05-18 23:04:44 Setting CBS color valve (Finished): 0
2026-05-18 23:04:44 Handler State: SEMI_PROCESS (16) -> SEMI_WHAT_NEXT (21)
2026-05-18 23:04:44 Handler State: SEMI_WHAT_NEXT (21) -> SEMI_FINISHED (23)
2026-05-18 23:04:44 Handler State: SEMI_FINISHED (23) -> HANDLER_IDLE (1)
2026-05-18 23:04:46 Handler State: HANDLER_IDLE (1) -> SEMI_START (15)
2026-05-18 23:04:46 Handler State: SEMI_START (15) -> SEMI_PROBE_CART (25)
2026-05-18 23:04:50 Handler State: SEMI_PROBE_CART (25) -> SEMI_PROCESS (16)
2026-05-18 23:05:25 Re-Calculated Filling Volume: 0
2026-05-18 23:05:32 Setting CBS color valve (Finished): 0
2026-05-18 23:05:32 Handler State: SEMI_PROCESS (16) -> SEMI_WHAT_NEXT (21)
2026-05-18 23:05:32 Handler State: SEMI_WHAT_NEXT (21) -> SEMI_FINISHED (23)
2026-05-18 23:05:33 Handler State: SEMI_FINISHED (23) -> HANDLER_IDLE (1)
2026-05-18 23:06:46 Handler State: HANDLER_IDLE (1) -> HANDLER_START (2)
2026-05-18 23:06:47 Handler State: HANDLER_START (2) -> DECIDE_CART (3)
2026-05-18 23:06:47 Selection: IFS is clean and its cartridge is cleaned.
2026-05-18 23:06:47 Selected Primary Cartridge: 6
2026-05-18 23:06:47 Selected Primary Station: 104
2026-05-18 23:06:47 Selected Secondary Cartridge: 0
2026-05-18 23:06:47 Selected Secondary Station: 0
2026-05-18 23:06:47 Selected Filling Volume: 513
2026-05-18 23:06:47 Handler State: DECIDE_CART (3) -> CHECK_SEC_CART (26)
2026-05-18 23:06:47 Handler State: CHECK_SEC_CART (26) -> PROBE_CART (24)
2026-05-18 23:06:47 CartMove: Exchange 1, from 104
2026-05-18 23:06:47 CartMoveState: IDLE (1) -> FROM_MOVE (3)
2026-05-18 23:06:47 CartMoveState: FROM_MOVE (3) -> FROM_PROBE (19)
2026-05-18 23:06:49 Handler State: PROBE_CART (24) -> PROCESS_CART (6)
2026-05-18 23:06:49 Setting CBS color valve (FillIFS): 2
2026-05-18 23:06:51 Primed volume (FillIFS): 2.24441
2026-05-18 23:06:51 Re-Calculated Filling Volume: 513
2026-05-18 23:06:51 Setting CBS color valve (FillCart): 2
2026-05-18 23:07:15 Handler State: PROCESS_CART (6) -> EXCHANGE_ONE (7)
2026-05-18 23:07:15 CartMove: Exchange 1, from 104
2026-05-18 23:07:15 CartMoveState: FROM_PROBE (19) -> FROM_CART (4)
2026-05-18 23:07:20 Setting CBS color valve (Finished): 0
2026-05-18 23:07:22 CartMoveState: FROM_CART (4) -> TO_MOVE (10)
2026-05-18 23:07:24 CartMoveState: TO_MOVE (10) -> EXCH_1_WAIT (14)
2026-05-18 23:07:24 Handler State: EXCHANGE_ONE (7) -> START_DCU (8)
2026-05-18 23:07:24 Handler State: START_DCU (8) -> EXCHANGE_TWO (9)
2026-05-18 23:07:24 CartMove: Exchange 2
2026-05-18 23:07:24 CartMoveState: EXCH_1_WAIT (14) -> EXCH_1_CART (15)
2026-05-18 23:07:27 CartMoveState: EXCH_1_CART (15) -> EXCH_2_MOVE (16)
2026-05-18 23:07:28 CartMoveState: EXCH_2_MOVE (16) -> EXCH_2_CART (17)
2026-05-18 23:07:30 CartMoveState: EXCH_2_CART (17) -> STORE_DECIDE (18)
2026-05-18 23:07:30 Used volume for last job: 177.183
2026-05-18 23:07:30 Handler State: EXCHANGE_TWO (9) -> WAIT_FOR_DCU (10)
2026-05-18 23:07:32 Handler State: WAIT_FOR_DCU (10) -> EXCHANGE_THREE (11)
2026-05-18 23:07:32 CartMove: Exchange 3
2026-05-18 23:07:32 CartMoveState: STORE_DECIDE (18) -> AUX_DECIDE (5)
2026-05-18 23:07:32 CartMoveState: AUX_DECIDE (5) -> TO_MOVE (10)
2026-05-18 23:07:33 CartMoveState: TO_MOVE (10) -> TO_CART (11)
2026-05-18 23:07:35 CartMoveState: TO_CART (11) -> HOME_MOVE (12)
2026-05-18 23:07:37 CartMoveState: HOME_MOVE (12) -> HALT (13)
2026-05-18 23:07:37 CartMoveState: HALT (13) -> IDLE (1)
2026-05-18 23:07:37 Handler State: EXCHANGE_THREE (11) -> POST_PROCESS (12)
2026-05-18 23:07:37 Handler State: POST_PROCESS (12) -> MOVE_ARM_HOME (14)
2026-05-18 23:07:37 Handler State: MOVE_ARM_HOME (14) -> HANDLER_IDLE (1)
2026-05-18 23:08:05 Handler State: HANDLER_IDLE (1) -> HANDLER_START (2)
2026-05-18 23:08:06 Handler State: HANDLER_START (2) -> DECIDE_CART (3)
2026-05-18 23:08:06 Selection: IFS is clean and its cartridge is cleaned.
2026-05-18 23:08:06 Selected Primary Cartridge: 2
2026-05-18 23:08:06 Selected Primary Station: 103
2026-05-18 23:08:06 Selected Secondary Cartridge: 0
2026-05-18 23:08:06 Selected Secondary Station: 0
2026-05-18 23:08:06 Selected Filling Volume: 537
2026-05-18 23:08:06 Handler State: DECIDE_CART (3) -> CHECK_SEC_CART (26)
2026-05-18 23:08:06 Handler State: CHECK_SEC_CART (26) -> PROBE_CART (24)
2026-05-18 23:08:06 CartMove: Exchange 1, from 103
2026-05-18 23:08:06 CartMoveState: IDLE (1) -> FROM_MOVE (3)
2026-05-18 23:08:06 CartMoveState: FROM_MOVE (3) -> FROM_PROBE (19)
2026-05-18 23:08:07 Handler State: PROBE_CART (24) -> PROCESS_CART (6)
2026-05-18 23:08:07 Setting CBS color valve (FillIFS): 1
2026-05-18 23:08:09 Primed volume (FillIFS): 2.24431
2026-05-18 23:08:09 Re-Calculated Filling Volume: 537
2026-05-18 23:08:09 Setting CBS color valve (FillCart): 1
2026-05-18 23:08:31 Handler State: PROCESS_CART (6) -> EXCHANGE_ONE (7)
2026-05-18 23:08:31 CartMove: Exchange 1, from 103
2026-05-18 23:08:31 CartMoveState: FROM_PROBE (19) -> FROM_CART (4)
2026-05-18 23:08:36 Setting CBS color valve (Finished): 0
2026-05-18 23:08:38 CartMoveState: FROM_CART (4) -> TO_MOVE (10)
2026-05-18 23:08:40 CartMoveState: TO_MOVE (10) -> EXCH_1_WAIT (14)
2026-05-18 23:08:40 Handler State: EXCHANGE_ONE (7) -> START_DCU (8)
2026-05-18 23:11:59 Handler State: START_DCU (8) -> EXCHANGE_TWO (9)
2026-05-18 23:11:59 CartMove: Exchange 2
2026-05-18 23:12:10 CartMoveState: EXCH_1_WAIT (14) -> EXCH_1_CART (15)
2026-05-18 23:12:12 CartMoveState: EXCH_1_CART (15) -> EXCH_2_MOVE (16)
2026-05-18 23:12:13 CartMoveState: EXCH_2_MOVE (16) -> EXCH_2_CART (17)
2026-05-18 23:12:15 CartMoveState: EXCH_2_CART (17) -> STORE_DECIDE (18)
2026-05-18 23:12:15 Used volume for last job: 460.219
2026-05-18 23:12:15 Handler State: EXCHANGE_TWO (9) -> WAIT_FOR_DCU (10)
2026-05-18 23:12:17 Handler State: WAIT_FOR_DCU (10) -> EXCHANGE_THREE (11)
2026-05-18 23:12:17 CartMove: Exchange 3
2026-05-18 23:12:17 CartMoveState: STORE_DECIDE (18) -> AUX_DECIDE (5)
2026-05-18 23:12:17 CartMoveState: AUX_DECIDE (5) -> TO_MOVE (10)
2026-05-18 23:12:18 CartMoveState: TO_MOVE (10) -> TO_CART (11)
2026-05-18 23:12:21 CartMoveState: TO_CART (11) -> HOME_MOVE (12)
2026-05-18 23:12:22 CartMoveState: HOME_MOVE (12) -> HALT (13)
2026-05-18 23:12:22 CartMoveState: HALT (13) -> IDLE (1)
2026-05-18 23:12:22 Handler State: EXCHANGE_THREE (11) -> POST_PROCESS (12)
2026-05-18 23:12:22 Handler State: POST_PROCESS (12) -> MOVE_ARM_HOME (14)
2026-05-18 23:12:22 Handler State: MOVE_ARM_HOME (14) -> HANDLER_IDLE (1)
2026-05-18 23:16:57 Handler State: HANDLER_IDLE (1) -> HANDLER_START (2)
2026-05-18 23:16:58 Handler State: HANDLER_START (2) -> DECIDE_CART (3)
2026-05-18 23:16:58 Selection: IFS is clean and its cartridge is cleaned.
2026-05-18 23:16:58 Selected Primary Cartridge: 1
2026-05-18 23:16:58 Selected Primary Station: 102
2026-05-18 23:16:58 Selected Secondary Cartridge: 0
2026-05-18 23:16:58 Selected Secondary Station: 0
2026-05-18 23:16:58 Selected Filling Volume: 485
2026-05-18 23:16:58 Handler State: DECIDE_CART (3) -> CHECK_SEC_CART (26)
2026-05-18 23:16:58 Handler State: CHECK_SEC_CART (26) -> PROBE_CART (24)
2026-05-18 23:16:58 CartMove: Exchange 1, from 102
2026-05-18 23:16:58 CartMoveState: IDLE (1) -> FROM_MOVE (3)
2026-05-18 23:16:59 CartMoveState: FROM_MOVE (3) -> FROM_PROBE (19)
2026-05-18 23:17:01 Handler State: PROBE_CART (24) -> PROCESS_CART (6)
2026-05-18 23:17:01 Setting CBS color valve (FillIFS): 1
2026-05-18 23:17:02 Primed volume (FillIFS): 2.11424
2026-05-18 23:17:02 Re-Calculated Filling Volume: 485
2026-05-18 23:17:02 Setting CBS color valve (FillCart): 1
2026-05-18 23:17:23 Handler State: PROCESS_CART (6) -> EXCHANGE_ONE (7)
2026-05-18 23:17:23 CartMove: Exchange 1, from 102
2026-05-18 23:17:23 CartMoveState: FROM_PROBE (19) -> FROM_CART (4)
2026-05-18 23:17:30 Setting CBS color valve (Finished): 0
2026-05-18 23:17:32 CartMoveState: FROM_CART (4) -> TO_MOVE (10)
2026-05-18 23:17:33 CartMoveState: TO_MOVE (10) -> EXCH_1_WAIT (14)
2026-05-18 23:17:33 Handler State: EXCHANGE_ONE (7) -> START_DCU (8)
2026-05-18 23:17:34 Handler State: START_DCU (8) -> EXCHANGE_TWO (9)
2026-05-18 23:17:34 CartMove: Exchange 2
2026-05-18 23:17:34 CartMoveState: EXCH_1_WAIT (14) -> EXCH_1_CART (15)
2026-05-18 23:17:36 CartMoveState: EXCH_1_CART (15) -> EXCH_2_MOVE (16)
2026-05-18 23:17:37 CartMoveState: EXCH_2_MOVE (16) -> EXCH_2_CART (17)
2026-05-18 23:17:39 CartMoveState: EXCH_2_CART (17) -> STORE_DECIDE (18)
2026-05-18 23:17:39 Used volume for last job: 485.55
2026-05-18 23:17:39 Handler State: EXCHANGE_TWO (9) -> WAIT_FOR_DCU (10)
2026-05-18 23:17:41 Handler State: WAIT_FOR_DCU (10) -> EXCHANGE_THREE (11)
2026-05-18 23:17:41 CartMove: Exchange 3
2026-05-18 23:17:41 CartMoveState: STORE_DECIDE (18) -> AUX_DECIDE (5)
2026-05-18 23:17:41 CartMoveState: AUX_DECIDE (5) -> TO_MOVE (10)
2026-05-18 23:17:42 CartMoveState: TO_MOVE (10) -> TO_CART (11)
2026-05-18 23:17:44 CartMoveState: TO_CART (11) -> HOME_MOVE (12)
2026-05-18 23:17:45 CartMoveState: HOME_MOVE (12) -> HALT (13)
2026-05-18 23:17:45 CartMoveState: HALT (13) -> IDLE (1)
2026-05-18 23:17:45 Handler State: EXCHANGE_THREE (11) -> POST_PROCESS (12)
2026-05-18 23:17:45 Handler State: POST_PROCESS (12) -> MOVE_ARM_HOME (14)
2026-05-18 23:17:45 Handler State: MOVE_ARM_HOME (14) -> HANDLER_IDLE (1)
2026-05-18 23:24:05 Handler State: HANDLER_IDLE (1) -> SEMI_START (15)
2026-05-18 23:24:05 Handler State: SEMI_START (15) -> SEMI_PROBE_CART (25)
2026-05-18 23:24:09 Handler State: SEMI_PROBE_CART (25) -> SEMI_PROCESS (16)
2026-05-18 23:24:42 Re-Calculated Filling Volume: 0
2026-05-18 23:24:47 Setting CBS color valve (Finished): 0
2026-05-18 23:24:47 Handler State: SEMI_PROCESS (16) -> SEMI_WHAT_NEXT (21)
2026-05-18 23:24:47 Handler State: SEMI_WHAT_NEXT (21) -> SEMI_FINISHED (23)
2026-05-18 23:24:48 Handler State: SEMI_FINISHED (23) -> HANDLER_IDLE (1)
2026-05-18 23:24:51 Handler State: HANDLER_IDLE (1) -> SEMI_START (15)
2026-05-18 23:24:51 Handler State: SEMI_START (15) -> SEMI_TO_IFS (18)
2026-05-18 23:24:51 CartMove: Move, from 105 to 102
2026-05-18 23:24:51 CartMoveState: IDLE (1) -> FROM_MOVE (3)
2026-05-18 23:24:52 CartMoveState: FROM_MOVE (3) -> FROM_CART (4)
2026-05-18 23:24:54 CartMoveState: FROM_CART (4) -> AUX_DECIDE (5)
2026-05-18 23:24:54 CartMoveState: AUX_DECIDE (5) -> TO_MOVE (10)
2026-05-18 23:24:56 CartMoveState: TO_MOVE (10) -> TO_CART (11)
2026-05-18 23:24:58 CartMoveState: TO_CART (11) -> HOME_MOVE (12)
2026-05-18 23:24:59 CartMoveState: HOME_MOVE (12) -> HALT (13)
2026-05-18 23:24:59 CartMoveState: HALT (13) -> IDLE (1)
2026-05-18 23:24:59 Handler State: SEMI_TO_IFS (18) -> SEMI_PROBE_CART (25)
2026-05-18 23:25:02 Handler State: SEMI_PROBE_CART (25) -> SEMI_PROCESS (16)
2026-05-18 23:26:12 Re-Calculated Filling Volume: 0
2026-05-18 23:26:19 Setting CBS color valve (Finished): 0
2026-05-18 23:26:19 Handler State: SEMI_PROCESS (16) -> SEMI_FROM_IFS (20)
2026-05-18 23:26:19 CartMove: Move, from 102 to 105
2026-05-18 23:26:19 CartMoveState: IDLE (1) -> FROM_MOVE (3)
2026-05-18 23:26:19 CartMoveState: FROM_MOVE (3) -> FROM_CART (4)
2026-05-18 23:26:22 CartMoveState: FROM_CART (4) -> AUX_DECIDE (5)
2026-05-18 23:26:22 CartMoveState: AUX_DECIDE (5) -> TO_MOVE (10)
2026-05-18 23:26:23 CartMoveState: TO_MOVE (10) -> TO_CART (11)
2026-05-18 23:26:25 CartMoveState: TO_CART (11) -> HOME_MOVE (12)
2026-05-18 23:26:26 CartMoveState: HOME_MOVE (12) -> HALT (13)
2026-05-18 23:26:26 CartMoveState: HALT (13) -> IDLE (1)
2026-05-18 23:26:26 Handler State: SEMI_FROM_IFS (20) -> SEMI_WHAT_NEXT (21)
2026-05-18 23:26:26 Handler State: SEMI_WHAT_NEXT (21) -> SEMI_FINISHED (23)
2026-05-18 23:26:26 Handler State: SEMI_FINISHED (23) -> HANDLER_IDLE (1)
2026-05-18 23:27:34 Handler State: HANDLER_IDLE (1) -> HANDLER_START (2)
2026-05-18 23:27:35 Handler State: HANDLER_START (2) -> DECIDE_CART (3)
2026-05-18 23:27:35 Selection: IFS is clean and its cartridge is cleaned.
2026-05-18 23:27:35 Selected Primary Cartridge: 6
2026-05-18 23:27:35 Selected Primary Station: 104
2026-05-18 23:27:35 Selected Secondary Cartridge: 0
2026-05-18 23:27:35 Selected Secondary Station: 0
2026-05-18 23:27:35 Selected Filling Volume: 513
2026-05-18 23:27:35 Handler State: DECIDE_CART (3) -> CHECK_SEC_CART (26)
2026-05-18 23:27:35 Handler State: CHECK_SEC_CART (26) -> PROBE_CART (24)
2026-05-18 23:27:35 CartMove: Exchange 1, from 104
2026-05-18 23:27:35 CartMoveState: IDLE (1) -> FROM_MOVE (3)
2026-05-18 23:27:36 CartMoveState: FROM_MOVE (3) -> FROM_PROBE (19)
2026-05-18 23:27:37 Handler State: PROBE_CART (24) -> PROCESS_CART (6)
2026-05-18 23:27:37 Setting CBS color valve (FillIFS): 1
2026-05-18 23:27:39 Primed volume (FillIFS): 2.15927
2026-05-18 23:27:39 Re-Calculated Filling Volume: 513
2026-05-18 23:27:39 Setting CBS color valve (FillCart): 1
2026-05-18 23:28:05 Handler State: PROCESS_CART (6) -> EXCHANGE_ONE (7)
2026-05-18 23:28:05 CartMove: Exchange 1, from 104
2026-05-18 23:28:05 CartMoveState: FROM_PROBE (19) -> FROM_CART (4)
2026-05-18 23:28:11 Setting CBS color valve (Finished): 0
2026-05-18 23:28:13 CartMoveState: FROM_CART (4) -> TO_MOVE (10)
2026-05-18 23:28:15 CartMoveState: TO_MOVE (10) -> EXCH_1_WAIT (14)
2026-05-18 23:28:15 Handler State: EXCHANGE_ONE (7) -> START_DCU (8)
2026-05-18 23:28:15 Handler State: START_DCU (8) -> EXCHANGE_TWO (9)
2026-05-18 23:28:15 CartMove: Exchange 2
2026-05-18 23:28:15 CartMoveState: EXCH_1_WAIT (14) -> EXCH_1_CART (15)
2026-05-18 23:28:18 CartMoveState: EXCH_1_CART (15) -> EXCH_2_MOVE (16)
2026-05-18 23:28:19 CartMoveState: EXCH_2_MOVE (16) -> EXCH_2_CART (17)
2026-05-18 23:28:21 CartMoveState: EXCH_2_CART (17) -> STORE_DECIDE (18)
2026-05-18 23:28:21 Used volume for last job: 431.345
2026-05-18 23:28:21 Handler State: EXCHANGE_TWO (9) -> WAIT_FOR_DCU (10)
2026-05-18 23:28:22 Handler State: WAIT_FOR_DCU (10) -> EXCHANGE_THREE (11)
2026-05-18 23:28:22 CartMove: Exchange 3
2026-05-18 23:28:22 CartMoveState: STORE_DECIDE (18) -> AUX_DECIDE (5)
2026-05-18 23:28:22 CartMoveState: AUX_DECIDE (5) -> TO_MOVE (10)
2026-05-18 23:28:22 CartMoveState: TO_MOVE (10) -> TO_CART (11)
2026-05-18 23:28:25 CartMoveState: TO_CART (11) -> HOME_MOVE (12)
2026-05-18 23:28:25 CartMoveState: HOME_MOVE (12) -> HALT (13)
2026-05-18 23:28:25 CartMoveState: HALT (13) -> IDLE (1)
2026-05-18 23:28:25 Handler State: EXCHANGE_THREE (11) -> POST_PROCESS (12)
2026-05-18 23:28:25 Handler State: POST_PROCESS (12) -> MOVE_ARM_HOME (14)
2026-05-18 23:28:26 Handler State: MOVE_ARM_HOME (14) -> HANDLER_IDLE (1)
2026-05-18 23:32:59 Handler State: HANDLER_IDLE (1) -> SEMI_START (15)
2026-05-18 23:32:59 Handler State: SEMI_START (15) -> SEMI_TO_IFS (18)
2026-05-18 23:32:59 CartMove: Move, from 107 to 104
2026-05-18 23:32:59 CartMoveState: IDLE (1) -> FROM_MOVE (3)
2026-05-18 23:33:00 CartMoveState: FROM_MOVE (3) -> FROM_CART (4)
2026-05-18 23:33:03 CartMoveState: FROM_CART (4) -> AUX_DECIDE (5)
2026-05-18 23:33:03 CartMoveState: AUX_DECIDE (5) -> TO_MOVE (10)
2026-05-18 23:33:04 CartMoveState: TO_MOVE (10) -> TO_CART (11)
2026-05-18 23:33:07 CartMoveState: TO_CART (11) -> HOME_MOVE (12)
2026-05-18 23:33:07 CartMoveState: HOME_MOVE (12) -> HALT (13)
2026-05-18 23:33:07 CartMoveState: HALT (13) -> IDLE (1)
2026-05-18 23:33:07 Handler State: SEMI_TO_IFS (18) -> SEMI_PROBE_CART (25)
2026-05-18 23:33:11 Handler State: SEMI_PROBE_CART (25) -> SEMI_PROCESS (16)
2026-05-18 23:33:44 Re-Calculated Filling Volume: 0
2026-05-18 23:33:49 Setting CBS color valve (Finished): 0
2026-05-18 23:33:49 Handler State: SEMI_PROCESS (16) -> SEMI_FROM_IFS (20)
2026-05-18 23:33:49 CartMove: Move, from 104 to 107
2026-05-18 23:33:49 CartMoveState: IDLE (1) -> FROM_MOVE (3)
2026-05-18 23:33:49 CartMoveState: FROM_MOVE (3) -> FROM_CART (4)
2026-05-18 23:33:52 CartMoveState: FROM_CART (4) -> AUX_DECIDE (5)
2026-05-18 23:33:52 CartMoveState: AUX_DECIDE (5) -> TO_MOVE (10)
2026-05-18 23:33:54 CartMoveState: TO_MOVE (10) -> TO_CART (11)
2026-05-18 23:33:56 CartMoveState: TO_CART (11) -> HOME_MOVE (12)
2026-05-18 23:33:57 CartMoveState: HOME_MOVE (12) -> HALT (13)
2026-05-18 23:33:57 CartMoveState: HALT (13) -> IDLE (1)
2026-05-18 23:33:57 Handler State: SEMI_FROM_IFS (20) -> SEMI_WHAT_NEXT (21)
2026-05-18 23:33:57 Handler State: SEMI_WHAT_NEXT (21) -> SEMI_FINISHED (23)
2026-05-18 23:33:57 Handler State: SEMI_FINISHED (23) -> HANDLER_IDLE (1)
2026-05-18 23:34:00 Handler State: HANDLER_IDLE (1) -> SEMI_START (15)
2026-05-18 23:34:00 Handler State: SEMI_START (15) -> SEMI_PROBE_CART (25)
2026-05-18 23:34:03 Handler State: SEMI_PROBE_CART (25) -> SEMI_PROCESS (16)
2026-05-18 23:34:39 Re-Calculated Filling Volume: 0
2026-05-18 23:34:46 Setting CBS color valve (Finished): 0
2026-05-18 23:34:46 Handler State: SEMI_PROCESS (16) -> SEMI_WHAT_NEXT (21)
2026-05-18 23:34:46 Handler State: SEMI_WHAT_NEXT (21) -> SEMI_FINISHED (23)
2026-05-18 23:34:46 Handler State: SEMI_FINISHED (23) -> HANDLER_IDLE (1)
2026-05-18 23:35:11 Handler State: HANDLER_IDLE (1) -> HANDLER_START (2)
2026-05-18 23:35:12 Handler State: HANDLER_START (2) -> DECIDE_CART (3)
2026-05-18 23:35:12 Selection: IFS is clean and its cartridge is cleaned.
2026-05-18 23:35:12 Selected Primary Cartridge: 1
2026-05-18 23:35:12 Selected Primary Station: 102
2026-05-18 23:35:12 Selected Secondary Cartridge: 0
2026-05-18 23:35:12 Selected Secondary Station: 0
2026-05-18 23:35:12 Selected Filling Volume: 311
2026-05-18 23:35:12 Handler State: DECIDE_CART (3) -> CHECK_SEC_CART (26)
2026-05-18 23:35:12 Handler State: CHECK_SEC_CART (26) -> PROBE_CART (24)
2026-05-18 23:35:12 CartMove: Exchange 1, from 102
2026-05-18 23:35:12 CartMoveState: IDLE (1) -> FROM_MOVE (3)
2026-05-18 23:35:13 CartMoveState: FROM_MOVE (3) -> FROM_PROBE (19)
2026-05-18 23:35:15 Handler State: PROBE_CART (24) -> PROCESS_CART (6)
2026-05-18 23:35:15 Setting CBS color valve (FillIFS): 2
2026-05-18 23:35:16 Primed volume (FillIFS): 4.8144
2026-05-18 23:35:16 Re-Calculated Filling Volume: 311
2026-05-18 23:35:16 Setting CBS color valve (FillCart): 2
2026-05-18 23:35:32 Handler State: PROCESS_CART (6) -> EXCHANGE_ONE (7)
2026-05-18 23:35:32 CartMove: Exchange 1, from 102
2026-05-18 23:35:32 CartMoveState: FROM_PROBE (19) -> FROM_CART (4)
2026-05-18 23:35:39 Setting CBS color valve (Finished): 0
2026-05-18 23:35:41 CartMoveState: FROM_CART (4) -> TO_MOVE (10)
2026-05-18 23:35:42 CartMoveState: TO_MOVE (10) -> EXCH_1_WAIT (14)
2026-05-18 23:35:42 Handler State: EXCHANGE_ONE (7) -> START_DCU (8)
2026-05-18 23:35:43 Handler State: START_DCU (8) -> EXCHANGE_TWO (9)
2026-05-18 23:35:43 CartMove: Exchange 2
2026-05-18 23:35:43 CartMoveState: EXCH_1_WAIT (14) -> EXCH_1_CART (15)
2026-05-18 23:35:45 CartMoveState: EXCH_1_CART (15) -> EXCH_2_MOVE (16)
2026-05-18 23:35:46 CartMoveState: EXCH_2_MOVE (16) -> EXCH_2_CART (17)
2026-05-18 23:35:48 CartMoveState: EXCH_2_CART (17) -> STORE_DECIDE (18)
2026-05-18 23:35:48 Used volume for last job: 460.263
2026-05-18 23:35:48 Handler State: EXCHANGE_TWO (9) -> WAIT_FOR_DCU (10)
2026-05-18 23:35:50 Handler State: WAIT_FOR_DCU (10) -> EXCHANGE_THREE (11)
2026-05-18 23:35:50 CartMove: Exchange 3
2026-05-18 23:35:50 CartMoveState: STORE_DECIDE (18) -> AUX_DECIDE (5)
2026-05-18 23:35:50 CartMoveState: AUX_DECIDE (5) -> TO_MOVE (10)
2026-05-18 23:35:51 CartMoveState: TO_MOVE (10) -> TO_CART (11)
2026-05-18 23:35:53 CartMoveState: TO_CART (11) -> HOME_MOVE (12)
2026-05-18 23:35:54 CartMoveState: HOME_MOVE (12) -> HALT (13)
2026-05-18 23:35:54 CartMoveState: HALT (13) -> IDLE (1)
2026-05-18 23:35:54 Handler State: EXCHANGE_THREE (11) -> POST_PROCESS (12)
2026-05-18 23:35:54 Handler State: POST_PROCESS (12) -> MOVE_ARM_HOME (14)
2026-05-18 23:35:54 Handler State: MOVE_ARM_HOME (14) -> HANDLER_IDLE (1)
2026-05-18 23:40:00 Handler State: HANDLER_IDLE (1) -> HANDLER_START (2)
2026-05-18 23:40:01 Handler State: HANDLER_START (2) -> DECIDE_CART (3)
2026-05-18 23:40:01 Selection: IFS is clean and its cartridge has correct material.
2026-05-18 23:40:01 Selected Primary Cartridge: 6
2026-05-18 23:40:01 Selected Primary Station: 104
2026-05-18 23:40:01 Selected Secondary Cartridge: 0
2026-05-18 23:40:01 Selected Secondary Station: 0
2026-05-18 23:40:01 Selected Filling Volume: 513
2026-05-18 23:40:01 Handler State: DECIDE_CART (3) -> CHECK_SEC_CART (26)
2026-05-18 23:40:01 Handler State: CHECK_SEC_CART (26) -> PROBE_CART (24)
2026-05-18 23:40:01 CartMove: Exchange 1, from 104
2026-05-18 23:40:01 CartMoveState: IDLE (1) -> FROM_MOVE (3)
2026-05-18 23:40:02 CartMoveState: FROM_MOVE (3) -> FROM_PROBE (19)
2026-05-18 23:40:04 Handler State: PROBE_CART (24) -> PROCESS_CART (6)
2026-05-18 23:40:37 Setting CBS color valve (FillIFS): 2
2026-05-18 23:40:38 Primed volume (FillIFS): 4.99427
2026-05-18 23:40:38 Re-Calculated Filling Volume: 513
2026-05-18 23:40:38 Setting CBS color valve (FillCart): 2
2026-05-18 23:41:02 Handler State: PROCESS_CART (6) -> EXCHANGE_ONE (7)
2026-05-18 23:41:02 CartMove: Exchange 1, from 104
2026-05-18 23:41:02 CartMoveState: FROM_PROBE (19) -> FROM_CART (4)
2026-05-18 23:41:07 Setting CBS color valve (Finished): 0
2026-05-18 23:41:09 CartMoveState: FROM_CART (4) -> TO_MOVE (10)
2026-05-18 23:41:11 CartMoveState: TO_MOVE (10) -> EXCH_1_WAIT (14)
2026-05-18 23:41:11 Handler State: EXCHANGE_ONE (7) -> START_DCU (8)
2026-05-18 23:42:47 Handler State: START_DCU (8) -> EXCHANGE_TWO (9)
2026-05-18 23:42:47 CartMove: Exchange 2
2026-05-18 23:42:58 CartMoveState: EXCH_1_WAIT (14) -> EXCH_1_CART (15)
2026-05-18 23:43:00 CartMoveState: EXCH_1_CART (15) -> EXCH_2_MOVE (16)
2026-05-18 23:43:02 CartMoveState: EXCH_2_MOVE (16) -> EXCH_2_CART (17)
2026-05-18 23:43:04 CartMoveState: EXCH_2_CART (17) -> STORE_DECIDE (18)
2026-05-18 23:43:04 Used volume for last job: 261.215
2026-05-18 23:43:04 Handler State: EXCHANGE_TWO (9) -> WAIT_FOR_DCU (10)
2026-05-18 23:43:05 Handler State: WAIT_FOR_DCU (10) -> EXCHANGE_THREE (11)
2026-05-18 23:43:05 CartMove: Exchange 3
2026-05-18 23:43:05 CartMoveState: STORE_DECIDE (18) -> AUX_DECIDE (5)
2026-05-18 23:43:05 CartMoveState: AUX_DECIDE (5) -> TO_MOVE (10)
2026-05-18 23:43:05 CartMoveState: TO_MOVE (10) -> TO_CART (11)
2026-05-18 23:43:08 CartMoveState: TO_CART (11) -> HOME_MOVE (12)
2026-05-18 23:43:08 CartMoveState: HOME_MOVE (12) -> HALT (13)
2026-05-18 23:43:08 CartMoveState: HALT (13) -> IDLE (1)
2026-05-18 23:43:08 Handler State: EXCHANGE_THREE (11) -> POST_PROCESS (12)
2026-05-18 23:43:08 Handler State: POST_PROCESS (12) -> MOVE_ARM_HOME (14)
2026-05-18 23:43:08 Handler State: MOVE_ARM_HOME (14) -> HANDLER_IDLE (1)
2026-05-18 23:43:55 Handler State: HANDLER_IDLE (1) -> HANDLER_START (2)
2026-05-18 23:43:56 Handler State: HANDLER_START (2) -> DECIDE_CART (3)
2026-05-18 23:43:56 Selection: Last resort, just pick the first IFS.
2026-05-18 23:43:56 Selection: Cartridge is clean.
2026-05-18 23:43:56 Selected Primary Cartridge: 4
2026-05-18 23:43:56 Selected Primary Station: 102
2026-05-18 23:43:56 Selected Secondary Cartridge: 0
2026-05-18 23:43:56 Selected Secondary Station: 0
2026-05-18 23:43:56 Selected Filling Volume: 325
2026-05-18 23:43:56 Handler State: DECIDE_CART (3) -> REMOVE_CART (4)
2026-05-18 23:43:56 CartMove: Move, from 102 to 108
2026-05-18 23:43:56 CartMoveState: IDLE (1) -> FROM_MOVE (3)
2026-05-18 23:43:56 CartMoveState: FROM_MOVE (3) -> FROM_CART (4)
2026-05-18 23:43:59 CartMoveState: FROM_CART (4) -> AUX_DECIDE (5)
2026-05-18 23:43:59 CartMoveState: AUX_DECIDE (5) -> TO_MOVE (10)
2026-05-18 23:44:01 CartMoveState: TO_MOVE (10) -> TO_CART (11)
2026-05-18 23:44:03 CartMoveState: TO_CART (11) -> HOME_MOVE (12)
2026-05-18 23:44:05 CartMoveState: HOME_MOVE (12) -> HALT (13)
2026-05-18 23:44:05 CartMoveState: HALT (13) -> IDLE (1)
2026-05-18 23:44:05 Handler State: REMOVE_CART (4) -> PLACE_CART (5)
2026-05-18 23:44:05 CartMove: Move, from 105 to 102
2026-05-18 23:44:05 CartMoveState: IDLE (1) -> FROM_MOVE (3)
2026-05-18 23:44:06 CartMoveState: FROM_MOVE (3) -> FROM_CART (4)
2026-05-18 23:44:08 CartMoveState: FROM_CART (4) -> AUX_DECIDE (5)
2026-05-18 23:44:08 CartMoveState: AUX_DECIDE (5) -> TO_MOVE (10)
2026-05-18 23:44:10 CartMoveState: TO_MOVE (10) -> TO_CART (11)
2026-05-18 23:44:12 CartMoveState: TO_CART (11) -> HOME_MOVE (12)
2026-05-18 23:44:13 CartMoveState: HOME_MOVE (12) -> HALT (13)
2026-05-18 23:44:13 CartMoveState: HALT (13) -> IDLE (1)
2026-05-18 23:44:13 Handler State: PLACE_CART (5) -> CHECK_SEC_CART (26)
2026-05-18 23:44:13 Handler State: CHECK_SEC_CART (26) -> PROBE_CART (24)
2026-05-18 23:44:13 CartMove: Exchange 1, from 102
2026-05-18 23:44:13 CartMoveState: IDLE (1) -> FROM_MOVE (3)
2026-05-18 23:44:13 CartMoveState: FROM_MOVE (3) -> FROM_PROBE (19)
2026-05-18 23:44:15 Handler State: PROBE_CART (24) -> PROCESS_CART (6)
2026-05-18 23:44:43 Setting CBS color valve (FillIFS): 1
2026-05-18 23:44:45 Primed volume (FillIFS): 4.81509
2026-05-18 23:44:45 Re-Calculated Filling Volume: 325
2026-05-18 23:44:45 Setting CBS color valve (FillCart): 1
2026-05-18 23:44:57 Handler State: PROCESS_CART (6) -> EXCHANGE_ONE (7)
2026-05-18 23:44:57 CartMove: Exchange 1, from 102
2026-05-18 23:44:57 CartMoveState: FROM_PROBE (19) -> FROM_CART (4)
2026-05-18 23:45:04 Setting CBS color valve (Finished): 0
2026-05-18 23:45:06 CartMoveState: FROM_CART (4) -> TO_MOVE (10)
2026-05-18 23:45:07 CartMoveState: TO_MOVE (10) -> EXCH_1_WAIT (14)
2026-05-18 23:45:07 Handler State: EXCHANGE_ONE (7) -> START_DCU (8)
2026-05-18 23:47:40 Handler State: START_DCU (8) -> EXCHANGE_TWO (9)
2026-05-18 23:47:40 CartMove: Exchange 2
2026-05-18 23:47:51 CartMoveState: EXCH_1_WAIT (14) -> EXCH_1_CART (15)
2026-05-18 23:47:53 CartMoveState: EXCH_1_CART (15) -> EXCH_2_MOVE (16)
2026-05-18 23:47:55 CartMoveState: EXCH_2_MOVE (16) -> EXCH_2_CART (17)
2026-05-18 23:47:57 CartMoveState: EXCH_2_CART (17) -> STORE_DECIDE (18)
2026-05-18 23:47:57 Used volume for last job: 460.254
2026-05-18 23:47:57 Handler State: EXCHANGE_TWO (9) -> WAIT_FOR_DCU (10)
2026-05-18 23:47:58 Handler State: WAIT_FOR_DCU (10) -> EXCHANGE_THREE (11)
2026-05-18 23:47:58 CartMove: Exchange 3
2026-05-18 23:47:58 CartMoveState: STORE_DECIDE (18) -> AUX_DECIDE (5)
2026-05-18 23:47:58 CartMoveState: AUX_DECIDE (5) -> TO_MOVE (10)
2026-05-18 23:47:59 CartMoveState: TO_MOVE (10) -> TO_CART (11)
2026-05-18 23:48:01 CartMoveState: TO_CART (11) -> HOME_MOVE (12)
2026-05-18 23:48:02 CartMoveState: HOME_MOVE (12) -> HALT (13)
2026-05-18 23:48:02 CartMoveState: HALT (13) -> IDLE (1)
2026-05-18 23:48:02 Handler State: EXCHANGE_THREE (11) -> POST_PROCESS (12)
2026-05-18 23:48:02 Handler State: POST_PROCESS (12) -> EMPTY_AUX (13)
2026-05-18 23:48:02 CartMove: Move, from 108 to 102
2026-05-18 23:48:02 CartMoveState: IDLE (1) -> FROM_MOVE (3)
2026-05-18 23:48:04 CartMoveState: FROM_MOVE (3) -> FROM_CART (4)
2026-05-18 23:48:06 CartMoveState: FROM_CART (4) -> AUX_DECIDE (5)
2026-05-18 23:48:06 CartMoveState: AUX_DECIDE (5) -> TO_MOVE (10)
2026-05-18 23:48:08 CartMoveState: TO_MOVE (10) -> TO_CART (11)
2026-05-18 23:48:10 CartMoveState: TO_CART (11) -> HOME_MOVE (12)
2026-05-18 23:48:11 CartMoveState: HOME_MOVE (12) -> HALT (13)
2026-05-18 23:48:11 CartMoveState: HALT (13) -> IDLE (1)
2026-05-18 23:48:11 Handler State: EMPTY_AUX (13) -> MOVE_ARM_HOME (14)
2026-05-18 23:48:11 Handler State: MOVE_ARM_HOME (14) -> HANDLER_IDLE (1)
2026-05-18 23:53:26 Handler State: HANDLER_IDLE (1) -> SEMI_START (15)
2026-05-18 23:53:27 Handler State: SEMI_START (15) -> SEMI_PROBE_CART (25)
2026-05-18 23:53:30 Handler State: SEMI_PROBE_CART (25) -> SEMI_PROCESS (16)
2026-05-18 23:54:05 Re-Calculated Filling Volume: 0
2026-05-18 23:54:12 Setting CBS color valve (Finished): 0
2026-05-18 23:54:12 Handler State: SEMI_PROCESS (16) -> SEMI_WHAT_NEXT (21)
2026-05-18 23:54:12 Handler State: SEMI_WHAT_NEXT (21) -> SEMI_FINISHED (23)
2026-05-18 23:54:13 Handler State: SEMI_FINISHED (23) -> HANDLER_IDLE (1)
2026-05-18 23:56:55 Handler State: HANDLER_IDLE (1) -> HANDLER_START (2)
2026-05-18 23:56:56 Handler State: HANDLER_START (2) -> DECIDE_CART (3)
2026-05-18 23:56:56 Selection: IFS is clean and its cartridge is cleaned.
2026-05-18 23:56:56 Selected Primary Cartridge: 1
2026-05-18 23:56:56 Selected Primary Station: 102
2026-05-18 23:56:56 Selected Secondary Cartridge: 0
2026-05-18 23:56:56 Selected Secondary Station: 0
2026-05-18 23:56:56 Selected Filling Volume: 323
2026-05-18 23:56:56 Handler State: DECIDE_CART (3) -> CHECK_SEC_CART (26)
2026-05-18 23:56:56 Handler State: CHECK_SEC_CART (26) -> PROBE_CART (24)
2026-05-18 23:56:56 CartMove: Exchange 1, from 102
