2026-05-12 15:54:17  ---------------------------
2026-05-12 15:59:47  URUS_BC_INT " Skid: 232 Paint : 545.
2026-05-12 16:00:03  Prog : URUS_PA2_BC0_R12_INT_2026 Skid: 138 Calcul Vol : 497 Color: 8.
2026-05-12 16:00:03  ---------------------------
2026-05-12 16:04:41  URUS_BC_INT " Skid: 130 Paint : 412.
2026-05-12 16:05:09  Prog : URUS_PA2_BC0_HGL Skid: 52 Calcul Vol : 228 Color: 5.
2026-05-12 16:05:09  ---------------------------
2026-05-12 16:09:41  URUS_PR_INT " Skid: 130 Paint : 468.
2026-05-12 16:16:03  Prog : TEM_PRIM_R12_INT Skid: 33 Calcul Vol : 317 Color: 3.
2026-05-12 16:16:03  ---------------------------
2026-05-12 16:18:21  TEMERARIO_PR_INT " Skid: 56 Paint : 263.
2026-05-12 16:23:08 --- Trajectory EXT --- 
2026-05-12 16:23:08  HURACAN_AP_BC0_EXT1 " Skid: 56 Paint : 0.
2026-05-12 16:24:59  HURACAN_AP_BC0_EXT2 " Skid: 56 Paint : 0.
2026-05-12 16:24:59 ---  --- 
2026-05-12 16:32:57  Prog : URUS_PA2_BC0_R12_INT_2026 Skid: 108 Calcul Vol : 93 Color: 15.
2026-05-12 16:32:57  ---------------------------
2026-05-12 16:34:38  TEMERARIO_PR_INT " Skid: 33 Paint : 265.
2026-05-12 16:40:46  Prog : URUS_PA2_PR0_INT_2025 Skid: 158 Calcul Vol : 512 Color: 1.
2026-05-12 16:40:46  ---------------------------
2026-05-12 16:57:06  URUS_PR_INT " Skid: 158 Paint : 459.
2026-05-12 17:29:07  Prog : URUS_PA2_PR0_INT_2025 Skid: 206 Calcul Vol : 512 Color: 1.
2026-05-12 17:29:07  ---------------------------
2026-05-12 17:50:20  Prog : URUS_PA2_BC0_R12_INT_2026 Skid: 96 Calcul Vol : 497 Color: 8.
2026-05-12 17:50:20  ---------------------------
2026-05-12 17:59:05  Prog : URUS_PA2_PR0_INT_2025 Skid: 223 Calcul Vol : 520 Color: 3.
2026-05-12 17:59:05  ---------------------------
2026-05-12 18:02:02  URUS_PR_INT " Skid: 96 Paint : 460.
2026-05-12 18:07:04  URUS_BC_INT " Skid: 96 Paint : 443.
2026-05-12 18:14:08  Prog : TEM_PRIM_R12_INT Skid: 31 Calcul Vol : 317 Color: 3.
2026-05-12 18:14:08  ---------------------------
2026-05-12 18:15:56  URUS_PR_INT " Skid: 223 Paint : 466.
2026-05-12 18:18:02  File Access Error
2026-05-12 18:18:02  File Access Error
2026-05-12 18:18:02  File Access Error
2026-05-12 18:18:02  Prog : HURACAN_BC0_R12_BLACK_ROOF Skid: 103 Calcul Vol : 650 Color: 5.
2026-05-12 18:18:02  ---------------------------
2026-05-12 18:26:21  Prog : URUS_PA2_BC0_R12_INT_2026 Skid: 138 Calcul Vol : 497 Color: 8.
2026-05-12 18:26:21  ---------------------------
2026-05-12 18:27:49  TEMERARIO_PR_INT " Skid: 103 Paint : 265.
2026-05-12 18:30:09  Prog : TEM_PRIM_R12_INT Skid: 216 Calcul Vol : 317 Color: 3.
2026-05-12 18:30:09  ---------------------------
2026-05-12 18:35:12  Prog : URUS_PA2_BC0_R12_INT_2026 Skid: 126 Calcul Vol : 599 Color: 86.
2026-05-12 18:35:12  ---------------------------
2026-05-12 18:42:26  URUS_BC_INT " Skid: 216 Paint : 443.
2026-05-12 18:44:56  TEMERARIO_PR_INT " Skid: 216 Paint : 0.
2026-05-12 18:46:54  Prog : URUS_PA2_BC0_R12_INT_2026 Skid: 119 Calcul Vol : 485 Color: 35.
2026-05-12 18:46:54  ---------------------------
2026-05-12 18:50:52  Prog : URUS_PA2_PR0_INT_2025 Skid: 105 Calcul Vol : 521 Color: 3.
2026-05-12 18:50:52  ---------------------------
2026-05-12 18:53:46  URUS_BC_INT " Skid: 126 Paint : 546.
2026-05-12 18:57:57  Default Volume : TEM_BC0_R12_INT Skid: 56.
2026-05-12 18:57:59  Prog : TEM_BC0_R12_INT Skid: 56 Calcul Vol : 640 Color: 6.
2026-05-12 18:57:59  ---------------------------
2026-05-12 19:05:16  URUS_BC_INT " Skid: 105 Paint : 432.
2026-05-12 19:06:50  Prog : URUS_PA2_PR0_INT_2025 Skid: 86 Calcul Vol : 515 Color: 4.
2026-05-12 19:06:50  ---------------------------
2026-05-12 19:11:08  URUS_PR_INT " Skid: 56 Paint : 468.
2026-05-12 19:11:53  Prog : URUS_PA2_BC0_R12_INT_2026 Skid: 82 Calcul Vol : 514 Color: 19.
2026-05-12 19:11:53  ---------------------------
2026-05-12 19:14:58  TEMERARIO_BC_INT " Skid: 56 Paint : 284.
2026-05-12 19:16:05  Prog : URUS_PA2_BC0_R12_INT_2026 Skid: 130 Calcul Vol : 559 Color: 7.
2026-05-12 19:16:05  ---------------------------
2026-05-12 19:21:09  Prog : TEM_PRIM_R12_INT Skid: 49 Calcul Vol : 317 Color: 3.
2026-05-12 19:21:09  ---------------------------
2026-05-12 19:23:37  URUS_PR_INT " Skid: 82 Paint : 461.
2026-05-12 19:25:36  Prog : URUS_PA2_BC0_R12_INT_2026 Skid: 158 Calcul Vol : 474 Color: 11.
2026-05-12 19:25:36  ---------------------------
2026-05-12 19:29:28  URUS_BC_INT " Skid: 130 Paint : 461.
2026-05-12 19:31:03  Prog : URUS_PA2_BC0_R12_INT_2026 Skid: 52 Calcul Vol : 524 Color: 32.
2026-05-12 19:31:03  ---------------------------
2026-05-12 19:34:22  URUS_BC_INT " Skid: 49 Paint : 507.
2026-05-12 19:38:12  TEMERARIO_PR_INT " Skid: 158 Paint : 264.
2026-05-12 19:40:03  Default Volume : TEM_BC0_R12_INT Skid: 244.
2026-05-12 19:40:04  Prog : TEM_BC0_R12_INT Skid: 244 Calcul Vol : 640 Color: 19.
2026-05-12 19:40:04  ---------------------------
2026-05-12 19:43:34  URUS_BC_INT " Skid: 52 Paint : 421.
2026-05-12 19:44:37  Prog : URUS_PA2_PR0_INT_2025 Skid: 37 Calcul Vol : 520 Color: 3.
2026-05-12 19:44:37  ---------------------------
2026-05-12 19:48:28  URUS_BC_INT " Skid: 52 Paint : 471.
2026-05-12 19:48:29  Prog : URUS_PA2_BC0_R12_INT_2026 Skid: 206 Calcul Vol : 474 Color: 11.
2026-05-12 19:48:29  ---------------------------
2026-05-12 19:56:21  TEMERARIO_BC_INT " Skid: 37 Paint : 315.
2026-05-12 19:57:14  Prog : URUS_PA2_BC0_HGL Skid: 223 Calcul Vol : 228 Color: 5.
2026-05-12 19:57:14  ---------------------------
2026-05-12 20:02:02  URUS_PR_INT " Skid: 206 Paint : 467.
2026-05-12 20:07:22  URUS_BC_INT " Skid: 223 Paint : 421.
2026-05-12 20:08:44  Prog : URUS_PA2_PR0_INT_2025 Skid: 171 Calcul Vol : 515 Color: 4.
2026-05-12 20:08:44  ---------------------------
2026-05-12 20:20:59  Default Volume : TEM_BC0_R12_INT Skid: 153.
2026-05-12 20:21:00  Prog : TEM_BC0_R12_INT Skid: 153 Calcul Vol : 640 Color: 11.
2026-05-12 20:21:00  ---------------------------
2026-05-12 20:22:57  URUS_PR_INT " Skid: 171 Paint : 463.
2026-05-12 20:27:49  Prog : TEM_PRIM_R12_INT Skid: 152 Calcul Vol : 317 Color: 3.
2026-05-12 20:27:49  ---------------------------
2026-05-12 20:34:36  Default Volume : TEM_BC0_R12_INT Skid: 221.
2026-05-12 20:34:38  Prog : TEM_BC0_R12_INT Skid: 221 Calcul Vol : 640 Color: 98.
2026-05-12 20:34:38  ---------------------------
2026-05-12 20:36:55  TEMERARIO_BC_INT " Skid: 152 Paint : 231.
2026-05-12 20:41:22  TEMERARIO_PR_INT " Skid: 152 Paint : 263.
2026-05-12 20:55:02  Prog : URUS_PA2_BC0_R12_INT_2026 Skid: 105 Calcul Vol : 502 Color: 12.
2026-05-12 20:55:02  ---------------------------
2026-05-12 20:56:23  TEMERARIO_BC_INT " Skid: 221 Paint : 290.
2026-05-12 21:04:50  Prog : URUS_PA2_BC0_R12_INT_2026 Skid: 86 Calcul Vol : 429 Color: 41.
2026-05-12 21:04:50  ---------------------------
2026-05-12 21:11:18  URUS_BC_INT " Skid: 105 Paint : 449.
2026-05-12 21:33:06  Prog : URUS_PA2_PR0_INT_2025 Skid: 218 Calcul Vol : 521 Color: 3.
2026-05-12 21:33:06  ---------------------------
2026-05-12 21:42:24  Prog : URUS_PA2_BC0_R12_INT_2026 Skid: 37 Calcul Vol : 560 Color: 7.
2026-05-12 21:42:24  ---------------------------
2026-05-12 21:44:08  URUS_BC_INT " Skid: 86 Paint : 374.
2026-05-12 21:47:32  Default Volume : TEM_BC0_R12_INT Skid: 49.
2026-05-12 21:47:34  Prog : TEM_BC0_R12_INT Skid: 49 Calcul Vol : 640 Color: 6.
2026-05-12 21:47:34  ---------------------------
2026-05-12 21:54:16  Prog : URUS_PA2_PR0_INT_2025 Skid: 150 Calcul Vol : 515 Color: 2.
2026-05-12 21:54:16  ---------------------------
2026-05-12 21:57:53  URUS_PR_INT " Skid: 37 Paint : 468.
2026-05-12 21:58:43  Default Volume : TEM_BC0_R12_INT Skid: 63.
2026-05-12 21:58:44  Prog : TEM_BC0_R12_INT Skid: 63 Calcul Vol : 640 Color: 27.
2026-05-12 21:58:44  ---------------------------
2026-05-12 22:02:20  Prog : URUS_PA2_BC0_R12_INT_2026 Skid: 171 Calcul Vol : 429 Color: 41.
2026-05-12 22:02:20  ---------------------------
2026-05-12 22:02:49  URUS_BC_INT " Skid: 49 Paint : 507.
2026-05-12 22:06:39  TEMERARIO_BC_INT " Skid: 150 Paint : 283.
2026-05-12 22:11:44  URUS_PR_INT " Skid: 150 Paint : 463.
2026-05-12 22:15:45  Prog : TEM_PRIM_R12_INT Skid: 207 Calcul Vol : 317 Color: 1.
2026-05-12 22:15:45  ---------------------------
2026-05-12 22:42:40  TEMERARIO_BC_INT " Skid: 63 Paint : 22.
2026-05-12 22:44:32  Default Volume : TEM_BC0_R12_INT Skid: 85.
2026-05-12 22:44:34  Prog : TEM_BC0_R12_INT Skid: 85 Calcul Vol : 640 Color: 17.
2026-05-12 22:44:34  ---------------------------
2026-05-12 22:50:07  URUS_BC_INT " Skid: 171 Paint : 376.
2026-05-12 22:50:25  Prog : URUS_PA2_PR0_INT_2025 Skid: 208 Calcul Vol : 521 Color: 3.
2026-05-12 22:50:25  ---------------------------
2026-05-12 22:55:04  Prog : URUS_PA2_BC0_R12_INT_2026 Skid: 82 Calcul Vol : 432 Color: 20.
2026-05-12 22:55:04  ---------------------------
2026-05-12 22:59:23  TEMERARIO_PR_INT " Skid: 207 Paint : 263.
2026-05-12 23:00:55  Prog : URUS_PA2_BC0_R12_INT_2026 Skid: 212 Calcul Vol : 114 Color: 8.
2026-05-12 23:00:55  ---------------------------
2026-05-12 23:07:07  TEMERARIO_BC_INT " Skid: 208 Paint : 314.
2026-05-12 23:12:14  URUS_PR_INT " Skid: 82 Paint : 468.
2026-05-12 23:18:59  Prog : URUS_PA2_PR0_INT_2025 Skid: 133 Calcul Vol : 513 Color: 1.
2026-05-12 23:18:59  ---------------------------
2026-05-12 23:19:56  URUS_BC_INT " Skid: 212 Paint : 377.
2026-05-12 23:22:35  Prog : URUS_PA2_BC0_R12_INT_2026 Skid: 223 Calcul Vol : 501 Color: 12.
2026-05-12 23:22:35  ---------------------------
2026-05-12 23:26:05  Prog : URUS_PA2_BC0_R12_INT_2026 Skid: 52 Calcul Vol : 433 Color: 33.
2026-05-12 23:26:05  ---------------------------
2026-05-12 23:29:47  Prog : TEM_PRIM_R12_INT Skid: 167 Calcul Vol : 317 Color: 3.
2026-05-12 23:29:47  ---------------------------
2026-05-12 23:36:36  URUS_PR_INT " Skid: 223 Paint : 459.
2026-05-12 23:41:31  URUS_BC_INT " Skid: 52 Paint : 449.
2026-05-12 23:46:27  URUS_BC_INT " Skid: 167 Paint : 380.
2026-05-12 23:50:08  TEMERARIO_PR_INT " Skid: 167 Paint : 264.
2026-05-12 23:51:59  Default Volume : TEM_BC0_R12_INT Skid: 31.
2026-05-12 23:52:00  Prog : TEM_BC0_R12_INT Skid: 31 Calcul Vol : 640 Color: 6.
2026-05-12 23:52:00  ---------------------------
2026-05-12 23:55:04  Prog : URUS_PA2_BC0_R12_INT_2026 Skid: 218 Calcul Vol : 502 Color: 12.
2026-05-12 23:55:04  ---------------------------
2026-05-12 23:58:34  Prog : URUS_PA2_PR0_INT_2025 Skid: 245 Calcul Vol : 512 Color: 1.
2026-05-12 23:58:34  ---------------------------
2026-05-13 00:02:31  Prog : URUS_PA2_BC0_HGL Skid: 150 Calcul Vol : 228 Color: 5.
2026-05-13 00:02:31  ---------------------------
2026-05-13 00:04:17  TEMERARIO_BC_INT " Skid: 31 Paint : 305.
2026-05-13 00:06:51  Default Volume : TEM_BC0_R12_INT Skid: 244.
2026-05-13 00:06:53  Prog : TEM_BC0_R12_INT Skid: 244 Calcul Vol : 640 Color: 20.
2026-05-13 00:06:53  ---------------------------
2026-05-13 00:10:00  URUS_BC_INT " Skid: 245 Paint : 449.
2026-05-13 00:15:08  URUS_PR_INT " Skid: 150 Paint : 460.
2026-05-13 00:24:48  TEMERARIO_BC_INT " Skid: 244 Paint : 261.
2026-05-13 00:26:56  Prog : URUS_PA2_PR0_INT_2025 Skid: 4 Calcul Vol : 512 Color: 1.
2026-05-13 00:26:56  ---------------------------
2026-05-13 00:40:18  URUS_PR_INT " Skid: 4 Paint : 460.
2026-05-13 00:42:35  Default Volume : TEM_BC0_R12_INT Skid: 221.
2026-05-13 00:42:37  Prog : TEM_BC0_R12_INT Skid: 221 Calcul Vol : 640 Color: 85.
2026-05-13 00:42:37  ---------------------------
2026-05-13 00:57:55  Prog : URUS_PA2_BC0_R12_INT_2026 Skid: 208 Calcul Vol : 432 Color: 98.
2026-05-13 00:57:55  ---------------------------
2026-05-13 01:01:40  Prog : URUS_PA2_BC0_R12_INT_2026 Skid: 144 Calcul Vol : 119 Color: 55.
2026-05-13 01:01:40  ---------------------------
2026-05-13 01:02:00  TEMERARIO_BC_INT " Skid: 221 Paint : 309.
2026-05-13 01:11:13  Prog : TEM_PRIM_R12_INT Skid: 220 Calcul Vol : 317 Color: 2.
2026-05-13 01:11:13  ---------------------------
2026-05-13 01:35:08  URUS_BC_INT " Skid: 144 Paint : 380.
2026-05-13 01:39:40  Default Volume : TEM_BC0_R12_INT Skid: 152.
2026-05-13 01:39:41  Prog : TEM_BC0_R12_INT Skid: 152 Calcul Vol : 640 Color: 17.
2026-05-13 01:39:41  ---------------------------
2026-05-13 01:43:18  TEMERARIO_PR_INT " Skid: 220 Paint : 264.
2026-05-13 01:43:20  Prog : URUS_PA2_BC0_R12_INT_2026 Skid: 133 Calcul Vol : 504 Color: 5.
2026-05-13 01:43:20  ---------------------------
2026-05-13 01:49:41  Prog : TEM_PRIM_R12_INT Skid: 60 Calcul Vol : 317 Color: 1.
2026-05-13 01:49:41  ---------------------------
2026-05-13 01:54:21  Prog : URUS_PA2_BC0_R12_INT_2026 Skid: 245 Calcul Vol : 504 Color: 5.
2026-05-13 01:54:21  ---------------------------
2026-05-13 01:56:35  TEMERARIO_BC_INT " Skid: 133 Paint : 316.
2026-05-13 01:58:44  Default Volume : TEM_BC0_R12_INT Skid: 207.
2026-05-13 01:58:46  Prog : TEM_BC0_R12_INT Skid: 207 Calcul Vol : 640 Color: 5.
2026-05-13 01:58:46  ---------------------------
2026-05-13 02:01:57  URUS_BC_INT " Skid: 60 Paint : 452.
2026-05-13 02:02:52  Prog : URUS_PA2_PR0_INT_2025 Skid: 210 Calcul Vol : 521 Color: 3.
2026-05-13 02:02:52  ---------------------------
2026-05-13 02:05:38  TEMERARIO_PR_INT " Skid: 245 Paint : 263.
2026-05-13 02:10:45  URUS_BC_INT " Skid: 245 Paint : 452.
2026-05-13 02:12:13  Prog : URUS_PA2_BC0_R12_INT_2026 Skid: 86 Calcul Vol : 458 Color: 42.
2026-05-13 02:12:13  ---------------------------
2026-05-13 02:16:55  Prog : URUS_PA2_BC0_R12_INT_2026 Skid: 4 Calcul Vol : 505 Color: 5.
2026-05-13 02:16:55  ---------------------------
2026-05-13 02:22:49  TEMERARIO_BC_INT " Skid: 210 Paint : 249.
2026-05-13 02:27:46  URUS_PR_INT " Skid: 210 Paint : 468.
2026-05-13 02:28:02  Prog : URUS_PA2_PR0_INT_2025 Skid: 145 Calcul Vol : 513 Color: 1.
2026-05-13 02:28:02  ---------------------------
2026-05-13 02:36:46  URUS_BC_INT " Skid: 4 Paint : 406.
2026-05-13 02:41:39  URUS_BC_INT " Skid: 4 Paint : 452.
2026-05-13 02:43:38  Prog : URUS_PA2_BC0_R12_INT_2026 Skid: 171 Calcul Vol : 458 Color: 42.
2026-05-13 02:43:38  ---------------------------
2026-05-13 02:51:17  URUS_PR_INT " Skid: 145 Paint : 459.
2026-05-13 02:57:02  Prog : TEM_PRIM_R12_INT Skid: 232 Calcul Vol : 317 Color: 1.
2026-05-13 02:57:02  ---------------------------
2026-05-13 03:00:27  Prog : URUS_PA2_BC0_R12_INT_2026 Skid: 150 Calcul Vol : 565 Color: 62.
2026-05-13 03:00:27  ---------------------------
2026-05-13 03:04:10  URUS_BC_INT " Skid: 171 Paint : 406.
2026-05-13 03:09:02  Default Volume : TEM_BC0_R12_INT Skid: 33.
2026-05-13 03:09:04  Prog : TEM_BC0_R12_INT Skid: 33 Calcul Vol : 640 Color: 34.
2026-05-13 03:09:04  ---------------------------
2026-05-13 03:09:39  TEMERARIO_PR_INT " Skid: 232 Paint : 265.
2026-05-13 03:12:31  Prog : TEM_PRIM_R12_INT Skid: 96 Calcul Vol : 317 Color: 2.
2026-05-13 03:12:31  ---------------------------
2026-05-13 03:16:39  URUS_BC_INT " Skid: 150 Paint : 513.
2026-05-13 03:24:33  TEMERARIO_BC_INT " Skid: 96 Paint : 276.
2026-05-13 03:33:34  TEMERARIO_PR_INT " Skid: 96 Paint : 264.
2026-05-13 03:35:07  Prog : URUS_PA2_BC0_HGL Skid: 14 Calcul Vol : 228 Color: 5.
2026-05-13 03:35:07  ---------------------------
2026-05-13 03:38:16  Prog : URUS_PA2_PR0_INT_2025 Skid: 74 Calcul Vol : 512 Color: 1.
2026-05-13 03:38:16  ---------------------------
2026-05-13 03:52:14  URUS_PR_INT " Skid: 74 Paint : 460.
2026-05-13 03:55:16  Default Volume : TEM_BC0_R12_INT Skid: 63.
2026-05-13 03:55:17  Prog : TEM_BC0_R12_INT Skid: 63 Calcul Vol : 640 Color: 27.
2026-05-13 03:55:17  ---------------------------
2026-05-13 04:05:02  Prog : URUS_PA2_PR0_INT_2025 Skid: 68 Calcul Vol : 513 Color: 1.
2026-05-13 04:05:02  ---------------------------
2026-05-13 04:12:35  Default Volume : TEM_BC0_R12_INT Skid: 85.
2026-05-13 04:12:36  Prog : TEM_BC0_R12_INT Skid: 85 Calcul Vol : 640 Color: 18.
2026-05-13 04:12:36  ---------------------------
2026-05-13 04:12:50  TEMERARIO_BC_INT " Skid: 63 Paint : 21.
2026-05-13 04:15:54  Prog : URUS_PA2_BC0_R12_INT_2026 Skid: 210 Calcul Vol : 511 Color: 34.
2026-05-13 04:15:54  ---------------------------
2026-05-13 04:20:20  URUS_PR_INT " Skid: 68 Paint : 460.
2026-05-13 05:46:16 --- Trajectory EXT --- 
2026-05-13 05:46:16  URUS_PA2_BC0_R12_EXT1 " Skid: 16824 Paint : 32.
2026-05-13 05:47:57  URUS_PA2_BC0_R12_EXT2 " Skid: 16824 Paint : 0.
2026-05-13 05:47:57 ---   --- 
2026-05-13 06:05:46  TEMERARIO_BC_INT " Skid: 210 Paint : 261.
2026-05-13 06:09:09  Default Volume : TEM_BC0_R12_INT Skid: 167.
2026-05-13 06:09:11  Prog : TEM_BC0_R12_INT Skid: 167 Calcul Vol : 640 Color: 28.
2026-05-13 06:09:11  ---------------------------
2026-05-13 06:10:37  URUS_BC_INT " Skid: 210 Paint : 459.
2026-05-13 06:18:32  Prog : URUS_PA2_BC0_R12_INT_2026 Skid: 145 Calcul Vol : 474 Color: 11.
2026-05-13 06:18:32  ---------------------------
2026-05-13 06:28:31  TEMERARIO_BC_INT " Skid: 167 Paint : 296.
2026-05-13 06:37:20  Prog : URUS_PA2_BC0_R12_INT_2026 Skid: 208 Calcul Vol : 558 Color: 85.
2026-05-13 06:37:20  ---------------------------
2026-05-13 06:38:16  URUS_BC_INT " Skid: 145 Paint : 421.
2026-05-13 06:45:53  Prog : URUS_PA2_BC0_R12_INT_2026 Skid: 144 Calcul Vol : 114 Color: 56.
2026-05-13 06:45:53  ---------------------------
2026-05-13 06:51:09  Prog : TEM_PRIM_R12_INT Skid: 158 Calcul Vol : 317 Color: 1.
2026-05-13 06:51:09  ---------------------------
2026-05-13 06:52:23  URUS_BC_INT " Skid: 208 Paint : 505.
2026-05-13 06:55:27  Prog : URUS_PA2_BC0_R12_INT_2026 Skid: 68 Calcul Vol : 497 Color: 8.
2026-05-13 06:55:27  ---------------------------
2026-05-13 06:59:51  Prog : URUS_PA2_BC0_R12_INT_2026 Skid: 74 Calcul Vol : 454 Color: 27.
2026-05-13 06:59:51  ---------------------------
2026-05-13 07:06:26  TEMERARIO_PR_INT " Skid: 68 Paint : 263.
2026-05-13 07:10:32  Default Volume : TEM_BC0_R12_INT Skid: 220.
2026-05-13 07:10:34  Prog : TEM_BC0_R12_INT Skid: 220 Calcul Vol : 640 Color: 62.
2026-05-13 07:10:34  ---------------------------
2026-05-13 07:11:30  URUS_BC_INT " Skid: 68 Paint : 443.
2026-05-13 07:16:34  Prog : TEM_PRIM_R12_INT Skid: 98 Calcul Vol : 317 Color: 3.
2026-05-13 07:16:34  ---------------------------
2026-05-13 07:18:11  URUS_BC_INT " Skid: 74 Paint : 403.
2026-05-13 07:21:18  Default Volume : TEM_BC0_R12_INT Skid: 232.
2026-05-13 07:21:20  Prog : TEM_BC0_R12_INT Skid: 232 Calcul Vol : 640 Color: 8.
2026-05-13 07:21:20  ---------------------------
2026-05-13 07:32:53  Prog : URUS_PA2_PR0_INT_2025 Skid: 206 Calcul Vol : 521 Color: 3.
2026-05-13 07:32:53  ---------------------------
2026-05-13 07:42:53  Prog : URUS_PA2_BC0_R12_INT_2026 Skid: 82 Calcul Vol : 514 Color: 19.
2026-05-13 07:42:53  ---------------------------
2026-05-13 07:47:06  TEMERARIO_BC_INT " Skid: 98 Paint : 295.
2026-05-13 07:50:40  TEMERARIO_PR_INT " Skid: 232 Paint : 265.
2026-05-13 07:55:57  TEMERARIO_BC_INT " Skid: 206 Paint : 248.
2026-05-13 07:58:45  Prog : URUS_PA2_PR0_INT_2025 Skid: 105 Calcul Vol : 513 Color: 1.
2026-05-13 07:58:45  ---------------------------
2026-05-13 08:02:32  URUS_PR_INT " Skid: 82 Paint : 466.
2026-05-13 08:08:07  URUS_BC_INT " Skid: 105 Paint : 460.
2026-05-13 08:13:26  URUS_PR_INT " Skid: 105 Paint : 460.
2026-05-13 08:26:59  Default Volume : TEM_BC0_R12_INT Skid: 152.
2026-05-13 08:27:01  Prog : TEM_BC0_R12_INT Skid: 152 Calcul Vol : 640 Color: 18.
2026-05-13 08:27:01  ---------------------------
2026-05-13 08:37:04  Prog : TEM_PRIM_R12_INT Skid: 130 Calcul Vol : 317 Color: 3.
2026-05-13 08:37:04  ---------------------------
2026-05-13 08:41:29  TEMERARIO_BC_INT " Skid: 152 Paint : 261.
2026-05-13 08:51:47  TEMERARIO_PR_INT " Skid: 130 Paint : 265.
2026-05-13 08:55:58  Default Volume : TEM_BC0_R12_INT Skid: 33.
2026-05-13 08:55:59  Prog : TEM_BC0_R12_INT Skid: 33 Calcul Vol : 640 Color: 35.
2026-05-13 08:55:59  ---------------------------
2026-05-13 08:59:53  Prog : URUS_PA2_PR0_INT_2025 Skid: 37 Calcul Vol : 516 Color: 2.
2026-05-13 08:59:53  ---------------------------
2026-05-13 09:10:20  TEMERARIO_BC_INT " Skid: 37 Paint : 288.
2026-05-13 09:16:15  Prog : URUS_PA2_PR0_INT_2025 Skid: 126 Calcul Vol : 521 Color: 3.
2026-05-13 09:16:15  ---------------------------
2026-05-13 09:17:10  URUS_PR_INT " Skid: 37 Paint : 462.
2026-05-13 09:23:30  Prog : URUS_PA2_BC0_R12_INT_2026 Skid: 210 Calcul Vol : 485 Color: 35.
2026-05-13 09:23:30  ---------------------------
2026-05-13 09:30:06  URUS_PR_INT " Skid: 126 Paint : 468.
2026-05-13 09:37:05  Default Volume : TEM_BC0_R12_INT Skid: 158.
2026-05-13 09:37:07  Prog : TEM_BC0_R12_INT Skid: 158 Calcul Vol : 640 Color: 68.
2026-05-13 09:37:07  ---------------------------
2026-05-13 09:44:22  Prog : URUS_PA2_PR0_INT_2025 Skid: 149 Calcul Vol : 520 Color: 3.
2026-05-13 09:44:22  ---------------------------
2026-05-13 09:47:52  Prog : URUS_PA2_BC0_R12_INT_2026 Skid: 206 Calcul Vol : 463 Color: 28.
2026-05-13 09:47:52  ---------------------------
2026-05-13 09:50:43  URUS_BC_INT " Skid: 210 Paint : 432.
2026-05-13 09:59:58  TEMERARIO_BC_INT " Skid: 149 Paint : 264.
2026-05-13 10:05:16  URUS_PR_INT " Skid: 206 Paint : 468.
2026-05-13 10:10:10  URUS_BC_INT " Skid: 206 Paint : 411.
2026-05-13 10:34:46  Default Volume : TEM_BC0_R12_INT Skid: 167.
2026-05-13 10:34:48  Prog : TEM_BC0_R12_INT Skid: 167 Calcul Vol : 640 Color: 29.
2026-05-13 10:34:48  ---------------------------
2026-05-13 10:40:18  Prog : TEM_PRIM_R12_INT Skid: 168 Calcul Vol : 317 Color: 3.
2026-05-13 10:40:18  ---------------------------
2026-05-13 10:45:17  Default Volume : TEM_BC0_R12_INT Skid: 216.
2026-05-13 10:45:19  Prog : TEM_BC0_R12_INT Skid: 216 Calcul Vol : 640 Color: 62.
2026-05-13 10:45:19  ---------------------------
2026-05-13 10:50:13  Prog : URUS_PA2_BC0_HGL Skid: 105 Calcul Vol : 228 Color: 5.
2026-05-13 10:50:13  ---------------------------
2026-05-13 10:52:04  TEMERARIO_BC_INT " Skid: 168 Paint : 241.
2026-05-13 10:54:19  Prog : URUS_PA2_PR0_INT_2025 Skid: 153 Calcul Vol : 520 Color: 3.
2026-05-13 10:54:19  ---------------------------
2026-05-13 10:55:39  TEMERARIO_PR_INT " Skid: 168 Paint : 265.
2026-05-13 10:58:19  Prog : URUS_PA2_BC0_R12_INT_2026 Skid: 9 Calcul Vol : 504 Color: 5.
2026-05-13 10:58:19  ---------------------------
2026-05-13 10:58:33  TEMERARIO_BC_INT " Skid: 105 Paint : 0.
2026-05-13 11:01:55  Prog : URUS_PA2_BC0_R12_INT_2026 Skid: 37 Calcul Vol : 486 Color: 9.
2026-05-13 11:01:55  ---------------------------
2026-05-13 11:05:32  Prog : URUS_PA2_BC0_R12_INT_2026 Skid: 126 Calcul Vol : 514 Color: 19.
2026-05-13 11:05:32  ---------------------------
2026-05-13 11:09:12  URUS_PR_INT " Skid: 153 Paint : 468.
2026-05-13 11:15:37  Default Volume : ADP_BC0_15_PLATE_SKID_new Skid: 76.
2026-05-13 11:15:39  Prog : ADP_BC0_15_PLATE_SKID_new Skid: 76 Calcul Vol : 640 Color: 3.
2026-05-13 11:15:39  ---------------------------
2026-05-13 11:19:45  Prog : URUS_PA2_PR0_INT_2025 Skid: 56 Calcul Vol : 512 Color: 1.
2026-05-13 11:19:45  ---------------------------
2026-05-13 11:24:38  URUS_BC_INT " Skid: 37 Paint : 452.
2026-05-13 11:29:34  URUS_BC_INT " Skid: 126 Paint : 433.
2026-05-13 11:34:28  URUS_BC_INT " Skid: 76 Paint : 461.
2026-05-13 11:43:25  URUS_PR_INT " Skid: 56 Paint : 459.
2026-05-13 11:45:23  Prog : URUS_PA2_BC0_R12_INT_2026 Skid: 82 Calcul Vol : 432 Color: 20.
2026-05-13 11:45:23  ---------------------------
2026-05-13 11:49:08  Prog : URUS_PA2_BC0_R12_INT_2026 Skid: 149 Calcul Vol : 559 Color: 7.
2026-05-13 11:49:08  ---------------------------
2026-05-13 11:58:20  Prog : TEM_PRIM_R12_INT Skid: 57 Calcul Vol : 317 Color: 1.
2026-05-13 11:58:20  ---------------------------
2026-05-13 12:01:02  URUS_BC_INT " Skid: 149 Paint : 379.
2026-05-13 12:06:41  File Access Error
2026-05-13 12:06:41  File Access Error
2026-05-13 12:06:41  File Access Error
2026-05-13 12:06:41  Prog : HURACAN_BC0_R12_BLACK_ROOF Skid: 12 Calcul Vol : 650 Color: 5.
2026-05-13 12:06:41  ---------------------------
2026-05-13 12:11:03  URUS_BC_INT " Skid: 149 Paint : 506.
2026-05-13 12:18:39  TEMERARIO_PR_INT " Skid: 57 Paint : 265.
2026-05-13 12:26:15  Prog : URUS_PA2_PR0_INT_2025 Skid: 103 Calcul Vol : 513 Color: 1.
2026-05-13 12:26:15  ---------------------------
2026-05-13 12:37:18  Prog : URUS_PA2_BC0_R12_INT_2026 Skid: 122 Calcul Vol : 476 Color: 106.
2026-05-13 12:37:18  ---------------------------
2026-05-13 12:41:02  URUS_PR_INT " Skid: 103 Paint : 460.
2026-05-13 12:41:08  Default Volume : TEM_PR_R12_RACING_INT Skid: 52.
2026-05-13 12:41:10  Prog : TEM_PR_R12_RACING_INT Skid: 52 Calcul Vol : 640 Color: 2.
2026-05-13 12:41:10  ---------------------------
2026-05-13 12:48:10  Prog : URUS_PA2_BC0_R12_INT_2026 Skid: 153 Calcul Vol : 559 Color: 7.
2026-05-13 12:48:10  ---------------------------
2026-05-13 12:56:55 --- Trajectory INT --- 
2026-05-13 12:56:55  HURACAN_PRIM_INT " Skid: 52 Paint : 581.
2026-05-13 12:56:55 --- --- --- --- 
2026-05-13 12:57:35  Prog : URUS_PA2_BC0_R12_INT_2026 Skid: 122 Calcul Vol : 476 Color: 106.
2026-05-13 12:57:35  ---------------------------
2026-05-13 13:01:14  Prog : URUS_PA2_PR0_INT_2025 Skid: 219 Calcul Vol : 512 Color: 1.
2026-05-13 13:01:14  ---------------------------
2026-05-13 13:03:35  URUS_BC_INT " Skid: 153 Paint : 506.
2026-05-13 13:17:12  Prog : URUS_PA2_BC0_R12_INT_2026 Skid: 206 Calcul Vol : 515 Color: 29.
2026-05-13 13:17:12  ---------------------------
2026-05-13 13:18:44  URUS_BC_INT " Skid: 219 Paint : 423.
2026-05-13 13:22:12  Prog : URUS_PA2_BC0_HGL Skid: 56 Calcul Vol : 228 Color: 5.
2026-05-13 13:22:12  ---------------------------
2026-05-13 13:24:41  URUS_PR_INT " Skid: 219 Paint : 459.
2026-05-13 13:35:18  Prog : URUS_PA2_PR0_INT_2025 Skid: 138 Calcul Vol : 513 Color: 1.
2026-05-13 13:35:18  ---------------------------
2026-05-13 13:57:51  URUS_BC_INT " Skid: 56 Paint : 462.
2026-05-13 13:58:51  Prog : URUS_PA2_PR0_INT_2025 Skid: 148 Calcul Vol : 512 Color: 1.
2026-05-13 13:58:51  ---------------------------
2026-05-13 14:07:10  URUS_PR_INT " Skid: 138 Paint : 459.
2026-05-13 14:11:42  Default Volume : TEM_BC0_R12_INT Skid: 233.
2026-05-13 14:11:43  Prog : TEM_BC0_R12_INT Skid: 233 Calcul Vol : 640 Color: 19.
2026-05-13 14:11:43  ---------------------------
2026-05-13 14:16:15  URUS_PR_INT " Skid: 148 Paint : 459.
2026-05-13 14:19:13  File Access Error
2026-05-13 14:19:13  Prog : URUS_PA2SPORT_R12_INT Skid: 78 Calcul Vol : 26958 Color: 150.
2026-05-13 14:19:13  ---------------------------
2026-05-13 14:19:19  Prog : URUS_PA2SPORT_R12_EXT Skid: 78 Calcul Vol : 471 Color: 150.
2026-05-13 14:19:19  ---------------------------
2026-05-13 14:19:25  Prog : URUS_PA2SPORT_R12_EXTII Skid: 78 Calcul Vol : 424 Color: 150.
2026-05-13 14:19:25  ---------------------------
2026-05-13 14:23:31  Default Volume : TEM_BC0_R12_INT Skid: 57.
2026-05-13 14:23:32  Prog : TEM_BC0_R12_INT Skid: 57 Calcul Vol : 640 Color: 5.
2026-05-13 14:23:32  ---------------------------
2026-05-13 14:25:19  TEMERARIO_BC_INT " Skid: 233 Paint : 316.
2026-05-13 14:27:50  Prog : TEM_PRIM_R12_INT Skid: 223 Calcul Vol : 317 Color: 3.
2026-05-13 14:27:50  ---------------------------
2026-05-13 14:35:05  File Access Error
2026-05-13 14:35:06  Prog : URUS_PA2_BC0_R12_INT_2026 Skid: 26 Calcul Vol : 20823 Color: 5.
2026-05-13 14:35:06  ---------------------------
2026-05-13 14:35:12  Prog : URUS_PA2_BC0_R12_EXT Skid: 26 Calcul Vol : 370 Color: 5.
2026-05-13 14:35:12  ---------------------------
2026-05-13 14:35:18  Prog : URUS_PA2_BC0_R12_EXTII Skid: 26 Calcul Vol : 405 Color: 5.
2026-05-13 14:35:18  ---------------------------
2026-05-13 14:38:51 --- Trajectory --- 
2026-05-13 14:38:51 Prog : URUS_PA2SPORT_R12_EXT & OPT_1 24577 Skid: 78 Paint : 418.
2026-05-13 14:40:30  Prog : URUS_PA2_BC0_R12_INT_2026 Skid: 103 Calcul Vol : 505 Color: 5.
2026-05-13 14:40:30  ---------------------------
2026-05-13 14:40:57 Prog : URUS_PA2SPORT_R12_EXTII & OPT_1 24577 Skid: 78 Paint : 372 . 
2026-05-13 14:44:33  Prog : URUS_PA2_BC0_R12_INT_2026 Skid: 105 Calcul Vol : 475 Color: 13.
2026-05-13 14:44:33  ---------------------------
2026-05-13 14:44:40  TEMERARIO_BC_INT " Skid: 223 Paint : 250.
2026-05-13 14:48:18  TEMERARIO_PR_INT " Skid: 26 Paint : 265.
2026-05-13 14:51:06  Prog : URUS_PA2_PR0_INT_2025 Skid: 218 Calcul Vol : 512 Color: 1.
2026-05-13 14:51:06  ---------------------------
2026-05-13 14:53:02  URUS_BC_INT " Skid: 26 Paint : 421.
2026-05-13 14:55:53 --- Trajectory EXT --- 
2026-05-13 14:55:53  URUS_PA2_BC0_R12_EXT1 " Skid: 26 Paint : 318.
2026-05-13 14:56:15  Default Volume : TEM_BC0_R12_INT Skid: 168.
2026-05-13 14:56:17  Prog : TEM_BC0_R12_INT Skid: 168 Calcul Vol : 640 Color: 52.
2026-05-13 14:56:17  ---------------------------
2026-05-13 14:57:29  URUS_PA2_BC0_R12_EXT2 " Skid: 26 Paint : 277.
2026-05-13 14:57:29 ---   --- 
2026-05-13 15:02:23  URUS_BC_INT " Skid: 105 Paint : 452.
2026-05-13 15:07:17  URUS_BC_INT " Skid: 218 Paint : 422.
2026-05-13 15:09:14  Prog : URUS_PA2_PR0_INT_2025 Skid: 133 Calcul Vol : 521 Color: 3.
2026-05-13 15:09:14  ---------------------------
2026-05-13 15:12:16  URUS_PR_INT " Skid: 168 Paint : 460.
2026-05-13 15:13:08  Prog : URUS_PA2_BC0_R12_INT_2026 Skid: 126 Calcul Vol : 432 Color: 20.
2026-05-13 15:13:08  ---------------------------
2026-05-13 15:16:19  TEMERARIO_BC_INT " Skid: 168 Paint : 245.
2026-05-13 15:26:51  URUS_PR_INT " Skid: 126 Paint : 467.
2026-05-13 15:27:38  Default Volume : TEM_BC0_R12_INT Skid: 158.
2026-05-13 15:27:39  Prog : TEM_BC0_R12_INT Skid: 158 Calcul Vol : 640 Color: 69.
2026-05-13 15:27:39  ---------------------------
2026-05-13 15:31:45  Prog : TEM_PRIM_R12_INT Skid: 31 Calcul Vol : 317 Color: 3.
2026-05-13 15:31:45  ---------------------------
2026-05-13 15:32:01  URUS_BC_INT " Skid: 126 Paint : 379.
2026-05-13 15:36:31  Prog : URUS_PA2_BC0_R12_INT_2026 Skid: 219 Calcul Vol : 504 Color: 5.
2026-05-13 15:36:31  ---------------------------
2026-05-13 15:44:19  TEMERARIO_BC_INT " Skid: 31 Paint : 260.
2026-05-13 15:47:53  TEMERARIO_PR_INT " Skid: 31 Paint : 265.
2026-05-13 15:49:55  Prog : URUS_PA2_BC0_R12_INT_2026 Skid: 138 Calcul Vol : 504 Color: 5.
2026-05-13 15:49:55  ---------------------------
2026-05-13 15:55:25  Prog : URUS_PA2_PR0_INT_2025 Skid: 245 Calcul Vol : 513 Color: 1.
2026-05-13 15:55:25  ---------------------------
2026-05-13 15:55:30  URUS_BC_INT " Skid: 219 Paint : 452.
2026-05-13 15:59:20  Prog : URUS_PA2_BC0_R12_INT_2026 Skid: 148 Calcul Vol : 504 Color: 5.
2026-05-13 15:59:20  ---------------------------
2026-05-13 16:05:45  URUS_BC_INT " Skid: 245 Paint : 452.
2026-05-13 16:10:45  URUS_PR_INT " Skid: 148 Paint : 460.
2026-05-13 16:15:47  URUS_BC_INT " Skid: 148 Paint : 452.
2026-05-13 16:19:38  Prog : URUS_PA2_PR0_INT_2025 Skid: 60 Calcul Vol : 521 Color: 3.
2026-05-13 16:19:38  ---------------------------
2026-05-13 16:29:50  Default Volume : ADP_BC0_15_PLATE_SKID_new Skid: 76.
2026-05-13 16:29:51  Prog : ADP_BC0_15_PLATE_SKID_new Skid: 76 Calcul Vol : 640 Color: 98.
2026-05-13 16:29:51  ---------------------------
2026-05-13 16:34:39  URUS_PR_INT " Skid: 60 Paint : 468.
2026-05-13 16:49:45  Prog : TEM_PRIM_R12_INT Skid: 96 Calcul Vol : 317 Color: 1.
2026-05-13 16:49:45  ---------------------------
2026-05-13 16:53:34  Prog : URUS_PA2_BC0_R12_INT_2026 Skid: 218 Calcul Vol : 505 Color: 5.
2026-05-13 16:53:34  ---------------------------
2026-05-13 17:04:30  TEMERARIO_PR_INT " Skid: 96 Paint : 265.
2026-05-13 17:05:16  Prog : URUS_PA2_BC0_R12_INT_2026 Skid: 56 Calcul Vol : 634 Color: 145.
2026-05-13 17:05:16  ---------------------------
2026-05-13 17:10:01  Prog : TEM_PRIM_R12_INT Skid: 195 Calcul Vol : 317 Color: 2.
2026-05-13 17:10:01  ---------------------------
2026-05-13 17:12:52  URUS_BC_INT " Skid: 218 Paint : 452.
2026-05-13 17:14:37  Prog : TEM_PRIM_R12_INT Skid: 4 Calcul Vol : 317 Color: 1.
2026-05-13 17:14:37  ---------------------------
2026-05-13 17:19:10  Prog : URUS_PA2_BC0_R12_INT_2026 Skid: 133 Calcul Vol : 514 Color: 19.
2026-05-13 17:19:10  ---------------------------
2026-05-13 17:21:44  URUS_BC_INT " Skid: 195 Paint : 581.
2026-05-13 17:22:59  Prog : URUS_PA2_PR0_INT_2025 Skid: 49 Calcul Vol : 520 Color: 3.
2026-05-13 17:22:59  ---------------------------
2026-05-13 17:25:25  TEMERARIO_PR_INT " Skid: 4 Paint : 265.
2026-05-13 17:27:04  Default Volume : TEM_BC0_R12_INT Skid: 204.
2026-05-13 17:27:05  Prog : TEM_BC0_R12_INT Skid: 204 Calcul Vol : 640 Color: 145.
2026-05-13 17:27:05  ---------------------------
2026-05-13 17:29:17  TEMERARIO_PR_INT " Skid: 133 Paint : 265.
2026-05-13 17:35:48  URUS_BC_INT " Skid: 133 Paint : 460.
2026-05-13 17:50:50  Default Volume : TEM_BC0_R12_INT Skid: 31.
2026-05-13 17:50:52  Prog : TEM_BC0_R12_INT Skid: 31 Calcul Vol : 640 Color: 7.
2026-05-13 17:50:52  ---------------------------
2026-05-13 17:58:02  URUS_PR_INT " Skid: 49 Paint : 468.
2026-05-13 18:03:30  TEMERARIO_BC_INT " Skid: 204 Paint : 319.
2026-05-13 18:05:04  Prog : URUS_PA2_PR0_INT_2025 Skid: 150 Calcul Vol : 513 Color: 1.
2026-05-13 18:05:04  ---------------------------
2026-05-13 18:12:26  TEMERARIO_BC_INT " Skid: 31 Paint : 298.
2026-05-13 18:20:31  URUS_PR_INT " Skid: 150 Paint : 460.
2026-05-13 18:26:18  Default Volume : TEM_BC0_R12_INT Skid: 223.
2026-05-13 18:26:20  Prog : TEM_BC0_R12_INT Skid: 223 Calcul Vol : 640 Color: 24.
2026-05-13 18:26:20  ---------------------------
2026-05-13 18:30:04  Default Volume : TEM_BC0_R12_INT Skid: 233.
2026-05-13 18:30:06  Prog : TEM_BC0_R12_INT Skid: 233 Calcul Vol : 640 Color: 20.
2026-05-13 18:30:06  ---------------------------
2026-05-13 18:35:33  Prog : TEM_PRIM_R12_INT Skid: 202 Calcul Vol : 317 Color: 3.
2026-05-13 18:35:33  ---------------------------
2026-05-13 18:41:12  Prog : URUS_PA2_BC0_HGL Skid: 245 Calcul Vol : 228 Color: 5.
2026-05-13 18:41:12  ---------------------------
2026-05-13 18:42:38  TEMERARIO_BC_INT " Skid: 223 Paint : 292.
2026-05-13 18:46:06  Prog : URUS_PA2_BC0_R12_INT_2026 Skid: 60 Calcul Vol : 537 Color: 6.
2026-05-13 18:46:06  ---------------------------
2026-05-13 18:47:59  TEMERARIO_BC_INT " Skid: 202 Paint : 261.
2026-05-13 18:51:57  TEMERARIO_PR_INT " Skid: 245 Paint : 265.
2026-05-13 18:56:01  Prog : URUS_PA2_PR0_INT_2025 Skid: 68 Calcul Vol : 515 Color: 2.
2026-05-13 18:56:01  ---------------------------
2026-05-13 19:06:45  URUS_BC_INT " Skid: 68 Paint : 485.
2026-05-13 19:11:44  URUS_PR_INT " Skid: 68 Paint : 463.
2026-05-13 19:17:39  Default Volume : TEM_BC0_R12_INT Skid: 168.
2026-05-13 19:17:41  Prog : TEM_BC0_R12_INT Skid: 168 Calcul Vol : 640 Color: 53.
2026-05-13 19:17:41  ---------------------------
2026-05-13 19:28:38  Prog : URUS_PA2_PR0_INT_2025 Skid: 145 Calcul Vol : 513 Color: 1.
2026-05-13 19:28:38  ---------------------------
2026-05-13 19:34:23  TEMERARIO_BC_INT " Skid: 168 Paint : 265.
2026-05-13 19:41:17  Prog : TEM_PRIM_R12_INT Skid: 207 Calcul Vol : 317 Color: 4.
2026-05-13 19:41:17  ---------------------------
2026-05-13 19:45:01  URUS_PR_INT " Skid: 145 Paint : 459.
2026-05-13 19:46:08  Default Volume : TEM_BC0_R12_INT Skid: 4.
2026-05-13 19:46:09  Prog : TEM_BC0_R12_INT Skid: 4 Calcul Vol : 640 Color: 8.
2026-05-13 19:46:09  ---------------------------
2026-05-13 19:53:57  Prog : URUS_PA2_BC0_R12_INT_2026 Skid: 49 Calcul Vol : 539 Color: 55.
2026-05-13 19:53:57  ---------------------------
2026-05-13 19:56:37  TEMERARIO_PR_INT " Skid: 4 Paint : 265.
2026-05-13 20:00:28  TEMERARIO_BC_INT " Skid: 4 Paint : 248.
2026-05-13 20:04:49  Prog : URUS_PA2_PR0_INT_2025 Skid: 221 Calcul Vol : 521 Color: 3.
2026-05-13 20:04:49  ---------------------------
2026-05-13 20:09:19  Prog : URUS_PA2_BC0_R12_INT_2026 Skid: 150 Calcul Vol : 495 Color: 10.
2026-05-13 20:09:19  ---------------------------
2026-05-13 20:18:39  Default Volume : Skid_Frame_Primer Skid: 91.
2026-05-13 20:18:41  Prog : Skid_Frame_Primer Skid: 91 Calcul Vol : 640 Color: 1.
2026-05-13 20:18:41  ---------------------------
2026-05-13 20:18:46  Default Volume : DEFAULT Skid: 91.
2026-05-13 20:18:47  Prog : DEFAULT Skid: 91 Calcul Vol : 640 Color: 1.
2026-05-13 20:18:47  ---------------------------
2026-05-13 20:18:54  URUS_BC_INT " Skid: 221 Paint : 486.
2026-05-13 20:22:20  Default Volume : TEM_BC0_R12_INT Skid: 158.
2026-05-13 20:22:21  Prog : TEM_BC0_R12_INT Skid: 158 Calcul Vol : 640 Color: 68.
2026-05-13 20:22:21  ---------------------------
2026-05-13 20:25:06  URUS_PR_INT " Skid: 150 Paint : 468.
2026-05-13 20:38:03  URUS_BC_INT " Skid: 91 Paint : 441.
2026-05-13 20:39:07  Prog : URUS_PA2_PR0_INT_2025 Skid: 14 Calcul Vol : 512 Color: 1.
2026-05-13 20:39:07  ---------------------------
2026-05-13 20:51:48  Default Volume : TEM_BC0_R12_INT Skid: 96.
2026-05-13 20:51:50  Prog : TEM_BC0_R12_INT Skid: 96 Calcul Vol : 640 Color: 11.
2026-05-13 20:51:50  ---------------------------
2026-05-13 20:52:37  TEMERARIO_BC_INT " Skid: 158 Paint : 263.
2026-05-13 21:02:39  URUS_PR_INT " Skid: 14 Paint : 459.
2026-05-13 21:04:29  Prog : URUS_PA2_BC0_R12_INT_2026 Skid: 133 Calcul Vol : 432 Color: 20.
2026-05-13 21:04:29  ---------------------------
2026-05-13 21:09:50  Prog : TEM_PRIM_R12_INT Skid: 52 Calcul Vol : 317 Color: 3.
2026-05-13 21:09:50  ---------------------------
2026-05-13 21:11:36  TEMERARIO_BC_INT " Skid: 96 Paint : 231.
2026-05-13 21:13:44  Prog : URUS_PA2_BC0_HGL Skid: 68 Calcul Vol : 228 Color: 5.
2026-05-13 21:13:44  ---------------------------
2026-05-13 21:23:23  URUS_BC_INT " Skid: 52 Paint : 378.
2026-05-13 21:27:03  TEMERARIO_PR_INT " Skid: 68 Paint : 264.
2026-05-13 21:33:51  Prog : TEM_PRIM_R12_INT Skid: 244 Calcul Vol : 317 Color: 1.
2026-05-13 21:33:51  ---------------------------
2026-05-13 21:41:39  Prog : URUS_PA2_BC0_R12_INT_2026 Skid: 145 Calcul Vol : 504 Color: 5.
2026-05-13 21:41:39  ---------------------------
2026-05-13 21:46:28  TEMERARIO_PR_INT " Skid: 244 Paint : 265.
2026-05-13 21:54:12  Prog : URUS_PA2_PR0_INT_2025 Skid: 139 Calcul Vol : 512 Color: 1.
2026-05-13 21:54:12  ---------------------------
2026-05-13 21:56:40  URUS_BC_INT " Skid: 145 Paint : 452.
2026-05-13 22:02:21  Default Volume : HURACAN_SP_BC0_R12_INT Skid: 160.
2026-05-13 22:02:22  Prog : HURACAN_SP_BC0_R12_INT Skid: 160 Calcul Vol : 640 Color: 9.
2026-05-13 22:02:22  ---------------------------
2026-05-13 22:08:58  Default Volume : TEM_BC0_R12_INT Skid: 223.
2026-05-13 22:08:59  Prog : TEM_BC0_R12_INT Skid: 223 Calcul Vol : 640 Color: 25.
2026-05-13 22:08:59  ---------------------------
2026-05-13 22:09:05  URUS_PR_INT " Skid: 139 Paint : 460.
2026-05-13 22:36:17  Default Volume : Skid_Frame_Primer Skid: 155.
2026-05-13 22:36:18  Prog : Skid_Frame_Primer Skid: 155 Calcul Vol : 640 Color: 1.
2026-05-13 22:36:18  ---------------------------
2026-05-13 22:36:23  Default Volume : DEFAULT Skid: 155.
2026-05-13 22:36:25  Prog : DEFAULT Skid: 155 Calcul Vol : 640 Color: 1.
2026-05-13 22:36:25  ---------------------------
2026-05-13 22:39:49  Prog : URUS_PA2_BC0_R12_INT_2026 Skid: 245 Calcul Vol : 474 Color: 11.
2026-05-13 22:39:49  ---------------------------
2026-05-13 22:41:59 --- Trajectory INT --- 
2026-05-13 22:41:59  HURACAN_AP_BC0_INT " Skid: 160 Paint : 299.
2026-05-13 22:41:59 ---  --- 
2026-05-13 22:44:46  Prog : URUS_PA2_PR0_INT_2025 Skid: 37 Calcul Vol : 521 Color: 3.
2026-05-13 22:44:46  ---------------------------
2026-05-13 22:51:31  Default Volume : TEM_BC0_R12_INT Skid: 207.
2026-05-13 22:51:32  Prog : TEM_BC0_R12_INT Skid: 207 Calcul Vol : 640 Color: 16.
2026-05-13 22:51:32  ---------------------------
2026-05-13 22:55:04  TEMERARIO_BC_INT " Skid: 155 Paint : 240.
2026-05-13 23:12:14  Default Volume : TEM_BC0_R12_INT Skid: 202.
2026-05-13 23:12:15  Prog : TEM_BC0_R12_INT Skid: 202 Calcul Vol : 640 Color: 28.
2026-05-13 23:12:15  ---------------------------
2026-05-13 23:16:39  URUS_BC_INT " Skid: 37 Paint : 421.
2026-05-13 23:21:21  Prog : TEM_PRIM_R12_INT Skid: 86 Calcul Vol : 317 Color: 3.
2026-05-13 23:21:21  ---------------------------
2026-05-13 23:25:51  URUS_PR_INT " Skid: 207 Paint : 468.
2026-05-13 23:27:33  Default Volume : TEM_BC0_R12_INT Skid: 207.
2026-05-13 23:27:34  Prog : TEM_BC0_R12_INT Skid: 207 Calcul Vol : 640 Color: 16.
2026-05-13 23:27:34  ---------------------------
2026-05-13 23:29:08  Prog : URUS_PA2_BC0_R12_INT_2026 Skid: 56 Calcul Vol : 546 Color: 146.
2026-05-13 23:29:08  ---------------------------
2026-05-13 23:36:55  TEMERARIO_BC_INT " Skid: 86 Paint : 296.
2026-05-13 23:37:58  Default Volume : TEM_BC0_R12_INT Skid: 207.
2026-05-13 23:38:00  Prog : TEM_BC0_R12_INT Skid: 207 Calcul Vol : 640 Color: 16.
2026-05-13 23:38:00  ---------------------------
2026-05-13 23:40:29  TEMERARIO_PR_INT " Skid: 86 Paint : 265.
2026-05-13 23:40:42  Prog : URUS_PA2_PR0_INT_2025 Skid: 149 Calcul Vol : 512 Color: 1.
2026-05-13 23:40:42  ---------------------------
2026-05-13 23:48:21  Prog : URUS_PA2_BC0_R12_INT_2026 Skid: 14 Calcul Vol : 474 Color: 11.
2026-05-13 23:48:21  ---------------------------
2026-05-13 23:49:17  URUS_BC_INT " Skid: 207 Paint : 494.
2026-05-13 23:52:09  Prog : URUS_PA2_PR0_INT_2025 Skid: 103 Calcul Vol : 513 Color: 1.
2026-05-13 23:52:09  ---------------------------
2026-05-13 23:56:53  TEMERARIO_BC_INT " Skid: 149 Paint : 257.
2026-05-13 23:57:25  Prog : URUS_PA2_BC0_R12_INT_2026 Skid: 221 Calcul Vol : 500 Color: 52.
2026-05-13 23:57:25  ---------------------------
2026-05-14 00:01:57  URUS_PR_INT " Skid: 149 Paint : 460.
2026-05-14 00:02:13  Prog : URUS_PA2_BC0_R12_INT_2026 Skid: 163 Calcul Vol : 479 Color: 68.
2026-05-14 00:02:13  ---------------------------
2026-05-14 00:08:16  Prog : TEM_PRIM_R12_INT Skid: 105 Calcul Vol : 317 Color: 3.
2026-05-14 00:08:16  ---------------------------
2026-05-14 00:11:37  URUS_BC_INT " Skid: 103 Paint : 421.
2026-05-14 00:12:55  Prog : URUS_PA2_BC0_R12_INT_2026 Skid: 139 Calcul Vol : 497 Color: 8.
2026-05-14 00:12:55  ---------------------------
2026-05-14 00:18:18  URUS_PR_INT " Skid: 221 Paint : 460.
2026-05-14 00:23:13  URUS_BC_INT " Skid: 163 Paint : 447.
2026-05-14 00:23:29  Prog : URUS_PA2_BC0_R12_INT_2026 Skid: 49 Calcul Vol : 526 Color: 56.
2026-05-14 00:23:29  ---------------------------
2026-05-14 00:28:07  URUS_BC_INT " Skid: 105 Paint : 427.
2026-05-14 00:30:59  Prog : URUS_PA2_PR0_INT_2025 Skid: 219 Calcul Vol : 513 Color: 1.
2026-05-14 00:30:59  ---------------------------
2026-05-14 00:31:47  TEMERARIO_PR_INT " Skid: 139 Paint : 264.
2026-05-14 00:34:31  Default Volume : TEM_BC0_R12_INT Skid: 158.
2026-05-14 00:34:33  Prog : TEM_BC0_R12_INT Skid: 158 Calcul Vol : 640 Color: 69.
2026-05-14 00:34:33  ---------------------------
2026-05-14 00:36:56  URUS_BC_INT " Skid: 139 Paint : 443.
2026-05-14 00:48:18  URUS_BC_INT " Skid: 219 Paint : 473.
2026-05-14 00:48:32  Default Volume : TEM_BC0_R12_INT Skid: 52.
2026-05-14 00:48:34  Prog : TEM_BC0_R12_INT Skid: 52 Calcul Vol : 640 Color: 34.
2026-05-14 00:48:34  ---------------------------
2026-05-14 00:53:17  URUS_PR_INT " Skid: 158 Paint : 460.
2026-05-14 00:53:34  Prog : URUS_PA2_BC0_R12_INT_2026 Skid: 68 Calcul Vol : 565 Color: 62.
2026-05-14 00:53:34  ---------------------------
2026-05-14 00:57:18  TEMERARIO_BC_INT " Skid: 158 Paint : 260.
2026-05-14 01:08:15  Default Volume : TEM_BC0_R12_INT Skid: 233.
2026-05-14 01:08:17  Prog : TEM_BC0_R12_INT Skid: 233 Calcul Vol : 640 Color: 19.
2026-05-14 01:08:17  ---------------------------
2026-05-14 01:16:46  TEMERARIO_BC_INT " Skid: 68 Paint : 276.
2026-05-14 01:18:35  Prog : URUS_PA2_BC0_R12_INT_2026 Skid: 37 Calcul Vol : 432 Color: 98.
2026-05-14 01:18:35  ---------------------------
2026-05-14 01:21:46  URUS_BC_INT " Skid: 68 Paint : 513.
2026-05-14 01:22:26  Default Volume : TEM_BC0_R12_INT Skid: 12.
2026-05-14 01:22:27  Prog : TEM_BC0_R12_INT Skid: 12 Calcul Vol : 640 Color: 15.
2026-05-14 01:22:27  ---------------------------
2026-05-14 01:32:37  TEMERARIO_BC_INT " Skid: 233 Paint : 315.
2026-05-14 01:34:39  Prog : TEM_PRIM_R12_INT Skid: 82 Calcul Vol : 317 Color: 2.
2026-05-14 01:34:39  ---------------------------
2026-05-14 01:49:28  Prog : URUS_PA2_PR0_INT_2025 Skid: 148 Calcul Vol : 520 Color: 3.
2026-05-14 01:49:28  ---------------------------
2026-05-14 01:49:55  URUS_BC_INT " Skid: 12 Paint : 379.
2026-05-14 01:54:22  TEMERARIO_BC_INT " Skid: 82 Paint : 260.
2026-05-14 01:57:06  Default Volume : TEM_BC0_R12_INT Skid: 86.
2026-05-14 01:57:08  Prog : TEM_BC0_R12_INT Skid: 86 Calcul Vol : 640 Color: 7.
2026-05-14 01:57:08  ---------------------------
2026-05-14 02:00:21  TEMERARIO_PR_INT " Skid: 82 Paint : 264.
2026-05-14 02:01:50  Prog : URUS_PA2_BC0_R12_INT_2026 Skid: 149 Calcul Vol : 490 Color: 15.
2026-05-14 02:01:50  ---------------------------
2026-05-14 02:07:17  Prog : TEM_PRIM_R12_INT Skid: 218 Calcul Vol : 317 Color: 1.
2026-05-14 02:07:17  ---------------------------
2026-05-14 02:08:31  URUS_PR_INT " Skid: 148 Paint : 468.
2026-05-14 02:10:56  Prog : URUS_PA2_BC0_R12_INT_2026 Skid: 126 Calcul Vol : 514 Color: 19.
2026-05-14 02:10:56  ---------------------------
2026-05-14 02:16:26  TEMERARIO_BC_INT " Skid: 149 Paint : 297.
2026-05-14 02:21:18  URUS_BC_INT " Skid: 218 Paint : 437.
2026-05-14 02:24:59  TEMERARIO_PR_INT " Skid: 218 Paint : 265.
2026-05-14 02:26:30  Prog : URUS_PA2_PR0_INT_2025 Skid: 153 Calcul Vol : 521 Color: 3.
2026-05-14 02:26:30  ---------------------------
2026-05-14 02:30:12  Prog : URUS_PA2_BC0_HGL Skid: 103 Calcul Vol : 228 Color: 5.
2026-05-14 02:30:12  ---------------------------
2026-05-14 02:31:18  URUS_BC_INT " Skid: 126 Paint : 461.
2026-05-14 02:33:50  Default Volume : TEM_BC0_R12_INT Skid: 202.
2026-05-14 02:33:52  Prog : TEM_BC0_R12_INT Skid: 202 Calcul Vol : 640 Color: 29.
2026-05-14 02:33:52  ---------------------------
2026-05-14 02:38:01  Prog : URUS_PA2_BC0_R12_INT_2026 Skid: 219 Calcul Vol : 497 Color: 8.
2026-05-14 02:38:01  ---------------------------
2026-05-14 02:44:49  URUS_PR_INT " Skid: 103 Paint : 467.
2026-05-14 02:44:55  Prog : TEM_PRIM_R12_INT Skid: 81 Calcul Vol : 317 Color: 2.
2026-05-14 02:44:55  ---------------------------
2026-05-14 02:52:55  TEMERARIO_BC_INT " Skid: 219 Paint : 240.
2026-05-14 02:55:37  Default Volume : TEM_BC0_R12_INT Skid: 244.
2026-05-14 02:55:38  Prog : TEM_BC0_R12_INT Skid: 244 Calcul Vol : 640 Color: 66.
2026-05-14 02:55:38  ---------------------------
2026-05-14 02:59:05  Prog : URUS_PA2_BC0_R12_INT_2026 Skid: 133 Calcul Vol : 514 Color: 19.
2026-05-14 02:59:05  ---------------------------
2026-05-14 02:59:39  URUS_BC_INT " Skid: 219 Paint : 442.
2026-05-14 03:04:20  TEMERARIO_PR_INT " Skid: 81 Paint : 265.
2026-05-14 03:10:49  TEMERARIO_BC_INT " Skid: 244 Paint : 244.
2026-05-14 03:11:06  Prog : URUS_PA2_PR0_INT_2025 Skid: 138 Calcul Vol : 512 Color: 1.
2026-05-14 03:11:06  ---------------------------
2026-05-14 03:19:12  URUS_BC_INT " Skid: 133 Paint : 461.
2026-05-14 03:25:54  URUS_PR_INT " Skid: 138 Paint : 459.
2026-05-14 03:36:39  Prog : TEM_PRIM_R12_INT Skid: 171 Calcul Vol : 317 Color: 3.
2026-05-14 03:36:39  ---------------------------
2026-05-14 03:42:33  Prog : URUS_PA2_BC0_R12_INT_2026 Skid: 163 Calcul Vol : 478 Color: 69.
2026-05-14 03:42:33  ---------------------------
2026-05-14 03:48:16  TEMERARIO_PR_INT " Skid: 171 Paint : 265.
2026-05-14 03:59:07  Prog : URUS_PA2_PR0_INT_2025 Skid: 119 Calcul Vol : 520 Color: 3.
2026-05-14 03:59:07  ---------------------------
2026-05-14 04:00:12  URUS_BC_INT " Skid: 163 Paint : 425.
2026-05-14 04:09:13  Prog : URUS_PA2_BC0_R12_INT_2026 Skid: 221 Calcul Vol : 473 Color: 53.
2026-05-14 04:09:13  ---------------------------
2026-05-14 04:12:41  URUS_PR_INT " Skid: 119 Paint : 468.
2026-05-14 04:21:24  Default Volume : TEM_BC0_R12_INT Skid: 105.
2026-05-14 04:21:26  Prog : TEM_BC0_R12_INT Skid: 105 Calcul Vol : 640 Color: 52.
2026-05-14 04:21:26  ---------------------------
2026-05-14 04:24:30  URUS_BC_INT " Skid: 221 Paint : 420.
2026-05-14 05:45:46 --- Trajectory EXT --- 
2026-05-14 05:45:46  URUS_PA2_BC0_R12_EXT1 " Skid: 16825 Paint : 14.
2026-05-14 05:47:27  URUS_PA2_BC0_R12_EXT2 " Skid: 16825 Paint : 0.
2026-05-14 05:47:27 ---   --- 
2026-05-14 06:09:08  Prog : URUS_PA2_BC0_R12_INT_2026 Skid: 148 Calcul Vol : 421 Color: 76.
2026-05-14 06:09:08  ---------------------------
2026-05-14 06:17:10  TEMERARIO_BC_INT " Skid: 105 Paint : 245.
2026-05-14 06:24:08  Default Volume : TEM_BC0_R12_INT Skid: 96.
2026-05-14 06:24:10  Prog : TEM_BC0_R12_INT Skid: 96 Calcul Vol : 640 Color: 11.
2026-05-14 06:24:10  ---------------------------
2026-05-14 06:27:07  URUS_BC_INT " Skid: 148 Paint : 368.
2026-05-14 06:28:58  Prog : URUS_PA2_BC0_R12_INT_2026 Skid: 153 Calcul Vol : 502 Color: 12.
2026-05-14 06:28:58  ---------------------------
2026-05-14 06:39:32  TEMERARIO_BC_INT " Skid: 96 Paint : 181.
2026-05-14 06:41:52  Prog : TEM_PRIM_R12_INT Skid: 60 Calcul Vol : 317 Color: 1.
2026-05-14 06:41:52  ---------------------------
2026-05-14 06:53:02  Prog : URUS_PA2_BC0_R12_INT_2026 Skid: 126 Calcul Vol : 432 Color: 20.
2026-05-14 06:53:02  ---------------------------
2026-05-14 06:57:47  Prog : URUS_PA2_BC0_R12_INT_2026 Skid: 119 Calcul Vol : 502 Color: 12.
2026-05-14 06:57:47  ---------------------------
2026-05-14 07:00:14  URUS_BC_INT " Skid: 153 Paint : 449.
2026-05-14 07:03:43  Default Volume : TEM_BC0_R12_INT Skid: 218.
2026-05-14 07:03:45  Prog : TEM_BC0_R12_INT Skid: 218 Calcul Vol : 640 Color: 5.
2026-05-14 07:03:45  ---------------------------
2026-05-14 07:04:48  TEMERARIO_PR_INT " Skid: 126 Paint : 265.
2026-05-14 07:07:24  Prog : URUS_PA2_PR0_INT_2025 Skid: 35 Calcul Vol : 512 Color: 1.
2026-05-14 07:07:24  ---------------------------
2026-05-14 07:14:55  URUS_BC_INT " Skid: 126 Paint : 379.
2026-05-14 07:29:54  Prog : TEM_PRIM_R12_INT Skid: 150 Calcul Vol : 317 Color: 2.
2026-05-14 07:29:54  ---------------------------
2026-05-14 07:32:28  URUS_BC_INT " Skid: 218 Paint : 449.
2026-05-14 07:33:12  Prog : URUS_PA2_BC0_R12_INT_2026 Skid: 103 Calcul Vol : 570 Color: 67.
2026-05-14 07:33:12  ---------------------------
2026-05-14 07:36:20  TEMERARIO_BC_INT " Skid: 35 Paint : 249.
2026-05-14 07:36:43  Prog : URUS_PA2_BC0_R12_INT_2026 Skid: 138 Calcul Vol : 455 Color: 27.
2026-05-14 07:36:43  ---------------------------
2026-05-14 07:42:05  URUS_PR_INT " Skid: 150 Paint : 460.
2026-05-14 07:46:11  TEMERARIO_PR_INT " Skid: 150 Paint : 264.
2026-05-14 07:57:52  Prog : URUS_PA2_PR0_INT_2025 Skid: 237 Calcul Vol : 512 Color: 1.
2026-05-14 07:57:52  ---------------------------
2026-05-14 08:00:36  URUS_BC_INT " Skid: 103 Paint : 517.
2026-05-14 08:02:13  Prog : URUS_PA2_BC0_R12_INT_2026 Skid: 133 Calcul Vol : 432 Color: 20.
2026-05-14 08:02:13  ---------------------------
2026-05-14 08:07:07  URUS_BC_INT " Skid: 237 Paint : 403.
2026-05-14 08:12:12  URUS_PR_INT " Skid: 237 Paint : 460.
2026-05-14 08:19:47  Prog : TEM_PRIM_R12_INT Skid: 20 Calcul Vol : 317 Color: 3.
2026-05-14 08:19:47  ---------------------------
2026-05-14 08:23:39  URUS_BC_INT " Skid: 133 Paint : 379.
2026-05-14 08:26:43  Default Volume : TEM_BC0_R12_INT Skid: 52.
2026-05-14 08:26:45  Prog : TEM_BC0_R12_INT Skid: 52 Calcul Vol : 640 Color: 35.
2026-05-14 08:26:45  ---------------------------
2026-05-14 08:31:38  TEMERARIO_PR_INT " Skid: 20 Paint : 265.
2026-05-14 08:35:48  Prog : URUS_PA2_BC0_R12_INT_2026 Skid: 37 Calcul Vol : 588 Color: 99.
2026-05-14 08:35:48  ---------------------------
2026-05-14 08:40:18  Prog : URUS_PA2_PR0_INT_2025 Skid: 230 Calcul Vol : 513 Color: 1.
2026-05-14 08:40:18  ---------------------------
2026-05-14 08:40:47  TEMERARIO_BC_INT " Skid: 52 Paint : 288.
2026-05-14 09:00:48  Prog : URUS_PA2_PR0_INT_2025 Skid: 206 Calcul Vol : 513 Color: 1.
2026-05-14 09:00:48  ---------------------------
2026-05-14 09:04:24  Default Volume : TEM_BC0_R12_INT Skid: 233.
2026-05-14 09:04:25  Prog : TEM_BC0_R12_INT Skid: 233 Calcul Vol : 640 Color: 20.
2026-05-14 09:04:25  ---------------------------
2026-05-14 09:08:39  URUS_BC_INT " Skid: 230 Paint : 534.
2026-05-14 09:13:38  URUS_PR_INT " Skid: 230 Paint : 460.
2026-05-14 09:23:27  Default Volume : TEM_BC0_R12_INT Skid: 171.
2026-05-14 09:23:29  Prog : TEM_BC0_R12_INT Skid: 171 Calcul Vol : 640 Color: 28.
2026-05-14 09:23:29  ---------------------------
2026-05-14 09:27:58  URUS_PR_INT " Skid: 233 Paint : 460.
2026-05-14 09:33:18  TEMERARIO_BC_INT " Skid: 233 Paint : 260.
2026-05-14 09:35:44  Prog : URUS_PA2_BC0_R12_INT_2026 Skid: 148 Calcul Vol : 497 Color: 77.
2026-05-14 09:35:44  ---------------------------
2026-05-14 09:43:23  Prog : URUS_PA2_BC0_HGL Skid: 35 Calcul Vol : 228 Color: 5.
2026-05-14 09:43:23  ---------------------------
2026-05-14 09:51:27  TEMERARIO_BC_INT " Skid: 171 Paint : 296.
2026-05-14 09:53:23  Default Volume : TEM_BC0_R12_INT Skid: 105.
2026-05-14 09:53:24  Prog : TEM_BC0_R12_INT Skid: 105 Calcul Vol : 640 Color: 53.
2026-05-14 09:53:24  ---------------------------
2026-05-14 09:57:09  Default Volume : HURACAN_SP_PRIM_R12_INT Skid: 48.
2026-05-14 09:57:10  Prog : HURACAN_SP_PRIM_R12_INT Skid: 48 Calcul Vol : 640 Color: 2.
2026-05-14 09:57:10  ---------------------------
2026-05-14 10:01:36  URUS_BC_INT " Skid: 35 Paint : 444.
2026-05-14 10:01:53  Prog : URUS_PA2_BC0_R12_INT_2026 Skid: 237 Calcul Vol : 497 Color: 8.
2026-05-14 10:01:53  ---------------------------
2026-05-14 10:18:41  TEMERARIO_BC_INT " Skid: 48 Paint : 265.
2026-05-14 10:23:56  Prog : URUS_PA2_PR0_INT_2025 Skid: 130 Calcul Vol : 513 Color: 1.
2026-05-14 10:23:56  ---------------------------
2026-05-14 10:28:35  URUS_BC_INT " Skid: 237 Paint : 442.
2026-05-14 10:37:57  URUS_PR_INT " Skid: 130 Paint : 460.
2026-05-14 11:08:11  Prog : TEM_PRIM_R12_INT Skid: 131 Calcul Vol : 317 Color: 3.
2026-05-14 11:08:11  ---------------------------
2026-05-14 11:11:05  Prog : URUS_PA2_BC0_R12_INT_2026 Skid: 230 Calcul Vol : 497 Color: 8.
2026-05-14 11:11:05  ---------------------------
2026-05-14 11:14:39  Prog : URUS_PA2_PR0_INT_2025 Skid: 98 Calcul Vol : 521 Color: 3.
2026-05-14 11:14:39  ---------------------------
2026-05-14 11:19:47  TEMERARIO_PR_INT " Skid: 131 Paint : 265.
2026-05-14 11:23:11  Default Volume : TEM_BC0_R12_INT Skid: 150.
2026-05-14 11:23:13  Prog : TEM_BC0_R12_INT Skid: 150 Calcul Vol : 640 Color: 31.
2026-05-14 11:23:13  ---------------------------
2026-05-14 11:25:42  URUS_BC_INT " Skid: 98 Paint : 443.
2026-05-14 11:27:46  Prog : URUS_PA2_BC0_HGL Skid: 206 Calcul Vol : 228 Color: 5.
2026-05-14 11:27:46  ---------------------------
2026-05-14 11:30:41  URUS_PR_INT " Skid: 98 Paint : 468.
2026-05-14 11:32:58  Prog : URUS_PA2_PR0_INT_2025 Skid: 50 Calcul Vol : 512 Color: 1.
2026-05-14 11:32:58  ---------------------------
2026-05-14 11:39:41  TEMERARIO_BC_INT " Skid: 206 Paint : 290.
2026-05-14 11:49:40  URUS_PR_INT " Skid: 50 Paint : 460.
2026-05-14 11:53:50  Prog : TEM_PRIM_R12_INT Skid: 208 Calcul Vol : 317 Color: 1.
2026-05-14 11:53:50  ---------------------------
2026-05-14 12:05:10  TEMERARIO_PR_INT " Skid: 208 Paint : 265.
2026-05-14 12:15:37  Default Volume : HURACAN_SP_BC0_R12_INT Skid: 160.
2026-05-14 12:15:39  Prog : HURACAN_SP_BC0_R12_INT Skid: 160 Calcul Vol : 640 Color: 9.
2026-05-14 12:15:39  ---------------------------
2026-05-14 12:18:42  Prog : URUS_PA2_BC0_R12_INT_2026 Skid: 130 Calcul Vol : 497 Color: 8.
2026-05-14 12:18:42  ---------------------------
2026-05-14 12:22:42  Prog : URUS_PA2_PR0_INT_2025 Skid: 245 Calcul Vol : 516 Color: 2.
2026-05-14 12:22:42  ---------------------------
2026-05-14 12:31:04 --- Trajectory INT --- 
2026-05-14 12:31:04  HURACAN_AP_BC0_INT " Skid: 160 Paint : 299.
2026-05-14 12:31:04 ---  --- 
2026-05-14 12:41:30  URUS_PR_INT " Skid: 245 Paint : 462.
2026-05-14 12:46:45  Default Volume : TEM_BC0_R12_INT Skid: 204.
2026-05-14 12:46:46  Prog : TEM_BC0_R12_INT Skid: 204 Calcul Vol : 640 Color: 146.
2026-05-14 12:46:46  ---------------------------
2026-05-14 12:51:07  Prog : URUS_PA2_BC0_R12_INT_2026 Skid: 130 Calcul Vol : 497 Color: 8.
2026-05-14 12:51:07  ---------------------------
2026-05-14 12:58:29  Prog : URUS_PA2_PR0_INT_2025 Skid: 144 Calcul Vol : 521 Color: 3.
2026-05-14 12:58:29  ---------------------------
2026-05-14 13:00:40  TEMERARIO_BC_INT " Skid: 204 Paint : 309.
2026-05-14 13:09:25  URUS_BC_INT " Skid: 130 Paint : 443.
2026-05-14 13:09:29  Prog : URUS_PA2_PR0_INT_2025 Skid: 59 Calcul Vol : 513 Color: 1.
2026-05-14 13:09:29  ---------------------------
2026-05-14 13:19:06  URUS_PR_INT " Skid: 59 Paint : 467.
2026-05-14 13:25:01  URUS_PR_INT " Skid: 59 Paint : 460.
2026-05-14 13:29:45  Prog : TEM_PRIM_R12_INT Skid: 145 Calcul Vol : 317 Color: 1.
2026-05-14 13:29:45  ---------------------------
2026-05-14 13:41:33  Prog : URUS_PA2_BC0_R12_INT_2026 Skid: 35 Calcul Vol : 565 Color: 97.
2026-05-14 13:41:33  ---------------------------
2026-05-14 13:55:03  TEMERARIO_PR_INT " Skid: 145 Paint : 265.
2026-05-14 14:03:34  Prog : URUS_PA2_BC0_R12_INT_2026 Skid: 98 Calcul Vol : 432 Color: 98.
2026-05-14 14:03:34  ---------------------------
2026-05-14 14:04:38  URUS_BC_INT " Skid: 35 Paint : 512.
2026-05-14 14:08:37  Prog : URUS_PA2_BC0_R12_INT_2026 Skid: 50 Calcul Vol : 474 Color: 11.
2026-05-14 14:08:37  ---------------------------
2026-05-14 14:19:49  Prog : URUS_PA2_PR0_INT_2025 Skid: 167 Calcul Vol : 512 Color: 1.
2026-05-14 14:19:49  ---------------------------
2026-05-14 14:21:28  URUS_BC_INT " Skid: 98 Paint : 380.
2026-05-14 14:23:46  Prog : URUS_PA2_BC0_HGL Skid: 245 Calcul Vol : 228 Color: 5.
2026-05-14 14:23:46  ---------------------------
2026-05-14 14:30:48  URUS_BC_INT " Skid: 167 Paint : 421.
2026-05-14 14:35:47  URUS_PR_INT " Skid: 245 Paint : 460.
2026-05-14 14:44:14  Prog : URUS_PA2_PR0_INT_2025 Skid: 166 Calcul Vol : 513 Color: 1.
2026-05-14 14:44:14  ---------------------------
2026-05-14 14:52:43  Default Volume : ADP_BC0_15_PLATE_SKID_new Skid: 76.
2026-05-14 14:52:45  Prog : ADP_BC0_15_PLATE_SKID_new Skid: 76 Calcul Vol : 640 Color: 99.
2026-05-14 14:52:45  ---------------------------
2026-05-14 15:02:50  Default Volume : TEM_BC0_R12_INT Skid: 171.
2026-05-14 15:02:52  Prog : TEM_BC0_R12_INT Skid: 171 Calcul Vol : 640 Color: 29.
2026-05-14 15:02:52  ---------------------------
2026-05-14 15:04:04  URUS_PR_INT " Skid: 166 Paint : 460.
2026-05-14 15:17:01  Prog : URUS_PA2_BC0_R12_INT_2026 Skid: 206 Calcul Vol : 634 Color: 145.
2026-05-14 15:17:01  ---------------------------
2026-05-14 15:22:23  Prog : TEM_PRIM_R12_INT Skid: 139 Calcul Vol : 317 Color: 1.
2026-05-14 15:22:23  ---------------------------
2026-05-14 15:24:42  TEMERARIO_BC_INT " Skid: 171 Paint : 241.
2026-05-14 15:27:50  Prog : URUS_PA2_BC0_R12_INT_2026 Skid: 49 Calcul Vol : 256 Color: 55.
2026-05-14 15:27:50  ---------------------------
2026-05-14 15:32:29  Prog : URUS_PA2_BC0_R12_INT_2026 Skid: 59 Calcul Vol : 504 Color: 5.
2026-05-14 15:32:29  ---------------------------
2026-05-14 15:34:42  URUS_BC_INT " Skid: 139 Paint : 581.
2026-05-14 15:38:30  TEMERARIO_PR_INT " Skid: 139 Paint : 265.
2026-05-14 15:51:44  Default Volume : TEM_BC0_R12_INT Skid: 131.
2026-05-14 15:51:46  Prog : TEM_BC0_R12_INT Skid: 131 Calcul Vol : 640 Color: 52.
2026-05-14 15:51:46  ---------------------------
2026-05-14 15:52:03  URUS_BC_INT " Skid: 59 Paint : 452.
2026-05-14 15:55:36  Default Volume : TEM_BC0_R12_INT Skid: 145.
2026-05-14 15:55:37  Prog : TEM_BC0_R12_INT Skid: 145 Calcul Vol : 640 Color: 5.
2026-05-14 15:55:37  ---------------------------
2026-05-14 16:02:32  Prog : URUS_PA2_PR0_INT_2025 Skid: 232 Calcul Vol : 513 Color: 1.
2026-05-14 16:02:32  ---------------------------
2026-05-14 16:08:14  Prog : URUS_PA2_BC0_R12_INT_2026 Skid: 167 Calcul Vol : 505 Color: 5.
2026-05-14 16:08:14  ---------------------------
2026-05-14 16:09:30  TEMERARIO_BC_INT " Skid: 131 Paint : 245.
2026-05-14 16:14:17  Prog : URUS_PA2_PR0_INT_2025 Skid: 210 Calcul Vol : 513 Color: 1.
2026-05-14 16:14:17  ---------------------------
2026-05-14 16:15:52  TEMERARIO_BC_INT " Skid: 232 Paint : 249.
2026-05-14 16:21:07  URUS_PR_INT " Skid: 232 Paint : 460.
2026-05-14 16:27:43  URUS_BC_INT " Skid: 167 Paint : 452.
2026-05-14 16:30:42  Prog : URUS_PA2_PR0_INT_2025 Skid: 57 Calcul Vol : 513 Color: 1.
2026-05-14 16:30:42  ---------------------------
2026-05-14 16:35:23  URUS_PR_INT " Skid: 210 Paint : 460.
2026-05-14 16:38:22  Prog : URUS_PA2_BC0_R12_INT_2026 Skid: 166 Calcul Vol : 504 Color: 5.
2026-05-14 16:38:22  ---------------------------
2026-05-14 16:47:22  URUS_PR_INT " Skid: 57 Paint : 460.
2026-05-14 16:47:25  Prog : TEM_PRIM_R12_INT Skid: 82 Calcul Vol : 317 Color: 1.
2026-05-14 16:47:25  ---------------------------
2026-05-14 16:55:48  URUS_BC_INT " Skid: 166 Paint : 452.
2026-05-14 16:59:44  TEMERARIO_PR_INT " Skid: 82 Paint : 265.
2026-05-14 17:07:52  File Access Error
2026-05-14 17:07:53  Prog : URUS_PA2_BC0_R12_INT_2026 Skid: 212 Calcul Vol : 650 Color: 26.
2026-05-14 17:07:53  ---------------------------
2026-05-14 17:12:23  Prog : URUS_PA2_PR0_INT_2025 Skid: 168 Calcul Vol : 521 Color: 3.
2026-05-14 17:12:23  ---------------------------
2026-05-14 17:32:21  URUS_PR_INT " Skid: 168 Paint : 468.
2026-05-14 17:55:14  Prog : URUS_PA2_PR0_INT_2025 Skid: 117 Calcul Vol : 470 Color: 3.
2026-05-14 17:55:14  ---------------------------
2026-05-14 18:02:08  Default Volume : TEM_BC0_R12_INT Skid: 208.
2026-05-14 18:02:09  Prog : TEM_BC0_R12_INT Skid: 208 Calcul Vol : 640 Color: 5.
2026-05-14 18:02:09  ---------------------------
2026-05-14 18:04:24 --- Trajectory --- 
2026-05-14 18:04:24 Prog : URUS_PA2_PR0_INT_2025 & OPT_1 12289 Skid: 117 Paint : 417.
2026-05-14 18:04:24 ------ Trajectory Consuption URUS PA2 SPORT INT PRIMER ------ 
2026-05-14 18:04:24  URUS_PA2SPORT_PR0_R12_INT " Skid: 117 Paint : 417.
2026-05-14 18:04:24 --------------   --------------   -------------- 
2026-05-14 18:05:55  Prog : URUS_PA2_BC0_R12_INT_2026 Skid: 232 Calcul Vol : 505 Color: 5.
2026-05-14 18:05:55  ---------------------------
2026-05-14 18:12:22  Prog : URUS_PA2_BC0_R12_INT_2026 Skid: 245 Calcul Vol : 513 Color: 73.
2026-05-14 18:12:22  ---------------------------
2026-05-14 18:19:54  TEMERARIO_BC_INT " Skid: 208 Paint : 270.
2026-05-14 18:25:04  Prog : URUS_PA2_BC0_R12_INT_2026 Skid: 98 Calcul Vol : 587 Color: 99.
2026-05-14 18:25:04  ---------------------------
2026-05-14 18:26:58  URUS_BC_INT " Skid: 232 Paint : 452.
2026-05-14 18:29:49  Prog : URUS_PA2_PR0_INT_2025 Skid: 81 Calcul Vol : 512 Color: 1.
2026-05-14 18:29:49  ---------------------------
2026-05-14 18:33:30  URUS_BC_INT " Skid: 245 Paint : 459.
2026-05-14 18:45:23  Prog : TEM_PRIM_R12_INT Skid: 31 Calcul Vol : 317 Color: 1.
2026-05-14 18:45:23  ---------------------------
2026-05-14 18:48:12  URUS_BC_INT " Skid: 81 Paint : 534.
2026-05-14 18:49:08  Prog : URUS_PA2_BC0_R12_INT_2026 Skid: 49 Calcul Vol : 252 Color: 56.
2026-05-14 18:49:08  ---------------------------
2026-05-14 18:53:12  URUS_PR_INT " Skid: 81 Paint : 460.
2026-05-14 18:54:47  Prog : URUS_PA2_BC0_R12_INT_2026 Skid: 210 Calcul Vol : 505 Color: 5.
2026-05-14 18:54:47  ---------------------------
2026-05-14 18:59:29  Prog : URUS_PA2_PR0_INT_2025 Skid: 68 Calcul Vol : 521 Color: 3.
2026-05-14 18:59:29  ---------------------------
2026-05-14 19:00:57  TEMERARIO_PR_INT " Skid: 31 Paint : 265.
2026-05-14 19:12:23  Prog : URUS_PA2_BC0_HGL Skid: 57 Calcul Vol : 228 Color: 5.
2026-05-14 19:12:23  ---------------------------
2026-05-14 19:14:17  URUS_BC_INT " Skid: 68 Paint : 452.
2026-05-14 19:19:17  URUS_PR_INT " Skid: 68 Paint : 468.
2026-05-14 19:23:45  Prog : URUS_PA2_BC0_R12_INT_2026 Skid: 206 Calcul Vol : 546 Color: 146.
2026-05-14 19:23:45  ---------------------------
2026-05-14 19:27:33  Prog : URUS_PA2_PR0_INT_2025 Skid: 149 Calcul Vol : 520 Color: 3.
2026-05-14 19:27:33  ---------------------------
2026-05-14 19:34:42  Prog : URUS_PA2_BC0_R12_INT_2026 Skid: 168 Calcul Vol : 511 Color: 34.
2026-05-14 19:34:42  ---------------------------
2026-05-14 19:41:45  URUS_BC_INT " Skid: 206 Paint : 494.
2026-05-14 19:46:09  Default Volume : TEM_BC0_R12_INT Skid: 139.
2026-05-14 19:46:10  Prog : TEM_BC0_R12_INT Skid: 139 Calcul Vol : 640 Color: 5.
2026-05-14 19:46:10  ---------------------------
2026-05-14 19:47:28  URUS_PR_INT " Skid: 149 Paint : 468.
2026-05-14 19:50:19  Prog : TEM_PRIM_R12_INT Skid: 207 Calcul Vol : 317 Color: 3.
2026-05-14 19:50:19  ---------------------------
2026-05-14 19:53:26  URUS_BC_INT " Skid: 168 Paint : 458.
2026-05-14 20:02:40  Default Volume : TEM_BC0_R12_INT Skid: 131.
2026-05-14 20:02:41  Prog : TEM_BC0_R12_INT Skid: 131 Calcul Vol : 640 Color: 53.
2026-05-14 20:02:41  ---------------------------
2026-05-14 20:04:27  TEMERARIO_BC_INT " Skid: 207 Paint : 270.
2026-05-14 20:06:51  Prog : URUS_PA2_PR0_INT_2025 Skid: 4 Calcul Vol : 520 Color: 3.
2026-05-14 20:06:51  ---------------------------
2026-05-14 20:10:27  TEMERARIO_PR_INT " Skid: 207 Paint : 265.
2026-05-14 20:12:03  Prog : URUS_PA2_BC0_R12_INT_2026 Skid: 144 Calcul Vol : 539 Color: 55.
2026-05-14 20:12:03  ---------------------------
2026-05-14 20:20:12  TEMERARIO_BC_INT " Skid: 4 Paint : 265.
2026-05-14 20:26:00  URUS_PR_INT " Skid: 4 Paint : 468.
2026-05-14 20:30:30  Prog : URUS_PA2_PR0_INT_2025 Skid: 163 Calcul Vol : 515 Color: 2.
2026-05-14 20:30:30  ---------------------------
2026-05-14 20:34:21  Prog : URUS_PA2_BC0_R12_INT_2026 Skid: 81 Calcul Vol : 497 Color: 8.
2026-05-14 20:34:21  ---------------------------
2026-05-14 20:38:27  URUS_BC_INT " Skid: 144 Paint : 486.
2026-05-14 20:44:03  Default Volume : TEM_BC0_R12_INT Skid: 31.
2026-05-14 20:44:04  Prog : TEM_BC0_R12_INT Skid: 31 Calcul Vol : 640 Color: 5.
2026-05-14 20:44:04  ---------------------------
2026-05-14 20:46:25  URUS_PR_INT " Skid: 163 Paint : 463.
2026-05-14 20:51:48  URUS_BC_INT " Skid: 81 Paint : 443.
2026-05-14 20:52:32  Prog : TEM_PRIM_R12_INT Skid: 86 Calcul Vol : 317 Color: 2.
2026-05-14 20:52:32  ---------------------------
2026-05-14 20:59:16  TEMERARIO_BC_INT " Skid: 31 Paint : 250.
2026-05-14 21:05:32  Prog : URUS_PA2_BC0_R12_INT_2026 Skid: 68 Calcul Vol : 433 Color: 98.
2026-05-14 21:05:32  ---------------------------
2026-05-14 21:11:14  TEMERARIO_PR_INT " Skid: 86 Paint : 265.
2026-05-14 21:18:46  Default Volume : ADP_BC0_15_PLATE_SKID_new Skid: 76.
2026-05-14 21:18:48  Prog : ADP_BC0_15_PLATE_SKID_new Skid: 76 Calcul Vol : 640 Color: 3.
2026-05-14 21:18:48  ---------------------------
2026-05-14 21:20:38  URUS_BC_INT " Skid: 68 Paint : 380.
2026-05-14 21:24:33  Default Volume : TEM_BC0_R12_INT Skid: 82.
2026-05-14 21:24:34  Prog : TEM_BC0_R12_INT Skid: 82 Calcul Vol : 640 Color: 5.
2026-05-14 21:24:34  ---------------------------
2026-05-14 21:27:50  Prog : URUS_PA2_PR0_INT_2025 Skid: 219 Calcul Vol : 520 Color: 3.
2026-05-14 21:27:50  ---------------------------
2026-05-14 21:37:36  TEMERARIO_BC_INT " Skid: 219 Paint : 270.
2026-05-14 21:48:49  URUS_PR_INT " Skid: 219 Paint : 467.
2026-05-14 21:50:54  Prog : URUS_PA2_PR0_INT_2025 Skid: 138 Calcul Vol : 515 Color: 4.
2026-05-14 21:50:54  ---------------------------
2026-05-14 21:59:18  Prog : URUS_PA2_BC0_R12_INT_2026 Skid: 166 Calcul Vol : 448 Color: 5.
2026-05-14 21:59:18  ---------------------------
2026-05-14 22:05:04  URUS_PR_INT " Skid: 138 Paint : 463.
2026-05-14 22:06:27  Prog : TEM_PRIM_R12_INT Skid: 60 Calcul Vol : 317 Color: 1.
2026-05-14 22:06:27  ---------------------------
2026-05-14 22:10:13  Prog : URUS_PA2_BC0_R12_INT_2026 Skid: 4 Calcul Vol : 537 Color: 6.
2026-05-14 22:10:13  ---------------------------
2026-05-14 22:14:16  Prog : URUS_PA2_BC0_R12_INT_2026 Skid: 149 Calcul Vol : 537 Color: 6.
2026-05-14 22:14:16  ---------------------------
2026-05-14 22:42:07  Prog : URUS_PA2_PR0_INT_2025 Skid: 119 Calcul Vol : 520 Color: 3.
2026-05-14 22:42:07  ---------------------------
2026-05-14 22:46:08  Prog : URUS_PA2_BC0_R12_INT_2026 Skid: 163 Calcul Vol : 541 Color: 89.
2026-05-14 22:46:08  ---------------------------
2026-05-14 22:46:20  TEMERARIO_PR_INT " Skid: 4 Paint : 265.
2026-05-14 22:51:19  URUS_BC_INT " Skid: 4 Paint : 485.
2026-05-14 22:57:33  URUS_BC_INT " Skid: 119 Paint : 485.
2026-05-14 23:02:32  URUS_PR_INT " Skid: 163 Paint : 468.
2026-05-14 23:05:10  Default Volume : TEM_BC0_R12_INT Skid: 207.
2026-05-14 23:05:12  Prog : TEM_BC0_R12_INT Skid: 207 Calcul Vol : 640 Color: 52.
2026-05-14 23:05:12  ---------------------------
2026-05-14 23:07:29  URUS_BC_INT " Skid: 163 Paint : 489.
2026-05-14 23:08:48  Prog : URUS_PA2_PR0_INT_2025 Skid: 133 Calcul Vol : 512 Color: 1.
2026-05-14 23:08:48  ---------------------------
2026-05-14 23:12:15  Prog : URUS_PA2_BC0_R12_INT_2026 Skid: 57 Calcul Vol : 474 Color: 11.
2026-05-14 23:12:15  ---------------------------
2026-05-14 23:16:43  Prog : URUS_PA2_BC0_R12_INT_2026 Skid: 168 Calcul Vol : 485 Color: 35.
2026-05-14 23:16:43  ---------------------------
2026-05-14 23:21:43  TEMERARIO_BC_INT " Skid: 133 Paint : 245.
2026-05-14 23:22:19  Prog : TEM_PRIM_R12_INT Skid: 237 Calcul Vol : 317 Color: 2.
2026-05-14 23:22:19  ---------------------------
2026-05-14 23:27:01  URUS_PR_INT " Skid: 57 Paint : 460.
2026-05-14 23:38:46  URUS_BC_INT " Skid: 168 Paint : 419.
2026-05-14 23:43:40  URUS_BC_INT " Skid: 237 Paint : 432.
2026-05-14 23:47:21  TEMERARIO_PR_INT " Skid: 237 Paint : 264.
2026-05-14 23:49:20  Prog : URUS_PA2_BC0_R12_INT_2026 Skid: 144 Calcul Vol : 525 Color: 56.
2026-05-14 23:49:20  ---------------------------
2026-05-14 23:52:47  Prog : URUS_PA2_PR0_INT_2025 Skid: 51 Calcul Vol : 520 Color: 3.
2026-05-14 23:52:47  ---------------------------
2026-05-15 00:03:20  Prog : URUS_PA2_BC0_R12_INT_2026 Skid: 219 Calcul Vol : 559 Color: 7.
2026-05-15 00:03:20  ---------------------------
2026-05-15 00:06:37  URUS_BC_INT " Skid: 51 Paint : 473.
2026-05-15 00:07:11  Prog : TEM_PRIM_R12_INT Skid: 126 Calcul Vol : 317 Color: 2.
2026-05-15 00:07:11  ---------------------------
2026-05-15 00:12:05  Prog : URUS_PA2_BC0_R12_INT_2026 Skid: 138 Calcul Vol : 506 Color: 16.
2026-05-15 00:12:05  ---------------------------
2026-05-15 00:12:07  URUS_PR_INT " Skid: 51 Paint : 468.
2026-05-15 00:16:20  Default Volume : TEM_BC0_R12_INT Skid: 208.
2026-05-15 00:16:21  Prog : TEM_BC0_R12_INT Skid: 208 Calcul Vol : 640 Color: 5.
2026-05-15 00:16:21  ---------------------------
2026-05-15 00:21:06  URUS_BC_INT " Skid: 126 Paint : 506.
2026-05-15 00:24:55  TEMERARIO_PR_INT " Skid: 138 Paint : 265.
2026-05-15 00:30:42  URUS_BC_INT " Skid: 208 Paint : 452.
2026-05-15 00:32:40  Prog : URUS_PA2_PR0_INT_2025 Skid: 103 Calcul Vol : 512 Color: 1.
2026-05-15 00:32:40  ---------------------------
2026-05-15 00:35:06  TEMERARIO_BC_INT " Skid: 208 Paint : 270.
2026-05-15 00:36:10  Prog : URUS_PA2_BC0_R12_INT_2026 Skid: 119 Calcul Vol : 524 Color: 32.
2026-05-15 00:36:10  ---------------------------
2026-05-15 00:42:49  Default Volume : ADP_BC0_15_PLATE_SKID_new Skid: 76.
2026-05-15 00:42:50  Prog : ADP_BC0_15_PLATE_SKID_new Skid: 76 Calcul Vol : 640 Color: 2.
2026-05-15 00:42:50  ---------------------------
2026-05-15 00:46:18  URUS_PR_INT " Skid: 103 Paint : 460.
2026-05-15 00:49:20  Prog : URUS_PA2_BC0_R12_INT_2026 Skid: 68 Calcul Vol : 558 Color: 85.
2026-05-15 00:49:20  ---------------------------
2026-05-15 00:53:26  Default Volume : TEM_BC0_R12_INT Skid: 60.
2026-05-15 00:53:27  Prog : TEM_BC0_R12_INT Skid: 60 Calcul Vol : 640 Color: 13.
2026-05-15 00:53:27  ---------------------------
2026-05-15 00:54:39  URUS_BC_INT " Skid: 76 Paint : 471.
2026-05-15 01:01:27  Prog : URUS_PA2_BC0_R12_INT_2026 Skid: 133 Calcul Vol : 474 Color: 11.
2026-05-15 01:01:27  ---------------------------
2026-05-15 01:07:39  URUS_BC_INT " Skid: 60 Paint : 504.
2026-05-15 01:13:19  Prog : TEM_PRIM_R12_INT Skid: 230 Calcul Vol : 317 Color: 1.
2026-05-15 01:13:19  ---------------------------
2026-05-15 01:15:52  TEMERARIO_BC_INT " Skid: 60 Paint : 233.
2026-05-15 01:16:51  Default Volume : TEM_BC0_R12_INT Skid: 86.
2026-05-15 01:16:53  Prog : TEM_BC0_R12_INT Skid: 86 Calcul Vol : 640 Color: 62.
2026-05-15 01:16:53  ---------------------------
2026-05-15 01:25:06  URUS_BC_INT " Skid: 133 Paint : 420.
2026-05-15 01:33:15  TEMERARIO_PR_INT " Skid: 86 Paint : 265.
2026-05-15 01:44:32  Prog : URUS_PA2_PR0_INT_2025 Skid: 50 Calcul Vol : 512 Color: 1.
2026-05-15 01:44:32  ---------------------------
2026-05-15 01:50:44  TEMERARIO_BC_INT " Skid: 86 Paint : 300.
2026-05-15 01:56:26  Prog : TEM_PRIM_R12_INT Skid: 203 Calcul Vol : 317 Color: 2.
2026-05-15 01:56:26  ---------------------------
2026-05-15 02:00:43  URUS_PR_INT " Skid: 50 Paint : 458.
2026-05-15 02:09:17  TEMERARIO_PR_INT " Skid: 203 Paint : 265.
2026-05-15 02:33:12  Prog : URUS_PA2_PR0_INT_2025 Skid: 35 Calcul Vol : 512 Color: 1.
2026-05-15 02:33:12  ---------------------------
2026-05-15 02:40:15  Prog : URUS_PA2_BC0_R12_INT_2026 Skid: 103 Calcul Vol : 474 Color: 11.
2026-05-15 02:40:15  ---------------------------
2026-05-15 02:43:54  Prog : TEM_PRIM_R12_INT Skid: 59 Calcul Vol : 317 Color: 1.
2026-05-15 02:43:54  ---------------------------
2026-05-15 02:47:01  URUS_PR_INT " Skid: 35 Paint : 460.
2026-05-15 02:47:59  Default Volume : ADP_BC0_15_PLATE_SKID_new Skid: 76.
2026-05-15 02:48:01  Prog : ADP_BC0_15_PLATE_SKID_new Skid: 76 Calcul Vol : 640 Color: 1.
2026-05-15 02:48:01  ---------------------------
2026-05-15 03:02:54  URUS_BC_INT " Skid: 59 Paint : 421.
2026-05-15 03:06:35  TEMERARIO_PR_INT " Skid: 76 Paint : 264.
2026-05-15 03:17:58  Default Volume : TEM_BC0_R12_INT Skid: 237.
2026-05-15 03:17:59  Prog : TEM_BC0_R12_INT Skid: 237 Calcul Vol : 640 Color: 112.
2026-05-15 03:17:59  ---------------------------
2026-05-15 03:38:15  TEMERARIO_BC_INT " Skid: 237 Paint : 201.
2026-05-15 03:40:32  Prog : TEM_PRIM_R12_INT Skid: 167 Calcul Vol : 317 Color: 2.
2026-05-15 03:40:32  ---------------------------
2026-05-15 03:44:47  Default Volume : TEM_BC0_R12_INT Skid: 207.
2026-05-15 03:44:48  Prog : TEM_BC0_R12_INT Skid: 207 Calcul Vol : 640 Color: 53.
2026-05-15 03:44:48  ---------------------------
2026-05-15 03:51:56  TEMERARIO_PR_INT " Skid: 167 Paint : 265.
2026-05-15 03:52:33  Default Volume : TEM_BC0_R12_INT Skid: 82.
2026-05-15 03:52:34  Prog : TEM_BC0_R12_INT Skid: 82 Calcul Vol : 640 Color: 5.
2026-05-15 03:52:34  ---------------------------
2026-05-15 03:56:01  Prog : URUS_PA2_BC0_R12_INT_2026 Skid: 119 Calcul Vol : 433 Color: 33.
2026-05-15 03:56:01  ---------------------------
2026-05-15 03:59:41  Prog : URUS_PA2_BC0_R12_INT_2026 Skid: 50 Calcul Vol : 509 Color: 26.
2026-05-15 03:59:41  ---------------------------
2026-05-15 04:05:13  TEMERARIO_BC_INT " Skid: 82 Paint : 265.
2026-05-15 04:09:23  Prog : URUS_PA2_PR0_INT_2025 Skid: 130 Calcul Vol : 520 Color: 3.
2026-05-15 04:09:23  ---------------------------
2026-05-15 04:10:04  TEMERARIO_BC_INT " Skid: 119 Paint : 271.
2026-05-15 04:15:06  URUS_BC_INT " Skid: 50 Paint : 380.
2026-05-15 04:16:44  Prog : URUS_PA2_BC0_R12_INT_2026 Skid: 99 Calcul Vol : 112 Color: 98.
2026-05-15 04:16:44  ---------------------------
2026-05-15 04:17:14  Prog : URUS_PA2_BC0_R12_INT_2026 Skid: 50 Calcul Vol : 509 Color: 26.
2026-05-15 04:17:14  ---------------------------
2026-05-15 05:33:44 --- Trajectory EXT --- 
2026-05-15 05:33:44  URUS_PA2_BC0_R12_EXT1 " Skid: 16826 Paint : 25.
2026-05-15 05:35:25  URUS_PA2_BC0_R12_EXT2 " Skid: 16826 Paint : 0.
2026-05-15 05:35:25 ---   --- 
2026-05-15 05:50:29  Default Volume : DEFAULT Skid: 50.
2026-05-15 05:50:30  Prog : DEFAULT Skid: 50 Calcul Vol : 640 Color: 26.
2026-05-15 05:50:30  ---------------------------
2026-05-15 05:50:40  Prog : URUS_PA2_BC0_R12_INT_2026 Skid: 144 Calcul Vol : 259 Color: 5.
2026-05-15 05:50:40  ---------------------------
2026-05-15 05:55:39  URUS_BC_INT " Skid: 50 Paint : 457.
2026-05-15 06:04:29  URUS_PR_INT " Skid: 130 Paint : 467.
2026-05-15 06:30:55  Default Volume : TEM_BC0_R12_INT Skid: 59.
2026-05-15 06:30:56  Prog : TEM_BC0_R12_INT Skid: 59 Calcul Vol : 640 Color: 5.
2026-05-15 06:30:56  ---------------------------
2026-05-15 06:40:45  Prog : URUS_PA2_PR0_INT_2025 Skid: 37 Calcul Vol : 520 Color: 3.
2026-05-15 06:40:45  ---------------------------
2026-05-15 06:46:37  TEMERARIO_BC_INT " Skid: 59 Paint : 250.
2026-05-15 06:53:38  URUS_PR_INT " Skid: 37 Paint : 468.
2026-05-15 07:01:05  Default Volume : TEM_BC0_R12_INT Skid: 230.
2026-05-15 07:01:07  Prog : TEM_BC0_R12_INT Skid: 230 Calcul Vol : 640 Color: 106.
2026-05-15 07:01:07  ---------------------------
2026-05-15 07:04:52  Prog : URUS_PA2_BC0_R12_INT_2026 Skid: 35 Calcul Vol : 497 Color: 8.
2026-05-15 07:04:52  ---------------------------
2026-05-15 07:10:31  Prog : TEM_PRIM_R12_INT Skid: 56 Calcul Vol : 317 Color: 3.
2026-05-15 07:10:31  ---------------------------
2026-05-15 07:17:32  TEMERARIO_BC_INT " Skid: 230 Paint : 255.
2026-05-15 07:20:13  Default Volume : TEM_BC0_R12_INT Skid: 237.
2026-05-15 07:20:14  Prog : TEM_BC0_R12_INT Skid: 237 Calcul Vol : 640 Color: 113.
2026-05-15 07:20:14  ---------------------------
2026-05-15 07:23:19  URUS_BC_INT " Skid: 56 Paint : 443.
2026-05-15 07:27:00  TEMERARIO_PR_INT " Skid: 56 Paint : 264.
2026-05-15 07:29:15  Prog : URUS_PA2_PR0_INT_2025 Skid: 81 Calcul Vol : 512 Color: 1.
2026-05-15 07:29:15  ---------------------------
2026-05-15 07:41:39  TEMERARIO_BC_INT " Skid: 81 Paint : 153.
2026-05-15 07:53:27  URUS_PR_INT " Skid: 81 Paint : 460.
2026-05-15 07:54:09  Prog : URUS_PA2_BC0_R12_INT_2026 Skid: 130 Calcul Vol : 559 Color: 7.
2026-05-15 07:54:09  ---------------------------
2026-05-15 07:58:36  Prog : TEM_PRIM_R12_INT Skid: 210 Calcul Vol : 317 Color: 3.
2026-05-15 07:58:36  ---------------------------
2026-05-15 08:08:49  URUS_BC_INT " Skid: 210 Paint : 507.
2026-05-15 08:12:30  TEMERARIO_PR_INT " Skid: 210 Paint : 264.
2026-05-15 08:20:58  Prog : URUS_PA2_PR0_INT_2025 Skid: 232 Calcul Vol : 521 Color: 3.
2026-05-15 08:20:58  ---------------------------
2026-05-15 08:29:34  Prog : URUS_PA2_BC0_R12_INT_2026 Skid: 51 Calcul Vol : 615 Color: 158.
2026-05-15 08:29:34  ---------------------------
2026-05-15 08:40:53  URUS_PR_INT " Skid: 232 Paint : 468.
2026-05-15 08:42:22  Prog : URUS_PA2_BC0_R12_INT_2026 Skid: 37 Calcul Vol : 514 Color: 19.
2026-05-15 08:42:22  ---------------------------
2026-05-15 08:49:54  URUS_BC_INT " Skid: 51 Paint : 562.
2026-05-15 08:50:17  Prog : URUS_PA2_PR0_INT_2025 Skid: 96 Calcul Vol : 512 Color: 1.
2026-05-15 08:50:17  ---------------------------
2026-05-15 08:53:46  Default Volume : TEM_BC0_R12_INT Skid: 208.
2026-05-15 08:53:47  Prog : TEM_BC0_R12_INT Skid: 208 Calcul Vol : 640 Color: 5.
2026-05-15 08:53:47  ---------------------------
2026-05-15 09:00:49  URUS_BC_INT " Skid: 96 Paint : 461.
2026-05-15 09:04:36  File Access Error
2026-05-15 09:04:36  File Access Error
2026-05-15 09:04:36  File Access Error
2026-05-15 09:04:36  Prog : HURACAN_BC0_R12_BLACK_ROOF Skid: 207 Calcul Vol : 650 Color: 5.
2026-05-15 09:04:36  ---------------------------
2026-05-15 09:05:48  URUS_PR_INT " Skid: 96 Paint : 460.
2026-05-15 09:09:24  Prog : URUS_PA2_BC0_R12_INT_2026 Skid: 99 Calcul Vol : 133 Color: 99.
2026-05-15 09:09:24  ---------------------------
2026-05-15 09:11:17  TEMERARIO_BC_INT " Skid: 208 Paint : 213.
2026-05-15 09:18:39  Prog : URUS_PA2_PR0_INT_2025 Skid: 134 Calcul Vol : 515 Color: 2.
2026-05-15 09:18:39  ---------------------------
2026-05-15 09:36:53  URUS_PR_INT " Skid: 134 Paint : 463.
2026-05-15 09:44:58  Prog : TEM_PRIM_R12_INT Skid: 33 Calcul Vol : 317 Color: 1.
2026-05-15 09:44:58  ---------------------------
2026-05-15 10:05:04  Prog : URUS_PA2_BC0_R12_INT_2026 Skid: 81 Calcul Vol : 497 Color: 8.
2026-05-15 10:05:04  ---------------------------
2026-05-15 10:06:53  TEMERARIO_PR_INT " Skid: 33 Paint : 265.
2026-05-15 10:24:12  URUS_BC_INT " Skid: 81 Paint : 443.
2026-05-15 10:38:17  Prog : URUS_PA2_BC0_R12_INT_2026 Skid: 96 Calcul Vol : 496 Color: 8.
2026-05-15 10:38:17  ---------------------------
2026-05-15 10:53:21  URUS_BC_INT " Skid: 96 Paint : 443.
2026-05-15 10:53:59  Prog : URUS_PA2_PR0_INT_2025 Skid: 20 Calcul Vol : 513 Color: 1.
2026-05-15 10:53:59  ---------------------------
2026-05-15 11:09:29  Prog : URUS_PA2_PR0_INT_2025 Skid: 105 Calcul Vol : 513 Color: 1.
2026-05-15 11:09:29  ---------------------------
2026-05-15 11:12:41  Prog : URUS_PA2_BC0_R12_INT_2026 Skid: 134 Calcul Vol : 486 Color: 9.
2026-05-15 11:12:41  ---------------------------
2026-05-15 11:12:57  URUS_PR_INT " Skid: 20 Paint : 459.
2026-05-15 11:16:35  Prog : URUS_PA2_BC0_HGL Skid: 232 Calcul Vol : 228 Color: 5.
2026-05-15 11:16:35  ---------------------------
2026-05-15 11:20:23  Default Volume : TEM_BC0_R12_INT Skid: 210.
2026-05-15 11:20:24  Prog : TEM_BC0_R12_INT Skid: 210 Calcul Vol : 640 Color: 23.
2026-05-15 11:20:24  ---------------------------
2026-05-15 11:22:53  URUS_PR_INT " Skid: 134 Paint : 460.
2026-05-15 11:24:13  Prog : TEM_PRIM_R12_INT Skid: 48 Calcul Vol : 317 Color: 1.
2026-05-15 11:24:13  ---------------------------
2026-05-15 11:28:22  URUS_BC_INT " Skid: 232 Paint : 433.
2026-05-15 11:36:25  TEMERARIO_BC_INT " Skid: 48 Paint : 286.
2026-05-15 11:40:20  TEMERARIO_PR_INT " Skid: 48 Paint : 264.
2026-05-15 11:41:19  Default Volume : TEM_BC0_R12_INT Skid: 86.
2026-05-15 11:41:20  Prog : TEM_BC0_R12_INT Skid: 86 Calcul Vol : 640 Color: 62.
2026-05-15 11:41:20  ---------------------------
2026-05-15 11:48:38  Prog : URUS_PA2_PR0_INT_2025 Skid: 244 Calcul Vol : 512 Color: 1.
2026-05-15 11:48:38  ---------------------------
2026-05-15 11:58:11  TEMERARIO_BC_INT " Skid: 244 Paint : 118.
2026-05-15 12:03:11  URUS_PR_INT " Skid: 244 Paint : 460.
2026-05-15 12:03:41  Default Volume : TEM_BC0_R12_INT Skid: 195.
2026-05-15 12:03:42  Prog : TEM_BC0_R12_INT Skid: 195 Calcul Vol : 640 Color: 154.
2026-05-15 12:03:42  ---------------------------
2026-05-15 12:16:36  TEMERARIO_BC_INT " Skid: 195 Paint : 319.
2026-05-15 12:28:40  Prog : URUS_PA2_PR0_INT_2025 Skid: 153 Calcul Vol : 513 Color: 1.
2026-05-15 12:28:40  ---------------------------
2026-05-15 12:36:46  Prog : TEM_PRIM_R12_INT Skid: 52 Calcul Vol : 317 Color: 1.
2026-05-15 12:36:46  ---------------------------
2026-05-15 12:42:20  URUS_PR_INT " Skid: 153 Paint : 460.
2026-05-15 12:48:28  TEMERARIO_PR_INT " Skid: 52 Paint : 265.
2026-05-15 12:57:22  Prog : URUS_PA2_PR0_INT_2025 Skid: 61 Calcul Vol : 513 Color: 1.
2026-05-15 12:57:22  ---------------------------
2026-05-15 13:10:27  URUS_PR_INT " Skid: 61 Paint : 460.
2026-05-18 03:55:49 --- Trajectory EXT --- 
2026-05-18 03:55:49  URUS_PA2_BC0_R12_EXT1 " Skid: 16827 Paint : 289.
2026-05-18 03:58:08  URUS_PA2_BC0_R12_EXT2 " Skid: 16827 Paint : 8.
2026-05-18 03:58:08 ---   --- 
2026-05-18 05:52:04  Prog : URUS_PA2_BC0_R12_INT_2026 Skid: 37 Calcul Vol : 432 Color: 20.
2026-05-18 05:52:04  ---------------------------
2026-05-18 05:55:58  File Access Error
2026-05-18 05:55:58  File Access Error
2026-05-18 05:55:58  File Access Error
2026-05-18 05:55:59  Prog : HURACAN_BC0_R12_BLACK_ROOF Skid: 237 Calcul Vol : 650 Color: 5.
2026-05-18 05:55:59  ---------------------------
2026-05-18 06:13:26  Prog : URUS_PA2_BC0_R12_INT_2026 Skid: 105 Calcul Vol : 455 Color: 27.
2026-05-18 06:13:26  ---------------------------
2026-05-18 06:18:08  Prog : URUS_PA2_BC0_R12_INT_2026 Skid: 20 Calcul Vol : 497 Color: 8.
2026-05-18 06:18:08  ---------------------------
2026-05-18 06:20:40  URUS_BC_INT " Skid: 237 Paint : 379.
2026-05-18 06:22:02  Prog : URUS_PA2_PR0_INT_2025 Skid: 150 Calcul Vol : 521 Color: 3.
2026-05-18 06:22:02  ---------------------------
2026-05-18 06:25:57  Prog : URUS_PA2_BC0_R12_INT_2026 Skid: 61 Calcul Vol : 504 Color: 5.
2026-05-18 06:25:57  ---------------------------
2026-05-18 06:29:31  URUS_BC_INT " Skid: 20 Paint : 403.
2026-05-18 06:34:48  URUS_BC_INT " Skid: 150 Paint : 443.
2026-05-18 06:40:10  URUS_PR_INT " Skid: 61 Paint : 468.
2026-05-18 06:45:03  Prog : TEM_PRIM_R12_INT Skid: 24 Calcul Vol : 317 Color: 4.
2026-05-18 06:45:03  ---------------------------
2026-05-18 06:49:53  URUS_BC_INT " Skid: 61 Paint : 451.
2026-05-18 06:50:15  Default Volume : TEM_BC0_R12_INT Skid: 48.
2026-05-18 06:50:16  Prog : TEM_BC0_R12_INT Skid: 48 Calcul Vol : 640 Color: 5.
2026-05-18 06:50:16  ---------------------------
2026-05-18 06:54:16  Prog : URUS_PA2_BC0_R12_INT_2026 Skid: 153 Calcul Vol : 566 Color: 102.
2026-05-18 06:54:16  ---------------------------
2026-05-18 07:05:25  Prog : URUS_PA2_BC0_R12_INT_2026 Skid: 244 Calcul Vol : 510 Color: 96.
2026-05-18 07:05:25  ---------------------------
2026-05-18 07:23:23  Prog : URUS_PA2_BC0_R12_INT_2026 Skid: 144 Calcul Vol : 495 Color: 145.
2026-05-18 07:23:23  ---------------------------
2026-05-18 07:24:20  TEMERARIO_PR_INT " Skid: 48 Paint : 264.
2026-05-18 07:49:11  Prog : URUS_PA2_PR0_INT_2025 Skid: 57 Calcul Vol : 521 Color: 3.
2026-05-18 07:49:11  ---------------------------
2026-05-18 07:52:33  TEMERARIO_BC_INT " Skid: 153 Paint : 248.
2026-05-18 08:47:19  Default Volume : TEM_BC0_R12_INT Skid: 82.
2026-05-18 08:47:21  Prog : TEM_BC0_R12_INT Skid: 82 Calcul Vol : 640 Color: 5.
2026-05-18 08:47:21  ---------------------------
2026-05-18 08:51:48  URUS_BC_INT " Skid: 244 Paint : 512.
2026-05-18 08:52:06  Prog : URUS_PA2_BC0_R12_INT_2026 Skid: 232 Calcul Vol : 432 Color: 98.
2026-05-18 08:52:06  ---------------------------
2026-05-18 08:56:42  URUS_BC_INT " Skid: 244 Paint : 457.
2026-05-18 09:04:55  Prog : URUS_PA2_PR0_INT_2025 Skid: 149 Calcul Vol : 512 Color: 1.
2026-05-18 09:04:55  ---------------------------
2026-05-18 09:12:25  File Access Error
2026-05-18 09:12:25  File Access Error
2026-05-18 09:12:25  File Access Error
2026-05-18 09:12:26  Prog : HURACAN_BC0_R12_BLACK_ROOF Skid: 210 Calcul Vol : 650 Color: 5.
2026-05-18 09:12:26  ---------------------------
2026-05-18 09:13:39  URUS_PR_INT " Skid: 82 Paint : 468.
2026-05-18 09:18:17  Prog : URUS_PA2_PR0_INT_2025 Skid: 219 Calcul Vol : 515 Color: 2.
2026-05-18 09:18:17  ---------------------------
2026-05-18 09:18:34  TEMERARIO_BC_INT " Skid: 232 Paint : 214.
2026-05-18 09:23:19  URUS_BC_INT " Skid: 149 Paint : 380.
2026-05-18 09:28:19  URUS_PR_INT " Skid: 210 Paint : 460.
2026-05-18 09:30:32  Prog : TEM_PRIM_R12_INT Skid: 138 Calcul Vol : 317 Color: 2.
2026-05-18 09:30:32  ---------------------------
2026-05-18 09:36:59  Prog : TEM_BC0_R12_INT Skid: 24 Calcul Vol : 311 Color: 16.
2026-05-18 09:36:59  ---------------------------
2026-05-18 09:46:08  Prog : TEM_PRIM_R12_INT Skid: 4 Calcul Vol : 317 Color: 1.
2026-05-18 09:46:08  ---------------------------
2026-05-18 09:46:23  URUS_PR_INT " Skid: 219 Paint : 463.
2026-05-18 10:08:24  TEMERARIO_PR_INT " Skid: 24 Paint : 265.
2026-05-18 10:12:18  TEMERARIO_BC_INT " Skid: 4 Paint : 258.
2026-05-18 10:13:36  Prog : TEM_BC0_R12_INT Skid: 33 Calcul Vol : 391 Color: 97.
2026-05-18 10:13:36  ---------------------------
2026-05-18 10:18:32  Default Volume : TEM_PR_R12_RACING_INT Skid: 148.
2026-05-18 10:18:34  Prog : TEM_PR_R12_RACING_INT Skid: 148 Calcul Vol : 640 Color: 2.
2026-05-18 10:18:34  ---------------------------
2026-05-18 10:27:56  TEMERARIO_PR_INT " Skid: 4 Paint : 265.
2026-05-18 10:34:23  TEMERARIO_BC_INT " Skid: 148 Paint : 338.
2026-05-18 10:40:41 --- Trajectory INT --- 
2026-05-18 10:40:41  HURACAN_PRIM_INT " Skid: 148 Paint : 581.
2026-05-18 10:40:41 --- --- --- --- 
2026-05-18 10:45:49  Prog : URUS_PA2_PR0_INT_2025 Skid: 163 Calcul Vol : 521 Color: 3.
2026-05-18 10:45:49  ---------------------------
2026-05-18 11:07:56  URUS_PR_INT " Skid: 163 Paint : 467.
2026-05-18 11:10:43  Prog : URUS_PA2_BC0_R12_INT_2026 Skid: 57 Calcul Vol : 501 Color: 12.
2026-05-18 11:10:43  ---------------------------
2026-05-18 11:15:19  Prog : TEM_BC0_R12_INT Skid: 52 Calcul Vol : 320 Color: 5.
2026-05-18 11:15:19  ---------------------------
2026-05-18 11:19:35  Prog : URUS_PA2_BC0_R12_INT_2026 Skid: 149 Calcul Vol : 495 Color: 105.
2026-05-18 11:19:35  ---------------------------
2026-05-18 11:24:14  Prog : TEM_PRIM_R12_INT Skid: 49 Calcul Vol : 317 Color: 3.
2026-05-18 11:24:14  ---------------------------
2026-05-18 11:27:16  URUS_BC_INT " Skid: 52 Paint : 449.
2026-05-18 11:31:17  TEMERARIO_BC_INT " Skid: 149 Paint : 270.
2026-05-18 11:34:05  Prog : URUS_PA2_BC0_R12_INT_2026 Skid: 51 Calcul Vol : 650 Color: 159.
2026-05-18 11:34:05  ---------------------------
2026-05-18 11:37:56  URUS_BC_INT " Skid: 49 Paint : 441.
2026-05-18 11:38:08  Prog : URUS_PA2_PR0_INT_2025 Skid: 171 Calcul Vol : 467 Color: 4.
2026-05-18 11:38:08  ---------------------------
2026-05-18 11:41:37  TEMERARIO_PR_INT " Skid: 49 Paint : 264.
2026-05-18 11:43:38  Prog : URUS_PA2_BC0_HGL Skid: 219 Calcul Vol : 228 Color: 5.
2026-05-18 11:43:38  ---------------------------
2026-05-18 11:55:24 --- Trajectory --- 
2026-05-18 11:55:24 Prog : URUS_PA2_PR0_INT_2025 & OPT_1 12352 Skid: 219 Paint : 414.
2026-05-18 11:55:24 ------ Trajectory Consuption URUS PA2 SPORT INT PRIMER ------ 
2026-05-18 11:55:24  URUS_PA2SPORT_PR0_R12_INT " Skid: 219 Paint : 414.
2026-05-18 11:55:24 --------------   --------------   -------------- 
2026-05-18 11:59:33  Prog : URUS_PA2_PR0_INT_2025 Skid: 5 Calcul Vol : 512 Color: 1.
2026-05-18 11:59:33  ---------------------------
2026-05-18 12:03:54  Prog : URUS_PA2_BC0_R12_INT_2026 Skid: 144 Calcul Vol : 419 Color: 146.
2026-05-18 12:03:54  ---------------------------
2026-05-18 12:17:18  URUS_PR_INT " Skid: 5 Paint : 459.
2026-05-18 12:24:21  Prog : TEM_PRIM_R12_INT Skid: 139 Calcul Vol : 317 Color: 3.
2026-05-18 12:24:21  ---------------------------
2026-05-18 12:37:05  TEMERARIO_PR_INT " Skid: 139 Paint : 265.
2026-05-18 12:37:39  Prog : URUS_PA2_PR0_INT_2025 Skid: 85 Calcul Vol : 513 Color: 1.
2026-05-18 12:37:39  ---------------------------
2026-05-18 12:41:30  Prog : URUS_PA2_BC0_R12_INT_2026 Skid: 163 Calcul Vol : 514 Color: 19.
2026-05-18 12:41:30  ---------------------------
2026-05-18 12:53:01  Prog : URUS_PA2_PR0_INT_2025 Skid: 133 Calcul Vol : 521 Color: 3.
2026-05-18 12:53:01  ---------------------------
2026-05-18 12:57:05  URUS_PR_INT " Skid: 163 Paint : 458.
2026-05-18 13:02:24  URUS_BC_INT " Skid: 163 Paint : 461.
2026-05-18 13:18:47  URUS_PR_INT " Skid: 133 Paint : 467.
2026-05-18 13:22:10  Prog : URUS_PA2_BC0_R12_INT_2026 Skid: 232 Calcul Vol : 587 Color: 99.
2026-05-18 13:22:10  ---------------------------
2026-05-18 13:55:37  Prog : TEM_PRIM_R12_INT Skid: 152 Calcul Vol : 317 Color: 3.
2026-05-18 13:55:37  ---------------------------
2026-05-18 14:03:59  Prog : TEM_BC0_R12_INT Skid: 49 Calcul Vol : 335 Color: 6.
2026-05-18 14:03:59  ---------------------------
2026-05-18 14:04:14  URUS_BC_INT " Skid: 232 Paint : 534.
2026-05-18 14:07:59  Prog : URUS_PA2_PR0_INT_2025 Skid: 29 Calcul Vol : 520 Color: 3.
2026-05-18 14:07:59  ---------------------------
2026-05-18 14:11:48  TEMERARIO_PR_INT " Skid: 152 Paint : 263.
2026-05-18 14:17:17  Prog : URUS_PA2_BC0_R12_INT_2026 Skid: 51 Calcul Vol : 546 Color: 159.
2026-05-18 14:17:17  ---------------------------
2026-05-18 14:26:53  Prog : URUS_PA2_PR0_INT_2025 Skid: 218 Calcul Vol : 512 Color: 1.
2026-05-18 14:26:53  ---------------------------
2026-05-18 14:30:18  TEMERARIO_BC_INT " Skid: 29 Paint : 283.
2026-05-18 14:32:45  Prog : URUS_PA2_BC0_HGL Skid: 171 Calcul Vol : 228 Color: 5.
2026-05-18 14:32:45  ---------------------------
2026-05-18 14:37:15  URUS_PR_INT " Skid: 29 Paint : 467.
2026-05-18 14:55:03  Prog : URUS_PA2_BC0_R12_INT_2026 Skid: 5 Calcul Vol : 489 Color: 64.
2026-05-18 14:55:03  ---------------------------
2026-05-18 14:59:36  Prog : TEM_PRIM_R12_INT Skid: 126 Calcul Vol : 317 Color: 1.
2026-05-18 14:59:36  ---------------------------
2026-05-18 15:00:56  URUS_BC_INT " Skid: 218 Paint : 494.
2026-05-18 15:03:30  Prog : TEM_BC0_R12_INT Skid: 4 Calcul Vol : 325 Color: 65.
2026-05-18 15:03:30  ---------------------------
2026-05-18 15:05:56  URUS_PR_INT " Skid: 171 Paint : 460.
2026-05-18 15:07:16  Prog : URUS_PA2_BC0_R12_INT_2026 Skid: 37 Calcul Vol : 514 Color: 19.
2026-05-18 15:07:16  ---------------------------
2026-05-18 15:11:04  Prog : URUS_PA2_PR0_INT_2025 Skid: 84 Calcul Vol : 520 Color: 3.
2026-05-18 15:11:04  ---------------------------
2026-05-18 15:14:54  URUS_BC_INT " Skid: 126 Paint : 436.
2026-05-18 15:17:19  Prog : URUS_PA2_BC0_R12_INT_2026 Skid: 219 Calcul Vol : 486 Color: 9.
2026-05-18 15:17:19  ---------------------------
2026-05-18 15:18:34  TEMERARIO_PR_INT " Skid: 4 Paint : 264.
2026-05-18 15:22:47  TEMERARIO_BC_INT " Skid: 37 Paint : 276.
2026-05-18 15:25:40  Prog : TEM_PRIM_R12_INT Skid: 63 Calcul Vol : 317 Color: 1.
2026-05-18 15:25:40  ---------------------------
2026-05-18 15:27:36  URUS_BC_INT " Skid: 84 Paint : 461.
2026-05-18 15:29:44  Prog : TEM_BC0_R12_INT Skid: 82 Calcul Vol : 320 Color: 5.
2026-05-18 15:29:44  ---------------------------
2026-05-18 15:32:44  URUS_PR_INT " Skid: 219 Paint : 468.
2026-05-18 15:33:32  Prog : URUS_PA2_BC0_HGL Skid: 133 Calcul Vol : 228 Color: 5.
2026-05-18 15:33:32  ---------------------------
2026-05-18 15:39:59  URUS_BC_INT " Skid: 219 Paint : 432.
2026-05-18 15:41:02  Prog : URUS_PA2_PR0_INT_2025 Skid: 245 Calcul Vol : 521 Color: 3.
2026-05-18 15:41:02  ---------------------------
2026-05-18 15:46:07  TEMERARIO_PR_INT " Skid: 82 Paint : 83.
2026-05-18 15:50:53  TEMERARIO_BC_INT " Skid: 82 Paint : 90.
2026-05-18 15:53:11  Prog : URUS_PA2_PR0_INT_2025 Skid: 166 Calcul Vol : 521 Color: 3.
2026-05-18 15:53:11  ---------------------------
2026-05-18 15:57:06  Prog : URUS_PA2_BC0_R12_INT_2026 Skid: 85 Calcul Vol : 497 Color: 8.
2026-05-18 15:57:06  ---------------------------
2026-05-18 16:00:25  URUS_PR_INT " Skid: 245 Paint : 468.
2026-05-18 16:19:36  Prog : TEM_PRIM_R12_INT Skid: 145 Calcul Vol : 317 Color: 1.
2026-05-18 16:19:36  ---------------------------
2026-05-18 16:24:06  URUS_PR_INT " Skid: 85 Paint : 467.
2026-05-18 16:29:00  URUS_BC_INT " Skid: 85 Paint : 443.
2026-05-18 16:42:03  Prog : TEM_BC0_R12_INT Skid: 139 Calcul Vol : 325 Color: 34.
2026-05-18 16:42:03  ---------------------------
2026-05-18 16:46:24  Prog : URUS_PA2_BC0_HGL Skid: 150 Calcul Vol : 228 Color: 5.
2026-05-18 16:46:24  ---------------------------
2026-05-18 16:54:39  Prog : TEM_BC0_R12_INT Skid: 33 Calcul Vol : 391 Color: 97.
2026-05-18 16:54:39  ---------------------------
2026-05-18 16:57:52  TEMERARIO_PR_INT " Skid: 145 Paint : 264.
2026-05-18 17:18:04  Prog : URUS_PA2_PR0_INT_2025 Skid: 202 Calcul Vol : 512 Color: 1.
2026-05-18 17:18:04  ---------------------------
2026-05-18 17:26:01  Prog : URUS_PA2_BC0_R12_INT_2026 Skid: 163 Calcul Vol : 432 Color: 20.
2026-05-18 17:26:01  ---------------------------
2026-05-18 17:29:33  TEMERARIO_BC_INT " Skid: 150 Paint : 276.
2026-05-18 17:37:22  Prog : URUS_PA2_BC0_R12_INT_2026 Skid: 29 Calcul Vol : 511 Color: 34.
2026-05-18 17:37:22  ---------------------------
2026-05-18 17:43:28  Prog : TEM_PRIM_R12_INT Skid: 31 Calcul Vol : 317 Color: 3.
2026-05-18 17:43:28  ---------------------------
2026-05-18 17:46:54  TEMERARIO_BC_INT " Skid: 202 Paint : 234.
2026-05-18 17:48:08  Prog : URUS_PA2_BC0_R12_INT_2026 Skid: 218 Calcul Vol : 566 Color: 102.
2026-05-18 17:48:08  ---------------------------
2026-05-18 17:51:46  URUS_PR_INT " Skid: 163 Paint : 460.
2026-05-18 17:52:26  Prog : URUS_PA2_PR0_INT_2025 Skid: 103 Calcul Vol : 515 Color: 2.
2026-05-18 17:52:26  ---------------------------
2026-05-18 17:56:40  URUS_BC_INT " Skid: 29 Paint : 379.
2026-05-18 18:03:49  URUS_BC_INT " Skid: 31 Paint : 458.
2026-05-18 18:04:05  Prog : TEM_BC0_R12_INT Skid: 152 Calcul Vol : 365 Color: 19.
2026-05-18 18:04:05  ---------------------------
2026-05-18 18:07:30  TEMERARIO_PR_INT " Skid: 218 Paint : 264.
2026-05-18 18:08:20  Prog : TEM_BC0_R12_INT Skid: 126 Calcul Vol : 299 Color: 8.
2026-05-18 18:08:20  ---------------------------
2026-05-18 18:12:36  URUS_BC_INT " Skid: 103 Paint : 513.
2026-05-18 18:12:57  Prog : URUS_PA2_PR0_INT_2025 Skid: 230 Calcul Vol : 521 Color: 3.
2026-05-18 18:12:57  ---------------------------
2026-05-18 18:17:36  URUS_PR_INT " Skid: 103 Paint : 463.
2026-05-18 18:18:15  Prog : URUS_PA2_BC0_R12_INT_2026 Skid: 84 Calcul Vol : 559 Color: 7.
2026-05-18 18:18:15  ---------------------------
2026-05-18 18:23:06  Prog : TEM_PRIM_R12_INT Skid: 203 Calcul Vol : 317 Color: 1.
2026-05-18 18:23:06  ---------------------------
2026-05-18 18:25:47  TEMERARIO_BC_INT " Skid: 152 Paint : 314.
2026-05-18 18:47:16  TEMERARIO_BC_INT " Skid: 230 Paint : 248.
2026-05-18 18:52:49  URUS_PR_INT " Skid: 84 Paint : 468.
2026-05-18 18:55:28  Prog : URUS_PA2_PR0_INT_2025 Skid: 60 Calcul Vol : 515 Color: 2.
2026-05-18 18:55:28  ---------------------------
2026-05-18 18:58:01  URUS_BC_INT " Skid: 203 Paint : 506.
2026-05-18 18:59:01  Prog : TEM_BC0_R12_INT Skid: 12 Calcul Vol : 367 Color: 27.
2026-05-18 18:59:01  ---------------------------
2026-05-18 19:01:42  TEMERARIO_PR_INT " Skid: 203 Paint : 264.
2026-05-18 19:02:49  Prog : URUS_PA2_BC0_HGL Skid: 245 Calcul Vol : 228 Color: 5.
2026-05-18 19:02:49  ---------------------------
2026-05-18 19:07:16  Default Volume : Skid_Frame_Primer Skid: 259.
2026-05-18 19:07:17  Prog : Skid_Frame_Primer Skid: 259 Calcul Vol : 640 Color: 1.
2026-05-18 19:07:17  ---------------------------
2026-05-18 19:07:22  Default Volume : DEFAULT Skid: 259.
2026-05-18 19:07:24  Prog : DEFAULT Skid: 259 Calcul Vol : 640 Color: 1.
2026-05-18 19:07:24  ---------------------------
2026-05-18 19:11:51  URUS_PR_INT " Skid: 12 Paint : 463.
2026-05-18 19:14:34  TEMERARIO_BC_INT " Skid: 245 Paint : 78.
2026-05-18 19:18:03  Prog : URUS_PA2_PR0_INT_2025 Skid: 48 Calcul Vol : 520 Color: 3.
2026-05-18 19:18:03  ---------------------------
2026-05-18 19:29:36  Prog : URUS_PA2_BC0_R12_INT_2026 Skid: 37 Calcul Vol : 432 Color: 20.
2026-05-18 19:29:36  ---------------------------
2026-05-18 19:42:57  File Access Error
2026-05-18 19:42:58  Prog : URUS_PA2_BC0_R12_INT_2026 Skid: 171 Calcul Vol : 17280 Color: 41.
2026-05-18 19:42:58  ---------------------------
2026-05-18 19:46:31  Prog : TEM_PRIM_R12_INT Skid: 148 Calcul Vol : 317 Color: 3.
2026-05-18 19:46:31  ---------------------------
2026-05-18 19:49:47  URUS_PR_INT " Skid: 37 Paint : 468.
2026-05-18 19:57:43  URUS_BC_INT " Skid: 37 Paint : 377.
2026-05-18 20:02:55  Prog : URUS_PA2_BC0_R12_INT_2026 Skid: 202 Calcul Vol : 497 Color: 8.
2026-05-18 20:02:55  ---------------------------
2026-05-18 20:06:37  Prog : TEM_PRIM_R12_INT Skid: 207 Calcul Vol : 317 Color: 1.
2026-05-18 20:06:37  ---------------------------
2026-05-18 20:07:36  URUS_BC_INT " Skid: 148 Paint : 349.
2026-05-18 20:14:52  TEMERARIO_PR_INT " Skid: 148 Paint : 264.
2026-05-18 20:19:50  Prog : URUS_PA2_BC0_R12_INT_2026 Skid: 133 Calcul Vol : 539 Color: 55.
2026-05-18 20:19:50  ---------------------------
2026-05-18 20:22:31  URUS_BC_INT " Skid: 202 Paint : 442.
2026-05-18 20:28:23  Prog : URUS_PA2_PR0_INT_2025 Skid: 59 Calcul Vol : 512 Color: 1.
2026-05-18 20:28:23  ---------------------------
2026-05-18 20:34:33  TEMERARIO_PR_INT " Skid: 207 Paint : 265.
2026-05-18 20:39:17  Prog : TEM_BC0_R12_INT Skid: 145 Calcul Vol : 320 Color: 5.
2026-05-18 20:39:17  ---------------------------
2026-05-18 20:45:38  URUS_BC_INT " Skid: 59 Paint : 486.
2026-05-18 20:50:37  URUS_PR_INT " Skid: 59 Paint : 460.
2026-05-18 20:56:42  Prog : URUS_PA2_PR0_INT_2025 Skid: 66 Calcul Vol : 513 Color: 1.
2026-05-18 20:56:42  ---------------------------
2026-05-18 20:58:43  TEMERARIO_BC_INT " Skid: 145 Paint : 270.
2026-05-18 21:09:15  Prog : URUS_PA2_BC0_R12_INT_2026 Skid: 103 Calcul Vol : 538 Color: 112.
2026-05-18 21:09:15  ---------------------------
2026-05-18 21:14:15  Prog : URUS_PA2_BC0_R12_INT_2026 Skid: 150 Calcul Vol : 433 Color: 98.
2026-05-18 21:14:15  ---------------------------
2026-05-18 21:15:41  URUS_PR_INT " Skid: 66 Paint : 460.
2026-05-18 21:18:24  Prog : URUS_PA2_PR0_INT_2025 Skid: 50 Calcul Vol : 521 Color: 3.
2026-05-18 21:18:24  ---------------------------
2026-05-18 21:36:17  URUS_BC_INT " Skid: 150 Paint : 485.
2026-05-18 21:39:01  Prog : TEM_BC0_R12_INT Skid: 31 Calcul Vol : 345 Color: 28.
2026-05-18 21:39:01  ---------------------------
2026-05-18 21:43:27  URUS_BC_INT " Skid: 50 Paint : 380.
2026-05-18 21:43:43  Prog : URUS_PA2_PR0_INT_2025 Skid: 212 Calcul Vol : 302 Color: 1.
2026-05-18 21:43:43  ---------------------------
2026-05-18 21:48:26  URUS_PR_INT " Skid: 50 Paint : 468.
2026-05-18 21:53:07  Prog : TEM_BC0_R12_INT Skid: 139 Calcul Vol : 337 Color: 35.
2026-05-18 21:53:07  ---------------------------
2026-05-18 21:57:16  Prog : TEM_BC0_R12_INT Skid: 203 Calcul Vol : 301 Color: 5.
2026-05-18 21:57:16  ---------------------------
2026-05-18 21:59:27  TEMERARIO_BC_INT " Skid: 212 Paint : 295.
2026-05-18 22:01:52  Prog : TEM_PRIM_R12_INT Skid: 81 Calcul Vol : 317 Color: 1.
2026-05-18 22:01:52  ---------------------------
2026-05-18 22:03:01 ------ Trajectory Consuption URUS PA2/PA2S REP INT PRIMER ------ 
2026-05-18 22:03:01  URUS_PA2_PR0_R12_INT REP " Skid: 212 Paint : 204.
2026-05-18 22:03:01 --------------   --------------   -------------- 
2026-05-18 22:06:37  Prog : URUS_PA2_BC0_R12_INT_2026 Skid: 230 Calcul Vol : 514 Color: 19.
