2026-04-29 20:48:20  Vol : URUS_PA2_BC0_R12_INT_2026 Skid: 131 Calcul Vol : 511 Color: 34.
2026-04-29 20:48:20  ---------------------------
2026-04-29 20:49:24  TEMERARIO_BC_INT " Skid: 230 Paint : 250.
2026-04-29 20:49:24 --- Trajectory INT --- 
2026-04-29 20:49:24  HURACAN_AP_CFK_BC0_INT " Skid: 230 Paint : 250.
2026-04-29 20:49:24 ---  --- 
2026-04-29 20:59:53  URUS_BC_INT " Skid: 59 Paint : 411.
2026-04-29 21:03:43  TEMERARIO_BC_INT " Skid: 59 Paint : 254.
2026-04-29 21:03:43 --- Trajectory INT --- 
2026-04-29 21:03:43  HURACAN_BC0_R12_INT " Skid: 59 Paint : 254.
2026-04-29 21:03:43 ---  --- 
2026-04-29 21:14:29  URUS_BC_INT " Skid: 131 Paint : 459.
2026-04-30 03:21:12  Vol : URUS_PA2_BC0_R12_INT_2026 Skid: 193 Calcul Vol : 497 Color: 8.
2026-04-30 03:21:12  ---------------------------
2026-04-30 03:26:00  Vol : URUS_PA2_PR0_INT_2025 Skid: 31 Calcul Vol : 512 Color: 1.
2026-04-30 03:26:00  ---------------------------
2026-04-30 03:30:39  Vol : URUS_PA2_BC0_R12_INT_2026 Skid: 48 Calcul Vol : 474 Color: 11.
2026-04-30 03:30:39  ---------------------------
2026-04-30 03:34:55  Vol : HURACAN_PRIM_R12_INT Skid: 79 Calcul Vol : 317 Color: 1.
2026-04-30 03:34:55  ---------------------------
2026-04-30 04:50:17 --- Trajectory EXT --- 
2026-04-30 04:50:17  URUS_PA2_BC0_R12_EXT1 " Skid: 16795 Paint : 237.
2026-04-30 04:51:57  URUS_PA2_BC0_R12_EXT2 " Skid: 16795 Paint : 267.
2026-04-30 04:51:57 ---   --- 
2026-04-30 05:57:07  File Access Error
2026-04-30 05:57:07  File Access Error
2026-04-30 05:57:07  File Access Error
2026-04-30 05:57:07  Vol : HURACAN_BC0_R12_BLACK_ROOF Skid: 59 Calcul Vol : 650 Color: 5.
2026-04-30 05:57:07  ---------------------------
2026-04-30 06:01:36  URUS_BC_INT " Skid: 31 Paint : 443.
2026-04-30 06:01:52  Vol : URUS_PA2_PR0_INT_2025 Skid: 139 Calcul Vol : 513 Color: 1.
2026-04-30 06:01:52  ---------------------------
2026-04-30 06:06:35  URUS_PR_INT " Skid: 48 Paint : 460.
2026-04-30 06:11:31  URUS_BC_INT " Skid: 79 Paint : 421.
2026-04-30 06:15:13  TEMERARIO_PR_INT " Skid: 59 Paint : 264.
2026-04-30 06:15:20  Vol : HURACAN_BC0_R12_INT Skid: 210 Calcul Vol : 304 Color: 106.
2026-04-30 06:15:20  ---------------------------
2026-04-30 06:19:20  Vol : HURACAN_PRIM_R12_INT Skid: 36 Calcul Vol : 317 Color: 2.
2026-04-30 06:19:20  ---------------------------
2026-04-30 06:25:03  URUS_PR_INT " Skid: 139 Paint : 459.
2026-04-30 06:35:41  Vol : URUS_PA2_BC0_R12_INT_2026 Skid: 33 Calcul Vol : 457 Color: 22.
2026-04-30 06:35:41  ---------------------------
2026-04-30 06:41:57  Vol : HURACAN_PRIM_R12_INT Skid: 204 Calcul Vol : 317 Color: 3.
2026-04-30 06:41:57  ---------------------------
2026-04-30 06:42:07  TEMERARIO_BC_INT " Skid: 36 Paint : 255.
2026-04-30 06:42:07 --- Trajectory INT --- 
2026-04-30 06:42:07  HURACAN_AP_BC0_INT " Skid: 36 Paint : 255.
2026-04-30 06:42:07 ---  --- 
2026-04-30 06:47:36  Vol : URUS_PA2_PR0_INT_2025 Skid: 167 Calcul Vol : 521 Color: 3.
2026-04-30 06:47:36  ---------------------------
2026-04-30 06:49:21  TEMERARIO_PR_INT " Skid: 33 Paint : 264.
2026-04-30 06:52:57  Vol : URUS_PA2_BC0_R12_INT_2026 Skid: 131 Calcul Vol : 485 Color: 35.
2026-04-30 06:52:57  ---------------------------
2026-04-30 06:55:36  URUS_BC_INT " Skid: 204 Paint : 402.
2026-04-30 06:56:42  Vol : URUS_PA2_PR0_INT_2025 Skid: 221 Calcul Vol : 513 Color: 1.
2026-04-30 06:56:42  ---------------------------
2026-04-30 06:59:16  TEMERARIO_PR_INT " Skid: 167 Paint : 264.
2026-04-30 07:04:39  URUS_PR_INT " Skid: 131 Paint : 467.
2026-04-30 07:09:33  URUS_BC_INT " Skid: 131 Paint : 432.
2026-04-30 07:10:40  Vol : HURACAN_BC0_R12_INT Skid: 148 Calcul Vol : 310 Color: 69.
2026-04-30 07:10:40  ---------------------------
2026-04-30 07:14:10  Vol : URUS_PA2_PR0_INT_2025 Skid: 103 Calcul Vol : 513 Color: 1.
2026-04-30 07:14:10  ---------------------------
2026-04-30 07:15:30  URUS_PR_INT " Skid: 221 Paint : 460.
2026-04-30 07:19:34  Vol : URUS_PA2_BC0_R12_INT_2026 Skid: 202 Calcul Vol : 432 Color: 98.
2026-04-30 07:19:34  ---------------------------
2026-04-30 07:35:37  Vol : URUS_PA2_PR0_INT_2025 Skid: 150 Calcul Vol : 512 Color: 1.
2026-04-30 07:35:37  ---------------------------
2026-04-30 07:39:09  TEMERARIO_BC_INT " Skid: 103 Paint : 260.
2026-04-30 07:39:09 --- Trajectory INT --- 
2026-04-30 07:39:09  HURACAN_AP_BC0_INT " Skid: 103 Paint : 260.
2026-04-30 07:39:09 ---  --- 
2026-04-30 07:44:11  URUS_PR_INT " Skid: 202 Paint : 460.
2026-04-30 07:44:38  Vol : URUS_PA2_PR0_INT_2025 Skid: 223 Calcul Vol : 512 Color: 1.
2026-04-30 07:44:38  ---------------------------
2026-04-30 07:49:05  URUS_BC_INT " Skid: 202 Paint : 380.
2026-04-30 07:49:35  Vol : URUS_PA2_PR0_INT_2025 Skid: 74 Calcul Vol : 520 Color: 3.
2026-04-30 07:49:35  ---------------------------
2026-04-30 07:54:14  Vol : HURACAN_BC0_R12_INT Skid: 233 Calcul Vol : 305 Color: 69.
2026-04-30 07:54:14  ---------------------------
2026-04-30 07:58:31  URUS_PR_INT " Skid: 150 Paint : 459.
2026-04-30 08:04:41 --- Trajectory EXT --- 
2026-04-30 08:04:41  URUS_PA2_PR0_R12_EXT1 " Skid: 150 Paint : 403.
2026-04-30 08:13:15  Vol : HURACAN_PRIM_R12_INT Skid: 50 Calcul Vol : 317 Color: 1.
2026-04-30 08:13:15  ---------------------------
2026-04-30 08:18:43  URUS_PR_INT " Skid: 74 Paint : 457.
2026-04-30 08:23:55  URUS_PR_INT " Skid: 233 Paint : 468.
2026-04-30 08:24:12  Vol : HURACAN_BC0_R12_INT Skid: 133 Calcul Vol : 340 Color: 28.
2026-04-30 08:24:12  ---------------------------
2026-04-30 08:27:58  TEMERARIO_BC_INT " Skid: 233 Paint : 256.
2026-04-30 08:27:58 --- Trajectory INT --- 
2026-04-30 08:27:58  HURACAN_AP_CFK_BC0_INT " Skid: 233 Paint : 256.
2026-04-30 08:27:58 ---  --- 
2026-04-30 08:28:46  Vol : HURACAN_PRIM_R12_INT Skid: 245 Calcul Vol : 317 Color: 2.
2026-04-30 08:28:46  ---------------------------
2026-04-30 08:33:47  Vol : HURACAN_BC0_R12_INT Skid: 138 Calcul Vol : 289 Color: 23.
2026-04-30 08:33:47  ---------------------------
2026-04-30 08:36:45  TEMERARIO_PR_INT " Skid: 50 Paint : 264.
2026-04-30 08:38:41  Vol : HURACAN_PRIM_R12_INT Skid: 38 Calcul Vol : 317 Color: 3.
2026-04-30 08:38:41  ---------------------------
2026-04-30 08:43:05  Vol : URUS_PA2_PR0_INT_2025 Skid: 126 Calcul Vol : 521 Color: 3.
2026-04-30 08:43:05  ---------------------------
2026-04-30 08:43:46  TEMERARIO_BC_INT " Skid: 245 Paint : 290.
2026-04-30 08:43:46 --- Trajectory INT --- 
2026-04-30 08:43:46  HURACAN_AP_CFK_BC0_INT " Skid: 245 Paint : 290.
2026-04-30 08:43:46 ---  --- 
2026-04-30 08:47:20  TEMERARIO_PR_INT " Skid: 138 Paint : 265.
2026-04-30 08:52:17  Vol : URUS_PA2_BC0_R12_INT_2026 Skid: 232 Calcul Vol : 420 Color: 45.
2026-04-30 08:52:17  ---------------------------
2026-04-30 08:53:20  TEMERARIO_BC_INT " Skid: 38 Paint : 200.
2026-04-30 08:53:20 --- Trajectory INT REP --- 
2026-04-30 08:53:20  HURACAN_BC0_R12_INT AP REP " Skid: 38 Paint : 200.
2026-04-30 08:53:20 --- --- 
2026-04-30 08:56:24  Vol : HURACAN_PRIM_R12_INT Skid: 85 Calcul Vol : 317 Color: 1.
2026-04-30 08:56:24  ---------------------------
2026-04-30 08:56:51  TEMERARIO_PR_INT " Skid: 126 Paint : 265.
2026-04-30 09:00:30  Vol : HURACAN_BC0_R12_INT Skid: 52 Calcul Vol : 315 Color: 22.
2026-04-30 09:00:30  ---------------------------
2026-04-30 09:01:56  URUS_PR_INT " Skid: 126 Paint : 468.
2026-04-30 09:04:51  Vol : URUS_PA2_BC0_R12_INT_2026 Skid: 139 Calcul Vol : 474 Color: 11.
2026-04-30 09:04:51  ---------------------------
2026-04-30 09:10:01  Vol : URUS_PA2_PR0_INT_2025 Skid: 168 Calcul Vol : 513 Color: 1.
2026-04-30 09:10:01  ---------------------------
2026-04-30 09:10:57  URUS_BC_INT " Skid: 85 Paint : 367.
2026-04-30 09:14:38  TEMERARIO_PR_INT " Skid: 52 Paint : 264.
2026-04-30 09:14:58  Vol : HURACAN_BC0_R12_INT Skid: 79 Calcul Vol : 301 Color: 5.
2026-04-30 09:14:58  ---------------------------
2026-04-30 09:18:51  TEMERARIO_BC_INT " Skid: 139 Paint : 266.
2026-04-30 09:18:51 --- Trajectory INT --- 
2026-04-30 09:18:51  HURACAN_AP_BC0_INT " Skid: 139 Paint : 266.
2026-04-30 09:18:51 ---  --- 
2026-04-30 09:19:19  Vol : HURACAN_PRIM_R12_INT Skid: 96 Calcul Vol : 317 Color: 2.
2026-04-30 09:19:19  ---------------------------
2026-04-30 09:23:37  Vol : HURACAN_BC0_R12_INT Skid: 204 Calcul Vol : 350 Color: 7.
2026-04-30 09:23:37  ---------------------------
2026-04-30 09:25:12  URUS_BC_INT " Skid: 168 Paint : 421.
2026-04-30 09:28:31  Vol : URUS_PA2_PR0_INT_2025 Skid: 29 Calcul Vol : 513 Color: 1.
2026-04-30 09:28:31  ---------------------------
2026-04-30 09:30:19  URUS_PR_INT " Skid: 79 Paint : 460.
2026-04-30 09:36:54  TEMERARIO_BC_INT " Skid: 96 Paint : 248.
2026-04-30 09:36:54 --- Trajectory INT --- 
2026-04-30 09:36:54  HURACAN_BC0_R12_INT " Skid: 96 Paint : 248.
2026-04-30 09:36:54 ---  --- 
2026-04-30 09:38:29  Vol : URUS_PA2_PR0_INT_2025 Skid: 86 Calcul Vol : 464 Color: 1.
2026-04-30 09:38:29  ---------------------------
2026-04-30 09:41:28  TEMERARIO_PR_INT " Skid: 204 Paint : 264.
2026-04-30 09:42:50  Vol : URUS_PA2_BC0_R12_INT_2026 Skid: 31 Calcul Vol : 510 Color: 26.
2026-04-30 09:42:50  ---------------------------
2026-04-30 09:45:22  TEMERARIO_BC_INT " Skid: 29 Paint : 297.
2026-04-30 09:45:22 --- Trajectory INT --- 
2026-04-30 09:45:22  HURACAN_BC0_R12_INT " Skid: 29 Paint : 297.
2026-04-30 09:45:22 ---  --- 
2026-04-30 09:50:51  URUS_PR_INT " Skid: 29 Paint : 460.
2026-04-30 09:58:57  Vol : URUS_PA2_BC0_HGL Skid: 167 Calcul Vol : 228 Color: 5.
2026-04-30 09:58:57  ---------------------------
2026-04-30 10:09:28 --- Trajectory --- 
2026-04-30 10:09:28 Prog : URUS_PA2_PR0_INT_2025 & OPT_1 12352 Skid: 86 Paint : 411.
2026-04-30 10:09:28 ------ Trajectory Consuption URUS PA2 SPORT INT PRIMER ------ 
2026-04-30 10:09:28  URUS_PA2SPORT_PR0_R12_INT " Skid: 86 Paint : 411.
2026-04-30 10:09:28 --------------   --------------   -------------- 
2026-04-30 10:14:54 --- Trajectory EXT --- 
2026-04-30 10:14:54  URUS_PA2_PR0_R12_EXT1 " Skid: 86 Paint : 406.
2026-04-30 10:16:35  URUS_PA2_PR0_R12_EXT2 " Skid: 86 Paint : 427.
2026-04-30 10:16:35 ---   --- 
2026-04-30 10:17:24  Vol : URUS_PA2_BC0_R12_INT_2026 Skid: 221 Calcul Vol : 497 Color: 8.
2026-04-30 10:17:24  ---------------------------
2026-04-30 10:22:01  URUS_BC_INT " Skid: 31 Paint : 457.
2026-04-30 10:22:18  Vol : HURACAN_BC0_R12_INT Skid: 84 Calcul Vol : 345 Color: 28.
2026-04-30 10:22:18  ---------------------------
2026-04-30 10:31:33  Vol : URUS_PA2_BC0_R12_INT_2026 Skid: 103 Calcul Vol : 504 Color: 5.
2026-04-30 10:31:33  ---------------------------
2026-04-30 10:37:30  URUS_BC_INT " Skid: 84 Paint : 443.
2026-04-30 10:41:32  TEMERARIO_BC_INT " Skid: 84 Paint : 296.
2026-04-30 10:41:32 --- Trajectory INT --- 
2026-04-30 10:41:32  HURACAN_AP_BC0_INT " Skid: 84 Paint : 296.
2026-04-30 10:41:32 ---  --- 
2026-04-30 10:41:44  Vol : URUS_PA2_BC0_R12_INT_2026 Skid: 223 Calcul Vol : 504 Color: 5.
2026-04-30 10:41:44  ---------------------------
2026-04-30 10:51:32  Vol : HURACAN_BC0_R12_INT Skid: 36 Calcul Vol : 350 Color: 62.
2026-04-30 10:51:32  ---------------------------
2026-04-30 10:52:59  URUS_BC_INT " Skid: 103 Paint : 451.
2026-04-30 11:00:29  Vol : HURACAN_PRIM_R12_INT Skid: 220 Calcul Vol : 317 Color: 1.
2026-04-30 11:00:29  ---------------------------
2026-04-30 11:01:49  URUS_BC_INT " Skid: 223 Paint : 452.
2026-04-30 11:09:23  Vol : URUS_PA2_BC0_R12_INT_2026 Skid: 150 Calcul Vol : 504 Color: 5.
2026-04-30 11:09:23  ---------------------------
2026-04-30 11:10:02  TEMERARIO_BC_INT " Skid: 36 Paint : 300.
2026-04-30 11:10:02 --- Trajectory INT --- 
2026-04-30 11:10:02  HURACAN_AP_BC0_INT " Skid: 36 Paint : 300.
2026-04-30 11:10:02 ---  --- 
2026-04-30 11:18:52  TEMERARIO_PR_INT " Skid: 220 Paint : 264.
2026-04-30 11:20:06  Vol : URUS_PA2_BC0_R12_INT_2026 Skid: 126 Calcul Vol : 463 Color: 28.
2026-04-30 11:20:06  ---------------------------
2026-04-30 11:25:33  Vol : URUS_PA2_PR0_INT_2025 Skid: 81 Calcul Vol : 520 Color: 3.
2026-04-30 11:25:33  ---------------------------
2026-04-30 11:27:28  URUS_BC_INT " Skid: 150 Paint : 452.
2026-04-30 11:30:36  Vol : URUS_PA2_BC0_R12_INT_2026 Skid: 74 Calcul Vol : 559 Color: 7.
2026-04-30 11:30:36  ---------------------------
2026-04-30 11:35:03  Default Volume : TEM_PR_R12_RACING_INT Skid: 61.
2026-04-30 11:35:04  Vol : TEM_PR_R12_RACING_INT Skid: 61 Calcul Vol : 640 Color: 2.
2026-04-30 11:35:04  ---------------------------
2026-04-30 11:37:45  URUS_BC_INT " Skid: 81 Paint : 410.
2026-04-30 11:39:22  Vol : HURACAN_BC0_R12_INT Skid: 50 Calcul Vol : 301 Color: 5.
2026-04-30 11:39:22  ---------------------------
2026-04-30 11:42:44  URUS_PR_INT " Skid: 74 Paint : 468.
2026-04-30 11:47:38  URUS_BC_INT " Skid: 74 Paint : 506.
2026-04-30 11:53:02  Vol : URUS_PA2_PR0_INT_2025 Skid: 37 Calcul Vol : 521 Color: 3.
2026-04-30 11:53:02  ---------------------------
2026-04-30 11:56:53  Vol : URUS_PA2_BC0_R12_INT_2026 Skid: 168 Calcul Vol : 474 Color: 11.
2026-04-30 11:56:53  ---------------------------
2026-04-30 11:59:43 --- Trajectory INT --- 
2026-04-30 11:59:43  HURACAN_PRIM_INT " Skid: 50 Paint : 581.
2026-04-30 11:59:43 --- --- --- --- 
2026-04-30 12:01:08  Vol : URUS_PA2_PR0_INT_2025 Skid: 35 Calcul Vol : 513 Color: 1.
2026-04-30 12:01:08  ---------------------------
2026-04-30 12:03:27  TEMERARIO_BC_INT " Skid: 37 Paint : 250.
2026-04-30 12:03:27 --- Trajectory INT --- 
2026-04-30 12:03:27  HURACAN_BC0_R12_INT " Skid: 37 Paint : 250.
2026-04-30 12:03:27 ---  --- 
2026-04-30 12:06:33  Vol : URUS_PA2_BC0_R12_INT_2026 Skid: 207 Calcul Vol : 565 Color: 97.
2026-04-30 12:06:33  ---------------------------
2026-04-30 12:08:35  URUS_PR_INT " Skid: 168 Paint : 468.
2026-04-30 12:14:03  URUS_BC_INT " Skid: 168 Paint : 421.
2026-04-30 12:14:58  Vol : URUS_PA2_PR0_INT_2025 Skid: 153 Calcul Vol : 513 Color: 1.
2026-04-30 12:14:58  ---------------------------
2026-04-30 12:25:55  URUS_PR_INT " Skid: 207 Paint : 460.
2026-04-30 12:26:37  Vol : URUS_PA2_BC0_R12_INT_2026 Skid: 202 Calcul Vol : 558 Color: 85.
2026-04-30 12:26:37  ---------------------------
2026-04-30 12:30:50  URUS_BC_INT " Skid: 207 Paint : 512.
2026-04-30 12:31:38  Vol : HURACAN_PRIM_R12_INT Skid: 66 Calcul Vol : 317 Color: 3.
2026-04-30 12:31:38  ---------------------------
2026-04-30 12:41:43  URUS_PR_INT " Skid: 153 Paint : 457.
2026-04-30 12:41:59  Vol : URUS_PA2_BC0_HGL Skid: 86 Calcul Vol : 228 Color: 5.
2026-04-30 12:41:59  ---------------------------
2026-04-30 12:49:11  Vol : URUS_PA2_PR0_INT_2025 Skid: 158 Calcul Vol : 512 Color: 1.
2026-04-30 12:49:11  ---------------------------
2026-04-30 12:50:45  URUS_BC_INT " Skid: 66 Paint : 505.
2026-04-30 12:54:26  TEMERARIO_PR_INT " Skid: 66 Paint : 264.
2026-04-30 12:57:47  Vol : HURACAN_BC0_R12_INT Skid: 38 Calcul Vol : 326 Color: 34.
2026-04-30 12:57:47  ---------------------------
2026-04-30 13:01:42  Vol : HURACAN_PRIM_R12_INT Skid: 152 Calcul Vol : 317 Color: 3.
2026-04-30 13:01:42  ---------------------------
2026-04-30 13:17:09  Vol : HURACAN_BC0_R12_INT Skid: 133 Calcul Vol : 288 Color: 29.
2026-04-30 13:17:09  ---------------------------
2026-04-30 13:22:49  TEMERARIO_BC_INT " Skid: 152 Paint : 277.
2026-04-30 13:22:49 --- Trajectory INT --- 
2026-04-30 13:22:49  HURACAN_AP_BC0_INT " Skid: 152 Paint : 277.
2026-04-30 13:22:49 ---  --- 
2026-04-30 13:24:54  Vol : URUS_PA2_PR0_INT_2025 Skid: 105 Calcul Vol : 521 Color: 3.
2026-04-30 13:24:54  ---------------------------
2026-04-30 13:26:24  TEMERARIO_PR_INT " Skid: 152 Paint : 265.
2026-04-30 13:35:36  Vol : URUS_PA2_PR0_INT_2025 Skid: 155 Calcul Vol : 513 Color: 1.
2026-04-30 13:35:36  ---------------------------
2026-04-30 13:35:49  TEMERARIO_BC_INT " Skid: 133 Paint : 237.
2026-04-30 13:35:49 --- Trajectory INT --- 
2026-04-30 13:35:49  HURACAN_AP_CFK_BC0_INT " Skid: 133 Paint : 237.
2026-04-30 13:35:49 ---  --- 
2026-04-30 13:40:28  Vol : URUS_PA2_BC0_R12_INT_2026 Skid: 29 Calcul Vol : 565 Color: 97.
2026-04-30 13:40:28  ---------------------------
2026-04-30 13:43:22  URUS_PR_INT " Skid: 105 Paint : 468.
2026-04-30 13:44:28  Vol : URUS_PA2_BC0_R12_INT_2026 Skid: 167 Calcul Vol : 432 Color: 98.
2026-04-30 13:44:28  ---------------------------
2026-04-30 13:52:52  Vol : URUS_PA2_PR0_INT_2025 Skid: 158 Calcul Vol : 512 Color: 1.
2026-04-30 13:52:52  ---------------------------
2026-04-30 13:57:18  URUS_PR_INT " Skid: 29 Paint : 460.
2026-04-30 13:57:34  Vol : URUS_PA2_BC0_R12_INT_2026 Skid: 81 Calcul Vol : 502 Color: 12.
2026-04-30 13:57:34  ---------------------------
2026-04-30 14:02:12  URUS_BC_INT " Skid: 167 Paint : 512.
2026-04-30 14:02:29  Vol : HURACAN_PRIM_R12_INT Skid: 51 Calcul Vol : 317 Color: 1.
2026-04-30 14:02:29  ---------------------------
2026-04-30 14:07:06  URUS_BC_INT " Skid: 167 Paint : 380.
2026-04-30 14:07:23  Vol : HURACAN_BC0_R12_INT Skid: 85 Calcul Vol : 367 Color: 27.
2026-04-30 14:07:23  ---------------------------
2026-04-30 14:16:18  URUS_PR_INT " Skid: 158 Paint : 458.
2026-04-30 14:25:23  URUS_BC_INT " Skid: 51 Paint : 449.
2026-04-30 14:25:50  Vol : HURACAN_PRIM_R12_INT Skid: 244 Calcul Vol : 317 Color: 1.
2026-04-30 14:25:50  ---------------------------
2026-04-30 14:29:04  TEMERARIO_PR_INT " Skid: 85 Paint : 264.
2026-04-30 14:33:20  TEMERARIO_BC_INT " Skid: 85 Paint : 318.
2026-04-30 14:33:20 --- Trajectory INT --- 
2026-04-30 14:33:20  HURACAN_AP_BC0_INT " Skid: 85 Paint : 318.
2026-04-30 14:33:20 ---  --- 
2026-04-30 14:34:57  Vol : HURACAN_BC0_R12_INT Skid: 210 Calcul Vol : 146 Color: 106.
2026-04-30 14:34:57  ---------------------------
2026-04-30 14:40:03  Vol : URUS_PA2_PR0_INT_2025 Skid: 208 Calcul Vol : 512 Color: 1.
2026-04-30 14:40:03  ---------------------------
2026-04-30 14:45:03  Vol : URUS_PA2_BC0_R12_INT_2026 Skid: 35 Calcul Vol : 504 Color: 5.
2026-04-30 14:45:03  ---------------------------
2026-04-30 14:47:14  TEMERARIO_PR_INT " Skid: 244 Paint : 264.
2026-04-30 14:50:57  Vol : URUS_PA2_BC0_HGL Skid: 37 Calcul Vol : 228 Color: 5.
2026-04-30 14:50:57  ---------------------------
2026-04-30 14:54:56  TEMERARIO_BC_INT " Skid: 210 Paint : 96.
2026-04-30 14:54:56 --- Trajectory INT REP --- 
2026-04-30 14:54:56  HURACAN_BC0_R12_INT AP REP " Skid: 210 Paint : 96.
2026-04-30 14:54:56 --- --- 
2026-04-30 14:55:06  Vol : HURACAN_PRIM_R12_INT Skid: 49 Calcul Vol : 317 Color: 1.
2026-04-30 14:55:06  ---------------------------
2026-04-30 15:04:40  URUS_PR_INT " Skid: 35 Paint : 460.
2026-04-30 15:04:55  Vol : HURACAN_BC0_R12_INT Skid: 84 Calcul Vol : 292 Color: 29.
2026-04-30 15:04:55  ---------------------------
2026-04-30 15:09:34  URUS_BC_INT " Skid: 35 Paint : 452.
2026-04-30 15:09:52  Vol : URUS_PA2_BC0_R12_INT_2026 Skid: 153 Calcul Vol : 504 Color: 5.
2026-04-30 15:09:52  ---------------------------
2026-04-30 15:14:19  Vol : URUS_PA2_PR0_INT_2025 Skid: 203 Calcul Vol : 515 Color: 2.
2026-04-30 15:14:19  ---------------------------
2026-04-30 15:17:18  TEMERARIO_PR_INT " Skid: 49 Paint : 265.
2026-04-30 15:23:26  Vol : URUS_PA2_PR0_INT_2025 Skid: 230 Calcul Vol : 512 Color: 1.
2026-04-30 15:23:26  ---------------------------
2026-04-30 15:23:48  TEMERARIO_BC_INT " Skid: 153 Paint : 240.
2026-04-30 15:23:48 --- Trajectory INT --- 
2026-04-30 15:23:48  HURACAN_AP_BC0_INT " Skid: 153 Paint : 240.
2026-04-30 15:23:48 ---  --- 
2026-04-30 15:35:32  Vol : URUS_PA2_BC0_R12_INT_2026 Skid: 126 Calcul Vol : 515 Color: 29.
2026-04-30 15:35:32  ---------------------------
2026-04-30 15:39:28  URUS_BC_INT " Skid: 203 Paint : 451.
2026-04-30 15:44:35  URUS_PR_INT " Skid: 203 Paint : 463.
2026-04-30 15:44:50  Vol : HURACAN_BC0_R12_INT Skid: 66 Calcul Vol : 349 Color: 7.
2026-04-30 15:44:50  ---------------------------
2026-04-30 15:50:29  Vol : URUS_PA2_PR0_INT_2025 Skid: 48 Calcul Vol : 520 Color: 3.
2026-04-30 15:50:29  ---------------------------
2026-04-30 15:54:59  Vol : URUS_PA2_BC0_HGL Skid: 105 Calcul Vol : 228 Color: 5.
2026-04-30 15:54:59  ---------------------------
2026-04-30 15:56:52  URUS_BC_INT " Skid: 126 Paint : 462.
2026-04-30 16:03:24  Vol : URUS_PA2_PR0_INT_2025 Skid: 230 Calcul Vol : 513 Color: 1.
2026-04-30 16:03:24  ---------------------------
2026-04-30 16:05:42  Vol : URUS_PA2_BC0_R12_INT_2026 Skid: 155 Calcul Vol : 505 Color: 5.
2026-04-30 16:05:42  ---------------------------
2026-04-30 16:06:35  TEMERARIO_BC_INT " Skid: 48 Paint : 296.
2026-04-30 16:06:35 --- Trajectory INT --- 
2026-04-30 16:06:35  HURACAN_BC0_R12_INT " Skid: 48 Paint : 296.
2026-04-30 16:06:35 ---  --- 
2026-04-30 16:09:10  Vol : URUS_PA2_PR0_INT_2025 Skid: 130 Calcul Vol : 521 Color: 3.
2026-04-30 16:09:10  ---------------------------
2026-04-30 16:12:24  URUS_PR_INT " Skid: 105 Paint : 467.
2026-04-30 16:17:13  Vol : URUS_PA2_BC0_R12_INT_2026 Skid: 158 Calcul Vol : 411 Color: 38.
2026-04-30 16:17:13  ---------------------------
2026-04-30 16:24:09  URUS_PR_INT " Skid: 155 Paint : 460.
2026-04-30 16:24:25  Vol : HURACAN_PRIM_R12_INT Skid: 134 Calcul Vol : 317 Color: 3.
2026-04-30 16:24:25  ---------------------------
2026-04-30 16:30:19  URUS_BC_INT " Skid: 155 Paint : 452.
2026-04-30 16:42:19  Vol : URUS_PA2_PR0_INT_2025 Skid: 130 Calcul Vol : 521 Color: 3.
2026-04-30 16:42:19  ---------------------------
2026-04-30 16:44:08  URUS_BC_INT " Skid: 134 Paint : 357.
2026-04-30 16:48:13  TEMERARIO_PR_INT " Skid: 134 Paint : 263.
2026-04-30 16:49:38  Vol : URUS_PA2_PR0_INT_2025 Skid: 166 Calcul Vol : 513 Color: 1.
2026-04-30 16:49:38  ---------------------------
2026-04-30 16:57:35  Vol : HURACAN_BC0_R12_INT Skid: 51 Calcul Vol : 301 Color: 5.
2026-04-30 16:57:35  ---------------------------
2026-04-30 16:57:41  URUS_PR_INT " Skid: 130 Paint : 466.
2026-04-30 17:01:32  Vol : HURACAN_PRIM_R12_INT Skid: 193 Calcul Vol : 317 Color: 3.
2026-04-30 17:01:32  ---------------------------
2026-04-30 17:05:53  Vol : URUS_PA2_BC0_R12_INT_2026 Skid: 208 Calcul Vol : 497 Color: 8.
2026-04-30 17:05:53  ---------------------------
2026-04-30 17:12:15  TEMERARIO_BC_INT " Skid: 51 Paint : 250.
2026-04-30 17:12:15 --- Trajectory INT --- 
2026-04-30 17:12:15  HURACAN_BC0_R12_INT " Skid: 51 Paint : 250.
2026-04-30 17:12:15 ---  --- 
2026-04-30 17:17:54  Vol : URUS_PA2_PR0_INT_2025 Skid: 166 Calcul Vol : 512 Color: 1.
2026-04-30 17:17:54  ---------------------------
2026-04-30 17:19:56  TEMERARIO_PR_INT " Skid: 208 Paint : 265.
2026-04-30 17:20:36  Vol : HURACAN_BC0_R12_INT Skid: 38 Calcul Vol : 337 Color: 35.
2026-04-30 17:20:36  ---------------------------
2026-04-30 17:24:52  URUS_BC_INT " Skid: 208 Paint : 443.
2026-04-30 17:29:36  Vol : URUS_PA2_BC0_R12_INT_2026 Skid: 167 Calcul Vol : 587 Color: 99.
2026-04-30 17:29:36  ---------------------------
2026-04-30 17:32:06  URUS_PR_INT " Skid: 38 Paint : 460.
2026-04-30 17:33:18  Vol : URUS_PA2_PR0_INT_2025 Skid: 245 Calcul Vol : 513 Color: 1.
2026-04-30 17:33:18  ---------------------------
2026-04-30 17:36:07  TEMERARIO_BC_INT " Skid: 38 Paint : 289.
2026-04-30 17:36:07 --- Trajectory INT --- 
2026-04-30 17:36:07  HURACAN_AP_BC0_INT " Skid: 38 Paint : 289.
2026-04-30 17:36:07 ---  --- 
2026-04-30 17:37:06  Vol : HURACAN_BC0_R12_INT Skid: 244 Calcul Vol : 300 Color: 10.
2026-04-30 17:37:06  ---------------------------
2026-04-30 17:41:37  Vol : URUS_PA2_PR0_INT_2025 Skid: 96 Calcul Vol : 521 Color: 3.
2026-04-30 17:41:37  ---------------------------
2026-04-30 17:46:10  URUS_BC_INT " Skid: 245 Paint : 534.
2026-04-30 17:52:39  URUS_PR_INT " Skid: 245 Paint : 459.
2026-04-30 18:01:06  TEMERARIO_BC_INT " Skid: 96 Paint : 248.
2026-04-30 18:01:06 --- Trajectory INT --- 
2026-04-30 18:01:06  HURACAN_BC0_R12_INT " Skid: 96 Paint : 248.
2026-04-30 18:01:06 ---  --- 
2026-04-30 18:06:30  URUS_PR_INT " Skid: 96 Paint : 468.
2026-04-30 18:12:22  Vol : HURACAN_PRIM_R12_INT Skid: 237 Calcul Vol : 317 Color: 3.
2026-04-30 18:12:22  ---------------------------
2026-04-30 18:19:56  Vol : URUS_PA2_BC0_R12_INT_2026 Skid: 48 Calcul Vol : 500 Color: 52.
2026-04-30 18:19:56  ---------------------------
2026-04-30 18:25:09  TEMERARIO_PR_INT " Skid: 237 Paint : 265.
2026-04-30 18:27:41  Vol : URUS_PA2_PR0_INT_2025 Skid: 79 Calcul Vol : 520 Color: 3.
2026-04-30 18:27:41  ---------------------------
2026-04-30 18:31:44  Vol : URUS_PA2_BC0_R12_INT_2026 Skid: 203 Calcul Vol : 565 Color: 62.
2026-04-30 18:31:44  ---------------------------
2026-04-30 18:35:11  URUS_BC_INT " Skid: 48 Paint : 446.
2026-04-30 18:35:56  Vol : HURACAN_BC0_R12_INT Skid: 152 Calcul Vol : 336 Color: 23.
2026-04-30 18:35:56  ---------------------------
2026-04-30 18:40:08  Vol : HURACAN_PRIM_R12_INT Skid: 139 Calcul Vol : 317 Color: 3.
2026-04-30 18:40:08  ---------------------------
2026-04-30 18:44:03  URUS_PR_INT " Skid: 203 Paint : 467.
2026-04-30 18:44:18  Vol : URUS_PA2_BC0_R12_INT_2026 Skid: 230 Calcul Vol : 505 Color: 5.
2026-04-30 18:44:18  ---------------------------
2026-04-30 18:49:01  URUS_BC_INT " Skid: 152 Paint : 513.
2026-04-30 18:49:03  Vol : URUS_PA2_BC0_R12_INT_2026 Skid: 37 Calcul Vol : 500 Color: 52.
2026-04-30 18:49:03  ---------------------------
2026-04-30 18:53:02  TEMERARIO_BC_INT " Skid: 139 Paint : 286.
2026-04-30 18:53:02 --- Trajectory INT --- 
2026-04-30 18:53:02  HURACAN_AP_BC0_INT " Skid: 139 Paint : 286.
2026-04-30 18:53:02 ---  --- 
2026-04-30 18:53:06  Vol : URUS_PA2_BC0_R12_INT_2026 Skid: 105 Calcul Vol : 538 Color: 23.
2026-04-30 18:53:07  ---------------------------
2026-04-30 18:58:28  Vol : URUS_PA2_BC0_R12_INT_2026 Skid: 130 Calcul Vol : 537 Color: 6.
2026-04-30 18:58:28  ---------------------------
2026-04-30 19:07:43  Vol : HURACAN_PRIM_R12_INT Skid: 139 Calcul Vol : 317 Color: 3.
2026-04-30 19:07:43  ---------------------------
2026-04-30 19:09:15  URUS_BC_INT " Skid: 105 Paint : 447.
2026-04-30 19:11:19  Vol : URUS_PA2_BC0_R12_INT_2026 Skid: 230 Calcul Vol : 504 Color: 5.
2026-04-30 19:11:19  ---------------------------
2026-04-30 19:24:19  URUS_BC_INT " Skid: 130 Paint : 485.
2026-04-30 19:35:48  URUS_BC_INT " Skid: 139 Paint : 485.
2026-04-30 19:41:08  Vol : HURACAN_BC0_R12_INT Skid: 20 Calcul Vol : 294 Color: 52.
2026-04-30 19:41:08  ---------------------------
2026-04-30 19:43:05  TEMERARIO_PR_INT " Skid: 230 Paint : 263.
2026-04-30 19:46:41  Vol : URUS_PA2_PR0_INT_2025 Skid: 221 Calcul Vol : 521 Color: 3.
2026-04-30 19:46:41  ---------------------------
2026-04-30 19:48:49  URUS_BC_INT " Skid: 230 Paint : 451.
2026-04-30 19:52:35  Vol : HURACAN_BC0_R12_INT Skid: 49 Calcul Vol : 367 Color: 27.
2026-04-30 19:52:35  ---------------------------
2026-04-30 19:56:29  Vol : URUS_PA2_BC0_R12_INT_2026 Skid: 245 Calcul Vol : 474 Color: 11.
2026-04-30 19:56:29  ---------------------------
2026-04-30 19:58:26  TEMERARIO_BC_INT " Skid: 221 Paint : 245.
2026-04-30 19:58:26 --- Trajectory INT --- 
2026-04-30 19:58:26  HURACAN_AP_BC0_INT " Skid: 221 Paint : 245.
2026-04-30 19:58:26 ---  --- 
2026-04-30 20:03:19  URUS_PR_INT " Skid: 49 Paint : 468.
2026-04-30 20:07:25  TEMERARIO_BC_INT " Skid: 245 Paint : 318.
2026-04-30 20:07:25 --- Trajectory INT --- 
2026-04-30 20:07:25  HURACAN_AP_BC0_INT " Skid: 245 Paint : 318.
2026-04-30 20:07:25 ---  --- 
2026-04-30 20:09:21  Vol : URUS_PA2_PR0_INT_2025 Skid: 206 Calcul Vol : 513 Color: 1.
2026-04-30 20:09:21  ---------------------------
2026-04-30 20:12:36  URUS_BC_INT " Skid: 245 Paint : 421.
2026-04-30 20:12:54  Vol : URUS_PA2_BC0_R12_INT_2026 Skid: 96 Calcul Vol : 500 Color: 52.
2026-04-30 20:12:54  ---------------------------
2026-04-30 20:20:03  Vol : URUS_PA2_BC0_R12_INT_2026 Skid: 166 Calcul Vol : 455 Color: 27.
2026-04-30 20:20:03  ---------------------------
2026-04-30 20:26:34  URUS_PR_INT " Skid: 96 Paint : 459.
2026-04-30 20:31:42  URUS_BC_INT " Skid: 96 Paint : 447.
2026-04-30 20:34:58  Vol : HURACAN_BC0_R12_INT Skid: 134 Calcul Vol : 350 Color: 6.
2026-04-30 20:34:58  ---------------------------
2026-04-30 20:39:25  Vol : HURACAN_BC0_R12_INT Skid: 237 Calcul Vol : 349 Color: 7.
2026-04-30 20:39:25  ---------------------------
2026-04-30 20:46:28  URUS_BC_INT " Skid: 134 Paint : 403.
2026-04-30 20:48:40  Vol : URUS_PA2_BC0_R12_INT_2026 Skid: 163 Calcul Vol : 526 Color: 56.
2026-04-30 20:48:40  ---------------------------
2026-04-30 20:50:37  TEMERARIO_BC_INT " Skid: 134 Paint : 298.
2026-04-30 20:50:37 --- Trajectory INT --- 
2026-04-30 20:50:37  HURACAN_CFK_BC0_INT " Skid: 134 Paint : 298.
2026-04-30 20:50:37 ---  --- 
2026-04-30 20:53:07  Vol : HURACAN_PRIM_R12_INT Skid: 61 Calcul Vol : 317 Color: 1.
2026-04-30 20:53:07  ---------------------------
2026-04-30 20:55:49  TEMERARIO_BC_INT " Skid: 237 Paint : 298.
2026-04-30 20:55:49 --- Trajectory INT --- 
2026-04-30 20:55:49  HURACAN_BC0_R12_INT " Skid: 237 Paint : 298.
2026-04-30 20:55:49 ---  --- 
2026-04-30 21:02:35  Vol : URUS_PA2_PR0_INT_2025 Skid: 122 Calcul Vol : 521 Color: 3.
2026-04-30 21:02:35  ---------------------------
2026-04-30 21:07:47  Vol : URUS_PA2_PR0_INT_2025 Skid: 21 Calcul Vol : 515 Color: 2.
2026-04-30 21:07:47  ---------------------------
2026-04-30 21:09:26  URUS_BC_INT " Skid: 61 Paint : 473.
2026-04-30 21:13:07  TEMERARIO_PR_INT " Skid: 61 Paint : 264.
2026-04-30 21:48:40  URUS_PR_INT " Skid: 21 Paint : 468.
2026-04-30 21:53:39  URUS_PR_INT " Skid: 21 Paint : 463.
2026-05-04 04:00:42 --- Trajectory EXT --- 
2026-05-04 04:00:42  URUS_PA2_BC0_R12_EXT1 " Skid: 16796 Paint : 32.
2026-05-04 04:02:24  URUS_PA2_BC0_R12_EXT2 " Skid: 16796 Paint : 0.
2026-05-04 04:02:24 ---   --- 
2026-05-04 05:02:19  Vol : URUS_PA2_BC0_R12_INT_2026 Skid: 108 Calcul Vol : 497 Color: 8.
2026-05-04 05:02:19  ---------------------------
2026-05-04 05:17:53  URUS_BC_INT " Skid: 108 Paint : 443.
2026-05-04 05:54:26  Vol : URUS_PA2_PR0_INT_2025 Skid: 60 Calcul Vol : 513 Color: 1.
2026-05-04 05:54:26  ---------------------------
2026-05-04 05:57:56  Vol : URUS_PA2_PR0_INT_2025 Skid: 168 Calcul Vol : 513 Color: 1.
2026-05-04 05:57:56  ---------------------------
2026-05-04 06:01:29  Vol : URUS_PA2_PR0_INT_2025 Skid: 35 Calcul Vol : 521 Color: 3.
2026-05-04 06:01:29  ---------------------------
2026-05-04 06:05:11  Vol : HURACAN_PRIM_R12_INT Skid: 29 Calcul Vol : 317 Color: 1.
2026-05-04 06:05:11  ---------------------------
2026-05-04 06:09:35  URUS_PR_INT " Skid: 168 Paint : 460.
2026-05-04 06:10:45  Vol : HURACAN_PRIM_R12_INT Skid: 74 Calcul Vol : 317 Color: 3.
2026-05-04 06:10:45  ---------------------------
2026-05-04 06:14:34  URUS_PR_INT " Skid: 168 Paint : 460.
2026-05-04 06:14:45  Vol : URUS_PA2_BC0_HGL Skid: 79 Calcul Vol : 228 Color: 5.
2026-05-04 06:14:45  ---------------------------
2026-05-04 06:21:10  URUS_PR_INT " Skid: 35 Paint : 468.
2026-05-04 06:25:33  Vol : HURACAN_PRIM_R12_INT Skid: 81 Calcul Vol : 317 Color: 3.
2026-05-04 06:25:33  ---------------------------
2026-05-04 06:32:19  TEMERARIO_PR_INT " Skid: 74 Paint : 265.
2026-05-04 06:35:21  Vol : URUS_PA2_PR0_INT_2025 Skid: 155 Calcul Vol : 513 Color: 1.
2026-05-04 06:35:21  ---------------------------
2026-05-04 06:36:01  TEMERARIO_PR_INT " Skid: 79 Paint : 264.
2026-05-04 06:43:01  TEMERARIO_PR_INT " Skid: 81 Paint : 265.
2026-05-04 06:43:34  Vol : URUS_PA2_BC0_R12_INT_2026 Skid: 221 Calcul Vol : 464 Color: 28.
2026-05-04 06:43:34  ---------------------------
2026-05-04 06:48:43  Vol : HURACAN_PRIM_R12_INT Skid: 153 Calcul Vol : 317 Color: 2.
2026-05-04 06:48:43  ---------------------------
2026-05-04 06:50:42  URUS_PR_INT " Skid: 155 Paint : 460.
2026-05-04 06:52:34  Vol : HURACAN_PRIM_R12_INT Skid: 50 Calcul Vol : 317 Color: 3.
2026-05-04 06:52:34  ---------------------------
2026-05-04 06:57:11  Vol : HURACAN_BC0_R12_INT Skid: 61 Calcul Vol : 286 Color: 13.
2026-05-04 06:57:11  ---------------------------
2026-05-04 06:59:44  URUS_BC_INT " Skid: 153 Paint : 410.
2026-05-04 07:03:24  TEMERARIO_PR_INT " Skid: 50 Paint : 264.
2026-05-04 07:04:56  Vol : URUS_PA2_BC0_R12_INT_2026 Skid: 206 Calcul Vol : 505 Color: 5.
2026-05-04 07:04:56  ---------------------------
2026-05-04 07:07:51  TEMERARIO_PR_INT " Skid: 61 Paint : 265.
2026-05-04 07:09:29  Vol : URUS_PA2_PR0_INT_2025 Skid: 208 Calcul Vol : 520 Color: 3.
2026-05-04 07:09:29  ---------------------------
2026-05-04 07:11:56  TEMERARIO_BC_INT " Skid: 61 Paint : 235.
2026-05-04 07:11:56 --- Trajectory INT --- 
2026-05-04 07:11:56  HURACAN_BC0_R12_INT " Skid: 61 Paint : 235.
2026-05-04 07:11:56 ---  --- 
2026-05-04 07:18:09  Vol : HURACAN_PRIM_R12_INT Skid: 31 Calcul Vol : 317 Color: 3.
2026-05-04 07:18:09  ---------------------------
2026-05-04 07:20:44  URUS_BC_INT " Skid: 208 Paint : 452.
2026-05-04 07:25:54  URUS_PR_INT " Skid: 208 Paint : 468.
2026-05-04 07:26:21  Vol : URUS_PA2_PR0_INT_2025 Skid: 150 Calcul Vol : 512 Color: 1.
2026-05-04 07:26:21  ---------------------------
2026-05-04 07:33:39  TEMERARIO_PR_INT " Skid: 31 Paint : 265.
2026-05-04 07:34:21  Vol : URUS_PA2_PR0_INT_2025 Skid: 103 Calcul Vol : 520 Color: 3.
2026-05-04 07:34:21  ---------------------------
2026-05-04 07:38:34  Vol : URUS_PA2_BC0_R12_INT_2026 Skid: 48 Calcul Vol : 474 Color: 53.
2026-05-04 07:38:34  ---------------------------
2026-05-04 07:41:46  URUS_PR_INT " Skid: 150 Paint : 460.
2026-05-04 07:42:37  Vol : URUS_PA2_PR0_INT_2025 Skid: 130 Calcul Vol : 521 Color: 3.
2026-05-04 07:42:37  ---------------------------
2026-05-04 07:46:40  Vol : HURACAN_BC0_R12_INT Skid: 20 Calcul Vol : 315 Color: 53.
2026-05-04 07:46:40  ---------------------------
2026-05-04 07:50:51  URUS_PR_INT " Skid: 103 Paint : 467.
2026-05-04 07:50:58  Vol : HURACAN_PRIM_R12_INT Skid: 207 Calcul Vol : 317 Color: 3.
2026-05-04 07:50:58  ---------------------------
2026-05-04 07:55:32  Vol : URUS_PA2_BC0_HGL Skid: 60 Calcul Vol : 228 Color: 5.
2026-05-04 07:55:32  ---------------------------
2026-05-04 07:58:33  URUS_BC_INT " Skid: 130 Paint : 420.
2026-05-04 08:00:24  Vol : URUS_PA2_PR0_INT_2025 Skid: 222 Calcul Vol : 515 Color: 2.
2026-05-04 08:00:24  ---------------------------
2026-05-04 08:03:33  URUS_PR_INT " Skid: 20 Paint : 468.
2026-05-04 08:04:36  Vol : URUS_PA2_BC0_R12_INT_2026 Skid: 168 Calcul Vol : 504 Color: 5.
2026-05-04 08:04:36  ---------------------------
2026-05-04 08:07:35  TEMERARIO_BC_INT " Skid: 207 Paint : 265.
2026-05-04 08:07:35 --- Trajectory INT --- 
2026-05-04 08:07:35  HURACAN_AP_BC0_INT " Skid: 207 Paint : 265.
2026-05-04 08:07:35 ---  --- 
2026-05-04 08:08:22  Vol : HURACAN_PRIM_R12_INT Skid: 223 Calcul Vol : 316 Color: 3.
2026-05-04 08:08:22  ---------------------------
2026-05-04 08:11:20  TEMERARIO_PR_INT " Skid: 60 Paint : 265.
2026-05-04 08:15:40  Vol : URUS_PA2_BC0_R12_INT_2026 Skid: 35 Calcul Vol : 537 Color: 6.
2026-05-04 08:15:40  ---------------------------
2026-05-04 08:23:31  URUS_PR_INT " Skid: 168 Paint : 463.
2026-05-04 08:24:38  Vol : URUS_PA2_PR0_INT_2025 Skid: 131 Calcul Vol : 521 Color: 3.
2026-05-04 08:24:39  ---------------------------
2026-05-04 08:28:35  URUS_BC_INT " Skid: 223 Paint : 452.
2026-05-04 08:28:51  Vol : URUS_PA2_BC0_R12_INT_2026 Skid: 37 Calcul Vol : 474 Color: 53.
2026-05-04 08:28:51  ---------------------------
2026-05-04 08:32:15  TEMERARIO_PR_INT " Skid: 35 Paint : 264.
2026-05-04 08:33:21  Vol : URUS_PA2_PR0_INT_2025 Skid: 245 Calcul Vol : 521 Color: 3.
2026-05-04 08:33:21  ---------------------------
2026-05-04 08:37:23  URUS_BC_INT " Skid: 35 Paint : 485.
2026-05-04 08:37:39  Vol : HURACAN_BC0_R12_INT Skid: 29 Calcul Vol : 301 Color: 5.
2026-05-04 08:37:39  ---------------------------
2026-05-04 08:42:19  Vol : URUS_PA2_BC0_R12_INT_2026 Skid: 96 Calcul Vol : 473 Color: 53.
2026-05-04 08:42:19  ---------------------------
2026-05-04 08:46:14  URUS_PR_INT " Skid: 37 Paint : 467.
2026-05-04 08:51:08  URUS_BC_INT " Skid: 245 Paint : 420.
2026-05-04 08:56:07  URUS_PR_INT " Skid: 29 Paint : 468.
2026-05-04 09:00:01  TEMERARIO_BC_INT " Skid: 96 Paint : 248.
2026-05-04 09:00:01 --- Trajectory INT --- 
2026-05-04 09:00:01  HURACAN_BC0_R12_INT " Skid: 96 Paint : 248.
2026-05-04 09:00:01 ---  --- 
2026-05-04 09:00:43  Vol : URUS_PA2_PR0_INT_2025 Skid: 230 Calcul Vol : 513 Color: 1.
2026-05-04 09:00:43  ---------------------------
2026-05-04 09:05:11  URUS_BC_INT " Skid: 96 Paint : 420.
2026-05-04 09:09:56  Vol : URUS_PA2_BC0_R12_INT_2026 Skid: 155 Calcul Vol : 474 Color: 13.
2026-05-04 09:09:56  ---------------------------
2026-05-04 09:18:08  Vol : HURACAN_BC0_R12_INT Skid: 193 Calcul Vol : 365 Color: 19.
2026-05-04 09:18:08  ---------------------------
2026-05-04 09:21:59  URUS_PR_INT " Skid: 230 Paint : 459.
2026-05-04 09:22:29  Vol : URUS_PA2_PR0_INT_2025 Skid: 158 Calcul Vol : 520 Color: 3.
2026-05-04 09:22:29  ---------------------------
2026-05-04 09:26:59  Vol : HURACAN_BC0_R12_INT Skid: 139 Calcul Vol : 336 Color: 23.
2026-05-04 09:26:59  ---------------------------
2026-05-04 09:30:59  URUS_BC_INT " Skid: 155 Paint : 421.
2026-05-04 09:38:54  TEMERARIO_BC_INT " Skid: 158 Paint : 314.
2026-05-04 09:38:54 --- Trajectory INT --- 
2026-05-04 09:38:54  HURACAN_AP_BC0_INT " Skid: 158 Paint : 314.
2026-05-04 09:38:54 ---  --- 
2026-05-04 09:40:24  Vol : HURACAN_PRIM_R12_INT Skid: 145 Calcul Vol : 317 Color: 3.
2026-05-04 09:40:24  ---------------------------
2026-05-04 09:44:07  URUS_PR_INT " Skid: 158 Paint : 468.
2026-05-04 09:49:50  TEMERARIO_BC_INT " Skid: 139 Paint : 287.
2026-05-04 09:49:50 --- Trajectory INT --- 
2026-05-04 09:49:50  HURACAN_AP_BC0_INT " Skid: 139 Paint : 287.
2026-05-04 09:49:50 ---  --- 
2026-05-04 09:50:39  Vol : URUS_PA2_BC0_R12_INT_2026 Skid: 150 Calcul Vol : 495 Color: 105.
2026-05-04 09:50:39  ---------------------------
2026-05-04 09:55:51  Vol : URUS_PA2_PR0_INT_2025 Skid: 119 Calcul Vol : 512 Color: 1.
2026-05-04 09:55:51  ---------------------------
2026-05-04 10:07:00  Vol : URUS_PA2_BC0_HGL Skid: 208 Calcul Vol : 228 Color: 5.
2026-05-04 10:07:00  ---------------------------
2026-05-04 10:09:43  TEMERARIO_PR_INT " Skid: 145 Paint : 264.
2026-05-04 10:15:40  Vol : URUS_PA2_BC0_R12_INT_2026 Skid: 103 Calcul Vol : 514 Color: 19.
2026-05-04 10:15:40  ---------------------------
2026-05-04 10:17:28  URUS_BC_INT " Skid: 119 Paint : 440.
2026-05-04 10:22:35  URUS_PR_INT " Skid: 208 Paint : 460.
2026-05-04 10:25:13  Vol : URUS_PA2_PR0_INT_2025 Skid: 203 Calcul Vol : 512 Color: 1.
2026-05-04 10:25:13  ---------------------------
2026-05-04 10:37:10  Vol : URUS_PA2_BC0_R12_INT_2026 Skid: 222 Calcul Vol : 430 Color: 40.
2026-05-04 10:37:10  ---------------------------
2026-05-04 10:41:35  URUS_BC_INT " Skid: 103 Paint : 460.
2026-05-04 10:41:49  Vol : URUS_PA2_BC0_R12_INT_2026 Skid: 130 Calcul Vol : 559 Color: 7.
2026-05-04 10:41:49  ---------------------------
2026-05-04 10:50:45  URUS_PR_INT " Skid: 203 Paint : 459.
2026-05-04 10:52:32  Vol : URUS_PA2_BC0_R12_INT_2026 Skid: 79 Calcul Vol : 559 Color: 7.
2026-05-04 10:52:32  ---------------------------
2026-05-04 10:59:51  URUS_BC_INT " Skid: 222 Paint : 377.
2026-05-04 11:00:58  Default Volume : TEM_PR_R12_RACING_INT Skid: 5.
2026-05-04 11:01:00  Vol : TEM_PR_R12_RACING_INT Skid: 5 Calcul Vol : 640 Color: 2.
2026-05-04 11:01:00  ---------------------------
2026-05-04 11:05:21  URUS_BC_INT " Skid: 130 Paint : 507.
2026-05-04 11:10:15  Vol : URUS_PA2_BC0_R12_INT_2026 Skid: 221 Calcul Vol : 515 Color: 29.
2026-05-04 11:10:15  ---------------------------
2026-05-04 11:14:10  URUS_BC_INT " Skid: 79 Paint : 506.
2026-05-04 11:14:27  Vol : URUS_PA2_PR0_INT_2025 Skid: 138 Calcul Vol : 512 Color: 1.
2026-05-04 11:14:27  ---------------------------
2026-05-04 11:18:58  Vol : URUS_PA2_BC0_R12_INT_2026 Skid: 131 Calcul Vol : 537 Color: 6.
2026-05-04 11:18:58  ---------------------------
2026-05-04 11:24:40 --- Trajectory INT --- 
2026-05-04 11:24:40  HURACAN_PRIM_INT " Skid: 5 Paint : 580.
2026-05-04 11:24:40 --- --- --- --- 
2026-05-04 11:24:58  Vol : HURACAN_BC0_R12_INT Skid: 31 Calcul Vol : 336 Color: 23.
2026-05-04 11:24:58  ---------------------------
2026-05-04 11:29:25  Vol : HURACAN_PRIM_R12_INT Skid: 220 Calcul Vol : 317 Color: 1.
2026-05-04 11:29:25  ---------------------------
2026-05-04 11:30:51  URUS_BC_INT " Skid: 138 Paint : 463.
2026-05-04 11:35:52  URUS_PR_INT " Skid: 131 Paint : 460.
2026-05-04 11:38:53  Vol : URUS_PA2_BC0_HGL Skid: 230 Calcul Vol : 228 Color: 5.
2026-05-04 11:38:53  ---------------------------
2026-05-04 11:40:46  URUS_BC_INT " Skid: 31 Paint : 485.
2026-05-04 11:42:38  Vol : URUS_PA2_BC0_R12_INT_2026 Skid: 60 Calcul Vol : 455 Color: 27.
2026-05-04 11:42:38  ---------------------------
2026-05-04 11:45:06  TEMERARIO_BC_INT " Skid: 220 Paint : 285.
2026-05-04 11:45:06 --- Trajectory INT --- 
2026-05-04 11:45:06  HURACAN_AP_BC0_INT " Skid: 220 Paint : 285.
2026-05-04 11:45:06 ---  --- 
2026-05-04 11:46:36  Vol : URUS_PA2_BC0_R12_INT_2026 Skid: 245 Calcul Vol : 566 Color: 17.
2026-05-04 11:46:36  ---------------------------
2026-05-04 11:48:51  TEMERARIO_PR_INT " Skid: 220 Paint : 264.
2026-05-04 11:51:03  Vol : URUS_PA2_PR0_INT_2025 Skid: 210 Calcul Vol : 512 Color: 1.
2026-05-04 11:51:03  ---------------------------
2026-05-04 11:55:24  Vol : HURACAN_BC0_R12_INT Skid: 148 Calcul Vol : 314 Color: 68.
2026-05-04 11:55:24  ---------------------------
2026-05-04 11:59:36  Vol : URUS_PA2_BC0_HGL Skid: 158 Calcul Vol : 228 Color: 5.
2026-05-04 11:59:36  ---------------------------
2026-05-04 12:01:06  URUS_BC_INT " Skid: 245 Paint : 403.
2026-05-04 12:06:01  URUS_BC_INT " Skid: 210 Paint : 513.
2026-05-04 12:08:10  Vol : HURACAN_BC0_R12_INT Skid: 207 Calcul Vol : 365 Color: 19.
2026-05-04 12:08:10  ---------------------------
2026-05-04 12:11:00  URUS_PR_INT " Skid: 148 Paint : 460.
2026-05-04 12:15:02  TEMERARIO_BC_INT " Skid: 158 Paint : 264.
2026-05-04 12:15:02 --- Trajectory INT --- 
2026-05-04 12:15:02  HURACAN_AP_BC0_INT " Skid: 158 Paint : 264.
2026-05-04 12:15:02 ---  --- 
2026-05-04 12:17:51  File Access Error
2026-05-04 12:17:52  Vol : URUS_PA2SPORT_R12_INT Skid: 86 Calcul Vol : 26815 Color: 26.
2026-05-04 12:17:52  ---------------------------
2026-05-04 12:17:58  Vol : URUS_PA2SPORT_R12_EXT Skid: 86 Calcul Vol : 439 Color: 26.
2026-05-04 12:17:58  ---------------------------
2026-05-04 12:18:04  Vol : URUS_PA2SPORT_R12_EXTII Skid: 86 Calcul Vol : 393 Color: 26.
2026-05-04 12:18:04  ---------------------------
2026-05-04 12:22:40  Vol : URUS_PA2_PR0_INT_2025 Skid: 204 Calcul Vol : 512 Color: 1.
2026-05-04 12:22:40  ---------------------------
2026-05-04 12:28:21  TEMERARIO_BC_INT " Skid: 207 Paint : 314.
2026-05-04 12:28:21 --- Trajectory INT --- 
2026-05-04 12:28:21  HURACAN_AP_BC0_INT " Skid: 207 Paint : 314.
2026-05-04 12:28:21 ---  --- 
2026-05-04 12:37:37  Vol : HURACAN_PRIM_R12_INT Skid: 85 Calcul Vol : 317 Color: 1.
2026-05-04 12:37:37  ---------------------------
2026-05-04 12:42:20 --- Trajectory --- 
2026-05-04 12:42:20 Prog : URUS_PA2SPORT_R12_EXT & OPT_1 28673 Skid: 86 Paint : 375.
2026-05-04 12:44:36 Prog : URUS_PA2SPORT_R12_EXTII & OPT_1 28673 Skid: 86 Paint : 319 . 
2026-05-04 12:49:29  URUS_PR_INT " Skid: 204 Paint : 460.
2026-05-04 12:49:44  Vol : URUS_PA2_BC0_R12_INT_2026 Skid: 203 Calcul Vol : 505 Color: 5.
2026-05-04 12:49:44  ---------------------------
2026-05-04 12:53:59  Vol : URUS_PA2_PR0_INT_2025 Skid: 59 Calcul Vol : 513 Color: 1.
2026-05-04 12:53:59  ---------------------------
2026-05-04 12:58:33  Vol : HURACAN_BC0_R12_INT Skid: 223 Calcul Vol : 365 Color: 17.
2026-05-04 12:58:33  ---------------------------
2026-05-04 13:01:21  TEMERARIO_PR_INT " Skid: 85 Paint : 263.
2026-05-04 13:07:02  Default Volume : Skid_Frame_Primer Skid: 64.
2026-05-04 13:07:04  Vol : Skid_Frame_Primer Skid: 64 Calcul Vol : 640 Color: 1.
2026-05-04 13:07:04  ---------------------------
2026-05-04 13:07:09  Default Volume : DEFAULT Skid: 64.
2026-05-04 13:07:10  Vol : DEFAULT Skid: 64 Calcul Vol : 640 Color: 1.
2026-05-04 13:07:10  ---------------------------
2026-05-04 13:10:14  URUS_BC_INT " Skid: 59 Paint : 452.
2026-05-04 13:15:14  URUS_PR_INT " Skid: 223 Paint : 460.
2026-05-04 13:19:16  TEMERARIO_BC_INT " Skid: 223 Paint : 315.
2026-05-04 13:19:16 --- Trajectory INT --- 
2026-05-04 13:19:16  HURACAN_AP_BC0_INT " Skid: 223 Paint : 315.
2026-05-04 13:19:16 ---  --- 
2026-05-04 13:19:47  Vol : URUS_PA2_PR0_INT_2025 Skid: 84 Calcul Vol : 521 Color: 3.
2026-05-04 13:19:47  ---------------------------
2026-05-04 13:24:50  Vol : URUS_PA2_BC0_R12_INT_2026 Skid: 138 Calcul Vol : 504 Color: 5.
2026-05-04 13:24:50  ---------------------------
2026-05-04 13:38:26  Vol : URUS_PA2_BC0_R12_INT_2026 Skid: 119 Calcul Vol : 504 Color: 5.
2026-05-04 13:38:26  ---------------------------
2026-05-04 13:45:37  URUS_PR_INT " Skid: 138 Paint : 468.
2026-05-04 13:47:24  Vol : URUS_PA2_BC0_R12_INT_2026 Skid: 208 Calcul Vol : 560 Color: 7.
2026-05-04 13:47:24  ---------------------------
2026-05-04 13:50:32  URUS_BC_INT " Skid: 119 Paint : 452.
2026-05-04 13:52:09  Vol : HURACAN_BC0_R12_INT Skid: 193 Calcul Vol : 311 Color: 20.
2026-05-04 13:52:09  ---------------------------
2026-05-04 13:55:26  URUS_BC_INT " Skid: 119 Paint : 452.
2026-05-04 14:04:18  URUS_BC_INT " Skid: 208 Paint : 507.
2026-05-04 14:10:53  TEMERARIO_BC_INT " Skid: 193 Paint : 261.
2026-05-04 14:10:53 --- Trajectory INT --- 
2026-05-04 14:10:53  HURACAN_AP_BC0_INT " Skid: 193 Paint : 261.
2026-05-04 14:10:53 ---  --- 
2026-05-04 14:19:22  Vol : HURACAN_PRIM_R12_INT Skid: 133 Calcul Vol : 317 Color: 3.
2026-05-04 14:19:22  ---------------------------
2026-05-04 14:26:24  Default Volume : HURACAN_SP_BC0_R12_INT Skid: 160.
2026-05-04 14:26:26  Vol : HURACAN_SP_BC0_R12_INT Skid: 160 Calcul Vol : 640 Color: 9.
2026-05-04 14:26:26  ---------------------------
2026-05-04 14:29:05  Vol : URUS_PA2_BC0_R12_INT_2026 Skid: 103 Calcul Vol : 432 Color: 20.
2026-05-04 14:29:05  ---------------------------
2026-05-04 14:31:55  TEMERARIO_PR_INT " Skid: 133 Paint : 265.
2026-05-04 14:33:05  Vol : URUS_PA2_BC0_R12_INT_2026 Skid: 210 Calcul Vol : 505 Color: 5.
2026-05-04 14:33:05  ---------------------------
2026-05-04 14:44:18 --- Trajectory INT --- 
2026-05-04 14:44:18  HURACAN_AP_BC0_INT " Skid: 160 Paint : 296.
2026-05-04 14:44:18 ---  --- 
2026-05-04 14:50:01  URUS_BC_INT " Skid: 210 Paint : 379.
2026-05-04 14:54:56  URUS_BC_INT " Skid: 210 Paint : 452.
2026-05-04 14:59:51  Vol : URUS_PA2_BC0_R12_INT_2026 Skid: 204 Calcul Vol : 411 Color: 38.
2026-05-04 14:59:51  ---------------------------
2026-05-04 15:13:06  Vol : URUS_PA2_PR0_INT_2025 Skid: 74 Calcul Vol : 512 Color: 1.
2026-05-04 15:13:06  ---------------------------
2026-05-04 15:15:20  URUS_BC_INT " Skid: 204 Paint : 358.
2026-05-04 15:16:48  Vol : HURACAN_BC0_R12_INT Skid: 85 Calcul Vol : 301 Color: 5.
2026-05-04 15:16:48  ---------------------------
2026-05-04 15:21:36  Vol : HURACAN_PRIM_R12_INT Skid: 81 Calcul Vol : 317 Color: 1.
2026-05-04 15:21:36  ---------------------------
2026-05-04 15:27:46  Vol : HURACAN_BC0_R12_INT Skid: 145 Calcul Vol : 365 Color: 19.
2026-05-04 15:27:46  ---------------------------
2026-05-04 15:28:26  URUS_PR_INT " Skid: 74 Paint : 458.
2026-05-04 15:34:41  TEMERARIO_BC_INT " Skid: 85 Paint : 250.
2026-05-04 15:34:41 --- Trajectory INT --- 
2026-05-04 15:34:41  HURACAN_BC0_R12_INT " Skid: 85 Paint : 250.
2026-05-04 15:34:41 ---  --- 
2026-05-04 15:37:52  Vol : URUS_PA2_PR0_INT_2025 Skid: 134 Calcul Vol : 515 Color: 2.
2026-05-04 15:37:52  ---------------------------
2026-05-04 15:40:03  TEMERARIO_PR_INT " Skid: 145 Paint : 265.
2026-05-04 15:42:43  Vol : URUS_PA2_BC0_R12_INT_2026 Skid: 230 Calcul Vol : 465 Color: 66.
2026-05-04 15:42:43  ---------------------------
2026-05-04 15:44:19  TEMERARIO_BC_INT " Skid: 145 Paint : 315.
2026-05-04 15:44:19 --- Trajectory INT --- 
2026-05-04 15:44:19  HURACAN_AP_BC0_INT " Skid: 145 Paint : 315.
2026-05-04 15:44:19 ---  --- 
2026-05-04 15:47:22  Vol : URUS_PA2_BC0_R12_INT_2026 Skid: 59 Calcul Vol : 474 Color: 11.
2026-05-04 15:47:22  ---------------------------
2026-05-04 15:54:18  URUS_PR_INT " Skid: 230 Paint : 463.
2026-05-04 15:55:53  Vol : URUS_PA2_PR0_INT_2025 Skid: 166 Calcul Vol : 521 Color: 3.
2026-05-04 15:55:53  ---------------------------
2026-05-04 15:59:14  URUS_BC_INT " Skid: 59 Paint : 412.
2026-05-04 16:04:08  URUS_BC_INT " Skid: 59 Paint : 421.
2026-05-04 16:12:57  URUS_PR_INT " Skid: 166 Paint : 467.
2026-05-04 16:15:14  Vol : HURACAN_PRIM_R12_INT Skid: 126 Calcul Vol : 317 Color: 1.
2026-05-04 16:15:14  ---------------------------
2026-05-04 16:18:29  Vol : URUS_PA2_BC0_R12_INT_2026 Skid: 245 Calcul Vol : 509 Color: 18.
2026-05-04 16:18:29  ---------------------------
2026-05-04 16:22:30  Vol : URUS_PA2_BC0_R12_INT_2026 Skid: 158 Calcul Vol : 484 Color: 24.
2026-05-04 16:22:30  ---------------------------
2026-05-04 16:27:21  TEMERARIO_PR_INT " Skid: 126 Paint : 265.
2026-05-04 16:31:51  Vol : HURACAN_BC0_R12_INT Skid: 148 Calcul Vol : 310 Color: 69.
2026-05-04 16:31:51  ---------------------------
2026-05-04 16:34:01  URUS_BC_INT " Skid: 158 Paint : 455.
2026-05-04 16:38:57  URUS_BC_INT " Skid: 158 Paint : 431.
2026-05-04 16:44:03  Vol : HURACAN_BC0_R12_INT Skid: 220 Calcul Vol : 395 Color: 102.
2026-05-04 16:44:03  ---------------------------
2026-05-04 16:47:52  Vol : URUS_PA2_PR0_INT_2025 Skid: 206 Calcul Vol : 520 Color: 3.
2026-05-04 16:47:52  ---------------------------
2026-05-04 16:48:12  TEMERARIO_BC_INT " Skid: 148 Paint : 260.
2026-05-04 16:48:12 --- Trajectory INT --- 
2026-05-04 16:48:12  HURACAN_AP_BC0_INT " Skid: 148 Paint : 260.
2026-05-04 16:48:12 ---  --- 
2026-05-04 16:58:49  Vol : URUS_PA2_PR0_INT_2025 Skid: 168 Calcul Vol : 512 Color: 1.
2026-05-04 16:58:49  ---------------------------
2026-05-04 17:00:34  TEMERARIO_BC_INT " Skid: 220 Paint : 345.
2026-05-04 17:00:34 --- Trajectory INT --- 
2026-05-04 17:00:34  HURACAN_AP_BC0_INT " Skid: 220 Paint : 345.
2026-05-04 17:00:34 ---  --- 
2026-05-04 17:03:01  Vol : URUS_PA2_BC0_HGL Skid: 84 Calcul Vol : 228 Color: 5.
2026-05-04 17:03:01  ---------------------------
2026-05-04 17:05:50  URUS_PR_INT " Skid: 206 Paint : 468.
2026-05-04 17:07:01  Vol : URUS_PA2_BC0_R12_INT_2026 Skid: 74 Calcul Vol : 497 Color: 8.
2026-05-04 17:07:01  ---------------------------
2026-05-04 17:15:33  URUS_PR_INT " Skid: 84 Paint : 458.
2026-05-04 17:19:01  Vol : HURACAN_BC0_R12_INT Skid: 207 Calcul Vol : 311 Color: 20.
2026-05-04 17:19:01  ---------------------------
2026-05-04 17:27:28  URUS_BC_INT " Skid: 74 Paint : 443.
2026-05-04 17:36:50  TEMERARIO_BC_INT " Skid: 207 Paint : 261.
2026-05-04 17:36:50 --- Trajectory INT --- 
2026-05-04 17:36:50  HURACAN_AP_BC0_INT " Skid: 207 Paint : 261.
2026-05-04 17:36:50 ---  --- 
2026-05-04 17:49:50  Vol : URUS_PA2_PR0_INT_2025 Skid: 202 Calcul Vol : 513 Color: 1.
2026-05-04 17:49:50  ---------------------------
2026-05-04 18:01:59  Vol : HURACAN_BC0_R12_INT Skid: 223 Calcul Vol : 310 Color: 18.
2026-05-04 18:01:59  ---------------------------
2026-05-04 18:04:28  URUS_PR_INT " Skid: 202 Paint : 460.
2026-05-04 18:06:41  Vol : URUS_PA2_BC0_R12_INT_2026 Skid: 134 Calcul Vol : 531 Color: 31.
2026-05-04 18:06:41  ---------------------------
2026-05-04 18:16:05  Vol : URUS_PA2_BC0_R12_INT_2026 Skid: 166 Calcul Vol : 559 Color: 7.
2026-05-04 18:16:05  ---------------------------
2026-05-04 18:17:50  TEMERARIO_BC_INT " Skid: 223 Paint : 261.
2026-05-04 18:17:50 --- Trajectory INT --- 
2026-05-04 18:17:50  HURACAN_AP_BC0_INT " Skid: 223 Paint : 261.
2026-05-04 18:17:50 ---  --- 
2026-05-04 18:20:48  Vol : URUS_PA2_PR0_INT_2025 Skid: 163 Calcul Vol : 512 Color: 1.
2026-05-04 18:20:48  ---------------------------
2026-05-04 18:22:56  URUS_BC_INT " Skid: 134 Paint : 479.
2026-05-04 18:29:33  Vol : HURACAN_BC0_R12_INT Skid: 81 Calcul Vol : 301 Color: 5.
2026-05-04 18:29:33  ---------------------------
2026-05-04 18:33:08  URUS_BC_INT " Skid: 163 Paint : 507.
2026-05-04 18:35:51  Vol : HURACAN_PRIM_R12_INT Skid: 105 Calcul Vol : 317 Color: 3.
2026-05-04 18:35:51  ---------------------------
2026-05-04 18:38:08  URUS_PR_INT " Skid: 163 Paint : 460.
2026-05-04 18:50:10  TEMERARIO_BC_INT " Skid: 81 Paint : 250.
2026-05-04 18:50:10 --- Trajectory INT --- 
2026-05-04 18:50:10  HURACAN_BC0_R12_INT " Skid: 81 Paint : 250.
2026-05-04 18:50:10 ---  --- 
2026-05-04 18:55:16  TEMERARIO_PR_INT " Skid: 105 Paint : 265.
2026-05-04 19:10:28  Vol : URUS_PA2_PR0_INT_2025 Skid: 35 Calcul Vol : 513 Color: 1.
2026-05-04 19:10:28  ---------------------------
2026-05-04 19:22:04  Vol : URUS_PA2_BC0_HGL Skid: 206 Calcul Vol : 224 Color: 5.
2026-05-04 19:22:04  ---------------------------
2026-05-04 19:23:40  URUS_PR_INT " Skid: 35 Paint : 460.
2026-05-04 19:30:31  Vol : HURACAN_PRIM_R12_INT Skid: 167 Calcul Vol : 317 Color: 3.
2026-05-04 19:30:31  ---------------------------
2026-05-04 19:41:57  TEMERARIO_PR_INT " Skid: 167 Paint : 265.
2026-05-04 19:49:46  Vol : URUS_PA2_BC0_R12_INT_2026 Skid: 158 Calcul Vol : 543 Color: 25.
2026-05-04 19:49:46  ---------------------------
2026-05-04 19:57:29  Vol : HURACAN_BC0_R12_INT Skid: 145 Calcul Vol : 310 Color: 20.
2026-05-04 19:57:29  ---------------------------
2026-05-04 20:01:38  Vol : URUS_PA2_PR0_INT_2025 Skid: 153 Calcul Vol : 521 Color: 3.
2026-05-04 20:01:38  ---------------------------
2026-05-04 20:04:25  URUS_BC_INT " Skid: 158 Paint : 490.
2026-05-04 20:10:50  Vol : URUS_PA2_BC0_R12_INT_2026 Skid: 84 Calcul Vol : 500 Color: 52.
2026-05-04 20:10:50  ---------------------------
2026-05-04 20:12:29  TEMERARIO_BC_INT " Skid: 145 Paint : 261.
2026-05-04 20:12:29 --- Trajectory INT --- 
2026-05-04 20:12:29  HURACAN_AP_BC0_INT " Skid: 145 Paint : 261.
2026-05-04 20:12:29 ---  --- 
2026-05-04 20:16:20  Vol : URUS_PA2_BC0_R12_INT_2026 Skid: 163 Calcul Vol : 455 Color: 27.
2026-05-04 20:16:20  ---------------------------
2026-05-04 20:18:14  URUS_PR_INT " Skid: 153 Paint : 468.
2026-05-04 20:29:08  Vol : HURACAN_BC0_R12_INT Skid: 133 Calcul Vol : 345 Color: 28.
2026-05-04 20:29:08  ---------------------------
2026-05-04 20:29:49  URUS_BC_INT " Skid: 84 Paint : 447.
2026-05-04 20:32:42  Vol : URUS_PA2_PR0_INT_2025 Skid: 155 Calcul Vol : 513 Color: 1.
2026-05-04 20:32:42  ---------------------------
2026-05-04 20:35:48  URUS_BC_INT " Skid: 163 Paint : 403.
2026-05-04 20:38:45  Vol : URUS_PA2_BC0_R12_INT_2026 Skid: 202 Calcul Vol : 455 Color: 27.
2026-05-04 20:38:45  ---------------------------
2026-05-04 20:44:38  TEMERARIO_BC_INT " Skid: 155 Paint : 295.
2026-05-04 20:44:38 --- Trajectory INT --- 
2026-05-04 20:44:38  HURACAN_AP_BC0_INT " Skid: 155 Paint : 295.
2026-05-04 20:44:38 ---  --- 
2026-05-04 20:50:33  URUS_PR_INT " Skid: 155 Paint : 460.
2026-05-04 20:57:27  URUS_BC_INT " Skid: 202 Paint : 403.
2026-05-05 02:23:53 --- Trajectory EXT --- 
2026-05-05 02:23:53  URUS_PA2_BC0_R12_EXT1 " Skid: 16797 Paint : 138.
2026-05-05 02:25:35  URUS_PA2_BC0_R12_EXT2 " Skid: 16797 Paint : 0.
2026-05-05 02:25:35 ---   --- 
2026-05-05 02:59:34 --- Trajectory EXT --- 
2026-05-05 02:59:34  URUS_PA2_BC0_R12_EXT1 " Skid: 16798 Paint : 50.
2026-05-05 03:02:05  URUS_PA2_BC0_R12_EXT2 " Skid: 16798 Paint : 0.
2026-05-05 03:02:05 ---   --- 
2026-05-05 03:16:52  Vol : URUS_PA2_BC0_R12_INT_2026 Skid: 26 Calcul Vol : 485 Color: 35.
2026-05-05 03:16:52  ---------------------------
2026-05-05 03:38:43  Vol : URUS_PA2_BC0_R12_INT_2026 Skid: 35 Calcul Vol : 510 Color: 96.
2026-05-05 03:38:43  ---------------------------
2026-05-05 03:40:39  URUS_BC_INT " Skid: 26 Paint : 432.
2026-05-05 03:42:38  Vol : HURACAN_PRIM_R12_INT Skid: 33 Calcul Vol : 317 Color: 3.
2026-05-05 03:42:38  ---------------------------
2026-05-05 03:49:14  Vol : HURACAN_BC0_R12_INT Skid: 167 Calcul Vol : 349 Color: 7.
2026-05-05 03:49:14  ---------------------------
2026-05-05 03:54:02  Vol : URUS_PA2_PR0_INT_2025 Skid: 130 Calcul Vol : 513 Color: 1.
2026-05-05 03:54:02  ---------------------------
2026-05-05 06:03:59  Vol : URUS_PA2_BC0_R12_INT_2026 Skid: 155 Calcul Vol : 497 Color: 8.
2026-05-05 06:03:59  ---------------------------
2026-05-05 06:08:57  URUS_BC_INT " Skid: 33 Paint : 457.
2026-05-05 06:09:12  Vol : URUS_PA2_PR0_INT_2025 Skid: 122 Calcul Vol : 515 Color: 2.
2026-05-05 06:09:12  ---------------------------
2026-05-05 06:12:39  TEMERARIO_PR_INT " Skid: 167 Paint : 264.
2026-05-05 06:13:49  Vol : HURACAN_BC0_R12_INT Skid: 220 Calcul Vol : 398 Color: 102.
2026-05-05 06:13:49  ---------------------------
2026-05-05 06:16:46  TEMERARIO_BC_INT " Skid: 130 Paint : 298.
2026-05-05 06:16:46 --- Trajectory INT --- 
2026-05-05 06:16:46  HURACAN_BC0_R12_INT " Skid: 130 Paint : 298.
2026-05-05 06:16:46 ---  --- 
2026-05-05 06:18:31  Vol : URUS_PA2_PR0_INT_2025 Skid: 52 Calcul Vol : 512 Color: 1.
2026-05-05 06:18:31  ---------------------------
2026-05-05 06:22:29  URUS_PR_INT " Skid: 155 Paint : 459.
2026-05-05 06:22:46  File Access Error
2026-05-05 06:22:46  File Access Error
2026-05-05 06:22:46  File Access Error
2026-05-05 06:22:46  Vol : HURACAN_BC0_R12_BLACK_ROOF Skid: 207 Calcul Vol : 650 Color: 5.
2026-05-05 06:22:46  ---------------------------
2026-05-05 06:27:24  URUS_BC_INT " Skid: 122 Paint : 443.
2026-05-05 06:27:40  Vol : URUS_PA2_PR0_INT_2025 Skid: 68 Calcul Vol : 521 Color: 3.
2026-05-05 06:27:40  ---------------------------
2026-05-05 06:32:22  URUS_PR_INT " Skid: 220 Paint : 462.
2026-05-05 06:32:38  Vol : URUS_PA2_BC0_R12_INT_2026 Skid: 168 Calcul Vol : 504 Color: 5.
2026-05-05 06:32:38  ---------------------------
2026-05-05 06:37:17  TEMERARIO_BC_INT " Skid: 52 Paint : 334.
2026-05-05 06:37:17 --- Trajectory INT REP --- 
2026-05-05 06:37:17  HURACAN_BC0_R12_INT AP REP " Skid: 52 Paint : 334.
2026-05-05 06:37:17 --- --- 
2026-05-05 06:37:35  Vol : HURACAN_PRIM_R12_INT Skid: 38 Calcul Vol : 317 Color: 3.
2026-05-05 06:37:35  ---------------------------
2026-05-05 06:42:07  URUS_PR_INT " Skid: 207 Paint : 460.
2026-05-05 06:46:53  Vol : URUS_PA2_PR0_INT_2025 Skid: 244 Calcul Vol : 515 Color: 2.
2026-05-05 06:46:53  ---------------------------
2026-05-05 06:51:12  URUS_PR_INT " Skid: 168 Paint : 467.
2026-05-05 06:51:30  Vol : URUS_PA2_BC0_R12_INT_2026 Skid: 103 Calcul Vol : 514 Color: 19.
2026-05-05 06:51:30  ---------------------------
2026-05-05 06:56:06  URUS_BC_INT " Skid: 38 Paint : 452.
2026-05-05 06:56:24  Vol : HURACAN_PRIM_R12_INT Skid: 66 Calcul Vol : 317 Color: 3.
2026-05-05 06:56:24  ---------------------------
2026-05-05 06:59:47  TEMERARIO_PR_INT " Skid: 38 Paint : 264.
2026-05-05 07:05:21  Vol : URUS_PA2_PR0_INT_2025 Skid: 79 Calcul Vol : 515 Color: 2.
2026-05-05 07:05:21  ---------------------------
2026-05-05 07:07:42  URUS_PR_INT " Skid: 103 Paint : 462.
2026-05-05 07:09:18  Vol : HURACAN_BC0_R12_INT Skid: 133 Calcul Vol : 292 Color: 29.
2026-05-05 07:09:18  ---------------------------
2026-05-05 07:12:37  URUS_BC_INT " Skid: 66 Paint : 461.
2026-05-05 07:13:43  Vol : URUS_PA2_PR0_INT_2025 Skid: 60 Calcul Vol : 513 Color: 1.
2026-05-05 07:13:43  ---------------------------
2026-05-05 07:16:18  TEMERARIO_PR_INT " Skid: 66 Paint : 264.
2026-05-05 07:22:46  Vol : HURACAN_PRIM_R12_INT Skid: 48 Calcul Vol : 317 Color: 2.
2026-05-05 07:22:46  ---------------------------
2026-05-05 07:24:08  URUS_PR_INT " Skid: 133 Paint : 461.
2026-05-05 07:26:40  Vol : URUS_PA2_BC0_R12_INT_2026 Skid: 153 Calcul Vol : 432 Color: 98.
2026-05-05 07:26:40  ---------------------------
2026-05-05 07:28:09  TEMERARIO_BC_INT " Skid: 60 Paint : 241.
2026-05-05 07:28:09 --- Trajectory INT --- 
2026-05-05 07:28:09  HURACAN_AP_BC0_INT " Skid: 60 Paint : 241.
2026-05-05 07:28:09 ---  --- 
2026-05-05 07:30:40  Vol : URUS_PA2_PR0_INT_2025 Skid: 131 Calcul Vol : 520 Color: 3.
2026-05-05 07:30:40  ---------------------------
2026-05-05 07:33:10  URUS_PR_INT " Skid: 60 Paint : 460.
2026-05-05 07:38:59  Vol : URUS_PA2_PR0_INT_2025 Skid: 208 Calcul Vol : 521 Color: 3.
2026-05-05 07:38:59  ---------------------------
2026-05-05 07:41:13  TEMERARIO_PR_INT " Skid: 153 Paint : 264.
2026-05-05 07:44:20  Vol : HURACAN_BC0_R12_INT Skid: 105 Calcul Vol : 365 Color: 19.
2026-05-05 07:44:20  ---------------------------
2026-05-05 07:48:47  URUS_BC_INT " Skid: 131 Paint : 380.
2026-05-05 07:49:02  Vol : URUS_PA2_PR0_INT_2025 Skid: 222 Calcul Vol : 515 Color: 2.
2026-05-05 07:49:02  ---------------------------
2026-05-05 07:53:46  URUS_PR_INT " Skid: 131 Paint : 468.
2026-05-05 07:56:08  Vol : URUS_PA2_BC0_R12_INT_2026 Skid: 206 Calcul Vol : 514 Color: 19.
2026-05-05 07:56:08  ---------------------------
2026-05-05 07:59:45  Vol : HURACAN_PRIM_R12_INT Skid: 210 Calcul Vol : 317 Color: 3.
2026-05-05 07:59:45  ---------------------------
2026-05-05 08:02:49  URUS_PR_INT " Skid: 105 Paint : 466.
2026-05-05 08:07:19  TEMERARIO_BC_INT " Skid: 222 Paint : 314.
2026-05-05 08:07:19 --- Trajectory INT --- 
2026-05-05 08:07:19  HURACAN_AP_BC0_INT " Skid: 222 Paint : 314.
2026-05-05 08:07:19 ---  --- 
2026-05-05 08:08:12  Vol : URUS_PA2_PR0_INT_2025 Skid: 119 Calcul Vol : 513 Color: 1.
2026-05-05 08:08:12  ---------------------------
2026-05-05 08:12:33  URUS_PR_INT " Skid: 206 Paint : 462.
2026-05-05 08:17:33  URUS_BC_INT " Skid: 210 Paint : 461.
2026-05-05 08:18:12  Vol : URUS_PA2_PR0_INT_2025 Skid: 245 Calcul Vol : 513 Color: 1.
2026-05-05 08:18:12  ---------------------------
2026-05-05 08:21:24  TEMERARIO_PR_INT " Skid: 210 Paint : 264.
2026-05-05 08:27:52  Vol : HURACAN_PRIM_R12_INT Skid: 74 Calcul Vol : 317 Color: 3.
2026-05-05 08:27:52  ---------------------------
2026-05-05 08:29:27  URUS_PR_INT " Skid: 119 Paint : 458.
2026-05-05 08:31:22  Vol : URUS_PA2_BC0_HGL Skid: 130 Calcul Vol : 228 Color: 5.
2026-05-05 08:31:22  ---------------------------
2026-05-05 08:35:16  Vol : URUS_PA2_PR0_INT_2025 Skid: 150 Calcul Vol : 512 Color: 1.
2026-05-05 08:35:16  ---------------------------
2026-05-05 08:38:32  URUS_PR_INT " Skid: 245 Paint : 460.
2026-05-05 08:45:52  Vol : URUS_PA2_PR0_INT_2025 Skid: 203 Calcul Vol : 469 Color: 3.
2026-05-05 08:45:52  ---------------------------
2026-05-05 08:47:21  TEMERARIO_PR_INT " Skid: 130 Paint : 265.
2026-05-05 08:49:29  Vol : URUS_PA2_BC0_R12_INT_2026 Skid: 52 Calcul Vol : 497 Color: 8.
2026-05-05 08:49:29  ---------------------------
2026-05-05 08:53:35  Vol : HURACAN_PRIM_R12_INT Skid: 138 Calcul Vol : 317 Color: 3.
2026-05-05 08:53:35  ---------------------------
2026-05-05 08:55:39  URUS_PR_INT " Skid: 150 Paint : 460.
2026-05-05 08:57:47  Vol : URUS_PA2_BC0_R12_INT_2026 Skid: 244 Calcul Vol : 486 Color: 9.
2026-05-05 08:57:47  ---------------------------
2026-05-05 09:02:06  Vol : URUS_PA2_PR0_INT_2025 Skid: 59 Calcul Vol : 513 Color: 1.
2026-05-05 09:02:06  ---------------------------
2026-05-05 09:04:22 --- Trajectory --- 
2026-05-05 09:04:22 Prog : URUS_PA2_PR0_INT_2025 & OPT_1 12292 Skid: 52 Paint : 416.
2026-05-05 09:04:22 ------ Trajectory Consuption URUS PA2 SPORT INT PRIMER ------ 
2026-05-05 09:04:22  URUS_PA2SPORT_PR0_R12_INT " Skid: 52 Paint : 416.
2026-05-05 09:04:22 --------------   --------------   -------------- 
2026-05-05 09:05:57  Vol : URUS_PA2_BC0_R12_INT_2026 Skid: 68 Calcul Vol : 421 Color: 76.
2026-05-05 09:05:57  ---------------------------
2026-05-05 09:09:19  URUS_BC_INT " Skid: 138 Paint : 443.
2026-05-05 09:10:18  Vol : URUS_PA2_PR0_INT_2025 Skid: 204 Calcul Vol : 521 Color: 3.
2026-05-05 09:10:18  ---------------------------
2026-05-05 09:13:00  TEMERARIO_PR_INT " Skid: 244 Paint : 264.
2026-05-05 09:14:34  Vol : HURACAN_BC0_R12_INT Skid: 38 Calcul Vol : 335 Color: 6.
2026-05-05 09:14:34  ---------------------------
2026-05-05 09:18:08  URUS_BC_INT " Skid: 59 Paint : 433.
2026-05-05 09:18:55  Vol : URUS_PA2_PR0_INT_2025 Skid: 221 Calcul Vol : 512 Color: 1.
2026-05-05 09:18:55  ---------------------------
2026-05-05 09:23:06  URUS_PR_INT " Skid: 68 Paint : 460.
2026-05-05 09:23:22  Vol : URUS_PA2_BC0_HGL Skid: 79 Calcul Vol : 228 Color: 5.
2026-05-05 09:23:22  ---------------------------
2026-05-05 09:28:00  URUS_BC_INT " Skid: 204 Paint : 368.
2026-05-05 09:28:16  Vol : URUS_PA2_PR0_INT_2025 Skid: 5 Calcul Vol : 512 Color: 1.
2026-05-05 09:28:16  ---------------------------
2026-05-05 09:33:00  URUS_PR_INT " Skid: 38 Paint : 468.
2026-05-05 09:47:27  TEMERARIO_BC_INT " Skid: 221 Paint : 284.
2026-05-05 09:47:27 --- Trajectory INT --- 
2026-05-05 09:47:27  HURACAN_BC0_R12_INT " Skid: 221 Paint : 284.
2026-05-05 09:47:27 ---  --- 
2026-05-05 09:48:37  Vol : URUS_PA2_PR0_INT_2025 Skid: 37 Calcul Vol : 515 Color: 2.
2026-05-05 09:48:37  ---------------------------
2026-05-05 09:52:53  URUS_PR_INT " Skid: 79 Paint : 459.
2026-05-05 09:53:16  Default Volume : TEM_BC0_R12_INT Skid: 33.
2026-05-05 09:53:17  Vol : TEM_BC0_R12_INT Skid: 33 Calcul Vol : 640 Color: 23.
2026-05-05 09:53:17  ---------------------------
2026-05-05 09:57:46  Vol : URUS_PA2_BC0_R12_INT_2026 Skid: 60 Calcul Vol : 497 Color: 8.
2026-05-05 09:57:47  ---------------------------
2026-05-05 10:02:00  URUS_PR_INT " Skid: 5 Paint : 459.
2026-05-05 10:09:23  Vol : URUS_PA2_BC0_R12_INT_2026 Skid: 208 Calcul Vol : 559 Color: 7.
2026-05-05 10:09:23  ---------------------------
2026-05-05 10:11:12  URUS_PR_INT " Skid: 33 Paint : 462.
2026-05-05 10:13:45  Default Volume : TEM_PRIM_R12_INT Skid: 36.
2026-05-05 10:13:46  Vol : TEM_PRIM_R12_INT Skid: 36 Calcul Vol : 640 Color: 2.
2026-05-05 10:13:46  ---------------------------
2026-05-05 10:15:16  TEMERARIO_BC_INT " Skid: 60 Paint : 286.
2026-05-05 10:15:16 --- Trajectory INT --- 
2026-05-05 10:15:16  HURACAN_AP_BC0_INT " Skid: 60 Paint : 286.
2026-05-05 10:15:16 ---  --- 
2026-05-05 10:17:50  Vol : URUS_PA2_BC0_R12_INT_2026 Skid: 131 Calcul Vol : 538 Color: 23.
2026-05-05 10:17:50  ---------------------------
2026-05-05 10:20:11  URUS_BC_INT " Skid: 60 Paint : 443.
2026-05-05 10:29:26  URUS_BC_INT " Skid: 36 Paint : 506.
2026-05-05 10:33:07  TEMERARIO_PR_INT " Skid: 131 Paint : 265.
2026-05-05 10:38:14  URUS_BC_INT " Skid: 131 Paint : 486.
2026-05-05 10:39:44  Vol : URUS_PA2_BC0_R12_INT_2026 Skid: 84 Calcul Vol : 474 Color: 53.
2026-05-05 10:39:44  ---------------------------
2026-05-05 10:52:19  Default Volume : TEM_PR_R12_RACING_INT Skid: 96.
2026-05-05 10:52:21  Vol : TEM_PR_R12_RACING_INT Skid: 96 Calcul Vol : 640 Color: 2.
2026-05-05 10:52:21  ---------------------------
2026-05-05 10:57:02  Default Volume : TEM_BC0_R12_INT Skid: 126.
2026-05-05 10:57:04  Vol : TEM_BC0_R12_INT Skid: 126 Calcul Vol : 640 Color: 27.
2026-05-05 10:57:04  ---------------------------
2026-05-05 11:05:00  URUS_BC_INT " Skid: 84 Paint : 419.
2026-05-05 11:09:42  Default Volume : TEM_PRIM_R12_INT Skid: 139.
2026-05-05 11:09:44  Vol : TEM_PRIM_R12_INT Skid: 139 Calcul Vol : 640 Color: 3.
2026-05-05 11:09:44  ---------------------------
2026-05-05 11:21:23  Vol : URUS_PA2_BC0_R12_INT_2026 Skid: 222 Calcul Vol : 541 Color: 89.
2026-05-05 11:21:23  ---------------------------
2026-05-05 11:27:17 --- Trajectory INT --- 
2026-05-05 11:27:17  HURACAN_PRIM_INT " Skid: 96 Paint : 580.
2026-05-05 11:27:17 --- --- --- --- 
2026-05-05 11:32:02  Default Volume : TEM_BC0_R12_INT Skid: 63.
2026-05-05 11:32:03  Vol : TEM_BC0_R12_INT Skid: 63 Calcul Vol : 640 Color: 1.
2026-05-05 11:32:03  ---------------------------
2026-05-05 11:33:23  TEMERARIO_BC_INT " Skid: 126 Paint : 318.
2026-05-05 11:33:23 --- Trajectory INT --- 
2026-05-05 11:33:23  HURACAN_AP_BC0_INT " Skid: 126 Paint : 318.
2026-05-05 11:33:23 ---  --- 
2026-05-05 11:42:04  TEMERARIO_PR_INT " Skid: 222 Paint : 265.
2026-05-05 11:44:48  Vol : URUS_PA2_BC0_R12_INT_2026 Skid: 245 Calcul Vol : 566 Color: 102.
2026-05-05 11:44:48  ---------------------------
2026-05-05 11:47:34  URUS_BC_INT " Skid: 63 Paint : 488.
2026-05-05 11:48:30  Default Volume : TEM_PRIM_R12_INT Skid: 50.
2026-05-05 11:48:31  Vol : TEM_PRIM_R12_INT Skid: 50 Calcul Vol : 640 Color: 3.
2026-05-05 11:48:31  ---------------------------
2026-05-05 11:52:02  Vol : URUS_PA2_BC0_R12_INT_2026 Skid: 103 Calcul Vol : 432 Color: 20.
2026-05-05 11:52:02  ---------------------------
2026-05-05 11:52:59  TEMERARIO_BC_INT " Skid: 63 Paint : 147.
2026-05-05 11:52:59 --- Trajectory INT REP --- 
2026-05-05 11:52:59  HURACAN_BC0_R12_INT AP REP " Skid: 63 Paint : 147.
2026-05-05 11:52:59 --- --- 
2026-05-05 12:02:48  URUS_BC_INT " Skid: 50 Paint : 511.
2026-05-05 12:06:29  TEMERARIO_PR_INT " Skid: 103 Paint : 265.
2026-05-05 12:09:37  Default Volume : TEM_BC0_R12_INT Skid: 66.
2026-05-05 12:09:39  Vol : TEM_BC0_R12_INT Skid: 66 Calcul Vol : 640 Color: 98.
2026-05-05 12:09:39  ---------------------------
2026-05-05 12:11:37  URUS_BC_INT " Skid: 103 Paint : 379.
2026-05-05 12:13:09  Vol : URUS_PA2_PR0_INT_2025 Skid: 51 Calcul Vol : 512 Color: 1.
2026-05-05 12:13:09  ---------------------------
2026-05-05 12:25:55  TEMERARIO_BC_INT " Skid: 51 Paint : 290.
2026-05-05 12:25:55 --- Trajectory INT --- 
2026-05-05 12:25:55  HURACAN_AP_BC0_INT " Skid: 51 Paint : 290.
2026-05-05 12:25:55 ---  --- 
2026-05-05 12:28:10  Vol : URUS_PA2_PR0_INT_2025 Skid: 237 Calcul Vol : 521 Color: 3.
2026-05-05 12:28:10  ---------------------------
2026-05-05 12:31:38  URUS_PR_INT " Skid: 51 Paint : 458.
2026-05-05 12:31:46  Vol : URUS_PA2_BC0_R12_INT_2026 Skid: 130 Calcul Vol : 466 Color: 66.
2026-05-05 12:31:46  ---------------------------
2026-05-05 12:40:55  Vol : URUS_PA2_BC0_R12_INT_2026 Skid: 153 Calcul Vol : 558 Color: 85.
2026-05-05 12:40:55  ---------------------------
2026-05-05 12:52:08  Vol : URUS_PA2_PR0_INT_2025 Skid: 20 Calcul Vol : 515 Color: 4.
2026-05-05 12:52:08  ---------------------------
2026-05-05 12:53:52  URUS_PR_INT " Skid: 130 Paint : 468.
2026-05-05 12:58:47  URUS_BC_INT " Skid: 130 Paint : 412.
2026-05-05 13:03:28  Default Volume : TEM_BC0_R12_INT Skid: 210.
2026-05-05 13:03:30  Vol : TEM_BC0_R12_INT Skid: 210 Calcul Vol : 640 Color: 7.
2026-05-05 13:03:30  ---------------------------
2026-05-05 13:07:49  URUS_BC_INT " Skid: 20 Paint : 504.
2026-05-05 13:07:54  Vol : URUS_PA2_BC0_R12_INT_2026 Skid: 206 Calcul Vol : 432 Color: 20.
2026-05-05 13:07:54  ---------------------------
2026-05-05 13:11:35  Default Volume : TEM_BC0_R12_INT Skid: 105.
2026-05-05 13:11:37  Vol : TEM_BC0_R12_INT Skid: 105 Calcul Vol : 640 Color: 20.
2026-05-05 13:11:37  ---------------------------
2026-05-05 13:12:47  URUS_PR_INT " Skid: 20 Paint : 463.
2026-05-05 13:15:16  Vol : URUS_PA2_PR0_INT_2025 Skid: 61 Calcul Vol : 512 Color: 1.
2026-05-05 13:15:16  ---------------------------
2026-05-05 13:17:56  TEMERARIO_BC_INT " Skid: 206 Paint : 313.
2026-05-05 13:17:56 --- Trajectory INT --- 
2026-05-05 13:17:56  HURACAN_CFK_BC0_INT " Skid: 206 Paint : 313.
2026-05-05 13:17:56 ---  --- 
2026-05-05 13:22:16  Vol : URUS_PA2_BC0_R12_INT_2026 Skid: 150 Calcul Vol : 510 Color: 96.
2026-05-05 13:22:16  ---------------------------
2026-05-05 13:23:28  URUS_BC_INT " Skid: 105 Paint : 379.
2026-05-05 13:27:29  TEMERARIO_BC_INT " Skid: 61 Paint : 261.
2026-05-05 13:27:29 --- Trajectory INT --- 
2026-05-05 13:27:29  HURACAN_AP_BC0_INT " Skid: 61 Paint : 261.
2026-05-05 13:27:29 ---  --- 
2026-05-05 13:32:22  URUS_PR_INT " Skid: 61 Paint : 460.
2026-05-05 13:41:04  File Access Error
2026-05-05 13:41:04  File Access Error
2026-05-05 13:41:04  File Access Error
2026-05-05 13:41:05  Vol : HURACAN_BC0_R12_BLACK_ROOF Skid: 38 Calcul Vol : 650 Color: 5.
2026-05-05 13:41:05  ---------------------------
2026-05-05 13:46:37  URUS_BC_INT " Skid: 150 Paint : 457.
2026-05-05 14:10:22  Default Volume : TEM_BC0_R12_INT Skid: 139.
2026-05-05 14:10:24  Vol : TEM_BC0_R12_INT Skid: 139 Calcul Vol : 640 Color: 7.
2026-05-05 14:10:24  ---------------------------
2026-05-05 14:17:53  TEMERARIO_BC_INT " Skid: 369 Paint : 0.
2026-05-05 14:17:53 --- Trajectory INT --- 
2026-05-05 14:17:53  HURACAN_CFK_BC0_INT " Skid: 369 Paint : 0.
2026-05-05 14:17:53 ---  --- 
2026-05-05 14:18:28  Vol : URUS_PA2_BC0_R12_INT_2026 Skid: 59 Calcul Vol : 504 Color: 5.
2026-05-05 14:18:28  ---------------------------
2026-05-05 14:22:36  Default Volume : TEM_PRIM_R12_INT Skid: 29.
2026-05-05 14:22:38  Vol : TEM_PRIM_R12_INT Skid: 29 Calcul Vol : 640 Color: 3.
2026-05-05 14:22:38  ---------------------------
2026-05-05 14:28:34  TEMERARIO_BC_INT " Skid: 139 Paint : 298.
2026-05-05 14:28:34 --- Trajectory INT --- 
2026-05-05 14:28:34  HURACAN_BC0_R12_INT " Skid: 139 Paint : 298.
2026-05-05 14:28:34 ---  --- 
2026-05-05 15:44:05  Default Volume : TEM_BC0_R12_INT Skid: 138.
2026-05-05 15:44:07  Prog : TEM_BC0_R12_INT Skid: 138 Calcul Vol : 640 Color: 98.
2026-05-05 15:44:07  ---------------------------
2026-05-05 15:46:03  URUS_BC_INT " Skid: 29 Paint : 452.
2026-05-05 15:49:45  TEMERARIO_PR_INT " Skid: 29 Paint : 265.
2026-05-05 15:56:36  Default Volume : TEM_BC0_R12_INT Skid: 220.
2026-05-05 15:56:38  Prog : TEM_BC0_R12_INT Skid: 220 Calcul Vol : 640 Color: 102.
2026-05-05 15:56:38  ---------------------------
2026-05-05 16:03:26  Prog : URUS_PA2_PR0_INT_2025 Skid: 134 Calcul Vol : 520 Color: 3.
2026-05-05 16:03:26  ---------------------------
2026-05-05 16:12:39  TEMERARIO_BC_INT " Skid: 138 Paint : 290.
2026-05-05 16:12:39 --- Trajectory INT --- 
2026-05-05 16:12:39  HURACAN_AP_BC0_INT " Skid: 138 Paint : 290.
2026-05-05 16:12:39 ---  --- 
2026-05-05 16:14:35  Prog : URUS_PA2_BC0_R12_INT_2026 Skid: 68 Calcul Vol : 497 Color: 77.
2026-05-05 16:14:35  ---------------------------
2026-05-05 16:16:16  TEMERARIO_BC_INT " Skid: 134 Paint : -1.
2026-05-05 16:16:16 --- Trajectory INT REP --- 
2026-05-05 16:16:16  HURACAN_BC0_R12_INT AP REP " Skid: 134 Paint : -1.
2026-05-05 16:16:16 --- --- 
2026-05-05 16:18:08  Prog : URUS_PA2_BC0_HGL Skid: 20 Calcul Vol : 228 Color: 5.
2026-05-05 16:18:08  ---------------------------
2026-05-05 16:23:30  URUS_PR_INT " Skid: 134 Paint : 468.
2026-05-05 16:27:50  Prog : URUS_PA2_BC0_R12_INT_2026 Skid: 221 Calcul Vol : 565 Color: 97.
2026-05-05 16:27:50  ---------------------------
2026-05-05 16:31:21  Prog : TEM_PRIM_R12_INT Skid: 202 Calcul Vol : 317 Color: 3.
2026-05-05 16:31:21  ---------------------------
2026-05-05 16:35:15  URUS_BC_INT " Skid: 20 Paint : 443.
2026-05-05 16:35:54  Prog : URUS_PA2_BC0_R12_INT_2026 Skid: 119 Calcul Vol : 505 Color: 5.
2026-05-05 16:35:54  ---------------------------
2026-05-05 16:47:36  Prog : URUS_PA2_PR0_INT_2025 Skid: 149 Calcul Vol : 513 Color: 1.
2026-05-05 16:47:36  ---------------------------
2026-05-05 16:51:27  URUS_BC_INT " Skid: 202 Paint : 511.
2026-05-05 16:55:07  TEMERARIO_PR_INT " Skid: 119 Paint : 265.
2026-05-05 17:00:16  URUS_BC_INT " Skid: 119 Paint : 452.
2026-05-05 17:04:00  Default Volume : TEM_BC0_R12_INT Skid: 74.
2026-05-05 17:04:01  Prog : TEM_BC0_R12_INT Skid: 74 Calcul Vol : 640 Color: 34.
2026-05-05 17:04:01  ---------------------------
2026-05-05 17:14:24  URUS_PR_INT " Skid: 149 Paint : 459.
2026-05-05 17:16:19  Prog : TEM_PRIM_R12_INT Skid: 163 Calcul Vol : 317 Color: 2.
2026-05-05 17:16:19  ---------------------------
2026-05-05 17:27:34  TEMERARIO_BC_INT " Skid: 163 Paint : 275.
2026-05-05 17:27:34 --- Trajectory INT --- 
2026-05-05 17:27:34  HURACAN_AP_BC0_INT " Skid: 163 Paint : 275.
2026-05-05 17:27:34 ---  --- 
2026-05-05 17:31:20  TEMERARIO_PR_INT " Skid: 163 Paint : 264.
2026-05-05 17:31:47  Prog : URUS_PA2_BC0_R12_INT_2026 Skid: 51 Calcul Vol : 504 Color: 5.
2026-05-05 17:31:47  ---------------------------
2026-05-05 17:36:11  Prog : URUS_PA2_BC0_R12_INT_2026 Skid: 61 Calcul Vol : 411 Color: 38.
2026-05-05 17:36:11  ---------------------------
2026-05-05 17:40:41  Prog : URUS_PA2_BC0_R12_INT_2026 Skid: 79 Calcul Vol : 382 Color: 37.
2026-05-05 17:40:41  ---------------------------
2026-05-05 17:45:32  File Access Error
2026-05-05 17:45:32  Prog : URUS_PA2_BC0_R12_INT_2026 Skid: 203 Calcul Vol : 19078 Color: 136.
2026-05-05 17:45:32  ---------------------------
2026-05-05 17:47:29  URUS_BC_INT " Skid: 61 Paint : 452.
2026-05-05 17:50:24  Prog : URUS_PA2_PR0_INT_2025 Skid: 166 Calcul Vol : 512 Color: 1.
2026-05-05 17:50:24  ---------------------------
2026-05-05 17:52:25  URUS_BC_INT " Skid: 79 Paint : 357.
2026-05-05 17:57:55  URUS_BC_INT " Skid: 203 Paint : 328.
2026-05-05 18:00:36  Prog : URUS_PA2_BC0_R12_INT_2026 Skid: 237 Calcul Vol : 421 Color: 76.
2026-05-05 18:00:36  ---------------------------
2026-05-05 18:02:36  URUS_BC_INT " Skid: 166 Paint : 403.
2026-05-05 18:05:30  Prog : URUS_PA2_BC0_R12_INT_2026 Skid: 37 Calcul Vol : 531 Color: 31.
2026-05-05 18:05:30  ---------------------------
2026-05-05 18:07:35  URUS_PR_INT " Skid: 166 Paint : 460.
2026-05-05 18:14:30  Prog : URUS_PA2_PR0_INT_2025 Skid: 230 Calcul Vol : 513 Color: 1.
2026-05-05 18:14:31  ---------------------------
2026-05-05 18:22:20  URUS_BC_INT " Skid: 37 Paint : 368.
2026-05-05 18:22:37  Prog : URUS_PA2_BC0_R12_INT_2026 Skid: 5 Calcul Vol : 497 Color: 8.
2026-05-05 18:22:37  ---------------------------
2026-05-05 18:27:14  URUS_BC_INT " Skid: 37 Paint : 479.
2026-05-05 18:30:55  Prog : URUS_PA2_BC0_R12_INT_2026 Skid: 134 Calcul Vol : 500 Color: 52.
2026-05-05 18:30:55  ---------------------------
2026-05-05 18:36:06  URUS_PR_INT " Skid: 230 Paint : 459.
2026-05-05 18:45:06  URUS_BC_INT " Skid: 134 Paint : 442.
2026-05-05 18:45:58  Prog : TEM_PRIM_R12_INT Skid: 155 Calcul Vol : 317 Color: 2.
2026-05-05 18:45:58  ---------------------------
2026-05-05 18:50:00  URUS_BC_INT " Skid: 134 Paint : 447.
2026-05-05 18:57:46  TEMERARIO_PR_INT " Skid: 155 Paint : 265.
2026-05-05 19:02:01  Default Volume : TEM_BC0_R12_INT Skid: 66.
2026-05-05 19:02:02  Prog : TEM_BC0_R12_INT Skid: 66 Calcul Vol : 640 Color: 85.
2026-05-05 19:02:02  ---------------------------
2026-05-05 19:05:39  Prog : URUS_PA2_BC0_HGL Skid: 204 Calcul Vol : 228 Color: 5.
2026-05-05 19:05:39  ---------------------------
2026-05-05 19:17:28  TEMERARIO_BC_INT " Skid: 204 Paint : 309.
2026-05-05 19:17:28 --- Trajectory INT --- 
2026-05-05 19:17:28  HURACAN_AP_BC0_INT " Skid: 204 Paint : 309.
2026-05-05 19:17:28 ---  --- 
2026-05-05 19:19:15  Prog : URUS_PA2_BC0_R12_INT_2026 Skid: 149 Calcul Vol : 504 Color: 5.
2026-05-05 19:19:15  ---------------------------
2026-05-05 19:23:03  Prog : TEM_PRIM_R12_INT Skid: 48 Calcul Vol : 317 Color: 3.
2026-05-05 19:23:03  ---------------------------
2026-05-05 19:32:41  Default Volume : TEM_BC0_R12_INT Skid: 29.
2026-05-05 19:32:43  Prog : TEM_BC0_R12_INT Skid: 29 Calcul Vol : 640 Color: 52.
2026-05-05 19:32:43  ---------------------------
2026-05-05 19:35:35  URUS_BC_INT " Skid: 48 Paint : 452.
2026-05-05 19:36:28  Prog : URUS_PA2_PR0_INT_2025 Skid: 168 Calcul Vol : 520 Color: 3.
2026-05-05 19:36:28  ---------------------------
2026-05-05 19:39:16  TEMERARIO_PR_INT " Skid: 48 Paint : 264.
2026-05-05 19:41:34  Default Volume : TEM_BC0_R12_INT Skid: 202.
2026-05-05 19:41:35  Prog : TEM_BC0_R12_INT Skid: 202 Calcul Vol : 640 Color: 7.
2026-05-05 19:41:35  ---------------------------
2026-05-05 19:46:56  Prog : URUS_PA2_BC0_R12_INT_2026 Skid: 166 Calcul Vol : 465 Color: 66.
2026-05-05 19:46:56  ---------------------------
2026-05-05 19:49:10  TEMERARIO_BC_INT " Skid: 168 Paint : 245.
2026-05-05 19:49:10 --- Trajectory INT --- 
2026-05-05 19:49:10  HURACAN_AP_BC0_INT " Skid: 168 Paint : 245.
2026-05-05 19:49:10 ---  --- 
2026-05-05 19:51:06  Prog : URUS_PA2_BC0_R12_INT_2026 Skid: 20 Calcul Vol : 506 Color: 16.
2026-05-05 19:51:06  ---------------------------
2026-05-05 19:55:04  URUS_PR_INT " Skid: 202 Paint : 467.
2026-05-05 19:56:06  Prog : TEM_PRIM_R12_INT Skid: 244 Calcul Vol : 317 Color: 2.
2026-05-05 19:56:06  ---------------------------
2026-05-05 19:58:56  TEMERARIO_BC_INT " Skid: 202 Paint : 297.
2026-05-05 19:58:56 --- Trajectory INT --- 
2026-05-05 19:58:56  HURACAN_BC0_R12_INT " Skid: 202 Paint : 297.
2026-05-05 19:58:56 ---  --- 
2026-05-05 20:00:54  File Access Error
2026-05-05 20:00:54  File Access Error
2026-05-05 20:00:54  File Access Error
2026-05-05 20:00:54  Prog : HURACAN_BC0_R12_BLACK_ROOF Skid: 50 Calcul Vol : 650 Color: 5.
2026-05-05 20:00:54  ---------------------------
2026-05-05 20:05:33  URUS_BC_INT " Skid: 20 Paint : 412.
2026-05-05 20:10:27  URUS_BC_INT " Skid: 244 Paint : 453.
2026-05-05 20:14:07  TEMERARIO_PR_INT " Skid: 50 Paint : 264.
2026-05-05 20:16:55  Prog : URUS_PA2_PR0_INT_2025 Skid: 52 Calcul Vol : 516 Color: 2.
2026-05-05 20:16:55  ---------------------------
2026-05-05 20:30:11  URUS_PR_INT " Skid: 52 Paint : 463.
2026-05-05 20:34:51  Default Volume : TEM_BC0_R12_INT Skid: 74.
2026-05-05 20:34:53  Prog : TEM_BC0_R12_INT Skid: 74 Calcul Vol : 640 Color: 35.
2026-05-05 20:34:53  ---------------------------
2026-05-05 20:42:58  Default Volume : TEM_BC0_R12_INT Skid: 138.
2026-05-05 20:43:00  Prog : TEM_BC0_R12_INT Skid: 138 Calcul Vol : 640 Color: 85.
2026-05-05 20:43:00  ---------------------------
2026-05-05 20:47:39  Prog : TEM_PRIM_R12_INT Skid: 152 Calcul Vol : 317 Color: 3.
2026-05-05 20:47:39  ---------------------------
2026-05-05 20:49:41  TEMERARIO_BC_INT " Skid: 74 Paint : 288.
2026-05-05 20:49:41 --- Trajectory INT --- 
2026-05-05 20:49:41  HURACAN_AP_BC0_INT " Skid: 74 Paint : 288.
2026-05-05 20:49:41 ---  --- 
2026-05-05 20:52:00  Prog : URUS_PA2_BC0_R12_INT_2026 Skid: 230 Calcul Vol : 510 Color: 96.
2026-05-05 20:52:00  ---------------------------
2026-05-05 20:59:35  TEMERARIO_BC_INT " Skid: 152 Paint : 308.
2026-05-05 20:59:35 --- Trajectory INT --- 
2026-05-05 20:59:35  HURACAN_AP_BC0_INT " Skid: 152 Paint : 308.
2026-05-05 20:59:35 ---  --- 
2026-05-05 21:01:30  Prog : URUS_PA2_PR0_INT_2025 Skid: 208 Calcul Vol : 521 Color: 3.
2026-05-05 21:01:30  ---------------------------
2026-05-05 21:13:04  TEMERARIO_PR_INT " Skid: 152 Paint : 264.
2026-05-05 21:20:33  URUS_BC_INT " Skid: 230 Paint : 457.
2026-05-05 21:27:15  URUS_PR_INT " Skid: 208 Paint : 467.
2026-05-06 03:12:41  Prog : URUS_PA2_BC0_R12_INT_2026 Skid: 26 Calcul Vol : 587 Color: 150.
2026-05-06 03:12:41  ---------------------------
2026-05-06 03:20:47  Prog : URUS_PA2_BC0_R12_INT_2026 Skid: 52 Calcul Vol : 512 Color: 73.
2026-05-06 03:20:47  ---------------------------
2026-05-06 03:24:47  Prog : URUS_PA2_PR0_INT_2025 Skid: 36 Calcul Vol : 521 Color: 3.
2026-05-06 03:24:47  ---------------------------
2026-05-06 03:35:01 --- Trajectory EXT --- 
2026-05-06 03:35:01  URUS_PA2_BC0_R12_EXT1 " Skid: 16800 Paint : 113.
2026-05-06 03:36:43  URUS_PA2_BC0_R12_EXT2 " Skid: 16800 Paint : 0.
2026-05-06 03:36:43 ---   --- 
2026-05-06 03:40:26  Prog : URUS_PA2_BC0_R12_INT_2026 Skid: 134 Calcul Vol : 474 Color: 53.
2026-05-06 03:40:26  ---------------------------
2026-05-06 03:43:35  URUS_BC_INT " Skid: 26 Paint : 534.
2026-05-06 06:05:45  Prog : TEM_PRIM_R12_INT Skid: 31 Calcul Vol : 317 Color: 1.
2026-05-06 06:05:45  ---------------------------
2026-05-06 06:11:38  URUS_BC_INT " Skid: 36 Paint : 459.
2026-05-06 06:13:19  Prog : URUS_PA2_BC0_HGL Skid: 208 Calcul Vol : 228 Color: 5.
2026-05-06 06:13:19  ---------------------------
2026-05-06 06:16:36  URUS_PR_INT " Skid: 134 Paint : 468.
2026-05-06 06:17:49  Prog : URUS_PA2_PR0_INT_2025 Skid: 145 Calcul Vol : 513 Color: 1.
2026-05-06 06:17:49  ---------------------------
2026-05-06 06:21:30  URUS_BC_INT " Skid: 31 Paint : 420.
2026-05-06 06:21:54  Default Volume : TEM_BC0_R12_INT Skid: 152.
2026-05-06 06:21:56  Prog : TEM_BC0_R12_INT Skid: 152 Calcul Vol : 640 Color: 12.
2026-05-06 06:21:56  ---------------------------
2026-05-06 06:25:12  TEMERARIO_PR_INT " Skid: 208 Paint : 264.
2026-05-06 06:25:38  Prog : URUS_PA2_PR0_INT_2025 Skid: 223 Calcul Vol : 513 Color: 1.
2026-05-06 06:25:38  ---------------------------
2026-05-06 06:29:16  Default Volume : TEM_BC0_R12_INT Skid: 29.
2026-05-06 06:29:18  Prog : TEM_BC0_R12_INT Skid: 29 Calcul Vol : 640 Color: 53.
2026-05-06 06:29:18  ---------------------------
2026-05-06 06:34:35  URUS_PR_INT " Skid: 152 Paint : 459.
2026-05-06 06:40:15  Prog : URUS_PA2_PR0_INT_2025 Skid: 96 Calcul Vol : 513 Color: 1.
2026-05-06 06:40:15  ---------------------------
2026-05-06 06:44:48  URUS_PR_INT " Skid: 29 Paint : 460.
2026-05-06 06:47:18  Default Volume : TEM_BC0_R12_INT Skid: 152.
2026-05-06 06:47:19  Prog : TEM_BC0_R12_INT Skid: 152 Calcul Vol : 640 Color: 12.
2026-05-06 06:47:19  ---------------------------
2026-05-06 06:49:22  TEMERARIO_BC_INT " Skid: 29 Paint : 265.
2026-05-06 06:49:22 --- Trajectory INT --- 
2026-05-06 06:49:22  HURACAN_AP_BC0_INT " Skid: 29 Paint : 265.
2026-05-06 06:49:22 ---  --- 
2026-05-06 06:50:38  Prog : TEM_PRIM_R12_INT Skid: 85 Calcul Vol : 317 Color: 1.
2026-05-06 06:50:38  ---------------------------
2026-05-06 06:59:25  URUS_PR_INT " Skid: 96 Paint : 459.
2026-05-06 07:01:26  Prog : URUS_PA2_PR0_INT_2025 Skid: 81 Calcul Vol : 520 Color: 3.
2026-05-06 07:01:26  ---------------------------
2026-05-06 07:04:52  Default Volume : TEM_BC0_R12_INT Skid: 163.
2026-05-06 07:04:54  Prog : TEM_BC0_R12_INT Skid: 163 Calcul Vol : 640 Color: 62.
2026-05-06 07:04:54  ---------------------------
2026-05-06 07:15:15  Prog : URUS_PA2_PR0_INT_2025 Skid: 84 Calcul Vol : 515 Color: 2.
2026-05-06 07:15:15  ---------------------------
2026-05-06 07:19:34  TEMERARIO_PR_INT " Skid: 85 Paint : 265.
2026-05-06 07:23:14  Default Volume : TEM_BC0_R12_INT Skid: 152.
2026-05-06 07:23:16  Prog : TEM_BC0_R12_INT Skid: 152 Calcul Vol : 640 Color: 12.
2026-05-06 07:23:16  ---------------------------
2026-05-06 07:26:37  Prog : TEM_PRIM_R12_INT Skid: 232 Calcul Vol : 317 Color: 2.
2026-05-06 07:26:37  ---------------------------
2026-05-06 07:27:36  URUS_PR_INT " Skid: 163 Paint : 468.
2026-05-06 07:30:16  Prog : URUS_PA2_BC0_R12_INT_2026 Skid: 168 Calcul Vol : 464 Color: 28.
2026-05-06 07:30:17  ---------------------------
2026-05-06 07:31:37  TEMERARIO_BC_INT " Skid: 84 Paint : 296.
2026-05-06 07:31:37 --- Trajectory INT --- 
2026-05-06 07:31:37  HURACAN_AP_CFK_BC0_INT " Skid: 84 Paint : 296.
2026-05-06 07:31:37 ---  --- 
2026-05-06 07:34:20  Prog : TEM_PRIM_R12_INT Skid: 167 Calcul Vol : 317 Color: 3.
2026-05-06 07:34:20  ---------------------------
2026-05-06 07:36:54  URUS_PR_INT " Skid: 152 Paint : 463.
2026-05-06 07:41:23  TEMERARIO_BC_INT " Skid: 152 Paint : 254.
2026-05-06 07:41:23 --- Trajectory INT --- 
2026-05-06 07:41:23  HURACAN_BC0_R12_INT " Skid: 152 Paint : 254.
2026-05-06 07:41:23 ---  --- 
2026-05-06 07:42:44  Prog : URUS_PA2_PR0_INT_2025 Skid: 150 Calcul Vol : 521 Color: 3.
2026-05-06 07:42:44  ---------------------------
2026-05-06 07:46:17  TEMERARIO_PR_INT " Skid: 168 Paint : 265.
2026-05-06 07:51:13  URUS_BC_INT " Skid: 167 Paint : 411.
2026-05-06 07:51:29  Prog : URUS_PA2_BC0_R12_INT_2026 Skid: 237 Calcul Vol : 497 Color: 77.
2026-05-06 07:51:29  ---------------------------
2026-05-06 07:54:54  TEMERARIO_PR_INT " Skid: 167 Paint : 264.
2026-05-06 07:55:47  Prog : URUS_PA2_PR0_INT_2025 Skid: 59 Calcul Vol : 521 Color: 3.
2026-05-06 07:55:47  ---------------------------
2026-05-06 08:02:47  URUS_PR_INT " Skid: 150 Paint : 467.
2026-05-06 08:04:39  Prog : TEM_PRIM_R12_INT Skid: 119 Calcul Vol : 317 Color: 1.
2026-05-06 08:04:39  ---------------------------
2026-05-06 08:08:35  Default Volume : TEM_BC0_R12_INT Skid: 48.
2026-05-06 08:08:37  Prog : TEM_BC0_R12_INT Skid: 48 Calcul Vol : 640 Color: 28.
2026-05-06 08:08:37  ---------------------------
2026-05-06 08:11:45  URUS_BC_INT " Skid: 59 Paint : 442.
2026-05-06 08:12:43  Prog : URUS_PA2_PR0_INT_2025 Skid: 51 Calcul Vol : 515 Color: 4.
2026-05-06 08:12:43  ---------------------------
2026-05-06 08:16:44  URUS_PR_INT " Skid: 59 Paint : 468.
2026-05-06 08:24:04  Prog : TEM_PRIM_R12_INT Skid: 5 Calcul Vol : 317 Color: 1.
2026-05-06 08:24:04  ---------------------------
2026-05-06 08:27:16  TEMERARIO_PR_INT " Skid: 48 Paint : 264.
2026-05-06 08:28:16  Default Volume : TEM_BC0_R12_INT Skid: 50.
2026-05-06 08:28:17  Prog : TEM_BC0_R12_INT Skid: 50 Calcul Vol : 640 Color: 6.
2026-05-06 08:28:17  ---------------------------
2026-05-06 08:31:29  TEMERARIO_BC_INT " Skid: 51 Paint : 296.
2026-05-06 08:31:29 --- Trajectory INT --- 
2026-05-06 08:31:29  HURACAN_AP_BC0_INT " Skid: 51 Paint : 296.
2026-05-06 08:31:29 ---  --- 
2026-05-06 08:32:26  Prog : TEM_PRIM_R12_INT Skid: 20 Calcul Vol : 317 Color: 2.
2026-05-06 08:32:27  ---------------------------
2026-05-06 08:36:21  URUS_PR_INT " Skid: 51 Paint : 463.
2026-05-06 08:43:42  Prog : URUS_PA2_PR0_INT_2025 Skid: 221 Calcul Vol : 515 Color: 2.
2026-05-06 08:43:42  ---------------------------
2026-05-06 08:44:26  TEMERARIO_PR_INT " Skid: 50 Paint : 263.
2026-05-06 08:48:03  Prog : URUS_PA2_BC0_R12_INT_2026 Skid: 204 Calcul Vol : 514 Color: 19.
2026-05-06 08:48:03  ---------------------------
2026-05-06 08:48:57  TEMERARIO_BC_INT " Skid: 50 Paint : 304.
2026-05-06 08:48:57 --- Trajectory INT --- 
2026-05-06 08:48:57  HURACAN_AP_BC0_INT " Skid: 50 Paint : 304.
2026-05-06 08:48:57 ---  --- 
2026-05-06 08:57:45  Prog : TEM_PRIM_R12_INT Skid: 206 Calcul Vol : 317 Color: 2.
2026-05-06 08:57:45  ---------------------------
2026-05-06 09:01:30  TEMERARIO_PR_INT " Skid: 20 Paint : 265.
2026-05-06 09:02:18  Prog : URUS_PA2_BC0_R12_INT_2026 Skid: 36 Calcul Vol : 538 Color: 23.
2026-05-06 09:02:18  ---------------------------
2026-05-06 09:06:54  Prog : TEM_PRIM_R12_INT Skid: 131 Calcul Vol : 317 Color: 3.
2026-05-06 09:06:54  ---------------------------
2026-05-06 09:09:26  URUS_PR_INT " Skid: 204 Paint : 463.
2026-05-06 09:20:02  URUS_BC_INT " Skid: 206 Paint : 460.
2026-05-06 09:20:28  Prog : TEM_PRIM_R12_INT Skid: 149 Calcul Vol : 317 Color: 3.
2026-05-06 09:20:28  ---------------------------
2026-05-06 09:23:42  TEMERARIO_PR_INT " Skid: 36 Paint : 264.
2026-05-06 09:29:20  URUS_BC_INT " Skid: 131 Paint : 486.
2026-05-06 09:29:37  Prog : URUS_PA2_PR0_INT_2025 Skid: 193 Calcul Vol : 515 Color: 4.
2026-05-06 09:29:37  ---------------------------
2026-05-06 09:33:01  TEMERARIO_PR_INT " Skid: 131 Paint : 264.
2026-05-06 09:33:52  Prog : URUS_PA2_BC0_R12_INT_2026 Skid: 223 Calcul Vol : 497 Color: 8.
2026-05-06 09:33:52  ---------------------------
2026-05-06 09:38:37  Prog : TEM_PRIM_R12_INT Skid: 230 Calcul Vol : 317 Color: 3.
2026-05-06 09:38:37  ---------------------------
2026-05-06 09:39:34  TEMERARIO_PR_INT " Skid: 149 Paint : 263.
2026-05-06 09:42:53  Prog : URUS_PA2_BC0_R12_INT_2026 Skid: 145 Calcul Vol : 505 Color: 5.
2026-05-06 09:42:53  ---------------------------
2026-05-06 09:48:40  URUS_PR_INT " Skid: 223 Paint : 462.
2026-05-06 09:53:35  URUS_BC_INT " Skid: 230 Paint : 443.
2026-05-06 09:55:32  Prog : URUS_PA2_BC0_R12_INT_2026 Skid: 96 Calcul Vol : 565 Color: 97.
2026-05-06 09:55:32  ---------------------------
2026-05-06 09:57:16  TEMERARIO_PR_INT " Skid: 145 Paint : 265.
2026-05-06 09:59:34  Default Volume : TEM_BC0_R12_INT Skid: 63.
2026-05-06 09:59:36  Prog : TEM_BC0_R12_INT Skid: 63 Calcul Vol : 640 Color: 1.
2026-05-06 09:59:36  ---------------------------
2026-05-06 10:02:22  URUS_BC_INT " Skid: 145 Paint : 452.
2026-05-06 10:03:56  Default Volume : TEM_BC0_R12_INT Skid: 85.
2026-05-06 10:03:58  Prog : TEM_BC0_R12_INT Skid: 85 Calcul Vol : 640 Color: 5.
2026-05-06 10:03:58  ---------------------------
2026-05-06 10:08:13  Prog : URUS_PA2_BC0_R12_INT_2026 Skid: 84 Calcul Vol : 469 Color: 39.
2026-05-06 10:08:13  ---------------------------
2026-05-06 10:11:49  Prog : URUS_PA2_BC0_R12_INT_2026 Skid: 208 Calcul Vol : 502 Color: 12.
2026-05-06 10:11:49  ---------------------------
2026-05-06 10:14:25  URUS_BC_INT " Skid: 63 Paint : 511.
2026-05-06 10:17:00  Prog : URUS_PA2_PR0_INT_2025 Skid: 37 Calcul Vol : 513 Color: 1.
2026-05-06 10:17:00  ---------------------------
2026-05-06 10:19:24  TEMERARIO_BC_INT " Skid: 85 Paint : 84.
2026-05-06 10:19:24 --- Trajectory INT REP --- 
2026-05-06 10:19:24  HURACAN_BC0_R12_INT AP REP " Skid: 85 Paint : 84.
2026-05-06 10:19:24 --- --- 
2026-05-06 10:21:21  Prog : URUS_PA2_BC0_R12_INT_2026 Skid: 150 Calcul Vol : 559 Color: 7.
2026-05-06 10:21:21  ---------------------------
2026-05-06 10:23:34  TEMERARIO_BC_INT " Skid: 84 Paint : 250.
2026-05-06 10:23:34 --- Trajectory INT --- 
2026-05-06 10:23:34  HURACAN_BC0_R12_INT " Skid: 84 Paint : 250.
2026-05-06 10:23:34 ---  --- 
2026-05-06 10:25:27  Default Volume : TEM_BC0_R12_INT Skid: 31.
2026-05-06 10:25:29  Prog : TEM_BC0_R12_INT Skid: 31 Calcul Vol : 640 Color: 27.
2026-05-06 10:25:29  ---------------------------
2026-05-06 10:28:45  URUS_BC_INT " Skid: 208 Paint : 416.
2026-05-06 10:33:40  URUS_BC_INT " Skid: 37 Paint : 449.
2026-05-06 10:34:19  Default Volume : TEM_BC0_R12_INT Skid: 138.
2026-05-06 10:34:21  Prog : TEM_BC0_R12_INT Skid: 138 Calcul Vol : 640 Color: 98.
2026-05-06 10:34:21  ---------------------------
2026-05-06 10:38:44  URUS_PR_INT " Skid: 37 Paint : 460.
2026-05-06 10:41:39  Prog : URUS_PA2_PR0_INT_2025 Skid: 207 Calcul Vol : 513 Color: 1.
2026-05-06 10:41:39  ---------------------------
2026-05-06 10:44:33  URUS_BC_INT " Skid: 31 Paint : 507.
2026-05-06 10:46:57  Prog : URUS_PA2_BC0_R12_INT_2026 Skid: 81 Calcul Vol : 566 Color: 17.
2026-05-06 10:46:57  ---------------------------
2026-05-06 10:49:22  TEMERARIO_BC_INT " Skid: 138 Paint : 318.
2026-05-06 10:49:22 --- Trajectory INT --- 
2026-05-06 10:49:22  HURACAN_AP_BC0_INT " Skid: 138 Paint : 318.
2026-05-06 10:49:22 ---  --- 
2026-05-06 10:54:02  TEMERARIO_BC_INT " Skid: 138 Paint : 290.
2026-05-06 10:54:02 --- Trajectory INT --- 
2026-05-06 10:54:02  HURACAN_AP_BC0_INT " Skid: 138 Paint : 290.
2026-05-06 10:54:02 ---  --- 
2026-05-06 11:00:45  Prog : URUS_PA2_PR0_INT_2025 Skid: 244 Calcul Vol : 513 Color: 1.
2026-05-06 11:00:45  ---------------------------
2026-05-06 11:00:48  URUS_PR_INT " Skid: 81 Paint : 459.
2026-05-06 11:04:54  File Access Error
2026-05-06 11:04:55  Prog : URUS_PA2SPORT_R12_INT Skid: 78 Calcul Vol : 27007 Color: 136.
2026-05-06 11:04:55  ---------------------------
2026-05-06 11:05:01  Prog : URUS_PA2SPORT_R12_EXT Skid: 78 Calcul Vol : 478 Color: 136.
2026-05-06 11:05:01  ---------------------------
2026-05-06 11:05:07  Prog : URUS_PA2SPORT_R12_EXTII Skid: 78 Calcul Vol : 427 Color: 136.
2026-05-06 11:05:07  ---------------------------
2026-05-06 11:05:57  URUS_BC_INT " Skid: 81 Paint : 513.
2026-05-06 11:17:10  Prog : URUS_PA2_BC0_R12_INT_2026 Skid: 59 Calcul Vol : 421 Color: 76.
2026-05-06 11:17:10  ---------------------------
2026-05-06 11:27:01  URUS_PR_INT " Skid: 78 Paint : 458.
2026-05-06 11:27:17  Prog : TEM_PRIM_R12_INT Skid: 220 Calcul Vol : 317 Color: 1.
2026-05-06 11:27:17  ---------------------------
2026-05-06 11:35:31 --- Trajectory --- 
2026-05-06 11:35:31 Prog : URUS_PA2SPORT_R12_EXT & OPT_1 24577 Skid: 78 Paint : 424.
2026-05-06 11:37:37 Prog : URUS_PA2SPORT_R12_EXTII & OPT_1 24577 Skid: 78 Paint : 371 . 
2026-05-06 11:37:56  Prog : URUS_PA2_BC0_R12_INT_2026 Skid: 221 Calcul Vol : 565 Color: 62.
2026-05-06 11:37:56  ---------------------------
2026-05-06 11:42:26  Default Volume : TEM_BC0_R12_INT Skid: 119.
2026-05-06 11:42:27  Prog : TEM_BC0_R12_INT Skid: 119 Calcul Vol : 640 Color: 11.
2026-05-06 11:42:27  ---------------------------
2026-05-06 11:43:45  URUS_BC_INT " Skid: 59 Paint : 368.
2026-05-06 11:51:22  TEMERARIO_PR_INT " Skid: 221 Paint : 265.
2026-05-06 11:51:25  Prog : URUS_PA2_PR0_INT_2025 Skid: 61 Calcul Vol : 520 Color: 3.
2026-05-06 11:51:25  ---------------------------
2026-05-06 11:56:17  URUS_BC_INT " Skid: 119 Paint : 513.
2026-05-06 12:00:02  File Access Error
2026-05-06 12:00:02  Prog : URUS_PA2_BC0_R12_INT_2026 Skid: 203 Calcul Vol : 14145 Color: 137.
2026-05-06 12:00:02  ---------------------------
2026-05-06 12:01:18  TEMERARIO_BC_INT " Skid: 119 Paint : 219.
2026-05-06 12:01:18 --- Trajectory INT --- 
2026-05-06 12:01:18  HURACAN_BC0_R12_INT " Skid: 119 Paint : 219.
2026-05-06 12:01:18 ---  --- 
2026-05-06 12:04:11  Prog : URUS_PA2_PR0_INT_2025 Skid: 148 Calcul Vol : 513 Color: 1.
2026-05-06 12:04:11  ---------------------------
2026-05-06 12:09:54  URUS_PR_INT " Skid: 61 Paint : 468.
2026-05-06 12:11:12  Prog : URUS_PA2_BC0_HGL Skid: 51 Calcul Vol : 228 Color: 5.
2026-05-06 12:11:12  ---------------------------
2026-05-06 12:23:50  URUS_BC_INT " Skid: 148 Paint : 321.
2026-05-06 12:25:30  Prog : TEM_PRIM_R12_INT Skid: 155 Calcul Vol : 317 Color: 1.
2026-05-06 12:25:30  ---------------------------
2026-05-06 12:29:02  Default Volume : TEM_BC0_R12_INT Skid: 167.
2026-05-06 12:29:04  Prog : TEM_BC0_R12_INT Skid: 167 Calcul Vol : 640 Color: 34.
2026-05-06 12:29:04  ---------------------------
2026-05-06 12:29:42  URUS_PR_INT " Skid: 51 Paint : 460.
2026-05-06 12:32:40  Prog : URUS_PA2_BC0_HGL Skid: 193 Calcul Vol : 228 Color: 5.
2026-05-06 12:32:40  ---------------------------
2026-05-06 12:37:52  Prog : URUS_PA2_BC0_R12_INT_2026 Skid: 168 Calcul Vol : 515 Color: 29.
2026-05-06 12:37:52  ---------------------------
2026-05-06 12:40:12  TEMERARIO_PR_INT " Skid: 155 Paint : 265.
2026-05-06 12:46:15  Default Volume : TEM_BC0_R12_INT Skid: 48.
2026-05-06 12:46:17  Prog : TEM_BC0_R12_INT Skid: 48 Calcul Vol : 640 Color: 29.
2026-05-06 12:46:17  ---------------------------
2026-05-06 12:49:47  TEMERARIO_BC_INT " Skid: 167 Paint : 276.
2026-05-06 12:49:47 --- Trajectory INT --- 
2026-05-06 12:49:47  HURACAN_AP_BC0_INT " Skid: 167 Paint : 276.
2026-05-06 12:49:47 ---  --- 
2026-05-06 12:51:38  Prog : URUS_PA2_PR0_INT_2025 Skid: 49 Calcul Vol : 512 Color: 1.
2026-05-06 12:51:38  ---------------------------
2026-05-06 13:03:01  URUS_BC_INT " Skid: 168 Paint : 462.
2026-05-06 13:03:17  Prog : URUS_PA2_BC0_R12_INT_2026 Skid: 204 Calcul Vol : 432 Color: 20.
2026-05-06 13:03:17  ---------------------------
2026-05-06 13:11:59  TEMERARIO_BC_INT " Skid: 49 Paint : 241.
2026-05-06 13:11:59 --- Trajectory INT --- 
2026-05-06 13:11:59  HURACAN_AP_BC0_INT " Skid: 49 Paint : 241.
2026-05-06 13:11:59 ---  --- 
2026-05-06 13:14:12  Prog : URUS_PA2_PR0_INT_2025 Skid: 80 Calcul Vol : 513 Color: 1.
2026-05-06 13:14:12  ---------------------------
2026-05-06 13:18:10  URUS_PR_INT " Skid: 49 Paint : 459.
2026-05-06 13:18:45  Prog : URUS_PA2_BC0_R12_INT_2026 Skid: 37 Calcul Vol : 474 Color: 11.
2026-05-06 13:18:45  ---------------------------
2026-05-06 13:27:28  URUS_BC_INT " Skid: 204 Paint : 378.
2026-05-06 13:36:40  URUS_PR_INT " Skid: 80 Paint : 458.
2026-05-06 13:40:15  Prog : URUS_PA2_BC0_HGL Skid: 207 Calcul Vol : 220 Color: 5.
2026-05-06 13:40:15  ---------------------------
2026-05-06 13:46:45  URUS_BC_INT " Skid: 37 Paint : 421.
2026-05-06 13:51:18  Prog : URUS_PA2_BC0_R12_INT_2026 Skid: 244 Calcul Vol : 497 Color: 8.
2026-05-06 13:51:18  ---------------------------
2026-05-06 13:55:42  Default Volume : TEM_BC0_R12_INT Skid: 5.
2026-05-06 13:55:43  Prog : TEM_BC0_R12_INT Skid: 5 Calcul Vol : 640 Color: 5.
2026-05-06 13:55:43  ---------------------------
2026-05-06 14:09:07  Default Volume : Skid_Frame_Primer Skid: 259.
2026-05-06 14:09:08  Prog : Skid_Frame_Primer Skid: 259 Calcul Vol : 640 Color: 1.
2026-05-06 14:09:08  ---------------------------
2026-05-06 14:09:13  Default Volume : DEFAULT Skid: 259.
2026-05-06 14:09:15  Prog : DEFAULT Skid: 259 Calcul Vol : 640 Color: 1.
2026-05-06 14:09:15  ---------------------------
2026-05-06 14:13:53  URUS_BC_INT " Skid: 5 Paint : 443.
2026-05-06 14:14:12  Prog : URUS_PA2_BC0_R12_INT_2026 Skid: 148 Calcul Vol : 475 Color: 13.
2026-05-06 14:14:12  ---------------------------
2026-05-06 14:17:54  TEMERARIO_BC_INT " Skid: 5 Paint : 270.
2026-05-06 14:22:36  Prog : URUS_PA2_BC0_R12_INT_2026 Skid: 61 Calcul Vol : 421 Color: 76.
2026-05-06 14:22:36  ---------------------------
2026-05-06 14:32:42  Default Volume : TEM_BC0_R12_INT Skid: 131.
2026-05-06 14:32:43  Prog : TEM_BC0_R12_INT Skid: 131 Calcul Vol : 640 Color: 19.
2026-05-06 14:32:43  ---------------------------
2026-05-06 14:33:51  URUS_BC_INT " Skid: 148 Paint : 422.
2026-05-06 14:36:17  Prog : URUS_PA2_BC0_R12_INT_2026 Skid: 81 Calcul Vol : 509 Color: 18.
2026-05-06 14:36:17  ---------------------------
2026-05-06 14:42:39  URUS_BC_INT " Skid: 61 Paint : 366.
2026-05-06 14:46:31  Default Volume : HURACAN_SP_PRIM_R12_INT Skid: 79.
2026-05-06 14:46:33  Prog : HURACAN_SP_PRIM_R12_INT Skid: 79 Calcul Vol : 640 Color: 1.
2026-05-06 14:46:33  ---------------------------
2026-05-06 14:50:33  TEMERARIO_BC_INT " Skid: 131 Paint : 314.
2026-05-06 14:55:51  Prog : URUS_PA2_PR0_INT_2025 Skid: 33 Calcul Vol : 513 Color: 1.
2026-05-06 14:55:51  ---------------------------
2026-05-06 14:56:54  URUS_BC_INT " Skid: 79 Paint : 456.
2026-05-06 14:59:48  Prog : URUS_PA2_BC0_R12_INT_2026 Skid: 49 Calcul Vol : 455 Color: 27.
2026-05-06 14:59:48  ---------------------------
2026-05-06 15:12:15  Default Volume : TEM_BC0_R12_INT Skid: 149.
2026-05-06 15:12:16  Prog : TEM_BC0_R12_INT Skid: 149 Calcul Vol : 640 Color: 52.
2026-05-06 15:12:16  ---------------------------
2026-05-06 15:15:12  URUS_PR_INT " Skid: 33 Paint : 460.
2026-05-06 15:21:03  URUS_BC_INT " Skid: 49 Paint : 403.
2026-05-06 15:26:40  Default Volume : URUS_PA2_R12_INT Skid: 147.
2026-05-06 15:26:42  Prog : URUS_PA2_R12_INT Skid: 147 Calcul Vol : 640 Color: 146.
