2026-04-16 15:14:01 ------------------ 
2026-04-16 15:18:50 --- Trajectory --- 
2026-04-16 15:18:50 Prog : URUS_PA2_BC2_R31_EXT_2026 Skid: 80 Paint : 0.
2026-04-16 15:18:50 ------------------ 
2026-04-16 15:24:16 --- Trajectory --- 
2026-04-16 15:24:16 Prog : URUS_PA2_BC2_R31_EXT_2026 Skid: 80 Paint : 0.
2026-04-16 15:24:16 ------------------ 
2026-04-16 15:27:29 --- Trajectory --- 
2026-04-16 15:27:29 Prog : URUS_PA2_BC2_R31_EXT_2026 Skid: 80 Paint : 0.
2026-04-16 15:27:29 ------------------ 
2026-04-16 15:34:19 --- Trajectory --- 
2026-04-16 15:34:19 Prog : URUS_PA2_BC2_R31_EXT_2026 Skid: 80 Paint : 0.
2026-04-16 15:34:19 ------------------ 
2026-04-16 15:54:01 --- Trajectory --- 
2026-04-16 15:54:01 Prog : URUS_PA2_R31_Plastic Skid: 7 Paint : 402.
2026-04-16 15:54:01 ------------------ 
2026-04-16 16:40:10  Vol : HURACAN_BC2_R31_INT Skid: 12 Calcul Vol : 27 Color: 134.
2026-04-16 16:40:10  ---------------------------
2026-04-16 16:40:16  Vol : HURACAN_BC2_R31_EXT_new Skid: 12 Calcul Vol : 164 Color: 134.
2026-04-16 16:40:16  ---------------------------
2026-04-16 16:52:03  Vol : URUS_PA2_R31_Plastic Skid: 64 Calcul Vol : 330 Color: 41.
2026-04-16 16:52:03  ---------------------------
2026-04-16 16:56:57  Vol : URUS_PA2_R31_Plastic Skid: 222 Calcul Vol : 450 Color: 97.
2026-04-16 16:56:57  ---------------------------
2026-04-16 17:07:29 --- Trajectory INT --- 
2026-04-16 17:07:29  HURACAN_BC2_R31_INT " Skid: 12 Paint : 0.
2026-04-16 17:07:29 --- --- 
2026-04-16 17:08:22 --- Trajectory --- 
2026-04-16 17:08:22 Prog : HURACAN_BC2_R31_INT Skid: 12 Paint : 51.
2026-04-16 17:08:22 ------------------ 
2026-04-16 17:13:57 --- Trajectory --- 
2026-04-16 17:13:57 Prog : HURACAN_BC2_R31_EXT_new Skid: 12 Paint : 159.
2026-04-16 17:13:57 ------------------ 
2026-04-16 17:19:03 --- Trajectory --- 
2026-04-16 17:19:03 Prog : URUS_PA2_R31_Plastic Skid: 64 Paint : 232.
2026-04-16 17:19:03 ------------------ 
2026-04-16 17:24:07 --- Trajectory --- 
2026-04-16 17:24:07 Prog : URUS_PA2_R31_Plastic Skid: 222 Paint : 313.
2026-04-16 17:24:07 ------------------ 
2026-04-16 17:29:04  Default Volume : URUS_PA2_BC2_R31_EXT_2026 Skid: 244.
2026-04-16 17:29:05  Vol : URUS_PA2_BC2_R31_EXT_2026 Skid: 244 Calcul Vol : 600 Color: 20.
2026-04-16 17:29:05  ---------------------------
2026-04-16 17:31:06  Vol : URUS_PA2_R31_Plastic Skid: 253 Calcul Vol : 65 Color: 20.
2026-04-16 17:31:06  ---------------------------
2026-04-16 17:55:09 --- Trajectory --- 
2026-04-16 17:55:09 Prog : URUS_PA2_BC2_R31_EXT_2026 Skid: 244 Paint : 399.
2026-04-16 17:55:09 ------------------ 
2026-04-16 17:57:35 --- Trajectory --- 
2026-04-16 17:57:35 Prog : URUS_PA2_R31_Plastic Skid: 253 Paint : 64.
2026-04-16 17:57:35 ------------------ 
2026-04-16 18:05:49  Vol : URUS_PA2_R31_Plastic Skid: 119 Calcul Vol : 106 Color: 27.
2026-04-16 18:05:49  ---------------------------
2026-04-16 18:20:28  Vol : HURACAN_BC2_R31_Plastic Skid: 45 Calcul Vol : 218 Color: 27.
2026-04-16 18:20:28  ---------------------------
2026-04-16 18:23:01 --- Trajectory --- 
2026-04-16 18:23:01 Prog : URUS_PA2_R31_Plastic Skid: 119 Paint : 100.
2026-04-16 18:23:01 ------------------ 
2026-04-16 18:34:57  Default Volume : URUS_PA2_BC2_R31_EXT_2026 Skid: 80.
2026-04-16 18:34:58  Vol : URUS_PA2_BC2_R31_EXT_2026 Skid: 80 Calcul Vol : 600 Color: 35.
2026-04-16 18:34:58  ---------------------------
2026-04-16 18:56:44 --- Trajectory --- 
2026-04-16 18:56:44 Prog : HURACAN_BC2_R31_Plastic Skid: 45 Paint : 177.
2026-04-16 18:56:44 ------------------ 
2026-04-16 18:59:48  Vol : HURACAN_BC2_R31_Plastic Skid: 37 Calcul Vol : 158 Color: 22.
2026-04-16 18:59:48  ---------------------------
2026-04-16 19:08:15 --- Trajectory --- 
2026-04-16 19:08:15 Prog : URUS_PA2_BC2_R31_EXT_2026 Skid: 80 Paint : 528.
2026-04-16 19:08:15 ------------------ 
2026-04-16 19:16:31 --- Trajectory --- 
2026-04-16 19:16:31 Prog : HURACAN_BC2_R31_Plastic Skid: 37 Paint : 111.
2026-04-16 19:16:31 ------------------ 
2026-04-16 19:18:45  Vol : HURACAN_BC2_R31_INT Skid: 163 Calcul Vol : 49 Color: 27.
2026-04-16 19:18:45  ---------------------------
2026-04-16 19:18:51  Vol : HURACAN_BC2_R31_EXT_new Skid: 163 Calcul Vol : 301 Color: 27.
2026-04-16 19:18:51  ---------------------------
2026-04-16 19:28:42  Default Volume : URUS_PA2_BC2_R31_EXT_2026 Skid: 74.
2026-04-16 19:28:44  Vol : URUS_PA2_BC2_R31_EXT_2026 Skid: 74 Calcul Vol : 600 Color: 102.
2026-04-16 19:28:44  ---------------------------
2026-04-16 19:35:06  Default Volume : URUS_PA2_BC2_R31_EXT_2026 Skid: 116.
2026-04-16 19:35:08  Vol : URUS_PA2_BC2_R31_EXT_2026 Skid: 116 Calcul Vol : 600 Color: 27.
2026-04-16 19:35:08  ---------------------------
2026-04-16 19:41:59 --- Trajectory INT --- 
2026-04-16 19:41:59  HURACAN_BC2_R31_INT " Skid: 163 Paint : 0.
2026-04-16 19:41:59 --- --- 
2026-04-16 19:42:01 --- Trajectory --- 
2026-04-16 19:42:01 Prog : HURACAN_BC2_R31_INT Skid: 163 Paint : 24.
2026-04-16 19:42:01 ------------------ 
2026-04-16 19:44:23 --- Trajectory --- 
2026-04-16 19:44:23 Prog : HURACAN_BC2_R31_EXT_new Skid: 163 Paint : 284.
2026-04-16 19:44:23 ------------------ 
2026-04-16 19:55:36 --- Trajectory --- 
2026-04-16 19:55:36 Prog : URUS_PA2_BC2_R31_EXT_2026 Skid: 74 Paint : 598.
2026-04-16 19:55:36 ------------------ 
2026-04-16 20:05:16 --- Trajectory --- 
2026-04-16 20:05:16 Prog : URUS_PA2_BC2_R31_EXT_2026 Skid: 116 Paint : 673.
2026-04-16 20:05:16 ------------------ 
2026-04-16 20:11:48  Vol : HURACAN_BC2_R31_INT Skid: 14 Calcul Vol : 19 Color: 22.
2026-04-16 20:11:48  ---------------------------
2026-04-16 20:11:54  Vol : HURACAN_BC2_R31_EXT_new Skid: 14 Calcul Vol : 383 Color: 22.
2026-04-16 20:11:54  ---------------------------
2026-04-16 20:16:19  Default Volume : URUS_PA2_BC2_R31_EXT_2026 Skid: 120.
2026-04-16 20:16:21  Vol : URUS_PA2_BC2_R31_EXT_2026 Skid: 120 Calcul Vol : 600 Color: 12.
2026-04-16 20:16:21  ---------------------------
2026-04-16 20:36:12  Default Volume : URUS_PA2_BC2_R31_EXT_2026 Skid: 230.
2026-04-16 20:36:13  Vol : URUS_PA2_BC2_R31_EXT_2026 Skid: 230 Calcul Vol : 600 Color: 41.
2026-04-16 20:36:13  ---------------------------
2026-04-16 20:42:12 --- Trajectory INT --- 
2026-04-16 20:42:12  HURACAN_BC2_R31_INT " Skid: 14 Paint : 0.
2026-04-16 20:42:12 --- --- 
2026-04-16 20:42:15 --- Trajectory --- 
2026-04-16 20:42:15 Prog : HURACAN_BC2_R31_INT Skid: 14 Paint : 18.
2026-04-16 20:42:15 ------------------ 
2026-04-16 20:44:37 --- Trajectory --- 
2026-04-16 20:44:37 Prog : HURACAN_BC2_R31_EXT_new Skid: 14 Paint : 369.
2026-04-16 20:44:37 ------------------ 
2026-04-16 20:49:37 --- Trajectory --- 
2026-04-16 20:49:37 Prog : URUS_PA2_BC2_R31_EXT_2026 Skid: 120 Paint : 563.
2026-04-16 20:49:37 ------------------ 
2026-04-16 21:03:40 --- Trajectory --- 
2026-04-16 21:03:40 Prog : URUS_PA2_BC2_R31_EXT_2026 Skid: 230 Paint : 625.
2026-04-16 21:03:40 ------------------ 
2026-04-16 21:44:53  Default Volume : URUS_PA2_BC2_R31_EXT_2026 Skid: 197.
2026-04-16 21:44:55  Vol : URUS_PA2_BC2_R31_EXT_2026 Skid: 197 Calcul Vol : 600 Color: 18.
2026-04-16 21:44:55  ---------------------------
2026-04-16 21:59:37  Default Volume : URUS_PA2_BC2_R31_EXT_2026 Skid: 166.
2026-04-16 21:59:38  Vol : URUS_PA2_BC2_R31_EXT_2026 Skid: 166 Calcul Vol : 600 Color: 12.
2026-04-16 21:59:38  ---------------------------
2026-04-16 22:04:55  Default Volume : URUS_PA2_BC2_R31_EXT_2026 Skid: 5.
2026-04-16 22:04:56  Vol : URUS_PA2_BC2_R31_EXT_2026 Skid: 5 Calcul Vol : 600 Color: 97.
2026-04-16 22:04:56  ---------------------------
2026-04-16 22:14:45 --- Trajectory --- 
2026-04-16 22:14:45 Prog : URUS_PA2_BC2_R31_EXT_2026 Skid: 197 Paint : 709.
2026-04-16 22:14:45 ------------------ 
2026-04-16 22:24:03  Default Volume : URUS_PA2_BC2_R31_EXT_2026 Skid: 245.
2026-04-16 22:24:05  Vol : URUS_PA2_BC2_R31_EXT_2026 Skid: 245 Calcul Vol : 600 Color: 18.
2026-04-16 22:24:05  ---------------------------
2026-04-16 22:32:48  Vol : HURACAN_BC2_R31_Plastic Skid: 157 Calcul Vol : 0 Color: 18.
2026-04-16 22:32:48  ---------------------------
2026-04-16 23:06:29  Default Volume : URUS_PA2_BC2_R31_EXT_2026 Skid: 138.
2026-04-16 23:06:30  Vol : URUS_PA2_BC2_R31_EXT_2026 Skid: 138 Calcul Vol : 600 Color: 9.
2026-04-16 23:06:30  ---------------------------
2026-04-16 23:10:32 --- Trajectory --- 
2026-04-16 23:10:32 Prog : URUS_PA2_BC2_R31_EXT_2026 Skid: 166 Paint : 563.
2026-04-16 23:10:32 ------------------ 
2026-04-16 23:16:00 --- Trajectory --- 
2026-04-16 23:16:00 Prog : URUS_PA2_BC2_R31_EXT_2026 Skid: 5 Paint : 598.
2026-04-16 23:16:00 ------------------ 
2026-04-16 23:24:48 --- Trajectory --- 
2026-04-16 23:24:48 Prog : URUS_PA2_BC2_R31_EXT_2026 Skid: 245 Paint : 783.
2026-04-16 23:24:48 ------------------ 
2026-04-16 23:26:08 --- Trajectory --- 
2026-04-16 23:26:08 Prog : HURACAN_BC2_R31_Plastic Skid: 157 Paint : 0.
2026-04-16 23:26:08 ------------------ 
2026-04-16 23:37:53 --- Trajectory --- 
2026-04-16 23:37:53 Prog : URUS_PA2_BC2_R31_EXT_2026 Skid: 138 Paint : 496.
2026-04-16 23:37:53 ------------------ 
2026-04-16 23:48:25  Vol : URUS_PA2_R31_Plastic Skid: 11 Calcul Vol : 110 Color: 67.
2026-04-16 23:48:25  ---------------------------
2026-04-17 00:11:09 --- Trajectory --- 
2026-04-17 00:11:09 Prog : URUS_PA2_R31_Plastic Skid: 11 Paint : 104.
2026-04-17 00:11:09 ------------------ 
2026-04-17 00:33:08  Vol : URUS_PA2_R31_Plastic Skid: 7 Calcul Vol : 202 Color: 50.
2026-04-17 00:33:08  ---------------------------
2026-04-17 00:48:36  Vol : URUS_PA2_R31_Plastic Skid: 109 Calcul Vol : 243 Color: 79.
2026-04-17 00:48:36  ---------------------------
2026-04-17 00:57:37 --- Trajectory --- 
2026-04-17 00:57:37 Prog : URUS_PA2_R31_Plastic Skid: 7 Paint : 197.
2026-04-17 00:57:37 ------------------ 
2026-04-17 01:08:15 --- Trajectory --- 
2026-04-17 01:08:15 Prog : URUS_PA2_R31_Plastic Skid: 109 Paint : 236.
2026-04-17 01:08:15 ------------------ 
2026-04-17 02:21:13  Default Volume : URUS_PA2_BC2_R31_EXT_2026 Skid: 206.
2026-04-17 02:21:15  Vol : URUS_PA2_BC2_R31_EXT_2026 Skid: 206 Calcul Vol : 600 Color: 9.
2026-04-17 02:21:15  ---------------------------
2026-04-17 02:47:29 --- Trajectory --- 
2026-04-17 02:47:29 Prog : URUS_PA2_BC2_R31_EXT_2026 Skid: 206 Paint : 496.
2026-04-17 02:47:29 ------------------ 
2026-04-17 03:20:54  Vol : URUS_PA2_R31_Plastic Skid: 98 Calcul Vol : 143 Color: 99.
2026-04-17 03:20:54  ---------------------------
2026-04-17 03:26:01  Default Volume : URUS_PA2_BC2_R31_EXT_2026 Skid: 52.
2026-04-17 03:26:02  Vol : URUS_PA2_BC2_R31_EXT_2026 Skid: 52 Calcul Vol : 600 Color: 99.
2026-04-17 03:26:02  ---------------------------
2026-04-17 03:46:08 --- Trajectory --- 
2026-04-17 03:46:08 Prog : URUS_PA2_R31_Plastic Skid: 98 Paint : 136.
2026-04-17 03:46:08 ------------------ 
2026-04-17 03:46:39  Default Volume : URUS_PA2_BC2_R31_EXT_2026 Skid: 66.
2026-04-17 03:46:41  Vol : URUS_PA2_BC2_R31_EXT_2026 Skid: 66 Calcul Vol : 600 Color: 67.
2026-04-17 03:46:41  ---------------------------
2026-04-17 03:52:03 --- Trajectory --- 
2026-04-17 03:52:03 Prog : URUS_PA2_BC2_R31_EXT_2026 Skid: 52 Paint : 517.
2026-04-17 03:52:03 ------------------ 
2026-04-17 04:14:02 --- Trajectory --- 
2026-04-17 04:14:03 Prog : URUS_PA2_BC2_R31_EXT_2026 Skid: 66 Paint : 423.
2026-04-17 04:14:03 ------------------ 
2026-04-17 04:27:55  Vol : URUS_PA2_R31_Plastic Skid: 7 Calcul Vol : 152 Color: 51.
2026-04-17 04:27:55  ---------------------------
2026-04-17 05:31:00 --- Trajectory --- 
2026-04-17 05:31:00 Prog : HURACAN_BC2_R31_Plastic Skid: 15609 Paint : 206.
2026-04-17 05:31:00 ------------------ 
2026-04-17 06:27:49 --- Trajectory --- 
2026-04-17 06:27:49 Prog : URUS_PA2_R31_Plastic Skid: 7 Paint : 146.
2026-04-17 06:27:49 ------------------ 
2026-04-17 07:09:43  Default Volume : URUS_PA2_BC2_R31_EXT_2026 Skid: 208.
2026-04-17 07:09:44  Vol : URUS_PA2_BC2_R31_EXT_2026 Skid: 208 Calcul Vol : 600 Color: 79.
2026-04-17 07:09:44  ---------------------------
2026-04-17 07:37:04 --- Trajectory --- 
2026-04-17 07:37:04 Prog : URUS_PA2_BC2_R31_EXT_2026 Skid: 208 Paint : 436.
2026-04-17 07:37:04 ------------------ 
2026-04-17 07:49:10  Default Volume : URUS_PA2_BC2_R31_EXT_2026 Skid: 167.
2026-04-17 07:49:12  Vol : URUS_PA2_BC2_R31_EXT_2026 Skid: 167 Calcul Vol : 600 Color: 50.
2026-04-17 07:49:12  ---------------------------
2026-04-17 07:53:41  Vol : HURACAN_BC2_R31_Plastic Skid: 111 Calcul Vol : 220 Color: 85.
2026-04-17 07:53:41  ---------------------------
2026-04-17 07:58:28  Vol : HURACAN_BC2_R31_INT Skid: 161 Calcul Vol : 25 Color: 85.
2026-04-17 07:58:28  ---------------------------
2026-04-17 07:58:34  Vol : HURACAN_BC2_R31_EXT_new Skid: 161 Calcul Vol : 296 Color: 85.
2026-04-17 07:58:34  ---------------------------
2026-04-17 08:16:32 --- Trajectory --- 
2026-04-17 08:16:32 Prog : URUS_PA2_BC2_R31_EXT_2026 Skid: 167 Paint : 557.
2026-04-17 08:16:32 ------------------ 
2026-04-17 08:19:28 --- Trajectory --- 
2026-04-17 08:19:28 Prog : HURACAN_BC2_R31_Plastic Skid: 111 Paint : 169.
2026-04-17 08:19:28 ------------------ 
2026-04-17 08:22:43 --- Trajectory INT --- 
2026-04-17 08:22:43  HURACAN_BC2_R31_INT " Skid: 161 Paint : 0.
2026-04-17 08:22:43 --- --- 
2026-04-17 08:22:45 --- Trajectory --- 
2026-04-17 08:22:45 Prog : HURACAN_BC2_R31_INT Skid: 161 Paint : 24.
2026-04-17 08:22:45 ------------------ 
2026-04-17 08:25:09 --- Trajectory --- 
2026-04-17 08:25:09 Prog : HURACAN_BC2_R31_EXT_new Skid: 161 Paint : 283.
2026-04-17 08:25:09 ------------------ 
2026-04-17 08:31:26  Vol : URUS_PA2_R31_Plastic Skid: 102 Calcul Vol : 233 Color: 105.
2026-04-17 08:31:26  ---------------------------
2026-04-17 08:35:06  Default Volume : URUS_PA2_BC2_R31_EXT_2026 Skid: 131.
2026-04-17 08:35:08  Vol : URUS_PA2_BC2_R31_EXT_2026 Skid: 131 Calcul Vol : 600 Color: 105.
2026-04-17 08:35:08  ---------------------------
2026-04-17 08:53:56 --- Trajectory --- 
2026-04-17 08:53:56 Prog : URUS_PA2_R31_Plastic Skid: 102 Paint : 222.
2026-04-17 08:53:56 ------------------ 
2026-04-17 08:56:25  Vol : HURACAN_BC2_R31_INT Skid: 156 Calcul Vol : 20 Color: 15.
2026-04-17 08:56:25  ---------------------------
2026-04-17 08:56:31  Vol : HURACAN_BC2_R31_EXT_new Skid: 156 Calcul Vol : 128 Color: 15.
2026-04-17 08:56:31  ---------------------------
2026-04-17 08:59:03 --- Trajectory --- 
2026-04-17 08:59:03 Prog : URUS_PA2_BC2_R31_EXT_2026 Skid: 131 Paint : 517.
2026-04-17 08:59:03 ------------------ 
2026-04-17 09:14:57 --- Trajectory INT --- 
2026-04-17 09:14:57  HURACAN_BC2_R31_INT " Skid: 156 Paint : 0.
2026-04-17 09:14:57 --- --- 
2026-04-17 09:15:00 --- Trajectory --- 
2026-04-17 09:15:00 Prog : HURACAN_BC2_R31_INT Skid: 156 Paint : 19.
2026-04-17 09:15:00 ------------------ 
2026-04-17 09:17:22 --- Trajectory --- 
2026-04-17 09:17:22 Prog : HURACAN_BC2_R31_EXT_new Skid: 156 Paint : 220.
2026-04-17 09:17:22 ------------------ 
2026-04-17 10:21:34  Vol : URUS_PA2_R31_Plastic Skid: 42 Calcul Vol : 318 Color: 106.
2026-04-17 10:21:34  ---------------------------
2026-04-17 10:24:48  Vol : URUS_PA2_BC2_R31_EXT_2026 Skid: 122 Calcul Vol : 605 Color: 106.
2026-04-17 10:24:48  ---------------------------
2026-04-17 10:36:34  Vol : HURACAN_BC2_R31_INT Skid: 12 Calcul Vol : 26 Color: 135.
2026-04-17 10:36:34  ---------------------------
2026-04-17 10:36:40  Vol : HURACAN_BC2_R31_EXT_new Skid: 12 Calcul Vol : 164 Color: 135.
2026-04-17 10:36:40  ---------------------------
2026-04-17 10:55:01 --- Trajectory --- 
2026-04-17 10:55:01 Prog : URUS_PA2_R31_Plastic Skid: 42 Paint : 309.
2026-04-17 10:55:01 ------------------ 
2026-04-17 10:59:13 --- Trajectory --- 
2026-04-17 10:59:13 Prog : URUS_PA2_BC2_R31_EXT_2026 Skid: 122 Paint : 614.
2026-04-17 10:59:13 ------------------ 
2026-04-17 11:01:06 --- Trajectory INT --- 
2026-04-17 11:01:06  HURACAN_BC2_R31_INT " Skid: 12 Paint : 0.
2026-04-17 11:01:06 --- --- 
2026-04-17 11:01:09 --- Trajectory --- 
2026-04-17 11:01:09 Prog : HURACAN_BC2_R31_INT Skid: 12 Paint : 26.
2026-04-17 11:01:09 ------------------ 
2026-04-17 11:03:04 --- Trajectory --- 
2026-04-17 11:03:04 Prog : HURACAN_BC2_R31_EXT_new Skid: 12 Paint : 159.
2026-04-17 11:03:04 ------------------ 
2026-04-17 11:15:09 --- Trajectory --- 
2026-04-17 11:15:09 Prog : HURACAN_BC2_R31_EXT_new Skid: 12 Paint : 0.
2026-04-17 11:15:09 ------------------ 
2026-04-17 11:36:40  Vol : HURACAN_BC2_R31_INT Skid: 160 Calcul Vol : 30 Color: 16.
2026-04-17 11:36:40  ---------------------------
2026-04-17 11:36:45  Default Volume : HURACAN_SP_EXT_BC2_R31 Skid: 160.
2026-04-17 11:36:47  Vol : HURACAN_SP_EXT_BC2_R31 Skid: 160 Calcul Vol : 600 Color: 16.
2026-04-17 11:36:47  ---------------------------
2026-04-17 11:59:00  Vol : HURACAN_BC2_R31_INT Skid: 160 Calcul Vol : 30 Color: 16.
2026-04-17 11:59:00  ---------------------------
2026-04-17 11:59:05  Default Volume : HURACAN_SP_EXT_BC2_R31 Skid: 160.
2026-04-17 11:59:06  Vol : HURACAN_SP_EXT_BC2_R31 Skid: 160 Calcul Vol : 600 Color: 16.
2026-04-17 11:59:06  ---------------------------
2026-04-17 12:08:19  Vol : URUS_PA2_BC2_R31_EXT_2026 Skid: 167 Calcul Vol : 506 Color: 51.
2026-04-17 12:08:19  ---------------------------
2026-04-17 12:27:07 --- Trajectory INT --- 
2026-04-17 12:27:07  HURACAN_BC2_R31_INT " Skid: 160 Paint : 0.
2026-04-17 12:27:07 --- --- 
2026-04-17 12:27:09 --- Trajectory --- 
2026-04-17 12:27:09 Prog : HURACAN_BC2_R31_INT Skid: 160 Paint : 30.
2026-04-17 12:27:09 ------------------ 
2026-04-17 12:30:01 --- Trajectory --- 
2026-04-17 12:30:01 Prog : HURACAN_SP_EXT_BC2_R31 Skid: 160 Paint : 385.
2026-04-17 12:30:01 ------------------ 
2026-04-17 12:39:01 --- Trajectory --- 
2026-04-17 12:39:01 Prog : URUS_PA2_BC2_R31_EXT_2026 Skid: 167 Paint : 498.
2026-04-17 12:39:01 ------------------ 
2026-04-17 15:12:33 --- Trajectory --- 
2026-04-17 15:12:33 Prog : URUS_PA2_BC2_R31_EXT_2026 Skid: 167 Paint : 0.
2026-04-17 15:12:33 ------------------ 
2026-04-17 15:42:39 --- Trajectory --- 
2026-04-17 15:42:39 Prog : URUS_PA2_BC2_R31_EXT_2026 Skid: 167 Paint : 0.
2026-04-17 15:42:39 ------------------ 
2026-04-17 15:56:00 --- Trajectory --- 
2026-04-17 15:56:00 Prog : URUS_PA2_BC2_R31_EXT_2026 Skid: 167 Paint : 0.
2026-04-17 15:56:00 ------------------ 
2026-04-17 16:18:03 --- Trajectory --- 
2026-04-17 16:18:03 Prog : URUS_PA2_BC2_R31_EXT_2026 Skid: 167 Paint : 0.
2026-04-17 16:18:03 ------------------ 
2026-04-17 16:48:59 --- Trajectory --- 
2026-04-17 16:48:59 Prog : URUS_PA2_BC2_R31_EXT_2026 Skid: 167 Paint : 0.
2026-04-17 16:48:59 ------------------ 
2026-04-20 03:54:52 --- Trajectory --- 
2026-04-20 03:54:52 Prog : HURACAN_BC2_R31_EXT_new Skid: 15612 Paint : 273.
2026-04-20 03:54:52 ------------------ 
2026-04-20 06:21:09  Vol : URUS_PA2_BC2_R31_EXT_2026 Skid: 9 Calcul Vol : 587 Color: 16.
2026-04-20 06:21:09  ---------------------------
2026-04-20 06:43:52  Vol : URUS_PA2_R31_Plastic Skid: 149 Calcul Vol : 117 Color: 18.
2026-04-20 06:43:52  ---------------------------
2026-04-20 06:47:49 --- Trajectory --- 
2026-04-20 06:47:49 Prog : URUS_PA2_BC2_R31_EXT_2026 Skid: 9 Paint : 569.
2026-04-20 06:47:49 ------------------ 
2026-04-20 06:48:11  Vol : URUS_PA2_R31_Plastic Skid: 98 Calcul Vol : 155 Color: 68.
2026-04-20 06:48:11  ---------------------------
2026-04-20 06:53:58  Vol : URUS_PA2_BC2_R31_EXT_2026 Skid: 237 Calcul Vol : 516 Color: 68.
2026-04-20 06:53:58  ---------------------------
2026-04-20 06:59:46 --- Trajectory --- 
2026-04-20 06:59:46 Prog : URUS_PA2_R31_Plastic Skid: 149 Paint : 112.
2026-04-20 06:59:46 ------------------ 
2026-04-20 07:07:34 --- Trajectory --- 
2026-04-20 07:07:34 Prog : URUS_PA2_R31_Plastic Skid: 98 Paint : 152.
2026-04-20 07:07:34 ------------------ 
2026-04-20 07:16:46 --- Trajectory --- 
2026-04-20 07:16:46 Prog : URUS_PA2_BC2_R31_EXT_2026 Skid: 237 Paint : 498.
2026-04-20 07:16:46 ------------------ 
2026-04-20 10:12:58  Vol : URUS_PA2_R31_Plastic Skid: 102 Calcul Vol : 182 Color: 27.
2026-04-20 10:12:58  ---------------------------
2026-04-20 10:31:52 --- Trajectory --- 
2026-04-20 10:31:52 Prog : URUS_PA2_R31_Plastic Skid: 102 Paint : 177.
2026-04-20 10:31:52 ------------------ 
2026-04-20 11:01:57  Vol : URUS_PA2_BC2_R31_EXT_2026 Skid: 133 Calcul Vol : 614 Color: 13.
2026-04-20 11:01:57  ---------------------------
2026-04-20 11:20:41  Vol : URUS_PA2_R31_Plastic Skid: 98 Calcul Vol : 114 Color: 69.
2026-04-20 11:20:41  ---------------------------
2026-04-20 11:23:57  Vol : URUS_PA2_BC2_R31_EXT_2026 Skid: 237 Calcul Vol : 495 Color: 69.
2026-04-20 11:23:57  ---------------------------
2026-04-20 11:29:21 --- Trajectory --- 
2026-04-20 11:29:21 Prog : URUS_PA2_BC2_R31_EXT_2026 Skid: 133 Paint : 597.
2026-04-20 11:29:21 ------------------ 
2026-04-20 11:35:22  Vol : URUS_PA2_R31_Plastic Skid: 11 Calcul Vol : 86 Color: 99.
2026-04-20 11:35:22  ---------------------------
2026-04-20 11:42:00  Vol : URUS_PA2_BC2_R31_EXT_2026 Skid: 193 Calcul Vol : 554 Color: 99.
2026-04-20 11:42:00  ---------------------------
2026-04-20 11:55:23  Vol : HURACAN_BC2_R31_INT Skid: 156 Calcul Vol : 23 Color: 53.
2026-04-20 11:55:23  ---------------------------
2026-04-20 11:55:29  Vol : HURACAN_BC2_R31_EXT_new Skid: 156 Calcul Vol : 281 Color: 53.
2026-04-20 11:55:29  ---------------------------
2026-04-20 11:56:08 --- Trajectory --- 
2026-04-20 11:56:08 Prog : URUS_PA2_R31_Plastic Skid: 98 Paint : 111.
2026-04-20 11:56:08 ------------------ 
2026-04-20 12:05:02 --- Trajectory --- 
2026-04-20 12:05:02 Prog : URUS_PA2_BC2_R31_EXT_2026 Skid: 237 Paint : 476.
2026-04-20 12:05:02 ------------------ 
2026-04-20 12:09:15  Vol : URUS_PA2_BC2_R31_EXT_2026 Skid: 212 Calcul Vol : 715 Color: 137.
2026-04-20 12:09:15  ---------------------------
2026-04-20 12:10:54 --- Trajectory --- 
2026-04-20 12:10:54 Prog : URUS_PA2_R31_Plastic Skid: 11 Paint : 81.
2026-04-20 12:10:54 ------------------ 
2026-04-20 12:18:01 --- Trajectory --- 
2026-04-20 12:18:01 Prog : URUS_PA2_BC2_R31_EXT_2026 Skid: 193 Paint : 463.
2026-04-20 12:18:01 ------------------ 
2026-04-20 12:18:57  Vol : URUS_PA2_BC2_R31_EXT_2026 Skid: 206 Calcul Vol : 460 Color: 15.
2026-04-20 12:18:57  ---------------------------
2026-04-20 12:20:32 --- Trajectory INT --- 
2026-04-20 12:20:32  HURACAN_BC2_R31_INT " Skid: 156 Paint : 0.
2026-04-20 12:20:32 --- --- 
2026-04-20 12:20:35 --- Trajectory --- 
2026-04-20 12:20:35 Prog : HURACAN_BC2_R31_INT Skid: 156 Paint : 22.
2026-04-20 12:20:35 ------------------ 
2026-04-20 12:22:58 --- Trajectory --- 
2026-04-20 12:22:58 Prog : HURACAN_BC2_R31_EXT_new Skid: 156 Paint : 264.
2026-04-20 12:22:58 ------------------ 
2026-04-20 12:28:45  Vol : HURACAN_BC2_R31_Plastic Skid: 46 Calcul Vol : 206 Color: 102.
2026-04-20 12:28:45  ---------------------------
2026-04-20 12:32:03 --- Trajectory --- 
2026-04-20 12:32:03 Prog : URUS_PA2_BC2_R31_EXT_2026 Skid: 212 Paint : 161.
2026-04-20 12:32:03 ------------------ 
2026-04-20 12:35:10  Vol : HURACAN_BC2_R31_INT Skid: 52 Calcul Vol : 28 Color: 102.
2026-04-20 12:35:10  ---------------------------
2026-04-20 12:35:16  Vol : HURACAN_BC2_R31_EXT_new Skid: 52 Calcul Vol : 325 Color: 102.
2026-04-20 12:35:16  ---------------------------
2026-04-20 12:51:49 --- Trajectory --- 
2026-04-20 12:51:49 Prog : URUS_PA2_BC2_R31_EXT_2026 Skid: 206 Paint : 442.
2026-04-20 12:51:49 ------------------ 
2026-04-20 12:58:53 --- Trajectory --- 
2026-04-20 12:58:53 Prog : HURACAN_BC2_R31_Plastic Skid: 46 Paint : 160.
2026-04-20 12:58:53 ------------------ 
2026-04-20 13:02:44 --- Trajectory INT --- 
2026-04-20 13:02:44  HURACAN_BC2_R31_INT " Skid: 52 Paint : 0.
2026-04-20 13:02:44 --- --- 
2026-04-20 13:02:46 --- Trajectory --- 
2026-04-20 13:02:46 Prog : HURACAN_BC2_R31_INT Skid: 52 Paint : 28.
2026-04-20 13:02:46 ------------------ 
2026-04-20 13:05:08 --- Trajectory --- 
2026-04-20 13:05:08 Prog : HURACAN_BC2_R31_EXT_new Skid: 52 Paint : 309.
2026-04-20 13:05:08 ------------------ 
2026-04-20 13:13:07  Vol : URUS_PA2_BC2_R31_EXT_2026 Skid: 68 Calcul Vol : 614 Color: 13.
2026-04-20 13:13:07  ---------------------------
2026-04-20 13:38:25 --- Trajectory --- 
2026-04-20 13:38:25 Prog : URUS_PA2_BC2_R31_EXT_2026 Skid: 68 Paint : 596.
2026-04-20 13:38:25 ------------------ 
2026-04-20 14:04:36  Vol : URUS_PA2_R31_Plastic Skid: 67 Calcul Vol : 122 Color: 20.
2026-04-20 14:04:36  ---------------------------
2026-04-20 14:24:32 --- Trajectory --- 
2026-04-20 14:24:32 Prog : URUS_PA2_R31_Plastic Skid: 67 Paint : 116.
2026-04-20 14:24:32 ------------------ 
2026-04-20 14:48:29  Vol : URUS_PA2_BC2_R31_EXT_2026 Skid: 244 Calcul Vol : 756 Color: 27.
2026-04-20 14:48:29  ---------------------------
2026-04-20 15:07:46  Vol : URUS_PA2_R31_Plastic Skid: 102 Calcul Vol : 162 Color: 27.
2026-04-20 15:07:46  ---------------------------
2026-04-20 15:20:09 --- Trajectory --- 
2026-04-20 15:20:09 Prog : URUS_PA2_BC2_R31_EXT_2026 Skid: 244 Paint : 741.
2026-04-20 15:20:09 ------------------ 
2026-04-20 15:27:20 --- Trajectory --- 
2026-04-20 15:27:20 Prog : URUS_PA2_R31_Plastic Skid: 102 Paint : 158.
2026-04-20 15:27:20 ------------------ 
2026-04-20 16:26:37 --- Trajectory --- 
2026-04-20 16:26:37 Prog : URUS_PA2_R31_Plastic Skid: 102 Paint : 0.
2026-04-20 16:26:37 ------------------ 
2026-04-20 16:35:42  Vol : URUS_PA2_R31_Plastic Skid: 7 Calcul Vol : 59 Color: 34.
2026-04-20 16:35:42  ---------------------------
2026-04-20 16:40:56  Vol : URUS_PA2_BC2_R31_EXT_2026 Skid: 138 Calcul Vol : 490 Color: 34.
2026-04-20 16:40:56  ---------------------------
2026-04-20 16:45:59  Vol : URUS_PA2_BC2_R31_EXT_2026 Skid: 49 Calcul Vol : 790 Color: 18.
2026-04-20 16:45:59  ---------------------------
2026-04-20 16:58:12 --- Trajectory --- 
2026-04-20 16:58:12 Prog : URUS_PA2_R31_Plastic Skid: 7 Paint : 56.
2026-04-20 16:58:12 ------------------ 
2026-04-20 17:08:24 --- Trajectory --- 
2026-04-20 17:08:24 Prog : URUS_PA2_BC2_R31_EXT_2026 Skid: 138 Paint : 430.
2026-04-20 17:08:24 ------------------ 
2026-04-20 17:12:46  Vol : URUS_PA2_BC2_R31_EXT_2026 Skid: 74 Calcul Vol : 576 Color: 11.
2026-04-20 17:12:46  ---------------------------
2026-04-20 17:16:16 --- Trajectory --- 
2026-04-20 17:16:16 Prog : URUS_PA2_BC2_R31_EXT_2026 Skid: 49 Paint : 708.
2026-04-20 17:16:16 ------------------ 
2026-04-20 17:23:13  Vol : HURACAN_BC2_R31_Plastic Skid: 110 Calcul Vol : 136 Color: 18.
2026-04-20 17:23:13  ---------------------------
2026-04-20 17:28:33  Vol : HURACAN_BC2_R31_INT Skid: 204 Calcul Vol : 18 Color: 18.
2026-04-20 17:28:33  ---------------------------
2026-04-20 17:28:39  Vol : HURACAN_BC2_R31_EXT_new Skid: 204 Calcul Vol : 115 Color: 18.
2026-04-20 17:28:39  ---------------------------
2026-04-20 17:42:15 --- Trajectory --- 
2026-04-20 17:42:15 Prog : URUS_PA2_BC2_R31_EXT_2026 Skid: 74 Paint : 559.
2026-04-20 17:42:15 ------------------ 
2026-04-20 17:47:59 --- Trajectory --- 
2026-04-20 17:47:59 Prog : HURACAN_BC2_R31_Plastic Skid: 110 Paint : 106.
2026-04-20 17:47:59 ------------------ 
2026-04-20 18:00:07  Vol : URUS_PA2_BC2_R31_EXT_2026 Skid: 20 Calcul Vol : 418 Color: 20.
2026-04-20 18:00:07  ---------------------------
2026-04-20 18:07:55 --- Trajectory INT --- 
2026-04-20 18:07:55  HURACAN_BC2_R31_INT " Skid: 204 Paint : 0.
2026-04-20 18:07:55 --- --- 
2026-04-20 18:07:58 --- Trajectory --- 
2026-04-20 18:07:58 Prog : HURACAN_BC2_R31_INT Skid: 204 Paint : 17.
2026-04-20 18:07:58 ------------------ 
2026-04-20 18:10:20 --- Trajectory --- 
2026-04-20 18:10:20 Prog : HURACAN_BC2_R31_EXT_new Skid: 204 Paint : 202.
2026-04-20 18:10:20 ------------------ 
2026-04-20 18:25:32  Vol : HURACAN_BC2_R31_Plastic Skid: 157 Calcul Vol : 382 Color: 62.
2026-04-20 18:25:32  ---------------------------
2026-04-20 18:27:19 --- Trajectory --- 
2026-04-20 18:27:19 Prog : URUS_PA2_BC2_R31_EXT_2026 Skid: 20 Paint : 399.
2026-04-20 18:27:19 ------------------ 
2026-04-20 18:30:19  Vol : HURACAN_BC2_R31_INT Skid: 207 Calcul Vol : 39 Color: 62.
2026-04-20 18:30:19  ---------------------------
2026-04-20 18:30:25  Vol : HURACAN_BC2_R31_EXT_new Skid: 207 Calcul Vol : 443 Color: 62.
2026-04-20 18:30:25  ---------------------------
2026-04-20 18:56:39 --- Trajectory --- 
2026-04-20 18:56:39 Prog : HURACAN_BC2_R31_Plastic Skid: 157 Paint : 293.
2026-04-20 18:56:39 ------------------ 
2026-04-20 19:00:14 --- Trajectory INT --- 
2026-04-20 19:00:14  HURACAN_BC2_R31_INT " Skid: 207 Paint : 0.
2026-04-20 19:00:14 --- --- 
2026-04-20 19:00:16 --- Trajectory --- 
2026-04-20 19:00:16 Prog : HURACAN_BC2_R31_INT Skid: 207 Paint : 38.
2026-04-20 19:00:16 ------------------ 
2026-04-20 19:02:39 --- Trajectory --- 
2026-04-20 19:02:39 Prog : HURACAN_BC2_R31_EXT_new Skid: 207 Paint : 423.
2026-04-20 19:02:39 ------------------ 
2026-04-20 19:08:46  Vol : HURACAN_BC2_R31_INT Skid: 52 Calcul Vol : 28 Color: 102.
2026-04-20 19:08:46  ---------------------------
2026-04-20 19:08:52  Vol : HURACAN_BC2_R31_EXT_new Skid: 52 Calcul Vol : 164 Color: 102.
2026-04-20 19:08:52  ---------------------------
2026-04-20 19:21:55  Vol : URUS_PA2_R31_Plastic Skid: 232 Calcul Vol : 144 Color: 22.
2026-04-20 19:21:55  ---------------------------
2026-04-20 19:28:24 --- Trajectory INT --- 
2026-04-20 19:28:24  HURACAN_BC2_R31_INT " Skid: 52 Paint : 0.
2026-04-20 19:28:24 --- --- 
2026-04-20 19:28:26 --- Trajectory --- 
2026-04-20 19:28:26 Prog : HURACAN_BC2_R31_INT Skid: 52 Paint : 28.
2026-04-20 19:28:26 ------------------ 
2026-04-20 19:30:23 --- Trajectory --- 
2026-04-20 19:30:23 Prog : HURACAN_BC2_R31_EXT_new Skid: 52 Paint : 65.
2026-04-20 19:30:23 ------------------ 
2026-04-20 19:45:29 --- Trajectory --- 
2026-04-20 19:45:29 Prog : URUS_PA2_R31_Plastic Skid: 232 Paint : 138.
2026-04-20 19:45:29 ------------------ 
2026-04-20 19:47:45  Vol : URUS_PA2_BC2_R31_EXT_2026 Skid: 208 Calcul Vol : 756 Color: 27.
2026-04-20 19:47:45  ---------------------------
2026-04-20 19:58:17  Vol : URUS_PA2_R31_Plastic Skid: 169 Calcul Vol : 168 Color: 77.
2026-04-20 19:58:17  ---------------------------
2026-04-20 20:01:24  Vol : URUS_PA2_BC2_R31_EXT_2026 Skid: 66 Calcul Vol : 588 Color: 77.
2026-04-20 20:01:24  ---------------------------
2026-04-20 20:18:49 --- Trajectory --- 
2026-04-20 20:18:49 Prog : URUS_PA2_BC2_R31_EXT_2026 Skid: 208 Paint : 741.
2026-04-20 20:18:49 ------------------ 
2026-04-20 20:22:17 --- Trajectory --- 
2026-04-20 20:22:17 Prog : URUS_PA2_R31_Plastic Skid: 169 Paint : 163.
2026-04-20 20:22:17 ------------------ 
2026-04-20 20:27:27 --- Trajectory --- 
2026-04-20 20:27:27 Prog : URUS_PA2_BC2_R31_EXT_2026 Skid: 66 Paint : 572.
2026-04-20 20:27:27 ------------------ 
2026-04-20 20:40:28  Vol : HURACAN_BC2_R31_INT Skid: 9 Calcul Vol : 0 Color: 14.
2026-04-20 20:40:28  ---------------------------
2026-04-20 20:40:33  Vol : HURACAN_BC2_R31_EXT_new Skid: 9 Calcul Vol : 184 Color: 14.
2026-04-20 20:40:33  ---------------------------
2026-04-20 21:03:52 --- Trajectory INT --- 
2026-04-20 21:03:52  HURACAN_BC2_R31_INT " Skid: 9 Paint : 0.
2026-04-20 21:03:52 --- --- 
2026-04-20 21:03:54 --- Trajectory --- 
2026-04-20 21:03:54 Prog : HURACAN_BC2_R31_INT Skid: 9 Paint : 0.
2026-04-20 21:03:54 ------------------ 
2026-04-20 21:06:07 --- Trajectory --- 
2026-04-20 21:06:07 Prog : HURACAN_BC2_R31_EXT_new Skid: 9 Paint : 179.
2026-04-20 21:06:07 ------------------ 
2026-04-21 00:02:32 --- Trajectory --- 
2026-04-21 00:02:32 Prog : HURACAN_BC2_R31_EXT_new Skid: 9 Paint : 0.
2026-04-21 00:02:32 ------------------ 
2026-04-21 03:21:27  Vol : URUS_PA2_BC2_R31_EXT_2026 Skid: 78 Calcul Vol : 574 Color: 12.
2026-04-21 03:21:27  ---------------------------
2026-04-21 04:01:09 --- Trajectory --- 
2026-04-21 04:01:09 Prog : HURACAN_BC2_R31_EXT_new Skid: 15614 Paint : 273.
2026-04-21 04:01:09 ------------------ 
2026-04-21 04:10:31  Vol : URUS_PA2_BC2_R31_EXT_2026 Skid: 210 Calcul Vol : 571 Color: 11.
2026-04-21 04:10:31  ---------------------------
2026-04-21 04:12:23 --- Trajectory --- 
2026-04-21 04:12:23 Prog : URUS_PA2_BC2_R31_EXT_2026 Skid: 78 Paint : 511.
2026-04-21 04:12:23 ------------------ 
2026-04-21 04:19:34  Vol : URUS_PA2_R31_Plastic Skid: 149 Calcul Vol : 215 Color: 88.
2026-04-21 04:19:34  ---------------------------
2026-04-21 04:23:06  Vol : URUS_PA2_BC2_R31_EXT_2026 Skid: 61 Calcul Vol : 535 Color: 88.
2026-04-21 04:23:06  ---------------------------
2026-04-21 06:14:06  Vol : URUS_PA2_BC2_R31_EXT_2026 Skid: 168 Calcul Vol : 535 Color: 105.
2026-04-21 06:14:06  ---------------------------
2026-04-21 06:17:28  Vol : URUS_PA2_R31_Plastic Skid: 11 Calcul Vol : 219 Color: 105.
2026-04-21 06:17:28  ---------------------------
2026-04-21 06:18:01 --- Trajectory --- 
2026-04-21 06:18:01 Prog : URUS_PA2_BC2_R31_EXT_2026 Skid: 210 Paint : 511.
2026-04-21 06:18:01 ------------------ 
2026-04-21 06:26:50 --- Trajectory --- 
2026-04-21 06:26:50 Prog : URUS_PA2_R31_Plastic Skid: 149 Paint : 215.
2026-04-21 06:26:50 ------------------ 
2026-04-21 06:33:23 --- Trajectory --- 
2026-04-21 06:33:23 Prog : URUS_PA2_BC2_R31_EXT_2026 Skid: 61 Paint : 517.
2026-04-21 06:33:23 ------------------ 
2026-04-21 06:42:19 --- Trajectory --- 
2026-04-21 06:42:19 Prog : URUS_PA2_BC2_R31_EXT_2026 Skid: 168 Paint : 517.
2026-04-21 06:42:19 ------------------ 
2026-04-21 06:47:23 --- Trajectory --- 
2026-04-21 06:47:23 Prog : URUS_PA2_R31_Plastic Skid: 11 Paint : 222.
2026-04-21 06:47:23 ------------------ 
2026-04-21 07:26:18  Vol : HURACAN_BC2_R31_Plastic Skid: 45 Calcul Vol : 242 Color: 61.
2026-04-21 07:26:18  ---------------------------
2026-04-21 07:30:02  Vol : HURACAN_BC2_R31_INT Skid: 38 Calcul Vol : 27 Color: 61.
2026-04-21 07:30:02  ---------------------------
2026-04-21 07:30:08  Vol : HURACAN_BC2_R31_EXT_new Skid: 38 Calcul Vol : 345 Color: 61.
2026-04-21 07:30:08  ---------------------------
2026-04-21 07:49:20  Vol : URUS_PA2_R31_Plastic Skid: 67 Calcul Vol : 110 Color: 29.
2026-04-21 07:49:20  ---------------------------
2026-04-21 07:54:50 --- Trajectory --- 
2026-04-21 07:54:50 Prog : HURACAN_BC2_R31_Plastic Skid: 45 Paint : 181.
2026-04-21 07:54:50 ------------------ 
2026-04-21 07:57:41  Vol : URUS_PA2_R31_Plastic Skid: 98 Calcul Vol : 130 Color: 11.
2026-04-21 07:57:41  ---------------------------
2026-04-21 07:58:24 --- Trajectory INT --- 
2026-04-21 07:58:24  HURACAN_BC2_R31_INT " Skid: 38 Paint : 0.
2026-04-21 07:58:24 --- --- 
2026-04-21 07:58:26 --- Trajectory --- 
2026-04-21 07:58:26 Prog : HURACAN_BC2_R31_INT Skid: 38 Paint : 26.
2026-04-21 07:58:26 ------------------ 
2026-04-21 08:00:49 --- Trajectory --- 
2026-04-21 08:00:49 Prog : HURACAN_BC2_R31_EXT_new Skid: 38 Paint : 327.
2026-04-21 08:00:49 ------------------ 
2026-04-21 08:35:55  Vol : URUS_PA2_R31_Plastic Skid: 102 Calcul Vol : 130 Color: 11.
2026-04-21 08:35:55  ---------------------------
2026-04-21 08:41:27 --- Trajectory --- 
2026-04-21 08:41:27 Prog : URUS_PA2_R31_Plastic Skid: 67 Paint : 104.
2026-04-21 08:41:27 ------------------ 
2026-04-21 08:45:11  Vol : URUS_PA2_R31_Plastic Skid: 7 Calcul Vol : 98 Color: 34.
2026-04-21 08:45:11  ---------------------------
2026-04-21 08:49:40 --- Trajectory --- 
2026-04-21 08:49:40 Prog : URUS_PA2_R31_Plastic Skid: 98 Paint : 126.
2026-04-21 08:49:40 ------------------ 
2026-04-21 09:07:20 --- Trajectory --- 
2026-04-21 09:07:20 Prog : URUS_PA2_R31_Plastic Skid: 102 Paint : 126.
2026-04-21 09:07:20 ------------------ 
2026-04-21 09:22:39  Vol : HURACAN_BC2_R31_INT Skid: 160 Calcul Vol : 11 Color: 41.
2026-04-21 09:22:39  ---------------------------
2026-04-21 09:22:44  Default Volume : HURACAN_SP_EXT_BC2_R31 Skid: 160.
2026-04-21 09:22:46  Vol : HURACAN_SP_EXT_BC2_R31 Skid: 160 Calcul Vol : 600 Color: 41.
2026-04-21 09:22:46  ---------------------------
2026-04-21 09:24:15 --- Trajectory --- 
2026-04-21 09:24:15 Prog : URUS_PA2_R31_Plastic Skid: 7 Paint : 94.
2026-04-21 09:24:15 ------------------ 
2026-04-21 10:04:16 --- Trajectory INT --- 
2026-04-21 10:04:16  HURACAN_BC2_R31_INT " Skid: 160 Paint : 0.
2026-04-21 10:04:16 --- --- 
2026-04-21 10:04:19 --- Trajectory --- 
2026-04-21 10:04:19 Prog : HURACAN_BC2_R31_INT Skid: 160 Paint : 11.
2026-04-21 10:04:19 ------------------ 
2026-04-21 10:07:12 --- Trajectory --- 
2026-04-21 10:07:12 Prog : HURACAN_SP_EXT_BC2_R31 Skid: 160 Paint : 442.
2026-04-21 10:07:12 ------------------ 
2026-04-21 10:22:31  Vol : URUS_PA2_BC2_R31_EXT_2026 Skid: 245 Calcul Vol : 460 Color: 10.
2026-04-21 10:22:31  ---------------------------
2026-04-21 10:50:17  Vol : URUS_PA2_BC2_R31_EXT_2026 Skid: 150 Calcul Vol : 588 Color: 22.
2026-04-21 10:50:17  ---------------------------
2026-04-21 10:58:41 --- Trajectory --- 
2026-04-21 10:58:41 Prog : URUS_PA2_BC2_R31_EXT_2026 Skid: 245 Paint : 441.
2026-04-21 10:58:41 ------------------ 
2026-04-21 11:00:24  Vol : URUS_PA2_BC2_R31_EXT_2026 Skid: 108 Calcul Vol : 749 Color: 27.
2026-04-21 11:00:24  ---------------------------
2026-04-21 11:29:00 --- Trajectory --- 
2026-04-21 11:29:00 Prog : URUS_PA2_BC2_R31_EXT_2026 Skid: 150 Paint : 572.
2026-04-21 11:29:00 ------------------ 
2026-04-21 11:33:02  Vol : URUS_PA2_BC2_R31_EXT_2026 Skid: 233 Calcul Vol : 495 Color: 34.
2026-04-21 11:33:02  ---------------------------
2026-04-21 11:40:34 --- Trajectory --- 
2026-04-21 11:40:34 Prog : URUS_PA2_BC2_R31_EXT_2026 Skid: 108 Paint : 764.
2026-04-21 11:40:34 ------------------ 
2026-04-21 11:57:23  Vol : URUS_PA2_BC2_R31_EXT_2026 Skid: 49 Calcul Vol : 576 Color: 11.
2026-04-21 11:57:23  ---------------------------
2026-04-21 12:07:11 --- Trajectory --- 
2026-04-21 12:07:11 Prog : URUS_PA2_BC2_R31_EXT_2026 Skid: 233 Paint : 477.
2026-04-21 12:07:11 ------------------ 
2026-04-21 12:15:30  Vol : HURACAN_BC2_R31_Plastic Skid: 46 Calcul Vol : 147 Color: 29.
2026-04-21 12:15:30  ---------------------------
2026-04-21 12:21:24  Vol : HURACAN_BC2_R31_INT Skid: 139 Calcul Vol : 18 Color: 29.
2026-04-21 12:21:24  ---------------------------
2026-04-21 12:21:30  Vol : HURACAN_BC2_R31_EXT_new Skid: 139 Calcul Vol : 231 Color: 29.
2026-04-21 12:21:30  ---------------------------
2026-04-21 12:47:08 --- Trajectory --- 
2026-04-21 12:47:08 Prog : URUS_PA2_BC2_R31_EXT_2026 Skid: 49 Paint : 559.
2026-04-21 12:47:08 ------------------ 
2026-04-21 12:54:30  Vol : URUS_PA2_BC2_R31_EXT_2026 Skid: 74 Calcul Vol : 576 Color: 11.
2026-04-21 12:54:30  ---------------------------
2026-04-21 12:58:18 --- Trajectory --- 
2026-04-21 12:58:18 Prog : HURACAN_BC2_R31_Plastic Skid: 46 Paint : 115.
2026-04-21 12:58:18 ------------------ 
2026-04-21 13:03:04 --- Trajectory INT --- 
2026-04-21 13:03:04  HURACAN_BC2_R31_INT " Skid: 139 Paint : 0.
2026-04-21 13:03:04 --- --- 
2026-04-21 13:03:07 --- Trajectory --- 
2026-04-21 13:03:07 Prog : HURACAN_BC2_R31_INT Skid: 139 Paint : 17.
2026-04-21 13:03:07 ------------------ 
2026-04-21 13:05:29 --- Trajectory --- 
2026-04-21 13:05:29 Prog : HURACAN_BC2_R31_EXT_new Skid: 139 Paint : 215.
2026-04-21 13:05:29 ------------------ 
2026-04-21 13:33:56 --- Trajectory --- 
2026-04-21 13:33:56 Prog : URUS_PA2_BC2_R31_EXT_2026 Skid: 74 Paint : 559.
2026-04-21 13:33:56 ------------------ 
2026-04-21 13:48:48  Vol : URUS_PA2_BC2_R31_EXT_2026 Skid: 4 Calcul Vol : 399 Color: 29.
2026-04-21 13:48:48  ---------------------------
2026-04-21 14:28:30 --- Trajectory --- 
2026-04-21 14:28:30 Prog : URUS_PA2_BC2_R31_EXT_2026 Skid: 4 Paint : 379.
2026-04-21 14:28:30 ------------------ 
2026-04-21 14:38:36  Vol : URUS_PA2_BC2_R31_EXT_2026 Skid: 68 Calcul Vol : 530 Color: 9.
2026-04-21 14:38:36  ---------------------------
2026-04-21 14:58:15  Vol : HURACAN_BC2_R31_INT Skid: 60 Calcul Vol : 0 Color: 14.
2026-04-21 14:58:15  ---------------------------
2026-04-21 14:58:20  Default Volume : HURACAN_SP_EXT_BC2_R31 Skid: 60.
2026-04-21 14:58:22  Vol : HURACAN_SP_EXT_BC2_R31 Skid: 60 Calcul Vol : 600 Color: 14.
2026-04-21 14:58:22  ---------------------------
2026-04-21 15:07:08  Vol : HURACAN_BC2_R31_Plastic Skid: 45 Calcul Vol : 257 Color: 112.
2026-04-21 15:07:08  ---------------------------
2026-04-21 15:12:35  Vol : HURACAN_BC2_R31_INT Skid: 14 Calcul Vol : 28 Color: 112.
2026-04-21 15:12:35  ---------------------------
2026-04-21 15:12:41  Vol : HURACAN_BC2_R31_EXT_new Skid: 14 Calcul Vol : 367 Color: 112.
2026-04-21 15:12:41  ---------------------------
2026-04-21 15:24:18 --- Trajectory --- 
2026-04-21 15:24:18 Prog : URUS_PA2_BC2_R31_EXT_2026 Skid: 68 Paint : 451.
2026-04-21 15:24:18 ------------------ 
2026-04-21 15:26:44 --- Trajectory INT --- 
2026-04-21 15:26:44  HURACAN_BC2_R31_INT " Skid: 60 Paint : 0.
2026-04-21 15:26:44 --- --- 
2026-04-21 15:26:47 --- Trajectory --- 
2026-04-21 15:26:47 Prog : HURACAN_BC2_R31_INT Skid: 60 Paint : 0.
2026-04-21 15:26:47 ------------------ 
2026-04-21 15:28:25  Vol : URUS_PA2_R31_Plastic Skid: 7 Calcul Vol : 99 Color: 35.
2026-04-21 15:28:25  ---------------------------
2026-04-21 15:29:28 --- Trajectory --- 
2026-04-21 15:29:28 Prog : HURACAN_SP_EXT_BC2_R31 Skid: 60 Paint : 279.
2026-04-21 15:29:28 ------------------ 
2026-04-21 15:32:15  Vol : URUS_PA2_BC2_R31_EXT_2026 Skid: 233 Calcul Vol : 546 Color: 35.
2026-04-21 15:32:15  ---------------------------
2026-04-21 15:36:34 --- Trajectory --- 
2026-04-21 15:36:34 Prog : HURACAN_BC2_R31_Plastic Skid: 45 Paint : 197.
2026-04-21 15:36:34 ------------------ 
2026-04-21 15:37:16  Vol : HURACAN_BC2_R31_INT Skid: 120 Calcul Vol : 18 Color: 11.
2026-04-21 15:37:16  ---------------------------
2026-04-21 15:37:22  Vol : HURACAN_BC2_R31_EXT_new Skid: 120 Calcul Vol : 191 Color: 11.
2026-04-21 15:37:22  ---------------------------
2026-04-21 15:42:51 --- Trajectory INT --- 
2026-04-21 15:42:51  HURACAN_BC2_R31_INT " Skid: 14 Paint : 0.
2026-04-21 15:42:51 --- --- 
2026-04-21 15:42:54 --- Trajectory --- 
2026-04-21 15:42:54 Prog : HURACAN_BC2_R31_INT Skid: 14 Paint : 28.
2026-04-21 15:42:54 ------------------ 
2026-04-21 15:45:16 --- Trajectory --- 
2026-04-21 15:45:16 Prog : HURACAN_BC2_R31_EXT_new Skid: 14 Paint : 348.
2026-04-21 15:45:16 ------------------ 
2026-04-21 15:51:49  Vol : URUS_PA2_R31_Plastic Skid: 98 Calcul Vol : 117 Color: 18.
2026-04-21 15:51:49  ---------------------------
2026-04-21 15:56:21 --- Trajectory --- 
2026-04-21 15:56:21 Prog : URUS_PA2_R31_Plastic Skid: 7 Paint : 96.
2026-04-21 15:56:21 ------------------ 
2026-04-21 16:03:30 --- Trajectory --- 
2026-04-21 16:03:30 Prog : URUS_PA2_BC2_R31_EXT_2026 Skid: 233 Paint : 528.
2026-04-21 16:03:30 ------------------ 
2026-04-21 16:05:07 --- Trajectory INT --- 
2026-04-21 16:05:07  HURACAN_BC2_R31_INT " Skid: 120 Paint : 0.
2026-04-21 16:05:07 --- --- 
2026-04-21 16:05:09 --- Trajectory --- 
2026-04-21 16:05:09 Prog : HURACAN_BC2_R31_INT Skid: 120 Paint : 17.
2026-04-21 16:05:09 ------------------ 
2026-04-21 16:07:01 --- Trajectory --- 
2026-04-21 16:07:01 Prog : HURACAN_BC2_R31_EXT_new Skid: 120 Paint : 186.
2026-04-21 16:07:01 ------------------ 
2026-04-21 16:19:35 --- Trajectory --- 
2026-04-21 16:19:35 Prog : URUS_PA2_R31_Plastic Skid: 98 Paint : 112.
2026-04-21 16:19:35 ------------------ 
2026-04-21 17:01:01  Vol : URUS_PA2_R31_Plastic Skid: 11 Calcul Vol : 91 Color: 62.
2026-04-21 17:01:01  ---------------------------
2026-04-21 17:10:21  Vol : HURACAN_BC2_R31_Plastic Skid: 97 Calcul Vol : 242 Color: 97.
2026-04-21 17:10:21  ---------------------------
2026-04-21 17:14:31  Vol : HURACAN_BC2_R31_INT Skid: 85 Calcul Vol : 28 Color: 97.
2026-04-21 17:14:31  ---------------------------
2026-04-21 17:14:37  Vol : HURACAN_BC2_R31_EXT_new Skid: 85 Calcul Vol : 349 Color: 97.
2026-04-21 17:14:37  ---------------------------
2026-04-21 17:19:12  Vol : URUS_PA2SPORT_R31_EXT Skid: 21 Calcul Vol : 808 Color: 26.
2026-04-21 17:19:12  ---------------------------
2026-04-21 17:26:48 --- Trajectory --- 
2026-04-21 17:26:48 Prog : URUS_PA2_R31_Plastic Skid: 11 Paint : 89.
2026-04-21 17:26:48 ------------------ 
2026-04-21 17:37:02 --- Trajectory --- 
2026-04-21 17:37:02 Prog : HURACAN_BC2_R31_Plastic Skid: 97 Paint : 182.
2026-04-21 17:37:02 ------------------ 
2026-04-21 17:41:53 --- Trajectory INT --- 
2026-04-21 17:41:53  HURACAN_BC2_R31_INT " Skid: 85 Paint : 0.
2026-04-21 17:41:53 --- --- 
2026-04-21 17:41:56 --- Trajectory --- 
2026-04-21 17:41:56 Prog : HURACAN_BC2_R31_INT Skid: 85 Paint : 28.
2026-04-21 17:41:56 ------------------ 
2026-04-21 17:44:18 --- Trajectory --- 
2026-04-21 17:44:18 Prog : HURACAN_BC2_R31_EXT_new Skid: 85 Paint : 331.
2026-04-21 17:44:18 ------------------ 
2026-04-21 17:48:04 --- Trajectory --- 
2026-04-21 17:48:04 Prog : URUS_PA2SPORT_R31_EXT Skid: 21 Paint : 373.
2026-04-21 17:48:04 ------------------ 
2026-04-21 18:11:56  Vol : URUS_PA2_R31_Plastic Skid: 186 Calcul Vol : 138 Color: 26.
2026-04-21 18:11:56  ---------------------------
2026-04-21 18:26:04 --- Trajectory --- 
2026-04-21 18:26:04 Prog : URUS_PA2_R31_Plastic Skid: 186 Paint : 135.
2026-04-21 18:26:04 ------------------ 
2026-04-21 18:36:30  Vol : URUS_PA2_R31_Plastic Skid: 259 Calcul Vol : 72 Color: 22.
2026-04-21 18:36:30  ---------------------------
2026-04-21 18:50:04 --- Trajectory --- 
2026-04-21 18:50:04 Prog : URUS_PA2_R31_Plastic Skid: 259 Paint : 69.
2026-04-21 18:50:04 ------------------ 
2026-04-21 18:52:58  Vol : HURACAN_BC2_R31_Plastic Skid: 45 Calcul Vol : 353 Color: 113.
2026-04-21 18:52:58  ---------------------------
2026-04-21 18:56:54  Vol : HURACAN_BC2_R31_INT Skid: 14 Calcul Vol : 38 Color: 113.
2026-04-21 18:56:54  ---------------------------
2026-04-21 18:57:00  Vol : HURACAN_BC2_R31_EXT_new Skid: 14 Calcul Vol : 492 Color: 113.
2026-04-21 18:57:00  ---------------------------
2026-04-21 19:12:06 --- Trajectory --- 
2026-04-21 19:12:06 Prog : HURACAN_BC2_R31_Plastic Skid: 45 Paint : 275.
2026-04-21 19:12:06 ------------------ 
2026-04-21 19:22:36  Vol : URUS_PA2_R31_Plastic Skid: 149 Calcul Vol : 98 Color: 53.
2026-04-21 19:22:36  ---------------------------
2026-04-21 19:26:23 --- Trajectory INT --- 
2026-04-21 19:26:23  HURACAN_BC2_R31_INT " Skid: 14 Paint : 0.
2026-04-21 19:26:23 --- --- 
2026-04-21 19:26:26 --- Trajectory --- 
2026-04-21 19:26:26 Prog : HURACAN_BC2_R31_INT Skid: 14 Paint : 37.
2026-04-21 19:26:26 ------------------ 
2026-04-21 19:26:56  Vol : URUS_PA2_BC2_R31_EXT_2026 Skid: 80 Calcul Vol : 447 Color: 53.
2026-04-21 19:26:56  ---------------------------
2026-04-21 19:28:48 --- Trajectory --- 
2026-04-21 19:28:48 Prog : HURACAN_BC2_R31_EXT_new Skid: 14 Paint : 471.
2026-04-21 19:28:48 ------------------ 
2026-04-21 19:41:53 --- Trajectory --- 
2026-04-21 19:41:53 Prog : URUS_PA2_R31_Plastic Skid: 149 Paint : 94.
2026-04-21 19:41:53 ------------------ 
2026-04-21 19:49:19  Vol : HURACAN_BC2_R31_INT Skid: 59 Calcul Vol : 0 Color: 14.
2026-04-21 19:49:19  ---------------------------
2026-04-21 19:49:25  Vol : HURACAN_BC2_R31_EXT_new Skid: 59 Calcul Vol : 184 Color: 14.
2026-04-21 19:49:25  ---------------------------
2026-04-21 19:51:01 --- Trajectory --- 
2026-04-21 19:51:01 Prog : URUS_PA2_BC2_R31_EXT_2026 Skid: 80 Paint : 428.
2026-04-21 19:51:01 ------------------ 
2026-04-21 20:14:47 --- Trajectory INT --- 
2026-04-21 20:14:47  HURACAN_BC2_R31_INT " Skid: 59 Paint : 0.
2026-04-21 20:14:47 --- --- 
2026-04-21 20:14:50 --- Trajectory --- 
2026-04-21 20:14:50 Prog : HURACAN_BC2_R31_INT Skid: 59 Paint : 0.
2026-04-21 20:14:50 ------------------ 
2026-04-21 20:16:55 --- Trajectory --- 
2026-04-21 20:16:55 Prog : HURACAN_BC2_R31_EXT_new Skid: 59 Paint : 179.
2026-04-21 20:16:55 ------------------ 
2026-04-21 20:57:38  Vol : URUS_PA2_BC2_R31_EXT_2026 Skid: 237 Calcul Vol : 503 Color: 62.
2026-04-21 20:57:38  ---------------------------
2026-04-21 21:32:30 --- Trajectory --- 
2026-04-21 21:32:30 Prog : URUS_PA2_BC2_R31_EXT_2026 Skid: 237 Paint : 438.
2026-04-21 21:32:30 ------------------ 
2026-04-22 02:38:57  Vol : URUS_PA2_BC2_R31_EXT_2026 Skid: 78 Calcul Vol : 575 Color: 12.
2026-04-22 02:38:57  ---------------------------
2026-04-22 03:20:31 --- Trajectory --- 
2026-04-22 03:20:31 Prog : HURACAN_BC2_R31_EXT_new Skid: 15615 Paint : 273.
2026-04-22 03:20:31 ------------------ 
2026-04-22 03:36:13 --- Trajectory --- 
2026-04-22 03:36:13 Prog : URUS_PA2_BC2_R31_EXT_2026 Skid: 78 Paint : 511.
2026-04-22 03:36:13 ------------------ 
2026-04-22 03:40:51  Vol : URUS_PA2_BC2_R31_EXT_2026 Skid: 24 Calcul Vol : 583 Color: 22.
2026-04-22 03:40:51  ---------------------------
2026-04-22 06:15:26 --- Trajectory --- 
2026-04-22 06:15:26 Prog : URUS_PA2_BC2_R31_EXT_2026 Skid: 24 Paint : 519.
2026-04-22 06:15:26 ------------------ 
2026-04-22 06:47:22  Vol : URUS_PA2_BC2_R31_EXT_2026 Skid: 148 Calcul Vol : 418 Color: 20.
2026-04-22 06:47:22  ---------------------------
2026-04-22 06:49:59  Vol : URUS_PA2_R31_Plastic Skid: 67 Calcul Vol : 98 Color: 20.
2026-04-22 06:49:59  ---------------------------
2026-04-22 06:56:11  Vol : URUS_PA2_BC2_R31_EXT_2026 Skid: 245 Calcul Vol : 480 Color: 26.
2026-04-22 06:56:11  ---------------------------
2026-04-22 07:10:32  Vol : HURACAN_BC2_R31_Plastic Skid: 45 Calcul Vol : 235 Color: 145.
2026-04-22 07:10:32  ---------------------------
2026-04-22 07:14:34 --- Trajectory --- 
2026-04-22 07:14:34 Prog : URUS_PA2_BC2_R31_EXT_2026 Skid: 148 Paint : 399.
2026-04-22 07:14:34 ------------------ 
2026-04-22 07:15:39  Vol : HURACAN_BC2_R31_INT Skid: 131 Calcul Vol : 28 Color: 68.
2026-04-22 07:15:39  ---------------------------
2026-04-22 07:15:45  Vol : HURACAN_BC2_R31_EXT_new Skid: 131 Calcul Vol : 396 Color: 68.
2026-04-22 07:15:45  ---------------------------
2026-04-22 07:17:13 --- Trajectory --- 
2026-04-22 07:17:13 Prog : URUS_PA2_R31_Plastic Skid: 67 Paint : 94.
2026-04-22 07:17:13 ------------------ 
2026-04-22 07:23:26 --- Trajectory --- 
2026-04-22 07:23:26 Prog : URUS_PA2_BC2_R31_EXT_2026 Skid: 245 Paint : 462.
2026-04-22 07:23:26 ------------------ 
2026-04-22 07:25:33  Vol : HURACAN_BC2_R31_Plastic Skid: 45 Calcul Vol : 286 Color: 68.
2026-04-22 07:25:33  ---------------------------
2026-04-22 07:25:39  Vol : HURACAN_BC2_R31_Plastic Skid: 45 Calcul Vol : 286 Color: 68.
2026-04-22 07:25:39  ---------------------------
2026-04-22 07:46:26 --- Trajectory --- 
2026-04-22 07:46:26 Prog : HURACAN_BC2_R31_Plastic Skid: 45 Paint : 207.
2026-04-22 07:46:26 ------------------ 
2026-04-22 07:50:02 --- Trajectory INT --- 
2026-04-22 07:50:02  HURACAN_BC2_R31_INT " Skid: 131 Paint : 0.
2026-04-22 07:50:02 --- --- 
2026-04-22 07:50:04 --- Trajectory --- 
2026-04-22 07:50:04 Prog : HURACAN_BC2_R31_INT Skid: 131 Paint : 28.
2026-04-22 07:50:04 ------------------ 
2026-04-22 07:52:27 --- Trajectory --- 
2026-04-22 07:52:27 Prog : HURACAN_BC2_R31_EXT_new Skid: 131 Paint : 377.
2026-04-22 07:52:27 ------------------ 
2026-04-22 07:58:58  Vol : URUS_PA2_BC2_R31_EXT_2026 Skid: 168 Calcul Vol : 576 Color: 11.
2026-04-22 07:58:58  ---------------------------
2026-04-22 08:29:24 --- Trajectory --- 
2026-04-22 08:29:24 Prog : URUS_PA2_BC2_R31_EXT_2026 Skid: 168 Paint : 559.
2026-04-22 08:29:24 ------------------ 
2026-04-22 08:56:41  Vol : HURACAN_BC2_R31_INT Skid: 230 Calcul Vol : 29 Color: 9.
2026-04-22 08:56:41  ---------------------------
2026-04-22 08:56:47  Vol : HURACAN_BC2_R31_EXT_new Skid: 230 Calcul Vol : 187 Color: 9.
2026-04-22 08:56:47  ---------------------------
2026-04-22 09:06:43  Vol : URUS_PA2_R31_Plastic Skid: 98 Calcul Vol : 155 Color: 68.
2026-04-22 09:06:43  ---------------------------
2026-04-22 09:11:42  Vol : URUS_PA2_BC2_R31_EXT_2026 Skid: 57 Calcul Vol : 503 Color: 68.
2026-04-22 09:11:42  ---------------------------
2026-04-22 09:21:25 --- Trajectory INT --- 
2026-04-22 09:21:25  HURACAN_BC2_R31_INT " Skid: 230 Paint : 0.
2026-04-22 09:21:25 --- --- 
2026-04-22 09:21:28 --- Trajectory --- 
2026-04-22 09:21:28 Prog : HURACAN_BC2_R31_INT Skid: 230 Paint : 29.
2026-04-22 09:21:28 ------------------ 
2026-04-22 09:23:19 --- Trajectory --- 
2026-04-22 09:23:19 Prog : HURACAN_BC2_R31_EXT_new Skid: 230 Paint : 181.
2026-04-22 09:23:19 ------------------ 
2026-04-22 09:29:26 --- Trajectory --- 
2026-04-22 09:29:26 Prog : URUS_PA2_R31_Plastic Skid: 98 Paint : 152.
2026-04-22 09:29:26 ------------------ 
2026-04-22 09:39:52 --- Trajectory --- 
2026-04-22 09:39:52 Prog : URUS_PA2_BC2_R31_EXT_2026 Skid: 57 Paint : 485.
2026-04-22 09:39:52 ------------------ 
2026-04-22 10:05:18  Vol : URUS_PA2_BC2_R31_EXT_2026 Skid: 213 Calcul Vol : 508 Color: 62.
2026-04-22 10:05:18  ---------------------------
2026-04-22 10:10:11  Vol : URUS_PA2_R31_Plastic Skid: 149 Calcul Vol : 287 Color: 62.
2026-04-22 10:10:11  ---------------------------
2026-04-22 10:33:46 --- Trajectory --- 
2026-04-22 10:33:46 Prog : URUS_PA2_BC2_R31_EXT_2026 Skid: 213 Paint : 490.
2026-04-22 10:33:46 ------------------ 
2026-04-22 10:43:35 --- Trajectory --- 
2026-04-22 10:43:35 Prog : URUS_PA2_R31_Plastic Skid: 149 Paint : 279.
2026-04-22 10:43:35 ------------------ 
2026-04-22 11:03:24  Default Volume : URUS_ACCENTSKID_R31 Skid: 34.
2026-04-22 11:03:25  Vol : URUS_ACCENTSKID_R31 Skid: 34 Calcul Vol : 600 Color: 125.
2026-04-22 11:03:25  ---------------------------
2026-04-22 11:08:36  Vol : URUS_PA2_R31_Plastic Skid: 169 Calcul Vol : 83 Color: 20.
2026-04-22 11:08:36  ---------------------------
2026-04-22 11:25:38  Vol : HURACAN_BC2_R31_Plastic Skid: 45 Calcul Vol : 195 Color: 69.
2026-04-22 11:25:38  ---------------------------
2026-04-22 11:29:40  Vol : HURACAN_BC2_R31_INT Skid: 131 Calcul Vol : 27 Color: 69.
2026-04-22 11:29:40  ---------------------------
2026-04-22 11:29:46  Vol : HURACAN_BC2_R31_EXT_new Skid: 131 Calcul Vol : 302 Color: 69.
2026-04-22 11:29:46  ---------------------------
2026-04-22 11:34:16 --- Trajectory --- 
2026-04-22 11:34:16 Prog : URUS_ACCENTSKID_R31 Skid: 34 Paint : 0.
2026-04-22 11:34:16 ------------------ 
2026-04-22 11:37:54  Default Volume : URUS_ACCENTSKID_R31 Skid: 34.
2026-04-22 11:37:56  Vol : URUS_ACCENTSKID_R31 Skid: 34 Calcul Vol : 600 Color: 125.
2026-04-22 11:37:56  ---------------------------
2026-04-22 11:39:51 --- Trajectory --- 
2026-04-22 11:39:51 Prog : URUS_PA2_R31_Plastic Skid: 169 Paint : 77.
2026-04-22 11:39:51 ------------------ 
2026-04-22 11:51:34 --- Trajectory --- 
2026-04-22 11:51:34 Prog : HURACAN_BC2_R31_Plastic Skid: 45 Paint : 143.
2026-04-22 11:51:34 ------------------ 
2026-04-22 11:55:14 --- Trajectory INT --- 
2026-04-22 11:55:14  HURACAN_BC2_R31_INT " Skid: 131 Paint : 0.
2026-04-22 11:55:14 --- --- 
2026-04-22 11:55:17 --- Trajectory --- 
2026-04-22 11:55:17 Prog : HURACAN_BC2_R31_INT Skid: 131 Paint : 26.
2026-04-22 11:55:17 ------------------ 
2026-04-22 11:57:39 --- Trajectory --- 
2026-04-22 11:57:39 Prog : HURACAN_BC2_R31_EXT_new Skid: 131 Paint : 284.
2026-04-22 11:57:39 ------------------ 
2026-04-22 12:01:52 --- Trajectory --- 
2026-04-22 12:01:52 Prog : URUS_ACCENTSKID_R31 Skid: 34 Paint : 91.
2026-04-22 12:01:52 ------------------ 
2026-04-22 12:25:36  Vol : URUS_PA2_BC2_R31_EXT_2026 Skid: 152 Calcul Vol : 576 Color: 11.
2026-04-22 12:25:36  ---------------------------
2026-04-22 12:33:19  Vol : URUS_PA2_BC2_R31_EXT_2026 Skid: 5 Calcul Vol : 509 Color: 9.
2026-04-22 12:33:19  ---------------------------
2026-04-22 12:42:23  Vol : HURACAN_BC2_R31_Plastic Skid: 97 Calcul Vol : 230 Color: 22.
2026-04-22 12:42:23  ---------------------------
2026-04-22 12:51:06  Vol : URUS_PA2_R31_Plastic Skid: 98 Calcul Vol : 114 Color: 69.
2026-04-22 12:51:06  ---------------------------
2026-04-22 12:55:01  Vol : URUS_PA2_BC2_R31_EXT_2026 Skid: 57 Calcul Vol : 481 Color: 69.
2026-04-22 12:55:01  ---------------------------
2026-04-22 12:57:07 --- Trajectory --- 
2026-04-22 12:57:07 Prog : URUS_PA2_BC2_R31_EXT_2026 Skid: 152 Paint : 559.
2026-04-22 12:57:07 ------------------ 
2026-04-22 12:58:38  Vol : HURACAN_BC2_R31_Plastic Skid: 110 Calcul Vol : 220 Color: 102.
2026-04-22 12:58:38  ---------------------------
2026-04-22 13:01:58 --- Trajectory --- 
2026-04-22 13:01:58 Prog : URUS_PA2_BC2_R31_EXT_2026 Skid: 5 Paint : 451.
2026-04-22 13:01:58 ------------------ 
2026-04-22 13:04:53 --- Trajectory --- 
2026-04-22 13:04:53 Prog : HURACAN_BC2_R31_Plastic Skid: 97 Paint : 170.
2026-04-22 13:04:53 ------------------ 
2026-04-22 13:13:34 --- Trajectory --- 
2026-04-22 13:13:34 Prog : URUS_PA2_R31_Plastic Skid: 98 Paint : 111.
2026-04-22 13:13:34 ------------------ 
2026-04-22 13:14:04  Vol : HURACAN_BC2_R31_INT Skid: 4 Calcul Vol : 28 Color: 102.
2026-04-22 13:14:04  ---------------------------
2026-04-22 13:14:09  Vol : HURACAN_BC2_R31_EXT_new Skid: 4 Calcul Vol : 325 Color: 102.
2026-04-22 13:14:09  ---------------------------
2026-04-22 13:20:41 --- Trajectory --- 
2026-04-22 13:20:41 Prog : URUS_PA2_BC2_R31_EXT_2026 Skid: 57 Paint : 463.
2026-04-22 13:20:41 ------------------ 
2026-04-22 13:21:48  Vol : HURACAN_BC2_R31_Plastic Skid: 46 Calcul Vol : 220 Color: 85.
2026-04-22 13:21:48  ---------------------------
2026-04-22 13:23:36 --- Trajectory --- 
2026-04-22 13:23:36 Prog : HURACAN_BC2_R31_Plastic Skid: 110 Paint : 159.
2026-04-22 13:23:36 ------------------ 
2026-04-22 13:26:37  Vol : HURACAN_BC2_R31_INT Skid: 9 Calcul Vol : 25 Color: 85.
2026-04-22 13:26:37  ---------------------------
2026-04-22 13:26:43  Vol : HURACAN_BC2_R31_EXT_new Skid: 9 Calcul Vol : 296 Color: 85.
2026-04-22 13:26:43  ---------------------------
2026-04-22 13:34:38 --- Trajectory INT --- 
2026-04-22 13:34:38  HURACAN_BC2_R31_INT " Skid: 4 Paint : 0.
2026-04-22 13:34:38 --- --- 
2026-04-22 13:34:40 --- Trajectory --- 
2026-04-22 13:34:40 Prog : HURACAN_BC2_R31_INT Skid: 4 Paint : 28.
2026-04-22 13:34:40 ------------------ 
2026-04-22 13:36:19  Vol : HURACAN_BC2_R31_INT Skid: 29 Calcul Vol : 19 Color: 22.
2026-04-22 13:36:19  ---------------------------
2026-04-22 13:36:25  Vol : HURACAN_BC2_R31_EXT_new Skid: 29 Calcul Vol : 388 Color: 22.
2026-04-22 13:36:25  ---------------------------
2026-04-22 13:37:02 --- Trajectory --- 
2026-04-22 13:37:02 Prog : HURACAN_BC2_R31_EXT_new Skid: 4 Paint : 309.
2026-04-22 13:37:02 ------------------ 
2026-04-22 13:44:59 --- Trajectory --- 
2026-04-22 13:44:59 Prog : HURACAN_BC2_R31_Plastic Skid: 46 Paint : 169.
2026-04-22 13:44:59 ------------------ 
2026-04-22 13:49:04 --- Trajectory INT --- 
2026-04-22 13:49:04  HURACAN_BC2_R31_INT " Skid: 9 Paint : 0.
2026-04-22 13:49:04 --- --- 
2026-04-22 13:49:07 --- Trajectory --- 
2026-04-22 13:49:07 Prog : HURACAN_BC2_R31_INT Skid: 9 Paint : 24.
2026-04-22 13:49:07 ------------------ 
2026-04-22 13:51:29 --- Trajectory --- 
2026-04-22 13:51:29 Prog : HURACAN_BC2_R31_EXT_new Skid: 9 Paint : 283.
2026-04-22 13:51:29 ------------------ 
2026-04-22 14:06:53 --- Trajectory INT --- 
2026-04-22 14:06:53  HURACAN_BC2_R31_INT " Skid: 29 Paint : 0.
2026-04-22 14:06:53 --- --- 
2026-04-22 14:06:55 --- Trajectory --- 
2026-04-22 14:06:55 Prog : HURACAN_BC2_R31_INT Skid: 29 Paint : 18.
2026-04-22 14:06:55 ------------------ 
2026-04-22 14:09:18 --- Trajectory --- 
2026-04-22 14:09:18 Prog : HURACAN_BC2_R31_EXT_new Skid: 29 Paint : 369.
2026-04-22 14:09:18 ------------------ 
2026-04-22 14:18:24  Vol : URUS_PA2_BC2_R31_EXT_2026 Skid: 202 Calcul Vol : 576 Color: 11.
2026-04-22 14:18:24  ---------------------------
2026-04-22 14:23:36  Vol : URUS_PA2_R31_Plastic Skid: 7 Calcul Vol : 161 Color: 27.
2026-04-22 14:23:36  ---------------------------
2026-04-22 14:41:30  Vol : URUS_PA2_BC2_R31_EXT_2026 Skid: 38 Calcul Vol : 576 Color: 11.
2026-04-22 14:41:30  ---------------------------
2026-04-22 14:44:27 --- Trajectory --- 
2026-04-22 14:44:27 Prog : URUS_PA2_BC2_R31_EXT_2026 Skid: 202 Paint : 559.
2026-04-22 14:44:27 ------------------ 
2026-04-22 14:46:26  Vol : HURACAN_BC2_R31_Plastic Skid: 157 Calcul Vol : 158 Color: 34.
2026-04-22 14:46:26  ---------------------------
2026-04-22 14:47:33 --- Trajectory --- 
2026-04-22 14:47:33 Prog : URUS_PA2_R31_Plastic Skid: 7 Paint : 158.
2026-04-22 14:47:33 ------------------ 
2026-04-22 14:53:07  Vol : HURACAN_BC2_R31_INT Skid: 74 Calcul Vol : 18 Color: 34.
2026-04-22 14:53:07  ---------------------------
2026-04-22 14:53:13  Vol : HURACAN_BC2_R31_EXT_new Skid: 74 Calcul Vol : 243 Color: 34.
2026-04-22 14:53:13  ---------------------------
2026-04-22 14:56:54  Vol : URUS_PA2SPORT_R31_EXT Skid: 142 Calcul Vol : 383 Color: 26.
2026-04-22 14:56:54  ---------------------------
2026-04-22 15:01:16  Vol : URUS_PA2_BC2_R31_EXT_2026 Skid: 138 Calcul Vol : 574 Color: 12.
2026-04-22 15:01:16  ---------------------------
2026-04-22 15:10:24 --- Trajectory --- 
2026-04-22 15:10:24 Prog : URUS_PA2_BC2_R31_EXT_2026 Skid: 38 Paint : 559.
2026-04-22 15:10:24 ------------------ 
2026-04-22 15:13:19 --- Trajectory --- 
2026-04-22 15:13:19 Prog : HURACAN_BC2_R31_Plastic Skid: 157 Paint : 116.
2026-04-22 15:13:19 ------------------ 
2026-04-22 15:16:37 --- Trajectory INT --- 
2026-04-22 15:16:37  HURACAN_BC2_R31_INT " Skid: 74 Paint : 0.
2026-04-22 15:16:37 --- --- 
2026-04-22 15:16:40 --- Trajectory --- 
2026-04-22 15:16:40 Prog : HURACAN_BC2_R31_INT Skid: 74 Paint : 17.
2026-04-22 15:16:40 ------------------ 
2026-04-22 15:19:02 --- Trajectory --- 
2026-04-22 15:19:02 Prog : HURACAN_BC2_R31_EXT_new Skid: 74 Paint : 227.
2026-04-22 15:19:02 ------------------ 
2026-04-22 15:25:17 --- Trajectory --- 
2026-04-22 15:25:17 Prog : URUS_PA2SPORT_R31_EXT Skid: 142 Paint : 373.
2026-04-22 15:25:17 ------------------ 
2026-04-22 15:36:24  Vol : URUS_PA2_R31_Plastic Skid: 149 Calcul Vol : 255 Color: 102.
2026-04-22 15:36:24  ---------------------------
2026-04-22 15:43:49 --- Trajectory --- 
2026-04-22 15:43:49 Prog : URUS_PA2_BC2_R31_EXT_2026 Skid: 138 Paint : 511.
2026-04-22 15:43:49 ------------------ 
2026-04-22 15:45:36  Vol : URUS_PA2_BC2_R31_EXT_2026 Skid: 167 Calcul Vol : 460 Color: 10.
2026-04-22 15:45:36  ---------------------------
2026-04-22 15:58:31  Vol : URUS_PA2_R31_Plastic Skid: 169 Calcul Vol : 202 Color: 50.
2026-04-22 15:58:31  ---------------------------
2026-04-22 16:01:32  Vol : URUS_PA2_BC2_R31_EXT_2026 Skid: 153 Calcul Vol : 413 Color: 20.
2026-04-22 16:01:32  ---------------------------
2026-04-22 16:05:35 --- Trajectory --- 
2026-04-22 16:05:35 Prog : URUS_PA2_R31_Plastic Skid: 149 Paint : 250.
2026-04-22 16:05:35 ------------------ 
2026-04-22 16:10:41  Vol : HURACAN_BC2_R31_INT Skid: 60 Calcul Vol : 0 Color: 14.
2026-04-22 16:10:41  ---------------------------
2026-04-22 16:10:46  Default Volume : HURACAN_SP_EXT_BC2_R31 Skid: 60.
2026-04-22 16:10:48  Vol : HURACAN_SP_EXT_BC2_R31 Skid: 60 Calcul Vol : 600 Color: 14.
2026-04-22 16:10:48  ---------------------------
2026-04-22 16:16:04  Vol : HURACAN_BC2_R31_Plastic Skid: 45 Calcul Vol : 286 Color: 68.
2026-04-22 16:16:04  ---------------------------
2026-04-22 16:16:43 --- Trajectory --- 
2026-04-22 16:16:43 Prog : URUS_PA2_BC2_R31_EXT_2026 Skid: 167 Paint : 441.
2026-04-22 16:16:43 ------------------ 
2026-04-22 16:20:11 --- Trajectory --- 
2026-04-22 16:20:11 Prog : URUS_PA2_R31_Plastic Skid: 169 Paint : 196.
2026-04-22 16:20:11 ------------------ 
2026-04-22 16:26:56 --- Trajectory --- 
2026-04-22 16:26:56 Prog : URUS_PA2_BC2_R31_EXT_2026 Skid: 153 Paint : 349.
2026-04-22 16:26:56 ------------------ 
2026-04-22 16:33:19  Vol : URUS_PA2_BC2_R31_EXT_2026 Skid: 14 Calcul Vol : 756 Color: 27.
2026-04-22 16:33:19  ---------------------------
2026-04-22 16:35:56 --- Trajectory INT --- 
2026-04-22 16:35:56  HURACAN_BC2_R31_INT " Skid: 60 Paint : 0.
2026-04-22 16:35:56 --- --- 
2026-04-22 16:35:59 --- Trajectory --- 
2026-04-22 16:35:59 Prog : HURACAN_BC2_R31_INT Skid: 60 Paint : 0.
2026-04-22 16:35:59 ------------------ 
2026-04-22 16:37:05  Vol : URUS_PA2_R31_Plastic Skid: 98 Calcul Vol : 170 Color: 9.
2026-04-22 16:37:05  ---------------------------
2026-04-22 16:38:44 --- Trajectory --- 
2026-04-22 16:38:44 Prog : HURACAN_SP_EXT_BC2_R31 Skid: 60 Paint : 279.
2026-04-22 16:38:44 ------------------ 
2026-04-22 16:41:42 --- Trajectory --- 
2026-04-22 16:41:42 Prog : HURACAN_BC2_R31_Plastic Skid: 45 Paint : 207.
2026-04-22 16:41:42 ------------------ 
2026-04-22 17:00:37 --- Trajectory --- 
2026-04-22 17:00:37 Prog : URUS_PA2_BC2_R31_EXT_2026 Skid: 14 Paint : 741.
2026-04-22 17:00:37 ------------------ 
2026-04-22 17:04:05 --- Trajectory --- 
2026-04-22 17:04:05 Prog : URUS_PA2_R31_Plastic Skid: 98 Paint : 165.
2026-04-22 17:04:05 ------------------ 
2026-04-22 18:34:40  Vol : URUS_PA2_R31_Plastic Skid: 7 Calcul Vol : 59 Color: 34.
2026-04-22 18:34:40  ---------------------------
2026-04-22 18:44:02  Vol : URUS_PA2_BC2_R31_EXT_2026 Skid: 204 Calcul Vol : 576 Color: 11.
2026-04-22 18:44:02  ---------------------------
2026-04-22 18:53:59 --- Trajectory --- 
2026-04-22 18:53:59 Prog : URUS_PA2_R31_Plastic Skid: 7 Paint : 56.
2026-04-22 18:53:59 ------------------ 
2026-04-22 18:55:37  Vol : HURACAN_BC2_R31_Plastic Skid: 157 Calcul Vol : 228 Color: 35.
2026-04-22 18:55:37  ---------------------------
2026-04-22 18:59:24  Vol : HURACAN_BC2_R31_INT Skid: 74 Calcul Vol : 23 Color: 35.
2026-04-22 18:59:24  ---------------------------
2026-04-22 18:59:29  Vol : HURACAN_BC2_R31_EXT_new Skid: 74 Calcul Vol : 303 Color: 35.
2026-04-22 18:59:29  ---------------------------
2026-04-22 19:08:43 --- Trajectory --- 
2026-04-22 19:08:43 Prog : URUS_PA2_BC2_R31_EXT_2026 Skid: 204 Paint : 559.
2026-04-22 19:08:43 ------------------ 
2026-04-22 19:12:55  Vol : HURACAN_BC2_R31_INT Skid: 131 Calcul Vol : 28 Color: 68.
2026-04-22 19:12:55  ---------------------------
2026-04-22 19:13:01  Vol : HURACAN_BC2_R31_EXT_new Skid: 131 Calcul Vol : 396 Color: 68.
2026-04-22 19:13:01  ---------------------------
2026-04-22 19:16:53 --- Trajectory --- 
2026-04-22 19:16:53 Prog : HURACAN_BC2_R31_Plastic Skid: 157 Paint : 178.
2026-04-22 19:16:53 ------------------ 
2026-04-22 19:20:30 --- Trajectory INT --- 
2026-04-22 19:20:30  HURACAN_BC2_R31_INT " Skid: 74 Paint : 0.
2026-04-22 19:20:30 --- --- 
2026-04-22 19:20:33 --- Trajectory --- 
2026-04-22 19:20:33 Prog : HURACAN_BC2_R31_INT Skid: 74 Paint : 22.
2026-04-22 19:20:33 ------------------ 
2026-04-22 19:22:55 --- Trajectory --- 
2026-04-22 19:22:55 Prog : HURACAN_BC2_R31_EXT_new Skid: 74 Paint : 286.
2026-04-22 19:22:55 ------------------ 
2026-04-22 19:26:18  Vol : URUS_PA2_R31_Plastic Skid: 67 Calcul Vol : 102 Color: 88.
2026-04-22 19:26:18  ---------------------------
2026-04-22 19:31:38  Vol : URUS_PA2_BC2_R31_EXT_2026 Skid: 206 Calcul Vol : 534 Color: 88.
2026-04-22 19:31:38  ---------------------------
2026-04-22 19:38:19 --- Trajectory INT --- 
2026-04-22 19:38:19  HURACAN_BC2_R31_INT " Skid: 131 Paint : 0.
2026-04-22 19:38:19 --- --- 
2026-04-22 19:38:22 --- Trajectory --- 
2026-04-22 19:38:22 Prog : HURACAN_BC2_R31_INT Skid: 131 Paint : 28.
2026-04-22 19:38:22 ------------------ 
2026-04-22 19:40:44 --- Trajectory --- 
2026-04-22 19:40:44 Prog : HURACAN_BC2_R31_EXT_new Skid: 131 Paint : 377.
2026-04-22 19:40:44 ------------------ 
2026-04-22 19:40:57  Vol : HURACAN_BC2_R31_Plastic Skid: 45 Calcul Vol : 194 Color: 69.
2026-04-22 19:40:57  ---------------------------
2026-04-22 19:49:34  Vol : URUS_PA2_BC2_R31_EXT_2026 Skid: 133 Calcul Vol : 608 Color: 102.
2026-04-22 19:49:34  ---------------------------
2026-04-22 19:51:26 --- Trajectory --- 
2026-04-22 19:51:26 Prog : URUS_PA2_R31_Plastic Skid: 67 Paint : 98.
2026-04-22 19:51:26 ------------------ 
2026-04-22 19:58:53 --- Trajectory --- 
2026-04-22 19:58:53 Prog : URUS_PA2_BC2_R31_EXT_2026 Skid: 206 Paint : 517.
2026-04-22 19:58:53 ------------------ 
2026-04-22 19:59:39  Vol : URUS_PA2_R31_Plastic Skid: 102 Calcul Vol : 100 Color: 130.
2026-04-22 19:59:39  ---------------------------
2026-04-22 20:03:29  Vol : URUS_PA2_BC2_R31_EXT_2026 Skid: 80 Calcul Vol : 583 Color: 130.
2026-04-22 20:03:29  ---------------------------
2026-04-22 20:06:25 --- Trajectory --- 
2026-04-22 20:06:25 Prog : HURACAN_BC2_R31_Plastic Skid: 45 Paint : 143.
2026-04-22 20:06:25 ------------------ 
2026-04-22 20:08:09  Vol : URUS_PA2_BC2_R31_EXT_2026 Skid: 130 Calcul Vol : 576 Color: 11.
2026-04-22 20:08:09  ---------------------------
2026-04-22 20:18:07 --- Trajectory --- 
2026-04-22 20:18:07 Prog : URUS_PA2_BC2_R31_EXT_2026 Skid: 133 Paint : 618.
2026-04-22 20:18:07 ------------------ 
2026-04-22 20:24:15 --- Trajectory --- 
2026-04-22 20:24:15 Prog : URUS_PA2_R31_Plastic Skid: 102 Paint : 98.
2026-04-22 20:24:15 ------------------ 
2026-04-22 20:31:55 --- Trajectory --- 
2026-04-22 20:31:55 Prog : URUS_PA2_BC2_R31_EXT_2026 Skid: 80 Paint : 519.
2026-04-22 20:31:55 ------------------ 
2026-04-22 20:37:00 --- Trajectory --- 
2026-04-22 20:37:00 Prog : URUS_PA2_BC2_R31_EXT_2026 Skid: 130 Paint : 559.
2026-04-22 20:37:00 ------------------ 
2026-04-22 20:39:57  Vol : URUS_PA2_BC2_R31_EXT_2026 Skid: 244 Calcul Vol : 573 Color: 50.
2026-04-22 20:39:57  ---------------------------
2026-04-22 20:44:59  Vol : URUS_PA2_BC2_R31_EXT_2026 Skid: 220 Calcul Vol : 456 Color: 15.
2026-04-22 20:44:59  ---------------------------
2026-04-22 20:52:09  Vol : URUS_PA2_R31_Plastic Skid: 169 Calcul Vol : 152 Color: 51.
2026-04-22 20:52:09  ---------------------------
2026-04-22 20:57:29  Vol : HURACAN_BC2_R31_Plastic Skid: 164 Calcul Vol : 147 Color: 29.
2026-04-22 20:57:29  ---------------------------
2026-04-22 21:08:52 --- Trajectory --- 
2026-04-22 21:08:52 Prog : URUS_PA2_BC2_R31_EXT_2026 Skid: 244 Paint : 556.
2026-04-22 21:08:52 ------------------ 
2026-04-22 21:13:55 --- Trajectory --- 
2026-04-22 21:13:55 Prog : URUS_PA2_BC2_R31_EXT_2026 Skid: 220 Paint : 403.
2026-04-22 21:13:55 ------------------ 
2026-04-22 21:17:25 --- Trajectory --- 
2026-04-22 21:17:25 Prog : URUS_PA2_R31_Plastic Skid: 169 Paint : 146.
2026-04-22 21:17:25 ------------------ 
2026-04-22 21:21:52 --- Trajectory --- 
2026-04-22 21:21:52 Prog : HURACAN_BC2_R31_Plastic Skid: 164 Paint : 115.
2026-04-22 21:21:52 ------------------ 
2026-04-23 01:54:37  Vol : URUS_PA2_BC2_R31_EXT_2026 Skid: 26 Calcul Vol : 579 Color: 12.
2026-04-23 01:54:37  ---------------------------
2026-04-23 03:04:26 --- Trajectory --- 
2026-04-23 03:04:26 Prog : HURACAN_BC2_R31_EXT_new Skid: 15616 Paint : 273.
2026-04-23 03:04:26 ------------------ 
2026-04-23 03:27:49 --- Trajectory --- 
2026-04-23 03:27:49 Prog : URUS_PA2_BC2_R31_EXT_2026 Skid: 26 Paint : 563.
2026-04-23 03:27:49 ------------------ 
2026-04-23 05:54:57  Vol : URUS_PA2_BC2_R31_EXT_2026 Skid: 221 Calcul Vol : 514 Color: 9.
2026-04-23 05:54:57  ---------------------------
2026-04-23 06:18:51  Vol : HURACAN_BC2_R31_INT Skid: 29 Calcul Vol : 19 Color: 22.
2026-04-23 06:18:51  ---------------------------
2026-04-23 06:18:56  Vol : HURACAN_BC2_R31_EXT_new Skid: 29 Calcul Vol : 388 Color: 22.
2026-04-23 06:18:56  ---------------------------
2026-04-23 06:28:49  Vol : HURACAN_BC2_R31_INT Skid: 233 Calcul Vol : 18 Color: 29.
2026-04-23 06:28:49  ---------------------------
2026-04-23 06:28:55  Vol : HURACAN_BC2_R31_EXT_new Skid: 233 Calcul Vol : 231 Color: 29.
2026-04-23 06:28:55  ---------------------------
2026-04-23 06:34:39 --- Trajectory --- 
2026-04-23 06:34:39 Prog : URUS_PA2_BC2_R31_EXT_2026 Skid: 221 Paint : 496.
2026-04-23 06:34:39 ------------------ 
2026-04-23 06:37:58  Vol : HURACAN_BC2_R31_INT Skid: 131 Calcul Vol : 27 Color: 69.
2026-04-23 06:37:58  ---------------------------
2026-04-23 06:38:04  Vol : HURACAN_BC2_R31_EXT_new Skid: 131 Calcul Vol : 302 Color: 69.
2026-04-23 06:38:04  ---------------------------
2026-04-23 06:42:26 --- Trajectory INT --- 
2026-04-23 06:42:26  HURACAN_BC2_R31_INT " Skid: 29 Paint : 0.
2026-04-23 06:42:26 --- --- 
2026-04-23 06:42:29 --- Trajectory --- 
2026-04-23 06:42:29 Prog : HURACAN_BC2_R31_INT Skid: 29 Paint : 18.
2026-04-23 06:42:29 ------------------ 
2026-04-23 06:44:53 --- Trajectory --- 
2026-04-23 06:44:53 Prog : HURACAN_BC2_R31_EXT_new Skid: 29 Paint : 369.
2026-04-23 06:44:53 ------------------ 
2026-04-23 06:47:49  Vol : URUS_PA2_R31_Plastic Skid: 259 Calcul Vol : 63 Color: 99.
2026-04-23 06:47:49  ---------------------------
2026-04-23 06:52:20 --- Trajectory INT --- 
2026-04-23 06:52:20  HURACAN_BC2_R31_INT " Skid: 233 Paint : 0.
2026-04-23 06:52:20 --- --- 
2026-04-23 06:52:22 --- Trajectory --- 
2026-04-23 06:52:22 Prog : HURACAN_BC2_R31_INT Skid: 233 Paint : 17.
2026-04-23 06:52:22 ------------------ 
2026-04-23 06:52:54  Vol : URUS_PA2_BC2_R31_EXT_2026 Skid: 79 Calcul Vol : 529 Color: 99.
2026-04-23 06:52:54  ---------------------------
2026-04-23 06:54:45 --- Trajectory --- 
2026-04-23 06:54:45 Prog : HURACAN_BC2_R31_EXT_new Skid: 233 Paint : 215.
2026-04-23 06:54:45 ------------------ 
2026-04-23 07:02:01 --- Trajectory INT --- 
2026-04-23 07:02:01  HURACAN_BC2_R31_INT " Skid: 131 Paint : 0.
2026-04-23 07:02:01 --- --- 
2026-04-23 07:02:04 --- Trajectory --- 
2026-04-23 07:02:04 Prog : HURACAN_BC2_R31_INT Skid: 131 Paint : 26.
2026-04-23 07:02:04 ------------------ 
2026-04-23 07:04:27 --- Trajectory --- 
2026-04-23 07:04:27 Prog : HURACAN_BC2_R31_EXT_new Skid: 131 Paint : 284.
2026-04-23 07:04:27 ------------------ 
2026-04-23 07:19:36 --- Trajectory --- 
2026-04-23 07:19:36 Prog : URUS_PA2_R31_Plastic Skid: 259 Paint : 60.
2026-04-23 07:19:36 ------------------ 
2026-04-23 07:22:54  Vol : URUS_PA2_BC2_R31_EXT_2026 Skid: 116 Calcul Vol : 588 Color: 150.
2026-04-23 07:22:54  ---------------------------
2026-04-23 07:24:58  Vol : URUS_PA2_R31_Plastic Skid: 11 Calcul Vol : 100 Color: 150.
2026-04-23 07:24:58  ---------------------------
2026-04-23 07:27:19 --- Trajectory --- 
2026-04-23 07:27:19 Prog : URUS_PA2_BC2_R31_EXT_2026 Skid: 79 Paint : 463.
2026-04-23 07:27:19 ------------------ 
2026-04-23 07:49:02 --- Trajectory --- 
2026-04-23 07:49:02 Prog : URUS_PA2_BC2_R31_EXT_2026 Skid: 116 Paint : 572.
2026-04-23 07:49:02 ------------------ 
2026-04-23 07:51:27 --- Trajectory --- 
2026-04-23 07:51:27 Prog : URUS_PA2_R31_Plastic Skid: 11 Paint : 98.
2026-04-23 07:51:27 ------------------ 
2026-04-23 07:55:17  Vol : HURACAN_BC2_R31_INT Skid: 237 Calcul Vol : 39 Color: 62.
2026-04-23 07:55:17  ---------------------------
2026-04-23 07:55:23  Vol : HURACAN_BC2_R31_EXT_new Skid: 237 Calcul Vol : 414 Color: 62.
2026-04-23 07:55:23  ---------------------------
2026-04-23 07:59:34  Vol : HURACAN_BC2_R31_Plastic Skid: 200 Calcul Vol : 244 Color: 62.
2026-04-23 07:59:34  ---------------------------
2026-04-23 08:36:44 --- Trajectory INT --- 
2026-04-23 08:36:44  HURACAN_BC2_R31_INT " Skid: 237 Paint : 0.
2026-04-23 08:36:44 --- --- 
2026-04-23 08:36:46 --- Trajectory --- 
2026-04-23 08:36:46 Prog : HURACAN_BC2_R31_INT Skid: 237 Paint : 38.
2026-04-23 08:36:46 ------------------ 
2026-04-23 08:39:09 --- Trajectory --- 
2026-04-23 08:39:09 Prog : HURACAN_BC2_R31_EXT_new Skid: 237 Paint : 423.
2026-04-23 08:39:09 ------------------ 
2026-04-23 08:40:28  Vol : URUS_PA2_BC2_R31_EXT_2026 Skid: 49 Calcul Vol : 514 Color: 9.
2026-04-23 08:40:28  ---------------------------
2026-04-23 08:41:29 --- Trajectory --- 
2026-04-23 08:41:29 Prog : HURACAN_BC2_R31_Plastic Skid: 200 Paint : 157.
2026-04-23 08:41:29 ------------------ 
2026-04-23 08:48:46  Vol : URUS_PA2_R31_Plastic Skid: 169 Calcul Vol : 202 Color: 50.
2026-04-23 08:48:46  ---------------------------
2026-04-23 09:08:02 --- Trajectory --- 
2026-04-23 09:08:02 Prog : URUS_PA2_BC2_R31_EXT_2026 Skid: 49 Paint : 496.
2026-04-23 09:08:02 ------------------ 
2026-04-23 09:14:23 --- Trajectory --- 
2026-04-23 09:14:23 Prog : URUS_PA2_R31_Plastic Skid: 169 Paint : 196.
2026-04-23 09:14:23 ------------------ 
2026-04-23 09:16:43  Vol : URUS_PA2_R31_Plastic Skid: 186 Calcul Vol : 326 Color: 54.
2026-04-23 09:16:43  ---------------------------
2026-04-23 09:19:56  Vol : URUS_PA2_BC2_R31_EXT_2026 Skid: 20 Calcul Vol : 630 Color: 54.
2026-04-23 09:19:56  ---------------------------
2026-04-23 09:28:45  Vol : URUS_PA2_R31_Plastic Skid: 98 Calcul Vol : 134 Color: 106.
2026-04-23 09:28:45  ---------------------------
2026-04-23 09:34:16 --- Trajectory --- 
2026-04-23 09:34:16 Prog : URUS_PA2_R31_Plastic Skid: 169 Paint : 0.
2026-04-23 09:34:16 ------------------ 
2026-04-23 09:34:44  Vol : URUS_PA2_BC2_R31_EXT_2026 Skid: 81 Calcul Vol : 611 Color: 106.
2026-04-23 09:34:44  ---------------------------
2026-04-23 09:46:24 --- Trajectory --- 
2026-04-23 09:46:24 Prog : URUS_PA2_R31_Plastic Skid: 186 Paint : 316.
2026-04-23 09:46:24 ------------------ 
2026-04-23 09:51:30 --- Trajectory --- 
2026-04-23 09:51:30 Prog : URUS_PA2_BC2_R31_EXT_2026 Skid: 20 Paint : 614.
2026-04-23 09:51:30 ------------------ 
2026-04-23 09:53:15  Vol : HURACAN_BC2_R31_Plastic Skid: 234 Calcul Vol : 230 Color: 27.
2026-04-23 09:53:15  ---------------------------
2026-04-23 09:58:08  Vol : HURACAN_BC2_R31_INT Skid: 168 Calcul Vol : 25 Color: 27.
2026-04-23 09:58:08  ---------------------------
2026-04-23 09:58:14  Vol : HURACAN_BC2_R31_EXT_new Skid: 168 Calcul Vol : 301 Color: 27.
2026-04-23 09:58:14  ---------------------------
2026-04-23 09:58:34 --- Trajectory --- 
2026-04-23 09:58:34 Prog : URUS_PA2_R31_Plastic Skid: 98 Paint : 131.
2026-04-23 09:58:34 ------------------ 
2026-04-23 10:05:35 --- Trajectory --- 
2026-04-23 10:05:35 Prog : URUS_PA2_BC2_R31_EXT_2026 Skid: 81 Paint : 595.
2026-04-23 10:05:35 ------------------ 
2026-04-23 10:19:25 --- Trajectory --- 
2026-04-23 10:19:25 Prog : HURACAN_BC2_R31_Plastic Skid: 234 Paint : 177.
2026-04-23 10:19:25 ------------------ 
2026-04-23 10:26:08 --- Trajectory INT --- 
2026-04-23 10:26:08  HURACAN_BC2_R31_INT " Skid: 168 Paint : 0.
2026-04-23 10:26:08 --- --- 
2026-04-23 10:26:11 --- Trajectory --- 
2026-04-23 10:26:11 Prog : HURACAN_BC2_R31_INT Skid: 168 Paint : 24.
2026-04-23 10:26:11 ------------------ 
2026-04-23 10:28:34 --- Trajectory --- 
2026-04-23 10:28:34 Prog : HURACAN_BC2_R31_EXT_new Skid: 168 Paint : 284.
2026-04-23 10:28:34 ------------------ 
2026-04-23 10:30:14  Vol : URUS_PA2_BC2_R31_EXT_2026 Skid: 244 Calcul Vol : 506 Color: 51.
2026-04-23 10:30:14  ---------------------------
2026-04-23 10:41:04  Vol : HURACAN_BC2_R31_INT Skid: 52 Calcul Vol : 30 Color: 13.
2026-04-23 10:41:04  ---------------------------
2026-04-23 10:41:10  Vol : HURACAN_BC2_R31_EXT_new Skid: 52 Calcul Vol : 227 Color: 13.
2026-04-23 10:41:10  ---------------------------
2026-04-23 11:01:27 --- Trajectory --- 
2026-04-23 11:01:27 Prog : URUS_PA2_BC2_R31_EXT_2026 Skid: 244 Paint : 498.
2026-04-23 11:01:27 ------------------ 
2026-04-23 11:04:53 --- Trajectory --- 
2026-04-23 11:04:53 Prog : URUS_PA2_BC2_R31_EXT_2026 Skid: 244 Paint : 0.
2026-04-23 11:04:53 ------------------ 
2026-04-23 11:13:08 --- Trajectory INT --- 
2026-04-23 11:13:08  HURACAN_BC2_R31_INT " Skid: 52 Paint : 0.
2026-04-23 11:13:08 --- --- 
2026-04-23 11:13:10 --- Trajectory --- 
2026-04-23 11:13:10 Prog : HURACAN_BC2_R31_INT Skid: 52 Paint : 30.
2026-04-23 11:13:10 ------------------ 
2026-04-23 11:15:03 --- Trajectory --- 
2026-04-23 11:15:03 Prog : HURACAN_BC2_R31_EXT_new Skid: 52 Paint : 222.
2026-04-23 11:15:03 ------------------ 
2026-04-23 11:16:52 --- Trajectory --- 
2026-04-23 11:16:52 Prog : HURACAN_BC2_R31_EXT_new Skid: 52 Paint : 0.
2026-04-23 11:16:52 ------------------ 
2026-04-23 11:25:18 --- Trajectory --- 
2026-04-23 11:25:18 Prog : HURACAN_BC2_R31_EXT_new Skid: 52 Paint : 0.
2026-04-23 11:25:18 ------------------ 
2026-04-23 11:38:17  Vol : HURACAN_BC2_R31_Plastic Skid: 164 Calcul Vol : 158 Color: 34.
2026-04-23 11:38:17  ---------------------------
2026-04-23 11:44:47  Vol : HURACAN_BC2_R31_INT Skid: 208 Calcul Vol : 18 Color: 34.
2026-04-23 11:44:47  ---------------------------
2026-04-23 11:44:53  Vol : HURACAN_BC2_R31_EXT_new Skid: 208 Calcul Vol : 243 Color: 34.
2026-04-23 11:44:53  ---------------------------
2026-04-23 11:57:22  Vol : URUS_PA2_R31_Plastic Skid: 169 Calcul Vol : 150 Color: 51.
2026-04-23 11:57:22  ---------------------------
2026-04-23 12:13:58 --- Trajectory --- 
2026-04-23 12:13:58 Prog : HURACAN_BC2_R31_Plastic Skid: 164 Paint : 116.
2026-04-23 12:13:58 ------------------ 
2026-04-23 12:17:50 --- Trajectory INT --- 
2026-04-23 12:17:50  HURACAN_BC2_R31_INT " Skid: 208 Paint : 0.
2026-04-23 12:17:50 --- --- 
2026-04-23 12:17:52 --- Trajectory --- 
2026-04-23 12:17:52 Prog : HURACAN_BC2_R31_INT Skid: 208 Paint : 17.
2026-04-23 12:17:52 ------------------ 
2026-04-23 12:20:15 --- Trajectory --- 
2026-04-23 12:20:15 Prog : HURACAN_BC2_R31_EXT_new Skid: 208 Paint : 227.
2026-04-23 12:20:15 ------------------ 
2026-04-23 12:31:11 --- Trajectory --- 
2026-04-23 12:31:11 Prog : URUS_PA2_R31_Plastic Skid: 169 Paint : 144.
2026-04-23 12:31:11 ------------------ 
2026-04-23 13:08:56  Vol : HURACAN_BC2_R31_INT Skid: 24 Calcul Vol : 23 Color: 53.
2026-04-23 13:08:56  ---------------------------
2026-04-23 13:09:02  Vol : HURACAN_BC2_R31_EXT_new Skid: 24 Calcul Vol : 281 Color: 53.
2026-04-23 13:09:02  ---------------------------
2026-04-23 13:12:00  Vol : HURACAN_BC2_R31_Plastic Skid: 46 Calcul Vol : 213 Color: 53.
2026-04-23 13:12:00  ---------------------------
2026-04-23 13:18:45  Vol : URUS_PA2_BC2_R31_EXT_2026 Skid: 126 Calcul Vol : 490 Color: 34.
2026-04-23 13:18:45  ---------------------------
2026-04-23 13:23:14  Vol : URUS_PA2_BC2_R31_EXT_2026 Skid: 78 Calcul Vol : 510 Color: 9.
2026-04-23 13:23:14  ---------------------------
2026-04-23 13:32:25  Vol : URUS_PA2_R31_Plastic Skid: 7 Calcul Vol : 63 Color: 35.
2026-04-23 13:32:25  ---------------------------
2026-04-23 13:37:14 --- Trajectory INT --- 
2026-04-23 13:37:14  HURACAN_BC2_R31_INT " Skid: 24 Paint : 0.
2026-04-23 13:37:14 --- --- 
2026-04-23 13:37:16 --- Trajectory --- 
2026-04-23 13:37:16 Prog : HURACAN_BC2_R31_INT Skid: 24 Paint : 22.
2026-04-23 13:37:16 ------------------ 
2026-04-23 13:39:38 --- Trajectory --- 
2026-04-23 13:39:38 Prog : HURACAN_BC2_R31_EXT_new Skid: 24 Paint : 264.
2026-04-23 13:39:38 ------------------ 
2026-04-23 13:42:30 --- Trajectory --- 
2026-04-23 13:42:30 Prog : HURACAN_BC2_R31_Plastic Skid: 46 Paint : 166.
2026-04-23 13:42:30 ------------------ 
2026-04-23 13:46:23  Vol : URUS_PA2_BC2_R31_EXT_2026 Skid: 85 Calcul Vol : 460 Color: 15.
2026-04-23 13:46:23  ---------------------------
2026-04-23 13:49:02 --- Trajectory --- 
2026-04-23 13:49:02 Prog : URUS_PA2_BC2_R31_EXT_2026 Skid: 126 Paint : 430.
2026-04-23 13:49:02 ------------------ 
2026-04-23 13:54:45 --- Trajectory --- 
2026-04-23 13:54:45 Prog : URUS_PA2_BC2_R31_EXT_2026 Skid: 78 Paint : 511.
2026-04-23 13:54:45 ------------------ 
2026-04-23 14:00:12 --- Trajectory --- 
2026-04-23 14:00:12 Prog : URUS_PA2_R31_Plastic Skid: 7 Paint : 61.
2026-04-23 14:00:12 ------------------ 
2026-04-23 14:14:39  Vol : URUS_PA2_R31_Plastic Skid: 102 Calcul Vol : 208 Color: 15.
2026-04-23 14:14:39  ---------------------------
2026-04-23 14:19:34 --- Trajectory --- 
2026-04-23 14:19:34 Prog : URUS_PA2_BC2_R31_EXT_2026 Skid: 85 Paint : 442.
2026-04-23 14:19:34 ------------------ 
2026-04-23 14:38:44 --- Trajectory --- 
2026-04-23 14:38:44 Prog : URUS_PA2_R31_Plastic Skid: 102 Paint : 203.
2026-04-23 14:38:44 ------------------ 
2026-04-23 14:47:40  Vol : URUS_PA2_R31_Plastic Skid: 67 Calcul Vol : 59 Color: 20.
2026-04-23 14:47:40  ---------------------------
2026-04-23 14:51:51  Vol : HURACAN_BC2_R31_Plastic Skid: 45 Calcul Vol : 230 Color: 22.
2026-04-23 14:51:51  ---------------------------
2026-04-23 15:11:57 --- Trajectory --- 
2026-04-23 15:11:57 Prog : URUS_PA2_R31_Plastic Skid: 67 Paint : 56.
2026-04-23 15:11:57 ------------------ 
2026-04-23 15:16:50 --- Trajectory --- 
2026-04-23 15:16:50 Prog : HURACAN_BC2_R31_Plastic Skid: 45 Paint : 170.
2026-04-23 15:16:50 ------------------ 
2026-04-23 15:19:25  Vol : URUS_PA2_R31_Plastic Skid: 149 Calcul Vol : 118 Color: 75.
2026-04-23 15:19:25  ---------------------------
2026-04-23 15:23:00  Vol : URUS_PA2_BC2_R31_EXT_2026 Skid: 66 Calcul Vol : 695 Color: 75.
2026-04-23 15:23:00  ---------------------------
2026-04-23 15:35:03  Vol : URUS_PA2_BC2_R31_EXT_2026 Skid: 4 Calcul Vol : 573 Color: 50.
2026-04-23 15:35:03  ---------------------------
2026-04-23 15:39:10 --- Trajectory --- 
2026-04-23 15:39:10 Prog : URUS_PA2_R31_Plastic Skid: 149 Paint : 116.
2026-04-23 15:39:10 ------------------ 
2026-04-23 15:40:28  Vol : HURACAN_BC2_R31_INT Skid: 105 Calcul Vol : 19 Color: 22.
2026-04-23 15:40:28  ---------------------------
2026-04-23 15:40:34  Vol : HURACAN_BC2_R31_EXT_new Skid: 105 Calcul Vol : 388 Color: 22.
2026-04-23 15:40:34  ---------------------------
2026-04-23 15:51:02  Vol : URUS_PA2_R31_Plastic Skid: 180 Calcul Vol : 201 Color: 50.
2026-04-23 15:51:02  ---------------------------
2026-04-23 15:51:09 --- Trajectory --- 
2026-04-23 15:51:09 Prog : URUS_PA2_BC2_R31_EXT_2026 Skid: 66 Paint : 596.
2026-04-23 15:51:09 ------------------ 
2026-04-23 16:02:27 --- Trajectory --- 
2026-04-23 16:02:27 Prog : URUS_PA2_BC2_R31_EXT_2026 Skid: 4 Paint : 556.
2026-04-23 16:02:27 ------------------ 
2026-04-23 16:03:39  Vol : HURACAN_BC2_R31_Plastic Skid: 164 Calcul Vol : 228 Color: 35.
2026-04-23 16:03:39  ---------------------------
2026-04-23 16:04:28 --- Trajectory INT --- 
2026-04-23 16:04:28  HURACAN_BC2_R31_INT " Skid: 105 Paint : 0.
2026-04-23 16:04:28 --- --- 
2026-04-23 16:04:31 --- Trajectory --- 
2026-04-23 16:04:31 Prog : HURACAN_BC2_R31_INT Skid: 105 Paint : 18.
2026-04-23 16:04:31 ------------------ 
2026-04-23 16:06:19  Vol : HURACAN_BC2_R31_INT Skid: 208 Calcul Vol : 23 Color: 35.
2026-04-23 16:06:19  ---------------------------
2026-04-23 16:06:25  Vol : HURACAN_BC2_R31_EXT_new Skid: 208 Calcul Vol : 303 Color: 35.
2026-04-23 16:06:25  ---------------------------
2026-04-23 16:06:53 --- Trajectory --- 
2026-04-23 16:06:53 Prog : HURACAN_BC2_R31_EXT_new Skid: 105 Paint : 369.
2026-04-23 16:06:53 ------------------ 
2026-04-23 16:13:21 --- Trajectory --- 
2026-04-23 16:13:21 Prog : URUS_PA2_R31_Plastic Skid: 180 Paint : 196.
2026-04-23 16:13:21 ------------------ 
2026-04-23 16:14:33  Vol : URUS_PA2_BC2_R31_EXT_2026 Skid: 59 Calcul Vol : 576 Color: 11.
2026-04-23 16:14:33  ---------------------------
2026-04-23 16:24:10 --- Trajectory --- 
2026-04-23 16:24:10 Prog : HURACAN_BC2_R31_Plastic Skid: 164 Paint : 178.
2026-04-23 16:24:10 ------------------ 
2026-04-23 16:28:09 --- Trajectory INT --- 
2026-04-23 16:28:09  HURACAN_BC2_R31_INT " Skid: 208 Paint : 0.
2026-04-23 16:28:09 --- --- 
2026-04-23 16:28:12 --- Trajectory --- 
2026-04-23 16:28:12 Prog : HURACAN_BC2_R31_INT Skid: 208 Paint : 22.
2026-04-23 16:28:12 ------------------ 
2026-04-23 16:30:34 --- Trajectory --- 
2026-04-23 16:30:34 Prog : HURACAN_BC2_R31_EXT_new Skid: 208 Paint : 286.
2026-04-23 16:30:34 ------------------ 
2026-04-23 16:34:02  Vol : URUS_PA2_BC2_R31_EXT_2026 Skid: 133 Calcul Vol : 756 Color: 27.
2026-04-23 16:34:02  ---------------------------
2026-04-23 16:44:35 --- Trajectory --- 
2026-04-23 16:44:35 Prog : URUS_PA2_BC2_R31_EXT_2026 Skid: 59 Paint : 559.
2026-04-23 16:44:35 ------------------ 
2026-04-23 16:56:02  Vol : URUS_PA2_BC2_R31_EXT_2026 Skid: 126 Calcul Vol : 540 Color: 35.
2026-04-23 16:56:02  ---------------------------
2026-04-23 16:59:21 --- Trajectory --- 
2026-04-23 16:59:21 Prog : URUS_PA2_BC2_R31_EXT_2026 Skid: 133 Paint : 741.
2026-04-23 16:59:21 ------------------ 
2026-04-23 17:00:27  Vol : URUS_PA2_R31_Plastic Skid: 98 Calcul Vol : 292 Color: 27.
2026-04-23 17:00:27  ---------------------------
2026-04-23 17:13:27  Vol : URUS_PA2_BC2_R31_EXT_2026 Skid: 204 Calcul Vol : 571 Color: 11.
2026-04-23 17:13:27  ---------------------------
2026-04-23 17:29:42 --- Trajectory --- 
2026-04-23 17:29:42 Prog : URUS_PA2_BC2_R31_EXT_2026 Skid: 126 Paint : 476.
2026-04-23 17:29:42 ------------------ 
2026-04-23 17:34:55 --- Trajectory --- 
2026-04-23 17:34:55 Prog : URUS_PA2_R31_Plastic Skid: 98 Paint : 285.
2026-04-23 17:34:55 ------------------ 
2026-04-23 17:49:20 --- Trajectory --- 
2026-04-23 17:49:20 Prog : URUS_PA2_BC2_R31_EXT_2026 Skid: 204 Paint : 511.
2026-04-23 17:49:20 ------------------ 
2026-04-23 18:17:07  Vol : HURACAN_BC2_R31_INT Skid: 160 Calcul Vol : 25 Color: 99.
2026-04-23 18:17:07  ---------------------------
2026-04-23 18:17:12  Default Volume : HURACAN_SP_EXT_BC2_R31 Skid: 160.
2026-04-23 18:17:14  Vol : HURACAN_SP_EXT_BC2_R31 Skid: 160 Calcul Vol : 600 Color: 99.
2026-04-23 18:17:14  ---------------------------
2026-04-23 18:37:58 --- Trajectory INT --- 
2026-04-23 18:37:58  HURACAN_BC2_R31_INT " Skid: 160 Paint : 0.
2026-04-23 18:37:58 --- --- 
2026-04-23 18:38:00 --- Trajectory --- 
2026-04-23 18:38:00 Prog : HURACAN_BC2_R31_INT Skid: 160 Paint : 24.
2026-04-23 18:38:00 ------------------ 
2026-04-23 18:40:52 --- Trajectory --- 
2026-04-23 18:40:52 Prog : HURACAN_SP_EXT_BC2_R31 Skid: 160 Paint : 307.
2026-04-23 18:40:52 ------------------ 
2026-04-23 18:42:00  Vol : URUS_PA2_BC2_R31_EXT_2026 Skid: 152 Calcul Vol : 413 Color: 20.
2026-04-23 18:42:00  ---------------------------
2026-04-23 19:08:30 --- Trajectory --- 
2026-04-23 19:08:30 Prog : URUS_PA2_BC2_R31_EXT_2026 Skid: 152 Paint : 349.
2026-04-23 19:08:30 ------------------ 
2026-04-23 19:15:55  Vol : URUS_PA2_BC2_R31_EXT_2026 Skid: 207 Calcul Vol : 586 Color: 16.
2026-04-23 19:15:55  ---------------------------
2026-04-23 19:25:22  Vol : URUS_PA2_R31_Plastic Skid: 186 Calcul Vol : 174 Color: 75.
2026-04-23 19:25:22  ---------------------------
2026-04-23 19:34:44  Vol : URUS_PA2_BC2_R31_EXT_2026 Skid: 4 Calcul Vol : 506 Color: 51.
2026-04-23 19:34:44  ---------------------------
2026-04-23 19:36:56  Vol : URUS_PA2_R31_Plastic Skid: 180 Calcul Vol : 150 Color: 51.
2026-04-23 19:36:57  ---------------------------
2026-04-23 19:42:15 --- Trajectory --- 
2026-04-23 19:42:15 Prog : URUS_PA2_BC2_R31_EXT_2026 Skid: 207 Paint : 569.
2026-04-23 19:42:15 ------------------ 
2026-04-23 19:48:36 --- Trajectory --- 
2026-04-23 19:48:36 Prog : URUS_PA2_R31_Plastic Skid: 186 Paint : 170.
2026-04-23 19:48:36 ------------------ 
2026-04-23 20:04:39 --- Trajectory --- 
2026-04-23 20:04:39 Prog : URUS_PA2_BC2_R31_EXT_2026 Skid: 4 Paint : 498.
2026-04-23 20:04:39 ------------------ 
2026-04-23 20:07:37  Vol : HURACAN_BC2_R31_INT Skid: 166 Calcul Vol : 30 Color: 13.
2026-04-23 20:07:37  ---------------------------
2026-04-23 20:07:43  Vol : HURACAN_BC2_R31_EXT_new Skid: 166 Calcul Vol : 227 Color: 13.
2026-04-23 20:07:43  ---------------------------
2026-04-23 20:08:21 --- Trajectory --- 
2026-04-23 20:08:21 Prog : URUS_PA2_R31_Plastic Skid: 180 Paint : 144.
2026-04-23 20:08:21 ------------------ 
2026-04-23 20:34:56 --- Trajectory INT --- 
2026-04-23 20:34:56  HURACAN_BC2_R31_INT " Skid: 166 Paint : 0.
2026-04-23 20:34:56 --- --- 
2026-04-23 20:34:58 --- Trajectory --- 
2026-04-23 20:34:58 Prog : HURACAN_BC2_R31_INT Skid: 166 Paint : 30.
2026-04-23 20:34:58 ------------------ 
2026-04-23 20:36:50 --- Trajectory --- 
2026-04-23 20:36:50 Prog : HURACAN_BC2_R31_EXT_new Skid: 166 Paint : 222.
2026-04-23 20:36:50 ------------------ 
2026-04-23 20:42:56  Vol : HURACAN_BC2_R31_Plastic Skid: 110 Calcul Vol : 167 Color: 53.
2026-04-23 20:42:56  ---------------------------
2026-04-23 20:52:42  Vol : HURACAN_BC2_R31_INT Skid: 33 Calcul Vol : 23 Color: 53.
2026-04-23 20:52:42  ---------------------------
2026-04-23 20:52:48  Vol : HURACAN_BC2_R31_EXT_new Skid: 33 Calcul Vol : 145 Color: 53.
2026-04-23 20:52:48  ---------------------------
2026-04-23 21:07:39 --- Trajectory --- 
2026-04-23 21:07:39 Prog : HURACAN_BC2_R31_Plastic Skid: 110 Paint : 132.
2026-04-23 21:07:39 ------------------ 
2026-04-23 21:13:46 --- Trajectory INT --- 
2026-04-23 21:13:46  HURACAN_BC2_R31_INT " Skid: 33 Paint : 0.
2026-04-23 21:13:46 --- --- 
2026-04-23 21:13:48 --- Trajectory --- 
2026-04-23 21:13:48 Prog : HURACAN_BC2_R31_INT Skid: 33 Paint : 22.
2026-04-23 21:13:48 ------------------ 
2026-04-23 21:21:53 --- Trajectory --- 
2026-04-23 21:21:53 Prog : HURACAN_BC2_R31_EXT_new Skid: 33 Paint : 264.
2026-04-23 21:21:53 ------------------ 
2026-04-24 00:40:33  Vol : URUS_PA2_BC2_R31_EXT_2026 Skid: 26 Calcul Vol : 579 Color: 12.
2026-04-24 00:40:33  ---------------------------
2026-04-24 03:14:25 --- Trajectory --- 
2026-04-24 03:14:25 Prog : HURACAN_BC2_R31_EXT_new Skid: 15621 Paint : 273.
2026-04-24 03:14:25 ------------------ 
2026-04-24 03:32:12 --- Trajectory --- 
2026-04-24 03:32:12 Prog : URUS_PA2_BC2_R31_EXT_2026 Skid: 26 Paint : 563.
2026-04-24 03:32:12 ------------------ 
2026-04-24 03:36:43  Vol : URUS_PA2_BC2_R31_EXT_2026 Skid: 81 Calcul Vol : 611 Color: 106.
2026-04-24 03:36:43  ---------------------------
2026-04-24 06:07:16 --- Trajectory --- 
2026-04-24 06:07:16 Prog : URUS_PA2_BC2_R31_EXT_2026 Skid: 81 Paint : 162.
2026-04-24 06:07:16 ------------------ 
2026-04-24 06:38:53  Vol : HURACAN_BC2_R31_INT Skid: 105 Calcul Vol : 19 Color: 22.
2026-04-24 06:38:53  ---------------------------
2026-04-24 06:38:58  Vol : HURACAN_BC2_R31_EXT_new Skid: 105 Calcul Vol : 388 Color: 22.
2026-04-24 06:38:59  ---------------------------
2026-04-24 07:21:37  Vol : HURACAN_BC2_R31_INT Skid: 105 Calcul Vol : 19 Color: 22.
2026-04-24 07:21:37  ---------------------------
2026-04-24 07:21:43  Vol : HURACAN_BC2_R31_EXT_new Skid: 105 Calcul Vol : 388 Color: 22.
2026-04-24 07:21:43  ---------------------------
2026-04-24 07:41:44 --- Trajectory INT --- 
2026-04-24 07:41:44  HURACAN_BC2_R31_INT " Skid: 105 Paint : 0.
2026-04-24 07:41:44 --- --- 
2026-04-24 07:41:47 --- Trajectory --- 
2026-04-24 07:41:47 Prog : HURACAN_BC2_R31_INT Skid: 105 Paint : 18.
2026-04-24 07:41:47 ------------------ 
2026-04-24 07:44:11 --- Trajectory --- 
2026-04-24 07:44:11 Prog : HURACAN_BC2_R31_EXT_new Skid: 105 Paint : 369.
2026-04-24 07:44:11 ------------------ 
2026-04-24 08:00:27  Vol : HURACAN_BC2_R31_INT Skid: 206 Calcul Vol : 29 Color: 9.
2026-04-24 08:00:27  ---------------------------
2026-04-24 08:00:33  Vol : HURACAN_BC2_R31_EXT_new Skid: 206 Calcul Vol : 254 Color: 9.
2026-04-24 08:00:33  ---------------------------
2026-04-24 08:14:52  Vol : HURACAN_BC2_R31_Plastic Skid: 46 Calcul Vol : 136 Color: 9.
2026-04-24 08:14:52  ---------------------------
2026-04-24 08:34:35 --- Trajectory INT --- 
2026-04-24 08:34:35  HURACAN_BC2_R31_INT " Skid: 206 Paint : 0.
2026-04-24 08:34:35 --- --- 
2026-04-24 08:34:38 --- Trajectory --- 
2026-04-24 08:34:38 Prog : HURACAN_BC2_R31_INT Skid: 206 Paint : 29.
2026-04-24 08:34:38 ------------------ 
2026-04-24 08:37:16 --- Trajectory --- 
2026-04-24 08:37:16 Prog : HURACAN_BC2_R31_EXT_new Skid: 206 Paint : 263.
2026-04-24 08:37:16 ------------------ 
2026-04-24 08:44:23  Vol : URUS_PA2_BC2_R31_EXT_2026 Skid: 221 Calcul Vol : 673 Color: 75.
2026-04-24 08:44:23  ---------------------------
2026-04-24 08:46:23 --- Trajectory --- 
2026-04-24 08:46:23 Prog : HURACAN_BC2_R31_Plastic Skid: 46 Paint : 118.
2026-04-24 08:46:23 ------------------ 
2026-04-24 08:49:10  Vol : URUS_PA2_R31_Plastic Skid: 169 Calcul Vol : 215 Color: 97.
2026-04-24 08:49:10  ---------------------------
2026-04-24 09:23:59 --- Trajectory --- 
2026-04-24 09:23:59 Prog : URUS_PA2_BC2_R31_EXT_2026 Skid: 221 Paint : 658.
2026-04-24 09:23:59 ------------------ 
2026-04-24 09:26:38  Vol : URUS_PA2_R31_Plastic Skid: 7 Calcul Vol : 117 Color: 18.
2026-04-24 09:26:38  ---------------------------
2026-04-24 09:27:38 --- Trajectory --- 
2026-04-24 09:27:38 Prog : URUS_PA2_R31_Plastic Skid: 169 Paint : 209.
2026-04-24 09:27:38 ------------------ 
2026-04-24 09:39:58  Vol : HURACAN_BC2_R31_INT Skid: 208 Calcul Vol : 18 Color: 34.
2026-04-24 09:39:58  ---------------------------
2026-04-24 09:40:04  Vol : HURACAN_BC2_R31_EXT_new Skid: 208 Calcul Vol : 243 Color: 34.
2026-04-24 09:40:04  ---------------------------
2026-04-24 09:49:20  Vol : HURACAN_BC2_R31_Plastic Skid: 110 Calcul Vol : 158 Color: 34.
2026-04-24 09:49:20  ---------------------------
2026-04-24 09:52:09 --- Trajectory --- 
2026-04-24 09:52:09 Prog : URUS_PA2_R31_Plastic Skid: 7 Paint : 113.
2026-04-24 09:52:09 ------------------ 
2026-04-24 09:56:56  Vol : HURACAN_BC2_R31_INT Skid: 232 Calcul Vol : 18 Color: 34.
2026-04-24 09:56:56  ---------------------------
2026-04-24 09:57:02  Vol : HURACAN_BC2_R31_EXT_new Skid: 232 Calcul Vol : 243 Color: 34.
2026-04-24 09:57:02  ---------------------------
2026-04-24 10:10:04 --- Trajectory INT --- 
2026-04-24 10:10:04  HURACAN_BC2_R31_INT " Skid: 208 Paint : 0.
2026-04-24 10:10:04 --- --- 
2026-04-24 10:10:06 --- Trajectory --- 
2026-04-24 10:10:06 Prog : HURACAN_BC2_R31_INT Skid: 208 Paint : 17.
2026-04-24 10:10:06 ------------------ 
2026-04-24 10:12:29 --- Trajectory --- 
2026-04-24 10:12:29 Prog : HURACAN_BC2_R31_EXT_new Skid: 208 Paint : 227.
2026-04-24 10:12:29 ------------------ 
2026-04-24 10:19:37 --- Trajectory --- 
2026-04-24 10:19:37 Prog : HURACAN_BC2_R31_Plastic Skid: 110 Paint : 116.
2026-04-24 10:19:37 ------------------ 
2026-04-24 10:23:23 --- Trajectory INT --- 
2026-04-24 10:23:23  HURACAN_BC2_R31_INT " Skid: 232 Paint : 0.
2026-04-24 10:23:23 --- --- 
2026-04-24 10:23:25 --- Trajectory --- 
2026-04-24 10:23:25 Prog : HURACAN_BC2_R31_INT Skid: 232 Paint : 17.
2026-04-24 10:23:25 ------------------ 
2026-04-24 10:23:55  Vol : URUS_PA2_R31_Plastic Skid: 67 Calcul Vol : 169 Color: 68.
2026-04-24 10:23:55  ---------------------------
2026-04-24 10:25:47 --- Trajectory --- 
2026-04-24 10:25:47 Prog : HURACAN_BC2_R31_EXT_new Skid: 232 Paint : 227.
2026-04-24 10:25:47 ------------------ 
2026-04-24 10:29:03  Vol : URUS_PA2_BC2_R31_EXT_2026 Skid: 130 Calcul Vol : 503 Color: 68.
2026-04-24 10:29:03  ---------------------------
2026-04-24 10:32:34  Vol : URUS_PA2_BC2_R31_EXT_2026 Skid: 61 Calcul Vol : 576 Color: 11.
2026-04-24 10:32:34  ---------------------------
2026-04-24 10:43:41 --- Trajectory --- 
2026-04-24 10:43:41 Prog : URUS_PA2_R31_Plastic Skid: 67 Paint : 164.
2026-04-24 10:43:41 ------------------ 
2026-04-24 10:53:01 --- Trajectory --- 
2026-04-24 10:53:01 Prog : URUS_PA2_BC2_R31_EXT_2026 Skid: 130 Paint : 485.
2026-04-24 10:53:01 ------------------ 
2026-04-24 10:55:16  Vol : HURACAN_BC2_R31_Plastic Skid: 194 Calcul Vol : 439 Color: 146.
2026-04-24 10:55:16  ---------------------------
2026-04-24 10:57:47  Vol : HURACAN_BC2_R31_INT Skid: 156 Calcul Vol : 26 Color: 146.
2026-04-24 10:57:47  ---------------------------
2026-04-24 10:57:53  Vol : HURACAN_BC2_R31_EXT_new Skid: 156 Calcul Vol : 343 Color: 146.
2026-04-24 10:57:53  ---------------------------
2026-04-24 10:59:52 --- Trajectory --- 
2026-04-24 10:59:52 Prog : URUS_PA2_BC2_R31_EXT_2026 Skid: 61 Paint : 559.
2026-04-24 10:59:52 ------------------ 
2026-04-24 11:07:29  Vol : URUS_PA2_BC2_R31_EXT_2026 Skid: 212 Calcul Vol : 687 Color: 137.
2026-04-24 11:07:29  ---------------------------
2026-04-24 11:17:40  Vol : URUS_PA2_R31_Plastic Skid: 102 Calcul Vol : 86 Color: 99.
2026-04-24 11:17:40  ---------------------------
2026-04-24 11:27:29  Vol : URUS_PA2_BC2_R31_EXT_2026 Skid: 68 Calcul Vol : 529 Color: 99.
2026-04-24 11:27:29  ---------------------------
2026-04-24 11:31:19 --- Trajectory --- 
2026-04-24 11:31:19 Prog : HURACAN_BC2_R31_Plastic Skid: 194 Paint : 178.
2026-04-24 11:31:19 ------------------ 
2026-04-24 11:33:16 --- Trajectory INT --- 
2026-04-24 11:33:16  HURACAN_BC2_R31_INT " Skid: 156 Paint : 0.
2026-04-24 11:33:16 --- --- 
2026-04-24 11:33:18 --- Trajectory --- 
2026-04-24 11:33:18 Prog : HURACAN_BC2_R31_INT Skid: 156 Paint : 26.
2026-04-24 11:33:18 ------------------ 
2026-04-24 11:35:41 --- Trajectory --- 
2026-04-24 11:35:41 Prog : HURACAN_BC2_R31_EXT_new Skid: 156 Paint : 324.
2026-04-24 11:35:41 ------------------ 
2026-04-24 11:38:12  Vol : URUS_PA2_BC2_R31_EXT_2026 Skid: 20 Calcul Vol : 614 Color: 97.
2026-04-24 11:38:12  ---------------------------
2026-04-24 11:45:42 --- Trajectory --- 
2026-04-24 11:45:42 Prog : URUS_PA2_BC2_R31_EXT_2026 Skid: 212 Paint : 161.
2026-04-24 11:45:42 ------------------ 
2026-04-24 11:48:55 --- Trajectory --- 
2026-04-24 11:48:55 Prog : URUS_PA2_R31_Plastic Skid: 102 Paint : 81.
2026-04-24 11:48:55 ------------------ 
2026-04-24 11:55:52 --- Trajectory --- 
2026-04-24 11:55:52 Prog : URUS_PA2_BC2_R31_EXT_2026 Skid: 68 Paint : 463.
2026-04-24 11:55:52 ------------------ 
2026-04-24 12:05:11  Vol : HURACAN_BC2_R31_Plastic Skid: 200 Calcul Vol : 237 Color: 106.
2026-04-24 12:05:11  ---------------------------
2026-04-24 12:09:39  Vol : HURACAN_BC2_R31_INT Skid: 210 Calcul Vol : 28 Color: 106.
2026-04-24 12:09:39  ---------------------------
2026-04-24 12:09:45  Vol : HURACAN_BC2_R31_EXT_new Skid: 210 Calcul Vol : 356 Color: 106.
2026-04-24 12:09:45  ---------------------------
2026-04-24 12:11:45 --- Trajectory --- 
2026-04-24 12:11:45 Prog : URUS_PA2_BC2_R31_EXT_2026 Skid: 20 Paint : 598.
2026-04-24 12:11:45 ------------------ 
2026-04-24 12:29:06 --- Trajectory --- 
