2026-05-04 17:48:56  HURACAN_BC2_R31_INT " Skid: 207 Paint : 0.
2026-05-04 17:48:56 --- --- 
2026-05-04 17:48:58 --- Trajectory --- 
2026-05-04 17:48:58 Prog : HURACAN_BC2_R31_INT Skid: 207 Paint : 17.
2026-05-04 17:48:58 ------------------ 
2026-05-04 17:51:20 --- Trajectory --- 
2026-05-04 17:51:21 Prog : HURACAN_BC2_R31_EXT_new Skid: 207 Paint : 193.
2026-05-04 17:51:21 ------------------ 
2026-05-04 18:07:54  Vol : HURACAN_BC2_R31_INT Skid: 223 Calcul Vol : 18 Color: 18.
2026-05-04 18:07:54  ---------------------------
2026-05-04 18:07:59  Vol : HURACAN_BC2_R31_EXT_new Skid: 223 Calcul Vol : 218 Color: 18.
2026-05-04 18:07:59  ---------------------------
2026-05-04 18:17:10  Vol : HURACAN_BC2_R31_Plastic Skid: 39 Calcul Vol : 218 Color: 27.
2026-05-04 18:17:10  ---------------------------
2026-05-04 18:30:01 --- Trajectory INT --- 
2026-05-04 18:30:01  HURACAN_BC2_R31_INT " Skid: 223 Paint : 0.
2026-05-04 18:30:01 --- --- 
2026-05-04 18:30:04 --- Trajectory --- 
2026-05-04 18:30:04 Prog : HURACAN_BC2_R31_INT Skid: 223 Paint : 17.
2026-05-04 18:30:04 ------------------ 
2026-05-04 18:32:26 --- Trajectory --- 
2026-05-04 18:32:26 Prog : HURACAN_BC2_R31_EXT_new Skid: 223 Paint : 197.
2026-05-04 18:32:26 ------------------ 
2026-05-04 18:40:22 --- Trajectory --- 
2026-05-04 18:40:22 Prog : HURACAN_BC2_R31_Plastic Skid: 39 Paint : 177.
2026-05-04 18:40:22 ------------------ 
2026-05-04 18:51:34  Vol : URUS_PA2_R31_Plastic Skid: 175 Calcul Vol : 345 Color: 27.
2026-05-04 18:51:34  ---------------------------
2026-05-04 18:59:50  Vol : URUS_PA2_R31_Plastic Skid: 98 Calcul Vol : 71 Color: 53.
2026-05-04 18:59:50  ---------------------------
2026-05-04 19:07:17  Vol : URUS_PA2_R31_Plastic Skid: 180 Calcul Vol : 313 Color: 27.
2026-05-04 19:07:17  ---------------------------
2026-05-04 19:15:05 --- Trajectory --- 
2026-05-04 19:15:05 Prog : URUS_PA2_R31_Plastic Skid: 175 Paint : 335.
2026-05-04 19:15:05 ------------------ 
2026-05-04 19:18:20 --- Trajectory --- 
2026-05-04 19:18:20 Prog : URUS_PA2_R31_Plastic Skid: 98 Paint : 66.
2026-05-04 19:18:20 ------------------ 
2026-05-04 19:28:31 --- Trajectory --- 
2026-05-04 19:28:31 Prog : URUS_PA2_R31_Plastic Skid: 180 Paint : 303.
2026-05-04 19:28:31 ------------------ 
2026-05-04 19:50:53  Vol : URUS_PA2_R31_Plastic Skid: 253 Calcul Vol : 99 Color: 25.
2026-05-04 19:50:53  ---------------------------
2026-05-04 19:55:40  Vol : URUS_PA2_BC2_R31_EXT_2026 Skid: 158 Calcul Vol : 534 Color: 25.
2026-05-04 19:55:40  ---------------------------
2026-05-04 19:59:27  Vol : URUS_PA2_R31_Plastic Skid: 2 Calcul Vol : 59 Color: 20.
2026-05-04 19:59:27  ---------------------------
2026-05-04 20:03:22  Vol : HURACAN_BC2_R31_INT Skid: 145 Calcul Vol : 18 Color: 20.
2026-05-04 20:03:22  ---------------------------
2026-05-04 20:03:28  Vol : HURACAN_BC2_R31_EXT_new Skid: 145 Calcul Vol : 214 Color: 20.
2026-05-04 20:03:28  ---------------------------
2026-05-04 20:08:27 --- Trajectory --- 
2026-05-04 20:08:27 Prog : URUS_PA2_R31_Plastic Skid: 253 Paint : 97.
2026-05-04 20:08:27 ------------------ 
2026-05-04 20:11:37  Vol : URUS_PA2_R31_Plastic Skid: 259 Calcul Vol : 63 Color: 88.
2026-05-04 20:11:37  ---------------------------
2026-05-04 20:18:14 --- Trajectory --- 
2026-05-04 20:18:14 Prog : URUS_PA2_BC2_R31_EXT_2026 Skid: 158 Paint : 446.
2026-05-04 20:18:14 ------------------ 
2026-05-04 20:21:04 --- Trajectory --- 
2026-05-04 20:21:04 Prog : URUS_PA2_R31_Plastic Skid: 2 Paint : 56.
2026-05-04 20:21:04 ------------------ 
2026-05-04 20:22:13  Vol : URUS_PA2_BC2_R31_EXT_2026 Skid: 163 Calcul Vol : 756 Color: 27.
2026-05-04 20:22:13  ---------------------------
2026-05-04 20:24:46 --- Trajectory INT --- 
2026-05-04 20:24:46  HURACAN_BC2_R31_INT " Skid: 145 Paint : 0.
2026-05-04 20:24:46 --- --- 
2026-05-04 20:24:49 --- Trajectory --- 
2026-05-04 20:24:49 Prog : HURACAN_BC2_R31_INT Skid: 145 Paint : 17.
2026-05-04 20:24:49 ------------------ 
2026-05-04 20:27:11 --- Trajectory --- 
2026-05-04 20:27:11 Prog : HURACAN_BC2_R31_EXT_new Skid: 145 Paint : 193.
2026-05-04 20:27:11 ------------------ 
2026-05-04 20:35:05 --- Trajectory --- 
2026-05-04 20:35:05 Prog : URUS_PA2_R31_Plastic Skid: 259 Paint : 60.
2026-05-04 20:35:05 ------------------ 
2026-05-04 20:44:40  Vol : URUS_PA2_BC2_R31_EXT_2026 Skid: 202 Calcul Vol : 756 Color: 27.
2026-05-04 20:44:40  ---------------------------
2026-05-04 20:49:46 --- Trajectory --- 
2026-05-04 20:49:46 Prog : URUS_PA2_BC2_R31_EXT_2026 Skid: 163 Paint : 741.
2026-05-04 20:49:46 ------------------ 
2026-05-04 21:11:18 --- Trajectory --- 
2026-05-04 21:11:18 Prog : URUS_PA2_BC2_R31_EXT_2026 Skid: 202 Paint : 741.
2026-05-04 21:11:18 ------------------ 
2026-05-05 03:22:47  Vol : URUS_PA2_BC2_R31_EXT_2026 Skid: 26 Calcul Vol : 546 Color: 35.
2026-05-05 03:22:47  ---------------------------
2026-05-05 03:38:58 --- Trajectory --- 
2026-05-05 03:38:58 Prog : HURACAN_BC2_R31_EXT_new Skid: 15627 Paint : 325.
2026-05-05 03:38:58 ------------------ 
2026-05-05 03:44:39  Vol : URUS_PA2_BC2_R31_EXT_2026 Skid: 35 Calcul Vol : 557 Color: 96.
2026-05-05 03:44:39  ---------------------------
2026-05-05 03:56:12 --- Trajectory --- 
2026-05-05 03:56:12 Prog : URUS_PA2_BC2_R31_EXT_2026 Skid: 26 Paint : 528.
2026-05-05 03:56:12 ------------------ 
2026-05-05 06:19:45  Vol : HURACAN_BC2_R31_INT Skid: 220 Calcul Vol : 28 Color: 102.
2026-05-05 06:19:45  ---------------------------
2026-05-05 06:19:51  Vol : HURACAN_BC2_R31_EXT_new Skid: 220 Calcul Vol : 82 Color: 102.
2026-05-05 06:19:51  ---------------------------
2026-05-05 06:22:56 --- Trajectory --- 
2026-05-05 06:22:56 Prog : URUS_PA2_BC2_R31_EXT_2026 Skid: 35 Paint : 540.
2026-05-05 06:22:56 ------------------ 
2026-05-05 06:47:59  Vol : HURACAN_BC2_R31_Plastic Skid: 109 Calcul Vol : 224 Color: 20.
2026-05-05 06:47:59  ---------------------------
2026-05-05 06:48:15 --- Trajectory INT --- 
2026-05-05 06:48:15  HURACAN_BC2_R31_INT " Skid: 220 Paint : 0.
2026-05-05 06:48:15 --- --- 
2026-05-05 06:48:18 --- Trajectory --- 
2026-05-05 06:48:18 Prog : HURACAN_BC2_R31_INT Skid: 220 Paint : 28.
2026-05-05 06:48:18 ------------------ 
2026-05-05 06:49:40 --- Trajectory --- 
2026-05-05 06:49:40 Prog : HURACAN_BC2_R31_EXT_new Skid: 220 Paint : 64.
2026-05-05 06:49:40 ------------------ 
2026-05-05 07:06:46  Vol : HURACAN_BC2_R31_Plastic Skid: 45 Calcul Vol : 156 Color: 29.
2026-05-05 07:06:46  ---------------------------
2026-05-05 07:15:13  Vol : HURACAN_BC2_R31_INT Skid: 133 Calcul Vol : 18 Color: 29.
2026-05-05 07:15:13  ---------------------------
2026-05-05 07:15:19  Vol : HURACAN_BC2_R31_EXT_new Skid: 133 Calcul Vol : 230 Color: 29.
2026-05-05 07:15:19  ---------------------------
2026-05-05 07:15:27 --- Trajectory --- 
2026-05-05 07:15:27 Prog : HURACAN_BC2_R31_Plastic Skid: 109 Paint : 178.
2026-05-05 07:15:27 ------------------ 
2026-05-05 07:31:53 --- Trajectory --- 
2026-05-05 07:31:53 Prog : HURACAN_BC2_R31_Plastic Skid: 45 Paint : 115.
2026-05-05 07:31:53 ------------------ 
2026-05-05 07:40:14 --- Trajectory INT --- 
2026-05-05 07:40:14  HURACAN_BC2_R31_INT " Skid: 133 Paint : 0.
2026-05-05 07:40:14 --- --- 
2026-05-05 07:40:16 --- Trajectory --- 
2026-05-05 07:40:16 Prog : HURACAN_BC2_R31_INT Skid: 133 Paint : 17.
2026-05-05 07:40:16 ------------------ 
2026-05-05 07:42:39 --- Trajectory --- 
2026-05-05 07:42:39 Prog : HURACAN_BC2_R31_EXT_new Skid: 133 Paint : 207.
2026-05-05 07:42:39 ------------------ 
2026-05-05 08:28:17  Vol : URUS_PA2_R31_Plastic Skid: 64 Calcul Vol : 116 Color: 37.
2026-05-05 08:28:17  ---------------------------
2026-05-05 08:55:00 --- Trajectory --- 
2026-05-05 08:55:00 Prog : URUS_PA2_R31_Plastic Skid: 64 Paint : 115.
2026-05-05 08:55:00 ------------------ 
2026-05-05 09:03:40  Vol : URUS_PA2_BC2_R31_EXT_2026 Skid: 244 Calcul Vol : 514 Color: 9.
2026-05-05 09:03:40  ---------------------------
2026-05-05 09:32:06 --- Trajectory --- 
2026-05-05 09:32:06 Prog : URUS_PA2_BC2_R31_EXT_2026 Skid: 244 Paint : 496.
2026-05-05 09:32:06 ------------------ 
2026-05-05 10:32:15  Vol : URUS_PA2_R31_Plastic Skid: 22 Calcul Vol : 192 Color: 102.
2026-05-05 10:32:15  ---------------------------
2026-05-05 10:45:22  Vol : URUS_PA2_BC2_R31_EXT_2026 Skid: 84 Calcul Vol : 442 Color: 53.
2026-05-05 10:45:22  ---------------------------
2026-05-05 10:50:55  Vol : URUS_PA2_R31_Plastic Skid: 175 Calcul Vol : 191 Color: 97.
2026-05-05 10:50:55  ---------------------------
2026-05-05 11:02:56  Default Volume : TEM_bc2_r31_int Skid: 126.
2026-05-05 11:02:57  Vol : TEM_bc2_r31_int Skid: 126 Calcul Vol : 600 Color: 27.
2026-05-05 11:02:58  ---------------------------
2026-05-05 11:03:03  Default Volume : tem_bc2_r31_ext_new Skid: 126.
2026-05-05 11:03:04  Vol : tem_bc2_r31_ext_new Skid: 126 Calcul Vol : 600 Color: 27.
2026-05-05 11:03:04  ---------------------------
2026-05-05 11:03:18 --- Trajectory --- 
2026-05-05 11:03:18 Prog : URUS_PA2_R31_Plastic Skid: 22 Paint : 189.
2026-05-05 11:03:18 ------------------ 
2026-05-05 11:13:02  Vol : URUS_PA2_R31_Plastic Skid: 180 Calcul Vol : 176 Color: 38.
2026-05-05 11:13:02  ---------------------------
2026-05-05 11:18:59 --- Trajectory --- 
2026-05-05 11:18:59 Prog : URUS_PA2_BC2_R31_EXT_2026 Skid: 84 Paint : 378.
2026-05-05 11:18:59 ------------------ 
2026-05-05 11:34:09 --- Trajectory --- 
2026-05-05 11:34:09 Prog : URUS_PA2_R31_Plastic Skid: 175 Paint : 189.
2026-05-05 11:34:09 ------------------ 
2026-05-05 11:45:32 --- Trajectory INT --- 
2026-05-05 11:45:32  HURACAN_BC2_R31_INT " Skid: 126 Paint : 0.
2026-05-05 11:45:32 --- --- 
2026-05-05 11:45:35 --- Trajectory --- 
2026-05-05 11:45:35 Prog : TEM_bc2_r31_int Skid: 126 Paint : 24.
2026-05-05 11:45:35 ------------------ 
2026-05-05 11:46:25  Vol : HURACAN_BC2_R31_Plastic Skid: 46 Calcul Vol : 224 Color: 20.
2026-05-05 11:46:25  ---------------------------
2026-05-05 11:47:57 --- Trajectory --- 
2026-05-05 11:47:57 Prog : tem_bc2_r31_ext_new Skid: 126 Paint : 279.
2026-05-05 11:47:57 ------------------ 
2026-05-05 11:50:40  Vol : URUS_PA2_BC2_R31_EXT_2026 Skid: 245 Calcul Vol : 614 Color: 102.
2026-05-05 11:50:40  ---------------------------
2026-05-05 11:51:44 --- Trajectory --- 
2026-05-05 11:51:44 Prog : URUS_PA2_R31_Plastic Skid: 180 Paint : 170.
2026-05-05 11:51:44 ------------------ 
2026-05-05 11:57:55  Vol : URUS_PA2_BC2_R31_EXT_2026 Skid: 103 Calcul Vol : 418 Color: 20.
2026-05-05 11:57:55  ---------------------------
2026-05-05 12:10:45 --- Trajectory --- 
2026-05-05 12:10:45 Prog : HURACAN_BC2_R31_Plastic Skid: 46 Paint : 178.
2026-05-05 12:10:45 ------------------ 
2026-05-05 12:16:47 --- Trajectory --- 
2026-05-05 12:16:47 Prog : URUS_PA2_BC2_R31_EXT_2026 Skid: 245 Paint : 598.
2026-05-05 12:16:47 ------------------ 
2026-05-05 12:25:36 --- Trajectory --- 
2026-05-05 12:25:36 Prog : URUS_PA2_BC2_R31_EXT_2026 Skid: 103 Paint : 399.
2026-05-05 12:25:36 ------------------ 
2026-05-05 12:43:17  Vol : URUS_PA2_R31_Plastic Skid: 102 Calcul Vol : 86 Color: 85.
2026-05-05 12:43:17  ---------------------------
2026-05-05 12:46:49  Vol : URUS_PA2_BC2_R31_EXT_2026 Skid: 153 Calcul Vol : 529 Color: 85.
2026-05-05 12:46:49  ---------------------------
2026-05-05 13:13:51  Vol : URUS_PA2_BC2_R31_EXT_2026 Skid: 206 Calcul Vol : 413 Color: 20.
2026-05-05 13:13:51  ---------------------------
2026-05-05 13:14:24 --- Trajectory --- 
2026-05-05 13:14:24 Prog : URUS_PA2_R31_Plastic Skid: 102 Paint : 80.
2026-05-05 13:14:24 ------------------ 
2026-05-05 13:17:28  Default Volume : TEM_bc2_r31_int Skid: 105.
2026-05-05 13:17:29  Vol : TEM_bc2_r31_int Skid: 105 Calcul Vol : 600 Color: 20.
2026-05-05 13:17:29  ---------------------------
2026-05-05 13:17:34  Default Volume : tem_bc2_r31_ext_new Skid: 105.
2026-05-05 13:17:36  Vol : tem_bc2_r31_ext_new Skid: 105 Calcul Vol : 600 Color: 20.
2026-05-05 13:17:36  ---------------------------
2026-05-05 13:21:37 --- Trajectory --- 
2026-05-05 13:21:37 Prog : URUS_PA2_BC2_R31_EXT_2026 Skid: 153 Paint : 546.
2026-05-05 13:21:37 ------------------ 
2026-05-05 13:28:12  Vol : URUS_PA2_BC2_R31_EXT_2026 Skid: 150 Calcul Vol : 558 Color: 96.
2026-05-05 13:28:12  ---------------------------
2026-05-05 13:32:43  Default Volume : URUS_ACCENTSKID_R31 Skid: 34.
2026-05-05 13:32:45  Vol : URUS_ACCENTSKID_R31 Skid: 34 Calcul Vol : 600 Color: 125.
2026-05-05 13:32:45  ---------------------------
2026-05-05 13:37:26 --- Trajectory --- 
2026-05-05 13:37:26 Prog : URUS_PA2_BC2_R31_EXT_2026 Skid: 206 Paint : 349.
2026-05-05 13:37:26 ------------------ 
2026-05-05 13:39:37 --- Trajectory INT --- 
2026-05-05 13:39:37  HURACAN_BC2_R31_INT " Skid: 105 Paint : 0.
2026-05-05 13:39:37 --- --- 
2026-05-05 13:39:39 --- Trajectory --- 
2026-05-05 13:39:39 Prog : TEM_bc2_r31_int Skid: 105 Paint : 17.
2026-05-05 13:39:39 ------------------ 
2026-05-05 13:42:02 --- Trajectory --- 
2026-05-05 13:42:02 Prog : tem_bc2_r31_ext_new Skid: 105 Paint : 193.
2026-05-05 13:42:02 ------------------ 
2026-05-05 14:00:58 --- Trajectory --- 
2026-05-05 14:00:58 Prog : URUS_PA2_BC2_R31_EXT_2026 Skid: 150 Paint : 540.
2026-05-05 14:00:58 ------------------ 
2026-05-05 16:02:31  Default Volume : TEM_bc2_r31_int Skid: 220.
2026-05-05 16:02:32  Vol : TEM_bc2_r31_int Skid: 220 Calcul Vol : 600 Color: 102.
2026-05-05 16:02:32  ---------------------------
2026-05-05 16:02:37  Default Volume : tem_bc2_r31_ext_new Skid: 220.
2026-05-05 16:02:39  Vol : tem_bc2_r31_ext_new Skid: 220 Calcul Vol : 600 Color: 102.
2026-05-05 16:02:39  ---------------------------
2026-05-05 16:16:58  Vol : URUS_PA2_R31_Plastic Skid: 240 Calcul Vol : 346 Color: 77.
2026-05-05 16:16:58  ---------------------------
2026-05-05 16:20:29  Vol : URUS_PA2_BC2_R31_EXT_2026 Skid: 68 Calcul Vol : 588 Color: 77.
2026-05-05 16:20:29  ---------------------------
2026-05-05 16:29:15 --- Trajectory INT --- 
2026-05-05 16:29:15  HURACAN_BC2_R31_INT " Skid: 220 Paint : 0.
2026-05-05 16:29:15 --- --- 
2026-05-05 16:29:18 --- Trajectory --- 
2026-05-05 16:29:18 Prog : TEM_bc2_r31_int Skid: 220 Paint : 28.
2026-05-05 16:29:18 ------------------ 
2026-05-05 16:30:15 --- Trajectory --- 
2026-05-05 16:30:15 Prog : tem_bc2_r31_ext_new Skid: 220 Paint : 0.
2026-05-05 16:30:15 ------------------ 
2026-05-05 16:33:44  Vol : URUS_PA2_BC2_R31_EXT_2026 Skid: 221 Calcul Vol : 615 Color: 97.
2026-05-05 16:33:44  ---------------------------
2026-05-05 16:45:46 --- Trajectory --- 
2026-05-05 16:45:46 Prog : URUS_PA2_R31_Plastic Skid: 240 Paint : 338.
2026-05-05 16:45:46 ------------------ 
2026-05-05 16:52:25 --- Trajectory --- 
2026-05-05 16:52:25 Prog : URUS_PA2_BC2_R31_EXT_2026 Skid: 68 Paint : 572.
2026-05-05 16:52:25 ------------------ 
2026-05-05 17:02:03  Vol : HURACAN_BC2_R31_Plastic Skid: 164 Calcul Vol : 158 Color: 34.
2026-05-05 17:02:03  ---------------------------
2026-05-05 17:05:25 --- Trajectory --- 
2026-05-05 17:05:25 Prog : URUS_PA2_BC2_R31_EXT_2026 Skid: 221 Paint : 598.
2026-05-05 17:05:25 ------------------ 
2026-05-05 17:06:27  Default Volume : TEM_bc2_r31_int Skid: 74.
2026-05-05 17:06:28  Vol : TEM_bc2_r31_int Skid: 74 Calcul Vol : 600 Color: 34.
2026-05-05 17:06:28  ---------------------------
2026-05-05 17:06:33  Default Volume : tem_bc2_r31_ext_new Skid: 74.
2026-05-05 17:06:35  Vol : tem_bc2_r31_ext_new Skid: 74 Calcul Vol : 600 Color: 34.
2026-05-05 17:06:35  ---------------------------
2026-05-05 17:36:17 --- Trajectory --- 
2026-05-05 17:36:17 Prog : HURACAN_BC2_R31_Plastic Skid: 164 Paint : 116.
2026-05-05 17:36:17 ------------------ 
2026-05-05 17:39:47 --- Trajectory INT --- 
2026-05-05 17:39:47  HURACAN_BC2_R31_INT " Skid: 74 Paint : 0.
2026-05-05 17:39:47 --- --- 
2026-05-05 17:39:49 --- Trajectory --- 
2026-05-05 17:39:49 Prog : TEM_bc2_r31_int Skid: 74 Paint : 17.
2026-05-05 17:39:49 ------------------ 
2026-05-05 17:42:08  Vol : URUS_PA2_BC2_R31_EXT_2026 Skid: 61 Calcul Vol : 351 Color: 38.
2026-05-05 17:42:08  ---------------------------
2026-05-05 17:42:11 --- Trajectory --- 
2026-05-05 17:42:11 Prog : tem_bc2_r31_ext_new Skid: 74 Paint : 217.
2026-05-05 17:42:11 ------------------ 
2026-05-05 17:46:33  Vol : URUS_PA2_BC2_R31_EXT_2026 Skid: 79 Calcul Vol : 522 Color: 37.
2026-05-05 17:46:33  ---------------------------
2026-05-05 18:06:47 --- Trajectory --- 
2026-05-05 18:06:47 Prog : URUS_PA2_BC2_R31_EXT_2026 Skid: 61 Paint : 331.
2026-05-05 18:06:47 ------------------ 
2026-05-05 18:11:53 --- Trajectory --- 
2026-05-05 18:11:53 Prog : URUS_PA2_BC2_R31_EXT_2026 Skid: 79 Paint : 471.
2026-05-05 18:11:53 ------------------ 
2026-05-05 18:16:07  Default Volume : URUS_ACCENTSKID_R31 Skid: 34.
2026-05-05 18:16:09  Vol : URUS_ACCENTSKID_R31 Skid: 34 Calcul Vol : 600 Color: 125.
2026-05-05 18:16:09  ---------------------------
2026-05-05 18:42:20 --- Trajectory --- 
2026-05-05 18:42:20 Prog : URUS_ACCENTSKID_R31 Skid: 34 Paint : 91.
2026-05-05 18:42:20 ------------------ 
2026-05-05 19:04:19  Vol : HURACAN_BC2_R31_Plastic Skid: 157 Calcul Vol : 220 Color: 85.
2026-05-05 19:04:19  ---------------------------
2026-05-05 19:07:55  Default Volume : TEM_bc2_r31_int Skid: 66.
2026-05-05 19:07:57  Vol : TEM_bc2_r31_int Skid: 66 Calcul Vol : 600 Color: 85.
2026-05-05 19:07:57  ---------------------------
2026-05-05 19:08:02  Default Volume : tem_bc2_r31_ext_new Skid: 66.
2026-05-05 19:08:03  Vol : tem_bc2_r31_ext_new Skid: 66 Calcul Vol : 600 Color: 85.
2026-05-05 19:08:03  ---------------------------
2026-05-05 19:16:33  Vol : URUS_PA2_R31_Plastic Skid: 67 Calcul Vol : 59 Color: 20.
2026-05-05 19:16:33  ---------------------------
2026-05-05 19:27:45 --- Trajectory --- 
2026-05-05 19:27:45 Prog : HURACAN_BC2_R31_Plastic Skid: 157 Paint : 169.
2026-05-05 19:27:45 ------------------ 
2026-05-05 19:31:15 --- Trajectory INT --- 
2026-05-05 19:31:15  HURACAN_BC2_R31_INT " Skid: 66 Paint : 0.
2026-05-05 19:31:15 --- --- 
2026-05-05 19:31:17 --- Trajectory --- 
2026-05-05 19:31:17 Prog : TEM_bc2_r31_int Skid: 66 Paint : 24.
2026-05-05 19:31:17 ------------------ 
2026-05-05 19:33:40 --- Trajectory --- 
2026-05-05 19:33:40 Prog : tem_bc2_r31_ext_new Skid: 66 Paint : 270.
2026-05-05 19:33:40 ------------------ 
2026-05-05 19:39:02 --- Trajectory --- 
2026-05-05 19:39:02 Prog : URUS_PA2_R31_Plastic Skid: 67 Paint : 56.
2026-05-05 19:39:02 ------------------ 
2026-05-05 19:57:00  Vol : URUS_PA2_BC2_R31_EXT_2026 Skid: 20 Calcul Vol : 581 Color: 16.
2026-05-05 19:57:00  ---------------------------
2026-05-05 20:24:23 --- Trajectory --- 
2026-05-05 20:24:23 Prog : URUS_PA2_BC2_R31_EXT_2026 Skid: 20 Paint : 513.
2026-05-05 20:24:23 ------------------ 
2026-05-05 20:31:39  Vol : URUS_PA2_R31_Plastic Skid: 98 Calcul Vol : 110 Color: 53.
2026-05-05 20:31:39  ---------------------------
2026-05-05 20:37:48  Vol : HURACAN_BC2_R31_Plastic Skid: 164 Calcul Vol : 229 Color: 35.
2026-05-05 20:37:48  ---------------------------
2026-05-05 20:40:45  Default Volume : TEM_bc2_r31_int Skid: 74.
2026-05-05 20:40:46  Vol : TEM_bc2_r31_int Skid: 74 Calcul Vol : 600 Color: 35.
2026-05-05 20:40:46  ---------------------------
2026-05-05 20:40:51  Default Volume : tem_bc2_r31_ext_new Skid: 74.
2026-05-05 20:40:53  Vol : tem_bc2_r31_ext_new Skid: 74 Calcul Vol : 600 Color: 35.
2026-05-05 20:40:53  ---------------------------
2026-05-05 20:44:43  Vol : HURACAN_BC2_R31_Plastic Skid: 97 Calcul Vol : 220 Color: 85.
2026-05-05 20:44:43  ---------------------------
2026-05-05 20:48:52  Default Volume : TEM_bc2_r31_int Skid: 138.
2026-05-05 20:48:53 --- Trajectory --- 
2026-05-05 20:48:53 Prog : URUS_PA2_R31_Plastic Skid: 98 Paint : 106.
2026-05-05 20:48:53 ------------------ 
2026-05-05 20:48:54  Vol : TEM_bc2_r31_int Skid: 138 Calcul Vol : 600 Color: 85.
2026-05-05 20:48:54  ---------------------------
2026-05-05 20:48:59  Default Volume : tem_bc2_r31_ext_new Skid: 138.
2026-05-05 20:49:00  Vol : tem_bc2_r31_ext_new Skid: 138 Calcul Vol : 600 Color: 85.
2026-05-05 20:49:00  ---------------------------
2026-05-05 20:57:55  Vol : URUS_PA2_BC2_R31_EXT_2026 Skid: 230 Calcul Vol : 558 Color: 96.
2026-05-05 20:57:55  ---------------------------
2026-05-05 20:59:06 --- Trajectory --- 
2026-05-05 20:59:06 Prog : HURACAN_BC2_R31_Plastic Skid: 164 Paint : 178.
2026-05-05 20:59:06 ------------------ 
2026-05-05 21:02:34 --- Trajectory INT --- 
2026-05-05 21:02:34  HURACAN_BC2_R31_INT " Skid: 74 Paint : 0.
2026-05-05 21:02:34 --- --- 
2026-05-05 21:02:37 --- Trajectory --- 
2026-05-05 21:02:37 Prog : TEM_bc2_r31_int Skid: 74 Paint : 22.
2026-05-05 21:02:37 ------------------ 
2026-05-05 21:04:59 --- Trajectory --- 
2026-05-05 21:04:59 Prog : tem_bc2_r31_ext_new Skid: 74 Paint : 277.
2026-05-05 21:04:59 ------------------ 
2026-05-05 21:17:59 --- Trajectory --- 
2026-05-05 21:17:59 Prog : HURACAN_BC2_R31_Plastic Skid: 97 Paint : 169.
2026-05-05 21:17:59 ------------------ 
2026-05-05 21:21:31 --- Trajectory INT --- 
2026-05-05 21:21:31  HURACAN_BC2_R31_INT " Skid: 138 Paint : 0.
2026-05-05 21:21:31 --- --- 
2026-05-05 21:21:33 --- Trajectory --- 
2026-05-05 21:21:33 Prog : TEM_bc2_r31_int Skid: 138 Paint : 24.
2026-05-05 21:21:33 ------------------ 
2026-05-05 21:23:56 --- Trajectory --- 
2026-05-05 21:23:56 Prog : tem_bc2_r31_ext_new Skid: 138 Paint : 270.
2026-05-05 21:23:56 ------------------ 
2026-05-05 21:34:50 --- Trajectory --- 
2026-05-05 21:34:50 Prog : URUS_PA2_BC2_R31_EXT_2026 Skid: 230 Paint : 540.
2026-05-05 21:34:50 ------------------ 
2026-05-06 03:18:34  Vol : URUS_PA2_BC2_R31_EXT_2026 Skid: 26 Calcul Vol : 588 Color: 150.
2026-05-06 03:18:34  ---------------------------
2026-05-06 03:21:57  Vol : URUS_PA2_R31_Plastic Skid: 186 Calcul Vol : 0 Color: 137.
2026-05-06 03:21:57  ---------------------------
2026-05-06 03:46:21  Vol : URUS_PA2_BC2_R31_EXT_2026 Skid: 134 Calcul Vol : 447 Color: 53.
2026-05-06 03:46:21  ---------------------------
2026-05-06 03:57:34 --- Trajectory --- 
2026-05-06 03:57:34 Prog : URUS_PA2_BC2_R31_EXT_2026 Skid: 26 Paint : 572.
2026-05-06 03:57:34 ------------------ 
2026-05-06 06:15:58 --- Trajectory --- 
2026-05-06 06:15:58 Prog : URUS_PA2_R31_Plastic Skid: 186 Paint : 0.
2026-05-06 06:15:58 ------------------ 
2026-05-06 06:27:55  Default Volume : TEM_bc2_r31_int Skid: 152.
2026-05-06 06:27:57  Vol : TEM_bc2_r31_int Skid: 152 Calcul Vol : 600 Color: 12.
2026-05-06 06:27:57  ---------------------------
2026-05-06 06:28:02  Default Volume : tem_bc2_r31_ext_new Skid: 152.
2026-05-06 06:28:04  Vol : tem_bc2_r31_ext_new Skid: 152 Calcul Vol : 600 Color: 12.
2026-05-06 06:28:04  ---------------------------
2026-05-06 06:35:14  Default Volume : TEM_bc2_r31_int Skid: 29.
2026-05-06 06:35:16  Vol : TEM_bc2_r31_int Skid: 29 Calcul Vol : 600 Color: 53.
2026-05-06 06:35:16  ---------------------------
2026-05-06 06:35:21  Default Volume : tem_bc2_r31_ext_new Skid: 29.
2026-05-06 06:35:22  Vol : tem_bc2_r31_ext_new Skid: 29 Calcul Vol : 600 Color: 53.
2026-05-06 06:35:22  ---------------------------
2026-05-06 06:35:29 --- Trajectory --- 
2026-05-06 06:35:29 Prog : URUS_PA2_BC2_R31_EXT_2026 Skid: 134 Paint : 428.
2026-05-06 06:35:29 ------------------ 
2026-05-06 06:38:08  Vol : HURACAN_BC2_R31_Plastic Skid: 39 Calcul Vol : 213 Color: 53.
2026-05-06 06:38:08  ---------------------------
2026-05-06 06:53:13  Default Volume : TEM_bc2_r31_int Skid: 152.
2026-05-06 06:53:15  Vol : TEM_bc2_r31_int Skid: 152 Calcul Vol : 600 Color: 12.
2026-05-06 06:53:15  ---------------------------
2026-05-06 06:53:20  Default Volume : tem_bc2_r31_ext_new Skid: 152.
2026-05-06 06:53:22  Vol : tem_bc2_r31_ext_new Skid: 152 Calcul Vol : 600 Color: 12.
2026-05-06 06:53:22  ---------------------------
2026-05-06 06:59:58  Vol : HURACAN_BC2_R31_Plastic Skid: 46 Calcul Vol : 390 Color: 62.
2026-05-06 06:59:58  ---------------------------
2026-05-06 07:01:33 --- Trajectory INT --- 
2026-05-06 07:01:33  HURACAN_BC2_R31_INT " Skid: 29 Paint : 0.
2026-05-06 07:01:33 --- --- 
2026-05-06 07:01:36 --- Trajectory --- 
2026-05-06 07:01:36 Prog : TEM_bc2_r31_int Skid: 29 Paint : 22.
2026-05-06 07:01:36 ------------------ 
2026-05-06 07:04:00 --- Trajectory --- 
2026-05-06 07:04:00 Prog : tem_bc2_r31_ext_new Skid: 29 Paint : 254.
2026-05-06 07:04:00 ------------------ 
2026-05-06 07:07:01 --- Trajectory --- 
2026-05-06 07:07:01 Prog : HURACAN_BC2_R31_Plastic Skid: 39 Paint : 166.
2026-05-06 07:07:01 ------------------ 
2026-05-06 07:10:48  Default Volume : TEM_bc2_r31_int Skid: 163.
2026-05-06 07:10:50  Vol : TEM_bc2_r31_int Skid: 163 Calcul Vol : 600 Color: 62.
2026-05-06 07:10:50  ---------------------------
2026-05-06 07:10:55  Default Volume : tem_bc2_r31_ext_new Skid: 163.
2026-05-06 07:10:57  Vol : tem_bc2_r31_ext_new Skid: 163 Calcul Vol : 600 Color: 62.
2026-05-06 07:10:57  ---------------------------
2026-05-06 07:29:11  Default Volume : TEM_bc2_r31_int Skid: 152.
2026-05-06 07:29:12  Vol : TEM_bc2_r31_int Skid: 152 Calcul Vol : 600 Color: 12.
2026-05-06 07:29:12  ---------------------------
2026-05-06 07:29:17  Default Volume : tem_bc2_r31_ext_new Skid: 152.
2026-05-06 07:29:19  Vol : tem_bc2_r31_ext_new Skid: 152 Calcul Vol : 600 Color: 12.
2026-05-06 07:29:19  ---------------------------
2026-05-06 07:34:54 --- Trajectory --- 
2026-05-06 07:34:54 Prog : HURACAN_BC2_R31_Plastic Skid: 46 Paint : 301.
2026-05-06 07:34:54 ------------------ 
2026-05-06 07:43:48 --- Trajectory INT --- 
2026-05-06 07:43:48  HURACAN_BC2_R31_INT " Skid: 163 Paint : 0.
2026-05-06 07:43:48 --- --- 
2026-05-06 07:43:50 --- Trajectory --- 
2026-05-06 07:43:50 Prog : TEM_bc2_r31_int Skid: 163 Paint : 38.
2026-05-06 07:43:50 ------------------ 
2026-05-06 07:46:12 --- Trajectory --- 
2026-05-06 07:46:12 Prog : tem_bc2_r31_ext_new Skid: 163 Paint : 403.
2026-05-06 07:46:12 ------------------ 
2026-05-06 07:52:13  Vol : URUS_PA2_R31_Plastic Skid: 113 Calcul Vol : 100 Color: 77.
2026-05-06 07:52:13  ---------------------------
2026-05-06 07:52:43 --- Trajectory INT --- 
2026-05-06 07:52:43  HURACAN_BC2_R31_INT " Skid: 152 Paint : 0.
2026-05-06 07:52:43 --- --- 
2026-05-06 07:52:45 --- Trajectory --- 
2026-05-06 07:52:46 Prog : TEM_bc2_r31_int Skid: 152 Paint : 33.
2026-05-06 07:52:46 ------------------ 
2026-05-06 07:54:37 --- Trajectory --- 
2026-05-06 07:54:37 Prog : tem_bc2_r31_ext_new Skid: 152 Paint : 194.
2026-05-06 07:54:37 ------------------ 
2026-05-06 07:56:59  Vol : URUS_PA2_BC2_R31_EXT_2026 Skid: 237 Calcul Vol : 588 Color: 77.
2026-05-06 07:56:59  ---------------------------
2026-05-06 08:18:17 --- Trajectory --- 
2026-05-06 08:18:17 Prog : URUS_PA2_R31_Plastic Skid: 113 Paint : 98.
2026-05-06 08:18:17 ------------------ 
2026-05-06 08:25:36 --- Trajectory --- 
2026-05-06 08:25:36 Prog : URUS_PA2_BC2_R31_EXT_2026 Skid: 237 Paint : 572.
2026-05-06 08:25:36 ------------------ 
2026-05-06 09:16:48  Vol : HURACAN_BC2_R31_Plastic Skid: 45 Calcul Vol : 218 Color: 27.
2026-05-06 09:16:48  ---------------------------
2026-05-06 09:30:36  Vol : URUS_PA2_R31_Plastic Skid: 169 Calcul Vol : 323 Color: 97.
2026-05-06 09:30:36  ---------------------------
2026-05-06 09:48:01 --- Trajectory --- 
2026-05-06 09:48:01 Prog : HURACAN_BC2_R31_Plastic Skid: 45 Paint : 177.
2026-05-06 09:48:01 ------------------ 
2026-05-06 09:56:59  Vol : URUS_PA2_R31_Plastic Skid: 240 Calcul Vol : 153 Color: 39.
2026-05-06 09:56:59  ---------------------------
2026-05-06 09:58:03 --- Trajectory --- 
2026-05-06 09:58:03 Prog : URUS_PA2_R31_Plastic Skid: 169 Paint : 313.
2026-05-06 09:58:03 ------------------ 
2026-05-06 10:01:28  Vol : URUS_PA2_BC2_R31_EXT_2026 Skid: 96 Calcul Vol : 615 Color: 97.
2026-05-06 10:01:28  ---------------------------
2026-05-06 10:14:09  Vol : URUS_PA2_BC2_R31_EXT_2026 Skid: 84 Calcul Vol : 431 Color: 39.
2026-05-06 10:14:09  ---------------------------
2026-05-06 10:17:44  Vol : URUS_PA2_BC2_R31_EXT_2026 Skid: 208 Calcul Vol : 574 Color: 12.
2026-05-06 10:17:44  ---------------------------
2026-05-06 10:22:25 --- Trajectory --- 
2026-05-06 10:22:25 Prog : URUS_PA2_R31_Plastic Skid: 240 Paint : 148.
2026-05-06 10:22:25 ------------------ 
2026-05-06 10:28:24 --- Trajectory --- 
2026-05-06 10:28:24 Prog : URUS_PA2_BC2_R31_EXT_2026 Skid: 96 Paint : 598.
2026-05-06 10:28:24 ------------------ 
2026-05-06 10:31:24  Default Volume : TEM_bc2_r31_int Skid: 31.
2026-05-06 10:31:25  Vol : TEM_bc2_r31_int Skid: 31 Calcul Vol : 600 Color: 27.
2026-05-06 10:31:25  ---------------------------
2026-05-06 10:31:30  Default Volume : tem_bc2_r31_ext_new Skid: 31.
2026-05-06 10:31:32  Vol : tem_bc2_r31_ext_new Skid: 31 Calcul Vol : 600 Color: 27.
2026-05-06 10:31:32  ---------------------------
2026-05-06 10:42:45 --- Trajectory --- 
2026-05-06 10:42:45 Prog : URUS_PA2_BC2_R31_EXT_2026 Skid: 84 Paint : 413.
2026-05-06 10:42:45 ------------------ 
2026-05-06 10:47:55 --- Trajectory --- 
2026-05-06 10:47:55 Prog : URUS_PA2_BC2_R31_EXT_2026 Skid: 208 Paint : 511.
2026-05-06 10:47:55 ------------------ 
2026-05-06 10:58:25  Vol : HURACAN_BC2_R31_Plastic Skid: 234 Calcul Vol : 158 Color: 34.
2026-05-06 10:58:25  ---------------------------
2026-05-06 11:01:31 --- Trajectory INT --- 
2026-05-06 11:01:31  HURACAN_BC2_R31_INT " Skid: 31 Paint : 0.
2026-05-06 11:01:31 --- --- 
2026-05-06 11:01:34 --- Trajectory --- 
2026-05-06 11:01:34 Prog : TEM_bc2_r31_int Skid: 31 Paint : 24.
2026-05-06 11:01:34 ------------------ 
2026-05-06 11:02:35  Vol : URUS_PA2_R31_Plastic Skid: 22 Calcul Vol : 105 Color: 62.
2026-05-06 11:02:35  ---------------------------
2026-05-06 11:03:56 --- Trajectory --- 
2026-05-06 11:03:56 Prog : tem_bc2_r31_ext_new Skid: 31 Paint : 279.
2026-05-06 11:03:56 ------------------ 
2026-05-06 11:28:08  Vol : URUS_PA2_R31_Plastic Skid: 2 Calcul Vol : 110 Color: 29.
2026-05-06 11:28:08  ---------------------------
2026-05-06 11:30:16 --- Trajectory --- 
2026-05-06 11:30:16 Prog : HURACAN_BC2_R31_Plastic Skid: 234 Paint : 116.
2026-05-06 11:30:17 ------------------ 
2026-05-06 11:34:02 --- Trajectory --- 
2026-05-06 11:34:02 Prog : URUS_PA2_R31_Plastic Skid: 22 Paint : 100.
2026-05-06 11:34:02 ------------------ 
2026-05-06 11:37:40  Vol : URUS_PA2_BC2_R31_EXT_2026 Skid: 221 Calcul Vol : 503 Color: 62.
2026-05-06 11:37:41  ---------------------------
2026-05-06 11:48:21  Default Volume : TEM_bc2_r31_int Skid: 119.
2026-05-06 11:48:22  Vol : TEM_bc2_r31_int Skid: 119 Calcul Vol : 600 Color: 11.
2026-05-06 11:48:22  ---------------------------
2026-05-06 11:48:27  Default Volume : tem_bc2_r31_ext_new Skid: 119.
2026-05-06 11:48:29  Vol : tem_bc2_r31_ext_new Skid: 119 Calcul Vol : 600 Color: 11.
2026-05-06 11:48:29  ---------------------------
2026-05-06 11:53:04  Vol : URUS_PA2_R31_Plastic Skid: 186 Calcul Vol : 161 Color: 27.
2026-05-06 11:53:04  ---------------------------
2026-05-06 11:59:54 --- Trajectory --- 
2026-05-06 11:59:54 Prog : URUS_PA2_R31_Plastic Skid: 2 Paint : 104.
2026-05-06 11:59:54 ------------------ 
2026-05-06 12:01:58  Vol : URUS_PA2_R31_Plastic Skid: 197 Calcul Vol : 107 Color: 137.
2026-05-06 12:01:58  ---------------------------
2026-05-06 12:05:59  Vol : URUS_PA2_BC2_R31_EXT_2026 Skid: 203 Calcul Vol : 687 Color: 137.
2026-05-06 12:05:59  ---------------------------
2026-05-06 12:10:16 --- Trajectory --- 
2026-05-06 12:10:16 Prog : URUS_PA2_BC2_R31_EXT_2026 Skid: 221 Paint : 508.
2026-05-06 12:10:16 ------------------ 
2026-05-06 12:12:00 --- Trajectory INT --- 
2026-05-06 12:12:00  HURACAN_BC2_R31_INT " Skid: 119 Paint : 0.
2026-05-06 12:12:00 --- --- 
2026-05-06 12:12:03 --- Trajectory --- 
2026-05-06 12:12:03 Prog : TEM_bc2_r31_int Skid: 119 Paint : 17.
2026-05-06 12:12:03 ------------------ 
2026-05-06 12:13:54 --- Trajectory --- 
2026-05-06 12:13:54 Prog : tem_bc2_r31_ext_new Skid: 119 Paint : 193.
2026-05-06 12:13:54 ------------------ 
2026-05-06 12:18:14 --- Trajectory --- 
2026-05-06 12:18:14 Prog : URUS_PA2_R31_Plastic Skid: 186 Paint : 158.
2026-05-06 12:18:14 ------------------ 
2026-05-06 12:25:34 --- Trajectory --- 
2026-05-06 12:25:34 Prog : URUS_PA2_R31_Plastic Skid: 197 Paint : 107.
2026-05-06 12:25:34 ------------------ 
2026-05-06 12:27:09  Vol : HURACAN_BC2_R31_Plastic Skid: 97 Calcul Vol : 220 Color: 85.
2026-05-06 12:27:09  ---------------------------
2026-05-06 12:34:57  Default Volume : TEM_bc2_r31_int Skid: 167.
2026-05-06 12:34:58  Vol : TEM_bc2_r31_int Skid: 167 Calcul Vol : 600 Color: 34.
2026-05-06 12:34:58  ---------------------------
2026-05-06 12:35:03  Default Volume : tem_bc2_r31_ext_new Skid: 167.
2026-05-06 12:35:05  Vol : tem_bc2_r31_ext_new Skid: 167 Calcul Vol : 600 Color: 34.
2026-05-06 12:35:05  ---------------------------
2026-05-06 12:37:39 --- Trajectory --- 
2026-05-06 12:37:39 Prog : URUS_PA2_BC2_R31_EXT_2026 Skid: 203 Paint : 698.
2026-05-06 12:37:39 ------------------ 
2026-05-06 12:43:47  Vol : URUS_PA2_BC2_R31_EXT_2026 Skid: 168 Calcul Vol : 399 Color: 29.
2026-05-06 12:43:47  ---------------------------
2026-05-06 12:48:31  Vol : HURACAN_BC2_R31_Plastic Skid: 110 Calcul Vol : 147 Color: 29.
2026-05-06 12:48:31  ---------------------------
2026-05-06 12:49:13 --- Trajectory --- 
2026-05-06 12:49:13 Prog : HURACAN_BC2_R31_Plastic Skid: 97 Paint : 169.
2026-05-06 12:49:13 ------------------ 
2026-05-06 12:52:13  Default Volume : TEM_bc2_r31_int Skid: 48.
2026-05-06 12:52:15  Vol : TEM_bc2_r31_int Skid: 48 Calcul Vol : 600 Color: 29.
2026-05-06 12:52:15  ---------------------------
2026-05-06 12:52:20  Default Volume : tem_bc2_r31_ext_new Skid: 48.
2026-05-06 12:52:22  Vol : tem_bc2_r31_ext_new Skid: 48 Calcul Vol : 600 Color: 29.
2026-05-06 12:52:22  ---------------------------
2026-05-06 13:01:57 --- Trajectory INT --- 
2026-05-06 13:01:57  HURACAN_BC2_R31_INT " Skid: 167 Paint : 0.
2026-05-06 13:01:57 --- --- 
2026-05-06 13:02:00 --- Trajectory --- 
2026-05-06 13:02:00 Prog : TEM_bc2_r31_int Skid: 167 Paint : 17.
2026-05-06 13:02:00 ------------------ 
2026-05-06 13:04:22 --- Trajectory --- 
2026-05-06 13:04:22 Prog : tem_bc2_r31_ext_new Skid: 167 Paint : 217.
2026-05-06 13:04:22 ------------------ 
2026-05-06 13:07:19  Vol : URUS_PA2_BC2_R31_EXT_2026 Skid: 204 Calcul Vol : 436 Color: 20.
2026-05-06 13:07:19  ---------------------------
2026-05-06 13:17:37 --- Trajectory --- 
2026-05-06 13:17:37 Prog : URUS_PA2_BC2_R31_EXT_2026 Skid: 168 Paint : 379.
2026-05-06 13:17:37 ------------------ 
2026-05-06 13:21:49 --- Trajectory --- 
2026-05-06 13:21:49 Prog : HURACAN_BC2_R31_Plastic Skid: 110 Paint : 115.
2026-05-06 13:21:49 ------------------ 
2026-05-06 13:24:25  Vol : URUS_PA2_BC2_R31_EXT_2026 Skid: 37 Calcul Vol : 576 Color: 11.
2026-05-06 13:24:25  ---------------------------
2026-05-06 13:25:17 --- Trajectory INT --- 
2026-05-06 13:25:17  HURACAN_BC2_R31_INT " Skid: 48 Paint : 0.
2026-05-06 13:25:17 --- --- 
2026-05-06 13:25:20 --- Trajectory --- 
2026-05-06 13:25:20 Prog : TEM_bc2_r31_int Skid: 48 Paint : 17.
2026-05-06 13:25:20 ------------------ 
2026-05-06 13:27:42 --- Trajectory --- 
2026-05-06 13:27:42 Prog : tem_bc2_r31_ext_new Skid: 48 Paint : 207.
2026-05-06 13:27:42 ------------------ 
2026-05-06 13:29:11  Vol : URUS_PA2_R31_Plastic Skid: 180 Calcul Vol : 176 Color: 18.
2026-05-06 13:29:11  ---------------------------
2026-05-06 13:41:46 --- Trajectory --- 
2026-05-06 13:41:46 Prog : URUS_PA2_BC2_R31_EXT_2026 Skid: 204 Paint : 349.
2026-05-06 13:41:46 ------------------ 
2026-05-06 13:49:32  Vol : HURACAN_BC2_R31_Plastic Skid: 157 Calcul Vol : 220 Color: 85.
2026-05-06 13:49:32  ---------------------------
2026-05-06 14:01:29 --- Trajectory --- 
2026-05-06 14:01:29 Prog : URUS_PA2_BC2_R31_EXT_2026 Skid: 37 Paint : 559.
2026-05-06 14:01:29 ------------------ 
2026-05-06 14:04:57 --- Trajectory --- 
2026-05-06 14:04:57 Prog : URUS_PA2_R31_Plastic Skid: 180 Paint : 169.
2026-05-06 14:04:57 ------------------ 
2026-05-06 14:10:13  Vol : URUS_PA2_R31_Plastic Skid: 67 Calcul Vol : 90 Color: 41.
2026-05-06 14:10:13  ---------------------------
2026-05-06 14:17:15 --- Trajectory --- 
2026-05-06 14:17:15 Prog : HURACAN_BC2_R31_Plastic Skid: 157 Paint : 169.
2026-05-06 14:17:15 ------------------ 
2026-05-06 14:20:11  Vol : URUS_PA2_BC2_R31_EXT_2026 Skid: 148 Calcul Vol : 614 Color: 13.
2026-05-06 14:20:11  ---------------------------
2026-05-06 14:34:18 --- Trajectory --- 
2026-05-06 14:34:18 Prog : URUS_PA2_R31_Plastic Skid: 67 Paint : 88.
2026-05-06 14:34:18 ------------------ 
2026-05-06 14:42:12  Vol : URUS_PA2_BC2_R31_EXT_2026 Skid: 81 Calcul Vol : 798 Color: 18.
2026-05-06 14:42:12  ---------------------------
2026-05-06 14:47:50 --- Trajectory --- 
2026-05-06 14:47:50 Prog : URUS_PA2_BC2_R31_EXT_2026 Skid: 148 Paint : 596.
2026-05-06 14:47:50 ------------------ 
2026-05-06 15:05:42  Vol : URUS_PA2_BC2_R31_EXT_2026 Skid: 49 Calcul Vol : 756 Color: 27.
2026-05-06 15:05:43  ---------------------------
2026-05-06 15:10:54 --- Trajectory --- 
2026-05-06 15:10:54 Prog : URUS_PA2_BC2_R31_EXT_2026 Skid: 81 Paint : 783.
2026-05-06 15:10:54 ------------------ 
2026-05-06 15:35:03 --- Trajectory --- 
2026-05-06 15:35:03 Prog : URUS_PA2_BC2_R31_EXT_2026 Skid: 49 Paint : 741.
2026-05-06 15:35:03 ------------------ 
2026-05-06 15:44:44  Vol : URUS_PA2_R31_Plastic Skid: 175 Calcul Vol : 346 Color: 77.
2026-05-06 15:44:44  ---------------------------
2026-05-06 15:49:40  Vol : URUS_PA2_BC2_R31_EXT_2026 Skid: 59 Calcul Vol : 588 Color: 77.
2026-05-06 15:49:40  ---------------------------
2026-05-06 16:11:03 --- Trajectory --- 
2026-05-06 16:11:03 Prog : URUS_PA2_R31_Plastic Skid: 175 Paint : 338.
2026-05-06 16:11:03 ------------------ 
2026-05-06 16:15:14 --- Trajectory --- 
2026-05-06 16:15:14 Prog : URUS_PA2_BC2_R31_EXT_2026 Skid: 59 Paint : 572.
2026-05-06 16:15:14 ------------------ 
2026-05-06 16:19:15  Default Volume : TEM_bc2_r31_int Skid: 138.
2026-05-06 16:19:17  Vol : TEM_bc2_r31_int Skid: 138 Calcul Vol : 600 Color: 85.
2026-05-06 16:19:17  ---------------------------
2026-05-06 16:19:22  Default Volume : tem_bc2_r31_ext_new Skid: 138.
2026-05-06 16:19:23  Vol : tem_bc2_r31_ext_new Skid: 138 Calcul Vol : 600 Color: 85.
2026-05-06 16:19:23  ---------------------------
2026-05-06 16:22:43  Vol : URUS_PA2_R31_Plastic Skid: 240 Calcul Vol : 0 Color: 112.
2026-05-06 16:22:43  ---------------------------
2026-05-06 16:30:37  Vol : URUS_PA2_BC2_R31_EXT_2026 Skid: 51 Calcul Vol : 581 Color: 16.
2026-05-06 16:30:37  ---------------------------
2026-05-06 16:37:01  Default Volume : TEM_bc2_r31_int Skid: 155.
2026-05-06 16:37:02  Vol : TEM_bc2_r31_int Skid: 155 Calcul Vol : 600 Color: 13.
2026-05-06 16:37:02  ---------------------------
2026-05-06 16:37:07  Default Volume : tem_bc2_r31_ext_new Skid: 155.
2026-05-06 16:37:09  Vol : tem_bc2_r31_ext_new Skid: 155 Calcul Vol : 600 Color: 13.
2026-05-06 16:37:09  ---------------------------
2026-05-06 16:39:20 --- Trajectory INT --- 
2026-05-06 16:39:20  HURACAN_BC2_R31_INT " Skid: 138 Paint : 0.
2026-05-06 16:39:20 --- --- 
2026-05-06 16:39:23 --- Trajectory --- 
2026-05-06 16:39:23 Prog : TEM_bc2_r31_int Skid: 138 Paint : 24.
2026-05-06 16:39:23 ------------------ 
2026-05-06 16:41:45 --- Trajectory --- 
2026-05-06 16:41:45 Prog : tem_bc2_r31_ext_new Skid: 138 Paint : 270.
2026-05-06 16:41:45 ------------------ 
2026-05-06 16:43:52 --- Trajectory --- 
2026-05-06 16:43:52 Prog : URUS_PA2_R31_Plastic Skid: 240 Paint : 0.
2026-05-06 16:43:52 ------------------ 
2026-05-06 16:57:21 --- Trajectory --- 
2026-05-06 16:57:21 Prog : URUS_PA2_BC2_R31_EXT_2026 Skid: 51 Paint : 513.
2026-05-06 16:57:21 ------------------ 
2026-05-06 16:58:57 --- Trajectory INT --- 
2026-05-06 16:58:57  HURACAN_BC2_R31_INT " Skid: 155 Paint : 0.
2026-05-06 16:58:57 --- --- 
2026-05-06 16:59:00 --- Trajectory --- 
2026-05-06 16:59:00 Prog : TEM_bc2_r31_int Skid: 155 Paint : 30.
2026-05-06 16:59:00 ------------------ 
2026-05-06 17:00:52 --- Trajectory --- 
2026-05-06 17:00:52 Prog : tem_bc2_r31_ext_new Skid: 155 Paint : 229.
2026-05-06 17:00:52 ------------------ 
2026-05-06 17:16:16  Default Volume : TEM_bc2_r31_int Skid: 216.
2026-05-06 17:16:18  Vol : TEM_bc2_r31_int Skid: 216 Calcul Vol : 600 Color: 102.
2026-05-06 17:16:18  ---------------------------
2026-05-06 17:16:23  Default Volume : tem_bc2_r31_ext_new Skid: 216.
2026-05-06 17:16:24  Vol : tem_bc2_r31_ext_new Skid: 216 Calcul Vol : 600 Color: 102.
2026-05-06 17:16:24  ---------------------------
2026-05-06 17:19:53  Vol : URUS_PA2_BC2_R31_EXT_2026 Skid: 193 Calcul Vol : 617 Color: 41.
2026-05-06 17:19:53  ---------------------------
2026-05-06 17:38:32 --- Trajectory --- 
2026-05-06 17:38:32 Prog : TEM_bc2_r31_int Skid: 216 Paint : 0.
2026-05-06 17:38:32 ------------------ 
2026-05-06 17:39:05  Vol : HURACAN_BC2_R31_Plastic Skid: 234 Calcul Vol : 229 Color: 35.
2026-05-06 17:39:05  ---------------------------
2026-05-06 17:39:30 --- Trajectory --- 
2026-05-06 17:39:30 Prog : tem_bc2_r31_ext_new Skid: 216 Paint : 0.
2026-05-06 17:39:30 ------------------ 
2026-05-06 17:44:27  Default Volume : TEM_bc2_r31_int Skid: 167.
2026-05-06 17:44:28  Vol : TEM_bc2_r31_int Skid: 167 Calcul Vol : 600 Color: 35.
2026-05-06 17:44:28  ---------------------------
2026-05-06 17:44:33  Default Volume : tem_bc2_r31_ext_new Skid: 167.
2026-05-06 17:44:35  Vol : tem_bc2_r31_ext_new Skid: 167 Calcul Vol : 600 Color: 35.
2026-05-06 17:44:35  ---------------------------
2026-05-06 17:48:57 --- Trajectory --- 
2026-05-06 17:48:57 Prog : URUS_PA2_BC2_R31_EXT_2026 Skid: 193 Paint : 550.
2026-05-06 17:48:57 ------------------ 
2026-05-06 17:50:09  Vol : URUS_PA2_R31_Plastic Skid: 169 Calcul Vol : 0 Color: 137.
2026-05-06 17:50:09  ---------------------------
2026-05-06 17:54:17  Vol : URUS_PA2_BC2_R31_EXT_2026 Skid: 33 Calcul Vol : 571 Color: 11.
2026-05-06 17:54:17  ---------------------------
2026-05-06 18:03:36 --- Trajectory --- 
2026-05-06 18:03:36 Prog : HURACAN_BC2_R31_Plastic Skid: 234 Paint : 178.
2026-05-06 18:03:36 ------------------ 
2026-05-06 18:07:27 --- Trajectory INT --- 
2026-05-06 18:07:27  HURACAN_BC2_R31_INT " Skid: 167 Paint : 0.
2026-05-06 18:07:27 --- --- 
2026-05-06 18:07:30 --- Trajectory --- 
2026-05-06 18:07:30 Prog : TEM_bc2_r31_int Skid: 167 Paint : 22.
2026-05-06 18:07:30 ------------------ 
2026-05-06 18:09:24  Vol : URUS_PA2_R31_Plastic Skid: 253 Calcul Vol : 110 Color: 86.
2026-05-06 18:09:24  ---------------------------
2026-05-06 18:09:53 --- Trajectory --- 
2026-05-06 18:09:53 Prog : tem_bc2_r31_ext_new Skid: 167 Paint : 278.
2026-05-06 18:09:53 ------------------ 
2026-05-06 18:11:58 --- Trajectory --- 
2026-05-06 18:11:58 Prog : URUS_PA2_R31_Plastic Skid: 169 Paint : 0.
2026-05-06 18:11:58 ------------------ 
2026-05-06 18:20:01  Vol : URUS_PA2_R31_Plastic Skid: 101 Calcul Vol : 193 Color: 27.
2026-05-06 18:20:01  ---------------------------
2026-05-06 18:30:55 --- Trajectory --- 
2026-05-06 18:30:55 Prog : URUS_PA2_BC2_R31_EXT_2026 Skid: 33 Paint : 576.
2026-05-06 18:30:55 ------------------ 
2026-05-06 18:44:03 --- Trajectory --- 
2026-05-06 18:44:03 Prog : URUS_PA2_R31_Plastic Skid: 253 Paint : 108.
2026-05-06 18:44:03 ------------------ 
2026-05-06 18:48:36 --- Trajectory --- 
2026-05-06 18:48:36 Prog : URUS_PA2_R31_Plastic Skid: 101 Paint : 190.
2026-05-06 18:48:36 ------------------ 
2026-05-06 18:52:22  Vol : HURACAN_BC2_R31_Plastic Skid: 39 Calcul Vol : 224 Color: 20.
2026-05-06 18:52:22  ---------------------------
2026-05-06 19:19:36 --- Trajectory --- 
2026-05-06 19:19:36 Prog : HURACAN_BC2_R31_Plastic Skid: 39 Paint : 178.
2026-05-06 19:19:36 ------------------ 
2026-05-06 19:27:53  Vol : URUS_PA2_BC2_R31_EXT_2026 Skid: 80 Calcul Vol : 476 Color: 86.
2026-05-06 19:27:53  ---------------------------
2026-05-06 19:31:46  Vol : HURACAN_BC2_R31_Plastic Skid: 46 Calcul Vol : 213 Color: 53.
2026-05-06 19:31:46  ---------------------------
2026-05-06 19:44:13  Vol : URUS_PA2_R31_Plastic Skid: 102 Calcul Vol : 100 Color: 77.
2026-05-06 19:44:13  ---------------------------
2026-05-06 19:47:50  Vol : URUS_PA2_BC2_R31_EXT_2026 Skid: 61 Calcul Vol : 588 Color: 77.
2026-05-06 19:47:50  ---------------------------
2026-05-06 19:53:21 --- Trajectory --- 
2026-05-06 19:53:21 Prog : URUS_PA2_BC2_R31_EXT_2026 Skid: 80 Paint : 407.
2026-05-06 19:53:21 ------------------ 
2026-05-06 19:56:27 --- Trajectory --- 
2026-05-06 19:56:27 Prog : HURACAN_BC2_R31_Plastic Skid: 46 Paint : 166.
2026-05-06 19:56:27 ------------------ 
2026-05-06 20:05:00 --- Trajectory --- 
2026-05-06 20:05:00 Prog : URUS_PA2_R31_Plastic Skid: 102 Paint : 98.
2026-05-06 20:05:00 ------------------ 
2026-05-06 20:06:47  Default Volume : TEM_bc2_r31_int Skid: 131.
2026-05-06 20:06:49  Vol : TEM_bc2_r31_int Skid: 131 Calcul Vol : 600 Color: 20.
2026-05-06 20:06:49  ---------------------------
2026-05-06 20:06:54  Default Volume : tem_bc2_r31_ext_new Skid: 131.
2026-05-06 20:06:55  Vol : tem_bc2_r31_ext_new Skid: 131 Calcul Vol : 600 Color: 20.
2026-05-06 20:06:55  ---------------------------
2026-05-06 20:10:02  Vol : URUS_PA2_R31_Plastic Skid: 240 Calcul Vol : 0 Color: 113.
2026-05-06 20:10:02  ---------------------------
2026-05-06 20:13:53 --- Trajectory --- 
2026-05-06 20:13:53 Prog : URUS_PA2_BC2_R31_EXT_2026 Skid: 61 Paint : 572.
2026-05-06 20:13:53 ------------------ 
2026-05-06 20:26:37 --- Trajectory INT --- 
2026-05-06 20:26:37  HURACAN_BC2_R31_INT " Skid: 131 Paint : 0.
2026-05-06 20:26:37 --- --- 
2026-05-06 20:26:39 --- Trajectory --- 
2026-05-06 20:26:39 Prog : TEM_bc2_r31_int Skid: 131 Paint : 17.
2026-05-06 20:26:39 ------------------ 
2026-05-06 20:29:02 --- Trajectory --- 
2026-05-06 20:29:02 Prog : tem_bc2_r31_ext_new Skid: 131 Paint : 193.
2026-05-06 20:29:02 ------------------ 
2026-05-06 20:31:07 --- Trajectory --- 
2026-05-06 20:31:07 Prog : URUS_PA2_R31_Plastic Skid: 240 Paint : 0.
2026-05-06 20:31:07 ------------------ 
2026-05-06 20:33:58  Default Volume : TEM_bc2_r31_int Skid: 149.
2026-05-06 20:34:00  Vol : TEM_bc2_r31_int Skid: 149 Calcul Vol : 600 Color: 53.
2026-05-06 20:34:00  ---------------------------
2026-05-06 20:34:05  Default Volume : tem_bc2_r31_ext_new Skid: 149.
2026-05-06 20:34:06  Vol : tem_bc2_r31_ext_new Skid: 149 Calcul Vol : 600 Color: 53.
2026-05-06 20:34:06  ---------------------------
2026-05-06 20:57:25 --- Trajectory INT --- 
2026-05-06 20:57:25  HURACAN_BC2_R31_INT " Skid: 149 Paint : 0.
2026-05-06 20:57:25 --- --- 
2026-05-06 20:57:27 --- Trajectory --- 
2026-05-06 20:57:27 Prog : TEM_bc2_r31_int Skid: 149 Paint : 22.
2026-05-06 20:57:27 ------------------ 
2026-05-06 20:59:50 --- Trajectory --- 
2026-05-06 20:59:50 Prog : tem_bc2_r31_ext_new Skid: 149 Paint : 254.
2026-05-06 20:59:50 ------------------ 
2026-05-07 03:20:01  Vol : URUS_PA2_BC2_R31_EXT_2026 Skid: 26 Calcul Vol : 588 Color: 150.
2026-05-07 03:20:01  ---------------------------
2026-05-07 03:51:22 --- Trajectory --- 
2026-05-07 03:51:22 Prog : URUS_PA2_BC2_R31_EXT_2026 Skid: 26 Paint : 572.
2026-05-07 03:51:22 ------------------ 
2026-05-07 03:57:32  Vol : URUS_PA2_BC2_R31_EXT_2026 Skid: 4 Calcul Vol : 687 Color: 137.
2026-05-07 03:57:32  ---------------------------
2026-05-07 04:09:45 --- Trajectory --- 
2026-05-07 04:09:45 Prog : tem_bc2_r31_ext_new Skid: 15628 Paint : 264.
2026-05-07 04:09:45 ------------------ 
2026-05-07 06:17:07  Default Volume : TEM_bc2_r31_int Skid: 223.
2026-05-07 06:17:08  Vol : TEM_bc2_r31_int Skid: 223 Calcul Vol : 600 Color: 15.
2026-05-07 06:17:08  ---------------------------
2026-05-07 06:17:13  Default Volume : tem_bc2_r31_ext_new Skid: 223.
2026-05-07 06:17:15  Vol : tem_bc2_r31_ext_new Skid: 223 Calcul Vol : 600 Color: 15.
2026-05-07 06:17:15  ---------------------------
2026-05-07 06:35:19  Vol : URUS_PA2_BC2_R31_EXT_2026 Skid: 38 Calcul Vol : 588 Color: 22.
2026-05-07 06:35:19  ---------------------------
2026-05-07 06:38:48 --- Trajectory --- 
2026-05-07 06:38:48 Prog : URUS_PA2_BC2_R31_EXT_2026 Skid: 4 Paint : 698.
2026-05-07 06:38:48 ------------------ 
2026-05-07 06:44:17 --- Trajectory INT --- 
2026-05-07 06:44:17  HURACAN_BC2_R31_INT " Skid: 223 Paint : 0.
2026-05-07 06:44:17 --- --- 
2026-05-07 06:44:20 --- Trajectory --- 
2026-05-07 06:44:20 Prog : TEM_bc2_r31_int Skid: 223 Paint : 19.
2026-05-07 06:44:20 ------------------ 
2026-05-07 06:46:12 --- Trajectory --- 
2026-05-07 06:46:12 Prog : tem_bc2_r31_ext_new Skid: 223 Paint : 125.
2026-05-07 06:46:12 ------------------ 
2026-05-07 06:46:16  Vol : URUS_PA2_R31_Plastic Skid: 259 Calcul Vol : 108 Color: 22.
2026-05-07 06:46:16  ---------------------------
2026-05-07 06:53:52  Vol : HURACAN_BC2_R31_Plastic Skid: 46 Calcul Vol : 237 Color: 106.
2026-05-07 06:53:52  ---------------------------
2026-05-07 07:02:10  Default Volume : TEM_bc2_r31_int Skid: 208.
2026-05-07 07:02:11  Vol : TEM_bc2_r31_int Skid: 208 Calcul Vol : 600 Color: 106.
2026-05-07 07:02:11  ---------------------------
2026-05-07 07:02:17  Default Volume : tem_bc2_r31_ext_new Skid: 208.
2026-05-07 07:02:18  Vol : tem_bc2_r31_ext_new Skid: 208 Calcul Vol : 600 Color: 106.
2026-05-07 07:02:18  ---------------------------
2026-05-07 07:06:08 --- Trajectory --- 
2026-05-07 07:06:08 Prog : URUS_PA2_BC2_R31_EXT_2026 Skid: 38 Paint : 572.
2026-05-07 07:06:08 ------------------ 
2026-05-07 07:12:00 --- Trajectory --- 
2026-05-07 07:12:00 Prog : URUS_PA2_R31_Plastic Skid: 259 Paint : 104.
2026-05-07 07:12:00 ------------------ 
2026-05-07 07:13:15  Vol : URUS_PA2_BC2_R31_EXT_2026 Skid: 233 Calcul Vol : 399 Color: 29.
2026-05-07 07:13:15  ---------------------------
2026-05-07 07:19:45 --- Trajectory --- 
2026-05-07 07:19:45 Prog : HURACAN_BC2_R31_Plastic Skid: 46 Paint : 182.
2026-05-07 07:19:45 ------------------ 
2026-05-07 07:20:54  Vol : URUS_PA2_R31_Plastic Skid: 2 Calcul Vol : 122 Color: 29.
2026-05-07 07:20:54  ---------------------------
2026-05-07 07:28:19 --- Trajectory INT --- 
2026-05-07 07:28:19  HURACAN_BC2_R31_INT " Skid: 208 Paint : 0.
2026-05-07 07:28:19 --- --- 
2026-05-07 07:28:22 --- Trajectory --- 
2026-05-07 07:28:22 Prog : TEM_bc2_r31_int Skid: 208 Paint : 28.
2026-05-07 07:28:22 ------------------ 
2026-05-07 07:30:44 --- Trajectory --- 
2026-05-07 07:30:44 Prog : tem_bc2_r31_ext_new Skid: 208 Paint : 331.
2026-05-07 07:30:44 ------------------ 
2026-05-07 07:39:04  Vol : URUS_PA2_BC2_R31_EXT_2026 Skid: 105 Calcul Vol : 756 Color: 27.
2026-05-07 07:39:04  ---------------------------
2026-05-07 07:40:21 --- Trajectory --- 
2026-05-07 07:40:21 Prog : URUS_PA2_BC2_R31_EXT_2026 Skid: 233 Paint : 379.
2026-05-07 07:40:21 ------------------ 
2026-05-07 07:47:14 --- Trajectory --- 
2026-05-07 07:47:14 Prog : URUS_PA2_R31_Plastic Skid: 2 Paint : 116.
2026-05-07 07:47:14 ------------------ 
2026-05-07 08:01:40 --- Trajectory --- 
2026-05-07 08:01:40 Prog : URUS_PA2_BC2_R31_EXT_2026 Skid: 105 Paint : 741.
2026-05-07 08:01:40 ------------------ 
2026-05-07 08:33:53  Default Volume : TEM_bc2_r31_int Skid: 29.
2026-05-07 08:33:54  Vol : TEM_bc2_r31_int Skid: 29 Calcul Vol : 600 Color: 53.
2026-05-07 08:33:54  ---------------------------
2026-05-07 08:33:59  Default Volume : tem_bc2_r31_ext_new Skid: 29.
2026-05-07 08:34:01  Vol : tem_bc2_r31_ext_new Skid: 29 Calcul Vol : 600 Color: 53.
2026-05-07 08:34:01  ---------------------------
2026-05-07 08:57:13  Vol : URUS_PA2_BC2_R31_EXT_2026 Skid: 139 Calcul Vol : 614 Color: 13.
2026-05-07 08:57:13  ---------------------------
2026-05-07 09:03:11 --- Trajectory INT --- 
2026-05-07 09:03:11  HURACAN_BC2_R31_INT " Skid: 29 Paint : 0.
2026-05-07 09:03:11 --- --- 
2026-05-07 09:03:14 --- Trajectory --- 
2026-05-07 09:03:14 Prog : TEM_bc2_r31_int Skid: 29 Paint : 22.
2026-05-07 09:03:14 ------------------ 
2026-05-07 09:05:36 --- Trajectory --- 
2026-05-07 09:05:36 Prog : tem_bc2_r31_ext_new Skid: 29 Paint : 254.
2026-05-07 09:05:36 ------------------ 
2026-05-07 09:29:37 --- Trajectory --- 
2026-05-07 09:29:37 Prog : URUS_PA2_BC2_R31_EXT_2026 Skid: 139 Paint : 596.
2026-05-07 09:29:37 ------------------ 
2026-05-07 10:22:00  Vol : URUS_PA2_BC2_R31_EXT_2026 Skid: 202 Calcul Vol : 623 Color: 41.
2026-05-07 10:22:00  ---------------------------
2026-05-07 10:29:54  Vol : URUS_PA2_R31_Plastic Skid: 101 Calcul Vol : 328 Color: 41.
2026-05-07 10:29:54  ---------------------------
2026-05-07 10:55:42 --- Trajectory --- 
2026-05-07 10:55:42 Prog : URUS_PA2_BC2_R31_EXT_2026 Skid: 202 Paint : 607.
2026-05-07 10:55:42 ------------------ 
2026-05-07 11:16:31  Vol : URUS_PA2_R31_Plastic Skid: 175 Calcul Vol : 0 Color: 54.
2026-05-07 11:16:31  ---------------------------
2026-05-07 11:20:30  Vol : URUS_PA2_R31_Plastic Skid: 22 Calcul Vol : 208 Color: 55.
2026-05-07 11:20:30  ---------------------------
2026-05-07 11:24:35  Vol : URUS_PA2_BC2_R31_EXT_2026 Skid: 52 Calcul Vol : 448 Color: 55.
2026-05-07 11:24:35  ---------------------------
2026-05-07 11:40:33 --- Trajectory --- 
2026-05-07 11:40:33 Prog : URUS_PA2_R31_Plastic Skid: 175 Paint : 0.
2026-05-07 11:40:33 ------------------ 
2026-05-07 11:47:17 --- Trajectory --- 
2026-05-07 11:47:17 Prog : URUS_PA2_R31_Plastic Skid: 175 Paint : 0.
2026-05-07 11:47:17 ------------------ 
2026-05-07 11:53:45 --- Trajectory --- 
2026-05-07 11:53:45 Prog : URUS_PA2_R31_Plastic Skid: 22 Paint : 203.
2026-05-07 11:53:45 ------------------ 
2026-05-07 11:55:56  Vol : URUS_PA2_R31_Plastic Skid: 180 Calcul Vol : 126 Color: 22.
2026-05-07 11:55:56  ---------------------------
2026-05-07 11:58:08 --- Trajectory --- 
2026-05-07 11:58:08 Prog : URUS_PA2_BC2_R31_EXT_2026 Skid: 52 Paint : 429.
2026-05-07 11:58:08 ------------------ 
2026-05-07 12:00:09  Vol : URUS_PA2_BC2_R31_EXT_2026 Skid: 145 Calcul Vol : 588 Color: 22.
2026-05-07 12:00:09  ---------------------------
2026-05-07 12:08:25  Vol : HURACAN_BC2_R31_Plastic Skid: 71 Calcul Vol : 213 Color: 53.
2026-05-07 12:08:25  ---------------------------
2026-05-07 12:12:53  Default Volume : TEM_bc2_r31_int Skid: 130.
2026-05-07 12:12:55  Vol : TEM_bc2_r31_int Skid: 130 Calcul Vol : 600 Color: 53.
2026-05-07 12:12:55  ---------------------------
2026-05-07 12:13:00  Default Volume : tem_bc2_r31_ext_new Skid: 130.
2026-05-07 12:13:02  Vol : tem_bc2_r31_ext_new Skid: 130 Calcul Vol : 600 Color: 53.
2026-05-07 12:13:02  ---------------------------
2026-05-07 12:20:17 --- Trajectory --- 
2026-05-07 12:20:17 Prog : URUS_PA2_R31_Plastic Skid: 180 Paint : 122.
2026-05-07 12:20:17 ------------------ 
2026-05-07 12:21:11  Vol : URUS_PA2_BC2_R31_EXT_2026 Skid: 244 Calcul Vol : 514 Color: 9.
2026-05-07 12:21:11  ---------------------------
2026-05-07 12:26:52 --- Trajectory --- 
2026-05-07 12:26:52 Prog : URUS_PA2_BC2_R31_EXT_2026 Skid: 145 Paint : 572.
2026-05-07 12:26:52 ------------------ 
2026-05-07 12:34:52 --- Trajectory --- 
2026-05-07 12:34:52 Prog : HURACAN_BC2_R31_Plastic Skid: 71 Paint : 166.
2026-05-07 12:34:52 ------------------ 
2026-05-07 12:38:21 --- Trajectory INT --- 
2026-05-07 12:38:21  HURACAN_BC2_R31_INT " Skid: 130 Paint : 0.
2026-05-07 12:38:21 --- --- 
2026-05-07 12:38:24 --- Trajectory --- 
2026-05-07 12:38:24 Prog : TEM_bc2_r31_int Skid: 130 Paint : 22.
2026-05-07 12:38:24 ------------------ 
2026-05-07 12:40:46 --- Trajectory --- 
2026-05-07 12:40:46 Prog : tem_bc2_r31_ext_new Skid: 130 Paint : 254.
2026-05-07 12:40:46 ------------------ 
2026-05-07 12:51:44 --- Trajectory --- 
2026-05-07 12:51:44 Prog : URUS_PA2_BC2_R31_EXT_2026 Skid: 244 Paint : 496.
2026-05-07 12:51:44 ------------------ 
2026-05-07 12:58:04  Vol : URUS_PA2_R31_Plastic Skid: 101 Calcul Vol : 328 Color: 41.
2026-05-07 12:58:04  ---------------------------
2026-05-07 13:07:48  Default Volume : TEM_bc2_r31_int Skid: 81.
2026-05-07 13:07:50  Vol : TEM_bc2_r31_int Skid: 81 Calcul Vol : 600 Color: 9.
2026-05-07 13:07:50  ---------------------------
2026-05-07 13:07:55  Default Volume : tem_bc2_r31_ext_new Skid: 81.
2026-05-07 13:07:56  Vol : tem_bc2_r31_ext_new Skid: 81 Calcul Vol : 600 Color: 9.
2026-05-07 13:07:56  ---------------------------
2026-05-07 13:16:54  Vol : URUS_PA2_BC2_R31_EXT_2026 Skid: 59 Calcul Vol : 588 Color: 77.
2026-05-07 13:16:54  ---------------------------
2026-05-07 13:30:35 --- Trajectory --- 
2026-05-07 13:30:35 Prog : URUS_PA2_R31_Plastic Skid: 101 Paint : 320.
2026-05-07 13:30:35 ------------------ 
2026-05-07 13:35:12 --- Trajectory INT --- 
2026-05-07 13:35:12  HURACAN_BC2_R31_INT " Skid: 81 Paint : 0.
2026-05-07 13:35:12 --- --- 
2026-05-07 13:35:14 --- Trajectory --- 
2026-05-07 13:35:14 Prog : TEM_bc2_r31_int Skid: 81 Paint : 29.
2026-05-07 13:35:14 ------------------ 
2026-05-07 13:37:06 --- Trajectory --- 
2026-05-07 13:37:06 Prog : tem_bc2_r31_ext_new Skid: 81 Paint : 186.
2026-05-07 13:37:06 ------------------ 
2026-05-07 13:44:15  Vol : URUS_PA2_R31_Plastic Skid: 259 Calcul Vol : 84 Color: 27.
2026-05-07 13:44:15  ---------------------------
2026-05-07 13:45:25 --- Trajectory --- 
2026-05-07 13:45:25 Prog : URUS_PA2_BC2_R31_EXT_2026 Skid: 59 Paint : 174.
2026-05-07 13:45:25 ------------------ 
2026-05-07 14:07:10 --- Trajectory --- 
2026-05-07 14:07:10 Prog : URUS_PA2_R31_Plastic Skid: 259 Paint : 82.
2026-05-07 14:07:10 ------------------ 
2026-05-07 14:13:36  Vol : URUS_PA2_R31_Plastic Skid: 98 Calcul Vol : 105 Color: 62.
2026-05-07 14:13:36  ---------------------------
2026-05-07 14:17:08  Vol : URUS_PA2_BC2_R31_EXT_2026 Skid: 166 Calcul Vol : 527 Color: 62.
2026-05-07 14:17:08  ---------------------------
2026-05-07 14:22:16  Vol : URUS_PA2_R31_Plastic Skid: 113 Calcul Vol : 203 Color: 62.
2026-05-07 14:22:16  ---------------------------
2026-05-07 14:28:42  Vol : URUS_PA2_BC2_R31_EXT_2026 Skid: 126 Calcul Vol : 508 Color: 62.
2026-05-07 14:28:42  ---------------------------
2026-05-07 14:35:14  Default Volume : TEM_bc2_r31_int Skid: 232.
2026-05-07 14:35:16  Vol : TEM_bc2_r31_int Skid: 232 Calcul Vol : 600 Color: 150.
2026-05-07 14:35:16  ---------------------------
2026-05-07 14:35:21  Default Volume : tem_bc2_r31_ext_new Skid: 232.
2026-05-07 14:35:22  Vol : tem_bc2_r31_ext_new Skid: 232 Calcul Vol : 600 Color: 150.
2026-05-07 14:35:22  ---------------------------
2026-05-07 14:37:32  Vol : HURACAN_BC2_R31_Plastic Skid: 110 Calcul Vol : 235 Color: 150.
2026-05-07 14:37:32  ---------------------------
2026-05-07 14:39:25 --- Trajectory --- 
2026-05-07 14:39:25 Prog : URUS_PA2_R31_Plastic Skid: 98 Paint : 101.
2026-05-07 14:39:25 ------------------ 
2026-05-07 14:46:38 --- Trajectory --- 
2026-05-07 14:46:38 Prog : URUS_PA2_BC2_R31_EXT_2026 Skid: 166 Paint : 438.
2026-05-07 14:46:38 ------------------ 
2026-05-07 14:49:49 --- Trajectory --- 
2026-05-07 14:49:49 Prog : URUS_PA2_R31_Plastic Skid: 113 Paint : 198.
2026-05-07 14:49:49 ------------------ 
2026-05-07 14:54:01  Vol : URUS_PA2SPORT_R31_EXT Skid: 78 Calcul Vol : 385 Color: 137.
2026-05-07 14:54:01  ---------------------------
2026-05-07 14:56:28 --- Trajectory --- 
2026-05-07 14:56:28 Prog : URUS_PA2_BC2_R31_EXT_2026 Skid: 126 Paint : 490.
2026-05-07 14:56:28 ------------------ 
2026-05-07 14:58:52 --- Trajectory INT --- 
2026-05-07 14:58:52  HURACAN_BC2_R31_INT " Skid: 232 Paint : 0.
2026-05-07 14:58:52 --- --- 
2026-05-07 14:58:55 --- Trajectory --- 
2026-05-07 14:58:55 Prog : TEM_bc2_r31_int Skid: 232 Paint : 26.
2026-05-07 14:58:55 ------------------ 
2026-05-07 15:01:18 --- Trajectory --- 
2026-05-07 15:01:18 Prog : tem_bc2_r31_ext_new Skid: 232 Paint : 313.
2026-05-07 15:01:18 ------------------ 
2026-05-07 15:04:20 --- Trajectory --- 
2026-05-07 15:04:20 Prog : HURACAN_BC2_R31_Plastic Skid: 110 Paint : 178.
2026-05-07 15:04:20 ------------------ 
2026-05-07 15:19:41 --- Trajectory --- 
2026-05-07 15:19:41 Prog : URUS_PA2SPORT_R31_EXT Skid: 78 Paint : 374.
2026-05-07 15:19:41 ------------------ 
2026-05-07 15:30:49  Vol : URUS_PA2_R31_Plastic Skid: 22 Calcul Vol : 180 Color: 56.
2026-05-07 15:30:49  ---------------------------
2026-05-07 15:34:26  Vol : URUS_PA2_BC2_R31_EXT_2026 Skid: 52 Calcul Vol : 522 Color: 56.
2026-05-07 15:34:26  ---------------------------
2026-05-07 15:38:37  Vol : URUS_PA2_BC2_R31_EXT_2026 Skid: 212 Calcul Vol : 588 Color: 77.
2026-05-07 15:38:37  ---------------------------
2026-05-07 15:57:29  Default Volume : TEM_bc2_r31_int Skid: 208.
2026-05-07 15:57:30  Vol : TEM_bc2_r31_int Skid: 208 Calcul Vol : 600 Color: 106.
2026-05-07 15:57:30  ---------------------------
2026-05-07 15:57:35  Default Volume : tem_bc2_r31_ext_new Skid: 208.
2026-05-07 15:57:37  Vol : tem_bc2_r31_ext_new Skid: 208 Calcul Vol : 600 Color: 106.
2026-05-07 15:57:37  ---------------------------
2026-05-07 16:00:34 --- Trajectory --- 
2026-05-07 16:00:34 Prog : URUS_PA2_R31_Plastic Skid: 22 Paint : 174.
2026-05-07 16:00:34 ------------------ 
2026-05-07 16:05:25 --- Trajectory --- 
2026-05-07 16:05:25 Prog : URUS_PA2_BC2_R31_EXT_2026 Skid: 52 Paint : 514.
2026-05-07 16:05:25 ------------------ 
2026-05-07 16:07:09 --- Trajectory --- 
2026-05-07 16:07:09 Prog : URUS_PA2_BC2_R31_EXT_2026 Skid: 212 Paint : 0.
2026-05-07 16:07:09 ------------------ 
2026-05-07 16:11:22  Vol : HURACAN_BC2_R31_Plastic Skid: 39 Calcul Vol : 201 Color: 53.
2026-05-07 16:11:22  ---------------------------
2026-05-07 16:33:36  Default Volume : TEM_bc2_r31_int Skid: 208.
2026-05-07 16:33:37  Vol : TEM_bc2_r31_int Skid: 208 Calcul Vol : 600 Color: 106.
2026-05-07 16:33:37  ---------------------------
2026-05-07 16:33:42  Default Volume : tem_bc2_r31_ext_new Skid: 208.
2026-05-07 16:33:44  Vol : tem_bc2_r31_ext_new Skid: 208 Calcul Vol : 600 Color: 106.
2026-05-07 16:33:44  ---------------------------
2026-05-07 16:45:49  Vol : URUS_PA2_R31_Plastic Skid: 169 Calcul Vol : 247 Color: 85.
2026-05-07 16:45:49  ---------------------------
2026-05-07 16:46:06 --- Trajectory --- 
2026-05-07 16:46:06 Prog : HURACAN_BC2_R31_Plastic Skid: 39 Paint : 166.
2026-05-07 16:46:06 ------------------ 
2026-05-07 16:49:23  Vol : URUS_PA2_BC2_R31_EXT_2026 Skid: 68 Calcul Vol : 534 Color: 85.
2026-05-07 16:49:23  ---------------------------
2026-05-07 16:53:32 --- Trajectory --- 
2026-05-07 16:53:32 Prog : TEM_bc2_r31_int Skid: 208 Paint : 0.
2026-05-07 16:53:32 ------------------ 
2026-05-07 16:55:27 --- Trajectory --- 
2026-05-07 16:55:27 Prog : tem_bc2_r31_ext_new Skid: 208 Paint : 46.
2026-05-07 16:55:27 ------------------ 
2026-05-07 16:58:44  Default Volume : TEM_bc2_r31_int Skid: 152.
2026-05-07 16:58:45  Vol : TEM_bc2_r31_int Skid: 152 Calcul Vol : 600 Color: 53.
2026-05-07 16:58:45  ---------------------------
2026-05-07 16:58:50  Default Volume : tem_bc2_r31_ext_new Skid: 152.
2026-05-07 16:58:52  Vol : tem_bc2_r31_ext_new Skid: 152 Calcul Vol : 600 Color: 53.
2026-05-07 16:58:52  ---------------------------
2026-05-07 17:10:36  Vol : URUS_PA2_R31_Plastic Skid: 64 Calcul Vol : 105 Color: 27.
2026-05-07 17:10:36  ---------------------------
2026-05-07 17:12:53 --- Trajectory --- 
2026-05-07 17:12:53 Prog : URUS_PA2_R31_Plastic Skid: 169 Paint : 235.
2026-05-07 17:12:53 ------------------ 
2026-05-07 17:14:37  Vol : URUS_PA2_BC2_R31_EXT_2026 Skid: 20 Calcul Vol : 750 Color: 27.
2026-05-07 17:14:37  ---------------------------
2026-05-07 17:17:00 --- Trajectory --- 
2026-05-07 17:17:00 Prog : URUS_PA2_BC2_R31_EXT_2026 Skid: 68 Paint : 527.
2026-05-07 17:17:00 ------------------ 
2026-05-07 17:24:27 --- Trajectory INT --- 
2026-05-07 17:24:27  HURACAN_BC2_R31_INT " Skid: 152 Paint : 0.
2026-05-07 17:24:27 --- --- 
2026-05-07 17:24:29 --- Trajectory --- 
2026-05-07 17:24:29 Prog : TEM_bc2_r31_int Skid: 152 Paint : 22.
2026-05-07 17:24:29 ------------------ 
2026-05-07 17:24:56  Vol : URUS_PA2_R31_Plastic Skid: 180 Calcul Vol : 183 Color: 50.
2026-05-07 17:24:56  ---------------------------
2026-05-07 17:26:51 --- Trajectory --- 
2026-05-07 17:26:51 Prog : tem_bc2_r31_ext_new Skid: 152 Paint : 254.
2026-05-07 17:26:51 ------------------ 
2026-05-07 17:32:38 --- Trajectory --- 
2026-05-07 17:32:38 Prog : URUS_PA2_R31_Plastic Skid: 64 Paint : 100.
2026-05-07 17:32:38 ------------------ 
2026-05-07 17:34:23  Vol : URUS_PA2_R31_Plastic Skid: 240 Calcul Vol : 265 Color: 29.
2026-05-07 17:34:23  ---------------------------
2026-05-07 17:37:54  Vol : HURACAN_BC2_R31_Plastic Skid: 97 Calcul Vol : 156 Color: 29.
2026-05-07 17:37:54  ---------------------------
2026-05-07 17:39:55 --- Trajectory --- 
2026-05-07 17:39:55 Prog : URUS_PA2_BC2_R31_EXT_2026 Skid: 20 Paint : 673.
2026-05-07 17:39:55 ------------------ 
2026-05-07 17:45:29 --- Trajectory --- 
2026-05-07 17:45:29 Prog : URUS_PA2_R31_Plastic Skid: 180 Paint : 181.
2026-05-07 17:45:29 ------------------ 
2026-05-07 17:50:37  Vol : URUS_PA2_BC2_R31_EXT_2026 Skid: 80 Calcul Vol : 573 Color: 50.
2026-05-07 17:50:37  ---------------------------
2026-05-07 18:04:32 --- Trajectory --- 
2026-05-07 18:04:32 Prog : URUS_PA2_R31_Plastic Skid: 240 Paint : 254.
2026-05-07 18:04:32 ------------------ 
2026-05-07 18:07:46 --- Trajectory --- 
2026-05-07 18:07:46 Prog : HURACAN_BC2_R31_Plastic Skid: 97 Paint : 115.
2026-05-07 18:07:46 ------------------ 
2026-05-07 18:10:57  Vol : URUS_PA2_R31_Plastic Skid: 253 Calcul Vol : 154 Color: 61.
2026-05-07 18:10:57  ---------------------------
2026-05-07 18:16:11  Vol : URUS_PA2_BC2_R31_EXT_2026 Skid: 51 Calcul Vol : 698 Color: 61.
2026-05-07 18:16:11  ---------------------------
2026-05-07 18:20:36  Vol : URUS_PA2_BC2_R31_EXT_2026 Skid: 134 Calcul Vol : 396 Color: 29.
2026-05-07 18:20:36  ---------------------------
2026-05-07 18:21:59 --- Trajectory --- 
2026-05-07 18:21:59 Prog : URUS_PA2_BC2_R31_EXT_2026 Skid: 80 Paint : 557.
2026-05-07 18:21:59 ------------------ 
2026-05-07 18:46:50  Default Volume : TEM_bc2_r31_int Skid: 153.
2026-05-07 18:46:52  Vol : TEM_bc2_r31_int Skid: 153 Calcul Vol : 600 Color: 29.
2026-05-07 18:46:52  ---------------------------
2026-05-07 18:46:57  Default Volume : tem_bc2_r31_ext_new Skid: 153.
2026-05-07 18:46:58  Vol : tem_bc2_r31_ext_new Skid: 153 Calcul Vol : 600 Color: 29.
2026-05-07 18:46:58  ---------------------------
2026-05-07 18:47:38 --- Trajectory --- 
2026-05-07 18:47:38 Prog : URUS_PA2_R31_Plastic Skid: 253 Paint : 151.
2026-05-07 18:47:38 ------------------ 
2026-05-07 18:54:40 --- Trajectory --- 
2026-05-07 18:54:40 Prog : URUS_PA2_BC2_R31_EXT_2026 Skid: 51 Paint : 682.
2026-05-07 18:54:40 ------------------ 
2026-05-07 18:59:41 --- Trajectory --- 
2026-05-07 18:59:41 Prog : URUS_PA2_BC2_R31_EXT_2026 Skid: 134 Paint : 389.
2026-05-07 18:59:41 ------------------ 
2026-05-07 19:11:19  Vol : URUS_PA2_BC2_R31_EXT_2026 Skid: 221 Calcul Vol : 534 Color: 105.
2026-05-07 19:11:19  ---------------------------
2026-05-07 19:13:14  Vol : URUS_PA2_R31_Plastic Skid: 186 Calcul Vol : 129 Color: 105.
2026-05-07 19:13:14  ---------------------------
2026-05-07 19:16:48 --- Trajectory INT --- 
2026-05-07 19:16:48  HURACAN_BC2_R31_INT " Skid: 153 Paint : 0.
2026-05-07 19:16:48 --- --- 
2026-05-07 19:16:50 --- Trajectory --- 
2026-05-07 19:16:50 Prog : TEM_bc2_r31_int Skid: 153 Paint : 17.
2026-05-07 19:16:50 ------------------ 
2026-05-07 19:19:12 --- Trajectory --- 
2026-05-07 19:19:12 Prog : tem_bc2_r31_ext_new Skid: 153 Paint : 207.
2026-05-07 19:19:12 ------------------ 
2026-05-07 19:31:55  Vol : URUS_PA2_BC2_R31_EXT_2026 Skid: 66 Calcul Vol : 756 Color: 27.
2026-05-07 19:31:55  ---------------------------
2026-05-07 19:47:24 --- Trajectory --- 
2026-05-07 19:47:24 Prog : URUS_PA2_BC2_R31_EXT_2026 Skid: 221 Paint : 517.
2026-05-07 19:47:24 ------------------ 
2026-05-07 19:51:53 --- Trajectory --- 
2026-05-07 19:51:53 Prog : URUS_PA2_R31_Plastic Skid: 186 Paint : 122.
2026-05-07 19:51:53 ------------------ 
2026-05-07 20:06:11 --- Trajectory --- 
2026-05-07 20:06:11 Prog : URUS_PA2_BC2_R31_EXT_2026 Skid: 66 Paint : 741.
2026-05-07 20:06:11 ------------------ 
2026-05-07 20:10:52  Vol : HURACAN_BC2_R31_Plastic Skid: 157 Calcul Vol : 188 Color: 22.
2026-05-07 20:10:52  ---------------------------
2026-05-07 20:16:48  Default Volume : TEM_bc2_r31_int Skid: 35.
2026-05-07 20:16:49  Vol : TEM_bc2_r31_int Skid: 35 Calcul Vol : 600 Color: 22.
2026-05-07 20:16:49  ---------------------------
2026-05-07 20:16:54  Default Volume : tem_bc2_r31_ext_new Skid: 35.
2026-05-07 20:16:56  Vol : tem_bc2_r31_ext_new Skid: 35 Calcul Vol : 600 Color: 22.
2026-05-07 20:16:56  ---------------------------
2026-05-07 20:28:13  Vol : URUS_PA2_R31_Plastic Skid: 2 Calcul Vol : 92 Color: 55.
2026-05-07 20:28:13  ---------------------------
2026-05-07 20:31:48  Vol : URUS_PA2_BC2_R31_EXT_2026 Skid: 5 Calcul Vol : 458 Color: 55.
2026-05-07 20:31:48  ---------------------------
2026-05-07 20:35:19 --- Trajectory --- 
2026-05-07 20:35:19 Prog : HURACAN_BC2_R31_Plastic Skid: 157 Paint : 129.
2026-05-07 20:35:19 ------------------ 
2026-05-07 20:38:26  Vol : HURACAN_BC2_R31_Plastic Skid: 46 Calcul Vol : 220 Color: 85.
2026-05-07 20:38:26  ---------------------------
2026-05-07 20:39:06 --- Trajectory INT --- 
2026-05-07 20:39:06  HURACAN_BC2_R31_INT " Skid: 35 Paint : 0.
2026-05-07 20:39:06 --- --- 
2026-05-07 20:39:08 --- Trajectory --- 
2026-05-07 20:39:08 Prog : TEM_bc2_r31_int Skid: 35 Paint : 18.
2026-05-07 20:39:08 ------------------ 
2026-05-07 20:41:31 --- Trajectory --- 
2026-05-07 20:41:31 Prog : tem_bc2_r31_ext_new Skid: 35 Paint : 357.
2026-05-07 20:41:31 ------------------ 
2026-05-07 20:45:07  Default Volume : TEM_bc2_r31_int Skid: 230.
2026-05-07 20:45:08  Vol : TEM_bc2_r31_int Skid: 230 Calcul Vol : 600 Color: 85.
2026-05-07 20:45:08  ---------------------------
2026-05-07 20:45:13  Default Volume : tem_bc2_r31_ext_new Skid: 230.
2026-05-07 20:45:15  Vol : tem_bc2_r31_ext_new Skid: 230 Calcul Vol : 600 Color: 85.
2026-05-07 20:45:15  ---------------------------
2026-05-07 20:49:37 --- Trajectory --- 
2026-05-07 20:49:37 Prog : URUS_PA2_R31_Plastic Skid: 2 Paint : 90.
2026-05-07 20:49:37 ------------------ 
2026-05-07 20:59:58 --- Trajectory --- 
2026-05-07 20:59:58 Prog : URUS_PA2_BC2_R31_EXT_2026 Skid: 5 Paint : 402.
2026-05-07 20:59:58 ------------------ 
2026-05-07 21:04:20 --- Trajectory --- 
2026-05-07 21:04:20 Prog : HURACAN_BC2_R31_Plastic Skid: 46 Paint : 169.
2026-05-07 21:04:20 ------------------ 
2026-05-07 21:07:51 --- Trajectory INT --- 
2026-05-07 21:07:51  HURACAN_BC2_R31_INT " Skid: 230 Paint : 0.
2026-05-07 21:07:51 --- --- 
2026-05-07 21:07:53 --- Trajectory --- 
2026-05-07 21:07:53 Prog : TEM_bc2_r31_int Skid: 230 Paint : 24.
2026-05-07 21:07:53 ------------------ 
2026-05-07 21:10:15 --- Trajectory --- 
2026-05-07 21:10:15 Prog : tem_bc2_r31_ext_new Skid: 230 Paint : 270.
2026-05-07 21:10:15 ------------------ 
2026-05-07 21:44:01  Default Volume : TEM_bc2_r31_int Skid: 12.
2026-05-07 21:44:02  Vol : TEM_bc2_r31_int Skid: 12 Calcul Vol : 600 Color: 15.
2026-05-07 21:44:02  ---------------------------
2026-05-07 21:44:07  Default Volume : tem_bc2_r31_ext_new Skid: 12.
2026-05-07 21:44:09  Vol : tem_bc2_r31_ext_new Skid: 12 Calcul Vol : 600 Color: 15.
2026-05-07 21:44:09  ---------------------------
2026-05-07 22:07:19 --- Trajectory INT --- 
2026-05-07 22:07:19  HURACAN_BC2_R31_INT " Skid: 12 Paint : 0.
2026-05-07 22:07:19 --- --- 
2026-05-07 22:07:22 --- Trajectory --- 
2026-05-07 22:07:22 Prog : TEM_bc2_r31_int Skid: 12 Paint : 19.
2026-05-07 22:07:22 ------------------ 
2026-05-07 22:09:48 --- Trajectory --- 
2026-05-07 22:09:48 Prog : tem_bc2_r31_ext_new Skid: 12 Paint : 215.
2026-05-07 22:09:48 ------------------ 
2026-05-08 03:17:44  Vol : URUS_PA2_BC2_R31_EXT_2026 Skid: 26 Calcul Vol : 534 Color: 88.
2026-05-08 03:17:44  ---------------------------
2026-05-08 03:41:17 --- Trajectory --- 
2026-05-08 03:41:17 Prog : tem_bc2_r31_ext_new Skid: 15629 Paint : 326.
2026-05-08 03:41:17 ------------------ 
2026-05-08 03:45:25  Default Volume : TEM_bc2_r31_int Skid: 96.
2026-05-08 03:45:27  Vol : TEM_bc2_r31_int Skid: 96 Calcul Vol : 600 Color: 11.
2026-05-08 03:45:27  ---------------------------
2026-05-08 03:45:32  Default Volume : tem_bc2_r31_ext_new Skid: 96.
2026-05-08 03:45:33  Vol : tem_bc2_r31_ext_new Skid: 96 Calcul Vol : 600 Color: 11.
2026-05-08 03:45:33  ---------------------------
2026-05-08 03:55:15 --- Trajectory --- 
2026-05-08 03:55:15 Prog : URUS_PA2_BC2_R31_EXT_2026 Skid: 26 Paint : 517.
2026-05-08 03:55:15 ------------------ 
2026-05-08 06:24:05  Vol : HURACAN_BC2_R31_Plastic Skid: 200 Calcul Vol : 218 Color: 27.
2026-05-08 06:24:05  ---------------------------
2026-05-08 06:29:01 --- Trajectory INT --- 
2026-05-08 06:29:01  HURACAN_BC2_R31_INT " Skid: 96 Paint : 0.
2026-05-08 06:29:01 --- --- 
2026-05-08 06:29:04 --- Trajectory --- 
2026-05-08 06:29:04 Prog : TEM_bc2_r31_int Skid: 96 Paint : 17.
2026-05-08 06:29:04 ------------------ 
2026-05-08 06:30:55 --- Trajectory --- 
2026-05-08 06:30:55 Prog : tem_bc2_r31_ext_new Skid: 96 Paint : 192.
2026-05-08 06:30:55 ------------------ 
2026-05-08 06:37:32  Default Volume : TEM_bc2_r31_int Skid: 48.
2026-05-08 06:37:34  Vol : TEM_bc2_r31_int Skid: 48 Calcul Vol : 600 Color: 27.
2026-05-08 06:37:34  ---------------------------
2026-05-08 06:37:39  Default Volume : tem_bc2_r31_ext_new Skid: 48.
2026-05-08 06:37:40  Vol : tem_bc2_r31_ext_new Skid: 48 Calcul Vol : 600 Color: 27.
2026-05-08 06:37:40  ---------------------------
2026-05-08 06:55:32  Vol : URUS_PA2_R31_Plastic Skid: 186 Calcul Vol : 98 Color: 105.
2026-05-08 06:55:32  ---------------------------
2026-05-08 06:57:05 --- Trajectory --- 
2026-05-08 06:57:05 Prog : HURACAN_BC2_R31_Plastic Skid: 200 Paint : 177.
2026-05-08 06:57:05 ------------------ 
2026-05-08 07:06:42  Default Volume : TEM_bc2_r31_int Skid: 48.
2026-05-08 07:06:43  Vol : TEM_bc2_r31_int Skid: 48 Calcul Vol : 600 Color: 27.
2026-05-08 07:06:43  ---------------------------
2026-05-08 07:06:48  Default Volume : tem_bc2_r31_ext_new Skid: 48.
2026-05-08 07:06:50  Vol : tem_bc2_r31_ext_new Skid: 48 Calcul Vol : 600 Color: 27.
2026-05-08 07:06:50  ---------------------------
2026-05-08 07:33:15 --- Trajectory INT --- 
2026-05-08 07:33:15  HURACAN_BC2_R31_INT " Skid: 48 Paint : 0.
2026-05-08 07:33:15 --- --- 
2026-05-08 07:33:17 --- Trajectory --- 
2026-05-08 07:33:17 Prog : TEM_bc2_r31_int Skid: 48 Paint : 24.
2026-05-08 07:33:17 ------------------ 
2026-05-08 07:35:39 --- Trajectory --- 
2026-05-08 07:35:39 Prog : tem_bc2_r31_ext_new Skid: 48 Paint : 279.
2026-05-08 07:35:39 ------------------ 
2026-05-08 07:57:52  Vol : URUS_PA2_BC2_R31_EXT_2026 Skid: 80 Calcul Vol : 506 Color: 51.
2026-05-08 07:57:52  ---------------------------
2026-05-08 08:05:55  Default Volume : TEM_bc2_r31_int Skid: 131.
2026-05-08 08:05:57  Vol : TEM_bc2_r31_int Skid: 131 Calcul Vol : 600 Color: 106.
2026-05-08 08:05:57  ---------------------------
2026-05-08 08:06:02  Default Volume : tem_bc2_r31_ext_new Skid: 131.
2026-05-08 08:06:03  Vol : tem_bc2_r31_ext_new Skid: 131 Calcul Vol : 600 Color: 106.
2026-05-08 08:06:03  ---------------------------
2026-05-08 08:08:22  Vol : HURACAN_BC2_R31_Plastic Skid: 45 Calcul Vol : 237 Color: 106.
2026-05-08 08:08:22  ---------------------------
2026-05-08 08:19:06  Vol : URUS_PA2_R31_Plastic Skid: 2 Calcul Vol : 65 Color: 56.
2026-05-08 08:19:06  ---------------------------
2026-05-08 08:22:20 --- Trajectory --- 
2026-05-08 08:22:20 Prog : URUS_PA2_BC2_R31_EXT_2026 Skid: 80 Paint : 498.
2026-05-08 08:22:20 ------------------ 
2026-05-08 08:23:25  Vol : URUS_PA2_BC2_R31_EXT_2026 Skid: 5 Calcul Vol : 516 Color: 56.
2026-05-08 08:23:25  ---------------------------
2026-05-08 08:29:54 --- Trajectory INT --- 
2026-05-08 08:29:54  HURACAN_BC2_R31_INT " Skid: 131 Paint : 0.
2026-05-08 08:29:54 --- --- 
2026-05-08 08:29:56 --- Trajectory --- 
2026-05-08 08:29:56 Prog : TEM_bc2_r31_int Skid: 131 Paint : 28.
2026-05-08 08:29:56 ------------------ 
2026-05-08 08:30:58  Vol : URUS_PA2_BC2_R31_EXT_2026 Skid: 207 Calcul Vol : 579 Color: 12.
2026-05-08 08:30:58  ---------------------------
2026-05-08 08:32:19 --- Trajectory --- 
2026-05-08 08:32:19 Prog : tem_bc2_r31_ext_new Skid: 131 Paint : 331.
2026-05-08 08:32:19 ------------------ 
2026-05-08 08:35:46 --- Trajectory --- 
2026-05-08 08:35:46 Prog : HURACAN_BC2_R31_Plastic Skid: 45 Paint : 182.
2026-05-08 08:35:46 ------------------ 
2026-05-08 08:54:14  Vol : URUS_PA2_R31_Plastic Skid: 2 Calcul Vol : 65 Color: 56.
2026-05-08 08:54:14  ---------------------------
2026-05-08 09:01:20  Vol : URUS_PA2_BC2_R31_EXT_2026 Skid: 5 Calcul Vol : 516 Color: 56.
2026-05-08 09:01:20  ---------------------------
2026-05-08 09:12:19 --- Trajectory --- 
2026-05-08 09:12:19 Prog : URUS_PA2_BC2_R31_EXT_2026 Skid: 207 Paint : 563.
2026-05-08 09:12:19 ------------------ 
2026-05-08 09:25:47 --- Trajectory --- 
2026-05-08 09:25:47 Prog : URUS_PA2_R31_Plastic Skid: 2 Paint : 63.
2026-05-08 09:25:47 ------------------ 
2026-05-08 09:36:19 --- Trajectory --- 
2026-05-08 09:36:19 Prog : URUS_PA2_BC2_R31_EXT_2026 Skid: 5 Paint : 461.
2026-05-08 09:36:19 ------------------ 
2026-05-08 10:11:07  Vol : URUS_PA2_R31_Plastic Skid: 180 Calcul Vol : 138 Color: 51.
2026-05-08 10:11:07  ---------------------------
2026-05-08 11:23:25 --- Trajectory --- 
2026-05-08 11:23:25 Prog : URUS_PA2_R31_Plastic Skid: 180 Paint : 0.
2026-05-08 11:23:25 ------------------ 
2026-05-08 11:26:55  Vol : URUS_PA2_R31_Plastic Skid: 180 Calcul Vol : 138 Color: 51.
2026-05-08 11:26:55  ---------------------------
2026-05-08 11:57:45  Default Volume : TEM_bc2_r31_int Skid: 195.
2026-05-08 11:57:46  Vol : TEM_bc2_r31_int Skid: 195 Calcul Vol : 600 Color: 145.
2026-05-08 11:57:46  ---------------------------
2026-05-08 11:57:51  Default Volume : tem_bc2_r31_ext_new Skid: 195.
2026-05-08 11:57:53  Vol : tem_bc2_r31_ext_new Skid: 195 Calcul Vol : 600 Color: 145.
2026-05-08 11:57:53  ---------------------------
2026-05-08 12:15:31  Vol : URUS_PA2_BC2_R31_EXT_2026 Skid: 221 Calcul Vol : 534 Color: 105.
2026-05-08 12:15:31  ---------------------------
2026-05-08 12:23:35 --- Trajectory --- 
2026-05-08 12:23:35 Prog : URUS_PA2_R31_Plastic Skid: 180 Paint : 135.
2026-05-08 12:23:35 ------------------ 
2026-05-08 12:27:18  Vol : URUS_PA2_R31_Plastic Skid: 113 Calcul Vol : 169 Color: 68.
2026-05-08 12:27:18  ---------------------------
2026-05-08 12:31:41  Vol : URUS_PA2_BC2_R31_EXT_2026 Skid: 50 Calcul Vol : 503 Color: 68.
2026-05-08 12:31:41  ---------------------------
2026-05-08 12:32:40 --- Trajectory INT --- 
2026-05-08 12:32:40  HURACAN_BC2_R31_INT " Skid: 195 Paint : 0.
2026-05-08 12:32:40 --- --- 
2026-05-08 12:32:42 --- Trajectory --- 
2026-05-08 12:32:42 Prog : TEM_bc2_r31_int Skid: 195 Paint : 26.
2026-05-08 12:32:42 ------------------ 
2026-05-08 12:35:06 --- Trajectory --- 
2026-05-08 12:35:06 Prog : tem_bc2_r31_ext_new Skid: 195 Paint : 313.
2026-05-08 12:35:06 ------------------ 
2026-05-08 12:43:42  Vol : URUS_PA2_R31_Plastic Skid: 186 Calcul Vol : 98 Color: 105.
2026-05-08 12:43:42  ---------------------------
2026-05-08 12:52:07 --- Trajectory --- 
2026-05-08 12:52:07 Prog : URUS_PA2_BC2_R31_EXT_2026 Skid: 221 Paint : 517.
2026-05-08 12:52:07 ------------------ 
2026-05-08 12:59:40 --- Trajectory --- 
2026-05-08 12:59:40 Prog : URUS_PA2_R31_Plastic Skid: 113 Paint : 164.
2026-05-08 12:59:40 ------------------ 
2026-05-08 13:06:10 --- Trajectory --- 
2026-05-08 13:06:10 Prog : URUS_PA2_BC2_R31_EXT_2026 Skid: 50 Paint : 485.
2026-05-08 13:06:10 ------------------ 
2026-05-08 13:12:47 --- Trajectory --- 
2026-05-08 13:12:47 Prog : URUS_PA2_R31_Plastic Skid: 186 Paint : 93.
2026-05-08 13:12:47 ------------------ 
2026-05-08 13:43:49  Vol : URUS_PA2_R31_Plastic Skid: 42 Calcul Vol : 94 Color: 106.
2026-05-08 13:43:49  ---------------------------
2026-05-08 13:48:51  Vol : URUS_PA2_BC2_R31_EXT_2026 Skid: 122 Calcul Vol : 605 Color: 106.
2026-05-08 13:48:51  ---------------------------
2026-05-08 14:21:08 --- Trajectory --- 
2026-05-08 14:21:08 Prog : URUS_PA2_R31_Plastic Skid: 42 Paint : 94.
2026-05-08 14:21:08 ------------------ 
2026-05-08 14:29:17 --- Trajectory --- 
2026-05-08 14:29:17 Prog : URUS_PA2_BC2_R31_EXT_2026 Skid: 122 Paint : 614.
2026-05-08 14:29:17 ------------------ 
2026-05-08 14:37:39 --- Trajectory INT --- 
2026-05-08 14:37:39  HURACAN_BC2_R31_INT " Skid: 122 Paint : 0.
2026-05-08 14:37:39 --- --- 
2026-05-08 14:37:42 --- Trajectory --- 
2026-05-08 14:37:42 Prog : URUS_PA2_BC2_R31_EXT_2026 Skid: 122 Paint : 0.
2026-05-08 14:37:42 ------------------ 
2026-05-08 14:58:28 --- Trajectory INT --- 
2026-05-08 14:58:28  HURACAN_BC2_R31_INT " Skid: 122 Paint : 0.
2026-05-08 14:58:28 --- --- 
2026-05-08 14:58:31 --- Trajectory --- 
2026-05-08 14:58:31 Prog : URUS_PA2_BC2_R31_EXT_2026 Skid: 122 Paint : 0.
2026-05-08 14:58:31 ------------------ 
2026-05-08 15:39:20 --- Trajectory INT --- 
2026-05-08 15:39:20  HURACAN_BC2_R31_INT " Skid: 122 Paint : 0.
2026-05-08 15:39:20 --- --- 
2026-05-08 15:39:23 --- Trajectory --- 
2026-05-08 15:39:23 Prog : URUS_PA2_BC2_R31_EXT_2026 Skid: 122 Paint : 0.
2026-05-08 15:39:23 ------------------ 
2026-05-08 15:48:14 --- Trajectory INT --- 
2026-05-08 15:48:14  HURACAN_BC2_R31_INT " Skid: 122 Paint : 0.
2026-05-08 15:48:14 --- --- 
2026-05-08 15:48:16 --- Trajectory --- 
2026-05-08 15:48:16 Prog : URUS_PA2_BC2_R31_EXT_2026 Skid: 122 Paint : 0.
2026-05-08 15:48:16 ------------------ 
2026-05-08 16:01:49 --- Trajectory INT --- 
2026-05-08 16:01:49  HURACAN_BC2_R31_INT " Skid: 122 Paint : 0.
2026-05-08 16:01:49 --- --- 
2026-05-08 16:01:51 --- Trajectory --- 
2026-05-08 16:01:51 Prog : URUS_PA2_BC2_R31_EXT_2026 Skid: 122 Paint : 0.
2026-05-08 16:01:51 ------------------ 
2026-05-08 16:05:38 --- Trajectory INT --- 
2026-05-08 16:05:38  HURACAN_BC2_R31_INT " Skid: 122 Paint : 0.
2026-05-08 16:05:38 --- --- 
2026-05-08 16:05:40 --- Trajectory --- 
2026-05-08 16:05:40 Prog : URUS_PA2_BC2_R31_EXT_2026 Skid: 122 Paint : 0.
2026-05-08 16:05:40 ------------------ 
2026-05-08 16:12:04 --- Trajectory INT --- 
2026-05-08 16:12:04  HURACAN_BC2_R31_INT " Skid: 122 Paint : 0.
2026-05-08 16:12:04 --- --- 
2026-05-08 16:12:07 --- Trajectory --- 
2026-05-08 16:12:07 Prog : URUS_PA2_BC2_R31_EXT_2026 Skid: 122 Paint : 0.
2026-05-08 16:12:07 ------------------ 
2026-05-08 16:18:37 --- Trajectory INT --- 
2026-05-08 16:18:37  HURACAN_BC2_R31_INT " Skid: 122 Paint : 0.
2026-05-08 16:18:37 --- --- 
2026-05-08 16:18:39 --- Trajectory --- 
2026-05-08 16:18:39 Prog : URUS_PA2_BC2_R31_EXT_2026 Skid: 122 Paint : 0.
2026-05-08 16:18:39 ------------------ 
2026-05-08 16:24:24 --- Trajectory INT --- 
2026-05-08 16:24:24  HURACAN_BC2_R31_INT " Skid: 122 Paint : 0.
2026-05-08 16:24:24 --- --- 
2026-05-08 16:24:27 --- Trajectory --- 
2026-05-08 16:24:27 Prog : URUS_PA2_BC2_R31_EXT_2026 Skid: 122 Paint : 0.
2026-05-08 16:24:27 ------------------ 
2026-05-08 16:26:26 --- Trajectory INT --- 
2026-05-08 16:26:26  HURACAN_BC2_R31_INT " Skid: 122 Paint : 0.
2026-05-08 16:26:26 --- --- 
2026-05-08 16:26:28 --- Trajectory --- 
2026-05-08 16:26:28 Prog : URUS_PA2_BC2_R31_EXT_2026 Skid: 122 Paint : 0.
2026-05-08 16:26:28 ------------------ 
2026-05-08 16:36:31 --- Trajectory INT --- 
2026-05-08 16:36:31  HURACAN_BC2_R31_INT " Skid: 122 Paint : 0.
2026-05-08 16:36:31 --- --- 
2026-05-08 16:36:33 --- Trajectory --- 
2026-05-08 16:36:33 Prog : URUS_PA2_BC2_R31_EXT_2026 Skid: 122 Paint : 0.
2026-05-08 16:36:33 ------------------ 
2026-05-08 16:40:28 --- Trajectory INT --- 
2026-05-08 16:40:28  HURACAN_BC2_R31_INT " Skid: 122 Paint : 0.
2026-05-08 16:40:28 --- --- 
2026-05-08 16:40:30 --- Trajectory --- 
2026-05-08 16:40:30 Prog : URUS_PA2_BC2_R31_EXT_2026 Skid: 122 Paint : 0.
2026-05-08 16:40:30 ------------------ 
2026-05-08 16:43:02 --- Trajectory INT --- 
2026-05-08 16:43:02  HURACAN_BC2_R31_INT " Skid: 122 Paint : 0.
2026-05-08 16:43:02 --- --- 
2026-05-08 16:45:25 --- Trajectory --- 
2026-05-08 16:45:25 Prog : URUS_PA2_BC2_R31_EXT_2026 Skid: 122 Paint : 0.
2026-05-08 16:45:25 ------------------ 
2026-05-08 16:51:11 --- Trajectory --- 
2026-05-08 16:51:11 Prog : URUS_PA2_BC2_R31_EXT_2026 Skid: 122 Paint : 0.
2026-05-08 16:51:11 ------------------ 
2026-05-08 17:05:29 --- Trajectory --- 
2026-05-08 17:05:29 Prog : URUS_PA2_BC2_R31_EXT_2026 Skid: 122 Paint : 0.
2026-05-08 17:05:29 ------------------ 
2026-05-08 17:15:52 --- Trajectory --- 
2026-05-08 17:15:52 Prog : URUS_PA2_BC2_R31_EXT_2026 Skid: 122 Paint : 0.
2026-05-08 17:15:52 ------------------ 
2026-05-08 17:22:10 --- Trajectory --- 
2026-05-08 17:22:10 Prog : URUS_PA2_BC2_R31_EXT_2026 Skid: 122 Paint : 0.
2026-05-08 17:22:10 ------------------ 
2026-05-08 17:26:58 --- Trajectory --- 
2026-05-08 17:26:58 Prog : URUS_PA2_BC2_R31_EXT_2026 Skid: 122 Paint : 0.
2026-05-08 17:26:58 ------------------ 
2026-05-08 17:33:11 --- Trajectory --- 
2026-05-08 17:33:11 Prog : URUS_PA2_BC2_R31_EXT_2026 Skid: 122 Paint : 0.
2026-05-08 17:33:11 ------------------ 
2026-05-08 17:37:13 --- Trajectory --- 
2026-05-08 17:37:13 Prog : URUS_PA2_BC2_R31_EXT_2026 Skid: 122 Paint : 0.
2026-05-08 17:37:13 ------------------ 
2026-05-08 17:42:31 --- Trajectory --- 
2026-05-08 17:42:31 Prog : URUS_PA2_BC2_R31_EXT_2026 Skid: 122 Paint : 0.
2026-05-08 17:42:31 ------------------ 
2026-05-08 17:48:35 --- Trajectory --- 
2026-05-08 17:48:35 Prog : URUS_PA2_BC2_R31_EXT_2026 Skid: 122 Paint : 0.
2026-05-08 17:48:35 ------------------ 
2026-05-11 06:13:52  Vol : HURACAN_BC2_R31_Plastic Skid: 157 Calcul Vol : 188 Color: 22.
2026-05-11 06:13:52  ---------------------------
2026-05-11 06:30:20  Vol : URUS_PA2_R31_Plastic Skid: 240 Calcul Vol : 193 Color: 102.
2026-05-11 06:30:20  ---------------------------
2026-05-11 06:35:57 --- Trajectory --- 
2026-05-11 06:35:57 Prog : HURACAN_BC2_R31_Plastic Skid: 157 Paint : 129.
2026-05-11 06:35:57 ------------------ 
2026-05-11 06:38:39  Vol : URUS_PA2_BC2_R31_EXT_2026 Skid: 105 Calcul Vol : 614 Color: 102.
2026-05-11 06:38:39  ---------------------------
2026-05-11 06:42:31  Vol : URUS_PA2_R31_Plastic Skid: 98 Calcul Vol : 111 Color: 20.
2026-05-11 06:42:31  ---------------------------
2026-05-11 06:47:22  Vol : URUS_PA2_BC2_R31_EXT_2026 Skid: 148 Calcul Vol : 418 Color: 20.
2026-05-11 06:47:22  ---------------------------
2026-05-11 06:52:42 --- Trajectory --- 
2026-05-11 06:52:42 Prog : URUS_PA2_R31_Plastic Skid: 240 Paint : 189.
2026-05-11 06:52:42 ------------------ 
2026-05-11 07:01:36 --- Trajectory --- 
2026-05-11 07:01:36 Prog : URUS_PA2_BC2_R31_EXT_2026 Skid: 105 Paint : 597.
2026-05-11 07:01:36 ------------------ 
2026-05-11 07:03:21  Vol : URUS_PA2_R31_Plastic Skid: 64 Calcul Vol : 162 Color: 27.
2026-05-11 07:03:21  ---------------------------
2026-05-11 07:05:04 --- Trajectory --- 
2026-05-11 07:05:04 Prog : URUS_PA2_R31_Plastic Skid: 98 Paint : 104.
2026-05-11 07:05:04 ------------------ 
2026-05-11 07:07:35  Vol : URUS_PA2_BC2_R31_EXT_2026 Skid: 222 Calcul Vol : 757 Color: 27.
2026-05-11 07:07:35  ---------------------------
2026-05-11 07:11:04 --- Trajectory --- 
2026-05-11 07:11:04 Prog : URUS_PA2_BC2_R31_EXT_2026 Skid: 148 Paint : 399.
2026-05-11 07:11:04 ------------------ 
2026-05-11 07:11:24  Vol : URUS_PA2_R31_Plastic Skid: 169 Calcul Vol : 247 Color: 85.
2026-05-11 07:11:24  ---------------------------
2026-05-11 07:15:16  Vol : HURACAN_BC2_R31_Plastic Skid: 46 Calcul Vol : 250 Color: 9.
2026-05-11 07:15:16  ---------------------------
2026-05-11 07:33:22  Default Volume : TEM_bc2_r31_int Skid: 85.
2026-05-11 07:33:23  Vol : TEM_bc2_r31_int Skid: 85 Calcul Vol : 600 Color: 9.
2026-05-11 07:33:23  ---------------------------
2026-05-11 07:33:28  Default Volume : tem_bc2_r31_ext_new Skid: 85.
2026-05-11 07:33:30  Vol : tem_bc2_r31_ext_new Skid: 85 Calcul Vol : 600 Color: 9.
2026-05-11 07:33:30  ---------------------------
2026-05-11 07:48:47 --- Trajectory --- 
2026-05-11 07:48:47 Prog : URUS_PA2_R31_Plastic Skid: 64 Paint : 158.
2026-05-11 07:48:47 ------------------ 
2026-05-11 07:56:08 --- Trajectory --- 
2026-05-11 07:56:08 Prog : URUS_PA2_BC2_R31_EXT_2026 Skid: 222 Paint : 741.
2026-05-11 07:56:08 ------------------ 
2026-05-11 07:58:28  Vol : URUS_PA2_BC2_R31_EXT_2026 Skid: 24 Calcul Vol : 576 Color: 11.
2026-05-11 07:58:28  ---------------------------
2026-05-11 08:02:44 --- Trajectory --- 
2026-05-11 08:02:44 Prog : URUS_PA2_R31_Plastic Skid: 169 Paint : 235.
2026-05-11 08:02:44 ------------------ 
2026-05-11 08:05:32 --- Trajectory --- 
2026-05-11 08:05:32 Prog : HURACAN_BC2_R31_Plastic Skid: 46 Paint : 189.
2026-05-11 08:05:32 ------------------ 
2026-05-11 08:09:05 --- Trajectory INT --- 
2026-05-11 08:09:05  HURACAN_BC2_R31_INT " Skid: 85 Paint : 0.
2026-05-11 08:09:05 --- --- 
2026-05-11 08:09:07 --- Trajectory --- 
2026-05-11 08:09:07 Prog : TEM_bc2_r31_int Skid: 85 Paint : 29.
2026-05-11 08:09:07 ------------------ 
2026-05-11 08:11:30 --- Trajectory --- 
2026-05-11 08:11:30 Prog : tem_bc2_r31_ext_new Skid: 85 Paint : 316.
2026-05-11 08:11:30 ------------------ 
2026-05-11 08:24:58  Vol : URUS_PA2_R31_Plastic Skid: 253 Calcul Vol : 345 Color: 27.
2026-05-11 08:24:58  ---------------------------
2026-05-11 08:30:09  Vol : URUS_PA2_BC2_R31_EXT_2026 Skid: 49 Calcul Vol : 756 Color: 27.
2026-05-11 08:30:09  ---------------------------
2026-05-11 08:33:39 --- Trajectory --- 
2026-05-11 08:33:39 Prog : URUS_PA2_BC2_R31_EXT_2026 Skid: 24 Paint : 559.
2026-05-11 08:33:39 ------------------ 
2026-05-11 08:41:46  Vol : URUS_PA2_R31_Plastic Skid: 113 Calcul Vol : 141 Color: 69.
2026-05-11 08:41:46  ---------------------------
2026-05-11 08:45:15  Vol : URUS_PA2_BC2_R31_EXT_2026 Skid: 50 Calcul Vol : 481 Color: 69.
2026-05-11 08:45:15  ---------------------------
2026-05-11 08:59:38 --- Trajectory --- 
2026-05-11 08:59:38 Prog : URUS_PA2_R31_Plastic Skid: 253 Paint : 335.
2026-05-11 08:59:38 ------------------ 
2026-05-11 09:08:06  Vol : URUS_PA2_BC2_R31_EXT_2026 Skid: 49 Calcul Vol : 756 Color: 27.
2026-05-11 09:08:06  ---------------------------
2026-05-11 09:09:32 --- Trajectory --- 
2026-05-11 09:09:32 Prog : URUS_PA2_R31_Plastic Skid: 113 Paint : 135.
2026-05-11 09:09:32 ------------------ 
2026-05-11 09:22:08 --- Trajectory --- 
2026-05-11 09:22:08 Prog : URUS_PA2_BC2_R31_EXT_2026 Skid: 50 Paint : 463.
2026-05-11 09:22:08 ------------------ 
2026-05-11 09:41:05  Vol : HURACAN_BC2_R31_Plastic Skid: 234 Calcul Vol : 382 Color: 62.
2026-05-11 09:41:05  ---------------------------
2026-05-11 09:44:26 --- Trajectory --- 
2026-05-11 09:44:26 Prog : URUS_PA2_BC2_R31_EXT_2026 Skid: 49 Paint : 741.
2026-05-11 09:44:26 ------------------ 
2026-05-11 09:46:30  Default Volume : TEM_bc2_r31_int Skid: 166.
2026-05-11 09:46:31  Vol : TEM_bc2_r31_int Skid: 166 Calcul Vol : 600 Color: 62.
2026-05-11 09:46:31  ---------------------------
2026-05-11 09:46:36  Default Volume : tem_bc2_r31_ext_new Skid: 166.
2026-05-11 09:46:38  Vol : tem_bc2_r31_ext_new Skid: 166 Calcul Vol : 600 Color: 62.
2026-05-11 09:46:38  ---------------------------
2026-05-11 09:54:44  Vol : URUS_PA2_BC2_R31_EXT_2026 Skid: 210 Calcul Vol : 576 Color: 11.
2026-05-11 09:54:44  ---------------------------
2026-05-11 10:11:03 --- Trajectory --- 
2026-05-11 10:11:03 Prog : HURACAN_BC2_R31_Plastic Skid: 234 Paint : 293.
2026-05-11 10:11:03 ------------------ 
2026-05-11 10:23:01 --- Trajectory INT --- 
2026-05-11 10:23:01  HURACAN_BC2_R31_INT " Skid: 166 Paint : 0.
2026-05-11 10:23:01 --- --- 
2026-05-11 10:23:03 --- Trajectory --- 
2026-05-11 10:23:03 Prog : TEM_bc2_r31_int Skid: 166 Paint : 38.
2026-05-11 10:23:03 ------------------ 
2026-05-11 10:24:46  Vol : URUS_PA2_BC2_R31_EXT_2026 Skid: 20 Calcul Vol : 586 Color: 16.
2026-05-11 10:24:46  ---------------------------
2026-05-11 10:25:28 --- Trajectory --- 
2026-05-11 10:25:28 Prog : tem_bc2_r31_ext_new Skid: 166 Paint : 403.
2026-05-11 10:25:28 ------------------ 
2026-05-11 10:35:09 --- Trajectory --- 
2026-05-11 10:35:09 Prog : URUS_PA2_BC2_R31_EXT_2026 Skid: 210 Paint : 559.
2026-05-11 10:35:09 ------------------ 
2026-05-11 10:53:28  Vol : URUS_PA2_BC2_R31_EXT_2026 Skid: 37 Calcul Vol : 614 Color: 102.
2026-05-11 10:53:28  ---------------------------
2026-05-11 11:04:45  Vol : URUS_PA2_R31_Plastic Skid: 186 Calcul Vol : 192 Color: 102.
2026-05-11 11:04:45  ---------------------------
2026-05-11 11:10:15  Vol : URUS_PA2_BC2_R31_EXT_2026 Skid: 145 Calcul Vol : 593 Color: 11.
2026-05-11 11:10:15  ---------------------------
2026-05-11 11:18:43  Vol : URUS_PA2_BC2_R31_EXT_2026 Skid: 158 Calcul Vol : 576 Color: 11.
2026-05-11 11:18:43  ---------------------------
2026-05-11 11:20:51 --- Trajectory --- 
2026-05-11 11:20:51 Prog : URUS_PA2_BC2_R31_EXT_2026 Skid: 20 Paint : 569.
2026-05-11 11:20:51 ------------------ 
2026-05-11 11:23:59  Default Volume : TEM_bc2_r31_int Skid: 230.
2026-05-11 11:24:00  Vol : TEM_bc2_r31_int Skid: 230 Calcul Vol : 600 Color: 85.
2026-05-11 11:24:00  ---------------------------
2026-05-11 11:24:05  Default Volume : tem_bc2_r31_ext_new Skid: 230.
2026-05-11 11:24:07  Vol : tem_bc2_r31_ext_new Skid: 230 Calcul Vol : 600 Color: 85.
2026-05-11 11:24:07  ---------------------------
2026-05-11 11:28:42  Vol : HURACAN_BC2_R31_Plastic Skid: 39 Calcul Vol : 147 Color: 29.
2026-05-11 11:28:42  ---------------------------
2026-05-11 11:31:56 --- Trajectory --- 
2026-05-11 11:31:56 Prog : URUS_PA2_BC2_R31_EXT_2026 Skid: 37 Paint : 598.
2026-05-11 11:31:56 ------------------ 
2026-05-11 11:34:12  Default Volume : TEM_bc2_r31_int Skid: 149.
2026-05-11 11:34:13  Vol : TEM_bc2_r31_int Skid: 149 Calcul Vol : 600 Color: 29.
2026-05-11 11:34:13  ---------------------------
2026-05-11 11:34:19  Default Volume : tem_bc2_r31_ext_new Skid: 149.
2026-05-11 11:34:20  Vol : tem_bc2_r31_ext_new Skid: 149 Calcul Vol : 600 Color: 29.
2026-05-11 11:34:20  ---------------------------
2026-05-11 11:34:34 --- Trajectory --- 
2026-05-11 11:34:34 Prog : URUS_PA2_R31_Plastic Skid: 186 Paint : 189.
2026-05-11 11:34:34 ------------------ 
2026-05-11 11:40:42 --- Trajectory --- 
2026-05-11 11:40:42 Prog : URUS_PA2_BC2_R31_EXT_2026 Skid: 145 Paint : 511.
2026-05-11 11:40:42 ------------------ 
2026-05-11 11:56:22 --- Trajectory --- 
2026-05-11 11:56:22 Prog : URUS_PA2_BC2_R31_EXT_2026 Skid: 158 Paint : 559.
2026-05-11 11:56:22 ------------------ 
2026-05-11 11:58:45 --- Trajectory INT --- 
2026-05-11 11:58:45  HURACAN_BC2_R31_INT " Skid: 230 Paint : 0.
2026-05-11 11:58:45 --- --- 
2026-05-11 11:58:47 --- Trajectory --- 
2026-05-11 11:58:47 Prog : TEM_bc2_r31_int Skid: 230 Paint : 24.
2026-05-11 11:58:47 ------------------ 
2026-05-11 12:01:11 --- Trajectory --- 
2026-05-11 12:01:11 Prog : tem_bc2_r31_ext_new Skid: 230 Paint : 270.
2026-05-11 12:01:11 ------------------ 
2026-05-11 12:04:23 --- Trajectory --- 
2026-05-11 12:04:23 Prog : HURACAN_BC2_R31_Plastic Skid: 39 Paint : 115.
2026-05-11 12:04:23 ------------------ 
2026-05-11 12:07:36 --- Trajectory INT --- 
2026-05-11 12:07:36  HURACAN_BC2_R31_INT " Skid: 149 Paint : 0.
2026-05-11 12:07:36 --- --- 
2026-05-11 12:07:38 --- Trajectory --- 
2026-05-11 12:07:38 Prog : TEM_bc2_r31_int Skid: 149 Paint : 17.
2026-05-11 12:07:38 ------------------ 
2026-05-11 12:10:01 --- Trajectory --- 
2026-05-11 12:10:01 Prog : tem_bc2_r31_ext_new Skid: 149 Paint : 207.
2026-05-11 12:10:01 ------------------ 
2026-05-11 12:25:36  Default Volume : TEM_bc2_r31_int Skid: 216.
2026-05-11 12:25:38  Vol : TEM_bc2_r31_int Skid: 216 Calcul Vol : 600 Color: 22.
2026-05-11 12:25:38  ---------------------------
2026-05-11 12:25:43  Default Volume : tem_bc2_r31_ext_new Skid: 216.
2026-05-11 12:25:44  Vol : tem_bc2_r31_ext_new Skid: 216 Calcul Vol : 600 Color: 22.
2026-05-11 12:25:44  ---------------------------
2026-05-11 12:30:07  Vol : URUS_PA2_R31_Plastic Skid: 2 Calcul Vol : 92 Color: 55.
2026-05-11 12:30:07  ---------------------------
2026-05-11 12:33:42  Vol : URUS_PA2_BC2_R31_EXT_2026 Skid: 5 Calcul Vol : 446 Color: 55.
2026-05-11 12:33:42  ---------------------------
2026-05-11 12:46:26  Vol : HURACAN_BC2_R31_Plastic Skid: 97 Calcul Vol : 161 Color: 15.
2026-05-11 12:46:26  ---------------------------
2026-05-11 12:48:16 --- Trajectory --- 
2026-05-11 12:48:16 Prog : TEM_bc2_r31_int Skid: 216 Paint : 0.
2026-05-11 12:48:16 ------------------ 
2026-05-11 12:49:12 --- Trajectory --- 
2026-05-11 12:49:12 Prog : tem_bc2_r31_ext_new Skid: 216 Paint : 76.
2026-05-11 12:49:12 ------------------ 
2026-05-11 12:54:05 --- Trajectory --- 
2026-05-11 12:54:05 Prog : URUS_PA2_R31_Plastic Skid: 2 Paint : 90.
2026-05-11 12:54:05 ------------------ 
2026-05-11 13:00:23 --- Trajectory --- 
2026-05-11 13:00:23 Prog : URUS_PA2_BC2_R31_EXT_2026 Skid: 5 Paint : 402.
2026-05-11 13:00:23 ------------------ 
2026-05-11 13:11:05 --- Trajectory --- 
2026-05-11 13:11:05 Prog : HURACAN_BC2_R31_Plastic Skid: 97 Paint : 157.
2026-05-11 13:11:05 ------------------ 
2026-05-11 13:51:19  Default Volume : TEM_bc2_r31_int Skid: 79.
2026-05-11 13:51:20  Vol : TEM_bc2_r31_int Skid: 79 Calcul Vol : 600 Color: 15.
2026-05-11 13:51:20  ---------------------------
2026-05-11 13:51:25  Default Volume : tem_bc2_r31_ext_new Skid: 79.
2026-05-11 13:51:27  Vol : tem_bc2_r31_ext_new Skid: 79 Calcul Vol : 600 Color: 15.
2026-05-11 13:51:27  ---------------------------
2026-05-11 14:00:46  Vol : HURACAN_BC2_R31_Plastic Skid: 45 Calcul Vol : 235 Color: 145.
2026-05-11 14:00:46  ---------------------------
2026-05-11 14:05:45  Default Volume : TEM_bc2_r31_int Skid: 204.
2026-05-11 14:05:46  Vol : TEM_bc2_r31_int Skid: 204 Calcul Vol : 600 Color: 145.
2026-05-11 14:05:46  ---------------------------
2026-05-11 14:05:51  Default Volume : tem_bc2_r31_ext_new Skid: 204.
2026-05-11 14:05:53  Vol : tem_bc2_r31_ext_new Skid: 204 Calcul Vol : 600 Color: 145.
2026-05-11 14:05:53  ---------------------------
2026-05-11 14:23:17 --- Trajectory INT --- 
2026-05-11 14:23:17  HURACAN_BC2_R31_INT " Skid: 79 Paint : 0.
2026-05-11 14:23:17 --- --- 
2026-05-11 14:23:19 --- Trajectory --- 
2026-05-11 14:23:19 Prog : TEM_bc2_r31_int Skid: 79 Paint : 19.
2026-05-11 14:23:19 ------------------ 
2026-05-11 14:25:42 --- Trajectory --- 
2026-05-11 14:25:42 Prog : tem_bc2_r31_ext_new Skid: 79 Paint : 200.
2026-05-11 14:25:42 ------------------ 
2026-05-11 14:34:32 --- Trajectory --- 
2026-05-11 14:34:32 Prog : HURACAN_BC2_R31_Plastic Skid: 45 Paint : 178.
2026-05-11 14:34:32 ------------------ 
2026-05-11 14:42:16 --- Trajectory INT --- 
2026-05-11 14:42:16  HURACAN_BC2_R31_INT " Skid: 204 Paint : 0.
2026-05-11 14:42:16 --- --- 
2026-05-11 14:42:18 --- Trajectory --- 
2026-05-11 14:42:18 Prog : TEM_bc2_r31_int Skid: 204 Paint : 26.
2026-05-11 14:42:18 ------------------ 
2026-05-11 14:44:42 --- Trajectory --- 
2026-05-11 14:44:42 Prog : tem_bc2_r31_ext_new Skid: 204 Paint : 313.
2026-05-11 14:44:42 ------------------ 
2026-05-11 14:54:59  Vol : URUS_PA2_BC2_R31_EXT_2026 Skid: 133 Calcul Vol : 514 Color: 9.
2026-05-11 14:54:59  ---------------------------
2026-05-11 15:29:36 --- Trajectory --- 
2026-05-11 15:29:36 Prog : URUS_PA2_BC2_R31_EXT_2026 Skid: 133 Paint : 496.
2026-05-11 15:29:36 ------------------ 
2026-05-11 15:30:42  Default Volume : TEM_bc2_r31_int Skid: 195.
2026-05-11 15:30:44  Vol : TEM_bc2_r31_int Skid: 195 Calcul Vol : 600 Color: 146.
2026-05-11 15:30:44  ---------------------------
2026-05-11 15:30:49  Default Volume : tem_bc2_r31_ext_new Skid: 195.
2026-05-11 15:30:50  Vol : tem_bc2_r31_ext_new Skid: 195 Calcul Vol : 600 Color: 146.
2026-05-11 15:30:50  ---------------------------
2026-05-11 15:44:45  Vol : URUS_PA2_R31_Plastic Skid: 240 Calcul Vol : 105 Color: 62.
2026-05-11 15:44:45  ---------------------------
2026-05-11 15:53:31  Vol : URUS_PA2_BC2_R31_EXT_2026 Skid: 134 Calcul Vol : 630 Color: 112.
2026-05-11 15:53:31  ---------------------------
2026-05-11 16:00:46  Vol : URUS_PA2_R31_Plastic Skid: 36 Calcul Vol : 96 Color: 112.
2026-05-11 16:00:46  ---------------------------
2026-05-11 16:10:49 --- Trajectory INT --- 
2026-05-11 16:10:49  HURACAN_BC2_R31_INT " Skid: 195 Paint : 0.
2026-05-11 16:10:49 --- --- 
2026-05-11 16:10:51 --- Trajectory --- 
2026-05-11 16:10:51 Prog : TEM_bc2_r31_int Skid: 195 Paint : 26.
2026-05-11 16:10:52 ------------------ 
2026-05-11 16:11:44  Default Volume : TEM_bc2_r31_int Skid: 245.
2026-05-11 16:11:45  Vol : TEM_bc2_r31_int Skid: 245 Calcul Vol : 600 Color: 53.
2026-05-11 16:11:45  ---------------------------
2026-05-11 16:11:50  Default Volume : tem_bc2_r31_ext_new Skid: 245.
2026-05-11 16:11:52  Vol : tem_bc2_r31_ext_new Skid: 245 Calcul Vol : 600 Color: 53.
2026-05-11 16:11:52  ---------------------------
2026-05-11 16:13:15 --- Trajectory --- 
2026-05-11 16:13:15 Prog : tem_bc2_r31_ext_new Skid: 195 Paint : 313.
2026-05-11 16:13:15 ------------------ 
2026-05-11 16:13:46  Vol : HURACAN_BC2_R31_Plastic Skid: 71 Calcul Vol : 213 Color: 53.
2026-05-11 16:13:46  ---------------------------
