2026-05-11 16:16:33 --- Trajectory --- 
2026-05-11 16:16:33 Prog : URUS_PA2_R31_Plastic Skid: 240 Paint : 101.
2026-05-11 16:16:33 ------------------ 
2026-05-11 16:24:23  Default Volume : TEM_bc2_r31_int Skid: 57.
2026-05-11 16:24:24  Vol : TEM_bc2_r31_int Skid: 57 Calcul Vol : 600 Color: 34.
2026-05-11 16:24:24  ---------------------------
2026-05-11 16:24:29  Default Volume : tem_bc2_r31_ext_new Skid: 57.
2026-05-11 16:24:31  Vol : tem_bc2_r31_ext_new Skid: 57 Calcul Vol : 600 Color: 34.
2026-05-11 16:24:31  ---------------------------
2026-05-11 16:27:33 --- Trajectory --- 
2026-05-11 16:27:33 Prog : URUS_PA2_BC2_R31_EXT_2026 Skid: 134 Paint : 614.
2026-05-11 16:27:33 ------------------ 
2026-05-11 16:27:49  Vol : HURACAN_BC2_R31_Plastic Skid: 46 Calcul Vol : 158 Color: 34.
2026-05-11 16:27:49  ---------------------------
2026-05-11 16:29:54 --- Trajectory --- 
2026-05-11 16:29:54 Prog : URUS_PA2_R31_Plastic Skid: 36 Paint : 94.
2026-05-11 16:29:54 ------------------ 
2026-05-11 16:38:50 --- Trajectory INT --- 
2026-05-11 16:38:50  HURACAN_BC2_R31_INT " Skid: 245 Paint : 0.
2026-05-11 16:38:50 --- --- 
2026-05-11 16:38:52 --- Trajectory --- 
2026-05-11 16:38:52 Prog : TEM_bc2_r31_int Skid: 245 Paint : 22.
2026-05-11 16:38:52 ------------------ 
2026-05-11 16:38:53  Vol : URUS_PA2_R31_Plastic Skid: 101 Calcul Vol : 92 Color: 55.
2026-05-11 16:38:53  ---------------------------
2026-05-11 16:41:15 --- Trajectory --- 
2026-05-11 16:41:15 Prog : tem_bc2_r31_ext_new Skid: 245 Paint : 254.
2026-05-11 16:41:15 ------------------ 
2026-05-11 16:44:14 --- Trajectory --- 
2026-05-11 16:44:14 Prog : HURACAN_BC2_R31_Plastic Skid: 71 Paint : 166.
2026-05-11 16:44:15 ------------------ 
2026-05-11 16:44:15  Vol : URUS_PA2_BC2_R31_EXT_2026 Skid: 14 Calcul Vol : 446 Color: 55.
2026-05-11 16:44:15  ---------------------------
2026-05-11 16:55:38 --- Trajectory INT --- 
2026-05-11 16:55:38  HURACAN_BC2_R31_INT " Skid: 57 Paint : 0.
2026-05-11 16:55:38 --- --- 
2026-05-11 16:55:40 --- Trajectory --- 
2026-05-11 16:55:40 Prog : TEM_bc2_r31_int Skid: 57 Paint : 17.
2026-05-11 16:55:40 ------------------ 
2026-05-11 16:58:45  Vol : URUS_PA2_BC2_R31_EXT_2026 Skid: 152 Calcul Vol : 503 Color: 62.
2026-05-11 16:58:45  ---------------------------
2026-05-11 17:17:39 --- Trajectory --- 
2026-05-11 17:17:39 Prog : HURACAN_BC2_R31_Plastic Skid: 46 Paint : 116.
2026-05-11 17:17:39 ------------------ 
2026-05-11 17:21:19  Default Volume : TEM_bc2_r31_int Skid: 57.
2026-05-11 17:21:20  Vol : TEM_bc2_r31_int Skid: 57 Calcul Vol : 600 Color: 34.
2026-05-11 17:21:20  ---------------------------
2026-05-11 17:21:25  Default Volume : tem_bc2_r31_ext_new Skid: 57.
2026-05-11 17:21:27  Vol : tem_bc2_r31_ext_new Skid: 57 Calcul Vol : 600 Color: 34.
2026-05-11 17:21:27  ---------------------------
2026-05-11 17:23:30 --- Trajectory --- 
2026-05-11 17:23:30 Prog : URUS_PA2_R31_Plastic Skid: 101 Paint : 90.
2026-05-11 17:23:30 ------------------ 
2026-05-11 17:25:18  Default Volume : TEM_bc2_r31_int Skid: 85.
2026-05-11 17:25:20  Vol : TEM_bc2_r31_int Skid: 85 Calcul Vol : 600 Color: 9.
2026-05-11 17:25:20  ---------------------------
2026-05-11 17:25:25  Default Volume : tem_bc2_r31_ext_new Skid: 85.
2026-05-11 17:25:26  Vol : tem_bc2_r31_ext_new Skid: 85 Calcul Vol : 600 Color: 9.
2026-05-11 17:25:26  ---------------------------
2026-05-11 17:42:32 --- Trajectory --- 
2026-05-11 17:42:32 Prog : URUS_PA2_BC2_R31_EXT_2026 Skid: 14 Paint : 402.
2026-05-11 17:42:32 ------------------ 
2026-05-11 17:51:33 --- Trajectory --- 
2026-05-11 17:51:33 Prog : URUS_PA2_BC2_R31_EXT_2026 Skid: 152 Paint : 508.
2026-05-11 17:51:33 ------------------ 
2026-05-11 17:57:02  Vol : HURACAN_BC2_R31_Plastic Skid: 157 Calcul Vol : 287 Color: 13.
2026-05-11 17:57:02  ---------------------------
2026-05-11 17:57:17 --- Trajectory INT --- 
2026-05-11 17:57:17  HURACAN_BC2_R31_INT " Skid: 57 Paint : 0.
2026-05-11 17:57:17 --- --- 
2026-05-11 17:57:19 --- Trajectory --- 
2026-05-11 17:57:19 Prog : TEM_bc2_r31_int Skid: 57 Paint : 17.
2026-05-11 17:57:19 ------------------ 
2026-05-11 17:59:42 --- Trajectory --- 
2026-05-11 17:59:42 Prog : tem_bc2_r31_ext_new Skid: 57 Paint : 217.
2026-05-11 17:59:42 ------------------ 
2026-05-11 18:00:52 --- Trajectory --- 
2026-05-11 18:00:52 Prog : TEM_bc2_r31_int Skid: 85 Paint : 0.
2026-05-11 18:00:52 ------------------ 
2026-05-11 18:01:47 --- Trajectory --- 
2026-05-11 18:01:47 Prog : tem_bc2_r31_ext_new Skid: 85 Paint : 0.
2026-05-11 18:01:47 ------------------ 
2026-05-11 18:01:59  Default Volume : TEM_bc2_r31_int Skid: 172.
2026-05-11 18:02:01  Vol : TEM_bc2_r31_int Skid: 172 Calcul Vol : 600 Color: 13.
2026-05-11 18:02:01  ---------------------------
2026-05-11 18:02:06  Default Volume : tem_bc2_r31_ext_new Skid: 172.
2026-05-11 18:02:07  Vol : tem_bc2_r31_ext_new Skid: 172 Calcul Vol : 600 Color: 13.
2026-05-11 18:02:07  ---------------------------
2026-05-11 18:21:16 --- Trajectory --- 
2026-05-11 18:21:16 Prog : HURACAN_BC2_R31_Plastic Skid: 157 Paint : 217.
2026-05-11 18:21:16 ------------------ 
2026-05-11 18:24:48 --- Trajectory INT --- 
2026-05-11 18:24:48  HURACAN_BC2_R31_INT " Skid: 172 Paint : 0.
2026-05-11 18:24:48 --- --- 
2026-05-11 18:24:50 --- Trajectory --- 
2026-05-11 18:24:50 Prog : TEM_bc2_r31_int Skid: 172 Paint : 30.
2026-05-11 18:24:50 ------------------ 
2026-05-11 18:27:13 --- Trajectory --- 
2026-05-11 18:27:13 Prog : tem_bc2_r31_ext_new Skid: 172 Paint : 383.
2026-05-11 18:27:13 ------------------ 
2026-05-11 18:27:27  Vol : URUS_PA2_R31_Plastic Skid: 180 Calcul Vol : 122 Color: 20.
2026-05-11 18:27:27  ---------------------------
2026-05-11 18:38:50  Vol : URUS_PA2_BC2_R31_EXT_2026 Skid: 233 Calcul Vol : 418 Color: 20.
2026-05-11 18:38:50  ---------------------------
2026-05-11 18:44:16  Default Volume : TEM_bc2_r31_int Skid: 176.
2026-05-11 18:44:17  Vol : TEM_bc2_r31_int Skid: 176 Calcul Vol : 600 Color: 16.
2026-05-11 18:44:17  ---------------------------
2026-05-11 18:44:23  Default Volume : tem_bc2_r31_ext_new Skid: 176.
2026-05-11 18:44:24  Vol : tem_bc2_r31_ext_new Skid: 176 Calcul Vol : 600 Color: 16.
2026-05-11 18:44:24  ---------------------------
2026-05-11 18:57:41 --- Trajectory --- 
2026-05-11 18:57:41 Prog : URUS_PA2_R31_Plastic Skid: 180 Paint : 116.
2026-05-11 18:57:41 ------------------ 
2026-05-11 19:03:15 --- Trajectory --- 
2026-05-11 19:03:15 Prog : URUS_PA2_BC2_R31_EXT_2026 Skid: 233 Paint : 399.
2026-05-11 19:03:15 ------------------ 
2026-05-11 19:06:48 --- Trajectory INT --- 
2026-05-11 19:06:48  HURACAN_BC2_R31_INT " Skid: 176 Paint : 0.
2026-05-11 19:06:48 --- --- 
2026-05-11 19:06:50 --- Trajectory --- 
2026-05-11 19:06:50 Prog : TEM_bc2_r31_int Skid: 176 Paint : 30.
2026-05-11 19:06:50 ------------------ 
2026-05-11 19:08:41 --- Trajectory --- 
2026-05-11 19:08:41 Prog : tem_bc2_r31_ext_new Skid: 176 Paint : 200.
2026-05-11 19:08:41 ------------------ 
2026-05-11 19:24:37  Vol : URUS_PA2_BC2_R31_EXT_2026 Skid: 81 Calcul Vol : 630 Color: 54.
2026-05-11 19:24:37  ---------------------------
2026-05-11 19:37:10  Vol : URUS_PA2_R31_Plastic Skid: 253 Calcul Vol : 305 Color: 54.
2026-05-11 19:37:10  ---------------------------
2026-05-11 19:48:39 --- Trajectory --- 
2026-05-11 19:48:39 Prog : URUS_PA2_BC2_R31_EXT_2026 Skid: 81 Paint : 614.
2026-05-11 19:48:39 ------------------ 
2026-05-11 20:14:58 --- Trajectory --- 
2026-05-11 20:14:58 Prog : URUS_PA2_R31_Plastic Skid: 253 Paint : 295.
2026-05-11 20:14:58 ------------------ 
2026-05-11 21:11:17  Vol : URUS_PA2_R31_Plastic Skid: 101 Calcul Vol : 65 Color: 56.
2026-05-11 21:11:17  ---------------------------
2026-05-11 21:13:54  Vol : URUS_PA2_BC2_R31_EXT_2026 Skid: 14 Calcul Vol : 540 Color: 56.
2026-05-11 21:13:54  ---------------------------
2026-05-11 21:32:54  Vol : URUS_PA2_R31_Plastic Skid: 36 Calcul Vol : 143 Color: 113.
2026-05-11 21:32:54  ---------------------------
2026-05-11 21:34:33 --- Trajectory --- 
2026-05-11 21:34:33 Prog : URUS_PA2_R31_Plastic Skid: 101 Paint : 63.
2026-05-11 21:34:33 ------------------ 
2026-05-11 21:37:46  Vol : URUS_PA2_BC2_R31_EXT_2026 Skid: 134 Calcul Vol : 840 Color: 113.
2026-05-11 21:37:46  ---------------------------
2026-05-11 21:40:13 --- Trajectory --- 
2026-05-11 21:40:13 Prog : URUS_PA2_BC2_R31_EXT_2026 Skid: 14 Paint : 461.
2026-05-11 21:40:13 ------------------ 
2026-05-11 21:46:20  Vol : HURACAN_BC2_R31_Plastic Skid: 46 Calcul Vol : 229 Color: 35.
2026-05-11 21:46:20  ---------------------------
2026-05-11 21:50:51  Default Volume : TEM_bc2_r31_int Skid: 57.
2026-05-11 21:50:53  Vol : TEM_bc2_r31_int Skid: 57 Calcul Vol : 600 Color: 35.
2026-05-11 21:50:53  ---------------------------
2026-05-11 21:50:58  Default Volume : tem_bc2_r31_ext_new Skid: 57.
2026-05-11 21:50:59  Vol : tem_bc2_r31_ext_new Skid: 57 Calcul Vol : 600 Color: 35.
2026-05-11 21:50:59  ---------------------------
2026-05-11 21:58:40 --- Trajectory --- 
2026-05-11 21:58:40 Prog : URUS_PA2_R31_Plastic Skid: 36 Paint : 142.
2026-05-11 21:58:40 ------------------ 
2026-05-11 22:04:21 --- Trajectory --- 
2026-05-11 22:04:21 Prog : URUS_PA2_BC2_R31_EXT_2026 Skid: 134 Paint : 825.
2026-05-11 22:04:21 ------------------ 
2026-05-11 22:12:37 --- Trajectory --- 
2026-05-11 22:12:37 Prog : HURACAN_BC2_R31_Plastic Skid: 46 Paint : 178.
2026-05-11 22:12:37 ------------------ 
2026-05-11 22:16:39  Vol : HURACAN_BC2_R31_Plastic Skid: 164 Calcul Vol : 0 Color: 85.
2026-05-11 22:16:39  ---------------------------
2026-05-11 22:17:33 --- Trajectory INT --- 
2026-05-11 22:17:33  HURACAN_BC2_R31_INT " Skid: 57 Paint : 0.
2026-05-11 22:17:33 --- --- 
2026-05-11 22:17:35 --- Trajectory --- 
2026-05-11 22:17:35 Prog : TEM_bc2_r31_int Skid: 57 Paint : 22.
2026-05-11 22:17:35 ------------------ 
2026-05-11 22:19:58 --- Trajectory --- 
2026-05-11 22:19:58 Prog : tem_bc2_r31_ext_new Skid: 57 Paint : 277.
2026-05-11 22:19:58 ------------------ 
2026-05-11 22:29:30  Vol : URUS_PA2_R31_Plastic Skid: 197 Calcul Vol : 404 Color: 86.
2026-05-11 22:29:30  ---------------------------
2026-05-11 23:00:13 --- Trajectory --- 
2026-05-11 23:00:13 Prog : HURACAN_BC2_R31_Plastic Skid: 164 Paint : 0.
2026-05-11 23:00:13 ------------------ 
2026-05-11 23:13:23 --- Trajectory --- 
2026-05-11 23:13:23 Prog : URUS_PA2_R31_Plastic Skid: 197 Paint : 395.
2026-05-11 23:13:23 ------------------ 
2026-05-11 23:13:24  Vol : HURACAN_BC2_R31_Plastic Skid: 110 Calcul Vol : 245 Color: 25.
2026-05-11 23:13:24  ---------------------------
2026-05-11 23:44:08  Default Volume : TEM_bc2_r31_int Skid: 166.
2026-05-11 23:44:09  Vol : TEM_bc2_r31_int Skid: 166 Calcul Vol : 600 Color: 62.
2026-05-11 23:44:09  ---------------------------
2026-05-11 23:44:14  Default Volume : tem_bc2_r31_ext_new Skid: 166.
2026-05-11 23:44:16  Vol : tem_bc2_r31_ext_new Skid: 166 Calcul Vol : 600 Color: 62.
2026-05-11 23:44:16  ---------------------------
2026-05-11 23:49:32 --- Trajectory --- 
2026-05-11 23:49:32 Prog : HURACAN_BC2_R31_Plastic Skid: 110 Paint : 186.
2026-05-11 23:49:32 ------------------ 
2026-05-11 23:50:51  Vol : URUS_PA2_BC2_R31_EXT_2026 Skid: 220 Calcul Vol : 576 Color: 11.
2026-05-11 23:50:51  ---------------------------
2026-05-12 00:02:53  Vol : URUS_PA2_R31_Plastic Skid: 2 Calcul Vol : 92 Color: 55.
2026-05-12 00:02:53  ---------------------------
2026-05-12 00:06:36  Default Volume : TEM_bc2_r31_int Skid: 202.
2026-05-12 00:06:38  Vol : TEM_bc2_r31_int Skid: 202 Calcul Vol : 600 Color: 25.
2026-05-12 00:06:38  ---------------------------
2026-05-12 00:06:43  Default Volume : tem_bc2_r31_ext_new Skid: 202.
2026-05-12 00:06:44  Vol : tem_bc2_r31_ext_new Skid: 202 Calcul Vol : 600 Color: 25.
2026-05-12 00:06:44  ---------------------------
2026-05-12 00:09:14 --- Trajectory INT --- 
2026-05-12 00:09:14  HURACAN_BC2_R31_INT " Skid: 166 Paint : 0.
2026-05-12 00:09:14 --- --- 
2026-05-12 00:09:17 --- Trajectory --- 
2026-05-12 00:09:17 Prog : TEM_bc2_r31_int Skid: 166 Paint : 38.
2026-05-12 00:09:17 ------------------ 
2026-05-12 00:10:12  Vol : URUS_PA2_BC2_R31_EXT_2026 Skid: 126 Calcul Vol : 463 Color: 86.
2026-05-12 00:10:12  ---------------------------
2026-05-12 00:11:40 --- Trajectory --- 
2026-05-12 00:11:40 Prog : tem_bc2_r31_ext_new Skid: 166 Paint : 403.
2026-05-12 00:11:40 ------------------ 
2026-05-12 00:16:24 --- Trajectory --- 
2026-05-12 00:16:24 Prog : URUS_PA2_BC2_R31_EXT_2026 Skid: 220 Paint : 559.
2026-05-12 00:16:24 ------------------ 
2026-05-12 00:20:06  Default Volume : TEM_bc2_r31_int Skid: 85.
2026-05-12 00:20:07  Vol : TEM_bc2_r31_int Skid: 85 Calcul Vol : 600 Color: 9.
2026-05-12 00:20:07  ---------------------------
2026-05-12 00:20:12  Default Volume : tem_bc2_r31_ext_new Skid: 85.
2026-05-12 00:20:14  Vol : tem_bc2_r31_ext_new Skid: 85 Calcul Vol : 600 Color: 9.
2026-05-12 00:20:14  ---------------------------
2026-05-12 00:25:50 --- Trajectory --- 
2026-05-12 00:25:50 Prog : URUS_PA2_R31_Plastic Skid: 2 Paint : 90.
2026-05-12 00:25:51 ------------------ 
2026-05-12 00:30:27  Vol : URUS_PA2_BC2_R31_EXT_2026 Skid: 103 Calcul Vol : 461 Color: 15.
2026-05-12 00:30:27  ---------------------------
2026-05-12 00:36:21 --- Trajectory INT --- 
2026-05-12 00:36:21  HURACAN_BC2_R31_INT " Skid: 202 Paint : 0.
2026-05-12 00:36:21 --- --- 
2026-05-12 00:36:24 --- Trajectory --- 
2026-05-12 00:36:24 Prog : TEM_bc2_r31_int Skid: 202 Paint : 13.
2026-05-12 00:36:24 ------------------ 
2026-05-12 00:38:47 --- Trajectory --- 
2026-05-12 00:38:47 Prog : tem_bc2_r31_ext_new Skid: 202 Paint : 437.
2026-05-12 00:38:47 ------------------ 
2026-05-12 00:43:33 --- Trajectory --- 
2026-05-12 00:43:33 Prog : URUS_PA2_BC2_R31_EXT_2026 Skid: 126 Paint : 444.
2026-05-12 00:43:33 ------------------ 
2026-05-12 00:51:38 --- Trajectory INT --- 
2026-05-12 00:51:38  HURACAN_BC2_R31_INT " Skid: 85 Paint : 0.
2026-05-12 00:51:38 --- --- 
2026-05-12 00:51:40 --- Trajectory --- 
2026-05-12 00:51:40 Prog : TEM_bc2_r31_int Skid: 85 Paint : 29.
2026-05-12 00:51:40 ------------------ 
2026-05-12 00:54:29 --- Trajectory --- 
2026-05-12 00:54:29 Prog : tem_bc2_r31_ext_new Skid: 85 Paint : 254.
2026-05-12 00:54:29 ------------------ 
2026-05-12 00:54:35  Vol : URUS_PA2_R31_Plastic Skid: 240 Calcul Vol : 183 Color: 50.
2026-05-12 00:54:35  ---------------------------
2026-05-12 01:04:00 --- Trajectory --- 
2026-05-12 01:04:00 Prog : URUS_PA2_BC2_R31_EXT_2026 Skid: 103 Paint : 442.
2026-05-12 01:04:00 ------------------ 
2026-05-12 01:14:34  Vol : URUS_PA2_BC2_R31_EXT_2026 Skid: 119 Calcul Vol : 576 Color: 11.
2026-05-12 01:14:34  ---------------------------
2026-05-12 01:18:54 --- Trajectory --- 
2026-05-12 01:18:54 Prog : URUS_PA2_R31_Plastic Skid: 240 Paint : 181.
2026-05-12 01:18:54 ------------------ 
2026-05-12 01:19:48  Vol : HURACAN_BC2_R31_Plastic Skid: 236 Calcul Vol : 230 Color: 27.
2026-05-12 01:19:48  ---------------------------
2026-05-12 01:23:25  Default Volume : TEM_bc2_r31_int Skid: 150.
2026-05-12 01:23:26  Vol : TEM_bc2_r31_int Skid: 150 Calcul Vol : 600 Color: 27.
2026-05-12 01:23:26  ---------------------------
2026-05-12 01:23:31  Default Volume : tem_bc2_r31_ext_new Skid: 150.
2026-05-12 01:23:33  Vol : tem_bc2_r31_ext_new Skid: 150 Calcul Vol : 600 Color: 27.
2026-05-12 01:23:33  ---------------------------
2026-05-12 01:29:02  Default Volume : TEM_bc2_r31_int Skid: 176.
2026-05-12 01:29:03  Vol : TEM_bc2_r31_int Skid: 176 Calcul Vol : 600 Color: 16.
2026-05-12 01:29:03  ---------------------------
2026-05-12 01:29:08  Default Volume : tem_bc2_r31_ext_new Skid: 176.
2026-05-12 01:29:10  Vol : tem_bc2_r31_ext_new Skid: 176 Calcul Vol : 600 Color: 16.
2026-05-12 01:29:10  ---------------------------
2026-05-12 01:32:31  Default Volume : TEM_bc2_r31_int Skid: 172.
2026-05-12 01:32:33  Vol : TEM_bc2_r31_int Skid: 172 Calcul Vol : 600 Color: 13.
2026-05-12 01:32:33  ---------------------------
2026-05-12 01:32:38  Default Volume : tem_bc2_r31_ext_new Skid: 172.
2026-05-12 01:32:40  Vol : tem_bc2_r31_ext_new Skid: 172 Calcul Vol : 600 Color: 13.
2026-05-12 01:32:40  ---------------------------
2026-05-12 01:40:47 --- Trajectory --- 
2026-05-12 01:40:47 Prog : URUS_PA2_BC2_R31_EXT_2026 Skid: 119 Paint : 559.
2026-05-12 01:40:47 ------------------ 
2026-05-12 01:44:04 --- Trajectory --- 
2026-05-12 01:44:04 Prog : HURACAN_BC2_R31_Plastic Skid: 236 Paint : 177.
2026-05-12 01:44:04 ------------------ 
2026-05-12 01:47:38 --- Trajectory INT --- 
2026-05-12 01:47:38  HURACAN_BC2_R31_INT " Skid: 150 Paint : 0.
2026-05-12 01:47:38 --- --- 
2026-05-12 01:47:40 --- Trajectory --- 
2026-05-12 01:47:40 Prog : TEM_bc2_r31_int Skid: 150 Paint : 24.
2026-05-12 01:47:40 ------------------ 
2026-05-12 01:50:03 --- Trajectory --- 
2026-05-12 01:50:03 Prog : tem_bc2_r31_ext_new Skid: 150 Paint : 279.
2026-05-12 01:50:03 ------------------ 
2026-05-12 01:51:49 --- Trajectory INT --- 
2026-05-12 01:51:49  HURACAN_BC2_R31_INT " Skid: 176 Paint : 0.
2026-05-12 01:51:49 --- --- 
2026-05-12 01:51:52 --- Trajectory --- 
2026-05-12 01:51:52 Prog : TEM_bc2_r31_int Skid: 176 Paint : 30.
2026-05-12 01:51:52 ------------------ 
2026-05-12 01:53:43 --- Trajectory --- 
2026-05-12 01:53:43 Prog : tem_bc2_r31_ext_new Skid: 176 Paint : 200.
2026-05-12 01:53:43 ------------------ 
2026-05-12 02:00:37 --- Trajectory --- 
2026-05-12 02:00:37 Prog : TEM_bc2_r31_int Skid: 172 Paint : 0.
2026-05-12 02:00:37 ------------------ 
2026-05-12 02:01:47 --- Trajectory --- 
2026-05-12 02:01:47 Prog : tem_bc2_r31_ext_new Skid: 172 Paint : 0.
2026-05-12 02:01:47 ------------------ 
2026-05-12 02:56:14  Vol : URUS_PA2_BC2_R31_EXT_2026 Skid: 14 Calcul Vol : 445 Color: 55.
2026-05-12 02:56:14  ---------------------------
2026-05-12 03:12:10  Vol : URUS_PA2_R31_Plastic Skid: 2 Calcul Vol : 65 Color: 56.
2026-05-12 03:12:10  ---------------------------
2026-05-12 03:16:57  Vol : URUS_PA2_BC2_R31_EXT_2026 Skid: 5 Calcul Vol : 516 Color: 56.
2026-05-12 03:16:57  ---------------------------
2026-05-12 03:23:01 --- Trajectory --- 
2026-05-12 03:23:01 Prog : URUS_PA2_BC2_R31_EXT_2026 Skid: 14 Paint : 402.
2026-05-12 03:23:01 ------------------ 
2026-05-12 03:29:59  Vol : URUS_PA2_R31_Plastic Skid: 102 Calcul Vol : 63 Color: 99.
2026-05-12 03:29:59  ---------------------------
2026-05-12 03:34:52  Vol : URUS_PA2_BC2_R31_EXT_2026 Skid: 74 Calcul Vol : 529 Color: 99.
2026-05-12 03:34:52  ---------------------------
2026-05-12 03:40:54 --- Trajectory --- 
2026-05-12 03:40:54 Prog : URUS_PA2_R31_Plastic Skid: 2 Paint : 63.
2026-05-12 03:40:54 ------------------ 
2026-05-12 03:47:46  Vol : HURACAN_BC2_R31_Plastic Skid: 234 Calcul Vol : 213 Color: 53.
2026-05-12 03:47:46  ---------------------------
2026-05-12 03:48:30 --- Trajectory --- 
2026-05-12 03:48:30 Prog : URUS_PA2_BC2_R31_EXT_2026 Skid: 5 Paint : 461.
2026-05-12 03:48:30 ------------------ 
2026-05-12 03:55:10 --- Trajectory --- 
2026-05-12 03:55:10 Prog : URUS_PA2_R31_Plastic Skid: 102 Paint : 60.
2026-05-12 03:55:10 ------------------ 
2026-05-12 03:57:10  Vol : URUS_PA2_BC2_R31_EXT_2026 Skid: 223 Calcul Vol : 557 Color: 96.
2026-05-12 03:57:10  ---------------------------
2026-05-12 04:02:27 --- Trajectory --- 
2026-05-12 04:02:27 Prog : URUS_PA2_BC2_R31_EXT_2026 Skid: 74 Paint : 463.
2026-05-12 04:02:27 ------------------ 
2026-05-12 04:10:48 --- Trajectory --- 
2026-05-12 04:10:48 Prog : HURACAN_BC2_R31_Plastic Skid: 234 Paint : 166.
2026-05-12 04:10:48 ------------------ 
2026-05-12 04:19:03  Vol : URUS_PA2_R31_Plastic Skid: 201 Calcul Vol : 99 Color: 25.
2026-05-12 04:19:03  ---------------------------
2026-05-12 04:22:37  Vol : URUS_PA2_R31_Plastic Skid: 197 Calcul Vol : 404 Color: 86.
2026-05-12 04:22:37  ---------------------------
2026-05-12 04:25:11 --- Trajectory --- 
2026-05-12 04:25:11 Prog : URUS_PA2_BC2_R31_EXT_2026 Skid: 223 Paint : 540.
2026-05-12 04:25:11 ------------------ 
2026-05-12 05:41:15 --- Trajectory --- 
2026-05-12 05:41:15 Prog : HURACAN_BC2_R31_Plastic Skid: 15644 Paint : 289.
2026-05-12 05:41:15 ------------------ 
2026-05-12 06:16:52 --- Trajectory --- 
2026-05-12 06:16:52 Prog : URUS_PA2_R31_Plastic Skid: 201 Paint : 97.
2026-05-12 06:16:52 ------------------ 
2026-05-12 06:23:53 --- Trajectory --- 
2026-05-12 06:23:53 Prog : URUS_PA2_R31_Plastic Skid: 197 Paint : 396.
2026-05-12 06:23:53 ------------------ 
2026-05-12 06:26:42  Default Volume : TEM_bc2_r31_int Skid: 131.
2026-05-12 06:26:44  Vol : TEM_bc2_r31_int Skid: 131 Calcul Vol : 600 Color: 53.
2026-05-12 06:26:44  ---------------------------
2026-05-12 06:26:49  Default Volume : tem_bc2_r31_ext_new Skid: 131.
2026-05-12 06:26:50  Vol : tem_bc2_r31_ext_new Skid: 131 Calcul Vol : 600 Color: 53.
2026-05-12 06:26:50  ---------------------------
2026-05-12 06:35:39  Vol : URUS_PA2_BC2_R31_EXT_2026 Skid: 51 Calcul Vol : 573 Color: 50.
2026-05-12 06:35:39  ---------------------------
2026-05-12 06:41:24  Vol : HURACAN_BC2_R31_Plastic Skid: 46 Calcul Vol : 230 Color: 27.
2026-05-12 06:41:24  ---------------------------
2026-05-12 06:44:55  Default Volume : TEM_bc2_r31_int Skid: 210.
2026-05-12 06:44:56  Vol : TEM_bc2_r31_int Skid: 210 Calcul Vol : 600 Color: 27.
2026-05-12 06:44:56  ---------------------------
2026-05-12 06:45:01  Default Volume : tem_bc2_r31_ext_new Skid: 210.
2026-05-12 06:45:03  Vol : tem_bc2_r31_ext_new Skid: 210 Calcul Vol : 600 Color: 27.
2026-05-12 06:45:03  ---------------------------
2026-05-12 06:49:12 --- Trajectory INT --- 
2026-05-12 06:49:12  HURACAN_BC2_R31_INT " Skid: 131 Paint : 0.
2026-05-12 06:49:12 --- --- 
2026-05-12 06:49:14 --- Trajectory --- 
2026-05-12 06:49:14 Prog : TEM_bc2_r31_int Skid: 131 Paint : 22.
2026-05-12 06:49:14 ------------------ 
2026-05-12 06:51:38 --- Trajectory --- 
2026-05-12 06:51:38 Prog : tem_bc2_r31_ext_new Skid: 131 Paint : 254.
2026-05-12 06:51:38 ------------------ 
2026-05-12 07:07:14 --- Trajectory --- 
2026-05-12 07:07:14 Prog : URUS_PA2_BC2_R31_EXT_2026 Skid: 51 Paint : 557.
2026-05-12 07:07:14 ------------------ 
2026-05-12 07:10:37 --- Trajectory --- 
2026-05-12 07:10:37 Prog : HURACAN_BC2_R31_Plastic Skid: 46 Paint : 177.
2026-05-12 07:10:37 ------------------ 
2026-05-12 07:13:41 --- Trajectory INT --- 
2026-05-12 07:13:41  HURACAN_BC2_R31_INT " Skid: 210 Paint : 0.
2026-05-12 07:13:41 --- --- 
2026-05-12 07:13:44 --- Trajectory --- 
2026-05-12 07:13:44 Prog : TEM_bc2_r31_int Skid: 210 Paint : 24.
2026-05-12 07:13:44 ------------------ 
2026-05-12 07:16:07 --- Trajectory --- 
2026-05-12 07:16:07 Prog : tem_bc2_r31_ext_new Skid: 210 Paint : 279.
2026-05-12 07:16:07 ------------------ 
2026-05-12 07:20:03  Vol : URUS_PA2_R31_Plastic Skid: 240 Calcul Vol : 138 Color: 51.
2026-05-12 07:20:03  ---------------------------
2026-05-12 07:43:43 --- Trajectory --- 
2026-05-12 07:43:43 Prog : URUS_PA2_R31_Plastic Skid: 240 Paint : 135.
2026-05-12 07:43:43 ------------------ 
2026-05-12 07:54:49  Vol : URUS_PA2_BC2_R31_EXT_2026 Skid: 152 Calcul Vol : 503 Color: 62.
2026-05-12 07:54:49  ---------------------------
2026-05-12 08:20:33  Vol : HURACAN_BC2_R31_Plastic Skid: 157 Calcul Vol : 220 Color: 85.
2026-05-12 08:20:33  ---------------------------
2026-05-12 08:20:56 --- Trajectory --- 
2026-05-12 08:20:56 Prog : URUS_PA2_BC2_R31_EXT_2026 Skid: 152 Paint : 508.
2026-05-12 08:20:56 ------------------ 
2026-05-12 08:24:25  Default Volume : TEM_bc2_r31_int Skid: 221.
2026-05-12 08:24:26  Vol : TEM_bc2_r31_int Skid: 221 Calcul Vol : 600 Color: 85.
2026-05-12 08:24:26  ---------------------------
2026-05-12 08:24:31  Default Volume : tem_bc2_r31_ext_new Skid: 221.
2026-05-12 08:24:33  Vol : tem_bc2_r31_ext_new Skid: 221 Calcul Vol : 600 Color: 85.
2026-05-12 08:24:33  ---------------------------
2026-05-12 08:29:08  Vol : URUS_PA2_BC2_R31_EXT_2026 Skid: 81 Calcul Vol : 630 Color: 54.
2026-05-12 08:29:08  ---------------------------
2026-05-12 08:54:32  Vol : URUS_PA2_BC2_R31_EXT_2026 Skid: 14 Calcul Vol : 540 Color: 56.
2026-05-12 08:54:32  ---------------------------
2026-05-12 08:58:34 --- Trajectory --- 
2026-05-12 08:58:34 Prog : HURACAN_BC2_R31_Plastic Skid: 157 Paint : 169.
2026-05-12 08:58:34 ------------------ 
2026-05-12 09:02:05 --- Trajectory INT --- 
2026-05-12 09:02:05  HURACAN_BC2_R31_INT " Skid: 221 Paint : 0.
2026-05-12 09:02:05 --- --- 
2026-05-12 09:02:08 --- Trajectory --- 
2026-05-12 09:02:08 Prog : TEM_bc2_r31_int Skid: 221 Paint : 24.
2026-05-12 09:02:08 ------------------ 
2026-05-12 09:04:30 --- Trajectory --- 
2026-05-12 09:04:30 Prog : tem_bc2_r31_ext_new Skid: 221 Paint : 270.
2026-05-12 09:04:30 ------------------ 
2026-05-12 09:09:15 --- Trajectory --- 
2026-05-12 09:09:15 Prog : URUS_PA2_BC2_R31_EXT_2026 Skid: 81 Paint : 614.
2026-05-12 09:09:15 ------------------ 
2026-05-12 09:19:14 --- Trajectory --- 
2026-05-12 09:19:15 Prog : URUS_PA2_BC2_R31_EXT_2026 Skid: 14 Paint : 461.
2026-05-12 09:19:15 ------------------ 
2026-05-12 10:00:36  Vol : URUS_PA2_R31_Plastic Skid: 113 Calcul Vol : 141 Color: 77.
2026-05-12 10:00:36  ---------------------------
2026-05-12 10:04:11  Vol : URUS_PA2_BC2_R31_EXT_2026 Skid: 24 Calcul Vol : 583 Color: 77.
2026-05-12 10:04:11  ---------------------------
2026-05-12 10:20:27 --- Trajectory --- 
2026-05-12 10:20:27 Prog : URUS_PA2_R31_Plastic Skid: 113 Paint : 137.
2026-05-12 10:20:27 ------------------ 
2026-05-12 10:31:46 --- Trajectory --- 
2026-05-12 10:31:46 Prog : URUS_PA2_BC2_R31_EXT_2026 Skid: 24 Paint : 519.
2026-05-12 10:31:46 ------------------ 
2026-05-12 10:32:49  Vol : URUS_PA2_R31_Plastic Skid: 36 Calcul Vol : 122 Color: 34.
2026-05-12 10:32:49  ---------------------------
2026-05-12 10:53:55  Vol : URUS_PA2_R31_Plastic Skid: 101 Calcul Vol : 169 Color: 68.
2026-05-12 10:53:55  ---------------------------
2026-05-12 10:54:18 --- Trajectory --- 
2026-05-12 10:54:18 Prog : URUS_PA2_R31_Plastic Skid: 36 Paint : 116.
2026-05-12 10:54:18 ------------------ 
2026-05-12 10:57:45  Vol : URUS_PA2_BC2_R31_EXT_2026 Skid: 163 Calcul Vol : 503 Color: 68.
2026-05-12 10:57:45  ---------------------------
2026-05-12 11:04:29  Default Volume : TEM_bc2_r31_int Skid: 57.
2026-05-12 11:04:30  Vol : TEM_bc2_r31_int Skid: 57 Calcul Vol : 600 Color: 34.
2026-05-12 11:04:30  ---------------------------
2026-05-12 11:04:35  Default Volume : tem_bc2_r31_ext_new Skid: 57.
2026-05-12 11:04:37  Vol : tem_bc2_r31_ext_new Skid: 57 Calcul Vol : 600 Color: 34.
2026-05-12 11:04:37  ---------------------------
2026-05-12 11:17:57  Default Volume : TEM_bc2_r31_int Skid: 149.
2026-05-12 11:17:59  Vol : TEM_bc2_r31_int Skid: 149 Calcul Vol : 600 Color: 29.
2026-05-12 11:17:59  ---------------------------
2026-05-12 11:18:04  Default Volume : tem_bc2_r31_ext_new Skid: 149.
2026-05-12 11:18:06  Vol : tem_bc2_r31_ext_new Skid: 149 Calcul Vol : 600 Color: 29.
2026-05-12 11:18:06  ---------------------------
2026-05-12 11:20:27 --- Trajectory --- 
2026-05-12 11:20:27 Prog : URUS_PA2_R31_Plastic Skid: 101 Paint : 164.
2026-05-12 11:20:27 ------------------ 
2026-05-12 11:27:08 --- Trajectory --- 
2026-05-12 11:27:08 Prog : URUS_PA2_BC2_R31_EXT_2026 Skid: 163 Paint : 485.
2026-05-12 11:27:08 ------------------ 
2026-05-12 11:28:36  Vol : URUS_PA2_BC2_R31_EXT_2026 Skid: 145 Calcul Vol : 510 Color: 25.
2026-05-12 11:28:36  ---------------------------
2026-05-12 11:30:53 --- Trajectory INT --- 
2026-05-12 11:30:53  HURACAN_BC2_R31_INT " Skid: 57 Paint : 0.
2026-05-12 11:30:53 --- --- 
2026-05-12 11:30:55 --- Trajectory --- 
2026-05-12 11:30:55 Prog : TEM_bc2_r31_int Skid: 57 Paint : 17.
2026-05-12 11:30:55 ------------------ 
2026-05-12 11:33:18 --- Trajectory --- 
2026-05-12 11:33:18 Prog : tem_bc2_r31_ext_new Skid: 57 Paint : 217.
2026-05-12 11:33:18 ------------------ 
2026-05-12 11:33:44  Vol : URUS_PA2_BC2_R31_EXT_2026 Skid: 51 Calcul Vol : 505 Color: 51.
2026-05-12 11:33:44  ---------------------------
2026-05-12 11:37:42  Vol : URUS_PA2_BC2_R31_EXT_2026 Skid: 208 Calcul Vol : 576 Color: 11.
2026-05-12 11:37:42  ---------------------------
2026-05-12 11:41:45 --- Trajectory INT --- 
2026-05-12 11:41:45  HURACAN_BC2_R31_INT " Skid: 149 Paint : 0.
2026-05-12 11:41:45 --- --- 
2026-05-12 11:41:48 --- Trajectory --- 
2026-05-12 11:41:48 Prog : TEM_bc2_r31_int Skid: 149 Paint : 17.
2026-05-12 11:41:48 ------------------ 
2026-05-12 11:44:11 --- Trajectory --- 
2026-05-12 11:44:11 Prog : tem_bc2_r31_ext_new Skid: 149 Paint : 207.
2026-05-12 11:44:11 ------------------ 
2026-05-12 11:58:48  Vol : URUS_PA2_BC2_R31_EXT_2026 Skid: 133 Calcul Vol : 574 Color: 12.
2026-05-12 11:58:48  ---------------------------
2026-05-12 11:59:36 --- Trajectory --- 
2026-05-12 11:59:36 Prog : URUS_PA2_BC2_R31_EXT_2026 Skid: 145 Paint : 446.
2026-05-12 11:59:36 ------------------ 
2026-05-12 12:03:16  Vol : HURACAN_BC2_R31_Plastic Skid: 236 Calcul Vol : 255 Color: 105.
2026-05-12 12:03:16  ---------------------------
2026-05-12 12:05:12 --- Trajectory --- 
2026-05-12 12:05:12 Prog : URUS_PA2_BC2_R31_EXT_2026 Skid: 51 Paint : 498.
2026-05-12 12:05:12 ------------------ 
2026-05-12 12:06:46  Default Volume : TEM_bc2_r31_int Skid: 148.
2026-05-12 12:06:48  Vol : TEM_bc2_r31_int Skid: 148 Calcul Vol : 600 Color: 105.
2026-05-12 12:06:48  ---------------------------
2026-05-12 12:06:53  Default Volume : tem_bc2_r31_ext_new Skid: 148.
2026-05-12 12:06:55  Vol : tem_bc2_r31_ext_new Skid: 148 Calcul Vol : 600 Color: 105.
2026-05-12 12:06:55  ---------------------------
2026-05-12 12:09:58 --- Trajectory --- 
2026-05-12 12:09:58 Prog : URUS_PA2_BC2_R31_EXT_2026 Skid: 208 Paint : 559.
2026-05-12 12:09:58 ------------------ 
2026-05-12 12:41:20 --- Trajectory --- 
2026-05-12 12:41:20 Prog : URUS_PA2_BC2_R31_EXT_2026 Skid: 133 Paint : 511.
2026-05-12 12:41:20 ------------------ 
2026-05-12 12:42:42  Vol : HURACAN_BC2_R31_Plastic Skid: 111 Calcul Vol : 157 Color: 29.
2026-05-12 12:42:42  ---------------------------
2026-05-12 12:44:49 --- Trajectory --- 
2026-05-12 12:44:49 Prog : HURACAN_BC2_R31_Plastic Skid: 236 Paint : 198.
2026-05-12 12:44:49 ------------------ 
2026-05-12 12:47:46  Default Volume : TEM_bc2_r31_int Skid: 84.
2026-05-12 12:47:47  Vol : TEM_bc2_r31_int Skid: 84 Calcul Vol : 600 Color: 29.
2026-05-12 12:47:47  ---------------------------
2026-05-12 12:47:53  Default Volume : tem_bc2_r31_ext_new Skid: 84.
2026-05-12 12:47:54  Vol : tem_bc2_r31_ext_new Skid: 84 Calcul Vol : 600 Color: 29.
2026-05-12 12:47:54  ---------------------------
2026-05-12 12:48:42 --- Trajectory INT --- 
2026-05-12 12:48:42  HURACAN_BC2_R31_INT " Skid: 148 Paint : 0.
2026-05-12 12:48:42 --- --- 
2026-05-12 12:48:45 --- Trajectory --- 
2026-05-12 12:48:45 Prog : TEM_bc2_r31_int Skid: 148 Paint : 24.
2026-05-12 12:48:45 ------------------ 
2026-05-12 12:51:07 --- Trajectory --- 
2026-05-12 12:51:07 Prog : tem_bc2_r31_ext_new Skid: 148 Paint : 332.
2026-05-12 12:51:07 ------------------ 
2026-05-12 13:24:07 --- Trajectory --- 
2026-05-12 13:24:07 Prog : HURACAN_BC2_R31_Plastic Skid: 111 Paint : 115.
2026-05-12 13:24:07 ------------------ 
2026-05-12 13:28:00 --- Trajectory INT --- 
2026-05-12 13:28:00  HURACAN_BC2_R31_INT " Skid: 84 Paint : 0.
2026-05-12 13:28:00 --- --- 
2026-05-12 13:28:02 --- Trajectory --- 
2026-05-12 13:28:02 Prog : TEM_bc2_r31_int Skid: 84 Paint : 17.
2026-05-12 13:28:02 ------------------ 
2026-05-12 13:28:56  Default Volume : TEM_bc2_r31_int Skid: 103.
2026-05-12 13:28:57  Vol : TEM_bc2_r31_int Skid: 103 Calcul Vol : 600 Color: 14.
2026-05-12 13:28:57  ---------------------------
2026-05-12 13:29:03  Default Volume : tem_bc2_r31_ext_new Skid: 103.
2026-05-12 13:29:04  Vol : tem_bc2_r31_ext_new Skid: 103 Calcul Vol : 600 Color: 14.
2026-05-12 13:29:04  ---------------------------
2026-05-12 13:30:25 --- Trajectory --- 
2026-05-12 13:30:25 Prog : tem_bc2_r31_ext_new Skid: 84 Paint : 207.
2026-05-12 13:30:25 ------------------ 
2026-05-12 13:37:16  Vol : HURACAN_BC2_R31_Plastic Skid: 164 Calcul Vol : 220 Color: 85.
2026-05-12 13:37:16  ---------------------------
2026-05-12 13:56:33  Default Volume : TEM_bc2_r31_int Skid: 50.
2026-05-12 13:56:35  Vol : TEM_bc2_r31_int Skid: 50 Calcul Vol : 600 Color: 85.
2026-05-12 13:56:35  ---------------------------
2026-05-12 13:56:40  Default Volume : tem_bc2_r31_ext_new Skid: 50.
2026-05-12 13:56:41  Vol : tem_bc2_r31_ext_new Skid: 50 Calcul Vol : 600 Color: 85.
2026-05-12 13:56:41  ---------------------------
2026-05-12 14:05:51  Vol : URUS_PA2_BC2_R31_EXT_2026 Skid: 119 Calcul Vol : 495 Color: 34.
2026-05-12 14:05:51  ---------------------------
2026-05-12 14:15:54 --- Trajectory INT --- 
2026-05-12 14:15:54  HURACAN_BC2_R31_INT " Skid: 103 Paint : 0.
2026-05-12 14:15:54 --- --- 
2026-05-12 14:15:57 --- Trajectory --- 
2026-05-12 14:15:57 Prog : TEM_bc2_r31_int Skid: 103 Paint : 0.
2026-05-12 14:15:57 ------------------ 
2026-05-12 14:18:07 --- Trajectory --- 
2026-05-12 14:18:07 Prog : tem_bc2_r31_ext_new Skid: 103 Paint : 183.
2026-05-12 14:18:07 ------------------ 
2026-05-12 14:21:10 --- Trajectory --- 
2026-05-12 14:21:10 Prog : HURACAN_BC2_R31_Plastic Skid: 164 Paint : 169.
2026-05-12 14:21:10 ------------------ 
2026-05-12 14:26:18  Vol : HURACAN_BC2_R31_Plastic Skid: 45 Calcul Vol : 235 Color: 146.
2026-05-12 14:26:18  ---------------------------
2026-05-12 14:26:37 --- Trajectory INT --- 
2026-05-12 14:26:37  HURACAN_BC2_R31_INT " Skid: 50 Paint : 0.
2026-05-12 14:26:37 --- --- 
2026-05-12 14:26:40 --- Trajectory --- 
2026-05-12 14:26:40 Prog : TEM_bc2_r31_int Skid: 50 Paint : 24.
2026-05-12 14:26:40 ------------------ 
2026-05-12 14:29:03 --- Trajectory --- 
2026-05-12 14:29:03 Prog : tem_bc2_r31_ext_new Skid: 50 Paint : 269.
2026-05-12 14:29:03 ------------------ 
2026-05-12 14:31:00  Default Volume : TEM_bc2_r31_int Skid: 204.
2026-05-12 14:31:02  Vol : TEM_bc2_r31_int Skid: 204 Calcul Vol : 600 Color: 146.
2026-05-12 14:31:02  ---------------------------
2026-05-12 14:31:07  Default Volume : tem_bc2_r31_ext_new Skid: 204.
2026-05-12 14:31:09  Vol : tem_bc2_r31_ext_new Skid: 204 Calcul Vol : 600 Color: 146.
2026-05-12 14:31:09  ---------------------------
2026-05-12 14:38:58 --- Trajectory --- 
2026-05-12 14:38:58 Prog : URUS_PA2_BC2_R31_EXT_2026 Skid: 119 Paint : 477.
2026-05-12 14:38:58 ------------------ 
2026-05-12 14:40:33  Vol : URUS_PA2_R31_Plastic Skid: 175 Calcul Vol : 100 Color: 32.
2026-05-12 14:40:33  ---------------------------
2026-05-12 14:45:05  Vol : URUS_PA2_R31_Plastic Skid: 102 Calcul Vol : 144 Color: 11.
2026-05-12 14:45:05  ---------------------------
2026-05-12 14:52:41 --- Trajectory --- 
2026-05-12 14:52:41 Prog : HURACAN_BC2_R31_Plastic Skid: 45 Paint : 178.
2026-05-12 14:52:41 ------------------ 
2026-05-12 14:56:35 --- Trajectory INT --- 
2026-05-12 14:56:35  HURACAN_BC2_R31_INT " Skid: 204 Paint : 0.
2026-05-12 14:56:35 --- --- 
2026-05-12 14:56:37 --- Trajectory --- 
2026-05-12 14:56:37 Prog : TEM_bc2_r31_int Skid: 204 Paint : 26.
2026-05-12 14:56:37 ------------------ 
2026-05-12 14:59:00 --- Trajectory --- 
2026-05-12 14:59:00 Prog : tem_bc2_r31_ext_new Skid: 204 Paint : 313.
2026-05-12 14:59:00 ------------------ 
2026-05-12 15:02:18 --- Trajectory --- 
2026-05-12 15:02:18 Prog : URUS_PA2_R31_Plastic Skid: 175 Paint : 94.
2026-05-12 15:02:18 ------------------ 
2026-05-12 15:07:18 --- Trajectory --- 
2026-05-12 15:07:18 Prog : URUS_PA2_R31_Plastic Skid: 102 Paint : 138.
2026-05-12 15:07:18 ------------------ 
2026-05-12 15:13:00  Vol : URUS_PA2_R31_Plastic Skid: 101 Calcul Vol : 141 Color: 69.
2026-05-12 15:13:00  ---------------------------
2026-05-12 15:18:28  Vol : URUS_PA2_BC2_R31_EXT_2026 Skid: 163 Calcul Vol : 481 Color: 69.
2026-05-12 15:18:28  ---------------------------
2026-05-12 15:27:13  Default Volume : TEM_bc2_r31_int Skid: 57.
2026-05-12 15:27:15  Vol : TEM_bc2_r31_int Skid: 57 Calcul Vol : 600 Color: 35.
2026-05-12 15:27:15  ---------------------------
2026-05-12 15:27:20  Default Volume : tem_bc2_r31_ext_new Skid: 57.
2026-05-12 15:27:22  Vol : tem_bc2_r31_ext_new Skid: 57 Calcul Vol : 600 Color: 35.
2026-05-12 15:27:22  ---------------------------
2026-05-12 15:32:05 --- Trajectory --- 
2026-05-12 15:32:05 Prog : URUS_PA2_R31_Plastic Skid: 101 Paint : 135.
2026-05-12 15:32:05 ------------------ 
2026-05-12 15:42:32 --- Trajectory --- 
2026-05-12 15:42:32 Prog : URUS_PA2_BC2_R31_EXT_2026 Skid: 163 Paint : 463.
2026-05-12 15:42:32 ------------------ 
2026-05-12 15:50:37 --- Trajectory INT --- 
2026-05-12 15:50:37  HURACAN_BC2_R31_INT " Skid: 57 Paint : 0.
2026-05-12 15:50:37 --- --- 
2026-05-12 15:50:40 --- Trajectory --- 
2026-05-12 15:50:40 Prog : TEM_bc2_r31_int Skid: 57 Paint : 22.
2026-05-12 15:50:40 ------------------ 
2026-05-12 15:51:36  Vol : URUS_PA2_R31_Plastic Skid: 180 Calcul Vol : 175 Color: 11.
2026-05-12 15:51:36  ---------------------------
2026-05-12 15:53:02 --- Trajectory --- 
2026-05-12 15:53:02 Prog : tem_bc2_r31_ext_new Skid: 57 Paint : 277.
2026-05-12 15:53:02 ------------------ 
2026-05-12 16:25:50  Vol : URUS_PA2_BC2_R31_EXT_2026 Skid: 147 Calcul Vol : 529 Color: 99.
2026-05-12 16:25:50  ---------------------------
2026-05-12 16:29:18 --- Trajectory --- 
2026-05-12 16:29:18 Prog : URUS_PA2_R31_Plastic Skid: 180 Paint : 169.
2026-05-12 16:29:18 ------------------ 
2026-05-12 16:38:55  Vol : URUS_PA2_BC2_R31_EXT_2026 Skid: 108 Calcul Vol : 457 Color: 15.
2026-05-12 16:38:55  ---------------------------
2026-05-12 16:55:03 --- Trajectory --- 
2026-05-12 16:55:03 Prog : URUS_PA2_BC2_R31_EXT_2026 Skid: 147 Paint : 535.
2026-05-12 16:55:03 ------------------ 
2026-05-12 16:59:36 --- Trajectory --- 
2026-05-12 16:59:36 Prog : URUS_PA2_BC2_R31_EXT_2026 Skid: 108 Paint : 100.
2026-05-12 16:59:36 ------------------ 
2026-05-12 18:00:49  Vol : URUS_PA2_R31_Plastic Skid: 36 Calcul Vol : 143 Color: 35.
2026-05-12 18:00:49  ---------------------------
2026-05-12 18:23:57 --- Trajectory --- 
2026-05-12 18:23:57 Prog : URUS_PA2_R31_Plastic Skid: 36 Paint : 136.
2026-05-12 18:23:57 ------------------ 
2026-05-12 18:41:11  Vol : URUS_PA2_BC2_R31_EXT_2026 Skid: 126 Calcul Vol : 463 Color: 86.
2026-05-12 18:41:11  ---------------------------
2026-05-12 18:47:50  Vol : URUS_PA2_R31_Plastic Skid: 240 Calcul Vol : 105 Color: 62.
2026-05-12 18:47:50  ---------------------------
2026-05-12 18:52:56  Vol : URUS_PA2_BC2_R31_EXT_2026 Skid: 119 Calcul Vol : 545 Color: 35.
2026-05-12 18:52:56  ---------------------------
2026-05-12 19:07:51 --- Trajectory --- 
2026-05-12 19:07:51 Prog : URUS_PA2_BC2_R31_EXT_2026 Skid: 126 Paint : 444.
2026-05-12 19:07:51 ------------------ 
2026-05-12 19:08:29  Vol : URUS_PA2_R31_Plastic Skid: 175 Calcul Vol : 104 Color: 33.
2026-05-12 19:08:29  ---------------------------
2026-05-12 19:11:02 --- Trajectory --- 
2026-05-12 19:11:02 Prog : URUS_PA2_R31_Plastic Skid: 240 Paint : 101.
2026-05-12 19:11:02 ------------------ 
2026-05-12 19:19:21 --- Trajectory --- 
2026-05-12 19:19:21 Prog : URUS_PA2_BC2_R31_EXT_2026 Skid: 119 Paint : 528.
2026-05-12 19:19:21 ------------------ 
2026-05-12 19:30:09 --- Trajectory --- 
2026-05-12 19:30:09 Prog : URUS_PA2_R31_Plastic Skid: 175 Paint : 99.
2026-05-12 19:30:09 ------------------ 
2026-05-12 19:31:37  Vol : URUS_PA2_BC2_R31_EXT_2026 Skid: 158 Calcul Vol : 576 Color: 11.
2026-05-12 19:31:37  ---------------------------
2026-05-12 19:37:03  Vol : URUS_PA2_BC2_R31_EXT_2026 Skid: 52 Calcul Vol : 514 Color: 32.
2026-05-12 19:37:03  ---------------------------
2026-05-12 19:54:29  Vol : URUS_PA2_BC2_R31_EXT_2026 Skid: 206 Calcul Vol : 576 Color: 11.
2026-05-12 19:54:29  ---------------------------
2026-05-12 19:57:39 --- Trajectory --- 
2026-05-12 19:57:39 Prog : URUS_PA2_BC2_R31_EXT_2026 Skid: 158 Paint : 559.
2026-05-12 19:57:39 ------------------ 
2026-05-12 20:02:31 --- Trajectory --- 
2026-05-12 20:02:31 Prog : URUS_PA2_BC2_R31_EXT_2026 Skid: 52 Paint : 435.
2026-05-12 20:02:31 ------------------ 
2026-05-12 20:21:43 --- Trajectory --- 
2026-05-12 20:21:43 Prog : URUS_PA2_BC2_R31_EXT_2026 Skid: 206 Paint : 559.
2026-05-12 20:21:43 ------------------ 
2026-05-12 20:23:49  Vol : HURACAN_BC2_R31_Plastic Skid: 46 Calcul Vol : 255 Color: 11.
2026-05-12 20:23:49  ---------------------------
2026-05-12 20:26:59  Default Volume : TEM_bc2_r31_int Skid: 153.
2026-05-12 20:27:00  Vol : TEM_bc2_r31_int Skid: 153 Calcul Vol : 600 Color: 11.
2026-05-12 20:27:00  ---------------------------
2026-05-12 20:27:05  Default Volume : tem_bc2_r31_ext_new Skid: 153.
2026-05-12 20:27:07  Vol : tem_bc2_r31_ext_new Skid: 153 Calcul Vol : 600 Color: 11.
2026-05-12 20:27:07  ---------------------------
2026-05-12 20:46:03 --- Trajectory --- 
2026-05-12 20:46:03 Prog : HURACAN_BC2_R31_Plastic Skid: 46 Paint : 198.
2026-05-12 20:46:03 ------------------ 
2026-05-12 20:49:57 --- Trajectory INT --- 
2026-05-12 20:49:57  HURACAN_BC2_R31_INT " Skid: 153 Paint : 0.
2026-05-12 20:49:57 --- --- 
2026-05-12 20:50:00 --- Trajectory --- 
2026-05-12 20:50:00 Prog : TEM_bc2_r31_int Skid: 153 Paint : 17.
2026-05-12 20:50:00 ------------------ 
2026-05-12 20:51:41  Vol : URUS_PA2_R31_Plastic Skid: 169 Calcul Vol : 122 Color: 20.
2026-05-12 20:51:41  ---------------------------
2026-05-12 20:52:23 --- Trajectory --- 
2026-05-12 20:52:23 Prog : tem_bc2_r31_ext_new Skid: 153 Paint : 327.
2026-05-12 20:52:23 ------------------ 
2026-05-12 21:01:00  Vol : URUS_PA2_BC2_R31_EXT_2026 Skid: 105 Calcul Vol : 579 Color: 12.
2026-05-12 21:01:00  ---------------------------
2026-05-12 21:05:35  Vol : URUS_PA2_R31_Plastic Skid: 192 Calcul Vol : 160 Color: 41.
2026-05-12 21:05:35  ---------------------------
2026-05-12 21:10:52  Vol : URUS_PA2_BC2_R31_EXT_2026 Skid: 86 Calcul Vol : 623 Color: 41.
2026-05-12 21:10:52  ---------------------------
2026-05-12 21:15:15 --- Trajectory --- 
2026-05-12 21:15:15 Prog : URUS_PA2_R31_Plastic Skid: 169 Paint : 116.
2026-05-12 21:15:15 ------------------ 
2026-05-12 21:32:47  Vol : URUS_PA2_R31_Plastic Skid: 201 Calcul Vol : 178 Color: 41.
2026-05-12 21:32:47  ---------------------------
2026-05-12 21:48:09 --- Trajectory --- 
2026-05-12 21:48:09 Prog : URUS_PA2_BC2_R31_EXT_2026 Skid: 105 Paint : 563.
2026-05-12 21:48:09 ------------------ 
2026-05-12 21:53:09 --- Trajectory --- 
2026-05-12 21:53:09 Prog : URUS_PA2_R31_Plastic Skid: 192 Paint : 154.
2026-05-12 21:53:09 ------------------ 
2026-05-12 21:58:13 --- Trajectory --- 
2026-05-12 21:58:13 Prog : URUS_PA2_BC2_R31_EXT_2026 Skid: 86 Paint : 606.
2026-05-12 21:58:13 ------------------ 
2026-05-12 22:04:44  Default Volume : TEM_bc2_r31_int Skid: 63.
2026-05-12 22:04:45  Vol : TEM_bc2_r31_int Skid: 63 Calcul Vol : 600 Color: 27.
2026-05-12 22:04:45  ---------------------------
2026-05-12 22:04:50  Default Volume : tem_bc2_r31_ext_new Skid: 63.
2026-05-12 22:04:52  Vol : tem_bc2_r31_ext_new Skid: 63 Calcul Vol : 600 Color: 27.
2026-05-12 22:04:52  ---------------------------
2026-05-12 22:05:00 --- Trajectory --- 
2026-05-12 22:05:00 Prog : URUS_PA2_R31_Plastic Skid: 201 Paint : 175.
2026-05-12 22:05:00 ------------------ 
2026-05-12 22:08:20  Vol : URUS_PA2_BC2_R31_EXT_2026 Skid: 171 Calcul Vol : 623 Color: 41.
2026-05-12 22:08:20  ---------------------------
2026-05-12 22:12:31  Vol : HURACAN_BC2_R31_Plastic Skid: 110 Calcul Vol : 224 Color: 20.
2026-05-12 22:12:31  ---------------------------
2026-05-12 22:53:47 --- Trajectory --- 
2026-05-12 22:53:47 Prog : TEM_bc2_r31_int Skid: 63 Paint : 0.
2026-05-12 22:53:47 ------------------ 
2026-05-12 22:54:44 --- Trajectory --- 
2026-05-12 22:54:44 Prog : tem_bc2_r31_ext_new Skid: 63 Paint : 0.
2026-05-12 22:54:44 ------------------ 
2026-05-12 23:00:49  Vol : URUS_PA2_BC2_R31_EXT_2026 Skid: 82 Calcul Vol : 418 Color: 20.
2026-05-12 23:00:49  ---------------------------
2026-05-12 23:05:14 --- Trajectory --- 
2026-05-12 23:05:14 Prog : URUS_PA2_BC2_R31_EXT_2026 Skid: 171 Paint : 606.
2026-05-12 23:05:14 ------------------ 
2026-05-12 23:07:58 --- Trajectory --- 
2026-05-12 23:07:58 Prog : HURACAN_BC2_R31_Plastic Skid: 110 Paint : 178.
2026-05-12 23:07:58 ------------------ 
2026-05-12 23:11:25  Vol : URUS_PA2_R31_Plastic Skid: 36 Calcul Vol : 122 Color: 34.
2026-05-12 23:11:25  ---------------------------
2026-05-12 23:15:45  Vol : URUS_PA2_R31_Plastic Skid: 22 Calcul Vol : 122 Color: 34.
2026-05-12 23:15:45  ---------------------------
2026-05-12 23:28:33  Vol : URUS_PA2_BC2_R31_EXT_2026 Skid: 223 Calcul Vol : 574 Color: 12.
2026-05-12 23:28:33  ---------------------------
2026-05-12 23:32:10  Vol : URUS_PA2_BC2_R31_EXT_2026 Skid: 52 Calcul Vol : 615 Color: 33.
2026-05-12 23:32:10  ---------------------------
2026-05-12 23:33:52 --- Trajectory --- 
2026-05-12 23:33:52 Prog : URUS_PA2_BC2_R31_EXT_2026 Skid: 82 Paint : 399.
2026-05-12 23:33:52 ------------------ 
2026-05-12 23:40:55 --- Trajectory --- 
2026-05-12 23:40:55 Prog : URUS_PA2_R31_Plastic Skid: 36 Paint : 116.
2026-05-12 23:40:55 ------------------ 
2026-05-12 23:41:19  Vol : HURACAN_BC2_R31_Plastic Skid: 157 Calcul Vol : 224 Color: 20.
2026-05-12 23:41:19  ---------------------------
2026-05-12 23:45:40 --- Trajectory --- 
2026-05-12 23:45:40 Prog : URUS_PA2_R31_Plastic Skid: 22 Paint : 116.
2026-05-12 23:45:40 ------------------ 
2026-05-12 23:55:55 --- Trajectory --- 
2026-05-12 23:55:55 Prog : URUS_PA2_BC2_R31_EXT_2026 Skid: 223 Paint : 511.
2026-05-12 23:55:55 ------------------ 
2026-05-13 00:01:01 --- Trajectory --- 
2026-05-13 00:01:01 Prog : URUS_PA2_BC2_R31_EXT_2026 Skid: 52 Paint : 546.
2026-05-13 00:01:01 ------------------ 
2026-05-13 00:01:05  Vol : URUS_PA2_BC2_R31_EXT_2026 Skid: 218 Calcul Vol : 579 Color: 12.
2026-05-13 00:01:05  ---------------------------
2026-05-13 00:07:33 --- Trajectory --- 
2026-05-13 00:07:33 Prog : HURACAN_BC2_R31_Plastic Skid: 157 Paint : 178.
2026-05-13 00:07:33 ------------------ 
2026-05-13 00:12:54  Default Volume : TEM_bc2_r31_int Skid: 244.
2026-05-13 00:12:55  Vol : TEM_bc2_r31_int Skid: 244 Calcul Vol : 600 Color: 20.
2026-05-13 00:12:55  ---------------------------
2026-05-13 00:13:00  Default Volume : tem_bc2_r31_ext_new Skid: 244.
2026-05-13 00:13:02  Vol : tem_bc2_r31_ext_new Skid: 244 Calcul Vol : 600 Color: 20.
2026-05-13 00:13:02  ---------------------------
2026-05-13 00:24:27 --- Trajectory --- 
2026-05-13 00:24:27 Prog : URUS_PA2_BC2_R31_EXT_2026 Skid: 218 Paint : 563.
2026-05-13 00:24:27 ------------------ 
2026-05-13 00:37:19 --- Trajectory INT --- 
2026-05-13 00:37:19  HURACAN_BC2_R31_INT " Skid: 244 Paint : 0.
2026-05-13 00:37:19 --- --- 
2026-05-13 00:37:21 --- Trajectory --- 
2026-05-13 00:37:21 Prog : TEM_bc2_r31_int Skid: 244 Paint : 17.
2026-05-13 00:37:21 ------------------ 
2026-05-13 00:39:44 --- Trajectory --- 
2026-05-13 00:39:44 Prog : tem_bc2_r31_ext_new Skid: 244 Paint : 193.
2026-05-13 00:39:44 ------------------ 
2026-05-13 00:48:34  Default Volume : TEM_bc2_r31_int Skid: 221.
2026-05-13 00:48:35  Vol : TEM_bc2_r31_int Skid: 221 Calcul Vol : 600 Color: 85.
2026-05-13 00:48:35  ---------------------------
2026-05-13 00:48:40  Default Volume : tem_bc2_r31_ext_new Skid: 221.
2026-05-13 00:48:42  Vol : tem_bc2_r31_ext_new Skid: 221 Calcul Vol : 600 Color: 85.
2026-05-13 00:48:42  ---------------------------
2026-05-13 01:07:39  Vol : URUS_PA2_BC2_R31_EXT_2026 Skid: 144 Calcul Vol : 445 Color: 55.
2026-05-13 01:07:39  ---------------------------
2026-05-13 01:14:16 --- Trajectory INT --- 
2026-05-13 01:14:16  HURACAN_BC2_R31_INT " Skid: 221 Paint : 0.
2026-05-13 01:14:16 --- --- 
2026-05-13 01:14:19 --- Trajectory --- 
2026-05-13 01:14:19 Prog : TEM_bc2_r31_int Skid: 221 Paint : 24.
2026-05-13 01:14:19 ------------------ 
2026-05-13 01:16:41 --- Trajectory --- 
2026-05-13 01:16:41 Prog : tem_bc2_r31_ext_new Skid: 221 Paint : 270.
2026-05-13 01:16:41 ------------------ 
2026-05-13 01:52:00 --- Trajectory --- 
2026-05-13 01:52:00 Prog : URUS_PA2_BC2_R31_EXT_2026 Skid: 144 Paint : 205.
2026-05-13 01:52:00 ------------------ 
2026-05-13 02:13:11  Vol : URUS_PA2_R31_Plastic Skid: 36 Calcul Vol : 143 Color: 35.
2026-05-13 02:13:11  ---------------------------
2026-05-13 02:44:49 --- Trajectory --- 
2026-05-13 02:44:49 Prog : URUS_PA2_R31_Plastic Skid: 36 Paint : 136.
2026-05-13 02:44:49 ------------------ 
2026-05-13 03:06:29  Vol : URUS_PA2_BC2_R31_EXT_2026 Skid: 150 Calcul Vol : 503 Color: 62.
2026-05-13 03:06:29  ---------------------------
2026-05-13 03:11:28  Vol : HURACAN_BC2_R31_Plastic Skid: 46 Calcul Vol : 158 Color: 34.
2026-05-13 03:11:28  ---------------------------
2026-05-13 03:15:02  Default Volume : TEM_bc2_r31_int Skid: 33.
2026-05-13 03:15:03  Vol : TEM_bc2_r31_int Skid: 33 Calcul Vol : 600 Color: 34.
2026-05-13 03:15:03  ---------------------------
2026-05-13 03:15:08  Default Volume : tem_bc2_r31_ext_new Skid: 33.
2026-05-13 03:15:10  Vol : tem_bc2_r31_ext_new Skid: 33 Calcul Vol : 600 Color: 34.
2026-05-13 03:15:10  ---------------------------
2026-05-13 03:24:05  Vol : HURACAN_BC2_R31_Plastic Skid: 111 Calcul Vol : 156 Color: 29.
2026-05-13 03:24:05  ---------------------------
2026-05-13 03:30:42 --- Trajectory --- 
2026-05-13 03:30:42 Prog : URUS_PA2_BC2_R31_EXT_2026 Skid: 150 Paint : 438.
2026-05-13 03:30:42 ------------------ 
2026-05-13 03:38:16 --- Trajectory --- 
2026-05-13 03:38:16 Prog : HURACAN_BC2_R31_Plastic Skid: 46 Paint : 116.
2026-05-13 03:38:16 ------------------ 
2026-05-13 03:42:24 --- Trajectory INT --- 
2026-05-13 03:42:24  HURACAN_BC2_R31_INT " Skid: 33 Paint : 0.
2026-05-13 03:42:24 --- --- 
2026-05-13 03:42:27 --- Trajectory --- 
2026-05-13 03:42:27 Prog : TEM_bc2_r31_int Skid: 33 Paint : 17.
2026-05-13 03:42:27 ------------------ 
2026-05-13 03:44:49 --- Trajectory --- 
2026-05-13 03:44:49 Prog : tem_bc2_r31_ext_new Skid: 33 Paint : 217.
2026-05-13 03:44:49 ------------------ 
2026-05-13 03:52:16 --- Trajectory --- 
2026-05-13 03:52:16 Prog : HURACAN_BC2_R31_Plastic Skid: 111 Paint : 115.
2026-05-13 03:52:16 ------------------ 
2026-05-13 03:53:13  Vol : HURACAN_BC2_R31_Plastic Skid: 71 Calcul Vol : 169 Color: 18.
2026-05-13 03:53:13  ---------------------------
2026-05-13 04:01:16  Default Volume : TEM_bc2_r31_int Skid: 63.
2026-05-13 04:01:17  Vol : TEM_bc2_r31_int Skid: 63 Calcul Vol : 600 Color: 27.
2026-05-13 04:01:17  ---------------------------
2026-05-13 04:01:22  Default Volume : tem_bc2_r31_ext_new Skid: 63.
2026-05-13 04:01:24  Vol : tem_bc2_r31_ext_new Skid: 63 Calcul Vol : 600 Color: 27.
2026-05-13 04:01:24  ---------------------------
2026-05-13 04:14:24 --- Trajectory --- 
2026-05-13 04:14:24 Prog : HURACAN_BC2_R31_Plastic Skid: 71 Paint : 128.
2026-05-13 04:14:24 ------------------ 
2026-05-13 04:18:36  Default Volume : TEM_bc2_r31_int Skid: 85.
2026-05-13 04:18:38  Vol : TEM_bc2_r31_int Skid: 85 Calcul Vol : 600 Color: 18.
2026-05-13 04:18:38  ---------------------------
2026-05-13 04:18:43  Default Volume : tem_bc2_r31_ext_new Skid: 85.
2026-05-13 04:18:44  Vol : tem_bc2_r31_ext_new Skid: 85 Calcul Vol : 600 Color: 18.
2026-05-13 04:18:44  ---------------------------
2026-05-13 04:21:55  Vol : URUS_PA2_BC2_R31_EXT_2026 Skid: 210 Calcul Vol : 495 Color: 34.
2026-05-13 04:21:55  ---------------------------
2026-05-13 04:22:45 --- Trajectory --- 
2026-05-13 04:22:45 Prog : TEM_bc2_r31_int Skid: 63 Paint : 0.
2026-05-13 04:22:45 ------------------ 
2026-05-13 04:23:43 --- Trajectory --- 
2026-05-13 04:23:43 Prog : tem_bc2_r31_ext_new Skid: 63 Paint : 0.
2026-05-13 04:23:43 ------------------ 
2026-05-13 04:46:57  Vol : URUS_PA2_R31_Plastic Skid: 2 Calcul Vol : 84 Color: 27.
2026-05-13 04:46:57  ---------------------------
2026-05-13 06:04:02  Vol : URUS_PA2_R31_Plastic Skid: 22 Calcul Vol : 142 Color: 35.
2026-05-13 06:04:02  ---------------------------
2026-05-13 06:06:02 --- Trajectory --- 
2026-05-13 06:06:02 Prog : NOT FOUND Skid: 59 Paint : 0.
2026-05-13 06:06:02 ------------------ 
2026-05-13 06:22:05 --- Trajectory INT --- 
2026-05-13 06:22:05  HURACAN_BC2_R31_INT " Skid: 85 Paint : 0.
2026-05-13 06:22:05 --- --- 
2026-05-13 06:22:07 --- Trajectory --- 
2026-05-13 06:22:07 Prog : TEM_bc2_r31_int Skid: 85 Paint : 17.
2026-05-13 06:22:07 ------------------ 
2026-05-13 06:24:31  Vol : URUS_PA2_BC2_R31_EXT_2026 Skid: 145 Calcul Vol : 576 Color: 11.
2026-05-13 06:24:31  ---------------------------
2026-05-13 06:24:33 --- Trajectory --- 
2026-05-13 06:24:33 Prog : tem_bc2_r31_ext_new Skid: 85 Paint : 197.
2026-05-13 06:24:33 ------------------ 
2026-05-13 06:29:36 --- Trajectory --- 
2026-05-13 06:29:36 Prog : URUS_PA2_BC2_R31_EXT_2026 Skid: 210 Paint : 477.
2026-05-13 06:29:36 ------------------ 
2026-05-13 06:32:25 --- Trajectory --- 
2026-05-13 06:32:25 Prog : URUS_PA2_R31_Plastic Skid: 2 Paint : 82.
2026-05-13 06:32:25 ------------------ 
2026-05-13 06:36:37 --- Trajectory --- 
2026-05-13 06:36:37 Prog : URUS_PA2_R31_Plastic Skid: 22 Paint : 136.
2026-05-13 06:36:37 ------------------ 
2026-05-13 06:39:45  Vol : URUS_PA2_R31_Plastic Skid: 259 Calcul Vol : 206 Color: 85.
2026-05-13 06:39:45  ---------------------------
2026-05-13 06:43:20  Vol : URUS_PA2_BC2_R31_EXT_2026 Skid: 208 Calcul Vol : 534 Color: 85.
2026-05-13 06:43:20  ---------------------------
2026-05-13 06:51:53  Vol : URUS_PA2_BC2_R31_EXT_2026 Skid: 144 Calcul Vol : 516 Color: 56.
2026-05-13 06:51:53  ---------------------------
2026-05-13 06:52:20 --- Trajectory --- 
2026-05-13 06:52:20 Prog : URUS_PA2_BC2_R31_EXT_2026 Skid: 145 Paint : 559.
2026-05-13 06:52:20 ------------------ 
2026-05-13 07:02:32 --- Trajectory --- 
2026-05-13 07:02:32 Prog : URUS_PA2_R31_Plastic Skid: 259 Paint : 199.
2026-05-13 07:02:32 ------------------ 
2026-05-13 07:05:52  Vol : URUS_PA2_BC2_R31_EXT_2026 Skid: 74 Calcul Vol : 756 Color: 27.
2026-05-13 07:05:52  ---------------------------
2026-05-13 07:07:11 --- Trajectory --- 
2026-05-13 07:07:11 Prog : URUS_PA2_BC2_R31_EXT_2026 Skid: 208 Paint : 527.
2026-05-13 07:07:11 ------------------ 
2026-05-13 07:12:03  Vol : HURACAN_BC2_R31_Plastic Skid: 110 Calcul Vol : 225 Color: 62.
2026-05-13 07:12:03  ---------------------------
2026-05-13 07:14:29 --- Trajectory --- 
2026-05-13 07:14:29 Prog : URUS_PA2_BC2_R31_EXT_2026 Skid: 144 Paint : 133.
2026-05-13 07:14:29 ------------------ 
2026-05-13 07:16:33  Default Volume : TEM_bc2_r31_int Skid: 220.
2026-05-13 07:16:35  Vol : TEM_bc2_r31_int Skid: 220 Calcul Vol : 600 Color: 62.
2026-05-13 07:16:35  ---------------------------
2026-05-13 07:16:40  Default Volume : tem_bc2_r31_ext_new Skid: 220.
2026-05-13 07:16:42  Vol : tem_bc2_r31_ext_new Skid: 220 Calcul Vol : 600 Color: 62.
2026-05-13 07:16:42  ---------------------------
2026-05-13 07:32:17 --- Trajectory --- 
2026-05-13 07:32:17 Prog : URUS_PA2_BC2_R31_EXT_2026 Skid: 74 Paint : 741.
2026-05-13 07:32:17 ------------------ 
2026-05-13 07:34:43 --- Trajectory --- 
2026-05-13 07:34:43 Prog : HURACAN_BC2_R31_Plastic Skid: 110 Paint : 157.
2026-05-13 07:34:43 ------------------ 
2026-05-13 07:59:14 --- Trajectory INT --- 
2026-05-13 07:59:14  HURACAN_BC2_R31_INT " Skid: 220 Paint : 0.
2026-05-13 07:59:14 --- --- 
2026-05-13 07:59:17 --- Trajectory --- 
2026-05-13 07:59:17 Prog : TEM_bc2_r31_int Skid: 220 Paint : 38.
2026-05-13 07:59:17 ------------------ 
2026-05-13 08:01:40 --- Trajectory --- 
2026-05-13 08:01:40 Prog : tem_bc2_r31_ext_new Skid: 220 Paint : 403.
2026-05-13 08:01:40 ------------------ 
2026-05-13 08:18:38  Vol : URUS_PA2_R31_Plastic Skid: 102 Calcul Vol : 98 Color: 29.
2026-05-13 08:18:38  ---------------------------
2026-05-13 08:30:07  Vol : HURACAN_BC2_R31_Plastic Skid: 236 Calcul Vol : 169 Color: 18.
2026-05-13 08:30:07  ---------------------------
2026-05-13 08:33:01  Default Volume : TEM_bc2_r31_int Skid: 152.
2026-05-13 08:33:03  Vol : TEM_bc2_r31_int Skid: 152 Calcul Vol : 600 Color: 18.
2026-05-13 08:33:03  ---------------------------
2026-05-13 08:33:08  Default Volume : tem_bc2_r31_ext_new Skid: 152.
2026-05-13 08:33:09  Vol : tem_bc2_r31_ext_new Skid: 152 Calcul Vol : 600 Color: 18.
2026-05-13 08:33:09  ---------------------------
2026-05-13 08:39:50 --- Trajectory --- 
2026-05-13 08:39:50 Prog : URUS_PA2_R31_Plastic Skid: 102 Paint : 94.
2026-05-13 08:39:50 ------------------ 
2026-05-13 08:51:07 --- Trajectory --- 
2026-05-13 08:51:07 Prog : HURACAN_BC2_R31_Plastic Skid: 236 Paint : 128.
2026-05-13 08:51:07 ------------------ 
2026-05-13 08:55:15 --- Trajectory INT --- 
2026-05-13 08:55:15  HURACAN_BC2_R31_INT " Skid: 152 Paint : 0.
2026-05-13 08:55:15 --- --- 
2026-05-13 08:55:17 --- Trajectory --- 
2026-05-13 08:55:17 Prog : TEM_bc2_r31_int Skid: 152 Paint : 17.
2026-05-13 08:55:17 ------------------ 
2026-05-13 08:57:41 --- Trajectory --- 
2026-05-13 08:57:41 Prog : tem_bc2_r31_ext_new Skid: 152 Paint : 197.
2026-05-13 08:57:41 ------------------ 
2026-05-13 08:58:31  Vol : HURACAN_BC2_R31_Plastic Skid: 46 Calcul Vol : 229 Color: 35.
2026-05-13 08:58:31  ---------------------------
2026-05-13 09:01:59  Default Volume : TEM_bc2_r31_int Skid: 33.
2026-05-13 09:02:00  Vol : TEM_bc2_r31_int Skid: 33 Calcul Vol : 600 Color: 35.
2026-05-13 09:02:00  ---------------------------
2026-05-13 09:02:06  Default Volume : tem_bc2_r31_ext_new Skid: 33.
2026-05-13 09:02:07  Vol : tem_bc2_r31_ext_new Skid: 33 Calcul Vol : 600 Color: 35.
2026-05-13 09:02:07  ---------------------------
2026-05-13 09:20:31 --- Trajectory --- 
2026-05-13 09:20:31 Prog : HURACAN_BC2_R31_Plastic Skid: 46 Paint : 178.
2026-05-13 09:20:31 ------------------ 
2026-05-13 09:24:26 --- Trajectory INT --- 
2026-05-13 09:24:26  HURACAN_BC2_R31_INT " Skid: 33 Paint : 0.
2026-05-13 09:24:26 --- --- 
2026-05-13 09:24:28 --- Trajectory --- 
2026-05-13 09:24:28 Prog : TEM_bc2_r31_int Skid: 33 Paint : 22.
2026-05-13 09:24:28 ------------------ 
2026-05-13 09:26:52 --- Trajectory --- 
2026-05-13 09:26:52 Prog : tem_bc2_r31_ext_new Skid: 33 Paint : 277.
2026-05-13 09:26:52 ------------------ 
2026-05-13 09:29:31  Vol : URUS_PA2_BC2_R31_EXT_2026 Skid: 210 Calcul Vol : 546 Color: 35.
2026-05-13 09:29:31  ---------------------------
2026-05-13 09:39:32  Vol : HURACAN_BC2_R31_Plastic Skid: 157 Calcul Vol : 269 Color: 68.
2026-05-13 09:39:32  ---------------------------
2026-05-13 09:43:06  Default Volume : TEM_bc2_r31_int Skid: 158.
2026-05-13 09:43:07  Vol : TEM_bc2_r31_int Skid: 158 Calcul Vol : 600 Color: 68.
2026-05-13 09:43:07  ---------------------------
2026-05-13 09:43:12  Default Volume : tem_bc2_r31_ext_new Skid: 158.
2026-05-13 09:43:14  Vol : tem_bc2_r31_ext_new Skid: 158 Calcul Vol : 600 Color: 68.
2026-05-13 09:43:14  ---------------------------
2026-05-13 09:43:33 --- Trajectory --- 
2026-05-13 09:43:33 Prog : tem_bc2_r31_ext_new Skid: 33 Paint : 0.
2026-05-13 09:43:33 ------------------ 
2026-05-13 09:48:09 --- Trajectory --- 
2026-05-13 09:48:09 Prog : tem_bc2_r31_ext_new Skid: 33 Paint : 0.
2026-05-13 09:48:09 ------------------ 
2026-05-13 09:52:28 --- Trajectory --- 
2026-05-13 09:52:28 Prog : tem_bc2_r31_ext_new Skid: 33 Paint : 0.
2026-05-13 09:52:28 ------------------ 
2026-05-13 09:55:14 --- Trajectory --- 
2026-05-13 09:55:14 Prog : tem_bc2_r31_ext_new Skid: 33 Paint : 0.
2026-05-13 09:55:14 ------------------ 
2026-05-13 09:58:52 --- Trajectory --- 
2026-05-13 09:58:52 Prog : tem_bc2_r31_ext_new Skid: 33 Paint : 0.
2026-05-13 09:58:52 ------------------ 
2026-05-13 10:05:33 --- Trajectory --- 
2026-05-13 10:05:33 Prog : URUS_PA2_BC2_R31_EXT_2026 Skid: 210 Paint : 528.
2026-05-13 10:05:33 ------------------ 
2026-05-13 10:08:40 --- Trajectory --- 
2026-05-13 10:08:40 Prog : HURACAN_BC2_R31_Plastic Skid: 157 Paint : 207.
2026-05-13 10:08:40 ------------------ 
2026-05-13 10:12:07 --- Trajectory INT --- 
2026-05-13 10:12:07  HURACAN_BC2_R31_INT " Skid: 158 Paint : 0.
2026-05-13 10:12:07 --- --- 
2026-05-13 10:12:09 --- Trajectory --- 
2026-05-13 10:12:09 Prog : TEM_bc2_r31_int Skid: 158 Paint : 28.
2026-05-13 10:12:09 ------------------ 
2026-05-13 10:14:32 --- Trajectory --- 
2026-05-13 10:14:32 Prog : tem_bc2_r31_ext_new Skid: 158 Paint : 366.
2026-05-13 10:14:33 ------------------ 
2026-05-13 10:37:18  Vol : HURACAN_BC2_R31_Plastic Skid: 200 Calcul Vol : 157 Color: 29.
2026-05-13 10:37:18  ---------------------------
2026-05-13 10:40:48  Default Volume : TEM_bc2_r31_int Skid: 167.
2026-05-13 10:40:50  Vol : TEM_bc2_r31_int Skid: 167 Calcul Vol : 600 Color: 29.
2026-05-13 10:40:50  ---------------------------
2026-05-13 10:40:55  Default Volume : tem_bc2_r31_ext_new Skid: 167.
2026-05-13 10:40:56  Vol : tem_bc2_r31_ext_new Skid: 167 Calcul Vol : 600 Color: 29.
2026-05-13 10:40:56  ---------------------------
2026-05-13 10:51:19  Default Volume : TEM_bc2_r31_int Skid: 216.
2026-05-13 10:51:20  Vol : TEM_bc2_r31_int Skid: 216 Calcul Vol : 600 Color: 62.
2026-05-13 10:51:20  ---------------------------
2026-05-13 10:51:25  Default Volume : tem_bc2_r31_ext_new Skid: 216.
2026-05-13 10:51:27  Vol : tem_bc2_r31_ext_new Skid: 216 Calcul Vol : 600 Color: 62.
2026-05-13 10:51:27  ---------------------------
2026-05-13 10:56:32 --- Trajectory --- 
2026-05-13 10:56:32 Prog : HURACAN_BC2_R31_Plastic Skid: 200 Paint : 115.
2026-05-13 10:56:32 ------------------ 
2026-05-13 11:04:12 --- Trajectory INT --- 
2026-05-13 11:04:12  HURACAN_BC2_R31_INT " Skid: 167 Paint : 0.
2026-05-13 11:04:12 --- --- 
2026-05-13 11:04:14 --- Trajectory --- 
2026-05-13 11:04:14 Prog : TEM_bc2_r31_int Skid: 167 Paint : 17.
2026-05-13 11:04:14 ------------------ 
2026-05-13 11:06:38 --- Trajectory --- 
2026-05-13 11:06:38 Prog : tem_bc2_r31_ext_new Skid: 167 Paint : 207.
2026-05-13 11:06:38 ------------------ 
2026-05-13 11:07:54  Vol : URUS_PA2_BC2_R31_EXT_2026 Skid: 37 Calcul Vol : 514 Color: 9.
2026-05-13 11:07:54  ---------------------------
2026-05-13 11:10:30 --- Trajectory --- 
2026-05-13 11:10:30 Prog : TEM_bc2_r31_int Skid: 216 Paint : 0.
2026-05-13 11:10:30 ------------------ 
2026-05-13 11:11:30 --- Trajectory --- 
2026-05-13 11:11:30 Prog : tem_bc2_r31_ext_new Skid: 216 Paint : 86.
2026-05-13 11:11:30 ------------------ 
2026-05-13 11:29:58  Vol : URUS_PA2_R31_Plastic Skid: 67 Calcul Vol : 122 Color: 20.
2026-05-13 11:29:58  ---------------------------
2026-05-13 11:44:24 --- Trajectory --- 
2026-05-13 11:44:24 Prog : URUS_PA2_BC2_R31_EXT_2026 Skid: 37 Paint : 496.
2026-05-13 11:44:24 ------------------ 
2026-05-13 11:51:25  Vol : URUS_PA2_BC2_R31_EXT_2026 Skid: 82 Calcul Vol : 418 Color: 20.
2026-05-13 11:51:25  ---------------------------
2026-05-13 12:00:48 --- Trajectory --- 
2026-05-13 12:00:48 Prog : URUS_PA2_R31_Plastic Skid: 67 Paint : 116.
2026-05-13 12:00:48 ------------------ 
2026-05-13 12:19:47 --- Trajectory --- 
2026-05-13 12:19:47 Prog : URUS_PA2_BC2_R31_EXT_2026 Skid: 82 Paint : 399.
2026-05-13 12:19:47 ------------------ 
2026-05-13 12:39:37  Vol : URUS_PA2_R31_Plastic Skid: 42 Calcul Vol : 94 Color: 106.
2026-05-13 12:39:37  ---------------------------
2026-05-13 12:43:18  Vol : URUS_PA2_BC2_R31_EXT_2026 Skid: 122 Calcul Vol : 605 Color: 106.
2026-05-13 12:43:18  ---------------------------
2026-05-13 12:58:46  Vol : URUS_PA2_R31_Plastic Skid: 42 Calcul Vol : 94 Color: 106.
2026-05-13 12:58:46  ---------------------------
2026-05-13 13:03:36  Vol : URUS_PA2_BC2_R31_EXT_2026 Skid: 122 Calcul Vol : 605 Color: 106.
2026-05-13 13:03:36  ---------------------------
2026-05-13 13:23:13  Vol : URUS_PA2_BC2_R31_EXT_2026 Skid: 206 Calcul Vol : 399 Color: 29.
2026-05-13 13:23:13  ---------------------------
2026-05-13 13:25:24 --- Trajectory --- 
2026-05-13 13:25:24 Prog : URUS_PA2_R31_Plastic Skid: 42 Paint : 94.
2026-05-13 13:25:24 ------------------ 
2026-05-13 13:32:39 --- Trajectory --- 
2026-05-13 13:32:39 Prog : URUS_PA2_BC2_R31_EXT_2026 Skid: 122 Paint : 614.
2026-05-13 13:32:39 ------------------ 
2026-05-13 14:12:10 --- Trajectory --- 
2026-05-13 14:12:10 Prog : URUS_PA2_BC2_R31_EXT_2026 Skid: 206 Paint : 379.
2026-05-13 14:12:10 ------------------ 
2026-05-13 14:50:34  Vol : URUS_PA2_BC2_R31_EXT_2026 Skid: 105 Calcul Vol : 624 Color: 13.
2026-05-13 14:50:34  ---------------------------
2026-05-13 15:19:12  Vol : URUS_PA2_BC2_R31_EXT_2026 Skid: 126 Calcul Vol : 418 Color: 20.
2026-05-13 15:19:12  ---------------------------
2026-05-13 15:21:19 --- Trajectory --- 
2026-05-13 15:21:19 Prog : URUS_PA2_BC2_R31_EXT_2026 Skid: 105 Paint : 568.
2026-05-13 15:21:19 ------------------ 
2026-05-13 15:27:39  Vol : HURACAN_BC2_R31_Plastic Skid: 157 Calcul Vol : 183 Color: 69.
2026-05-13 15:27:39  ---------------------------
2026-05-13 15:33:38  Default Volume : TEM_bc2_r31_int Skid: 158.
2026-05-13 15:33:39  Vol : TEM_bc2_r31_int Skid: 158 Calcul Vol : 600 Color: 69.
2026-05-13 15:33:39  ---------------------------
2026-05-13 15:33:44  Default Volume : tem_bc2_r31_ext_new Skid: 158.
2026-05-13 15:33:46  Vol : tem_bc2_r31_ext_new Skid: 158 Calcul Vol : 600 Color: 69.
2026-05-13 15:33:46  ---------------------------
2026-05-13 15:46:06 --- Trajectory --- 
2026-05-13 15:46:06 Prog : URUS_PA2_BC2_R31_EXT_2026 Skid: 126 Paint : 399.
2026-05-13 15:46:06 ------------------ 
2026-05-13 15:52:51 --- Trajectory --- 
2026-05-13 15:52:51 Prog : HURACAN_BC2_R31_Plastic Skid: 157 Paint : 143.
2026-05-13 15:52:51 ------------------ 
2026-05-13 15:57:45 --- Trajectory INT --- 
2026-05-13 15:57:45  HURACAN_BC2_R31_INT " Skid: 158 Paint : 0.
2026-05-13 15:57:45 --- --- 
2026-05-13 15:57:48 --- Trajectory --- 
2026-05-13 15:57:48 Prog : TEM_bc2_r31_int Skid: 158 Paint : 26.
2026-05-13 15:57:48 ------------------ 
2026-05-13 16:00:11 --- Trajectory --- 
2026-05-13 16:00:11 Prog : tem_bc2_r31_ext_new Skid: 158 Paint : 278.
2026-05-13 16:00:11 ------------------ 
2026-05-13 16:09:03  Vol : URUS_PA2_R31_Plastic Skid: 201 Calcul Vol : 92 Color: 62.
2026-05-13 16:09:03  ---------------------------
2026-05-13 16:13:53  Vol : HURACAN_BC2_R31_Plastic Skid: 45 Calcul Vol : 235 Color: 145.
2026-05-13 16:13:53  ---------------------------
2026-05-13 16:31:34 --- Trajectory --- 
2026-05-13 16:31:34 Prog : URUS_PA2_R31_Plastic Skid: 201 Paint : 89.
2026-05-13 16:31:34 ------------------ 
2026-05-13 16:38:41 --- Trajectory --- 
2026-05-13 16:38:41 Prog : HURACAN_BC2_R31_Plastic Skid: 45 Paint : 178.
2026-05-13 16:38:41 ------------------ 
2026-05-13 17:04:49  Vol : URUS_PA2_R31_Plastic Skid: 192 Calcul Vol : 125 Color: 145.
2026-05-13 17:04:49  ---------------------------
2026-05-13 17:11:16  Vol : URUS_PA2_BC2_R31_EXT_2026 Skid: 56 Calcul Vol : 560 Color: 145.
2026-05-13 17:11:16  ---------------------------
2026-05-13 17:28:25 --- Trajectory --- 
2026-05-13 17:28:25 Prog : URUS_PA2_R31_Plastic Skid: 192 Paint : 123.
2026-05-13 17:28:25 ------------------ 
2026-05-13 17:33:04  Default Volume : TEM_bc2_r31_int Skid: 204.
2026-05-13 17:33:05  Vol : TEM_bc2_r31_int Skid: 204 Calcul Vol : 600 Color: 145.
2026-05-13 17:33:05  ---------------------------
2026-05-13 17:33:10  Default Volume : tem_bc2_r31_ext_new Skid: 204.
2026-05-13 17:33:12  Vol : tem_bc2_r31_ext_new Skid: 204 Calcul Vol : 600 Color: 145.
2026-05-13 17:33:12  ---------------------------
2026-05-13 17:35:39 --- Trajectory --- 
2026-05-13 17:35:39 Prog : URUS_PA2_BC2_R31_EXT_2026 Skid: 56 Paint : 497.
2026-05-13 17:35:39 ------------------ 
2026-05-13 18:15:48 --- Trajectory INT --- 
2026-05-13 18:15:48  HURACAN_BC2_R31_INT " Skid: 204 Paint : 0.
2026-05-13 18:15:48 --- --- 
2026-05-13 18:15:51 --- Trajectory --- 
2026-05-13 18:15:51 Prog : TEM_bc2_r31_int Skid: 204 Paint : 22.
2026-05-13 18:15:51 ------------------ 
2026-05-13 18:18:14 --- Trajectory --- 
2026-05-13 18:18:14 Prog : tem_bc2_r31_ext_new Skid: 204 Paint : 313.
2026-05-13 18:18:14 ------------------ 
2026-05-13 18:36:06  Default Volume : TEM_bc2_r31_int Skid: 233.
2026-05-13 18:36:07  Vol : TEM_bc2_r31_int Skid: 233 Calcul Vol : 600 Color: 20.
2026-05-13 18:36:07  ---------------------------
2026-05-13 18:36:12  Default Volume : tem_bc2_r31_ext_new Skid: 233.
2026-05-13 18:36:14  Vol : tem_bc2_r31_ext_new Skid: 233 Calcul Vol : 600 Color: 20.
2026-05-13 18:36:14  ---------------------------
2026-05-13 19:00:32 --- Trajectory INT --- 
2026-05-13 19:00:32  HURACAN_BC2_R31_INT " Skid: 233 Paint : 0.
2026-05-13 19:00:32 --- --- 
2026-05-13 19:00:34 --- Trajectory --- 
2026-05-13 19:00:34 Prog : TEM_bc2_r31_int Skid: 233 Paint : 17.
2026-05-13 19:00:34 ------------------ 
2026-05-13 19:02:58 --- Trajectory --- 
2026-05-13 19:02:58 Prog : tem_bc2_r31_ext_new Skid: 233 Paint : 193.
2026-05-13 19:02:58 ------------------ 
2026-05-13 19:23:40  Default Volume : TEM_bc2_r31_int Skid: 168.
2026-05-13 19:23:42  Vol : TEM_bc2_r31_int Skid: 168 Calcul Vol : 600 Color: 53.
2026-05-13 19:23:42  ---------------------------
2026-05-13 19:23:47  Default Volume : tem_bc2_r31_ext_new Skid: 168.
2026-05-13 19:23:48  Vol : tem_bc2_r31_ext_new Skid: 168 Calcul Vol : 600 Color: 53.
2026-05-13 19:23:48  ---------------------------
2026-05-13 19:28:45  Vol : HURACAN_BC2_R31_Plastic Skid: 164 Calcul Vol : 213 Color: 53.
2026-05-13 19:28:45  ---------------------------
2026-05-13 19:46:40 --- Trajectory INT --- 
2026-05-13 19:46:40  HURACAN_BC2_R31_INT " Skid: 168 Paint : 0.
2026-05-13 19:46:40 --- --- 
2026-05-13 19:46:42 --- Trajectory --- 
2026-05-13 19:46:42 Prog : TEM_bc2_r31_int Skid: 168 Paint : 22.
2026-05-13 19:46:42 ------------------ 
2026-05-13 19:49:06 --- Trajectory --- 
2026-05-13 19:49:06 Prog : tem_bc2_r31_ext_new Skid: 168 Paint : 254.
2026-05-13 19:49:06 ------------------ 
2026-05-13 19:52:06 --- Trajectory --- 
2026-05-13 19:52:06 Prog : HURACAN_BC2_R31_Plastic Skid: 164 Paint : 166.
2026-05-13 19:52:06 ------------------ 
2026-05-13 19:55:53  Vol : URUS_PA2_R31_Plastic Skid: 240 Calcul Vol : 208 Color: 55.
2026-05-13 19:55:53  ---------------------------
2026-05-13 19:59:58  Vol : URUS_PA2_BC2_R31_EXT_2026 Skid: 49 Calcul Vol : 448 Color: 55.
2026-05-13 19:59:58  ---------------------------
2026-05-13 20:15:20  Vol : URUS_PA2_BC2_R31_EXT_2026 Skid: 150 Calcul Vol : 460 Color: 10.
2026-05-13 20:15:20  ---------------------------
2026-05-13 20:23:22 --- Trajectory --- 
2026-05-13 20:23:22 Prog : URUS_PA2_R31_Plastic Skid: 240 Paint : 203.
2026-05-13 20:23:22 ------------------ 
2026-05-13 20:28:19  Default Volume : TEM_bc2_r31_int Skid: 158.
2026-05-13 20:28:20  Vol : TEM_bc2_r31_int Skid: 158 Calcul Vol : 600 Color: 68.
2026-05-13 20:28:20  ---------------------------
2026-05-13 20:28:25  Default Volume : tem_bc2_r31_ext_new Skid: 158.
2026-05-13 20:28:27  Vol : tem_bc2_r31_ext_new Skid: 158 Calcul Vol : 600 Color: 68.
2026-05-13 20:28:27  ---------------------------
2026-05-13 20:32:50 --- Trajectory --- 
2026-05-13 20:32:50 Prog : URUS_PA2_BC2_R31_EXT_2026 Skid: 49 Paint : 429.
2026-05-13 20:32:50 ------------------ 
2026-05-13 20:40:34  Vol : URUS_PA2_R31_Plastic Skid: 169 Calcul Vol : 59 Color: 67.
2026-05-13 20:40:34  ---------------------------
2026-05-13 20:53:24 --- Trajectory --- 
2026-05-13 20:53:24 Prog : URUS_PA2_BC2_R31_EXT_2026 Skid: 150 Paint : 441.
2026-05-13 20:53:24 ------------------ 
2026-05-13 20:54:58  Vol : HURACAN_BC2_R31_Plastic Skid: 110 Calcul Vol : 255 Color: 11.
2026-05-13 20:54:58  ---------------------------
2026-05-13 20:57:49  Default Volume : TEM_bc2_r31_int Skid: 96.
2026-05-13 20:57:50  Vol : TEM_bc2_r31_int Skid: 96 Calcul Vol : 600 Color: 11.
2026-05-13 20:57:50  ---------------------------
2026-05-13 20:57:56  Default Volume : tem_bc2_r31_ext_new Skid: 96.
2026-05-13 20:57:57  Vol : tem_bc2_r31_ext_new Skid: 96 Calcul Vol : 600 Color: 11.
2026-05-13 20:57:57  ---------------------------
2026-05-13 21:02:05  Vol : URUS_PA2_R31_Plastic Skid: 197 Calcul Vol : 111 Color: 20.
2026-05-13 21:02:05  ---------------------------
2026-05-13 21:04:56 --- Trajectory INT --- 
2026-05-13 21:04:56  HURACAN_BC2_R31_INT " Skid: 158 Paint : 0.
2026-05-13 21:04:56 --- --- 
2026-05-13 21:04:58 --- Trajectory --- 
2026-05-13 21:04:58 Prog : TEM_bc2_r31_int Skid: 158 Paint : 28.
2026-05-13 21:04:58 ------------------ 
2026-05-13 21:07:21 --- Trajectory --- 
2026-05-13 21:07:21 Prog : tem_bc2_r31_ext_new Skid: 158 Paint : 366.
2026-05-13 21:07:21 ------------------ 
2026-05-13 21:10:29  Vol : URUS_PA2_BC2_R31_EXT_2026 Skid: 133 Calcul Vol : 418 Color: 20.
2026-05-13 21:10:29  ---------------------------
2026-05-13 21:10:35 --- Trajectory --- 
2026-05-13 21:10:35 Prog : URUS_PA2_R31_Plastic Skid: 169 Paint : 56.
2026-05-13 21:10:35 ------------------ 
2026-05-13 21:19:22 --- Trajectory --- 
2026-05-13 21:19:22 Prog : HURACAN_BC2_R31_Plastic Skid: 110 Paint : 198.
2026-05-13 21:19:22 ------------------ 
2026-05-13 21:25:37 --- Trajectory INT --- 
2026-05-13 21:25:37  HURACAN_BC2_R31_INT " Skid: 96 Paint : 0.
2026-05-13 21:25:37 --- --- 
2026-05-13 21:25:40 --- Trajectory --- 
2026-05-13 21:25:40 Prog : TEM_bc2_r31_int Skid: 96 Paint : 17.
2026-05-13 21:25:40 ------------------ 
2026-05-13 21:28:03 --- Trajectory --- 
2026-05-13 21:28:03 Prog : tem_bc2_r31_ext_new Skid: 96 Paint : 327.
2026-05-13 21:28:03 ------------------ 
2026-05-13 21:31:27 --- Trajectory --- 
2026-05-13 21:31:27 Prog : URUS_PA2_R31_Plastic Skid: 197 Paint : 106.
2026-05-13 21:31:27 ------------------ 
2026-05-13 21:31:40  Vol : URUS_PA2_R31_Plastic Skid: 253 Calcul Vol : 110 Color: 53.
2026-05-13 21:31:40  ---------------------------
2026-05-13 21:37:21 --- Trajectory --- 
2026-05-13 21:37:21 Prog : URUS_PA2_BC2_R31_EXT_2026 Skid: 133 Paint : 399.
2026-05-13 21:37:21 ------------------ 
2026-05-13 21:50:52 --- Trajectory --- 
2026-05-13 21:50:52 Prog : URUS_PA2_R31_Plastic Skid: 253 Paint : 104.
2026-05-13 21:50:52 ------------------ 
2026-05-13 22:03:38  Vol : URUS_PA2_R31_Plastic Skid: 101 Calcul Vol : 13 Color: 68.
2026-05-13 22:03:38  ---------------------------
2026-05-13 22:08:21  Default Volume : TEM_bc2_r31_int Skid: 160.
2026-05-13 22:08:23  Vol : TEM_bc2_r31_int Skid: 160 Calcul Vol : 600 Color: 9.
2026-05-13 22:08:23  ---------------------------
2026-05-13 22:08:28  Default Volume : HURACAN_SP_EXT_BC2_R31 Skid: 160.
2026-05-13 22:08:29  Vol : HURACAN_SP_EXT_BC2_R31 Skid: 160 Calcul Vol : 600 Color: 9.
2026-05-13 22:08:29  ---------------------------
2026-05-13 22:12:01  Vol : HURACAN_BC2_R31_Plastic Skid: 46 Calcul Vol : 245 Color: 25.
2026-05-13 22:12:01  ---------------------------
2026-05-13 22:14:58  Default Volume : TEM_bc2_r31_int Skid: 223.
2026-05-13 22:15:00  Vol : TEM_bc2_r31_int Skid: 223 Calcul Vol : 600 Color: 25.
2026-05-13 22:15:00  ---------------------------
2026-05-13 22:15:05  Default Volume : tem_bc2_r31_ext_new Skid: 223.
2026-05-13 22:15:06  Vol : tem_bc2_r31_ext_new Skid: 223 Calcul Vol : 600 Color: 25.
2026-05-13 22:15:06  ---------------------------
2026-05-13 22:45:24 --- Trajectory --- 
2026-05-13 22:45:24 Prog : URUS_PA2_R31_Plastic Skid: 101 Paint : 11.
2026-05-13 22:45:24 ------------------ 
2026-05-13 22:45:51  Vol : URUS_PA2_BC2_R31_EXT_2026 Skid: 245 Calcul Vol : 571 Color: 11.
2026-05-13 22:45:51  ---------------------------
2026-05-13 22:54:24  Default Volume : TEM_bc2_r31_int Skid: 207.
2026-05-13 22:54:25  Vol : TEM_bc2_r31_int Skid: 207 Calcul Vol : 600 Color: 16.
2026-05-13 22:54:25  ---------------------------
2026-05-13 22:54:31  Default Volume : tem_bc2_r31_ext_new Skid: 207.
2026-05-13 22:54:32  Vol : tem_bc2_r31_ext_new Skid: 207 Calcul Vol : 600 Color: 16.
2026-05-13 22:54:32  ---------------------------
2026-05-13 23:16:18 --- Trajectory --- 
2026-05-13 23:16:18 Prog : HURACAN_BC2_R31_Plastic Skid: 46 Paint : 186.
2026-05-13 23:16:18 ------------------ 
2026-05-13 23:18:54 --- Trajectory INT --- 
2026-05-13 23:18:54  HURACAN_BC2_R31_INT " Skid: 223 Paint : 0.
2026-05-13 23:18:54 --- --- 
2026-05-13 23:18:56 --- Trajectory --- 
2026-05-13 23:18:56 Prog : TEM_bc2_r31_int Skid: 223 Paint : 13.
2026-05-13 23:18:56 ------------------ 
2026-05-13 23:21:20 --- Trajectory --- 
2026-05-13 23:21:20 Prog : tem_bc2_r31_ext_new Skid: 223 Paint : 437.
2026-05-13 23:21:20 ------------------ 
2026-05-13 23:31:54  Vol : URUS_PA2_BC2_R31_EXT_2026 Skid: 56 Calcul Vol : 561 Color: 146.
2026-05-13 23:31:54  ---------------------------
2026-05-13 23:35:22 --- Trajectory --- 
2026-05-13 23:35:22 Prog : URUS_PA2_BC2_R31_EXT_2026 Skid: 245 Paint : 511.
2026-05-13 23:35:22 ------------------ 
2026-05-13 23:43:58  Default Volume : TEM_bc2_r31_int Skid: 207.
2026-05-13 23:44:00  Vol : TEM_bc2_r31_int Skid: 207 Calcul Vol : 600 Color: 16.
2026-05-13 23:44:00  ---------------------------
2026-05-13 23:44:05  Default Volume : tem_bc2_r31_ext_new Skid: 207.
2026-05-13 23:44:06  Vol : tem_bc2_r31_ext_new Skid: 207 Calcul Vol : 600 Color: 16.
2026-05-13 23:44:06  ---------------------------
2026-05-13 23:50:15  Vol : URUS_PA2_R31_Plastic Skid: 192 Calcul Vol : 125 Color: 146.
2026-05-13 23:50:15  ---------------------------
2026-05-13 23:54:20  Vol : URUS_PA2_BC2_R31_EXT_2026 Skid: 14 Calcul Vol : 571 Color: 11.
2026-05-13 23:54:20  ---------------------------
2026-05-14 00:04:59 --- Trajectory --- 
2026-05-14 00:04:59 Prog : URUS_PA2_BC2_R31_EXT_2026 Skid: 56 Paint : 499.
2026-05-14 00:04:59 ------------------ 
2026-05-14 00:07:20 --- Trajectory INT --- 
2026-05-14 00:07:20  HURACAN_BC2_R31_INT " Skid: 207 Paint : 0.
2026-05-14 00:07:20 --- --- 
2026-05-14 00:07:22 --- Trajectory --- 
2026-05-14 00:07:22 Prog : TEM_bc2_r31_int Skid: 207 Paint : 30.
2026-05-14 00:07:22 ------------------ 
2026-05-14 00:07:55  Vol : URUS_PA2_BC2_R31_EXT_2026 Skid: 163 Calcul Vol : 503 Color: 68.
2026-05-14 00:07:55  ---------------------------
2026-05-14 00:09:14 --- Trajectory --- 
2026-05-14 00:09:14 Prog : tem_bc2_r31_ext_new Skid: 207 Paint : 200.
2026-05-14 00:09:14 ------------------ 
2026-05-14 00:18:06 --- Trajectory --- 
2026-05-14 00:18:06 Prog : URUS_PA2_R31_Plastic Skid: 192 Paint : 123.
2026-05-14 00:18:06 ------------------ 
2026-05-14 00:23:34  Vol : URUS_PA2_R31_Plastic Skid: 240 Calcul Vol : 180 Color: 56.
2026-05-14 00:23:34  ---------------------------
2026-05-14 00:25:41 --- Trajectory --- 
2026-05-14 00:25:41 Prog : URUS_PA2_BC2_R31_EXT_2026 Skid: 14 Paint : 576.
2026-05-14 00:25:41 ------------------ 
2026-05-14 00:29:05  Vol : URUS_PA2_BC2_R31_EXT_2026 Skid: 49 Calcul Vol : 522 Color: 56.
2026-05-14 00:29:05  ---------------------------
2026-05-14 00:40:33  Default Volume : TEM_bc2_r31_int Skid: 158.
2026-05-14 00:40:35  Vol : TEM_bc2_r31_int Skid: 158 Calcul Vol : 600 Color: 69.
2026-05-14 00:40:35  ---------------------------
2026-05-14 00:40:40  Default Volume : tem_bc2_r31_ext_new Skid: 158.
2026-05-14 00:40:42  Vol : tem_bc2_r31_ext_new Skid: 158 Calcul Vol : 600 Color: 69.
2026-05-14 00:40:42  ---------------------------
2026-05-14 00:42:13 --- Trajectory --- 
2026-05-14 00:42:13 Prog : URUS_PA2_BC2_R31_EXT_2026 Skid: 163 Paint : 485.
2026-05-14 00:42:13 ------------------ 
2026-05-14 00:49:57  Vol : HURACAN_BC2_R31_Plastic Skid: 91 Calcul Vol : 158 Color: 34.
2026-05-14 00:49:57  ---------------------------
2026-05-14 00:53:55  Default Volume : TEM_bc2_r31_int Skid: 52.
2026-05-14 00:53:56  Vol : TEM_bc2_r31_int Skid: 52 Calcul Vol : 600 Color: 34.
2026-05-14 00:53:56  ---------------------------
2026-05-14 00:54:01  Default Volume : tem_bc2_r31_ext_new Skid: 52.
2026-05-14 00:54:03  Vol : tem_bc2_r31_ext_new Skid: 52 Calcul Vol : 600 Color: 34.
2026-05-14 00:54:03  ---------------------------
2026-05-14 00:54:58 --- Trajectory --- 
2026-05-14 00:54:58 Prog : URUS_PA2_R31_Plastic Skid: 240 Paint : 174.
2026-05-14 00:54:58 ------------------ 
2026-05-14 00:58:50  Vol : URUS_PA2_BC2_R31_EXT_2026 Skid: 68 Calcul Vol : 527 Color: 62.
2026-05-14 00:58:50  ---------------------------
2026-05-14 01:02:15 --- Trajectory --- 
2026-05-14 01:02:15 Prog : URUS_PA2_BC2_R31_EXT_2026 Skid: 49 Paint : 514.
2026-05-14 01:02:15 ------------------ 
2026-05-14 01:04:06  Vol : URUS_PA2_R31_Plastic Skid: 101 Calcul Vol : 26 Color: 69.
2026-05-14 01:04:06  ---------------------------
2026-05-14 01:09:47 --- Trajectory INT --- 
2026-05-14 01:09:47  HURACAN_BC2_R31_INT " Skid: 158 Paint : 0.
2026-05-14 01:09:47 --- --- 
2026-05-14 01:09:49 --- Trajectory --- 
2026-05-14 01:09:49 Prog : TEM_bc2_r31_int Skid: 158 Paint : 26.
2026-05-14 01:09:49 ------------------ 
2026-05-14 01:12:12 --- Trajectory --- 
2026-05-14 01:12:12 Prog : tem_bc2_r31_ext_new Skid: 158 Paint : 278.
2026-05-14 01:12:12 ------------------ 
2026-05-14 01:25:14 --- Trajectory --- 
2026-05-14 01:25:14 Prog : HURACAN_BC2_R31_Plastic Skid: 91 Paint : 116.
2026-05-14 01:25:14 ------------------ 
2026-05-14 01:28:24  Default Volume : TEM_bc2_r31_int Skid: 12.
2026-05-14 01:28:25  Vol : TEM_bc2_r31_int Skid: 12 Calcul Vol : 600 Color: 15.
2026-05-14 01:28:25  ---------------------------
2026-05-14 01:28:30  Default Volume : tem_bc2_r31_ext_new Skid: 12.
2026-05-14 01:28:32  Vol : tem_bc2_r31_ext_new Skid: 12 Calcul Vol : 600 Color: 15.
2026-05-14 01:28:32  ---------------------------
2026-05-14 01:29:07 --- Trajectory INT --- 
2026-05-14 01:29:07  HURACAN_BC2_R31_INT " Skid: 52 Paint : 0.
2026-05-14 01:29:07 --- --- 
2026-05-14 01:29:10 --- Trajectory --- 
2026-05-14 01:29:10 Prog : TEM_bc2_r31_int Skid: 52 Paint : 17.
2026-05-14 01:29:10 ------------------ 
2026-05-14 01:31:33 --- Trajectory --- 
2026-05-14 01:31:33 Prog : tem_bc2_r31_ext_new Skid: 52 Paint : 217.
2026-05-14 01:31:33 ------------------ 
2026-05-14 01:38:47 --- Trajectory --- 
2026-05-14 01:38:47 Prog : URUS_PA2_BC2_R31_EXT_2026 Skid: 68 Paint : 438.
2026-05-14 01:38:47 ------------------ 
2026-05-14 01:52:37  Vol : URUS_PA2_R31_Plastic Skid: 101 Calcul Vol : 26 Color: 69.
2026-05-14 01:52:37  ---------------------------
2026-05-14 01:58:57  Vol : URUS_PA2_R31_Plastic Skid: 22 Calcul Vol : 193 Color: 27.
2026-05-14 01:58:57  ---------------------------
2026-05-14 02:06:57 --- Trajectory INT --- 
2026-05-14 02:06:57  HURACAN_BC2_R31_INT " Skid: 12 Paint : 0.
2026-05-14 02:06:57 --- --- 
2026-05-14 02:06:59 --- Trajectory --- 
2026-05-14 02:06:59 Prog : TEM_bc2_r31_int Skid: 12 Paint : 19.
2026-05-14 02:06:59 ------------------ 
2026-05-14 02:07:51  Vol : URUS_PA2_BC2_R31_EXT_2026 Skid: 149 Calcul Vol : 460 Color: 15.
2026-05-14 02:07:51  ---------------------------
2026-05-14 02:09:24 --- Trajectory --- 
2026-05-14 02:09:24 Prog : tem_bc2_r31_ext_new Skid: 12 Paint : 215.
2026-05-14 02:09:24 ------------------ 
2026-05-14 02:13:28 --- Trajectory --- 
2026-05-14 02:13:28 Prog : URUS_PA2_R31_Plastic Skid: 101 Paint : 23.
2026-05-14 02:13:28 ------------------ 
2026-05-14 02:24:39 --- Trajectory --- 
2026-05-14 02:24:39 Prog : URUS_PA2_R31_Plastic Skid: 22 Paint : 190.
2026-05-14 02:24:39 ------------------ 
2026-05-14 02:25:24  Vol : HURACAN_BC2_R31_Plastic Skid: 111 Calcul Vol : 156 Color: 29.
2026-05-14 02:25:24  ---------------------------
2026-05-14 02:28:16  Vol : URUS_PA2_R31_Plastic Skid: 2 Calcul Vol : 159 Color: 97.
2026-05-14 02:28:16  ---------------------------
2026-05-14 02:35:24 --- Trajectory --- 
2026-05-14 02:35:24 Prog : URUS_PA2_BC2_R31_EXT_2026 Skid: 149 Paint : 442.
2026-05-14 02:35:24 ------------------ 
2026-05-14 02:39:52  Default Volume : TEM_bc2_r31_int Skid: 202.
2026-05-14 02:39:53  Vol : TEM_bc2_r31_int Skid: 202 Calcul Vol : 600 Color: 29.
2026-05-14 02:39:53  ---------------------------
2026-05-14 02:39:58  Default Volume : tem_bc2_r31_ext_new Skid: 202.
2026-05-14 02:40:00  Vol : tem_bc2_r31_ext_new Skid: 202 Calcul Vol : 600 Color: 29.
2026-05-14 02:40:00  ---------------------------
2026-05-14 02:48:13 --- Trajectory --- 
2026-05-14 02:48:13 Prog : HURACAN_BC2_R31_Plastic Skid: 111 Paint : 115.
2026-05-14 02:48:13 ------------------ 
2026-05-14 02:52:28 --- Trajectory --- 
2026-05-14 02:52:28 Prog : URUS_PA2_R31_Plastic Skid: 2 Paint : 155.
2026-05-14 02:52:28 ------------------ 
2026-05-14 03:05:13 --- Trajectory INT --- 
2026-05-14 03:05:13  HURACAN_BC2_R31_INT " Skid: 202 Paint : 0.
2026-05-14 03:05:13 --- --- 
2026-05-14 03:05:15 --- Trajectory --- 
2026-05-14 03:05:15 Prog : TEM_bc2_r31_int Skid: 202 Paint : 17.
2026-05-14 03:05:15 ------------------ 
2026-05-14 03:07:38 --- Trajectory --- 
2026-05-14 03:07:38 Prog : tem_bc2_r31_ext_new Skid: 202 Paint : 207.
2026-05-14 03:07:38 ------------------ 
2026-05-14 03:48:36  Vol : URUS_PA2_BC2_R31_EXT_2026 Skid: 163 Calcul Vol : 481 Color: 69.
2026-05-14 03:48:36  ---------------------------
2026-05-14 04:14:18 --- Trajectory --- 
2026-05-14 04:14:18 Prog : URUS_PA2_BC2_R31_EXT_2026 Skid: 163 Paint : 463.
2026-05-14 04:14:18 ------------------ 
2026-05-14 04:15:13  Vol : URUS_PA2_BC2_R31_EXT_2026 Skid: 221 Calcul Vol : 446 Color: 53.
2026-05-14 04:15:13  ---------------------------
2026-05-14 04:20:21  Vol : URUS_PA2_R31_Plastic Skid: 67 Calcul Vol : 122 Color: 20.
2026-05-14 04:20:21  ---------------------------
2026-05-14 04:38:37 --- Trajectory --- 
2026-05-14 04:38:37 Prog : URUS_PA2_BC2_R31_EXT_2026 Skid: 221 Paint : 428.
2026-05-14 04:38:37 ------------------ 
2026-05-14 05:54:01 --- Trajectory --- 
2026-05-14 05:54:01 Prog : HURACAN_BC2_R31_Plastic Skid: 15651 Paint : 203.
2026-05-14 05:54:01 ------------------ 
2026-05-14 06:12:10 --- Trajectory --- 
2026-05-14 06:12:10 Prog : URUS_PA2_R31_Plastic Skid: 67 Paint : 116.
2026-05-14 06:12:10 ------------------ 
2026-05-14 06:30:10  Default Volume : TEM_bc2_r31_int Skid: 96.
2026-05-14 06:30:12  Vol : TEM_bc2_r31_int Skid: 96 Calcul Vol : 600 Color: 11.
2026-05-14 06:30:12  ---------------------------
2026-05-14 06:30:17  Default Volume : tem_bc2_r31_ext_new Skid: 96.
2026-05-14 06:30:18  Vol : tem_bc2_r31_ext_new Skid: 96 Calcul Vol : 600 Color: 11.
2026-05-14 06:30:18  ---------------------------
2026-05-14 06:34:59  Vol : URUS_PA2_BC2_R31_EXT_2026 Skid: 153 Calcul Vol : 580 Color: 12.
2026-05-14 06:34:59  ---------------------------
2026-05-14 06:51:42 --- Trajectory INT --- 
2026-05-14 06:51:42  HURACAN_BC2_R31_INT " Skid: 96 Paint : 0.
2026-05-14 06:51:42 --- --- 
2026-05-14 06:51:44 --- Trajectory --- 
2026-05-14 06:51:44 Prog : TEM_bc2_r31_int Skid: 96 Paint : 17.
2026-05-14 06:51:44 ------------------ 
2026-05-14 06:53:53 --- Trajectory --- 
2026-05-14 06:53:53 Prog : tem_bc2_r31_ext_new Skid: 96 Paint : 121.
2026-05-14 06:53:53 ------------------ 
2026-05-14 06:59:03  Vol : URUS_PA2_BC2_R31_EXT_2026 Skid: 126 Calcul Vol : 418 Color: 20.
2026-05-14 06:59:03  ---------------------------
2026-05-14 07:03:47  Vol : URUS_PA2_BC2_R31_EXT_2026 Skid: 119 Calcul Vol : 580 Color: 12.
2026-05-14 07:03:47  ---------------------------
2026-05-14 07:20:03 --- Trajectory --- 
2026-05-14 07:20:03 Prog : URUS_PA2_BC2_R31_EXT_2026 Skid: 153 Paint : 563.
2026-05-14 07:20:03 ------------------ 
2026-05-14 07:29:32 --- Trajectory --- 
2026-05-14 07:29:32 Prog : URUS_PA2_BC2_R31_EXT_2026 Skid: 126 Paint : 399.
2026-05-14 07:29:32 ------------------ 
2026-05-14 07:39:14  Vol : URUS_PA2_BC2_R31_EXT_2026 Skid: 103 Calcul Vol : 437 Color: 67.
2026-05-14 07:39:14  ---------------------------
2026-05-14 07:42:45  Vol : URUS_PA2_BC2_R31_EXT_2026 Skid: 138 Calcul Vol : 750 Color: 27.
2026-05-14 07:42:45  ---------------------------
2026-05-14 07:47:16 --- Trajectory --- 
2026-05-14 07:47:16 Prog : URUS_PA2_BC2_R31_EXT_2026 Skid: 119 Paint : 563.
2026-05-14 07:47:16 ------------------ 
2026-05-14 08:08:17  Vol : URUS_PA2_BC2_R31_EXT_2026 Skid: 133 Calcul Vol : 418 Color: 20.
2026-05-14 08:08:17  ---------------------------
2026-05-14 08:14:40 --- Trajectory --- 
2026-05-14 08:14:40 Prog : URUS_PA2_BC2_R31_EXT_2026 Skid: 103 Paint : 373.
2026-05-14 08:14:40 ------------------ 
2026-05-14 08:21:12 --- Trajectory --- 
2026-05-14 08:21:12 Prog : URUS_PA2_BC2_R31_EXT_2026 Skid: 138 Paint : 764.
2026-05-14 08:21:12 ------------------ 
2026-05-14 08:28:25  Vol : HURACAN_BC2_R31_Plastic Skid: 91 Calcul Vol : 206 Color: 35.
2026-05-14 08:28:25  ---------------------------
2026-05-14 08:32:44  Default Volume : TEM_bc2_r31_int Skid: 52.
2026-05-14 08:32:45  Vol : TEM_bc2_r31_int Skid: 52 Calcul Vol : 600 Color: 35.
2026-05-14 08:32:45  ---------------------------
2026-05-14 08:32:50  Default Volume : tem_bc2_r31_ext_new Skid: 52.
2026-05-14 08:32:52  Vol : tem_bc2_r31_ext_new Skid: 52 Calcul Vol : 600 Color: 35.
2026-05-14 08:32:52  ---------------------------
2026-05-14 08:37:23  Vol : URUS_PA2_R31_Plastic Skid: 106 Calcul Vol : 125 Color: 99.
2026-05-14 08:37:23  ---------------------------
2026-05-14 08:37:45 --- Trajectory --- 
2026-05-14 08:37:45 Prog : URUS_PA2_BC2_R31_EXT_2026 Skid: 133 Paint : 399.
2026-05-14 08:37:45 ------------------ 
2026-05-14 08:41:52  Vol : URUS_PA2_BC2_R31_EXT_2026 Skid: 37 Calcul Vol : 534 Color: 99.
2026-05-14 08:41:52  ---------------------------
2026-05-14 08:49:06 --- Trajectory --- 
2026-05-14 08:49:06 Prog : HURACAN_BC2_R31_Plastic Skid: 91 Paint : 178.
2026-05-14 08:49:06 ------------------ 
2026-05-14 08:52:59 --- Trajectory INT --- 
2026-05-14 08:52:59  HURACAN_BC2_R31_INT " Skid: 52 Paint : 0.
2026-05-14 08:52:59 --- --- 
2026-05-14 08:53:02 --- Trajectory --- 
2026-05-14 08:53:02 Prog : TEM_bc2_r31_int Skid: 52 Paint : 22.
2026-05-14 08:53:02 ------------------ 
2026-05-14 08:55:24 --- Trajectory --- 
2026-05-14 08:55:24 Prog : tem_bc2_r31_ext_new Skid: 52 Paint : 277.
2026-05-14 08:55:24 ------------------ 
2026-05-14 08:56:30  Vol : URUS_PA2SPORT_R31_EXT Skid: 78 Calcul Vol : 346 Color: 150.
2026-05-14 08:56:30  ---------------------------
2026-05-14 09:10:27  Default Volume : TEM_bc2_r31_int Skid: 233.
2026-05-14 09:10:29  Vol : TEM_bc2_r31_int Skid: 233 Calcul Vol : 600 Color: 20.
2026-05-14 09:10:29  ---------------------------
2026-05-14 09:10:34  Default Volume : tem_bc2_r31_ext_new Skid: 233.
2026-05-14 09:10:35  Vol : tem_bc2_r31_ext_new Skid: 233 Calcul Vol : 600 Color: 20.
2026-05-14 09:10:35  ---------------------------
2026-05-14 09:15:26 --- Trajectory --- 
2026-05-14 09:15:26 Prog : URUS_PA2_R31_Plastic Skid: 106 Paint : 119.
2026-05-14 09:15:26 ------------------ 
2026-05-14 09:26:53 --- Trajectory --- 
2026-05-14 09:26:53 Prog : URUS_PA2_BC2_R31_EXT_2026 Skid: 37 Paint : 517.
2026-05-14 09:26:53 ------------------ 
2026-05-14 09:35:31  Vol : URUS_PA2_R31_Plastic Skid: 102 Calcul Vol : 193 Color: 77.
2026-05-14 09:35:31  ---------------------------
2026-05-14 09:38:34 --- Trajectory --- 
2026-05-14 09:38:34 Prog : URUS_PA2SPORT_R31_EXT Skid: 78 Paint : 335.
2026-05-14 09:38:34 ------------------ 
2026-05-14 09:41:48  Vol : URUS_PA2_BC2_R31_EXT_2026 Skid: 148 Calcul Vol : 588 Color: 77.
2026-05-14 09:41:48  ---------------------------
2026-05-14 09:46:25 --- Trajectory INT --- 
2026-05-14 09:46:25  HURACAN_BC2_R31_INT " Skid: 233 Paint : 0.
2026-05-14 09:46:25 --- --- 
2026-05-14 09:46:27 --- Trajectory --- 
2026-05-14 09:46:27 Prog : TEM_bc2_r31_int Skid: 233 Paint : 17.
2026-05-14 09:46:27 ------------------ 
2026-05-14 09:48:50 --- Trajectory --- 
2026-05-14 09:48:50 Prog : tem_bc2_r31_ext_new Skid: 233 Paint : 193.
2026-05-14 09:48:50 ------------------ 
2026-05-14 09:54:02  Vol : HURACAN_BC2_R31_Plastic Skid: 110 Calcul Vol : 213 Color: 53.
2026-05-14 09:54:02  ---------------------------
2026-05-14 09:59:25  Default Volume : TEM_bc2_r31_int Skid: 105.
2026-05-14 09:59:26  Vol : TEM_bc2_r31_int Skid: 105 Calcul Vol : 600 Color: 53.
2026-05-14 09:59:26  ---------------------------
2026-05-14 09:59:31  Default Volume : tem_bc2_r31_ext_new Skid: 105.
2026-05-14 09:59:33  Vol : tem_bc2_r31_ext_new Skid: 105 Calcul Vol : 600 Color: 53.
2026-05-14 09:59:33  ---------------------------
2026-05-14 10:09:41 --- Trajectory --- 
2026-05-14 10:09:41 Prog : URUS_PA2_R31_Plastic Skid: 102 Paint : 188.
2026-05-14 10:09:41 ------------------ 
2026-05-14 10:17:10 --- Trajectory --- 
2026-05-14 10:17:10 Prog : URUS_PA2_BC2_R31_EXT_2026 Skid: 148 Paint : 572.
2026-05-14 10:17:10 ------------------ 
2026-05-14 10:23:43 --- Trajectory --- 
2026-05-14 10:23:43 Prog : HURACAN_BC2_R31_Plastic Skid: 110 Paint : 166.
2026-05-14 10:23:43 ------------------ 
2026-05-14 10:30:50 --- Trajectory INT --- 
2026-05-14 10:30:50  HURACAN_BC2_R31_INT " Skid: 105 Paint : 0.
2026-05-14 10:30:50 --- --- 
2026-05-14 10:30:53 --- Trajectory --- 
2026-05-14 10:30:53 Prog : TEM_bc2_r31_int Skid: 105 Paint : 22.
2026-05-14 10:30:53 ------------------ 
2026-05-14 10:33:15 --- Trajectory --- 
2026-05-14 10:33:15 Prog : tem_bc2_r31_ext_new Skid: 105 Paint : 254.
2026-05-14 10:33:15 ------------------ 
2026-05-14 12:21:39  Default Volume : TEM_bc2_r31_int Skid: 160.
2026-05-14 12:21:41  Vol : TEM_bc2_r31_int Skid: 160 Calcul Vol : 600 Color: 9.
2026-05-14 12:21:41  ---------------------------
2026-05-14 12:21:46  Default Volume : HURACAN_SP_EXT_BC2_R31 Skid: 160.
2026-05-14 12:21:47  Vol : HURACAN_SP_EXT_BC2_R31 Skid: 160 Calcul Vol : 600 Color: 9.
2026-05-14 12:21:47  ---------------------------
2026-05-14 12:43:48 --- Trajectory INT --- 
2026-05-14 12:43:48  HURACAN_BC2_R31_INT " Skid: 160 Paint : 0.
2026-05-14 12:43:48 --- --- 
2026-05-14 12:43:50 --- Trajectory --- 
2026-05-14 12:43:50 Prog : TEM_bc2_r31_int Skid: 160 Paint : 29.
2026-05-14 12:43:50 ------------------ 
2026-05-14 12:43:55  Vol : HURACAN_BC2_R31_Plastic Skid: 45 Calcul Vol : 235 Color: 146.
2026-05-14 12:43:55  ---------------------------
2026-05-14 12:46:43 --- Trajectory --- 
2026-05-14 12:46:43 Prog : HURACAN_SP_EXT_BC2_R31 Skid: 160 Paint : 360.
2026-05-14 12:46:43 ------------------ 
2026-05-14 12:52:45  Default Volume : TEM_bc2_r31_int Skid: 204.
2026-05-14 12:52:47  Vol : TEM_bc2_r31_int Skid: 204 Calcul Vol : 600 Color: 146.
2026-05-14 12:52:47  ---------------------------
2026-05-14 12:52:52  Default Volume : tem_bc2_r31_ext_new Skid: 204.
2026-05-14 12:52:53  Vol : tem_bc2_r31_ext_new Skid: 204 Calcul Vol : 600 Color: 146.
2026-05-14 12:52:53  ---------------------------
2026-05-14 13:10:31 --- Trajectory --- 
2026-05-14 13:10:31 Prog : HURACAN_BC2_R31_Plastic Skid: 45 Paint : 178.
2026-05-14 13:10:31 ------------------ 
2026-05-14 13:14:25 --- Trajectory INT --- 
2026-05-14 13:14:25  HURACAN_BC2_R31_INT " Skid: 204 Paint : 0.
2026-05-14 13:14:25 --- --- 
2026-05-14 13:14:27 --- Trajectory --- 
2026-05-14 13:14:27 Prog : TEM_bc2_r31_int Skid: 204 Paint : 26.
2026-05-14 13:14:27 ------------------ 
2026-05-14 13:16:50 --- Trajectory --- 
2026-05-14 13:16:50 Prog : tem_bc2_r31_ext_new Skid: 204 Paint : 313.
2026-05-14 13:16:50 ------------------ 
2026-05-14 13:47:34  Vol : URUS_PA2_BC2_R31_EXT_2026 Skid: 35 Calcul Vol : 633 Color: 97.
2026-05-14 13:47:34  ---------------------------
2026-05-14 14:14:38  Vol : URUS_PA2_BC2_R31_EXT_2026 Skid: 50 Calcul Vol : 576 Color: 11.
2026-05-14 14:14:38  ---------------------------
2026-05-14 14:18:44 --- Trajectory --- 
2026-05-14 14:18:44 Prog : URUS_PA2_BC2_R31_EXT_2026 Skid: 35 Paint : 544.
2026-05-14 14:18:44 ------------------ 
2026-05-14 14:44:53 --- Trajectory --- 
2026-05-14 14:44:53 Prog : URUS_PA2_BC2_R31_EXT_2026 Skid: 50 Paint : 559.
2026-05-14 14:44:53 ------------------ 
2026-05-14 14:58:41  Default Volume : ADP_BC2_15_PLATE_SKID_R31 Skid: 76.
2026-05-14 14:58:43  Vol : ADP_BC2_15_PLATE_SKID_R31 Skid: 76 Calcul Vol : 600 Color: 99.
2026-05-14 14:58:43  ---------------------------
2026-05-14 15:05:01  Vol : HURACAN_BC2_R31_Plastic Skid: 164 Calcul Vol : 156 Color: 29.
2026-05-14 15:05:01  ---------------------------
2026-05-14 15:08:52  Default Volume : TEM_bc2_r31_int Skid: 171.
2026-05-14 15:08:54  Vol : TEM_bc2_r31_int Skid: 171 Calcul Vol : 600 Color: 29.
2026-05-14 15:08:54  ---------------------------
2026-05-14 15:08:59  Default Volume : tem_bc2_r31_ext_new Skid: 171.
2026-05-14 15:09:00  Vol : tem_bc2_r31_ext_new Skid: 171 Calcul Vol : 600 Color: 29.
2026-05-14 15:09:00  ---------------------------
2026-05-14 15:13:50  Vol : URUS_PA2_R31_Plastic Skid: 36 Calcul Vol : 100 Color: 145.
2026-05-14 15:13:50  ---------------------------
2026-05-14 15:18:56 --- Trajectory --- 
2026-05-14 15:18:56 Prog : ADP_BC2_15_PLATE_SKID_R31 Skid: 76 Paint : 264.
2026-05-14 15:18:56 ------------------ 
2026-05-14 15:23:03  Vol : URUS_PA2_BC2_R31_EXT_2026 Skid: 206 Calcul Vol : 560 Color: 145.
2026-05-14 15:23:03  ---------------------------
2026-05-14 15:25:10 --- Trajectory --- 
2026-05-14 15:25:10 Prog : HURACAN_BC2_R31_Plastic Skid: 164 Paint : 115.
2026-05-14 15:25:10 ------------------ 
2026-05-14 15:33:52  Vol : URUS_PA2_BC2_R31_EXT_2026 Skid: 49 Calcul Vol : 448 Color: 55.
2026-05-14 15:33:52  ---------------------------
2026-05-14 15:36:53 --- Trajectory INT --- 
2026-05-14 15:36:53  HURACAN_BC2_R31_INT " Skid: 171 Paint : 0.
2026-05-14 15:36:53 --- --- 
2026-05-14 15:36:55 --- Trajectory --- 
2026-05-14 15:36:55 Prog : TEM_bc2_r31_int Skid: 171 Paint : 17.
2026-05-14 15:36:55 ------------------ 
2026-05-14 15:39:18 --- Trajectory --- 
2026-05-14 15:39:18 Prog : tem_bc2_r31_ext_new Skid: 171 Paint : 207.
2026-05-14 15:39:18 ------------------ 
2026-05-14 15:42:14 --- Trajectory --- 
2026-05-14 15:42:14 Prog : URUS_PA2_R31_Plastic Skid: 36 Paint : 98.
2026-05-14 15:42:14 ------------------ 
2026-05-14 15:44:44  Vol : URUS_PA2_R31_Plastic Skid: 240 Calcul Vol : 201 Color: 55.
2026-05-14 15:44:44  ---------------------------
2026-05-14 15:48:57 --- Trajectory --- 
2026-05-14 15:48:57 Prog : URUS_PA2_BC2_R31_EXT_2026 Skid: 206 Paint : 497.
2026-05-14 15:48:57 ------------------ 
2026-05-14 15:57:02 --- Trajectory --- 
2026-05-14 15:57:02 Prog : URUS_PA2_BC2_R31_EXT_2026 Skid: 49 Paint : 279.
2026-05-14 15:57:02 ------------------ 
2026-05-14 16:08:24 --- Trajectory --- 
2026-05-14 16:08:24 Prog : URUS_PA2_R31_Plastic Skid: 240 Paint : 196.
2026-05-14 16:08:24 ------------------ 
2026-05-14 17:13:53  Vol : URUS_PA2_BC2_R31_EXT_2026 Skid: 212 Calcul Vol : 476 Color: 26.
2026-05-14 17:13:53  ---------------------------
2026-05-14 17:31:35 --- Trajectory --- 
2026-05-14 17:31:35 Prog : URUS_PA2_BC2_R31_EXT_2026 Skid: 212 Paint : 99.
2026-05-14 17:31:35 ------------------ 
2026-05-14 18:25:30  Vol : URUS_PA2_R31_Plastic Skid: 169 Calcul Vol : 143 Color: 99.
2026-05-14 18:25:30  ---------------------------
2026-05-14 18:31:05  Vol : URUS_PA2_BC2_R31_EXT_2026 Skid: 98 Calcul Vol : 534 Color: 99.
2026-05-14 18:31:05  ---------------------------
2026-05-14 18:47:25  Vol : URUS_PA2_R31_Plastic Skid: 240 Calcul Vol : 173 Color: 56.
2026-05-14 18:47:25  ---------------------------
2026-05-14 18:54:52 --- Trajectory --- 
2026-05-14 18:54:52 Prog : URUS_PA2_R31_Plastic Skid: 169 Paint : 136.
2026-05-14 18:54:52 ------------------ 
2026-05-14 18:55:10  Vol : URUS_PA2_BC2_R31_EXT_2026 Skid: 49 Calcul Vol : 522 Color: 56.
2026-05-14 18:55:10  ---------------------------
2026-05-14 19:02:10 --- Trajectory --- 
2026-05-14 19:02:10 Prog : URUS_PA2_BC2_R31_EXT_2026 Skid: 98 Paint : 517.
2026-05-14 19:02:10 ------------------ 
2026-05-14 19:09:50 --- Trajectory --- 
2026-05-14 19:09:50 Prog : URUS_PA2_R31_Plastic Skid: 240 Paint : 167.
2026-05-14 19:09:50 ------------------ 
2026-05-14 19:12:31  Vol : URUS_PA2_R31_Plastic Skid: 192 Calcul Vol : 110 Color: 34.
2026-05-14 19:12:31  ---------------------------
2026-05-14 19:16:53 --- Trajectory --- 
2026-05-14 19:16:53 Prog : URUS_PA2_BC2_R31_EXT_2026 Skid: 49 Paint : 259.
2026-05-14 19:16:53 ------------------ 
2026-05-14 19:25:54  Vol : URUS_PA2_R31_Plastic Skid: 36 Calcul Vol : 100 Color: 146.
2026-05-14 19:25:54  ---------------------------
2026-05-14 19:29:44  Vol : URUS_PA2_BC2_R31_EXT_2026 Skid: 206 Calcul Vol : 561 Color: 146.
2026-05-14 19:29:44  ---------------------------
2026-05-14 19:35:42 --- Trajectory --- 
2026-05-14 19:35:42 Prog : URUS_PA2_R31_Plastic Skid: 192 Paint : 104.
2026-05-14 19:35:42 ------------------ 
2026-05-14 19:40:45  Vol : URUS_PA2_BC2_R31_EXT_2026 Skid: 168 Calcul Vol : 495 Color: 34.
2026-05-14 19:40:45  ---------------------------
2026-05-14 19:43:47 --- Trajectory --- 
2026-05-14 19:43:47 Prog : URUS_PA2_R31_Plastic Skid: 36 Paint : 98.
2026-05-14 19:43:47 ------------------ 
2026-05-14 19:56:38 --- Trajectory --- 
2026-05-14 19:56:38 Prog : URUS_PA2_BC2_R31_EXT_2026 Skid: 206 Paint : 499.
2026-05-14 19:56:38 ------------------ 
2026-05-14 20:04:25  Vol : HURACAN_BC2_R31_Plastic Skid: 111 Calcul Vol : 213 Color: 53.
2026-05-14 20:04:25  ---------------------------
2026-05-14 20:07:32 --- Trajectory --- 
2026-05-14 20:07:32 Prog : URUS_PA2_BC2_R31_EXT_2026 Skid: 168 Paint : 477.
2026-05-14 20:07:32 ------------------ 
2026-05-14 20:08:40  Default Volume : TEM_bc2_r31_int Skid: 131.
2026-05-14 20:08:42  Vol : TEM_bc2_r31_int Skid: 131 Calcul Vol : 600 Color: 53.
2026-05-14 20:08:42  ---------------------------
2026-05-14 20:08:47  Default Volume : tem_bc2_r31_ext_new Skid: 131.
2026-05-14 20:08:48  Vol : tem_bc2_r31_ext_new Skid: 131 Calcul Vol : 600 Color: 53.
2026-05-14 20:08:48  ---------------------------
