2026-05-14 23:58:38 Handler State: WAIT_FOR_DCU (10) -> EXCHANGE_THREE (11)
2026-05-14 23:58:38 CartMove: Exchange 3
2026-05-14 23:58:38 CartMoveState: STORE_DECIDE (18) -> AUX_DECIDE (5)
2026-05-14 23:58:38 CartMoveState: AUX_DECIDE (5) -> TO_MOVE (10)
2026-05-14 23:58:40 CartMoveState: TO_MOVE (10) -> TO_CART (11)
2026-05-14 23:58:42 CartMoveState: TO_CART (11) -> HOME_MOVE (12)
2026-05-14 23:58:43 CartMoveState: HOME_MOVE (12) -> HALT (13)
2026-05-14 23:58:43 CartMoveState: HALT (13) -> IDLE (1)
2026-05-14 23:58:43 Handler State: EXCHANGE_THREE (11) -> POST_PROCESS (12)
2026-05-14 23:58:43 Handler State: POST_PROCESS (12) -> MOVE_ARM_HOME (14)
2026-05-14 23:58:43 Handler State: MOVE_ARM_HOME (14) -> HANDLER_IDLE (1)
2026-05-15 00:04:25 Handler State: HANDLER_IDLE (1) -> HANDLER_START (2)
2026-05-15 00:04:26 Handler State: HANDLER_START (2) -> DECIDE_CART (3)
2026-05-15 00:04:26 Selection: IFS has correct material.
2026-05-15 00:04:26 Selection: Last resort, just pick the first cartridge.
2026-05-15 00:04:26 Selected Primary Cartridge: 2
2026-05-15 00:04:26 Selected Primary Station: 103
2026-05-15 00:04:26 Selected Secondary Cartridge: 0
2026-05-15 00:04:26 Selected Secondary Station: 0
2026-05-15 00:04:26 Selected Filling Volume: 216
2026-05-15 00:04:26 Handler State: DECIDE_CART (3) -> PLACE_CART (5)
2026-05-15 00:04:26 CartMove: Move, from 106 to 103
2026-05-15 00:04:26 CartMoveState: IDLE (1) -> FROM_MOVE (3)
2026-05-15 00:04:28 CartMoveState: FROM_MOVE (3) -> FROM_CART (4)
2026-05-15 00:04:30 CartMoveState: FROM_CART (4) -> AUX_DECIDE (5)
2026-05-15 00:04:30 CartMoveState: AUX_DECIDE (5) -> TO_MOVE (10)
2026-05-15 00:04:32 CartMoveState: TO_MOVE (10) -> TO_CART (11)
2026-05-15 00:04:34 CartMoveState: TO_CART (11) -> HOME_MOVE (12)
2026-05-15 00:04:34 CartMoveState: HOME_MOVE (12) -> HALT (13)
2026-05-15 00:04:34 CartMoveState: HALT (13) -> IDLE (1)
2026-05-15 00:04:34 Handler State: PLACE_CART (5) -> CHECK_SEC_CART (26)
2026-05-15 00:04:34 Handler State: CHECK_SEC_CART (26) -> PROBE_CART (24)
2026-05-15 00:04:34 CartMove: Exchange 1, from 103
2026-05-15 00:04:34 CartMoveState: IDLE (1) -> FROM_MOVE (3)
2026-05-15 00:04:34 CartMoveState: FROM_MOVE (3) -> FROM_PROBE (19)
2026-05-15 00:04:36 Handler State: PROBE_CART (24) -> PROCESS_CART (6)
2026-05-15 00:05:48 Setting CBS color valve (FillGate): 1
2026-05-15 00:05:49 Primed volume (FillGate): 0.562764
2026-05-15 00:05:49 Re-Calculated Filling Volume: 216
2026-05-15 00:05:49 Setting CBS color valve (FillCart): 1
2026-05-15 00:06:04 Handler State: PROCESS_CART (6) -> EXCHANGE_ONE (7)
2026-05-15 00:06:04 CartMove: Exchange 1, from 103
2026-05-15 00:06:04 CartMoveState: FROM_PROBE (19) -> FROM_CART (4)
2026-05-15 00:06:09 Setting CBS color valve (Finished): 0
2026-05-15 00:06:11 CartMoveState: FROM_CART (4) -> TO_MOVE (10)
2026-05-15 00:06:12 CartMoveState: TO_MOVE (10) -> EXCH_1_WAIT (14)
2026-05-15 00:06:12 Handler State: EXCHANGE_ONE (7) -> START_DCU (8)
2026-05-15 00:06:13 Handler State: START_DCU (8) -> EXCHANGE_TWO (9)
2026-05-15 00:06:13 CartMove: Exchange 2
2026-05-15 00:06:13 CartMoveState: EXCH_1_WAIT (14) -> EXCH_1_CART (15)
2026-05-15 00:06:16 CartMoveState: EXCH_1_CART (15) -> EXCH_2_MOVE (16)
2026-05-15 00:06:17 CartMoveState: EXCH_2_MOVE (16) -> EXCH_2_CART (17)
2026-05-15 00:06:19 CartMoveState: EXCH_2_CART (17) -> STORE_DECIDE (18)
2026-05-15 00:06:19 Used volume for last job: 0
2026-05-15 00:06:19 Handler State: EXCHANGE_TWO (9) -> WAIT_FOR_DCU (10)
2026-05-15 00:06:20 Handler State: WAIT_FOR_DCU (10) -> EXCHANGE_THREE (11)
2026-05-15 00:06:20 CartMove: Exchange 3
2026-05-15 00:06:20 CartMoveState: STORE_DECIDE (18) -> AUX_DECIDE (5)
2026-05-15 00:06:20 CartMoveState: AUX_DECIDE (5) -> TO_MOVE (10)
2026-05-15 00:06:21 CartMoveState: TO_MOVE (10) -> TO_CART (11)
2026-05-15 00:06:23 CartMoveState: TO_CART (11) -> HOME_MOVE (12)
2026-05-15 00:06:24 CartMoveState: HOME_MOVE (12) -> HALT (13)
2026-05-15 00:06:24 CartMoveState: HALT (13) -> IDLE (1)
2026-05-15 00:06:24 Handler State: EXCHANGE_THREE (11) -> POST_PROCESS (12)
2026-05-15 00:06:24 Handler State: POST_PROCESS (12) -> MOVE_ARM_HOME (14)
2026-05-15 00:06:24 Handler State: MOVE_ARM_HOME (14) -> HANDLER_IDLE (1)
2026-05-15 00:06:31 Handler State: HANDLER_IDLE (1) -> HANDLER_START (2)
2026-05-15 00:06:32 Handler State: HANDLER_START (2) -> DECIDE_CART (3)
2026-05-15 00:06:32 Selection: IFS is clean.
2026-05-15 00:06:32 Selection: Cartridge is clean.
2026-05-15 00:06:32 Selected Primary Cartridge: 6
2026-05-15 00:06:32 Selected Primary Station: 104
2026-05-15 00:06:32 Selected Secondary Cartridge: 0
2026-05-15 00:06:32 Selected Secondary Station: 0
2026-05-15 00:06:32 Selected Filling Volume: 453
2026-05-15 00:06:32 Handler State: DECIDE_CART (3) -> REMOVE_CART (4)
2026-05-15 00:06:32 CartMove: Move, from 104 to 108
2026-05-15 00:06:32 CartMoveState: IDLE (1) -> FROM_MOVE (3)
2026-05-15 00:06:33 CartMoveState: FROM_MOVE (3) -> FROM_CART (4)
2026-05-15 00:06:36 CartMoveState: FROM_CART (4) -> AUX_DECIDE (5)
2026-05-15 00:06:36 CartMoveState: AUX_DECIDE (5) -> TO_MOVE (10)
2026-05-15 00:06:38 CartMoveState: TO_MOVE (10) -> TO_CART (11)
2026-05-15 00:06:40 CartMoveState: TO_CART (11) -> HOME_MOVE (12)
2026-05-15 00:06:41 CartMoveState: HOME_MOVE (12) -> HALT (13)
2026-05-15 00:06:41 CartMoveState: HALT (13) -> IDLE (1)
2026-05-15 00:06:41 Handler State: REMOVE_CART (4) -> PLACE_CART (5)
2026-05-15 00:06:41 CartMove: Move, from 107 to 104
2026-05-15 00:06:41 CartMoveState: IDLE (1) -> FROM_MOVE (3)
2026-05-15 00:06:43 CartMoveState: FROM_MOVE (3) -> FROM_CART (4)
2026-05-15 00:06:46 CartMoveState: FROM_CART (4) -> AUX_DECIDE (5)
2026-05-15 00:06:46 CartMoveState: AUX_DECIDE (5) -> TO_MOVE (10)
2026-05-15 00:06:47 CartMoveState: TO_MOVE (10) -> TO_CART (11)
2026-05-15 00:06:49 CartMoveState: TO_CART (11) -> HOME_MOVE (12)
2026-05-15 00:06:50 CartMoveState: HOME_MOVE (12) -> HALT (13)
2026-05-15 00:06:50 CartMoveState: HALT (13) -> IDLE (1)
2026-05-15 00:06:50 Handler State: PLACE_CART (5) -> CHECK_SEC_CART (26)
2026-05-15 00:06:50 Handler State: CHECK_SEC_CART (26) -> PROBE_CART (24)
2026-05-15 00:06:50 CartMove: Exchange 1, from 104
2026-05-15 00:06:50 CartMoveState: IDLE (1) -> FROM_MOVE (3)
2026-05-15 00:06:51 CartMoveState: FROM_MOVE (3) -> FROM_PROBE (19)
2026-05-15 00:06:53 Handler State: PROBE_CART (24) -> PROCESS_CART (6)
2026-05-15 00:06:53 Setting CBS color valve (FillIFS): 1
2026-05-15 00:06:55 Primed volume (FillIFS): 0.100168
2026-05-15 00:06:55 Re-Calculated Filling Volume: 453
2026-05-15 00:06:55 Setting CBS color valve (FillCart): 1
2026-05-15 00:07:16 Handler State: PROCESS_CART (6) -> EXCHANGE_ONE (7)
2026-05-15 00:07:16 CartMove: Exchange 1, from 104
2026-05-15 00:07:16 CartMoveState: FROM_PROBE (19) -> FROM_CART (4)
2026-05-15 00:07:22 Setting CBS color valve (Finished): 0
2026-05-15 00:07:24 CartMoveState: FROM_CART (4) -> TO_MOVE (10)
2026-05-15 00:07:25 CartMoveState: TO_MOVE (10) -> EXCH_1_WAIT (14)
2026-05-15 00:07:25 Handler State: EXCHANGE_ONE (7) -> START_DCU (8)
2026-05-15 00:07:53 Handler State: START_DCU (8) -> EXCHANGE_TWO (9)
2026-05-15 00:07:53 CartMove: Exchange 2
2026-05-15 00:08:04 CartMoveState: EXCH_1_WAIT (14) -> EXCH_1_CART (15)
2026-05-15 00:08:07 CartMoveState: EXCH_1_CART (15) -> EXCH_2_MOVE (16)
2026-05-15 00:08:07 CartMoveState: EXCH_2_MOVE (16) -> EXCH_2_CART (17)
2026-05-15 00:08:09 CartMoveState: EXCH_2_CART (17) -> STORE_DECIDE (18)
2026-05-15 00:08:09 Used volume for last job: 164.645
2026-05-15 00:08:09 Handler State: EXCHANGE_TWO (9) -> WAIT_FOR_DCU (10)
2026-05-15 00:08:11 Handler State: WAIT_FOR_DCU (10) -> EXCHANGE_THREE (11)
2026-05-15 00:08:11 CartMove: Exchange 3
2026-05-15 00:08:11 CartMoveState: STORE_DECIDE (18) -> AUX_DECIDE (5)
2026-05-15 00:08:11 CartMoveState: AUX_DECIDE (5) -> TO_MOVE (10)
2026-05-15 00:08:13 CartMoveState: TO_MOVE (10) -> TO_CART (11)
2026-05-15 00:08:15 CartMoveState: TO_CART (11) -> HOME_MOVE (12)
2026-05-15 00:08:16 CartMoveState: HOME_MOVE (12) -> HALT (13)
2026-05-15 00:08:16 CartMoveState: HALT (13) -> IDLE (1)
2026-05-15 00:08:16 Handler State: EXCHANGE_THREE (11) -> POST_PROCESS (12)
2026-05-15 00:08:16 Handler State: POST_PROCESS (12) -> EMPTY_AUX (13)
2026-05-15 00:08:16 CartMove: Move, from 108 to 104
2026-05-15 00:08:16 CartMoveState: IDLE (1) -> FROM_MOVE (3)
2026-05-15 00:08:18 CartMoveState: FROM_MOVE (3) -> FROM_CART (4)
2026-05-15 00:08:21 CartMoveState: FROM_CART (4) -> AUX_DECIDE (5)
2026-05-15 00:08:21 CartMoveState: AUX_DECIDE (5) -> TO_MOVE (10)
2026-05-15 00:08:22 CartMoveState: TO_MOVE (10) -> TO_CART (11)
2026-05-15 00:08:25 CartMoveState: TO_CART (11) -> HOME_MOVE (12)
2026-05-15 00:08:25 CartMoveState: HOME_MOVE (12) -> HALT (13)
2026-05-15 00:08:25 CartMoveState: HALT (13) -> IDLE (1)
2026-05-15 00:08:25 Handler State: EMPTY_AUX (13) -> MOVE_ARM_HOME (14)
2026-05-15 00:08:25 Handler State: MOVE_ARM_HOME (14) -> HANDLER_IDLE (1)
2026-05-15 00:09:12 Handler State: HANDLER_IDLE (1) -> HANDLER_START (2)
2026-05-15 00:09:13 Handler State: HANDLER_START (2) -> DECIDE_CART (3)
2026-05-15 00:09:13 Selection: IFS has correct material.
2026-05-15 00:09:14 Selection: Last resort, just pick the first cartridge.
2026-05-15 00:09:14 Selected Primary Cartridge: 3
2026-05-15 00:09:14 Selected Primary Station: 104
2026-05-15 00:09:14 Selected Secondary Cartridge: 0
2026-05-15 00:09:14 Selected Secondary Station: 0
2026-05-15 00:09:14 Selected Filling Volume: 477
2026-05-15 00:09:14 Handler State: DECIDE_CART (3) -> CHECK_SEC_CART (26)
2026-05-15 00:09:14 Handler State: CHECK_SEC_CART (26) -> PROBE_CART (24)
2026-05-15 00:09:14 CartMove: Exchange 1, from 104
2026-05-15 00:09:14 CartMoveState: IDLE (1) -> FROM_MOVE (3)
2026-05-15 00:09:14 CartMoveState: FROM_MOVE (3) -> FROM_PROBE (19)
2026-05-15 00:09:16 Handler State: PROBE_CART (24) -> PROCESS_CART (6)
2026-05-15 00:10:08 Setting CBS color valve (FillGate): 1
2026-05-15 00:10:09 Primed volume (FillGate): 1.39417
2026-05-15 00:10:09 Re-Calculated Filling Volume: 477
2026-05-15 00:10:09 Setting CBS color valve (FillCart): 1
2026-05-15 00:10:30 Handler State: PROCESS_CART (6) -> EXCHANGE_ONE (7)
2026-05-15 00:10:30 CartMove: Exchange 1, from 104
2026-05-15 00:10:30 CartMoveState: FROM_PROBE (19) -> FROM_CART (4)
2026-05-15 00:10:36 Setting CBS color valve (Finished): 0
2026-05-15 00:10:37 CartMoveState: FROM_CART (4) -> TO_MOVE (10)
2026-05-15 00:10:39 CartMoveState: TO_MOVE (10) -> EXCH_1_WAIT (14)
2026-05-15 00:10:39 Handler State: EXCHANGE_ONE (7) -> START_DCU (8)
2026-05-15 00:10:59 Handler State: START_DCU (8) -> EXCHANGE_TWO (9)
2026-05-15 00:10:59 CartMove: Exchange 2
2026-05-15 00:11:00 CartMoveState: EXCH_1_WAIT (14) -> EXCH_1_CART (15)
2026-05-15 00:11:03 CartMoveState: EXCH_1_CART (15) -> EXCH_2_MOVE (16)
2026-05-15 00:11:03 CartMoveState: EXCH_2_MOVE (16) -> EXCH_2_CART (17)
2026-05-15 00:11:05 CartMoveState: EXCH_2_CART (17) -> STORE_DECIDE (18)
2026-05-15 00:11:05 Used volume for last job: 0
2026-05-15 00:11:05 Handler State: EXCHANGE_TWO (9) -> WAIT_FOR_DCU (10)
2026-05-15 00:11:07 Handler State: WAIT_FOR_DCU (10) -> EXCHANGE_THREE (11)
2026-05-15 00:11:07 CartMove: Exchange 3
2026-05-15 00:11:07 CartMoveState: STORE_DECIDE (18) -> AUX_DECIDE (5)
2026-05-15 00:11:07 CartMoveState: AUX_DECIDE (5) -> TO_MOVE (10)
2026-05-15 00:11:08 CartMoveState: TO_MOVE (10) -> TO_CART (11)
2026-05-15 00:11:11 CartMoveState: TO_CART (11) -> HOME_MOVE (12)
2026-05-15 00:11:12 CartMoveState: HOME_MOVE (12) -> HALT (13)
2026-05-15 00:11:12 CartMoveState: HALT (13) -> IDLE (1)
2026-05-15 00:11:12 Handler State: EXCHANGE_THREE (11) -> POST_PROCESS (12)
2026-05-15 00:11:12 Handler State: POST_PROCESS (12) -> MOVE_ARM_HOME (14)
2026-05-15 00:11:12 Handler State: MOVE_ARM_HOME (14) -> HANDLER_IDLE (1)
2026-05-15 00:11:25 Handler State: HANDLER_IDLE (1) -> HANDLER_START (2)
2026-05-15 00:11:26 Handler State: HANDLER_START (2) -> DECIDE_CART (3)
2026-05-15 00:11:26 Selection: IFS is clean and its cartridge is cleaned.
2026-05-15 00:11:26 Selected Primary Cartridge: 1
2026-05-15 00:11:26 Selected Primary Station: 102
2026-05-15 00:11:26 Selected Secondary Cartridge: 0
2026-05-15 00:11:26 Selected Secondary Station: 0
2026-05-15 00:11:26 Selected Filling Volume: 583
2026-05-15 00:11:26 Handler State: DECIDE_CART (3) -> CHECK_SEC_CART (26)
2026-05-15 00:11:26 Handler State: CHECK_SEC_CART (26) -> PROBE_CART (24)
2026-05-15 00:11:26 CartMove: Exchange 1, from 102
2026-05-15 00:11:26 CartMoveState: IDLE (1) -> FROM_MOVE (3)
2026-05-15 00:11:27 CartMoveState: FROM_MOVE (3) -> FROM_PROBE (19)
2026-05-15 00:11:29 Handler State: PROBE_CART (24) -> PROCESS_CART (6)
2026-05-15 00:11:29 Setting CBS color valve (FillIFS): 1
2026-05-15 00:11:30 Primed volume (FillIFS): 2.37325
2026-05-15 00:11:30 Re-Calculated Filling Volume: 583
2026-05-15 00:11:30 Setting CBS color valve (FillCart): 1
2026-05-15 00:11:52 Handler State: PROCESS_CART (6) -> EXCHANGE_ONE (7)
2026-05-15 00:11:52 CartMove: Exchange 1, from 102
2026-05-15 00:11:52 CartMoveState: FROM_PROBE (19) -> FROM_CART (4)
2026-05-15 00:11:59 Setting CBS color valve (Finished): 0
2026-05-15 00:12:01 CartMoveState: FROM_CART (4) -> TO_MOVE (10)
2026-05-15 00:12:02 CartMoveState: TO_MOVE (10) -> EXCH_1_WAIT (14)
2026-05-15 00:12:02 Handler State: EXCHANGE_ONE (7) -> START_DCU (8)
2026-05-15 00:12:45 Handler State: START_DCU (8) -> EXCHANGE_TWO (9)
2026-05-15 00:12:45 CartMove: Exchange 2
2026-05-15 00:12:56 CartMoveState: EXCH_1_WAIT (14) -> EXCH_1_CART (15)
2026-05-15 00:12:59 CartMoveState: EXCH_1_CART (15) -> EXCH_2_MOVE (16)
2026-05-15 00:13:00 CartMoveState: EXCH_2_MOVE (16) -> EXCH_2_CART (17)
2026-05-15 00:13:02 CartMoveState: EXCH_2_CART (17) -> STORE_DECIDE (18)
2026-05-15 00:13:02 Used volume for last job: 426.845
2026-05-15 00:13:02 Handler State: EXCHANGE_TWO (9) -> WAIT_FOR_DCU (10)
2026-05-15 00:13:03 Handler State: WAIT_FOR_DCU (10) -> EXCHANGE_THREE (11)
2026-05-15 00:13:04 CartMove: Exchange 3
2026-05-15 00:13:04 CartMoveState: STORE_DECIDE (18) -> AUX_DECIDE (5)
2026-05-15 00:13:04 CartMoveState: AUX_DECIDE (5) -> TO_MOVE (10)
2026-05-15 00:13:05 CartMoveState: TO_MOVE (10) -> TO_CART (11)
2026-05-15 00:13:07 CartMoveState: TO_CART (11) -> HOME_MOVE (12)
2026-05-15 00:13:09 CartMoveState: HOME_MOVE (12) -> HALT (13)
2026-05-15 00:13:09 CartMoveState: HALT (13) -> IDLE (1)
2026-05-15 00:13:09 Handler State: EXCHANGE_THREE (11) -> POST_PROCESS (12)
2026-05-15 00:13:09 Handler State: POST_PROCESS (12) -> MOVE_ARM_HOME (14)
2026-05-15 00:13:09 Handler State: MOVE_ARM_HOME (14) -> HANDLER_IDLE (1)
2026-05-15 00:13:34 Handler State: HANDLER_IDLE (1) -> HANDLER_START (2)
2026-05-15 00:13:35 Handler State: HANDLER_START (2) -> DECIDE_CART (3)
2026-05-15 00:13:35 Selection: Last resort, just pick the first IFS.
2026-05-15 00:13:35 Selection: Last resort, just pick the first cartridge.
2026-05-15 00:13:35 Selected Primary Cartridge: 2
2026-05-15 00:13:35 Selected Primary Station: 103
2026-05-15 00:13:35 Selected Secondary Cartridge: 0
2026-05-15 00:13:35 Selected Secondary Station: 0
2026-05-15 00:13:35 Selected Filling Volume: 313
2026-05-15 00:13:35 Handler State: DECIDE_CART (3) -> REMOVE_CART (4)
2026-05-15 00:13:35 CartMove: Move, from 103 to 108
2026-05-15 00:13:35 CartMoveState: IDLE (1) -> FROM_MOVE (3)
2026-05-15 00:13:35 CartMoveState: FROM_MOVE (3) -> FROM_CART (4)
2026-05-15 00:13:38 CartMoveState: FROM_CART (4) -> AUX_DECIDE (5)
2026-05-15 00:13:38 CartMoveState: AUX_DECIDE (5) -> TO_MOVE (10)
2026-05-15 00:13:40 CartMoveState: TO_MOVE (10) -> TO_CART (11)
2026-05-15 00:13:42 CartMoveState: TO_CART (11) -> HOME_MOVE (12)
2026-05-15 00:13:43 CartMoveState: HOME_MOVE (12) -> HALT (13)
2026-05-15 00:13:43 CartMoveState: HALT (13) -> IDLE (1)
2026-05-15 00:13:43 Handler State: REMOVE_CART (4) -> PLACE_CART (5)
2026-05-15 00:13:43 CartMove: Move, from 106 to 103
2026-05-15 00:13:43 CartMoveState: IDLE (1) -> FROM_MOVE (3)
2026-05-15 00:13:44 CartMoveState: FROM_MOVE (3) -> FROM_CART (4)
2026-05-15 00:13:47 CartMoveState: FROM_CART (4) -> AUX_DECIDE (5)
2026-05-15 00:13:47 CartMoveState: AUX_DECIDE (5) -> TO_MOVE (10)
2026-05-15 00:13:49 CartMoveState: TO_MOVE (10) -> TO_CART (11)
2026-05-15 00:13:51 CartMoveState: TO_CART (11) -> HOME_MOVE (12)
2026-05-15 00:13:51 CartMoveState: HOME_MOVE (12) -> HALT (13)
2026-05-15 00:13:51 CartMoveState: HALT (13) -> IDLE (1)
2026-05-15 00:13:51 Handler State: PLACE_CART (5) -> CHECK_SEC_CART (26)
2026-05-15 00:13:51 Handler State: CHECK_SEC_CART (26) -> PROBE_CART (24)
2026-05-15 00:13:51 CartMove: Exchange 1, from 103
2026-05-15 00:13:51 CartMoveState: IDLE (1) -> FROM_MOVE (3)
2026-05-15 00:13:51 CartMoveState: FROM_MOVE (3) -> FROM_PROBE (19)
2026-05-15 00:13:53 Handler State: PROBE_CART (24) -> PROCESS_CART (6)
2026-05-15 00:14:26 Setting CBS color valve (FillIFS): 2
2026-05-15 00:14:27 Primed volume (FillIFS): 0.303882
2026-05-15 00:14:27 Re-Calculated Filling Volume: 313
2026-05-15 00:14:27 Setting CBS color valve (FillCart): 2
2026-05-15 00:14:44 Handler State: PROCESS_CART (6) -> EXCHANGE_ONE (7)
2026-05-15 00:14:44 CartMove: Exchange 1, from 103
2026-05-15 00:14:44 CartMoveState: FROM_PROBE (19) -> FROM_CART (4)
2026-05-15 00:14:50 Setting CBS color valve (Finished): 0
2026-05-15 00:14:52 CartMoveState: FROM_CART (4) -> TO_MOVE (10)
2026-05-15 00:14:53 CartMoveState: TO_MOVE (10) -> EXCH_1_WAIT (14)
2026-05-15 00:14:53 Handler State: EXCHANGE_ONE (7) -> START_DCU (8)
2026-05-15 00:17:57 Handler State: START_DCU (8) -> EXCHANGE_TWO (9)
2026-05-15 00:17:57 CartMove: Exchange 2
2026-05-15 00:18:08 CartMoveState: EXCH_1_WAIT (14) -> EXCH_1_CART (15)
2026-05-15 00:18:11 CartMoveState: EXCH_1_CART (15) -> EXCH_2_MOVE (16)
2026-05-15 00:18:12 CartMoveState: EXCH_2_MOVE (16) -> EXCH_2_CART (17)
2026-05-15 00:18:14 CartMoveState: EXCH_2_CART (17) -> STORE_DECIDE (18)
2026-05-15 00:18:14 Used volume for last job: 531.027
2026-05-15 00:18:14 Handler State: EXCHANGE_TWO (9) -> WAIT_FOR_DCU (10)
2026-05-15 00:18:16 Handler State: WAIT_FOR_DCU (10) -> EXCHANGE_THREE (11)
2026-05-15 00:18:16 CartMove: Exchange 3
2026-05-15 00:18:16 CartMoveState: STORE_DECIDE (18) -> AUX_DECIDE (5)
2026-05-15 00:18:16 CartMoveState: AUX_DECIDE (5) -> TO_MOVE (10)
2026-05-15 00:18:16 CartMoveState: TO_MOVE (10) -> TO_CART (11)
2026-05-15 00:18:19 CartMoveState: TO_CART (11) -> HOME_MOVE (12)
2026-05-15 00:18:19 CartMoveState: HOME_MOVE (12) -> HALT (13)
2026-05-15 00:18:19 CartMoveState: HALT (13) -> IDLE (1)
2026-05-15 00:18:19 Handler State: EXCHANGE_THREE (11) -> POST_PROCESS (12)
2026-05-15 00:18:19 Handler State: POST_PROCESS (12) -> EMPTY_AUX (13)
2026-05-15 00:18:19 CartMove: Move, from 108 to 103
2026-05-15 00:18:19 CartMoveState: IDLE (1) -> FROM_MOVE (3)
2026-05-15 00:18:20 CartMoveState: FROM_MOVE (3) -> FROM_CART (4)
2026-05-15 00:18:23 CartMoveState: FROM_CART (4) -> AUX_DECIDE (5)
2026-05-15 00:18:23 CartMoveState: AUX_DECIDE (5) -> TO_MOVE (10)
2026-05-15 00:18:25 CartMoveState: TO_MOVE (10) -> TO_CART (11)
2026-05-15 00:18:27 CartMoveState: TO_CART (11) -> HOME_MOVE (12)
2026-05-15 00:18:28 CartMoveState: HOME_MOVE (12) -> HALT (13)
2026-05-15 00:18:28 CartMoveState: HALT (13) -> IDLE (1)
2026-05-15 00:18:28 Handler State: EMPTY_AUX (13) -> MOVE_ARM_HOME (14)
2026-05-15 00:18:28 Handler State: MOVE_ARM_HOME (14) -> HANDLER_IDLE (1)
2026-05-15 00:18:33 Handler State: HANDLER_IDLE (1) -> HANDLER_START (2)
2026-05-15 00:18:34 Handler State: HANDLER_START (2) -> DECIDE_CART (3)
2026-05-15 00:18:34 Selection: IFS has correct material.
2026-05-15 00:18:34 Selection: Last resort, just pick the first cartridge.
2026-05-15 00:18:34 Selected Primary Cartridge: 5
2026-05-15 00:18:34 Selected Primary Station: 103
2026-05-15 00:18:34 Selected Secondary Cartridge: 0
2026-05-15 00:18:34 Selected Secondary Station: 0
2026-05-15 00:18:34 Selected Filling Volume: 303
2026-05-15 00:18:34 Handler State: DECIDE_CART (3) -> CHECK_SEC_CART (26)
2026-05-15 00:18:34 Handler State: CHECK_SEC_CART (26) -> PROBE_CART (24)
2026-05-15 00:18:34 CartMove: Exchange 1, from 103
2026-05-15 00:18:34 CartMoveState: IDLE (1) -> FROM_MOVE (3)
2026-05-15 00:18:34 CartMoveState: FROM_MOVE (3) -> FROM_PROBE (19)
2026-05-15 00:18:36 Handler State: PROBE_CART (24) -> PROCESS_CART (6)
2026-05-15 00:19:12 Setting CBS color valve (FillGate): 2
2026-05-15 00:19:13 Primed volume (FillGate): 2.73633
2026-05-15 00:19:13 Re-Calculated Filling Volume: 303
2026-05-15 00:19:13 Setting CBS color valve (FillCart): 2
2026-05-15 00:19:30 Handler State: PROCESS_CART (6) -> EXCHANGE_ONE (7)
2026-05-15 00:19:30 CartMove: Exchange 1, from 103
2026-05-15 00:19:30 CartMoveState: FROM_PROBE (19) -> FROM_CART (4)
2026-05-15 00:19:35 Setting CBS color valve (Finished): 0
2026-05-15 00:19:37 CartMoveState: FROM_CART (4) -> TO_MOVE (10)
2026-05-15 00:19:39 CartMoveState: TO_MOVE (10) -> EXCH_1_WAIT (14)
2026-05-15 00:19:39 Handler State: EXCHANGE_ONE (7) -> START_DCU (8)
2026-05-15 00:20:12 Handler State: START_DCU (8) -> EXCHANGE_TWO (9)
2026-05-15 00:20:12 CartMove: Exchange 2
2026-05-15 00:20:13 CartMoveState: EXCH_1_WAIT (14) -> EXCH_1_CART (15)
2026-05-15 00:20:16 CartMoveState: EXCH_1_CART (15) -> EXCH_2_MOVE (16)
2026-05-15 00:20:17 CartMoveState: EXCH_2_MOVE (16) -> EXCH_2_CART (17)
2026-05-15 00:20:19 CartMoveState: EXCH_2_CART (17) -> STORE_DECIDE (18)
2026-05-15 00:20:19 Used volume for last job: 0
2026-05-15 00:20:19 Handler State: EXCHANGE_TWO (9) -> WAIT_FOR_DCU (10)
2026-05-15 00:20:20 Handler State: WAIT_FOR_DCU (10) -> EXCHANGE_THREE (11)
2026-05-15 00:20:20 CartMove: Exchange 3
2026-05-15 00:20:20 CartMoveState: STORE_DECIDE (18) -> AUX_DECIDE (5)
2026-05-15 00:20:20 CartMoveState: AUX_DECIDE (5) -> TO_MOVE (10)
2026-05-15 00:20:21 CartMoveState: TO_MOVE (10) -> TO_CART (11)
2026-05-15 00:20:23 CartMoveState: TO_CART (11) -> HOME_MOVE (12)
2026-05-15 00:20:24 CartMoveState: HOME_MOVE (12) -> HALT (13)
2026-05-15 00:20:24 CartMoveState: HALT (13) -> IDLE (1)
2026-05-15 00:20:24 Handler State: EXCHANGE_THREE (11) -> POST_PROCESS (12)
2026-05-15 00:20:24 Handler State: POST_PROCESS (12) -> MOVE_ARM_HOME (14)
2026-05-15 00:20:24 Handler State: MOVE_ARM_HOME (14) -> HANDLER_IDLE (1)
2026-05-15 00:20:41 Handler State: HANDLER_IDLE (1) -> HANDLER_START (2)
2026-05-15 00:20:42 Handler State: HANDLER_START (2) -> DECIDE_CART (3)
2026-05-15 00:20:42 Selection: Last resort, just pick the first IFS.
2026-05-15 00:20:42 Selection: Last resort, just pick the first cartridge.
2026-05-15 00:20:42 Selected Primary Cartridge: 3
2026-05-15 00:20:42 Selected Primary Station: 104
2026-05-15 00:20:42 Selected Secondary Cartridge: 0
2026-05-15 00:20:42 Selected Secondary Station: 0
2026-05-15 00:20:42 Selected Filling Volume: 640
2026-05-15 00:20:42 Handler State: DECIDE_CART (3) -> REMOVE_CART (4)
2026-05-15 00:20:42 CartMove: Move, from 104 to 108
2026-05-15 00:20:42 CartMoveState: IDLE (1) -> FROM_MOVE (3)
2026-05-15 00:20:42 CartMoveState: FROM_MOVE (3) -> FROM_CART (4)
2026-05-15 00:20:45 CartMoveState: FROM_CART (4) -> AUX_DECIDE (5)
2026-05-15 00:20:45 CartMoveState: AUX_DECIDE (5) -> TO_MOVE (10)
2026-05-15 00:20:47 CartMoveState: TO_MOVE (10) -> TO_CART (11)
2026-05-15 00:20:49 CartMoveState: TO_CART (11) -> HOME_MOVE (12)
2026-05-15 00:20:51 CartMoveState: HOME_MOVE (12) -> HALT (13)
2026-05-15 00:20:51 CartMoveState: HALT (13) -> IDLE (1)
2026-05-15 00:20:51 Handler State: REMOVE_CART (4) -> PLACE_CART (5)
2026-05-15 00:20:51 CartMove: Move, from 107 to 104
2026-05-15 00:20:51 CartMoveState: IDLE (1) -> FROM_MOVE (3)
2026-05-15 00:20:52 CartMoveState: FROM_MOVE (3) -> FROM_CART (4)
2026-05-15 00:20:55 CartMoveState: FROM_CART (4) -> AUX_DECIDE (5)
2026-05-15 00:20:55 CartMoveState: AUX_DECIDE (5) -> TO_MOVE (10)
2026-05-15 00:20:57 CartMoveState: TO_MOVE (10) -> TO_CART (11)
2026-05-15 00:20:59 CartMoveState: TO_CART (11) -> HOME_MOVE (12)
2026-05-15 00:21:00 CartMoveState: HOME_MOVE (12) -> HALT (13)
2026-05-15 00:21:00 CartMoveState: HALT (13) -> IDLE (1)
2026-05-15 00:21:00 Handler State: PLACE_CART (5) -> CHECK_SEC_CART (26)
2026-05-15 00:21:00 Handler State: CHECK_SEC_CART (26) -> PROBE_CART (24)
2026-05-15 00:21:00 CartMove: Exchange 1, from 104
2026-05-15 00:21:00 CartMoveState: IDLE (1) -> FROM_MOVE (3)
2026-05-15 00:21:01 CartMoveState: FROM_MOVE (3) -> FROM_PROBE (19)
2026-05-15 00:21:02 Handler State: PROBE_CART (24) -> PROCESS_CART (6)
2026-05-15 00:21:36 Setting CBS color valve (FillIFS): 2
2026-05-15 00:21:37 Primed volume (FillIFS): 4.53704
2026-05-15 00:21:37 Re-Calculated Filling Volume: 640
2026-05-15 00:21:37 Setting CBS color valve (FillCart): 2
2026-05-15 00:22:02 Handler State: PROCESS_CART (6) -> EXCHANGE_ONE (7)
2026-05-15 00:22:02 CartMove: Exchange 1, from 104
2026-05-15 00:22:02 CartMoveState: FROM_PROBE (19) -> FROM_CART (4)
2026-05-15 00:22:07 Setting CBS color valve (Finished): 0
2026-05-15 00:22:09 CartMoveState: FROM_CART (4) -> TO_MOVE (10)
2026-05-15 00:22:11 CartMoveState: TO_MOVE (10) -> EXCH_1_WAIT (14)
2026-05-15 00:22:11 Handler State: EXCHANGE_ONE (7) -> START_DCU (8)
2026-05-15 00:22:11 Handler State: START_DCU (8) -> EXCHANGE_TWO (9)
2026-05-15 00:22:11 CartMove: Exchange 2
2026-05-15 00:22:11 CartMoveState: EXCH_1_WAIT (14) -> EXCH_1_CART (15)
2026-05-15 00:22:14 CartMoveState: EXCH_1_CART (15) -> EXCH_2_MOVE (16)
2026-05-15 00:22:15 CartMoveState: EXCH_2_MOVE (16) -> EXCH_2_CART (17)
2026-05-15 00:22:17 CartMoveState: EXCH_2_CART (17) -> STORE_DECIDE (18)
2026-05-15 00:22:17 Used volume for last job: 254.453
2026-05-15 00:22:17 Handler State: EXCHANGE_TWO (9) -> WAIT_FOR_DCU (10)
2026-05-15 00:22:18 Handler State: WAIT_FOR_DCU (10) -> EXCHANGE_THREE (11)
2026-05-15 00:22:18 CartMove: Exchange 3
2026-05-15 00:22:18 CartMoveState: STORE_DECIDE (18) -> AUX_DECIDE (5)
2026-05-15 00:22:18 CartMoveState: AUX_DECIDE (5) -> TO_MOVE (10)
2026-05-15 00:22:20 CartMoveState: TO_MOVE (10) -> TO_CART (11)
2026-05-15 00:22:22 CartMoveState: TO_CART (11) -> HOME_MOVE (12)
2026-05-15 00:22:23 CartMoveState: HOME_MOVE (12) -> HALT (13)
2026-05-15 00:22:23 CartMoveState: HALT (13) -> IDLE (1)
2026-05-15 00:22:23 Handler State: EXCHANGE_THREE (11) -> POST_PROCESS (12)
2026-05-15 00:22:23 Handler State: POST_PROCESS (12) -> EMPTY_AUX (13)
2026-05-15 00:22:23 CartMove: Move, from 108 to 104
2026-05-15 00:22:23 CartMoveState: IDLE (1) -> FROM_MOVE (3)
2026-05-15 00:22:25 CartMoveState: FROM_MOVE (3) -> FROM_CART (4)
2026-05-15 00:22:28 CartMoveState: FROM_CART (4) -> AUX_DECIDE (5)
2026-05-15 00:22:28 CartMoveState: AUX_DECIDE (5) -> TO_MOVE (10)
2026-05-15 00:22:29 CartMoveState: TO_MOVE (10) -> TO_CART (11)
2026-05-15 00:22:32 CartMoveState: TO_CART (11) -> HOME_MOVE (12)
2026-05-15 00:22:32 CartMoveState: HOME_MOVE (12) -> HALT (13)
2026-05-15 00:22:32 CartMoveState: HALT (13) -> IDLE (1)
2026-05-15 00:22:32 Handler State: EMPTY_AUX (13) -> MOVE_ARM_HOME (14)
2026-05-15 00:22:32 Handler State: MOVE_ARM_HOME (14) -> HANDLER_IDLE (1)
2026-05-15 00:23:06 Handler State: HANDLER_IDLE (1) -> HANDLER_START (2)
2026-05-15 00:23:07 Handler State: HANDLER_START (2) -> DECIDE_CART (3)
2026-05-15 00:23:07 Selection: Last resort, just pick the first IFS.
2026-05-15 00:23:07 Selection: Last resort, just pick the first cartridge.
2026-05-15 00:23:07 Selected Primary Cartridge: 1
2026-05-15 00:23:07 Selected Primary Station: 102
2026-05-15 00:23:07 Selected Secondary Cartridge: 0
2026-05-15 00:23:07 Selected Secondary Station: 0
2026-05-15 00:23:07 Selected Filling Volume: 351
2026-05-15 00:23:07 Handler State: DECIDE_CART (3) -> CHECK_SEC_CART (26)
2026-05-15 00:23:07 Handler State: CHECK_SEC_CART (26) -> PROBE_CART (24)
2026-05-15 00:23:07 CartMove: Exchange 1, from 102
2026-05-15 00:23:07 CartMoveState: IDLE (1) -> FROM_MOVE (3)
2026-05-15 00:23:08 CartMoveState: FROM_MOVE (3) -> FROM_PROBE (19)
2026-05-15 00:23:09 Handler State: PROBE_CART (24) -> PROCESS_CART (6)
2026-05-15 00:23:46 Setting CBS color valve (FillIFS): 2
2026-05-15 00:23:47 Primed volume (FillIFS): 4.52354
2026-05-15 00:23:47 Re-Calculated Filling Volume: 351
2026-05-15 00:23:47 Setting CBS color valve (FillCart): 2
2026-05-15 00:24:05 Handler State: PROCESS_CART (6) -> EXCHANGE_ONE (7)
2026-05-15 00:24:05 CartMove: Exchange 1, from 102
2026-05-15 00:24:05 CartMoveState: FROM_PROBE (19) -> FROM_CART (4)
2026-05-15 00:24:12 Setting CBS color valve (Finished): 0
2026-05-15 00:24:14 CartMoveState: FROM_CART (4) -> TO_MOVE (10)
2026-05-15 00:24:15 CartMoveState: TO_MOVE (10) -> EXCH_1_WAIT (14)
2026-05-15 00:24:15 Handler State: EXCHANGE_ONE (7) -> START_DCU (8)
2026-05-15 00:24:57 Handler State: START_DCU (8) -> EXCHANGE_TWO (9)
2026-05-15 00:24:57 CartMove: Exchange 2
2026-05-15 00:25:08 CartMoveState: EXCH_1_WAIT (14) -> EXCH_1_CART (15)
2026-05-15 00:25:10 CartMoveState: EXCH_1_CART (15) -> EXCH_2_MOVE (16)
2026-05-15 00:25:11 CartMoveState: EXCH_2_MOVE (16) -> EXCH_2_CART (17)
2026-05-15 00:25:13 CartMoveState: EXCH_2_CART (17) -> STORE_DECIDE (18)
2026-05-15 00:25:13 Used volume for last job: 443.76
2026-05-15 00:25:13 Handler State: EXCHANGE_TWO (9) -> WAIT_FOR_DCU (10)
2026-05-15 00:25:15 Handler State: WAIT_FOR_DCU (10) -> EXCHANGE_THREE (11)
2026-05-15 00:25:15 CartMove: Exchange 3
2026-05-15 00:25:15 CartMoveState: STORE_DECIDE (18) -> AUX_DECIDE (5)
2026-05-15 00:25:15 CartMoveState: AUX_DECIDE (5) -> TO_MOVE (10)
2026-05-15 00:25:16 CartMoveState: TO_MOVE (10) -> TO_CART (11)
2026-05-15 00:25:19 CartMoveState: TO_CART (11) -> HOME_MOVE (12)
2026-05-15 00:25:20 CartMoveState: HOME_MOVE (12) -> HALT (13)
2026-05-15 00:25:20 CartMoveState: HALT (13) -> IDLE (1)
2026-05-15 00:25:20 Handler State: EXCHANGE_THREE (11) -> POST_PROCESS (12)
2026-05-15 00:25:20 Handler State: POST_PROCESS (12) -> MOVE_ARM_HOME (14)
2026-05-15 00:25:20 Handler State: MOVE_ARM_HOME (14) -> HANDLER_IDLE (1)
2026-05-15 00:27:47 Handler State: HANDLER_IDLE (1) -> HANDLER_START (2)
2026-05-15 00:27:48 Handler State: HANDLER_START (2) -> DECIDE_CART (3)
2026-05-15 00:27:48 Selection: IFS has correct material.
2026-05-15 00:27:48 Selection: Last resort, just pick the first cartridge.
2026-05-15 00:27:48 Selected Primary Cartridge: 4
2026-05-15 00:27:48 Selected Primary Station: 102
2026-05-15 00:27:48 Selected Secondary Cartridge: 0
2026-05-15 00:27:48 Selected Secondary Station: 0
2026-05-15 00:27:48 Selected Filling Volume: 285
2026-05-15 00:27:48 Handler State: DECIDE_CART (3) -> PLACE_CART (5)
2026-05-15 00:27:48 CartMove: Move, from 105 to 102
2026-05-15 00:27:48 CartMoveState: IDLE (1) -> FROM_MOVE (3)
2026-05-15 00:27:49 CartMoveState: FROM_MOVE (3) -> FROM_CART (4)
2026-05-15 00:27:52 CartMoveState: FROM_CART (4) -> AUX_DECIDE (5)
2026-05-15 00:27:52 CartMoveState: AUX_DECIDE (5) -> TO_MOVE (10)
2026-05-15 00:27:54 CartMoveState: TO_MOVE (10) -> TO_CART (11)
2026-05-15 00:27:56 CartMoveState: TO_CART (11) -> HOME_MOVE (12)
2026-05-15 00:27:57 CartMoveState: HOME_MOVE (12) -> HALT (13)
2026-05-15 00:27:57 CartMoveState: HALT (13) -> IDLE (1)
2026-05-15 00:27:57 Handler State: PLACE_CART (5) -> CHECK_SEC_CART (26)
2026-05-15 00:27:57 Handler State: CHECK_SEC_CART (26) -> PROBE_CART (24)
2026-05-15 00:27:57 CartMove: Exchange 1, from 102
2026-05-15 00:27:57 CartMoveState: IDLE (1) -> FROM_MOVE (3)
2026-05-15 00:27:58 CartMoveState: FROM_MOVE (3) -> FROM_PROBE (19)
2026-05-15 00:27:59 Handler State: PROBE_CART (24) -> PROCESS_CART (6)
2026-05-15 00:28:33 Setting CBS color valve (FillGate): 2
2026-05-15 00:28:34 Primed volume (FillGate): 1.72116
2026-05-15 00:28:34 Re-Calculated Filling Volume: 285
2026-05-15 00:28:34 Setting CBS color valve (FillCart): 2
2026-05-15 00:28:50 Handler State: PROCESS_CART (6) -> EXCHANGE_ONE (7)
2026-05-15 00:28:50 CartMove: Exchange 1, from 102
2026-05-15 00:28:50 CartMoveState: FROM_PROBE (19) -> FROM_CART (4)
2026-05-15 00:28:57 Setting CBS color valve (Finished): 0
2026-05-15 00:28:59 CartMoveState: FROM_CART (4) -> TO_MOVE (10)
2026-05-15 00:29:00 CartMoveState: TO_MOVE (10) -> EXCH_1_WAIT (14)
2026-05-15 00:29:00 Handler State: EXCHANGE_ONE (7) -> START_DCU (8)
2026-05-15 00:29:26 Handler State: START_DCU (8) -> EXCHANGE_TWO (9)
2026-05-15 00:29:26 CartMove: Exchange 2
2026-05-15 00:29:27 CartMoveState: EXCH_1_WAIT (14) -> EXCH_1_CART (15)
2026-05-15 00:29:30 CartMoveState: EXCH_1_CART (15) -> EXCH_2_MOVE (16)
2026-05-15 00:29:31 CartMoveState: EXCH_2_MOVE (16) -> EXCH_2_CART (17)
2026-05-15 00:29:33 CartMoveState: EXCH_2_CART (17) -> STORE_DECIDE (18)
2026-05-15 00:29:33 Used volume for last job: 0
2026-05-15 00:29:33 Handler State: EXCHANGE_TWO (9) -> WAIT_FOR_DCU (10)
2026-05-15 00:29:35 Handler State: WAIT_FOR_DCU (10) -> EXCHANGE_THREE (11)
2026-05-15 00:29:35 CartMove: Exchange 3
2026-05-15 00:29:35 CartMoveState: STORE_DECIDE (18) -> AUX_DECIDE (5)
2026-05-15 00:29:35 CartMoveState: AUX_DECIDE (5) -> TO_MOVE (10)
2026-05-15 00:29:35 CartMoveState: TO_MOVE (10) -> TO_CART (11)
2026-05-15 00:29:37 CartMoveState: TO_CART (11) -> HOME_MOVE (12)
2026-05-15 00:29:38 CartMoveState: HOME_MOVE (12) -> HALT (13)
2026-05-15 00:29:38 CartMoveState: HALT (13) -> IDLE (1)
2026-05-15 00:29:38 Handler State: EXCHANGE_THREE (11) -> POST_PROCESS (12)
2026-05-15 00:29:38 Handler State: POST_PROCESS (12) -> MOVE_ARM_HOME (14)
2026-05-15 00:29:38 Handler State: MOVE_ARM_HOME (14) -> HANDLER_IDLE (1)
2026-05-15 00:29:54 Handler State: HANDLER_IDLE (1) -> HANDLER_START (2)
2026-05-15 00:29:55 Handler State: HANDLER_START (2) -> DECIDE_CART (3)
2026-05-15 00:29:55 Selection: Last resort, just pick the first IFS.
2026-05-15 00:29:55 Selection: Last resort, just pick the first cartridge.
2026-05-15 00:29:55 Selected Primary Cartridge: 2
2026-05-15 00:29:55 Selected Primary Station: 103
2026-05-15 00:29:55 Selected Secondary Cartridge: 0
2026-05-15 00:29:55 Selected Secondary Station: 0
2026-05-15 00:29:55 Selected Filling Volume: 640
2026-05-15 00:29:55 Handler State: DECIDE_CART (3) -> CHECK_SEC_CART (26)
2026-05-15 00:29:55 Handler State: CHECK_SEC_CART (26) -> PROBE_CART (24)
2026-05-15 00:29:55 CartMove: Exchange 1, from 103
2026-05-15 00:29:55 CartMoveState: IDLE (1) -> FROM_MOVE (3)
2026-05-15 00:29:55 CartMoveState: FROM_MOVE (3) -> FROM_PROBE (19)
2026-05-15 00:29:57 Handler State: PROBE_CART (24) -> PROCESS_CART (6)
2026-05-15 00:30:34 Setting CBS color valve (FillIFS): 1
2026-05-15 00:30:35 Primed volume (FillIFS): 0.0898647
2026-05-15 00:30:35 Re-Calculated Filling Volume: 640
2026-05-15 00:30:35 Setting CBS color valve (FillCart): 1
2026-05-15 00:30:59 Handler State: PROCESS_CART (6) -> EXCHANGE_ONE (7)
2026-05-15 00:30:59 CartMove: Exchange 1, from 103
2026-05-15 00:30:59 CartMoveState: FROM_PROBE (19) -> FROM_CART (4)
2026-05-15 00:31:04 Setting CBS color valve (Finished): 0
2026-05-15 00:31:06 CartMoveState: FROM_CART (4) -> TO_MOVE (10)
2026-05-15 00:31:08 CartMoveState: TO_MOVE (10) -> EXCH_1_WAIT (14)
2026-05-15 00:31:08 Handler State: EXCHANGE_ONE (7) -> START_DCU (8)
2026-05-15 00:31:08 Handler State: START_DCU (8) -> EXCHANGE_TWO (9)
2026-05-15 00:31:08 CartMove: Exchange 2
2026-05-15 00:31:19 CartMoveState: EXCH_1_WAIT (14) -> EXCH_1_CART (15)
2026-05-15 00:31:21 CartMoveState: EXCH_1_CART (15) -> EXCH_2_MOVE (16)
2026-05-15 00:31:22 CartMoveState: EXCH_2_MOVE (16) -> EXCH_2_CART (17)
2026-05-15 00:31:24 CartMoveState: EXCH_2_CART (17) -> STORE_DECIDE (18)
2026-05-15 00:31:24 Used volume for last job: 235.508
2026-05-15 00:31:24 Handler State: EXCHANGE_TWO (9) -> WAIT_FOR_DCU (10)
2026-05-15 00:31:26 Handler State: WAIT_FOR_DCU (10) -> EXCHANGE_THREE (11)
2026-05-15 00:31:26 CartMove: Exchange 3
2026-05-15 00:31:26 CartMoveState: STORE_DECIDE (18) -> AUX_DECIDE (5)
2026-05-15 00:31:26 CartMoveState: AUX_DECIDE (5) -> TO_MOVE (10)
2026-05-15 00:31:28 CartMoveState: TO_MOVE (10) -> TO_CART (11)
2026-05-15 00:31:30 CartMoveState: TO_CART (11) -> HOME_MOVE (12)
2026-05-15 00:31:31 CartMoveState: HOME_MOVE (12) -> HALT (13)
2026-05-15 00:31:31 CartMoveState: HALT (13) -> IDLE (1)
2026-05-15 00:31:31 Handler State: EXCHANGE_THREE (11) -> POST_PROCESS (12)
2026-05-15 00:31:31 Handler State: POST_PROCESS (12) -> MOVE_ARM_HOME (14)
2026-05-15 00:31:31 Handler State: MOVE_ARM_HOME (14) -> HANDLER_IDLE (1)
2026-05-15 00:32:22 Handler State: HANDLER_IDLE (1) -> HANDLER_START (2)
2026-05-15 00:32:23 Handler State: HANDLER_START (2) -> DECIDE_CART (3)
2026-05-15 00:32:23 Selection: IFS has correct material.
2026-05-15 00:32:23 Selection: Last resort, just pick the first cartridge.
2026-05-15 00:32:23 Selected Primary Cartridge: 5
2026-05-15 00:32:23 Selected Primary Station: 103
2026-05-15 00:32:23 Selected Secondary Cartridge: 0
2026-05-15 00:32:23 Selected Secondary Station: 0
2026-05-15 00:32:23 Selected Filling Volume: 640
2026-05-15 00:32:23 Handler State: DECIDE_CART (3) -> PLACE_CART (5)
2026-05-15 00:32:23 CartMove: Move, from 106 to 103
2026-05-15 00:32:23 CartMoveState: IDLE (1) -> FROM_MOVE (3)
2026-05-15 00:32:24 CartMoveState: FROM_MOVE (3) -> FROM_CART (4)
2026-05-15 00:32:27 CartMoveState: FROM_CART (4) -> AUX_DECIDE (5)
2026-05-15 00:32:27 CartMoveState: AUX_DECIDE (5) -> TO_MOVE (10)
2026-05-15 00:32:29 CartMoveState: TO_MOVE (10) -> TO_CART (11)
2026-05-15 00:32:31 CartMoveState: TO_CART (11) -> HOME_MOVE (12)
2026-05-15 00:32:31 CartMoveState: HOME_MOVE (12) -> HALT (13)
2026-05-15 00:32:31 CartMoveState: HALT (13) -> IDLE (1)
2026-05-15 00:32:31 Handler State: PLACE_CART (5) -> CHECK_SEC_CART (26)
2026-05-15 00:32:31 Handler State: CHECK_SEC_CART (26) -> PROBE_CART (24)
2026-05-15 00:32:31 CartMove: Exchange 1, from 103
2026-05-15 00:32:31 CartMoveState: IDLE (1) -> FROM_MOVE (3)
2026-05-15 00:32:31 CartMoveState: FROM_MOVE (3) -> FROM_PROBE (19)
2026-05-15 00:32:33 Handler State: PROBE_CART (24) -> PROCESS_CART (6)
2026-05-15 00:33:05 Setting CBS color valve (FillGate): 1
2026-05-15 00:33:06 Primed volume (FillGate): 1.21848
2026-05-15 00:33:06 Re-Calculated Filling Volume: 640
2026-05-15 00:33:06 Setting CBS color valve (FillCart): 1
2026-05-15 00:33:29 Handler State: PROCESS_CART (6) -> EXCHANGE_ONE (7)
2026-05-15 00:33:29 CartMove: Exchange 1, from 103
2026-05-15 00:33:29 CartMoveState: FROM_PROBE (19) -> FROM_CART (4)
2026-05-15 00:33:35 Setting CBS color valve (Finished): 0
2026-05-15 00:33:36 CartMoveState: FROM_CART (4) -> TO_MOVE (10)
2026-05-15 00:33:38 CartMoveState: TO_MOVE (10) -> EXCH_1_WAIT (14)
2026-05-15 00:33:38 Handler State: EXCHANGE_ONE (7) -> START_DCU (8)
2026-05-15 00:34:50 Handler State: START_DCU (8) -> EXCHANGE_TWO (9)
2026-05-15 00:34:50 CartMove: Exchange 2
2026-05-15 00:34:51 CartMoveState: EXCH_1_WAIT (14) -> EXCH_1_CART (15)
2026-05-15 00:34:53 CartMoveState: EXCH_1_CART (15) -> EXCH_2_MOVE (16)
2026-05-15 00:34:54 CartMoveState: EXCH_2_MOVE (16) -> EXCH_2_CART (17)
2026-05-15 00:34:56 CartMoveState: EXCH_2_CART (17) -> STORE_DECIDE (18)
2026-05-15 00:34:56 Used volume for last job: 0
2026-05-15 00:34:56 Handler State: EXCHANGE_TWO (9) -> WAIT_FOR_DCU (10)
2026-05-15 00:34:58 Handler State: WAIT_FOR_DCU (10) -> EXCHANGE_THREE (11)
2026-05-15 00:34:58 CartMove: Exchange 3
2026-05-15 00:34:58 CartMoveState: STORE_DECIDE (18) -> AUX_DECIDE (5)
2026-05-15 00:34:58 CartMoveState: AUX_DECIDE (5) -> TO_MOVE (10)
2026-05-15 00:34:58 CartMoveState: TO_MOVE (10) -> TO_CART (11)
2026-05-15 00:35:01 CartMoveState: TO_CART (11) -> HOME_MOVE (12)
2026-05-15 00:35:02 CartMoveState: HOME_MOVE (12) -> HALT (13)
2026-05-15 00:35:02 CartMoveState: HALT (13) -> IDLE (1)
2026-05-15 00:35:02 Handler State: EXCHANGE_THREE (11) -> POST_PROCESS (12)
2026-05-15 00:35:02 Handler State: POST_PROCESS (12) -> MOVE_ARM_HOME (14)
2026-05-15 00:35:03 Handler State: MOVE_ARM_HOME (14) -> HANDLER_IDLE (1)
2026-05-15 00:35:08 Handler State: HANDLER_IDLE (1) -> HANDLER_START (2)
2026-05-15 00:35:09 Handler State: HANDLER_START (2) -> DECIDE_CART (3)
2026-05-15 00:35:09 Selection: Last resort, just pick the first IFS.
2026-05-15 00:35:09 Selection: Last resort, just pick the first cartridge.
2026-05-15 00:35:09 Selected Primary Cartridge: 2
2026-05-15 00:35:09 Selected Primary Station: 103
2026-05-15 00:35:09 Selected Secondary Cartridge: 0
2026-05-15 00:35:09 Selected Secondary Station: 0
2026-05-15 00:35:09 Selected Filling Volume: 397
2026-05-15 00:35:09 Handler State: DECIDE_CART (3) -> CHECK_SEC_CART (26)
2026-05-15 00:35:09 Handler State: CHECK_SEC_CART (26) -> PROBE_CART (24)
2026-05-15 00:35:09 CartMove: Exchange 1, from 103
2026-05-15 00:35:09 CartMoveState: IDLE (1) -> FROM_MOVE (3)
2026-05-15 00:35:09 CartMoveState: FROM_MOVE (3) -> FROM_PROBE (19)
2026-05-15 00:35:11 Handler State: PROBE_CART (24) -> PROCESS_CART (6)
2026-05-15 00:36:18 Setting CBS color valve (FillIFS): 2
2026-05-15 00:36:19 Primed volume (FillIFS): 0.160803
2026-05-15 00:36:19 Re-Calculated Filling Volume: 397
2026-05-15 00:36:19 Setting CBS color valve (FillCart): 2
2026-05-15 00:36:37 Handler State: PROCESS_CART (6) -> EXCHANGE_ONE (7)
2026-05-15 00:36:37 CartMove: Exchange 1, from 103
2026-05-15 00:36:37 CartMoveState: FROM_PROBE (19) -> FROM_CART (4)
2026-05-15 00:36:43 Setting CBS color valve (Finished): 0
2026-05-15 00:36:45 CartMoveState: FROM_CART (4) -> TO_MOVE (10)
2026-05-15 00:36:46 CartMoveState: TO_MOVE (10) -> EXCH_1_WAIT (14)
2026-05-15 00:36:46 Handler State: EXCHANGE_ONE (7) -> START_DCU (8)
2026-05-15 00:36:49 Handler State: START_DCU (8) -> EXCHANGE_TWO (9)
2026-05-15 00:36:49 CartMove: Exchange 2
2026-05-15 00:37:00 CartMoveState: EXCH_1_WAIT (14) -> EXCH_1_CART (15)
2026-05-15 00:37:03 CartMoveState: EXCH_1_CART (15) -> EXCH_2_MOVE (16)
2026-05-15 00:37:03 CartMoveState: EXCH_2_MOVE (16) -> EXCH_2_CART (17)
2026-05-15 00:37:05 CartMoveState: EXCH_2_CART (17) -> STORE_DECIDE (18)
2026-05-15 00:37:05 Used volume for last job: 183.574
2026-05-15 00:37:05 Handler State: EXCHANGE_TWO (9) -> WAIT_FOR_DCU (10)
2026-05-15 00:37:07 Handler State: WAIT_FOR_DCU (10) -> EXCHANGE_THREE (11)
2026-05-15 00:37:07 CartMove: Exchange 3
2026-05-15 00:37:07 CartMoveState: STORE_DECIDE (18) -> AUX_DECIDE (5)
2026-05-15 00:37:07 CartMoveState: AUX_DECIDE (5) -> TO_MOVE (10)
2026-05-15 00:37:08 CartMoveState: TO_MOVE (10) -> TO_CART (11)
2026-05-15 00:37:10 CartMoveState: TO_CART (11) -> HOME_MOVE (12)
2026-05-15 00:37:11 CartMoveState: HOME_MOVE (12) -> HALT (13)
2026-05-15 00:37:11 CartMoveState: HALT (13) -> IDLE (1)
2026-05-15 00:37:11 Handler State: EXCHANGE_THREE (11) -> POST_PROCESS (12)
2026-05-15 00:37:11 Handler State: POST_PROCESS (12) -> MOVE_ARM_HOME (14)
2026-05-15 00:37:11 Handler State: MOVE_ARM_HOME (14) -> HANDLER_IDLE (1)
2026-05-15 00:38:09 Handler State: HANDLER_IDLE (1) -> HANDLER_START (2)
2026-05-15 00:38:10 Handler State: HANDLER_START (2) -> DECIDE_CART (3)
2026-05-15 00:38:10 Selection: Last resort, just pick the first IFS.
2026-05-15 00:38:10 Selection: Last resort, just pick the first cartridge.
2026-05-15 00:38:10 Selected Primary Cartridge: 3
2026-05-15 00:38:10 Selected Primary Station: 104
2026-05-15 00:38:10 Selected Secondary Cartridge: 0
2026-05-15 00:38:10 Selected Secondary Station: 0
2026-05-15 00:38:10 Selected Filling Volume: 453
2026-05-15 00:38:10 Handler State: DECIDE_CART (3) -> REMOVE_CART (4)
2026-05-15 00:38:10 CartMove: Move, from 104 to 108
2026-05-15 00:38:10 CartMoveState: IDLE (1) -> FROM_MOVE (3)
2026-05-15 00:38:11 CartMoveState: FROM_MOVE (3) -> FROM_CART (4)
2026-05-15 00:38:14 CartMoveState: FROM_CART (4) -> AUX_DECIDE (5)
2026-05-15 00:38:14 CartMoveState: AUX_DECIDE (5) -> TO_MOVE (10)
2026-05-15 00:38:16 CartMoveState: TO_MOVE (10) -> TO_CART (11)
2026-05-15 00:38:18 CartMoveState: TO_CART (11) -> HOME_MOVE (12)
2026-05-15 00:38:19 CartMoveState: HOME_MOVE (12) -> HALT (13)
2026-05-15 00:38:19 CartMoveState: HALT (13) -> IDLE (1)
2026-05-15 00:38:19 Handler State: REMOVE_CART (4) -> PLACE_CART (5)
2026-05-15 00:38:19 CartMove: Move, from 107 to 104
2026-05-15 00:38:19 CartMoveState: IDLE (1) -> FROM_MOVE (3)
2026-05-15 00:38:21 CartMoveState: FROM_MOVE (3) -> FROM_CART (4)
2026-05-15 00:38:24 CartMoveState: FROM_CART (4) -> AUX_DECIDE (5)
2026-05-15 00:38:24 CartMoveState: AUX_DECIDE (5) -> TO_MOVE (10)
2026-05-15 00:38:25 CartMoveState: TO_MOVE (10) -> TO_CART (11)
2026-05-15 00:38:28 CartMoveState: TO_CART (11) -> HOME_MOVE (12)
2026-05-15 00:38:28 CartMoveState: HOME_MOVE (12) -> HALT (13)
2026-05-15 00:38:28 CartMoveState: HALT (13) -> IDLE (1)
2026-05-15 00:38:28 Handler State: PLACE_CART (5) -> CHECK_SEC_CART (26)
2026-05-15 00:38:28 Handler State: CHECK_SEC_CART (26) -> PROBE_CART (24)
2026-05-15 00:38:28 CartMove: Exchange 1, from 104
2026-05-15 00:38:28 CartMoveState: IDLE (1) -> FROM_MOVE (3)
2026-05-15 00:38:29 CartMoveState: FROM_MOVE (3) -> FROM_PROBE (19)
2026-05-15 00:38:31 Handler State: PROBE_CART (24) -> PROCESS_CART (6)
2026-05-15 00:39:24 Setting CBS color valve (FillIFS): 1
2026-05-15 00:39:26 Primed volume (FillIFS): 4.70041
2026-05-15 00:39:26 Re-Calculated Filling Volume: 453
2026-05-15 00:39:26 Setting CBS color valve (FillCart): 1
2026-05-15 00:39:47 Handler State: PROCESS_CART (6) -> EXCHANGE_ONE (7)
2026-05-15 00:39:47 CartMove: Exchange 1, from 104
2026-05-15 00:39:47 CartMoveState: FROM_PROBE (19) -> FROM_CART (4)
2026-05-15 00:39:53 Setting CBS color valve (Finished): 0
2026-05-15 00:39:55 CartMoveState: FROM_CART (4) -> TO_MOVE (10)
2026-05-15 00:39:56 CartMoveState: TO_MOVE (10) -> EXCH_1_WAIT (14)
2026-05-15 00:39:56 Handler State: EXCHANGE_ONE (7) -> START_DCU (8)
2026-05-15 00:40:18 Handler State: START_DCU (8) -> EXCHANGE_TWO (9)
2026-05-15 00:40:18 CartMove: Exchange 2
2026-05-15 00:40:28 CartMoveState: EXCH_1_WAIT (14) -> EXCH_1_CART (15)
2026-05-15 00:40:31 CartMoveState: EXCH_1_CART (15) -> EXCH_2_MOVE (16)
2026-05-15 00:40:32 CartMoveState: EXCH_2_MOVE (16) -> EXCH_2_CART (17)
2026-05-15 00:40:34 CartMoveState: EXCH_2_CART (17) -> STORE_DECIDE (18)
2026-05-15 00:40:34 Used volume for last job: 272.812
2026-05-15 00:40:34 Handler State: EXCHANGE_TWO (9) -> WAIT_FOR_DCU (10)
2026-05-15 00:40:36 Handler State: WAIT_FOR_DCU (10) -> EXCHANGE_THREE (11)
2026-05-15 00:40:36 CartMove: Exchange 3
2026-05-15 00:40:36 CartMoveState: STORE_DECIDE (18) -> AUX_DECIDE (5)
2026-05-15 00:40:36 CartMoveState: AUX_DECIDE (5) -> TO_MOVE (10)
2026-05-15 00:40:37 CartMoveState: TO_MOVE (10) -> TO_CART (11)
2026-05-15 00:40:39 CartMoveState: TO_CART (11) -> HOME_MOVE (12)
2026-05-15 00:40:41 CartMoveState: HOME_MOVE (12) -> HALT (13)
2026-05-15 00:40:41 CartMoveState: HALT (13) -> IDLE (1)
2026-05-15 00:40:41 Handler State: EXCHANGE_THREE (11) -> POST_PROCESS (12)
2026-05-15 00:40:41 Handler State: POST_PROCESS (12) -> EMPTY_AUX (13)
2026-05-15 00:40:41 CartMove: Move, from 108 to 104
2026-05-15 00:40:41 CartMoveState: IDLE (1) -> FROM_MOVE (3)
2026-05-15 00:40:42 CartMoveState: FROM_MOVE (3) -> FROM_CART (4)
2026-05-15 00:40:45 CartMoveState: FROM_CART (4) -> AUX_DECIDE (5)
2026-05-15 00:40:45 CartMoveState: AUX_DECIDE (5) -> TO_MOVE (10)
2026-05-15 00:40:47 CartMoveState: TO_MOVE (10) -> TO_CART (11)
2026-05-15 00:40:49 CartMoveState: TO_CART (11) -> HOME_MOVE (12)
2026-05-15 00:40:50 CartMoveState: HOME_MOVE (12) -> HALT (13)
2026-05-15 00:40:50 CartMoveState: HALT (13) -> IDLE (1)
2026-05-15 00:40:50 Handler State: EMPTY_AUX (13) -> MOVE_ARM_HOME (14)
2026-05-15 00:40:50 Handler State: MOVE_ARM_HOME (14) -> HANDLER_IDLE (1)
2026-05-15 00:43:25 Handler State: HANDLER_IDLE (1) -> HANDLER_START (2)
2026-05-15 00:43:26 Handler State: HANDLER_START (2) -> DECIDE_CART (3)
2026-05-15 00:43:26 Selection: IFS has correct material.
2026-05-15 00:43:26 Selection: Last resort, just pick the first cartridge.
2026-05-15 00:43:26 Selected Primary Cartridge: 6
2026-05-15 00:43:26 Selected Primary Station: 104
2026-05-15 00:43:26 Selected Secondary Cartridge: 0
2026-05-15 00:43:26 Selected Secondary Station: 0
2026-05-15 00:43:26 Selected Filling Volume: 477
2026-05-15 00:43:26 Handler State: DECIDE_CART (3) -> CHECK_SEC_CART (26)
2026-05-15 00:43:26 Handler State: CHECK_SEC_CART (26) -> PROBE_CART (24)
2026-05-15 00:43:26 CartMove: Exchange 1, from 104
2026-05-15 00:43:26 CartMoveState: IDLE (1) -> FROM_MOVE (3)
2026-05-15 00:43:27 CartMoveState: FROM_MOVE (3) -> FROM_PROBE (19)
2026-05-15 00:43:29 Handler State: PROBE_CART (24) -> PROCESS_CART (6)
2026-05-15 00:44:04 Setting CBS color valve (FillGate): 1
2026-05-15 00:44:05 Primed volume (FillGate): 1.23017
2026-05-15 00:44:05 Re-Calculated Filling Volume: 477
2026-05-15 00:44:05 Setting CBS color valve (FillCart): 1
2026-05-15 00:44:26 Handler State: PROCESS_CART (6) -> EXCHANGE_ONE (7)
2026-05-15 00:44:26 CartMove: Exchange 1, from 104
2026-05-15 00:44:26 CartMoveState: FROM_PROBE (19) -> FROM_CART (4)
2026-05-15 00:44:32 Setting CBS color valve (Finished): 0
2026-05-15 00:44:34 CartMoveState: FROM_CART (4) -> TO_MOVE (10)
2026-05-15 00:44:35 CartMoveState: TO_MOVE (10) -> EXCH_1_WAIT (14)
2026-05-15 00:44:35 Handler State: EXCHANGE_ONE (7) -> START_DCU (8)
2026-05-15 00:45:10 Handler State: START_DCU (8) -> EXCHANGE_TWO (9)
2026-05-15 00:45:10 CartMove: Exchange 2
2026-05-15 00:45:12 CartMoveState: EXCH_1_WAIT (14) -> EXCH_1_CART (15)
2026-05-15 00:45:14 CartMoveState: EXCH_1_CART (15) -> EXCH_2_MOVE (16)
2026-05-15 00:45:15 CartMoveState: EXCH_2_MOVE (16) -> EXCH_2_CART (17)
2026-05-15 00:45:17 CartMoveState: EXCH_2_CART (17) -> STORE_DECIDE (18)
2026-05-15 00:45:17 Used volume for last job: 0
2026-05-15 00:45:17 Handler State: EXCHANGE_TWO (9) -> WAIT_FOR_DCU (10)
2026-05-15 00:45:19 Handler State: WAIT_FOR_DCU (10) -> EXCHANGE_THREE (11)
2026-05-15 00:45:19 CartMove: Exchange 3
2026-05-15 00:45:19 CartMoveState: STORE_DECIDE (18) -> AUX_DECIDE (5)
2026-05-15 00:45:19 CartMoveState: AUX_DECIDE (5) -> TO_MOVE (10)
2026-05-15 00:45:21 CartMoveState: TO_MOVE (10) -> TO_CART (11)
2026-05-15 00:45:23 CartMoveState: TO_CART (11) -> HOME_MOVE (12)
2026-05-15 00:45:24 CartMoveState: HOME_MOVE (12) -> HALT (13)
2026-05-15 00:45:24 CartMoveState: HALT (13) -> IDLE (1)
2026-05-15 00:45:24 Handler State: EXCHANGE_THREE (11) -> POST_PROCESS (12)
2026-05-15 00:45:24 Handler State: POST_PROCESS (12) -> MOVE_ARM_HOME (14)
2026-05-15 00:45:24 Handler State: MOVE_ARM_HOME (14) -> HANDLER_IDLE (1)
2026-05-15 00:46:36 Handler State: HANDLER_IDLE (1) -> HANDLER_START (2)
2026-05-15 00:46:37 Handler State: HANDLER_START (2) -> DECIDE_CART (3)
2026-05-15 00:46:37 Selection: Last resort, just pick the first IFS.
2026-05-15 00:46:37 Selection: Last resort, just pick the first cartridge.
2026-05-15 00:46:37 Selected Primary Cartridge: 1
2026-05-15 00:46:37 Selected Primary Station: 102
2026-05-15 00:46:37 Selected Secondary Cartridge: 0
2026-05-15 00:46:37 Selected Secondary Station: 0
2026-05-15 00:46:37 Selected Filling Volume: 377
2026-05-15 00:46:37 Handler State: DECIDE_CART (3) -> CHECK_SEC_CART (26)
2026-05-15 00:46:37 Handler State: CHECK_SEC_CART (26) -> PROBE_CART (24)
2026-05-15 00:46:37 CartMove: Exchange 1, from 102
2026-05-15 00:46:37 CartMoveState: IDLE (1) -> FROM_MOVE (3)
2026-05-15 00:46:38 CartMoveState: FROM_MOVE (3) -> FROM_PROBE (19)
2026-05-15 00:46:39 Handler State: PROBE_CART (24) -> PROCESS_CART (6)
2026-05-15 00:47:19 Setting CBS color valve (FillIFS): 1
2026-05-15 00:47:20 Primed volume (FillIFS): 3.92143
2026-05-15 00:47:20 Re-Calculated Filling Volume: 377
2026-05-15 00:47:20 Setting CBS color valve (FillCart): 1
2026-05-15 00:47:39 Handler State: PROCESS_CART (6) -> EXCHANGE_ONE (7)
2026-05-15 00:47:39 CartMove: Exchange 1, from 102
2026-05-15 00:47:39 CartMoveState: FROM_PROBE (19) -> FROM_CART (4)
2026-05-15 00:47:46 Setting CBS color valve (Finished): 0
2026-05-15 00:47:47 CartMoveState: FROM_CART (4) -> TO_MOVE (10)
2026-05-15 00:47:49 CartMoveState: TO_MOVE (10) -> EXCH_1_WAIT (14)
2026-05-15 00:47:49 Handler State: EXCHANGE_ONE (7) -> START_DCU (8)
2026-05-15 00:47:49 Handler State: START_DCU (8) -> EXCHANGE_TWO (9)
2026-05-15 00:47:49 CartMove: Exchange 2
2026-05-15 00:47:49 CartMoveState: EXCH_1_WAIT (14) -> EXCH_1_CART (15)
2026-05-15 00:47:52 CartMoveState: EXCH_1_CART (15) -> EXCH_2_MOVE (16)
2026-05-15 00:47:53 CartMoveState: EXCH_2_MOVE (16) -> EXCH_2_CART (17)
2026-05-15 00:47:55 CartMoveState: EXCH_2_CART (17) -> STORE_DECIDE (18)
2026-05-15 00:47:55 Used volume for last job: 426.469
2026-05-15 00:47:55 Handler State: EXCHANGE_TWO (9) -> WAIT_FOR_DCU (10)
2026-05-15 00:47:57 Handler State: WAIT_FOR_DCU (10) -> EXCHANGE_THREE (11)
2026-05-15 00:47:57 CartMove: Exchange 3
2026-05-15 00:47:57 CartMoveState: STORE_DECIDE (18) -> AUX_DECIDE (5)
2026-05-15 00:47:57 CartMoveState: AUX_DECIDE (5) -> TO_MOVE (10)
2026-05-15 00:47:58 CartMoveState: TO_MOVE (10) -> TO_CART (11)
2026-05-15 00:48:01 CartMoveState: TO_CART (11) -> HOME_MOVE (12)
2026-05-15 00:48:02 CartMoveState: HOME_MOVE (12) -> HALT (13)
2026-05-15 00:48:02 CartMoveState: HALT (13) -> IDLE (1)
2026-05-15 00:48:02 Handler State: EXCHANGE_THREE (11) -> POST_PROCESS (12)
2026-05-15 00:48:02 Handler State: POST_PROCESS (12) -> MOVE_ARM_HOME (14)
2026-05-15 00:48:02 Handler State: MOVE_ARM_HOME (14) -> HANDLER_IDLE (1)
2026-05-15 00:51:45 Handler State: HANDLER_IDLE (1) -> HANDLER_START (2)
2026-05-15 00:51:46 Handler State: HANDLER_START (2) -> DECIDE_CART (3)
2026-05-15 00:51:46 Selection: IFS has correct material.
2026-05-15 00:51:46 Selection: Last resort, just pick the first cartridge.
2026-05-15 00:51:46 Selected Primary Cartridge: 4
2026-05-15 00:51:46 Selected Primary Station: 102
2026-05-15 00:51:46 Selected Secondary Cartridge: 0
2026-05-15 00:51:46 Selected Secondary Station: 0
2026-05-15 00:51:46 Selected Filling Volume: 282
2026-05-15 00:51:46 Handler State: DECIDE_CART (3) -> PLACE_CART (5)
2026-05-15 00:51:46 CartMove: Move, from 105 to 102
2026-05-15 00:51:46 CartMoveState: IDLE (1) -> FROM_MOVE (3)
2026-05-15 00:51:47 CartMoveState: FROM_MOVE (3) -> FROM_CART (4)
2026-05-15 00:51:50 CartMoveState: FROM_CART (4) -> AUX_DECIDE (5)
2026-05-15 00:51:50 CartMoveState: AUX_DECIDE (5) -> TO_MOVE (10)
2026-05-15 00:51:51 CartMoveState: TO_MOVE (10) -> TO_CART (11)
2026-05-15 00:51:54 CartMoveState: TO_CART (11) -> HOME_MOVE (12)
2026-05-15 00:51:55 CartMoveState: HOME_MOVE (12) -> HALT (13)
2026-05-15 00:51:55 CartMoveState: HALT (13) -> IDLE (1)
2026-05-15 00:51:55 Handler State: PLACE_CART (5) -> CHECK_SEC_CART (26)
2026-05-15 00:51:55 Handler State: CHECK_SEC_CART (26) -> PROBE_CART (24)
2026-05-15 00:51:55 CartMove: Exchange 1, from 102
2026-05-15 00:51:55 CartMoveState: IDLE (1) -> FROM_MOVE (3)
2026-05-15 00:51:55 CartMoveState: FROM_MOVE (3) -> FROM_PROBE (19)
2026-05-15 00:51:57 Handler State: PROBE_CART (24) -> PROCESS_CART (6)
2026-05-15 00:52:31 Setting CBS color valve (FillGate): 1
2026-05-15 00:52:32 Primed volume (FillGate): 1.70455
2026-05-15 00:52:32 Re-Calculated Filling Volume: 282
2026-05-15 00:52:32 Setting CBS color valve (FillCart): 1
2026-05-15 00:52:48 Handler State: PROCESS_CART (6) -> EXCHANGE_ONE (7)
2026-05-15 00:52:48 CartMove: Exchange 1, from 102
2026-05-15 00:52:48 CartMoveState: FROM_PROBE (19) -> FROM_CART (4)
2026-05-15 00:52:55 Setting CBS color valve (Finished): 0
2026-05-15 00:52:57 CartMoveState: FROM_CART (4) -> TO_MOVE (10)
2026-05-15 00:52:57 CartMoveState: TO_MOVE (10) -> EXCH_1_WAIT (14)
2026-05-15 00:52:57 Handler State: EXCHANGE_ONE (7) -> START_DCU (8)
2026-05-15 00:53:24 Handler State: START_DCU (8) -> EXCHANGE_TWO (9)
2026-05-15 00:53:24 CartMove: Exchange 2
2026-05-15 00:53:25 CartMoveState: EXCH_1_WAIT (14) -> EXCH_1_CART (15)
2026-05-15 00:53:28 CartMoveState: EXCH_1_CART (15) -> EXCH_2_MOVE (16)
2026-05-15 00:53:29 CartMoveState: EXCH_2_MOVE (16) -> EXCH_2_CART (17)
2026-05-15 00:53:31 CartMoveState: EXCH_2_CART (17) -> STORE_DECIDE (18)
2026-05-15 00:53:31 Used volume for last job: 0
2026-05-15 00:53:31 Handler State: EXCHANGE_TWO (9) -> WAIT_FOR_DCU (10)
2026-05-15 00:53:33 Handler State: WAIT_FOR_DCU (10) -> EXCHANGE_THREE (11)
2026-05-15 00:53:33 CartMove: Exchange 3
2026-05-15 00:53:33 CartMoveState: STORE_DECIDE (18) -> AUX_DECIDE (5)
2026-05-15 00:53:33 CartMoveState: AUX_DECIDE (5) -> TO_MOVE (10)
2026-05-15 00:53:33 CartMoveState: TO_MOVE (10) -> TO_CART (11)
2026-05-15 00:53:35 CartMoveState: TO_CART (11) -> HOME_MOVE (12)
2026-05-15 00:53:35 CartMoveState: HOME_MOVE (12) -> HALT (13)
2026-05-15 00:53:35 CartMoveState: HALT (13) -> IDLE (1)
2026-05-15 00:53:35 Handler State: EXCHANGE_THREE (11) -> POST_PROCESS (12)
2026-05-15 00:53:35 Handler State: POST_PROCESS (12) -> MOVE_ARM_HOME (14)
2026-05-15 00:53:35 Handler State: MOVE_ARM_HOME (14) -> HANDLER_IDLE (1)
2026-05-15 00:55:19 Handler State: HANDLER_IDLE (1) -> SEMI_START (15)
2026-05-15 00:55:19 Handler State: SEMI_START (15) -> SEMI_PROBE_CART (25)
2026-05-15 00:55:21 Handler State: SEMI_PROBE_CART (25) -> SEMI_PROCESS (16)
2026-05-15 00:56:51 Re-Calculated Filling Volume: 0
2026-05-15 00:56:56 Setting CBS color valve (Finished): 0
2026-05-15 00:56:56 Handler State: SEMI_PROCESS (16) -> SEMI_WHAT_NEXT (21)
2026-05-15 00:56:56 Handler State: SEMI_WHAT_NEXT (21) -> SEMI_FINISHED (23)
2026-05-15 00:56:57 Handler State: SEMI_FINISHED (23) -> HANDLER_IDLE (1)
2026-05-15 00:57:35 Handler State: HANDLER_IDLE (1) -> HANDLER_START (2)
2026-05-15 00:57:36 Handler State: HANDLER_START (2) -> DECIDE_CART (3)
2026-05-15 00:57:36 Selection: IFS is clean and its cartridge is cleaned.
2026-05-15 00:57:36 Selected Primary Cartridge: 5
2026-05-15 00:57:36 Selected Primary Station: 103
2026-05-15 00:57:36 Selected Secondary Cartridge: 0
2026-05-15 00:57:36 Selected Secondary Station: 0
2026-05-15 00:57:36 Selected Filling Volume: 250
2026-05-15 00:57:36 Handler State: DECIDE_CART (3) -> CHECK_SEC_CART (26)
2026-05-15 00:57:36 Handler State: CHECK_SEC_CART (26) -> PROBE_CART (24)
2026-05-15 00:57:36 CartMove: Exchange 1, from 103
2026-05-15 00:57:36 CartMoveState: IDLE (1) -> FROM_MOVE (3)
2026-05-15 00:57:36 CartMoveState: FROM_MOVE (3) -> FROM_PROBE (19)
2026-05-15 00:57:38 Handler State: PROBE_CART (24) -> PROCESS_CART (6)
2026-05-15 00:57:38 Setting CBS color valve (FillIFS): 1
2026-05-15 00:57:39 Primed volume (FillIFS): 4.65103
2026-05-15 00:57:39 Re-Calculated Filling Volume: 250
2026-05-15 00:57:39 Setting CBS color valve (FillCart): 1
2026-05-15 00:57:54 Handler State: PROCESS_CART (6) -> EXCHANGE_ONE (7)
2026-05-15 00:57:54 CartMove: Exchange 1, from 103
2026-05-15 00:57:54 CartMoveState: FROM_PROBE (19) -> FROM_CART (4)
2026-05-15 00:58:00 Setting CBS color valve (Finished): 0
2026-05-15 00:58:01 CartMoveState: FROM_CART (4) -> TO_MOVE (10)
2026-05-15 00:58:03 CartMoveState: TO_MOVE (10) -> EXCH_1_WAIT (14)
2026-05-15 00:58:03 Handler State: EXCHANGE_ONE (7) -> START_DCU (8)
2026-05-15 00:58:03 Handler State: START_DCU (8) -> EXCHANGE_TWO (9)
2026-05-15 00:58:03 CartMove: Exchange 2
2026-05-15 00:58:03 CartMoveState: EXCH_1_WAIT (14) -> EXCH_1_CART (15)
2026-05-15 00:58:06 CartMoveState: EXCH_1_CART (15) -> EXCH_2_MOVE (16)
2026-05-15 00:58:07 CartMoveState: EXCH_2_MOVE (16) -> EXCH_2_CART (17)
2026-05-15 00:58:09 CartMoveState: EXCH_2_CART (17) -> STORE_DECIDE (18)
2026-05-15 00:58:09 Used volume for last job: 234.997
2026-05-15 00:58:09 Handler State: EXCHANGE_TWO (9) -> WAIT_FOR_DCU (10)
2026-05-15 00:58:11 Handler State: WAIT_FOR_DCU (10) -> EXCHANGE_THREE (11)
2026-05-15 00:58:11 CartMove: Exchange 3
2026-05-15 00:58:11 CartMoveState: STORE_DECIDE (18) -> AUX_DECIDE (5)
2026-05-15 00:58:11 CartMoveState: AUX_DECIDE (5) -> TO_MOVE (10)
2026-05-15 00:58:12 CartMoveState: TO_MOVE (10) -> TO_CART (11)
2026-05-15 00:58:14 CartMoveState: TO_CART (11) -> HOME_MOVE (12)
2026-05-15 00:58:16 CartMoveState: HOME_MOVE (12) -> HALT (13)
2026-05-15 00:58:16 CartMoveState: HALT (13) -> IDLE (1)
2026-05-15 00:58:16 Handler State: EXCHANGE_THREE (11) -> POST_PROCESS (12)
2026-05-15 00:58:16 Handler State: POST_PROCESS (12) -> MOVE_ARM_HOME (14)
2026-05-15 00:58:16 Handler State: MOVE_ARM_HOME (14) -> HANDLER_IDLE (1)
2026-05-15 01:02:35 Handler State: HANDLER_IDLE (1) -> SEMI_START (15)
2026-05-15 01:02:35 Handler State: SEMI_START (15) -> SEMI_TO_IFS (18)
2026-05-15 01:02:35 CartMove: Move, from 106 to 103
2026-05-15 01:02:35 CartMoveState: IDLE (1) -> FROM_MOVE (3)
2026-05-15 01:02:36 CartMoveState: FROM_MOVE (3) -> FROM_CART (4)
2026-05-15 01:02:39 CartMoveState: FROM_CART (4) -> AUX_DECIDE (5)
2026-05-15 01:02:39 CartMoveState: AUX_DECIDE (5) -> TO_MOVE (10)
2026-05-15 01:02:40 CartMoveState: TO_MOVE (10) -> TO_CART (11)
2026-05-15 01:02:43 CartMoveState: TO_CART (11) -> HOME_MOVE (12)
2026-05-15 01:02:43 CartMoveState: HOME_MOVE (12) -> HALT (13)
2026-05-15 01:02:43 CartMoveState: HALT (13) -> IDLE (1)
2026-05-15 01:02:43 Handler State: SEMI_TO_IFS (18) -> SEMI_PROBE_CART (25)
2026-05-15 01:02:45 Handler State: SEMI_PROBE_CART (25) -> SEMI_PROCESS (16)
2026-05-15 01:03:28 Re-Calculated Filling Volume: 0
2026-05-15 01:03:34 Setting CBS color valve (Finished): 0
2026-05-15 01:03:34 Handler State: SEMI_PROCESS (16) -> SEMI_FROM_IFS (20)
2026-05-15 01:03:34 CartMove: Move, from 103 to 106
2026-05-15 01:03:34 CartMoveState: IDLE (1) -> FROM_MOVE (3)
2026-05-15 01:03:34 CartMoveState: FROM_MOVE (3) -> FROM_CART (4)
2026-05-15 01:03:37 CartMoveState: FROM_CART (4) -> AUX_DECIDE (5)
2026-05-15 01:03:37 CartMoveState: AUX_DECIDE (5) -> TO_MOVE (10)
2026-05-15 01:03:38 CartMoveState: TO_MOVE (10) -> TO_CART (11)
2026-05-15 01:03:41 CartMoveState: TO_CART (11) -> HOME_MOVE (12)
2026-05-15 01:03:42 CartMoveState: HOME_MOVE (12) -> HALT (13)
2026-05-15 01:03:42 CartMoveState: HALT (13) -> IDLE (1)
2026-05-15 01:03:42 Handler State: SEMI_FROM_IFS (20) -> SEMI_WHAT_NEXT (21)
2026-05-15 01:03:42 Handler State: SEMI_WHAT_NEXT (21) -> SEMI_FINISHED (23)
2026-05-15 01:03:42 Handler State: SEMI_FINISHED (23) -> HANDLER_IDLE (1)
2026-05-15 01:03:44 Handler State: HANDLER_IDLE (1) -> HANDLER_START (2)
2026-05-15 01:03:45 Handler State: HANDLER_START (2) -> DECIDE_CART (3)
2026-05-15 01:03:45 Selection: IFS is clean.
2026-05-15 01:03:45 Selection: Cartridge is clean.
2026-05-15 01:03:45 Selected Primary Cartridge: 2
2026-05-15 01:03:45 Selected Primary Station: 103
2026-05-15 01:03:45 Selected Secondary Cartridge: 0
2026-05-15 01:03:45 Selected Secondary Station: 0
2026-05-15 01:03:45 Selected Filling Volume: 311
2026-05-15 01:03:45 Handler State: DECIDE_CART (3) -> PLACE_CART (5)
2026-05-15 01:03:45 CartMove: Move, from 106 to 103
2026-05-15 01:03:45 CartMoveState: IDLE (1) -> FROM_MOVE (3)
2026-05-15 01:03:46 CartMoveState: FROM_MOVE (3) -> FROM_CART (4)
2026-05-15 01:03:49 CartMoveState: FROM_CART (4) -> AUX_DECIDE (5)
2026-05-15 01:03:49 CartMoveState: AUX_DECIDE (5) -> TO_MOVE (10)
2026-05-15 01:03:50 CartMoveState: TO_MOVE (10) -> TO_CART (11)
2026-05-15 01:03:53 CartMoveState: TO_CART (11) -> HOME_MOVE (12)
2026-05-15 01:03:53 CartMoveState: HOME_MOVE (12) -> HALT (13)
2026-05-15 01:03:53 CartMoveState: HALT (13) -> IDLE (1)
2026-05-15 01:03:53 Handler State: PLACE_CART (5) -> CHECK_SEC_CART (26)
2026-05-15 01:03:53 Handler State: CHECK_SEC_CART (26) -> PROBE_CART (24)
2026-05-15 01:03:53 CartMove: Exchange 1, from 103
2026-05-15 01:03:53 CartMoveState: IDLE (1) -> FROM_MOVE (3)
2026-05-15 01:03:53 CartMoveState: FROM_MOVE (3) -> FROM_PROBE (19)
2026-05-15 01:03:55 Handler State: PROBE_CART (24) -> PROCESS_CART (6)
2026-05-15 01:03:55 Setting CBS color valve (FillIFS): 1
2026-05-15 01:03:56 Primed volume (FillIFS): 0.178217
2026-05-15 01:03:56 Re-Calculated Filling Volume: 311
2026-05-15 01:03:56 Setting CBS color valve (FillCart): 1
2026-05-15 01:04:13 Handler State: PROCESS_CART (6) -> EXCHANGE_ONE (7)
2026-05-15 01:04:13 CartMove: Exchange 1, from 103
2026-05-15 01:04:13 CartMoveState: FROM_PROBE (19) -> FROM_CART (4)
2026-05-15 01:04:19 Setting CBS color valve (Finished): 0
2026-05-15 01:04:20 CartMoveState: FROM_CART (4) -> TO_MOVE (10)
2026-05-15 01:04:22 CartMoveState: TO_MOVE (10) -> EXCH_1_WAIT (14)
2026-05-15 01:04:22 Handler State: EXCHANGE_ONE (7) -> START_DCU (8)
2026-05-15 01:04:22 Handler State: START_DCU (8) -> EXCHANGE_TWO (9)
2026-05-15 01:04:22 CartMove: Exchange 2
2026-05-15 01:04:22 CartMoveState: EXCH_1_WAIT (14) -> EXCH_1_CART (15)
2026-05-15 01:04:25 CartMoveState: EXCH_1_CART (15) -> EXCH_2_MOVE (16)
2026-05-15 01:04:25 CartMoveState: EXCH_2_MOVE (16) -> EXCH_2_CART (17)
2026-05-15 01:04:27 CartMoveState: EXCH_2_CART (17) -> STORE_DECIDE (18)
2026-05-15 01:04:27 Used volume for last job: 202.28
2026-05-15 01:04:28 Handler State: EXCHANGE_TWO (9) -> WAIT_FOR_DCU (10)
2026-05-15 01:04:29 Handler State: WAIT_FOR_DCU (10) -> EXCHANGE_THREE (11)
2026-05-15 01:04:29 CartMove: Exchange 3
2026-05-15 01:04:29 CartMoveState: STORE_DECIDE (18) -> AUX_DECIDE (5)
2026-05-15 01:04:29 CartMoveState: AUX_DECIDE (5) -> TO_MOVE (10)
2026-05-15 01:04:30 CartMoveState: TO_MOVE (10) -> TO_CART (11)
2026-05-15 01:04:32 CartMoveState: TO_CART (11) -> HOME_MOVE (12)
2026-05-15 01:04:33 CartMoveState: HOME_MOVE (12) -> HALT (13)
2026-05-15 01:04:33 CartMoveState: HALT (13) -> IDLE (1)
2026-05-15 01:04:33 Handler State: EXCHANGE_THREE (11) -> POST_PROCESS (12)
2026-05-15 01:04:33 Handler State: POST_PROCESS (12) -> MOVE_ARM_HOME (14)
2026-05-15 01:04:33 Handler State: MOVE_ARM_HOME (14) -> HANDLER_IDLE (1)
2026-05-15 01:09:19 Handler State: HANDLER_IDLE (1) -> HANDLER_START (2)
2026-05-15 01:09:20 Handler State: HANDLER_START (2) -> DECIDE_CART (3)
2026-05-15 01:09:20 Selection: IFS has correct material and its cartridge has correct material.
2026-05-15 01:09:20 Selected Primary Cartridge: 5
2026-05-15 01:09:20 Selected Primary Station: 103
2026-05-15 01:09:20 Selected Secondary Cartridge: 0
2026-05-15 01:09:20 Selected Secondary Station: 0
2026-05-15 01:09:20 Selected Filling Volume: 341
2026-05-15 01:09:20 Handler State: DECIDE_CART (3) -> CHECK_SEC_CART (26)
2026-05-15 01:09:20 Handler State: CHECK_SEC_CART (26) -> PROBE_CART (24)
2026-05-15 01:09:20 CartMove: Exchange 1, from 103
2026-05-15 01:09:20 CartMoveState: IDLE (1) -> FROM_MOVE (3)
2026-05-15 01:09:20 CartMoveState: FROM_MOVE (3) -> FROM_PROBE (19)
2026-05-15 01:09:22 Handler State: PROBE_CART (24) -> PROCESS_CART (6)
2026-05-15 01:09:53 Setting CBS color valve (FillGate): 1
2026-05-15 01:09:54 Primed volume (FillGate): 1.85102
2026-05-15 01:09:54 Re-Calculated Filling Volume: 341
2026-05-15 01:09:54 Setting CBS color valve (FillCart): 1
2026-05-15 01:10:10 Handler State: PROCESS_CART (6) -> EXCHANGE_ONE (7)
2026-05-15 01:10:11 CartMove: Exchange 1, from 103
2026-05-15 01:10:11 CartMoveState: FROM_PROBE (19) -> FROM_CART (4)
2026-05-15 01:10:16 Setting CBS color valve (Finished): 0
2026-05-15 01:10:18 CartMoveState: FROM_CART (4) -> TO_MOVE (10)
2026-05-15 01:10:19 CartMoveState: TO_MOVE (10) -> EXCH_1_WAIT (14)
2026-05-15 01:10:19 Handler State: EXCHANGE_ONE (7) -> START_DCU (8)
2026-05-15 01:10:58 Handler State: START_DCU (8) -> EXCHANGE_TWO (9)
2026-05-15 01:10:58 CartMove: Exchange 2
2026-05-15 01:10:59 CartMoveState: EXCH_1_WAIT (14) -> EXCH_1_CART (15)
2026-05-15 01:11:02 CartMoveState: EXCH_1_CART (15) -> EXCH_2_MOVE (16)
2026-05-15 01:11:03 CartMoveState: EXCH_2_MOVE (16) -> EXCH_2_CART (17)
2026-05-15 01:11:05 CartMoveState: EXCH_2_CART (17) -> STORE_DECIDE (18)
2026-05-15 01:11:05 Used volume for last job: 0
2026-05-15 01:11:05 Handler State: EXCHANGE_TWO (9) -> WAIT_FOR_DCU (10)
2026-05-15 01:11:06 Handler State: WAIT_FOR_DCU (10) -> EXCHANGE_THREE (11)
2026-05-15 01:11:06 CartMove: Exchange 3
2026-05-15 01:11:06 CartMoveState: STORE_DECIDE (18) -> AUX_DECIDE (5)
2026-05-15 01:11:06 CartMoveState: AUX_DECIDE (5) -> TO_MOVE (10)
2026-05-15 01:11:07 CartMoveState: TO_MOVE (10) -> TO_CART (11)
2026-05-15 01:11:09 CartMoveState: TO_CART (11) -> HOME_MOVE (12)
2026-05-15 01:11:10 CartMoveState: HOME_MOVE (12) -> HALT (13)
2026-05-15 01:11:10 CartMoveState: HALT (13) -> IDLE (1)
2026-05-15 01:11:10 Handler State: EXCHANGE_THREE (11) -> POST_PROCESS (12)
2026-05-15 01:11:10 Handler State: POST_PROCESS (12) -> MOVE_ARM_HOME (14)
2026-05-15 01:11:10 Handler State: MOVE_ARM_HOME (14) -> HANDLER_IDLE (1)
2026-05-15 01:11:26 Handler State: HANDLER_IDLE (1) -> HANDLER_START (2)
2026-05-15 01:11:27 Handler State: HANDLER_START (2) -> DECIDE_CART (3)
2026-05-15 01:11:27 Selection: Last resort, just pick the first IFS.
2026-05-15 01:11:27 Selection: Last resort, just pick the first cartridge.
2026-05-15 01:11:27 Selected Primary Cartridge: 1
2026-05-15 01:11:27 Selected Primary Station: 102
2026-05-15 01:11:27 Selected Secondary Cartridge: 0
2026-05-15 01:11:27 Selected Secondary Station: 0
2026-05-15 01:11:27 Selected Filling Volume: 640
2026-05-15 01:11:27 Handler State: DECIDE_CART (3) -> CHECK_SEC_CART (26)
2026-05-15 01:11:27 Handler State: CHECK_SEC_CART (26) -> PROBE_CART (24)
2026-05-15 01:11:27 CartMove: Exchange 1, from 102
2026-05-15 01:11:27 CartMoveState: IDLE (1) -> FROM_MOVE (3)
2026-05-15 01:11:27 CartMoveState: FROM_MOVE (3) -> FROM_PROBE (19)
2026-05-15 01:11:29 Handler State: PROBE_CART (24) -> PROCESS_CART (6)
2026-05-15 01:12:10 Setting CBS color valve (FillIFS): 2
2026-05-15 01:12:11 Primed volume (FillIFS): 4.69058
2026-05-15 01:12:11 Re-Calculated Filling Volume: 640
2026-05-15 01:12:11 Setting CBS color valve (FillCart): 2
2026-05-15 01:12:35 Handler State: PROCESS_CART (6) -> EXCHANGE_ONE (7)
2026-05-15 01:12:35 CartMove: Exchange 1, from 102
2026-05-15 01:12:35 CartMoveState: FROM_PROBE (19) -> FROM_CART (4)
2026-05-15 01:12:42 Setting CBS color valve (Finished): 0
2026-05-15 01:12:44 CartMoveState: FROM_CART (4) -> TO_MOVE (10)
2026-05-15 01:12:45 CartMoveState: TO_MOVE (10) -> EXCH_1_WAIT (14)
2026-05-15 01:12:45 Handler State: EXCHANGE_ONE (7) -> START_DCU (8)
2026-05-15 01:12:45 Handler State: START_DCU (8) -> EXCHANGE_TWO (9)
2026-05-15 01:12:45 CartMove: Exchange 2
2026-05-15 01:12:50 CartMoveState: EXCH_1_WAIT (14) -> EXCH_1_CART (15)
2026-05-15 01:12:53 CartMoveState: EXCH_1_CART (15) -> EXCH_2_MOVE (16)
2026-05-15 01:12:54 CartMoveState: EXCH_2_MOVE (16) -> EXCH_2_CART (17)
2026-05-15 01:12:56 CartMoveState: EXCH_2_CART (17) -> STORE_DECIDE (18)
2026-05-15 01:12:56 Used volume for last job: 290.225
2026-05-15 01:12:56 Handler State: EXCHANGE_TWO (9) -> WAIT_FOR_DCU (10)
2026-05-15 01:12:58 Handler State: WAIT_FOR_DCU (10) -> EXCHANGE_THREE (11)
2026-05-15 01:12:58 CartMove: Exchange 3
2026-05-15 01:12:58 CartMoveState: STORE_DECIDE (18) -> AUX_DECIDE (5)
2026-05-15 01:12:58 CartMoveState: AUX_DECIDE (5) -> TO_MOVE (10)
2026-05-15 01:12:59 CartMoveState: TO_MOVE (10) -> TO_CART (11)
2026-05-15 01:13:01 CartMoveState: TO_CART (11) -> HOME_MOVE (12)
2026-05-15 01:13:03 CartMoveState: HOME_MOVE (12) -> HALT (13)
2026-05-15 01:13:03 CartMoveState: HALT (13) -> IDLE (1)
2026-05-15 01:13:03 Handler State: EXCHANGE_THREE (11) -> POST_PROCESS (12)
2026-05-15 01:13:03 Handler State: POST_PROCESS (12) -> MOVE_ARM_HOME (14)
2026-05-15 01:13:03 Handler State: MOVE_ARM_HOME (14) -> HANDLER_IDLE (1)
2026-05-15 01:13:29 Handler State: HANDLER_IDLE (1) -> HANDLER_START (2)
2026-05-15 01:13:30 Handler State: HANDLER_START (2) -> DECIDE_CART (3)
2026-05-15 01:13:30 Selection: IFS has correct material.
2026-05-15 01:13:30 Selection: Last resort, just pick the first cartridge.
2026-05-15 01:13:30 Selected Primary Cartridge: 4
2026-05-15 01:13:30 Selected Primary Station: 102
2026-05-15 01:13:30 Selected Secondary Cartridge: 0
2026-05-15 01:13:30 Selected Secondary Station: 0
2026-05-15 01:13:30 Selected Filling Volume: 640
2026-05-15 01:13:30 Handler State: DECIDE_CART (3) -> PLACE_CART (5)
2026-05-15 01:13:30 CartMove: Move, from 105 to 102
2026-05-15 01:13:30 CartMoveState: IDLE (1) -> FROM_MOVE (3)
2026-05-15 01:13:31 CartMoveState: FROM_MOVE (3) -> FROM_CART (4)
2026-05-15 01:13:34 CartMoveState: FROM_CART (4) -> AUX_DECIDE (5)
2026-05-15 01:13:34 CartMoveState: AUX_DECIDE (5) -> TO_MOVE (10)
2026-05-15 01:13:35 CartMoveState: TO_MOVE (10) -> TO_CART (11)
2026-05-15 01:13:38 CartMoveState: TO_CART (11) -> HOME_MOVE (12)
2026-05-15 01:13:39 CartMoveState: HOME_MOVE (12) -> HALT (13)
2026-05-15 01:13:39 CartMoveState: HALT (13) -> IDLE (1)
2026-05-15 01:13:39 Handler State: PLACE_CART (5) -> CHECK_SEC_CART (26)
2026-05-15 01:13:39 Handler State: CHECK_SEC_CART (26) -> PROBE_CART (24)
2026-05-15 01:13:39 CartMove: Exchange 1, from 102
2026-05-15 01:13:39 CartMoveState: IDLE (1) -> FROM_MOVE (3)
2026-05-15 01:13:40 CartMoveState: FROM_MOVE (3) -> FROM_PROBE (19)
2026-05-15 01:13:41 Handler State: PROBE_CART (24) -> PROCESS_CART (6)
2026-05-15 01:14:15 Setting CBS color valve (FillGate): 2
2026-05-15 01:14:16 Primed volume (FillGate): 2.73854
2026-05-15 01:14:16 Re-Calculated Filling Volume: 640
2026-05-15 01:14:16 Setting CBS color valve (FillCart): 2
2026-05-15 01:14:40 Handler State: PROCESS_CART (6) -> EXCHANGE_ONE (7)
2026-05-15 01:14:40 CartMove: Exchange 1, from 102
2026-05-15 01:14:40 CartMoveState: FROM_PROBE (19) -> FROM_CART (4)
2026-05-15 01:14:47 Setting CBS color valve (Finished): 0
2026-05-15 01:14:48 CartMoveState: FROM_CART (4) -> TO_MOVE (10)
2026-05-15 01:14:49 CartMoveState: TO_MOVE (10) -> EXCH_1_WAIT (14)
2026-05-15 01:14:49 Handler State: EXCHANGE_ONE (7) -> START_DCU (8)
2026-05-15 01:14:49 Handler State: START_DCU (8) -> EXCHANGE_TWO (9)
2026-05-15 01:14:49 CartMove: Exchange 2
2026-05-15 01:14:49 CartMoveState: EXCH_1_WAIT (14) -> EXCH_1_CART (15)
2026-05-15 01:14:52 CartMoveState: EXCH_1_CART (15) -> EXCH_2_MOVE (16)
2026-05-15 01:14:53 CartMoveState: EXCH_2_MOVE (16) -> EXCH_2_CART (17)
2026-05-15 01:14:55 CartMoveState: EXCH_2_CART (17) -> STORE_DECIDE (18)
2026-05-15 01:14:55 Used volume for last job: 0
2026-05-15 01:14:55 Handler State: EXCHANGE_TWO (9) -> WAIT_FOR_DCU (10)
2026-05-15 01:14:57 Handler State: WAIT_FOR_DCU (10) -> EXCHANGE_THREE (11)
2026-05-15 01:14:57 CartMove: Exchange 3
2026-05-15 01:14:57 CartMoveState: STORE_DECIDE (18) -> AUX_DECIDE (5)
2026-05-15 01:14:57 CartMoveState: AUX_DECIDE (5) -> TO_MOVE (10)
2026-05-15 01:14:57 CartMoveState: TO_MOVE (10) -> TO_CART (11)
2026-05-15 01:14:59 CartMoveState: TO_CART (11) -> HOME_MOVE (12)
2026-05-15 01:14:59 CartMoveState: HOME_MOVE (12) -> HALT (13)
2026-05-15 01:14:59 CartMoveState: HALT (13) -> IDLE (1)
2026-05-15 01:14:59 Handler State: EXCHANGE_THREE (11) -> POST_PROCESS (12)
2026-05-15 01:14:59 Handler State: POST_PROCESS (12) -> MOVE_ARM_HOME (14)
2026-05-15 01:15:03 Handler State: MOVE_ARM_HOME (14) -> HANDLER_IDLE (1)
2026-05-15 01:15:07 Handler State: HANDLER_IDLE (1) -> HANDLER_START (2)
2026-05-15 01:15:08 Handler State: HANDLER_START (2) -> DECIDE_CART (3)
2026-05-15 01:15:08 Selection: Last resort, just pick the first IFS.
2026-05-15 01:15:08 Selection: Last resort, just pick the first cartridge.
2026-05-15 01:15:08 Selected Primary Cartridge: 1
2026-05-15 01:15:08 Selected Primary Station: 102
2026-05-15 01:15:08 Selected Secondary Cartridge: 0
2026-05-15 01:15:08 Selected Secondary Station: 0
2026-05-15 01:15:08 Selected Filling Volume: 224
2026-05-15 01:15:08 Handler State: DECIDE_CART (3) -> CHECK_SEC_CART (26)
2026-05-15 01:15:08 Handler State: CHECK_SEC_CART (26) -> PROBE_CART (24)
2026-05-15 01:15:08 CartMove: Exchange 1, from 102
2026-05-15 01:15:08 CartMoveState: IDLE (1) -> FROM_MOVE (3)
2026-05-15 01:15:09 CartMoveState: FROM_MOVE (3) -> FROM_PROBE (19)
2026-05-15 01:15:10 Handler State: PROBE_CART (24) -> PROCESS_CART (6)
2026-05-15 01:16:50 Setting CBS color valve (FillIFS): 1
2026-05-15 01:16:52 Primed volume (FillIFS): 4.64358
2026-05-15 01:16:52 Re-Calculated Filling Volume: 224
2026-05-15 01:16:52 Setting CBS color valve (FillCart): 1
2026-05-15 01:17:06 Handler State: PROCESS_CART (6) -> EXCHANGE_ONE (7)
2026-05-15 01:17:06 CartMove: Exchange 1, from 102
2026-05-15 01:17:06 CartMoveState: FROM_PROBE (19) -> FROM_CART (4)
2026-05-15 01:17:13 Setting CBS color valve (Finished): 0
2026-05-15 01:17:15 CartMoveState: FROM_CART (4) -> TO_MOVE (10)
2026-05-15 01:17:16 CartMoveState: TO_MOVE (10) -> EXCH_1_WAIT (14)
2026-05-15 01:17:16 Handler State: EXCHANGE_ONE (7) -> START_DCU (8)
2026-05-15 01:17:16 Handler State: START_DCU (8) -> EXCHANGE_TWO (9)
2026-05-15 01:17:16 CartMove: Exchange 2
2026-05-15 01:17:16 CartMoveState: EXCH_1_WAIT (14) -> EXCH_1_CART (15)
2026-05-15 01:17:19 CartMoveState: EXCH_1_CART (15) -> EXCH_2_MOVE (16)
2026-05-15 01:17:19 CartMoveState: EXCH_2_MOVE (16) -> EXCH_2_CART (17)
2026-05-15 01:17:21 CartMoveState: EXCH_2_CART (17) -> STORE_DECIDE (18)
2026-05-15 01:17:21 Used volume for last job: 96.6748
2026-05-15 01:17:21 Handler State: EXCHANGE_TWO (9) -> WAIT_FOR_DCU (10)
2026-05-15 01:17:23 Handler State: WAIT_FOR_DCU (10) -> EXCHANGE_THREE (11)
2026-05-15 01:17:23 CartMove: Exchange 3
2026-05-15 01:17:23 CartMoveState: STORE_DECIDE (18) -> AUX_DECIDE (5)
2026-05-15 01:17:23 CartMoveState: AUX_DECIDE (5) -> TO_MOVE (10)
2026-05-15 01:17:23 CartMoveState: TO_MOVE (10) -> TO_CART (11)
2026-05-15 01:17:26 CartMoveState: TO_CART (11) -> HOME_MOVE (12)
2026-05-15 01:17:26 CartMoveState: HOME_MOVE (12) -> HALT (13)
2026-05-15 01:17:26 CartMoveState: HALT (13) -> IDLE (1)
2026-05-15 01:17:26 Handler State: EXCHANGE_THREE (11) -> POST_PROCESS (12)
2026-05-15 01:17:26 Handler State: POST_PROCESS (12) -> MOVE_ARM_HOME (14)
2026-05-15 01:17:26 Handler State: MOVE_ARM_HOME (14) -> HANDLER_IDLE (1)
2026-05-15 01:19:52 Handler State: HANDLER_IDLE (1) -> SEMI_START (15)
2026-05-15 01:19:52 Handler State: SEMI_START (15) -> SEMI_PROBE_CART (25)
2026-05-15 01:19:55 Handler State: SEMI_PROBE_CART (25) -> SEMI_PROCESS (16)
2026-05-15 01:21:40 Re-Calculated Filling Volume: 0
2026-05-15 01:21:47 Setting CBS color valve (Finished): 0
2026-05-15 01:21:47 Handler State: SEMI_PROCESS (16) -> SEMI_WHAT_NEXT (21)
2026-05-15 01:21:47 Handler State: SEMI_WHAT_NEXT (21) -> SEMI_FINISHED (23)
2026-05-15 01:21:47 Handler State: SEMI_FINISHED (23) -> HANDLER_IDLE (1)
2026-05-15 01:21:49 Handler State: HANDLER_IDLE (1) -> HANDLER_START (2)
2026-05-15 01:21:50 Handler State: HANDLER_START (2) -> DECIDE_CART (3)
2026-05-15 01:21:50 Selection: IFS is clean and its cartridge is cleaned.
2026-05-15 01:21:50 Selected Primary Cartridge: 4
2026-05-15 01:21:50 Selected Primary Station: 102
2026-05-15 01:21:50 Selected Secondary Cartridge: 0
2026-05-15 01:21:50 Selected Secondary Station: 0
2026-05-15 01:21:50 Selected Filling Volume: 361
2026-05-15 01:21:50 Handler State: DECIDE_CART (3) -> CHECK_SEC_CART (26)
2026-05-15 01:21:50 Handler State: CHECK_SEC_CART (26) -> PROBE_CART (24)
2026-05-15 01:21:50 CartMove: Exchange 1, from 102
2026-05-15 01:21:50 CartMoveState: IDLE (1) -> FROM_MOVE (3)
2026-05-15 01:21:51 CartMoveState: FROM_MOVE (3) -> FROM_PROBE (19)
2026-05-15 01:21:53 Handler State: PROBE_CART (24) -> PROCESS_CART (6)
2026-05-15 01:21:53 Setting CBS color valve (FillIFS): 2
2026-05-15 01:21:54 Primed volume (FillIFS): 4.29612
2026-05-15 01:21:54 Re-Calculated Filling Volume: 361
2026-05-15 01:21:54 Setting CBS color valve (FillCart): 2
2026-05-15 01:22:12 Handler State: PROCESS_CART (6) -> EXCHANGE_ONE (7)
2026-05-15 01:22:12 CartMove: Exchange 1, from 102
2026-05-15 01:22:12 CartMoveState: FROM_PROBE (19) -> FROM_CART (4)
2026-05-15 01:22:19 Setting CBS color valve (Finished): 0
2026-05-15 01:22:21 CartMoveState: FROM_CART (4) -> TO_MOVE (10)
2026-05-15 01:22:22 CartMoveState: TO_MOVE (10) -> EXCH_1_WAIT (14)
2026-05-15 01:22:22 Handler State: EXCHANGE_ONE (7) -> START_DCU (8)
2026-05-15 01:22:22 Handler State: START_DCU (8) -> EXCHANGE_TWO (9)
2026-05-15 01:22:22 CartMove: Exchange 2
2026-05-15 01:22:22 CartMoveState: EXCH_1_WAIT (14) -> EXCH_1_CART (15)
2026-05-15 01:22:25 CartMoveState: EXCH_1_CART (15) -> EXCH_2_MOVE (16)
2026-05-15 01:22:26 CartMoveState: EXCH_2_MOVE (16) -> EXCH_2_CART (17)
2026-05-15 01:22:28 CartMoveState: EXCH_2_CART (17) -> STORE_DECIDE (18)
2026-05-15 01:22:28 Used volume for last job: 175.957
2026-05-15 01:22:28 Handler State: EXCHANGE_TWO (9) -> WAIT_FOR_DCU (10)
2026-05-15 01:22:30 Handler State: WAIT_FOR_DCU (10) -> EXCHANGE_THREE (11)
2026-05-15 01:22:30 CartMove: Exchange 3
2026-05-15 01:22:30 CartMoveState: STORE_DECIDE (18) -> AUX_DECIDE (5)
2026-05-15 01:22:30 CartMoveState: AUX_DECIDE (5) -> TO_MOVE (10)
2026-05-15 01:22:30 CartMoveState: TO_MOVE (10) -> TO_CART (11)
2026-05-15 01:22:32 CartMoveState: TO_CART (11) -> HOME_MOVE (12)
2026-05-15 01:22:32 CartMoveState: HOME_MOVE (12) -> HALT (13)
2026-05-15 01:22:32 CartMoveState: HALT (13) -> IDLE (1)
2026-05-15 01:22:32 Handler State: EXCHANGE_THREE (11) -> POST_PROCESS (12)
2026-05-15 01:22:32 Handler State: POST_PROCESS (12) -> MOVE_ARM_HOME (14)
2026-05-15 01:22:33 Handler State: MOVE_ARM_HOME (14) -> HANDLER_IDLE (1)
2026-05-15 01:22:45 Handler State: HANDLER_IDLE (1) -> HANDLER_START (2)
2026-05-15 01:22:46 Handler State: HANDLER_START (2) -> DECIDE_CART (3)
2026-05-15 01:22:46 Selection: IFS has correct material.
2026-05-15 01:22:46 Selection: Last resort, just pick the first cartridge.
2026-05-15 01:22:46 Selected Primary Cartridge: 1
2026-05-15 01:22:46 Selected Primary Station: 102
2026-05-15 01:22:46 Selected Secondary Cartridge: 0
2026-05-15 01:22:46 Selected Secondary Station: 0
2026-05-15 01:22:46 Selected Filling Volume: 306
2026-05-15 01:22:46 Handler State: DECIDE_CART (3) -> CHECK_SEC_CART (26)
2026-05-15 01:22:46 Handler State: CHECK_SEC_CART (26) -> PROBE_CART (24)
2026-05-15 01:22:46 CartMove: Exchange 1, from 102
2026-05-15 01:22:46 CartMoveState: IDLE (1) -> FROM_MOVE (3)
2026-05-15 01:22:47 CartMoveState: FROM_MOVE (3) -> FROM_PROBE (19)
2026-05-15 01:22:48 Handler State: PROBE_CART (24) -> PROCESS_CART (6)
2026-05-15 01:23:22 Setting CBS color valve (FillGate): 2
2026-05-15 01:23:23 Primed volume (FillGate): 1.2847
2026-05-15 01:23:23 Re-Calculated Filling Volume: 306
2026-05-15 01:23:23 Setting CBS color valve (FillCart): 2
2026-05-15 01:23:39 Handler State: PROCESS_CART (6) -> EXCHANGE_ONE (7)
2026-05-15 01:23:39 CartMove: Exchange 1, from 102
2026-05-15 01:23:39 CartMoveState: FROM_PROBE (19) -> FROM_CART (4)
2026-05-15 01:23:46 Setting CBS color valve (Finished): 0
2026-05-15 01:23:48 CartMoveState: FROM_CART (4) -> TO_MOVE (10)
2026-05-15 01:23:49 CartMoveState: TO_MOVE (10) -> EXCH_1_WAIT (14)
2026-05-15 01:23:49 Handler State: EXCHANGE_ONE (7) -> START_DCU (8)
2026-05-15 01:24:24 Handler State: START_DCU (8) -> EXCHANGE_TWO (9)
2026-05-15 01:24:24 CartMove: Exchange 2
2026-05-15 01:24:25 CartMoveState: EXCH_1_WAIT (14) -> EXCH_1_CART (15)
2026-05-15 01:24:27 CartMoveState: EXCH_1_CART (15) -> EXCH_2_MOVE (16)
2026-05-15 01:24:29 CartMoveState: EXCH_2_MOVE (16) -> EXCH_2_CART (17)
2026-05-15 01:24:31 CartMoveState: EXCH_2_CART (17) -> STORE_DECIDE (18)
2026-05-15 01:24:31 Used volume for last job: 0
2026-05-15 01:24:31 Handler State: EXCHANGE_TWO (9) -> WAIT_FOR_DCU (10)
2026-05-15 01:24:32 Handler State: WAIT_FOR_DCU (10) -> EXCHANGE_THREE (11)
2026-05-15 01:24:32 CartMove: Exchange 3
2026-05-15 01:24:32 CartMoveState: STORE_DECIDE (18) -> AUX_DECIDE (5)
2026-05-15 01:24:32 CartMoveState: AUX_DECIDE (5) -> TO_MOVE (10)
2026-05-15 01:24:32 CartMoveState: TO_MOVE (10) -> TO_CART (11)
2026-05-15 01:24:35 CartMoveState: TO_CART (11) -> HOME_MOVE (12)
2026-05-15 01:24:35 CartMoveState: HOME_MOVE (12) -> HALT (13)
2026-05-15 01:24:35 CartMoveState: HALT (13) -> IDLE (1)
2026-05-15 01:24:35 Handler State: EXCHANGE_THREE (11) -> POST_PROCESS (12)
2026-05-15 01:24:35 Handler State: POST_PROCESS (12) -> MOVE_ARM_HOME (14)
2026-05-15 01:24:35 Handler State: MOVE_ARM_HOME (14) -> HANDLER_IDLE (1)
2026-05-15 01:24:52 Handler State: HANDLER_IDLE (1) -> HANDLER_START (2)
2026-05-15 01:24:53 Handler State: HANDLER_START (2) -> DECIDE_CART (3)
2026-05-15 01:24:53 Selection: Last resort, just pick the first IFS.
2026-05-15 01:24:53 Selection: Last resort, just pick the first cartridge.
2026-05-15 01:24:53 Selected Primary Cartridge: 4
2026-05-15 01:24:53 Selected Primary Station: 102
2026-05-15 01:24:53 Selected Secondary Cartridge: 0
2026-05-15 01:24:53 Selected Secondary Station: 0
2026-05-15 01:24:53 Selected Filling Volume: 393
2026-05-15 01:24:53 Handler State: DECIDE_CART (3) -> CHECK_SEC_CART (26)
2026-05-15 01:24:53 Handler State: CHECK_SEC_CART (26) -> PROBE_CART (24)
2026-05-15 01:24:53 CartMove: Exchange 1, from 102
2026-05-15 01:24:53 CartMoveState: IDLE (1) -> FROM_MOVE (3)
2026-05-15 01:24:53 CartMoveState: FROM_MOVE (3) -> FROM_PROBE (19)
2026-05-15 01:24:55 Handler State: PROBE_CART (24) -> PROCESS_CART (6)
2026-05-15 01:25:35 Setting CBS color valve (FillIFS): 1
2026-05-15 01:25:37 Primed volume (FillIFS): 0.0401753
2026-05-15 01:25:37 Re-Calculated Filling Volume: 393
2026-05-15 01:25:37 Setting CBS color valve (FillCart): 1
2026-05-15 01:25:55 Handler State: PROCESS_CART (6) -> EXCHANGE_ONE (7)
2026-05-15 01:25:55 CartMove: Exchange 1, from 102
2026-05-15 01:25:55 CartMoveState: FROM_PROBE (19) -> FROM_CART (4)
2026-05-15 01:26:02 Setting CBS color valve (Finished): 0
2026-05-15 01:26:04 CartMoveState: FROM_CART (4) -> TO_MOVE (10)
2026-05-15 01:26:06 CartMoveState: TO_MOVE (10) -> EXCH_1_WAIT (14)
2026-05-15 01:26:06 Handler State: EXCHANGE_ONE (7) -> START_DCU (8)
2026-05-15 01:26:06 Handler State: START_DCU (8) -> EXCHANGE_TWO (9)
2026-05-15 01:26:06 CartMove: Exchange 2
2026-05-15 01:26:16 CartMoveState: EXCH_1_WAIT (14) -> EXCH_1_CART (15)
2026-05-15 01:26:19 CartMoveState: EXCH_1_CART (15) -> EXCH_2_MOVE (16)
2026-05-15 01:26:20 CartMoveState: EXCH_2_MOVE (16) -> EXCH_2_CART (17)
2026-05-15 01:26:22 CartMoveState: EXCH_2_CART (17) -> STORE_DECIDE (18)
2026-05-15 01:26:22 Used volume for last job: 253.177
2026-05-15 01:26:22 Handler State: EXCHANGE_TWO (9) -> WAIT_FOR_DCU (10)
2026-05-15 01:26:24 Handler State: WAIT_FOR_DCU (10) -> EXCHANGE_THREE (11)
2026-05-15 01:26:24 CartMove: Exchange 3
2026-05-15 01:26:24 CartMoveState: STORE_DECIDE (18) -> AUX_DECIDE (5)
2026-05-15 01:26:24 CartMoveState: AUX_DECIDE (5) -> TO_MOVE (10)
2026-05-15 01:26:24 CartMoveState: TO_MOVE (10) -> TO_CART (11)
2026-05-15 01:26:26 CartMoveState: TO_CART (11) -> HOME_MOVE (12)
2026-05-15 01:26:26 CartMoveState: HOME_MOVE (12) -> HALT (13)
2026-05-15 01:26:26 CartMoveState: HALT (13) -> IDLE (1)
2026-05-15 01:26:26 Handler State: EXCHANGE_THREE (11) -> POST_PROCESS (12)
2026-05-15 01:26:26 Handler State: POST_PROCESS (12) -> MOVE_ARM_HOME (14)
2026-05-15 01:26:26 Handler State: MOVE_ARM_HOME (14) -> HANDLER_IDLE (1)
2026-05-15 01:26:52 Handler State: HANDLER_IDLE (1) -> HANDLER_START (2)
2026-05-15 01:26:53 Handler State: HANDLER_START (2) -> DECIDE_CART (3)
2026-05-15 01:26:53 Selection: IFS has correct material and its cartridge has correct material.
2026-05-15 01:26:53 Selected Primary Cartridge: 3
2026-05-15 01:26:53 Selected Primary Station: 104
2026-05-15 01:26:53 Selected Secondary Cartridge: 0
2026-05-15 01:26:53 Selected Secondary Station: 0
2026-05-15 01:26:53 Selected Filling Volume: 640
2026-05-15 01:26:53 Handler State: DECIDE_CART (3) -> CHECK_SEC_CART (26)
2026-05-15 01:26:53 Handler State: CHECK_SEC_CART (26) -> PROBE_CART (24)
2026-05-15 01:26:53 CartMove: Exchange 1, from 104
2026-05-15 01:26:53 CartMoveState: IDLE (1) -> FROM_MOVE (3)
2026-05-15 01:26:54 CartMoveState: FROM_MOVE (3) -> FROM_PROBE (19)
2026-05-15 01:26:55 Handler State: PROBE_CART (24) -> PROCESS_CART (6)
2026-05-15 01:27:31 Setting CBS color valve (FillGate): 1
2026-05-15 01:27:32 Primed volume (FillGate): 1.37919
2026-05-15 01:27:32 Re-Calculated Filling Volume: 640
2026-05-15 01:27:32 Setting CBS color valve (FillCart): 1
2026-05-15 01:27:57 Handler State: PROCESS_CART (6) -> EXCHANGE_ONE (7)
2026-05-15 01:27:57 CartMove: Exchange 1, from 104
2026-05-15 01:27:57 CartMoveState: FROM_PROBE (19) -> FROM_CART (4)
2026-05-15 01:28:03 Setting CBS color valve (Finished): 0
2026-05-15 01:28:05 CartMoveState: FROM_CART (4) -> TO_MOVE (10)
2026-05-15 01:28:06 CartMoveState: TO_MOVE (10) -> EXCH_1_WAIT (14)
2026-05-15 01:28:06 Handler State: EXCHANGE_ONE (7) -> START_DCU (8)
2026-05-15 01:30:05 Handler State: START_DCU (8) -> EXCHANGE_TWO (9)
2026-05-15 01:30:05 CartMove: Exchange 2
2026-05-15 01:30:15 CartMoveState: EXCH_1_WAIT (14) -> EXCH_1_CART (15)
2026-05-15 01:30:18 CartMoveState: EXCH_1_CART (15) -> EXCH_2_MOVE (16)
2026-05-15 01:30:19 CartMoveState: EXCH_2_MOVE (16) -> EXCH_2_CART (17)
2026-05-15 01:30:21 CartMoveState: EXCH_2_CART (17) -> STORE_DECIDE (18)
2026-05-15 01:30:21 Used volume for last job: 275.62
2026-05-15 01:30:21 Handler State: EXCHANGE_TWO (9) -> WAIT_FOR_DCU (10)
2026-05-15 01:30:22 Handler State: WAIT_FOR_DCU (10) -> EXCHANGE_THREE (11)
2026-05-15 01:30:23 CartMove: Exchange 3
2026-05-15 01:30:23 CartMoveState: STORE_DECIDE (18) -> AUX_DECIDE (5)
2026-05-15 01:30:23 CartMoveState: AUX_DECIDE (5) -> TO_MOVE (10)
2026-05-15 01:30:24 CartMoveState: TO_MOVE (10) -> TO_CART (11)
2026-05-15 01:30:26 CartMoveState: TO_CART (11) -> HOME_MOVE (12)
2026-05-15 01:30:27 CartMoveState: HOME_MOVE (12) -> HALT (13)
2026-05-15 01:30:27 CartMoveState: HALT (13) -> IDLE (1)
2026-05-15 01:30:27 Handler State: EXCHANGE_THREE (11) -> POST_PROCESS (12)
2026-05-15 01:30:27 Handler State: POST_PROCESS (12) -> MOVE_ARM_HOME (14)
2026-05-15 01:30:28 Handler State: MOVE_ARM_HOME (14) -> HANDLER_IDLE (1)
2026-05-15 01:44:00 Handler State: HANDLER_IDLE (1) -> HANDLER_START (2)
2026-05-15 01:44:01 Handler State: HANDLER_START (2) -> DECIDE_CART (3)
2026-05-15 01:44:01 Selection: IFS has correct material.
2026-05-15 01:44:01 Selection: Cartridge has correct material.
2026-05-15 01:44:01 Selected Primary Cartridge: 4
2026-05-15 01:44:01 Selected Primary Station: 102
2026-05-15 01:44:01 Selected Secondary Cartridge: 0
2026-05-15 01:44:01 Selected Secondary Station: 0
2026-05-15 01:44:01 Selected Filling Volume: 640
2026-05-15 01:44:01 Handler State: DECIDE_CART (3) -> REMOVE_CART (4)
2026-05-15 01:44:01 CartMove: Move, from 102 to 108
2026-05-15 01:44:01 CartMoveState: IDLE (1) -> FROM_MOVE (3)
2026-05-15 01:44:01 CartMoveState: FROM_MOVE (3) -> FROM_CART (4)
2026-05-15 01:44:04 CartMoveState: FROM_CART (4) -> AUX_DECIDE (5)
2026-05-15 01:44:04 CartMoveState: AUX_DECIDE (5) -> TO_MOVE (10)
2026-05-15 01:44:06 CartMoveState: TO_MOVE (10) -> TO_CART (11)
2026-05-15 01:44:08 CartMoveState: TO_CART (11) -> HOME_MOVE (12)
2026-05-15 01:44:09 CartMoveState: HOME_MOVE (12) -> HALT (13)
2026-05-15 01:44:09 CartMoveState: HALT (13) -> IDLE (1)
2026-05-15 01:44:09 Handler State: REMOVE_CART (4) -> PLACE_CART (5)
2026-05-15 01:44:10 CartMove: Move, from 105 to 102
2026-05-15 01:44:10 CartMoveState: IDLE (1) -> FROM_MOVE (3)
2026-05-15 01:44:11 CartMoveState: FROM_MOVE (3) -> FROM_CART (4)
2026-05-15 01:44:13 CartMoveState: FROM_CART (4) -> AUX_DECIDE (5)
2026-05-15 01:44:13 CartMoveState: AUX_DECIDE (5) -> TO_MOVE (10)
2026-05-15 01:44:15 CartMoveState: TO_MOVE (10) -> TO_CART (11)
2026-05-15 01:44:17 CartMoveState: TO_CART (11) -> HOME_MOVE (12)
2026-05-15 01:44:18 CartMoveState: HOME_MOVE (12) -> HALT (13)
2026-05-15 01:44:18 CartMoveState: HALT (13) -> IDLE (1)
2026-05-15 01:44:18 Handler State: PLACE_CART (5) -> CHECK_SEC_CART (26)
2026-05-15 01:44:18 Handler State: CHECK_SEC_CART (26) -> PROBE_CART (24)
2026-05-15 01:44:18 CartMove: Exchange 1, from 102
2026-05-15 01:44:18 CartMoveState: IDLE (1) -> FROM_MOVE (3)
2026-05-15 01:44:19 CartMoveState: FROM_MOVE (3) -> FROM_PROBE (19)
2026-05-15 01:44:21 Handler State: PROBE_CART (24) -> PROCESS_CART (6)
2026-05-15 01:45:04 Setting CBS color valve (FillGate): 2
2026-05-15 01:45:05 Primed volume (FillGate): 1.89033
2026-05-15 01:45:05 Re-Calculated Filling Volume: 640
2026-05-15 01:45:05 Setting CBS color valve (FillCart): 2
2026-05-15 01:45:30 Handler State: PROCESS_CART (6) -> EXCHANGE_ONE (7)
2026-05-15 01:45:30 CartMove: Exchange 1, from 102
2026-05-15 01:45:30 CartMoveState: FROM_PROBE (19) -> FROM_CART (4)
2026-05-15 01:45:36 Setting CBS color valve (Finished): 0
2026-05-15 01:45:38 CartMoveState: FROM_CART (4) -> TO_MOVE (10)
2026-05-15 01:45:39 CartMoveState: TO_MOVE (10) -> EXCH_1_WAIT (14)
2026-05-15 01:45:39 Handler State: EXCHANGE_ONE (7) -> START_DCU (8)
2026-05-15 01:45:51 Handler State: START_DCU (8) -> EXCHANGE_TWO (9)
2026-05-15 01:45:51 CartMove: Exchange 2
2026-05-15 01:46:02 CartMoveState: EXCH_1_WAIT (14) -> EXCH_1_CART (15)
2026-05-15 01:46:04 CartMoveState: EXCH_1_CART (15) -> EXCH_2_MOVE (16)
2026-05-15 01:46:05 CartMoveState: EXCH_2_MOVE (16) -> EXCH_2_CART (17)
2026-05-15 01:46:07 CartMoveState: EXCH_2_CART (17) -> STORE_DECIDE (18)
2026-05-15 01:46:07 Used volume for last job: 443.701
2026-05-15 01:46:07 Handler State: EXCHANGE_TWO (9) -> WAIT_FOR_DCU (10)
2026-05-15 01:46:09 Handler State: WAIT_FOR_DCU (10) -> EXCHANGE_THREE (11)
2026-05-15 01:46:09 CartMove: Exchange 3
2026-05-15 01:46:09 CartMoveState: STORE_DECIDE (18) -> AUX_DECIDE (5)
2026-05-15 01:46:09 CartMoveState: AUX_DECIDE (5) -> TO_MOVE (10)
2026-05-15 01:46:10 CartMoveState: TO_MOVE (10) -> TO_CART (11)
2026-05-15 01:46:13 CartMoveState: TO_CART (11) -> HOME_MOVE (12)
2026-05-15 01:46:14 CartMoveState: HOME_MOVE (12) -> HALT (13)
2026-05-15 01:46:14 CartMoveState: HALT (13) -> IDLE (1)
2026-05-15 01:46:14 Handler State: EXCHANGE_THREE (11) -> POST_PROCESS (12)
2026-05-15 01:46:14 Handler State: POST_PROCESS (12) -> EMPTY_AUX (13)
2026-05-15 01:46:14 CartMove: Move, from 108 to 102
2026-05-15 01:46:14 CartMoveState: IDLE (1) -> FROM_MOVE (3)
2026-05-15 01:46:15 CartMoveState: FROM_MOVE (3) -> FROM_CART (4)
2026-05-15 01:46:18 CartMoveState: FROM_CART (4) -> AUX_DECIDE (5)
2026-05-15 01:46:18 CartMoveState: AUX_DECIDE (5) -> TO_MOVE (10)
2026-05-15 01:46:20 CartMoveState: TO_MOVE (10) -> TO_CART (11)
2026-05-15 01:46:22 CartMoveState: TO_CART (11) -> HOME_MOVE (12)
2026-05-15 01:46:23 CartMoveState: HOME_MOVE (12) -> HALT (13)
2026-05-15 01:46:23 CartMoveState: HALT (13) -> IDLE (1)
2026-05-15 01:46:23 Handler State: EMPTY_AUX (13) -> MOVE_ARM_HOME (14)
2026-05-15 01:46:23 Handler State: MOVE_ARM_HOME (14) -> HANDLER_IDLE (1)
2026-05-15 01:47:58 Handler State: HANDLER_IDLE (1) -> HANDLER_START (2)
2026-05-15 01:47:59 Handler State: HANDLER_START (2) -> DECIDE_CART (3)
2026-05-15 01:47:59 Selection: IFS has correct material.
2026-05-15 01:47:59 Selection: Last resort, just pick the first cartridge.
2026-05-15 01:47:59 Selected Primary Cartridge: 1
2026-05-15 01:47:59 Selected Primary Station: 102
2026-05-15 01:47:59 Selected Secondary Cartridge: 0
2026-05-15 01:47:59 Selected Secondary Station: 0
2026-05-15 01:47:59 Selected Filling Volume: 640
2026-05-15 01:47:59 Handler State: DECIDE_CART (3) -> CHECK_SEC_CART (26)
2026-05-15 01:47:59 Handler State: CHECK_SEC_CART (26) -> PROBE_CART (24)
2026-05-15 01:47:59 CartMove: Exchange 1, from 102
2026-05-15 01:47:59 CartMoveState: IDLE (1) -> FROM_MOVE (3)
2026-05-15 01:48:00 CartMoveState: FROM_MOVE (3) -> FROM_PROBE (19)
2026-05-15 01:48:02 Handler State: PROBE_CART (24) -> PROCESS_CART (6)
2026-05-15 01:48:36 Setting CBS color valve (FillGate): 2
2026-05-15 01:48:37 Primed volume (FillGate): 3.02916
2026-05-15 01:48:37 Re-Calculated Filling Volume: 640
2026-05-15 01:48:37 Setting CBS color valve (FillCart): 2
2026-05-15 01:49:00 Handler State: PROCESS_CART (6) -> EXCHANGE_ONE (7)
2026-05-15 01:49:00 CartMove: Exchange 1, from 102
2026-05-15 01:49:00 CartMoveState: FROM_PROBE (19) -> FROM_CART (4)
2026-05-15 01:49:07 Setting CBS color valve (Finished): 0
2026-05-15 01:49:08 CartMoveState: FROM_CART (4) -> TO_MOVE (10)
2026-05-15 01:49:10 CartMoveState: TO_MOVE (10) -> EXCH_1_WAIT (14)
2026-05-15 01:49:10 Handler State: EXCHANGE_ONE (7) -> START_DCU (8)
2026-05-15 01:50:26 Handler State: START_DCU (8) -> EXCHANGE_TWO (9)
2026-05-15 01:50:26 CartMove: Exchange 2
2026-05-15 01:50:27 CartMoveState: EXCH_1_WAIT (14) -> EXCH_1_CART (15)
2026-05-15 01:50:30 CartMoveState: EXCH_1_CART (15) -> EXCH_2_MOVE (16)
2026-05-15 01:50:31 CartMoveState: EXCH_2_MOVE (16) -> EXCH_2_CART (17)
2026-05-15 01:50:33 CartMoveState: EXCH_2_CART (17) -> STORE_DECIDE (18)
2026-05-15 01:50:33 Used volume for last job: 0
2026-05-15 01:50:33 Handler State: EXCHANGE_TWO (9) -> WAIT_FOR_DCU (10)
2026-05-15 01:50:35 Handler State: WAIT_FOR_DCU (10) -> EXCHANGE_THREE (11)
2026-05-15 01:50:35 CartMove: Exchange 3
2026-05-15 01:50:35 CartMoveState: STORE_DECIDE (18) -> AUX_DECIDE (5)
2026-05-15 01:50:35 CartMoveState: AUX_DECIDE (5) -> TO_MOVE (10)
2026-05-15 01:50:35 CartMoveState: TO_MOVE (10) -> TO_CART (11)
2026-05-15 01:50:37 CartMoveState: TO_CART (11) -> HOME_MOVE (12)
2026-05-15 01:50:37 CartMoveState: HOME_MOVE (12) -> HALT (13)
2026-05-15 01:50:37 CartMoveState: HALT (13) -> IDLE (1)
2026-05-15 01:50:37 Handler State: EXCHANGE_THREE (11) -> POST_PROCESS (12)
2026-05-15 01:50:37 Handler State: POST_PROCESS (12) -> MOVE_ARM_HOME (14)
2026-05-15 01:50:39 Handler State: MOVE_ARM_HOME (14) -> HANDLER_IDLE (1)
2026-05-15 01:50:44 Handler State: HANDLER_IDLE (1) -> HANDLER_START (2)
2026-05-15 01:50:45 Handler State: HANDLER_START (2) -> DECIDE_CART (3)
2026-05-15 01:50:45 Selection: Last resort, just pick the first IFS.
2026-05-15 01:50:45 Selection: Last resort, just pick the first cartridge.
2026-05-15 01:50:45 Selected Primary Cartridge: 2
2026-05-15 01:50:45 Selected Primary Station: 103
2026-05-15 01:50:45 Selected Secondary Cartridge: 0
2026-05-15 01:50:45 Selected Secondary Station: 0
2026-05-15 01:50:45 Selected Filling Volume: 335
2026-05-15 01:50:46 Handler State: DECIDE_CART (3) -> CHECK_SEC_CART (26)
2026-05-15 01:50:46 Handler State: CHECK_SEC_CART (26) -> PROBE_CART (24)
2026-05-15 01:50:46 CartMove: Exchange 1, from 103
2026-05-15 01:50:46 CartMoveState: IDLE (1) -> FROM_MOVE (3)
2026-05-15 01:50:46 CartMoveState: FROM_MOVE (3) -> FROM_PROBE (19)
2026-05-15 01:50:47 Handler State: PROBE_CART (24) -> PROCESS_CART (6)
2026-05-15 01:51:24 Setting CBS color valve (FillIFS): 1
2026-05-15 01:51:26 Primed volume (FillIFS): 0.287572
2026-05-15 01:51:26 Re-Calculated Filling Volume: 335
2026-05-15 01:51:26 Setting CBS color valve (FillCart): 1
2026-05-15 01:51:42 Handler State: PROCESS_CART (6) -> EXCHANGE_ONE (7)
2026-05-15 01:51:42 CartMove: Exchange 1, from 103
2026-05-15 01:51:42 CartMoveState: FROM_PROBE (19) -> FROM_CART (4)
2026-05-15 01:51:48 Setting CBS color valve (Finished): 0
2026-05-15 01:51:49 CartMoveState: FROM_CART (4) -> TO_MOVE (10)
2026-05-15 01:51:51 CartMoveState: TO_MOVE (10) -> EXCH_1_WAIT (14)
2026-05-15 01:51:51 Handler State: EXCHANGE_ONE (7) -> START_DCU (8)
2026-05-15 01:52:25 Handler State: START_DCU (8) -> EXCHANGE_TWO (9)
2026-05-15 01:52:25 CartMove: Exchange 2
2026-05-15 01:52:36 CartMoveState: EXCH_1_WAIT (14) -> EXCH_1_CART (15)
2026-05-15 01:52:39 CartMoveState: EXCH_1_CART (15) -> EXCH_2_MOVE (16)
2026-05-15 01:52:40 CartMoveState: EXCH_2_MOVE (16) -> EXCH_2_CART (17)
2026-05-15 01:52:42 CartMoveState: EXCH_2_CART (17) -> STORE_DECIDE (18)
2026-05-15 01:52:42 Used volume for last job: 193.137
2026-05-15 01:52:42 Handler State: EXCHANGE_TWO (9) -> WAIT_FOR_DCU (10)
2026-05-15 01:52:44 Handler State: WAIT_FOR_DCU (10) -> EXCHANGE_THREE (11)
2026-05-15 01:52:44 CartMove: Exchange 3
2026-05-15 01:52:44 CartMoveState: STORE_DECIDE (18) -> AUX_DECIDE (5)
2026-05-15 01:52:44 CartMoveState: AUX_DECIDE (5) -> TO_MOVE (10)
2026-05-15 01:52:46 CartMoveState: TO_MOVE (10) -> TO_CART (11)
2026-05-15 01:52:48 CartMoveState: TO_CART (11) -> HOME_MOVE (12)
2026-05-15 01:52:49 CartMoveState: HOME_MOVE (12) -> HALT (13)
2026-05-15 01:52:49 CartMoveState: HALT (13) -> IDLE (1)
2026-05-15 01:52:49 Handler State: EXCHANGE_THREE (11) -> POST_PROCESS (12)
2026-05-15 01:52:49 Handler State: POST_PROCESS (12) -> MOVE_ARM_HOME (14)
2026-05-15 01:52:49 Handler State: MOVE_ARM_HOME (14) -> HANDLER_IDLE (1)
2026-05-15 01:53:03 Handler State: HANDLER_IDLE (1) -> HANDLER_START (2)
2026-05-15 01:53:04 Handler State: HANDLER_START (2) -> DECIDE_CART (3)
2026-05-15 01:53:04 Selection: IFS has correct material and its cartridge has correct material.
2026-05-15 01:53:04 Selected Primary Cartridge: 3
2026-05-15 01:53:04 Selected Primary Station: 104
2026-05-15 01:53:04 Selected Secondary Cartridge: 0
2026-05-15 01:53:04 Selected Secondary Station: 0
2026-05-15 01:53:04 Selected Filling Volume: 453
2026-05-15 01:53:04 Handler State: DECIDE_CART (3) -> CHECK_SEC_CART (26)
2026-05-15 01:53:04 Handler State: CHECK_SEC_CART (26) -> PROBE_CART (24)
2026-05-15 01:53:04 CartMove: Exchange 1, from 104
2026-05-15 01:53:04 CartMoveState: IDLE (1) -> FROM_MOVE (3)
2026-05-15 01:53:05 CartMoveState: FROM_MOVE (3) -> FROM_PROBE (19)
2026-05-15 01:53:06 Handler State: PROBE_CART (24) -> PROCESS_CART (6)
2026-05-15 01:53:59 Setting CBS color valve (FillGate): 1
2026-05-15 01:54:00 Primed volume (FillGate): 1.65754
2026-05-15 01:54:00 Re-Calculated Filling Volume: 453
2026-05-15 01:54:00 Setting CBS color valve (FillCart): 1
2026-05-15 01:54:22 Handler State: PROCESS_CART (6) -> EXCHANGE_ONE (7)
2026-05-15 01:54:22 CartMove: Exchange 1, from 104
2026-05-15 01:54:22 CartMoveState: FROM_PROBE (19) -> FROM_CART (4)
2026-05-15 01:54:28 Setting CBS color valve (Finished): 0
2026-05-15 01:54:30 CartMoveState: FROM_CART (4) -> TO_MOVE (10)
2026-05-15 01:54:31 CartMoveState: TO_MOVE (10) -> EXCH_1_WAIT (14)
2026-05-15 01:54:31 Handler State: EXCHANGE_ONE (7) -> START_DCU (8)
2026-05-15 01:56:07 Handler State: START_DCU (8) -> EXCHANGE_TWO (9)
2026-05-15 01:56:07 CartMove: Exchange 2
2026-05-15 01:56:18 CartMoveState: EXCH_1_WAIT (14) -> EXCH_1_CART (15)
2026-05-15 01:56:21 CartMoveState: EXCH_1_CART (15) -> EXCH_2_MOVE (16)
2026-05-15 01:56:21 CartMoveState: EXCH_2_MOVE (16) -> EXCH_2_CART (17)
2026-05-15 01:56:23 CartMoveState: EXCH_2_CART (17) -> STORE_DECIDE (18)
2026-05-15 01:56:23 Used volume for last job: 276.146
2026-05-15 01:56:23 Handler State: EXCHANGE_TWO (9) -> WAIT_FOR_DCU (10)
2026-05-15 01:56:25 Handler State: WAIT_FOR_DCU (10) -> EXCHANGE_THREE (11)
2026-05-15 01:56:25 CartMove: Exchange 3
2026-05-15 01:56:25 CartMoveState: STORE_DECIDE (18) -> AUX_DECIDE (5)
2026-05-15 01:56:25 CartMoveState: AUX_DECIDE (5) -> TO_MOVE (10)
2026-05-15 01:56:26 CartMoveState: TO_MOVE (10) -> TO_CART (11)
2026-05-15 01:56:28 CartMoveState: TO_CART (11) -> HOME_MOVE (12)
2026-05-15 01:56:29 CartMoveState: HOME_MOVE (12) -> HALT (13)
2026-05-15 01:56:29 CartMoveState: HALT (13) -> IDLE (1)
2026-05-15 01:56:29 Handler State: EXCHANGE_THREE (11) -> POST_PROCESS (12)
2026-05-15 01:56:29 Handler State: POST_PROCESS (12) -> MOVE_ARM_HOME (14)
2026-05-15 01:56:29 Handler State: MOVE_ARM_HOME (14) -> HANDLER_IDLE (1)
2026-05-15 01:57:49 Handler State: HANDLER_IDLE (1) -> HANDLER_START (2)
2026-05-15 01:57:50 Handler State: HANDLER_START (2) -> DECIDE_CART (3)
2026-05-15 01:57:50 Selection: IFS has correct material.
2026-05-15 01:57:50 Selection: Cartridge has correct material.
2026-05-15 01:57:50 Selected Primary Cartridge: 6
2026-05-15 01:57:50 Selected Primary Station: 104
2026-05-15 01:57:50 Selected Secondary Cartridge: 0
2026-05-15 01:57:50 Selected Secondary Station: 0
2026-05-15 01:57:50 Selected Filling Volume: 477
2026-05-15 01:57:50 Handler State: DECIDE_CART (3) -> PLACE_CART (5)
2026-05-15 01:57:50 CartMove: Move, from 107 to 104
2026-05-15 01:57:50 CartMoveState: IDLE (1) -> FROM_MOVE (3)
2026-05-15 01:57:52 CartMoveState: FROM_MOVE (3) -> FROM_CART (4)
2026-05-15 01:57:55 CartMoveState: FROM_CART (4) -> AUX_DECIDE (5)
2026-05-15 01:57:55 CartMoveState: AUX_DECIDE (5) -> TO_MOVE (10)
2026-05-15 01:57:56 CartMoveState: TO_MOVE (10) -> TO_CART (11)
2026-05-15 01:57:58 CartMoveState: TO_CART (11) -> HOME_MOVE (12)
2026-05-15 01:57:59 CartMoveState: HOME_MOVE (12) -> HALT (13)
2026-05-15 01:57:59 CartMoveState: HALT (13) -> IDLE (1)
2026-05-15 01:57:59 Handler State: PLACE_CART (5) -> CHECK_SEC_CART (26)
2026-05-15 01:57:59 Handler State: CHECK_SEC_CART (26) -> PROBE_CART (24)
2026-05-15 01:57:59 CartMove: Exchange 1, from 104
2026-05-15 01:57:59 CartMoveState: IDLE (1) -> FROM_MOVE (3)
2026-05-15 01:58:00 CartMoveState: FROM_MOVE (3) -> FROM_PROBE (19)
2026-05-15 01:58:02 Handler State: PROBE_CART (24) -> PROCESS_CART (6)
2026-05-15 01:58:33 Setting CBS color valve (FillGate): 1
2026-05-15 01:58:34 Primed volume (FillGate): 1.30693
2026-05-15 01:58:34 Re-Calculated Filling Volume: 477
2026-05-15 01:58:34 Setting CBS color valve (FillCart): 1
2026-05-15 01:58:56 Handler State: PROCESS_CART (6) -> EXCHANGE_ONE (7)
2026-05-15 01:58:56 CartMove: Exchange 1, from 104
2026-05-15 01:58:56 CartMoveState: FROM_PROBE (19) -> FROM_CART (4)
2026-05-15 01:59:01 Setting CBS color valve (Finished): 0
2026-05-15 01:59:03 CartMoveState: FROM_CART (4) -> TO_MOVE (10)
2026-05-15 01:59:05 CartMoveState: TO_MOVE (10) -> EXCH_1_WAIT (14)
2026-05-15 01:59:05 Handler State: EXCHANGE_ONE (7) -> START_DCU (8)
2026-05-15 01:59:35 Handler State: START_DCU (8) -> EXCHANGE_TWO (9)
2026-05-15 01:59:35 CartMove: Exchange 2
2026-05-15 01:59:36 CartMoveState: EXCH_1_WAIT (14) -> EXCH_1_CART (15)
2026-05-15 01:59:38 CartMoveState: EXCH_1_CART (15) -> EXCH_2_MOVE (16)
2026-05-15 01:59:39 CartMoveState: EXCH_2_MOVE (16) -> EXCH_2_CART (17)
2026-05-15 01:59:41 CartMoveState: EXCH_2_CART (17) -> STORE_DECIDE (18)
2026-05-15 01:59:41 Used volume for last job: 0
2026-05-15 01:59:41 Handler State: EXCHANGE_TWO (9) -> WAIT_FOR_DCU (10)
2026-05-15 01:59:43 Handler State: WAIT_FOR_DCU (10) -> EXCHANGE_THREE (11)
2026-05-15 01:59:43 CartMove: Exchange 3
2026-05-15 01:59:43 CartMoveState: STORE_DECIDE (18) -> AUX_DECIDE (5)
2026-05-15 01:59:43 CartMoveState: AUX_DECIDE (5) -> TO_MOVE (10)
2026-05-15 01:59:44 CartMoveState: TO_MOVE (10) -> TO_CART (11)
2026-05-15 01:59:47 CartMoveState: TO_CART (11) -> HOME_MOVE (12)
2026-05-15 01:59:48 CartMoveState: HOME_MOVE (12) -> HALT (13)
2026-05-15 01:59:48 CartMoveState: HALT (13) -> IDLE (1)
2026-05-15 01:59:48 Handler State: EXCHANGE_THREE (11) -> POST_PROCESS (12)
2026-05-15 01:59:48 Handler State: POST_PROCESS (12) -> MOVE_ARM_HOME (14)
2026-05-15 01:59:48 Handler State: MOVE_ARM_HOME (14) -> HANDLER_IDLE (1)
2026-05-15 02:01:35 Handler State: HANDLER_IDLE (1) -> SEMI_START (15)
2026-05-15 02:01:35 Handler State: SEMI_START (15) -> SEMI_PROBE_CART (25)
2026-05-15 02:01:38 Handler State: SEMI_PROBE_CART (25) -> SEMI_PROCESS (16)
2026-05-15 02:02:15 Re-Calculated Filling Volume: 0
2026-05-15 02:02:21 Setting CBS color valve (Finished): 0
2026-05-15 02:02:21 Handler State: SEMI_PROCESS (16) -> SEMI_WHAT_NEXT (21)
2026-05-15 02:02:21 Handler State: SEMI_WHAT_NEXT (21) -> SEMI_FINISHED (23)
2026-05-15 02:02:21 Handler State: SEMI_FINISHED (23) -> HANDLER_IDLE (1)
2026-05-15 02:04:10 Handler State: HANDLER_IDLE (1) -> HANDLER_START (2)
2026-05-15 02:04:10 Handler State: HANDLER_START (2) -> DECIDE_CART (3)
2026-05-15 02:04:10 Selection: IFS is clean and its cartridge is cleaned.
2026-05-15 02:04:10 Selected Primary Cartridge: 3
2026-05-15 02:04:10 Selected Primary Station: 104
2026-05-15 02:04:10 Selected Secondary Cartridge: 0
2026-05-15 02:04:10 Selected Secondary Station: 0
2026-05-15 02:04:10 Selected Filling Volume: 640
2026-05-15 02:04:11 Handler State: DECIDE_CART (3) -> CHECK_SEC_CART (26)
2026-05-15 02:04:11 Handler State: CHECK_SEC_CART (26) -> PROBE_CART (24)
2026-05-15 02:04:11 CartMove: Exchange 1, from 104
2026-05-15 02:04:11 CartMoveState: IDLE (1) -> FROM_MOVE (3)
2026-05-15 02:04:11 CartMoveState: FROM_MOVE (3) -> FROM_PROBE (19)
2026-05-15 02:04:13 Handler State: PROBE_CART (24) -> PROCESS_CART (6)
2026-05-15 02:04:13 Setting CBS color valve (FillIFS): 2
2026-05-15 02:04:15 Primed volume (FillIFS): 1.79788
2026-05-15 02:04:15 Re-Calculated Filling Volume: 640
2026-05-15 02:04:15 Setting CBS color valve (FillCart): 2
2026-05-15 02:04:39 Handler State: PROCESS_CART (6) -> EXCHANGE_ONE (7)
2026-05-15 02:04:39 CartMove: Exchange 1, from 104
2026-05-15 02:04:39 CartMoveState: FROM_PROBE (19) -> FROM_CART (4)
2026-05-15 02:04:45 Setting CBS color valve (Finished): 0
2026-05-15 02:04:47 CartMoveState: FROM_CART (4) -> TO_MOVE (10)
2026-05-15 02:04:48 CartMoveState: TO_MOVE (10) -> EXCH_1_WAIT (14)
2026-05-15 02:04:48 Handler State: EXCHANGE_ONE (7) -> START_DCU (8)
2026-05-15 02:04:48 Handler State: START_DCU (8) -> EXCHANGE_TWO (9)
2026-05-15 02:04:48 CartMove: Exchange 2
2026-05-15 02:04:48 CartMoveState: EXCH_1_WAIT (14) -> EXCH_1_CART (15)
2026-05-15 02:04:51 CartMoveState: EXCH_1_CART (15) -> EXCH_2_MOVE (16)
2026-05-15 02:04:52 CartMoveState: EXCH_2_MOVE (16) -> EXCH_2_CART (17)
2026-05-15 02:04:54 CartMoveState: EXCH_2_CART (17) -> STORE_DECIDE (18)
2026-05-15 02:04:54 Used volume for last job: 428.226
2026-05-15 02:04:54 Handler State: EXCHANGE_TWO (9) -> WAIT_FOR_DCU (10)
2026-05-15 02:04:55 Handler State: WAIT_FOR_DCU (10) -> EXCHANGE_THREE (11)
2026-05-15 02:04:56 CartMove: Exchange 3
2026-05-15 02:04:56 CartMoveState: STORE_DECIDE (18) -> AUX_DECIDE (5)
2026-05-15 02:04:56 CartMoveState: AUX_DECIDE (5) -> TO_MOVE (10)
2026-05-15 02:04:57 CartMoveState: TO_MOVE (10) -> TO_CART (11)
2026-05-15 02:04:59 CartMoveState: TO_CART (11) -> HOME_MOVE (12)
2026-05-15 02:05:00 CartMoveState: HOME_MOVE (12) -> HALT (13)
2026-05-15 02:05:00 CartMoveState: HALT (13) -> IDLE (1)
2026-05-15 02:05:00 Handler State: EXCHANGE_THREE (11) -> POST_PROCESS (12)
2026-05-15 02:05:00 Handler State: POST_PROCESS (12) -> MOVE_ARM_HOME (14)
2026-05-15 02:05:01 Handler State: MOVE_ARM_HOME (14) -> HANDLER_IDLE (1)
2026-05-15 02:29:44 Handler State: HANDLER_IDLE (1) -> SEMI_START (15)
2026-05-15 02:29:44 Handler State: SEMI_START (15) -> SEMI_PROBE_CART (25)
2026-05-15 02:29:47 Handler State: SEMI_PROBE_CART (25) -> SEMI_PROCESS (16)
2026-05-15 02:30:20 Re-Calculated Filling Volume: 0
2026-05-15 02:30:26 Setting CBS color valve (Finished): 0
2026-05-15 02:30:26 Handler State: SEMI_PROCESS (16) -> SEMI_WHAT_NEXT (21)
2026-05-15 02:30:26 Handler State: SEMI_WHAT_NEXT (21) -> SEMI_FINISHED (23)
2026-05-15 02:30:26 Handler State: SEMI_FINISHED (23) -> HANDLER_IDLE (1)
2026-05-15 02:33:11 Handler State: HANDLER_IDLE (1) -> SEMI_START (15)
2026-05-15 02:33:11 Handler State: SEMI_START (15) -> SEMI_PROBE_CART (25)
2026-05-15 02:33:15 Handler State: SEMI_PROBE_CART (25) -> SEMI_PROCESS (16)
2026-05-15 02:34:28 Re-Calculated Filling Volume: 0
2026-05-15 02:34:35 Setting CBS color valve (Finished): 0
2026-05-15 02:34:35 Handler State: SEMI_PROCESS (16) -> SEMI_WHAT_NEXT (21)
2026-05-15 02:34:35 Handler State: SEMI_WHAT_NEXT (21) -> SEMI_FINISHED (23)
2026-05-15 02:34:36 Handler State: SEMI_FINISHED (23) -> HANDLER_IDLE (1)
2026-05-15 02:38:49 Handler State: HANDLER_IDLE (1) -> HANDLER_START (2)
2026-05-15 02:38:50 Handler State: HANDLER_START (2) -> DECIDE_CART (3)
2026-05-15 02:38:50 Selection: IFS is clean and its cartridge is cleaned.
2026-05-15 02:38:50 Selected Primary Cartridge: 6
2026-05-15 02:38:50 Selected Primary Station: 104
2026-05-15 02:38:50 Selected Secondary Cartridge: 0
2026-05-15 02:38:50 Selected Secondary Station: 0
2026-05-15 02:38:50 Selected Filling Volume: 453
2026-05-15 02:38:50 Handler State: DECIDE_CART (3) -> CHECK_SEC_CART (26)
2026-05-15 02:38:50 Handler State: CHECK_SEC_CART (26) -> PROBE_CART (24)
2026-05-15 02:38:50 CartMove: Exchange 1, from 104
2026-05-15 02:38:50 CartMoveState: IDLE (1) -> FROM_MOVE (3)
2026-05-15 02:38:50 CartMoveState: FROM_MOVE (3) -> FROM_PROBE (19)
2026-05-15 02:38:52 Handler State: PROBE_CART (24) -> PROCESS_CART (6)
2026-05-15 02:38:52 Setting CBS color valve (FillIFS): 1
2026-05-15 02:38:54 Primed volume (FillIFS): 0.962715
2026-05-15 02:38:54 Re-Calculated Filling Volume: 453
2026-05-15 02:38:54 Setting CBS color valve (FillCart): 1
2026-05-15 02:39:16 Handler State: PROCESS_CART (6) -> EXCHANGE_ONE (7)
2026-05-15 02:39:16 CartMove: Exchange 1, from 104
2026-05-15 02:39:16 CartMoveState: FROM_PROBE (19) -> FROM_CART (4)
2026-05-15 02:39:21 Setting CBS color valve (Finished): 0
2026-05-15 02:39:23 CartMoveState: FROM_CART (4) -> TO_MOVE (10)
2026-05-15 02:39:25 CartMoveState: TO_MOVE (10) -> EXCH_1_WAIT (14)
2026-05-15 02:39:25 Handler State: EXCHANGE_ONE (7) -> START_DCU (8)
2026-05-15 02:39:25 Handler State: START_DCU (8) -> EXCHANGE_TWO (9)
2026-05-15 02:39:25 CartMove: Exchange 2
2026-05-15 02:39:25 CartMoveState: EXCH_1_WAIT (14) -> EXCH_1_CART (15)
2026-05-15 02:39:28 CartMoveState: EXCH_1_CART (15) -> EXCH_2_MOVE (16)
2026-05-15 02:39:29 CartMoveState: EXCH_2_MOVE (16) -> EXCH_2_CART (17)
2026-05-15 02:39:31 CartMoveState: EXCH_2_CART (17) -> STORE_DECIDE (18)
2026-05-15 02:39:31 Used volume for last job: 443.634
2026-05-15 02:39:31 Handler State: EXCHANGE_TWO (9) -> WAIT_FOR_DCU (10)
2026-05-15 02:39:32 Handler State: WAIT_FOR_DCU (10) -> EXCHANGE_THREE (11)
2026-05-15 02:39:32 CartMove: Exchange 3
2026-05-15 02:39:32 CartMoveState: STORE_DECIDE (18) -> AUX_DECIDE (5)
2026-05-15 02:39:32 CartMoveState: AUX_DECIDE (5) -> TO_MOVE (10)
2026-05-15 02:39:34 CartMoveState: TO_MOVE (10) -> TO_CART (11)
2026-05-15 02:39:36 CartMoveState: TO_CART (11) -> HOME_MOVE (12)
2026-05-15 02:39:37 CartMoveState: HOME_MOVE (12) -> HALT (13)
2026-05-15 02:39:37 CartMoveState: HALT (13) -> IDLE (1)
2026-05-15 02:39:37 Handler State: EXCHANGE_THREE (11) -> POST_PROCESS (12)
2026-05-15 02:39:37 Handler State: POST_PROCESS (12) -> MOVE_ARM_HOME (14)
2026-05-15 02:39:37 Handler State: MOVE_ARM_HOME (14) -> HANDLER_IDLE (1)
2026-05-15 02:44:06 Handler State: HANDLER_IDLE (1) -> HANDLER_START (2)
2026-05-15 02:44:07 Handler State: HANDLER_START (2) -> DECIDE_CART (3)
2026-05-15 02:44:07 Selection: IFS has correct material.
2026-05-15 02:44:07 Selection: Last resort, just pick the first cartridge.
2026-05-15 02:44:07 Selected Primary Cartridge: 3
2026-05-15 02:44:07 Selected Primary Station: 104
2026-05-15 02:44:07 Selected Secondary Cartridge: 0
2026-05-15 02:44:07 Selected Secondary Station: 0
2026-05-15 02:44:07 Selected Filling Volume: 477
2026-05-15 02:44:07 Handler State: DECIDE_CART (3) -> CHECK_SEC_CART (26)
2026-05-15 02:44:07 Handler State: CHECK_SEC_CART (26) -> PROBE_CART (24)
2026-05-15 02:44:07 CartMove: Exchange 1, from 104
2026-05-15 02:44:07 CartMoveState: IDLE (1) -> FROM_MOVE (3)
2026-05-15 02:44:08 CartMoveState: FROM_MOVE (3) -> FROM_PROBE (19)
2026-05-15 02:44:10 Handler State: PROBE_CART (24) -> PROCESS_CART (6)
2026-05-15 02:45:02 Setting CBS color valve (FillGate): 1
2026-05-15 02:45:03 Primed volume (FillGate): 1.45201
2026-05-15 02:45:03 Re-Calculated Filling Volume: 477
2026-05-15 02:45:03 Setting CBS color valve (FillCart): 1
2026-05-15 02:45:24 Handler State: PROCESS_CART (6) -> EXCHANGE_ONE (7)
2026-05-15 02:45:24 CartMove: Exchange 1, from 104
2026-05-15 02:45:24 CartMoveState: FROM_PROBE (19) -> FROM_CART (4)
2026-05-15 02:45:29 Setting CBS color valve (Finished): 0
2026-05-15 02:45:31 CartMoveState: FROM_CART (4) -> TO_MOVE (10)
2026-05-15 02:45:33 CartMoveState: TO_MOVE (10) -> EXCH_1_WAIT (14)
2026-05-15 02:45:33 Handler State: EXCHANGE_ONE (7) -> START_DCU (8)
2026-05-15 02:45:52 Handler State: START_DCU (8) -> EXCHANGE_TWO (9)
2026-05-15 02:45:52 CartMove: Exchange 2
2026-05-15 02:45:53 CartMoveState: EXCH_1_WAIT (14) -> EXCH_1_CART (15)
2026-05-15 02:45:56 CartMoveState: EXCH_1_CART (15) -> EXCH_2_MOVE (16)
2026-05-15 02:45:56 CartMoveState: EXCH_2_MOVE (16) -> EXCH_2_CART (17)
2026-05-15 02:45:58 CartMoveState: EXCH_2_CART (17) -> STORE_DECIDE (18)
2026-05-15 02:45:58 Used volume for last job: 0
2026-05-15 02:45:58 Handler State: EXCHANGE_TWO (9) -> WAIT_FOR_DCU (10)
2026-05-15 02:46:00 Handler State: WAIT_FOR_DCU (10) -> EXCHANGE_THREE (11)
2026-05-15 02:46:00 CartMove: Exchange 3
2026-05-15 02:46:00 CartMoveState: STORE_DECIDE (18) -> AUX_DECIDE (5)
2026-05-15 02:46:00 CartMoveState: AUX_DECIDE (5) -> TO_MOVE (10)
2026-05-15 02:46:02 CartMoveState: TO_MOVE (10) -> TO_CART (11)
2026-05-15 02:46:04 CartMoveState: TO_CART (11) -> HOME_MOVE (12)
2026-05-15 02:46:05 CartMoveState: HOME_MOVE (12) -> HALT (13)
2026-05-15 02:46:05 CartMoveState: HALT (13) -> IDLE (1)
2026-05-15 02:46:05 Handler State: EXCHANGE_THREE (11) -> POST_PROCESS (12)
2026-05-15 02:46:05 Handler State: POST_PROCESS (12) -> MOVE_ARM_HOME (14)
2026-05-15 02:46:05 Handler State: MOVE_ARM_HOME (14) -> HANDLER_IDLE (1)
2026-05-15 02:46:19 Handler State: HANDLER_IDLE (1) -> HANDLER_START (2)
2026-05-15 02:46:20 Handler State: HANDLER_START (2) -> DECIDE_CART (3)
2026-05-15 02:46:20 Selection: IFS is clean and its cartridge is cleaned.
2026-05-15 02:46:20 Selected Primary Cartridge: 4
2026-05-15 02:46:20 Selected Primary Station: 102
2026-05-15 02:46:20 Selected Secondary Cartridge: 0
2026-05-15 02:46:20 Selected Secondary Station: 0
2026-05-15 02:46:21 Selected Filling Volume: 278
2026-05-15 02:46:21 Handler State: DECIDE_CART (3) -> CHECK_SEC_CART (26)
2026-05-15 02:46:21 Handler State: CHECK_SEC_CART (26) -> PROBE_CART (24)
2026-05-15 02:46:21 CartMove: Exchange 1, from 102
2026-05-15 02:46:21 CartMoveState: IDLE (1) -> FROM_MOVE (3)
2026-05-15 02:46:21 CartMoveState: FROM_MOVE (3) -> FROM_PROBE (19)
2026-05-15 02:46:23 Handler State: PROBE_CART (24) -> PROCESS_CART (6)
2026-05-15 02:46:23 Setting CBS color valve (FillIFS): 1
2026-05-15 02:46:25 Primed volume (FillIFS): 2.54214
2026-05-15 02:46:25 Re-Calculated Filling Volume: 278
2026-05-15 02:46:25 Setting CBS color valve (FillCart): 1
2026-05-15 02:46:40 Handler State: PROCESS_CART (6) -> EXCHANGE_ONE (7)
2026-05-15 02:46:40 CartMove: Exchange 1, from 102
2026-05-15 02:46:40 CartMoveState: FROM_PROBE (19) -> FROM_CART (4)
2026-05-15 02:46:47 Setting CBS color valve (Finished): 0
2026-05-15 02:46:49 CartMoveState: FROM_CART (4) -> TO_MOVE (10)
2026-05-15 02:46:50 CartMoveState: TO_MOVE (10) -> EXCH_1_WAIT (14)
2026-05-15 02:46:50 Handler State: EXCHANGE_ONE (7) -> START_DCU (8)
2026-05-15 02:47:38 Handler State: START_DCU (8) -> EXCHANGE_TWO (9)
2026-05-15 02:47:38 CartMove: Exchange 2
2026-05-15 02:47:49 CartMoveState: EXCH_1_WAIT (14) -> EXCH_1_CART (15)
2026-05-15 02:47:52 CartMoveState: EXCH_1_CART (15) -> EXCH_2_MOVE (16)
2026-05-15 02:47:52 CartMoveState: EXCH_2_MOVE (16) -> EXCH_2_CART (17)
2026-05-15 02:47:54 CartMoveState: EXCH_2_CART (17) -> STORE_DECIDE (18)
2026-05-15 02:47:54 Used volume for last job: 432.989
2026-05-15 02:47:54 Handler State: EXCHANGE_TWO (9) -> WAIT_FOR_DCU (10)
2026-05-15 02:47:56 Handler State: WAIT_FOR_DCU (10) -> EXCHANGE_THREE (11)
2026-05-15 02:47:56 CartMove: Exchange 3
2026-05-15 02:47:56 CartMoveState: STORE_DECIDE (18) -> AUX_DECIDE (5)
2026-05-15 02:47:56 CartMoveState: AUX_DECIDE (5) -> TO_MOVE (10)
2026-05-15 02:47:58 CartMoveState: TO_MOVE (10) -> TO_CART (11)
2026-05-15 02:48:00 CartMoveState: TO_CART (11) -> HOME_MOVE (12)
2026-05-15 02:48:02 CartMoveState: HOME_MOVE (12) -> HALT (13)
2026-05-15 02:48:02 CartMoveState: HALT (13) -> IDLE (1)
2026-05-15 02:48:02 Handler State: EXCHANGE_THREE (11) -> POST_PROCESS (12)
2026-05-15 02:48:02 Handler State: POST_PROCESS (12) -> MOVE_ARM_HOME (14)
2026-05-15 02:48:02 Handler State: MOVE_ARM_HOME (14) -> HANDLER_IDLE (1)
2026-05-15 02:51:20 Handler State: HANDLER_IDLE (1) -> SEMI_START (15)
2026-05-15 02:51:20 Handler State: SEMI_START (15) -> SEMI_PROBE_CART (25)
2026-05-15 02:51:23 Handler State: SEMI_PROBE_CART (25) -> SEMI_PROCESS (16)
2026-05-15 02:52:00 Re-Calculated Filling Volume: 0
2026-05-15 02:52:06 Setting CBS color valve (Finished): 0
2026-05-15 02:52:06 Handler State: SEMI_PROCESS (16) -> SEMI_WHAT_NEXT (21)
2026-05-15 02:52:06 Handler State: SEMI_WHAT_NEXT (21) -> SEMI_FINISHED (23)
2026-05-15 02:52:06 Handler State: SEMI_FINISHED (23) -> HANDLER_IDLE (1)
2026-05-15 02:55:57 Handler State: HANDLER_IDLE (1) -> HANDLER_START (2)
2026-05-15 02:55:58 Handler State: HANDLER_START (2) -> DECIDE_CART (3)
2026-05-15 02:55:58 Selection: Last resort, just pick the first IFS.
2026-05-15 02:55:58 Selection: Last resort, just pick the first cartridge.
2026-05-15 02:55:58 Selected Primary Cartridge: 1
2026-05-15 02:55:58 Selected Primary Station: 102
2026-05-15 02:55:58 Selected Secondary Cartridge: 0
2026-05-15 02:55:58 Selected Secondary Station: 0
2026-05-15 02:55:58 Selected Filling Volume: 361
2026-05-15 02:55:58 Handler State: DECIDE_CART (3) -> PLACE_CART (5)
2026-05-15 02:55:58 CartMove: Move, from 105 to 102
2026-05-15 02:55:58 CartMoveState: IDLE (1) -> FROM_MOVE (3)
2026-05-15 02:55:59 CartMoveState: FROM_MOVE (3) -> FROM_CART (4)
2026-05-15 02:56:02 CartMoveState: FROM_CART (4) -> AUX_DECIDE (5)
2026-05-15 02:56:02 CartMoveState: AUX_DECIDE (5) -> TO_MOVE (10)
2026-05-15 02:56:04 CartMoveState: TO_MOVE (10) -> TO_CART (11)
2026-05-15 02:56:06 CartMoveState: TO_CART (11) -> HOME_MOVE (12)
2026-05-15 02:56:07 CartMoveState: HOME_MOVE (12) -> HALT (13)
2026-05-15 02:56:07 CartMoveState: HALT (13) -> IDLE (1)
2026-05-15 02:56:07 Handler State: PLACE_CART (5) -> CHECK_SEC_CART (26)
2026-05-15 02:56:07 Handler State: CHECK_SEC_CART (26) -> PROBE_CART (24)
2026-05-15 02:56:07 CartMove: Exchange 1, from 102
2026-05-15 02:56:07 CartMoveState: IDLE (1) -> FROM_MOVE (3)
2026-05-15 02:56:07 CartMoveState: FROM_MOVE (3) -> FROM_PROBE (19)
2026-05-15 02:56:09 Handler State: PROBE_CART (24) -> PROCESS_CART (6)
2026-05-15 02:57:40 Setting CBS color valve (FillIFS): 2
2026-05-15 02:57:42 Primed volume (FillIFS): 4.71335
2026-05-15 02:57:42 Re-Calculated Filling Volume: 361
2026-05-15 02:57:42 Setting CBS color valve (FillCart): 2
2026-05-15 02:57:59 Handler State: PROCESS_CART (6) -> EXCHANGE_ONE (7)
2026-05-15 02:57:59 CartMove: Exchange 1, from 102
2026-05-15 02:58:00 CartMoveState: FROM_PROBE (19) -> FROM_CART (4)
2026-05-15 02:58:06 Setting CBS color valve (Finished): 0
2026-05-15 02:58:08 CartMoveState: FROM_CART (4) -> TO_MOVE (10)
2026-05-15 02:58:09 CartMoveState: TO_MOVE (10) -> EXCH_1_WAIT (14)
2026-05-15 02:58:09 Handler State: EXCHANGE_ONE (7) -> START_DCU (8)
2026-05-15 02:58:10 Handler State: START_DCU (8) -> EXCHANGE_TWO (9)
2026-05-15 02:58:10 CartMove: Exchange 2
2026-05-15 02:58:10 CartMoveState: EXCH_1_WAIT (14) -> EXCH_1_CART (15)
2026-05-15 02:58:13 CartMoveState: EXCH_1_CART (15) -> EXCH_2_MOVE (16)
2026-05-15 02:58:13 CartMoveState: EXCH_2_MOVE (16) -> EXCH_2_CART (17)
2026-05-15 02:58:15 CartMoveState: EXCH_2_CART (17) -> STORE_DECIDE (18)
2026-05-15 02:58:15 Used volume for last job: 210.882
2026-05-15 02:58:15 Handler State: EXCHANGE_TWO (9) -> WAIT_FOR_DCU (10)
2026-05-15 02:58:17 Handler State: WAIT_FOR_DCU (10) -> EXCHANGE_THREE (11)
2026-05-15 02:58:17 CartMove: Exchange 3
2026-05-15 02:58:17 CartMoveState: STORE_DECIDE (18) -> AUX_DECIDE (5)
2026-05-15 02:58:17 CartMoveState: AUX_DECIDE (5) -> TO_MOVE (10)
2026-05-15 02:58:17 CartMoveState: TO_MOVE (10) -> TO_CART (11)
2026-05-15 02:58:19 CartMoveState: TO_CART (11) -> HOME_MOVE (12)
2026-05-15 02:58:20 CartMoveState: HOME_MOVE (12) -> HALT (13)
2026-05-15 02:58:20 CartMoveState: HALT (13) -> IDLE (1)
2026-05-15 02:58:20 Handler State: EXCHANGE_THREE (11) -> POST_PROCESS (12)
2026-05-15 02:58:20 Handler State: POST_PROCESS (12) -> MOVE_ARM_HOME (14)
2026-05-15 02:58:20 Handler State: MOVE_ARM_HOME (14) -> HANDLER_IDLE (1)
2026-05-15 03:00:00 Handler State: HANDLER_IDLE (1) -> HANDLER_START (2)
2026-05-15 03:00:01 Handler State: HANDLER_START (2) -> DECIDE_CART (3)
2026-05-15 03:00:01 Selection: IFS has correct material.
2026-05-15 03:00:01 Selection: Last resort, just pick the first cartridge.
2026-05-15 03:00:01 Selected Primary Cartridge: 4
2026-05-15 03:00:01 Selected Primary Station: 102
2026-05-15 03:00:01 Selected Secondary Cartridge: 0
2026-05-15 03:00:01 Selected Secondary Station: 0
2026-05-15 03:00:01 Selected Filling Volume: 306
2026-05-15 03:00:01 Handler State: DECIDE_CART (3) -> CHECK_SEC_CART (26)
2026-05-15 03:00:01 Handler State: CHECK_SEC_CART (26) -> PROBE_CART (24)
2026-05-15 03:00:01 CartMove: Exchange 1, from 102
2026-05-15 03:00:01 CartMoveState: IDLE (1) -> FROM_MOVE (3)
2026-05-15 03:00:02 CartMoveState: FROM_MOVE (3) -> FROM_PROBE (19)
2026-05-15 03:00:03 Handler State: PROBE_CART (24) -> PROCESS_CART (6)
2026-05-15 03:00:39 Setting CBS color valve (FillGate): 2
2026-05-15 03:00:40 Primed volume (FillGate): 1.62376
2026-05-15 03:00:40 Re-Calculated Filling Volume: 306
2026-05-15 03:00:40 Setting CBS color valve (FillCart): 2
2026-05-15 03:00:57 Handler State: PROCESS_CART (6) -> EXCHANGE_ONE (7)
2026-05-15 03:00:57 CartMove: Exchange 1, from 102
2026-05-15 03:00:57 CartMoveState: FROM_PROBE (19) -> FROM_CART (4)
2026-05-15 03:01:04 Setting CBS color valve (Finished): 0
2026-05-15 03:01:05 CartMoveState: FROM_CART (4) -> TO_MOVE (10)
2026-05-15 03:01:07 CartMoveState: TO_MOVE (10) -> EXCH_1_WAIT (14)
2026-05-15 03:01:07 Handler State: EXCHANGE_ONE (7) -> START_DCU (8)
2026-05-15 03:01:39 Handler State: START_DCU (8) -> EXCHANGE_TWO (9)
2026-05-15 03:01:39 CartMove: Exchange 2
2026-05-15 03:01:40 CartMoveState: EXCH_1_WAIT (14) -> EXCH_1_CART (15)
2026-05-15 03:01:43 CartMoveState: EXCH_1_CART (15) -> EXCH_2_MOVE (16)
2026-05-15 03:01:43 CartMoveState: EXCH_2_MOVE (16) -> EXCH_2_CART (17)
2026-05-15 03:01:45 CartMoveState: EXCH_2_CART (17) -> STORE_DECIDE (18)
2026-05-15 03:01:45 Used volume for last job: 0
2026-05-15 03:01:45 Handler State: EXCHANGE_TWO (9) -> WAIT_FOR_DCU (10)
2026-05-15 03:01:47 Handler State: WAIT_FOR_DCU (10) -> EXCHANGE_THREE (11)
2026-05-15 03:01:47 CartMove: Exchange 3
2026-05-15 03:01:47 CartMoveState: STORE_DECIDE (18) -> AUX_DECIDE (5)
2026-05-15 03:01:47 CartMoveState: AUX_DECIDE (5) -> TO_MOVE (10)
2026-05-15 03:01:47 CartMoveState: TO_MOVE (10) -> TO_CART (11)
2026-05-15 03:01:50 CartMoveState: TO_CART (11) -> HOME_MOVE (12)
2026-05-15 03:01:50 CartMoveState: HOME_MOVE (12) -> HALT (13)
2026-05-15 03:01:50 CartMoveState: HALT (13) -> IDLE (1)
2026-05-15 03:01:50 Handler State: EXCHANGE_THREE (11) -> POST_PROCESS (12)
2026-05-15 03:01:50 Handler State: POST_PROCESS (12) -> MOVE_ARM_HOME (14)
2026-05-15 03:01:50 Handler State: MOVE_ARM_HOME (14) -> HANDLER_IDLE (1)
2026-05-15 03:02:06 Handler State: HANDLER_IDLE (1) -> HANDLER_START (2)
2026-05-15 03:02:07 Handler State: HANDLER_START (2) -> DECIDE_CART (3)
2026-05-15 03:02:07 Selection: IFS is clean and its cartridge is cleaned.
2026-05-15 03:02:07 Selected Primary Cartridge: 6
2026-05-15 03:02:07 Selected Primary Station: 104
2026-05-15 03:02:07 Selected Secondary Cartridge: 0
2026-05-15 03:02:07 Selected Secondary Station: 0
2026-05-15 03:02:07 Selected Filling Volume: 640
2026-05-15 03:02:07 Handler State: DECIDE_CART (3) -> CHECK_SEC_CART (26)
2026-05-15 03:02:07 Handler State: CHECK_SEC_CART (26) -> PROBE_CART (24)
2026-05-15 03:02:07 CartMove: Exchange 1, from 104
2026-05-15 03:02:07 CartMoveState: IDLE (1) -> FROM_MOVE (3)
2026-05-15 03:02:08 CartMoveState: FROM_MOVE (3) -> FROM_PROBE (19)
2026-05-15 03:02:10 Handler State: PROBE_CART (24) -> PROCESS_CART (6)
2026-05-15 03:02:10 Setting CBS color valve (FillIFS): 2
2026-05-15 03:02:12 Primed volume (FillIFS): 2.58806
2026-05-15 03:02:12 Re-Calculated Filling Volume: 640
2026-05-15 03:02:12 Setting CBS color valve (FillCart): 2
2026-05-15 03:02:38 Handler State: PROCESS_CART (6) -> EXCHANGE_ONE (7)
2026-05-15 03:02:38 CartMove: Exchange 1, from 104
2026-05-15 03:02:38 CartMoveState: FROM_PROBE (19) -> FROM_CART (4)
2026-05-15 03:02:44 Setting CBS color valve (Finished): 0
2026-05-15 03:02:45 CartMoveState: FROM_CART (4) -> TO_MOVE (10)
2026-05-15 03:02:47 CartMoveState: TO_MOVE (10) -> EXCH_1_WAIT (14)
2026-05-15 03:02:47 Handler State: EXCHANGE_ONE (7) -> START_DCU (8)
2026-05-15 03:03:20 Handler State: START_DCU (8) -> EXCHANGE_TWO (9)
2026-05-15 03:03:20 CartMove: Exchange 2
2026-05-15 03:03:31 CartMoveState: EXCH_1_WAIT (14) -> EXCH_1_CART (15)
2026-05-15 03:03:33 CartMoveState: EXCH_1_CART (15) -> EXCH_2_MOVE (16)
2026-05-15 03:03:34 CartMoveState: EXCH_2_MOVE (16) -> EXCH_2_CART (17)
2026-05-15 03:03:36 CartMoveState: EXCH_2_CART (17) -> STORE_DECIDE (18)
2026-05-15 03:03:36 Used volume for last job: 259.282
2026-05-15 03:03:36 Handler State: EXCHANGE_TWO (9) -> WAIT_FOR_DCU (10)
2026-05-15 03:03:38 Handler State: WAIT_FOR_DCU (10) -> EXCHANGE_THREE (11)
2026-05-15 03:03:38 CartMove: Exchange 3
2026-05-15 03:03:38 CartMoveState: STORE_DECIDE (18) -> AUX_DECIDE (5)
2026-05-15 03:03:38 CartMoveState: AUX_DECIDE (5) -> TO_MOVE (10)
2026-05-15 03:03:39 CartMoveState: TO_MOVE (10) -> TO_CART (11)
2026-05-15 03:03:41 CartMoveState: TO_CART (11) -> HOME_MOVE (12)
2026-05-15 03:03:43 CartMoveState: HOME_MOVE (12) -> HALT (13)
2026-05-15 03:03:43 CartMoveState: HALT (13) -> IDLE (1)
2026-05-15 03:03:43 Handler State: EXCHANGE_THREE (11) -> POST_PROCESS (12)
2026-05-15 03:03:43 Handler State: POST_PROCESS (12) -> MOVE_ARM_HOME (14)
2026-05-15 03:03:43 Handler State: MOVE_ARM_HOME (14) -> HANDLER_IDLE (1)
2026-05-15 03:06:11 Handler State: HANDLER_IDLE (1) -> SEMI_START (15)
2026-05-15 03:06:11 Handler State: SEMI_START (15) -> SEMI_PROBE_CART (25)
2026-05-15 03:06:15 Handler State: SEMI_PROBE_CART (25) -> SEMI_PROCESS (16)
2026-05-15 03:06:55 Re-Calculated Filling Volume: 0
2026-05-15 03:07:02 Setting CBS color valve (Finished): 0
2026-05-15 03:07:02 Handler State: SEMI_PROCESS (16) -> SEMI_WHAT_NEXT (21)
2026-05-15 03:07:02 Handler State: SEMI_WHAT_NEXT (21) -> SEMI_FINISHED (23)
2026-05-15 03:07:03 Handler State: SEMI_FINISHED (23) -> HANDLER_IDLE (1)
2026-05-15 03:16:28 Handler State: HANDLER_IDLE (1) -> HANDLER_START (2)
2026-05-15 03:16:29 Handler State: HANDLER_START (2) -> DECIDE_CART (3)
2026-05-15 03:16:29 Selection: IFS is clean and its cartridge is cleaned.
2026-05-15 03:16:29 Selected Primary Cartridge: 1
2026-05-15 03:16:29 Selected Primary Station: 102
2026-05-15 03:16:29 Selected Secondary Cartridge: 0
2026-05-15 03:16:29 Selected Secondary Station: 0
2026-05-15 03:16:29 Selected Filling Volume: 271
2026-05-15 03:16:29 Handler State: DECIDE_CART (3) -> CHECK_SEC_CART (26)
2026-05-15 03:16:29 Handler State: CHECK_SEC_CART (26) -> PROBE_CART (24)
2026-05-15 03:16:29 CartMove: Exchange 1, from 102
2026-05-15 03:16:29 CartMoveState: IDLE (1) -> FROM_MOVE (3)
2026-05-15 03:16:30 CartMoveState: FROM_MOVE (3) -> FROM_PROBE (19)
2026-05-15 03:16:31 Handler State: PROBE_CART (24) -> PROCESS_CART (6)
2026-05-15 03:16:31 Setting CBS color valve (FillIFS): 1
2026-05-15 03:16:33 Primed volume (FillIFS): 1.79698
2026-05-15 03:16:33 Re-Calculated Filling Volume: 271
2026-05-15 03:16:33 Setting CBS color valve (FillCart): 1
2026-05-15 03:16:49 Handler State: PROCESS_CART (6) -> EXCHANGE_ONE (7)
2026-05-15 03:16:49 CartMove: Exchange 1, from 102
2026-05-15 03:16:49 CartMoveState: FROM_PROBE (19) -> FROM_CART (4)
2026-05-15 03:16:56 Setting CBS color valve (Finished): 0
2026-05-15 03:16:58 CartMoveState: FROM_CART (4) -> TO_MOVE (10)
2026-05-15 03:16:59 CartMoveState: TO_MOVE (10) -> EXCH_1_WAIT (14)
2026-05-15 03:16:59 Handler State: EXCHANGE_ONE (7) -> START_DCU (8)
2026-05-15 03:16:59 Handler State: START_DCU (8) -> EXCHANGE_TWO (9)
2026-05-15 03:16:59 CartMove: Exchange 2
2026-05-15 03:16:59 CartMoveState: EXCH_1_WAIT (14) -> EXCH_1_CART (15)
2026-05-15 03:17:02 CartMoveState: EXCH_1_CART (15) -> EXCH_2_MOVE (16)
2026-05-15 03:17:03 CartMoveState: EXCH_2_MOVE (16) -> EXCH_2_CART (17)
2026-05-15 03:17:05 CartMoveState: EXCH_2_CART (17) -> STORE_DECIDE (18)
2026-05-15 03:17:05 Used volume for last job: 443.71
2026-05-15 03:17:05 Handler State: EXCHANGE_TWO (9) -> WAIT_FOR_DCU (10)
2026-05-15 03:17:06 Handler State: WAIT_FOR_DCU (10) -> EXCHANGE_THREE (11)
2026-05-15 03:17:06 CartMove: Exchange 3
2026-05-15 03:17:06 CartMoveState: STORE_DECIDE (18) -> AUX_DECIDE (5)
2026-05-15 03:17:06 CartMoveState: AUX_DECIDE (5) -> TO_MOVE (10)
2026-05-15 03:17:08 CartMoveState: TO_MOVE (10) -> TO_CART (11)
2026-05-15 03:17:10 CartMoveState: TO_CART (11) -> HOME_MOVE (12)
2026-05-15 03:17:11 CartMoveState: HOME_MOVE (12) -> HALT (13)
2026-05-15 03:17:11 CartMoveState: HALT (13) -> IDLE (1)
2026-05-15 03:17:11 Handler State: EXCHANGE_THREE (11) -> POST_PROCESS (12)
2026-05-15 03:17:11 Handler State: POST_PROCESS (12) -> MOVE_ARM_HOME (14)
2026-05-15 03:17:11 Handler State: MOVE_ARM_HOME (14) -> HANDLER_IDLE (1)
2026-05-15 03:20:35 Handler State: HANDLER_IDLE (1) -> SEMI_START (15)
2026-05-15 03:20:35 Handler State: SEMI_START (15) -> SEMI_TO_IFS (18)
2026-05-15 03:20:35 CartMove: Move, from 105 to 102
2026-05-15 03:20:35 CartMoveState: IDLE (1) -> FROM_MOVE (3)
2026-05-15 03:20:36 CartMoveState: FROM_MOVE (3) -> FROM_CART (4)
2026-05-15 03:20:39 CartMoveState: FROM_CART (4) -> AUX_DECIDE (5)
2026-05-15 03:20:39 CartMoveState: AUX_DECIDE (5) -> TO_MOVE (10)
2026-05-15 03:20:41 CartMoveState: TO_MOVE (10) -> TO_CART (11)
2026-05-15 03:20:43 CartMoveState: TO_CART (11) -> HOME_MOVE (12)
2026-05-15 03:20:44 CartMoveState: HOME_MOVE (12) -> HALT (13)
2026-05-15 03:20:44 CartMoveState: HALT (13) -> IDLE (1)
2026-05-15 03:20:44 Handler State: SEMI_TO_IFS (18) -> SEMI_PROBE_CART (25)
2026-05-15 03:20:48 Handler State: SEMI_PROBE_CART (25) -> SEMI_PROCESS (16)
2026-05-15 03:21:24 Re-Calculated Filling Volume: 0
2026-05-15 03:21:31 Setting CBS color valve (Finished): 0
2026-05-15 03:21:31 Handler State: SEMI_PROCESS (16) -> SEMI_FROM_IFS (20)
2026-05-15 03:21:31 CartMove: Move, from 102 to 105
2026-05-15 03:21:31 CartMoveState: IDLE (1) -> FROM_MOVE (3)
2026-05-15 03:21:31 CartMoveState: FROM_MOVE (3) -> FROM_CART (4)
2026-05-15 03:21:34 CartMoveState: FROM_CART (4) -> AUX_DECIDE (5)
2026-05-15 03:21:34 CartMoveState: AUX_DECIDE (5) -> TO_MOVE (10)
2026-05-15 03:21:35 CartMoveState: TO_MOVE (10) -> TO_CART (11)
2026-05-15 03:21:37 CartMoveState: TO_CART (11) -> HOME_MOVE (12)
2026-05-15 03:21:38 CartMoveState: HOME_MOVE (12) -> HALT (13)
2026-05-15 03:21:38 CartMoveState: HALT (13) -> IDLE (1)
2026-05-15 03:21:38 Handler State: SEMI_FROM_IFS (20) -> SEMI_WHAT_NEXT (21)
2026-05-15 03:21:38 Handler State: SEMI_WHAT_NEXT (21) -> SEMI_FINISHED (23)
2026-05-15 03:21:38 Handler State: SEMI_FINISHED (23) -> HANDLER_IDLE (1)
2026-05-15 03:32:51 Handler State: HANDLER_IDLE (1) -> HANDLER_START (2)
2026-05-15 03:32:52 Handler State: HANDLER_START (2) -> DECIDE_CART (3)
2026-05-15 03:32:52 Selection: IFS is clean.
2026-05-15 03:32:52 Selection: Cartridge is clean.
2026-05-15 03:32:52 Selected Primary Cartridge: 4
2026-05-15 03:32:52 Selected Primary Station: 102
2026-05-15 03:32:52 Selected Secondary Cartridge: 0
2026-05-15 03:32:52 Selected Secondary Station: 0
2026-05-15 03:32:52 Selected Filling Volume: 640
2026-05-15 03:32:52 Handler State: DECIDE_CART (3) -> PLACE_CART (5)
2026-05-15 03:32:52 CartMove: Move, from 105 to 102
2026-05-15 03:32:52 CartMoveState: IDLE (1) -> FROM_MOVE (3)
2026-05-15 03:32:54 CartMoveState: FROM_MOVE (3) -> FROM_CART (4)
2026-05-15 03:32:56 CartMoveState: FROM_CART (4) -> AUX_DECIDE (5)
2026-05-15 03:32:56 CartMoveState: AUX_DECIDE (5) -> TO_MOVE (10)
2026-05-15 03:32:58 CartMoveState: TO_MOVE (10) -> TO_CART (11)
2026-05-15 03:33:00 CartMoveState: TO_CART (11) -> HOME_MOVE (12)
2026-05-15 03:33:01 CartMoveState: HOME_MOVE (12) -> HALT (13)
2026-05-15 03:33:01 CartMoveState: HALT (13) -> IDLE (1)
2026-05-15 03:33:01 Handler State: PLACE_CART (5) -> CHECK_SEC_CART (26)
2026-05-15 03:33:01 Handler State: CHECK_SEC_CART (26) -> PROBE_CART (24)
2026-05-15 03:33:01 CartMove: Exchange 1, from 102
2026-05-15 03:33:01 CartMoveState: IDLE (1) -> FROM_MOVE (3)
2026-05-15 03:33:02 CartMoveState: FROM_MOVE (3) -> FROM_PROBE (19)
2026-05-15 03:33:04 Handler State: PROBE_CART (24) -> PROCESS_CART (6)
2026-05-15 03:33:04 Setting CBS color valve (FillIFS): 2
2026-05-15 03:33:05 Primed volume (FillIFS): 2.01386
2026-05-15 03:33:05 Re-Calculated Filling Volume: 640
2026-05-15 03:33:05 Setting CBS color valve (FillCart): 2
2026-05-15 03:33:31 Handler State: PROCESS_CART (6) -> EXCHANGE_ONE (7)
2026-05-15 03:33:31 CartMove: Exchange 1, from 102
2026-05-15 03:33:31 CartMoveState: FROM_PROBE (19) -> FROM_CART (4)
2026-05-15 03:33:38 Setting CBS color valve (Finished): 0
2026-05-15 03:33:40 CartMoveState: FROM_CART (4) -> TO_MOVE (10)
2026-05-15 03:33:41 CartMoveState: TO_MOVE (10) -> EXCH_1_WAIT (14)
2026-05-15 03:33:41 Handler State: EXCHANGE_ONE (7) -> START_DCU (8)
2026-05-15 03:33:42 Handler State: START_DCU (8) -> EXCHANGE_TWO (9)
2026-05-15 03:33:42 CartMove: Exchange 2
2026-05-15 03:33:42 CartMoveState: EXCH_1_WAIT (14) -> EXCH_1_CART (15)
2026-05-15 03:33:44 CartMoveState: EXCH_1_CART (15) -> EXCH_2_MOVE (16)
2026-05-15 03:33:45 CartMoveState: EXCH_2_MOVE (16) -> EXCH_2_CART (17)
2026-05-15 03:33:47 CartMoveState: EXCH_2_CART (17) -> STORE_DECIDE (18)
2026-05-15 03:33:47 Used volume for last job: 204.18
2026-05-15 03:33:47 Handler State: EXCHANGE_TWO (9) -> WAIT_FOR_DCU (10)
2026-05-15 03:33:49 Handler State: WAIT_FOR_DCU (10) -> EXCHANGE_THREE (11)
2026-05-15 03:33:49 CartMove: Exchange 3
2026-05-15 03:33:49 CartMoveState: STORE_DECIDE (18) -> AUX_DECIDE (5)
2026-05-15 03:33:49 CartMoveState: AUX_DECIDE (5) -> TO_MOVE (10)
2026-05-15 03:33:49 CartMoveState: TO_MOVE (10) -> TO_CART (11)
2026-05-15 03:33:51 CartMoveState: TO_CART (11) -> HOME_MOVE (12)
2026-05-15 03:33:51 CartMoveState: HOME_MOVE (12) -> HALT (13)
2026-05-15 03:33:51 CartMoveState: HALT (13) -> IDLE (1)
2026-05-15 03:33:51 Handler State: EXCHANGE_THREE (11) -> POST_PROCESS (12)
2026-05-15 03:33:51 Handler State: POST_PROCESS (12) -> MOVE_ARM_HOME (14)
2026-05-15 03:33:55 Handler State: MOVE_ARM_HOME (14) -> HANDLER_IDLE (1)
2026-05-15 03:35:30 Handler State: HANDLER_IDLE (1) -> HANDLER_START (2)
2026-05-15 03:35:31 Handler State: HANDLER_START (2) -> DECIDE_CART (3)
2026-05-15 03:35:31 Selection: IFS has correct material and its cartridge has correct material.
2026-05-15 03:35:31 Selected Primary Cartridge: 1
2026-05-15 03:35:31 Selected Primary Station: 102
2026-05-15 03:35:31 Selected Secondary Cartridge: 0
2026-05-15 03:35:31 Selected Secondary Station: 0
2026-05-15 03:35:31 Selected Filling Volume: 640
2026-05-15 03:35:31 Handler State: DECIDE_CART (3) -> CHECK_SEC_CART (26)
2026-05-15 03:35:31 Handler State: CHECK_SEC_CART (26) -> PROBE_CART (24)
2026-05-15 03:35:31 CartMove: Exchange 1, from 102
2026-05-15 03:35:31 CartMoveState: IDLE (1) -> FROM_MOVE (3)
2026-05-15 03:35:32 CartMoveState: FROM_MOVE (3) -> FROM_PROBE (19)
2026-05-15 03:35:34 Handler State: PROBE_CART (24) -> PROCESS_CART (6)
2026-05-15 03:36:09 Setting CBS color valve (FillGate): 2
2026-05-15 03:36:10 Primed volume (FillGate): 2.72695
2026-05-15 03:36:10 Re-Calculated Filling Volume: 640
2026-05-15 03:36:10 Setting CBS color valve (FillCart): 2
2026-05-15 03:36:35 Handler State: PROCESS_CART (6) -> EXCHANGE_ONE (7)
2026-05-15 03:36:35 CartMove: Exchange 1, from 102
2026-05-15 03:36:35 CartMoveState: FROM_PROBE (19) -> FROM_CART (4)
2026-05-15 03:36:42 Setting CBS color valve (Finished): 0
2026-05-15 03:36:44 CartMoveState: FROM_CART (4) -> TO_MOVE (10)
2026-05-15 03:36:45 CartMoveState: TO_MOVE (10) -> EXCH_1_WAIT (14)
2026-05-15 03:36:45 Handler State: EXCHANGE_ONE (7) -> START_DCU (8)
2026-05-15 03:37:57 Handler State: START_DCU (8) -> EXCHANGE_TWO (9)
2026-05-15 03:37:58 CartMove: Exchange 2
2026-05-15 03:37:59 CartMoveState: EXCH_1_WAIT (14) -> EXCH_1_CART (15)
2026-05-15 03:38:01 CartMoveState: EXCH_1_CART (15) -> EXCH_2_MOVE (16)
2026-05-15 03:38:02 CartMoveState: EXCH_2_MOVE (16) -> EXCH_2_CART (17)
2026-05-15 03:38:04 CartMoveState: EXCH_2_CART (17) -> STORE_DECIDE (18)
2026-05-15 03:38:04 Used volume for last job: 0
2026-05-15 03:38:04 Handler State: EXCHANGE_TWO (9) -> WAIT_FOR_DCU (10)
2026-05-15 03:38:06 Handler State: WAIT_FOR_DCU (10) -> EXCHANGE_THREE (11)
2026-05-15 03:38:06 CartMove: Exchange 3
2026-05-15 03:38:06 CartMoveState: STORE_DECIDE (18) -> AUX_DECIDE (5)
2026-05-15 03:38:06 CartMoveState: AUX_DECIDE (5) -> TO_MOVE (10)
2026-05-15 03:38:06 CartMoveState: TO_MOVE (10) -> TO_CART (11)
2026-05-15 03:38:08 CartMoveState: TO_CART (11) -> HOME_MOVE (12)
2026-05-15 03:38:08 CartMoveState: HOME_MOVE (12) -> HALT (13)
2026-05-15 03:38:08 CartMoveState: HALT (13) -> IDLE (1)
2026-05-15 03:38:08 Handler State: EXCHANGE_THREE (11) -> POST_PROCESS (12)
2026-05-15 03:38:08 Handler State: POST_PROCESS (12) -> MOVE_ARM_HOME (14)
2026-05-15 03:38:11 Handler State: MOVE_ARM_HOME (14) -> HANDLER_IDLE (1)
2026-05-15 03:38:16 Handler State: HANDLER_IDLE (1) -> HANDLER_START (2)
2026-05-15 03:38:17 Handler State: HANDLER_START (2) -> DECIDE_CART (3)
2026-05-15 03:38:17 Selection: Last resort, just pick the first IFS.
2026-05-15 03:38:17 Selection: Last resort, just pick the first cartridge.
2026-05-15 03:38:17 Selected Primary Cartridge: 4
2026-05-15 03:38:17 Selected Primary Station: 102
2026-05-15 03:38:17 Selected Secondary Cartridge: 0
2026-05-15 03:38:17 Selected Secondary Station: 0
2026-05-15 03:38:17 Selected Filling Volume: 255
2026-05-15 03:38:17 Handler State: DECIDE_CART (3) -> CHECK_SEC_CART (26)
2026-05-15 03:38:17 Handler State: CHECK_SEC_CART (26) -> PROBE_CART (24)
2026-05-15 03:38:17 CartMove: Exchange 1, from 102
2026-05-15 03:38:17 CartMoveState: IDLE (1) -> FROM_MOVE (3)
2026-05-15 03:38:18 CartMoveState: FROM_MOVE (3) -> FROM_PROBE (19)
2026-05-15 03:38:19 Handler State: PROBE_CART (24) -> PROCESS_CART (6)
2026-05-15 03:39:41 Setting CBS color valve (FillIFS): 1
2026-05-15 03:39:42 Primed volume (FillIFS): 4.71454
2026-05-15 03:39:42 Re-Calculated Filling Volume: 255
2026-05-15 03:39:42 Setting CBS color valve (FillCart): 1
2026-05-15 03:39:57 Handler State: PROCESS_CART (6) -> EXCHANGE_ONE (7)
2026-05-15 03:39:57 CartMove: Exchange 1, from 102
2026-05-15 03:39:57 CartMoveState: FROM_PROBE (19) -> FROM_CART (4)
2026-05-15 03:40:04 Setting CBS color valve (Finished): 0
2026-05-15 03:40:06 CartMoveState: FROM_CART (4) -> TO_MOVE (10)
2026-05-15 03:40:07 CartMoveState: TO_MOVE (10) -> EXCH_1_WAIT (14)
2026-05-15 03:40:07 Handler State: EXCHANGE_ONE (7) -> START_DCU (8)
2026-05-15 03:40:07 Handler State: START_DCU (8) -> EXCHANGE_TWO (9)
2026-05-15 03:40:07 CartMove: Exchange 2
2026-05-15 03:40:08 CartMoveState: EXCH_1_WAIT (14) -> EXCH_1_CART (15)
2026-05-15 03:40:11 CartMoveState: EXCH_1_CART (15) -> EXCH_2_MOVE (16)
2026-05-15 03:40:12 CartMoveState: EXCH_2_MOVE (16) -> EXCH_2_CART (17)
2026-05-15 03:40:14 CartMoveState: EXCH_2_CART (17) -> STORE_DECIDE (18)
2026-05-15 03:40:14 Used volume for last job: 199.948
2026-05-15 03:40:14 Handler State: EXCHANGE_TWO (9) -> WAIT_FOR_DCU (10)
2026-05-15 03:40:15 Handler State: WAIT_FOR_DCU (10) -> EXCHANGE_THREE (11)
2026-05-15 03:40:16 CartMove: Exchange 3
2026-05-15 03:40:16 CartMoveState: STORE_DECIDE (18) -> AUX_DECIDE (5)
2026-05-15 03:40:16 CartMoveState: AUX_DECIDE (5) -> TO_MOVE (10)
2026-05-15 03:40:16 CartMoveState: TO_MOVE (10) -> TO_CART (11)
2026-05-15 03:40:18 CartMoveState: TO_CART (11) -> HOME_MOVE (12)
2026-05-15 03:40:18 CartMoveState: HOME_MOVE (12) -> HALT (13)
2026-05-15 03:40:18 CartMoveState: HALT (13) -> IDLE (1)
2026-05-15 03:40:18 Handler State: EXCHANGE_THREE (11) -> POST_PROCESS (12)
2026-05-15 03:40:18 Handler State: POST_PROCESS (12) -> MOVE_ARM_HOME (14)
2026-05-15 03:40:18 Handler State: MOVE_ARM_HOME (14) -> HANDLER_IDLE (1)
2026-05-15 03:44:21 Handler State: HANDLER_IDLE (1) -> SEMI_START (15)
2026-05-15 03:44:21 Handler State: SEMI_START (15) -> SEMI_PROBE_CART (25)
2026-05-15 03:44:25 Handler State: SEMI_PROBE_CART (25) -> SEMI_PROCESS (16)
2026-05-15 03:45:18 Re-Calculated Filling Volume: 0
2026-05-15 03:45:23 Setting CBS color valve (Finished): 0
2026-05-15 03:45:23 Handler State: SEMI_PROCESS (16) -> SEMI_WHAT_NEXT (21)
2026-05-15 03:45:23 Handler State: SEMI_WHAT_NEXT (21) -> SEMI_FINISHED (23)
2026-05-15 03:45:24 Handler State: SEMI_FINISHED (23) -> HANDLER_IDLE (1)
2026-05-15 03:46:14 Handler State: HANDLER_IDLE (1) -> HANDLER_START (2)
2026-05-15 03:46:15 Handler State: HANDLER_START (2) -> DECIDE_CART (3)
2026-05-15 03:46:15 Selection: IFS is clean and its cartridge is cleaned.
2026-05-15 03:46:15 Selected Primary Cartridge: 6
2026-05-15 03:46:15 Selected Primary Station: 104
2026-05-15 03:46:15 Selected Secondary Cartridge: 0
2026-05-15 03:46:15 Selected Secondary Station: 0
2026-05-15 03:46:15 Selected Filling Volume: 640
2026-05-15 03:46:15 Handler State: DECIDE_CART (3) -> CHECK_SEC_CART (26)
2026-05-15 03:46:15 Handler State: CHECK_SEC_CART (26) -> PROBE_CART (24)
2026-05-15 03:46:15 CartMove: Exchange 1, from 104
2026-05-15 03:46:15 CartMoveState: IDLE (1) -> FROM_MOVE (3)
2026-05-15 03:46:16 CartMoveState: FROM_MOVE (3) -> FROM_PROBE (19)
2026-05-15 03:46:18 Handler State: PROBE_CART (24) -> PROCESS_CART (6)
2026-05-15 03:46:18 Setting CBS color valve (FillIFS): 1
2026-05-15 03:46:19 Primed volume (FillIFS): 1.58681
2026-05-15 03:46:19 Re-Calculated Filling Volume: 640
2026-05-15 03:46:19 Setting CBS color valve (FillCart): 1
2026-05-15 03:46:42 Handler State: PROCESS_CART (6) -> EXCHANGE_ONE (7)
2026-05-15 03:46:42 CartMove: Exchange 1, from 104
2026-05-15 03:46:43 CartMoveState: FROM_PROBE (19) -> FROM_CART (4)
2026-05-15 03:46:48 Setting CBS color valve (Finished): 0
2026-05-15 03:46:50 CartMoveState: FROM_CART (4) -> TO_MOVE (10)
2026-05-15 03:46:51 CartMoveState: TO_MOVE (10) -> EXCH_1_WAIT (14)
2026-05-15 03:46:51 Handler State: EXCHANGE_ONE (7) -> START_DCU (8)
2026-05-15 03:46:52 Handler State: START_DCU (8) -> EXCHANGE_TWO (9)
2026-05-15 03:46:52 CartMove: Exchange 2
2026-05-15 03:46:52 CartMoveState: EXCH_1_WAIT (14) -> EXCH_1_CART (15)
2026-05-15 03:46:54 CartMoveState: EXCH_1_CART (15) -> EXCH_2_MOVE (16)
2026-05-15 03:46:56 CartMoveState: EXCH_2_MOVE (16) -> EXCH_2_CART (17)
2026-05-15 03:46:58 CartMoveState: EXCH_2_CART (17) -> STORE_DECIDE (18)
2026-05-15 03:46:58 Used volume for last job: 167.364
2026-05-15 03:46:58 Handler State: EXCHANGE_TWO (9) -> WAIT_FOR_DCU (10)
2026-05-15 03:46:59 Handler State: WAIT_FOR_DCU (10) -> EXCHANGE_THREE (11)
2026-05-15 03:46:59 CartMove: Exchange 3
2026-05-15 03:46:59 CartMoveState: STORE_DECIDE (18) -> AUX_DECIDE (5)
2026-05-15 03:46:59 CartMoveState: AUX_DECIDE (5) -> TO_MOVE (10)
2026-05-15 03:47:01 CartMoveState: TO_MOVE (10) -> TO_CART (11)
2026-05-15 03:47:03 CartMoveState: TO_CART (11) -> HOME_MOVE (12)
2026-05-15 03:47:04 CartMoveState: HOME_MOVE (12) -> HALT (13)
2026-05-15 03:47:04 CartMoveState: HALT (13) -> IDLE (1)
2026-05-15 03:47:04 Handler State: EXCHANGE_THREE (11) -> POST_PROCESS (12)
2026-05-15 03:47:04 Handler State: POST_PROCESS (12) -> MOVE_ARM_HOME (14)
2026-05-15 03:47:05 Handler State: MOVE_ARM_HOME (14) -> HANDLER_IDLE (1)
2026-05-15 03:51:08 Handler State: HANDLER_IDLE (1) -> SEMI_START (15)
2026-05-15 03:51:08 Handler State: SEMI_START (15) -> SEMI_PROBE_CART (25)
2026-05-15 03:51:12 Handler State: SEMI_PROBE_CART (25) -> SEMI_PROCESS (16)
2026-05-15 03:52:41 Re-Calculated Filling Volume: 0
2026-05-15 03:52:48 Setting CBS color valve (Finished): 0
2026-05-15 03:52:48 Handler State: SEMI_PROCESS (16) -> SEMI_WHAT_NEXT (21)
2026-05-15 03:52:48 Handler State: SEMI_WHAT_NEXT (21) -> SEMI_FINISHED (23)
2026-05-15 03:52:49 Handler State: SEMI_FINISHED (23) -> HANDLER_IDLE (1)
2026-05-15 03:52:53 Handler State: HANDLER_IDLE (1) -> SEMI_START (15)
2026-05-15 03:52:53 Handler State: SEMI_START (15) -> SEMI_PROBE_CART (25)
2026-05-15 03:52:56 Handler State: SEMI_PROBE_CART (25) -> SEMI_PROCESS (16)
2026-05-15 03:53:30 Re-Calculated Filling Volume: 0
2026-05-15 03:53:35 Setting CBS color valve (Finished): 0
2026-05-15 03:53:35 Handler State: SEMI_PROCESS (16) -> SEMI_WHAT_NEXT (21)
2026-05-15 03:53:35 Handler State: SEMI_WHAT_NEXT (21) -> SEMI_FINISHED (23)
2026-05-15 03:53:35 Handler State: SEMI_FINISHED (23) -> HANDLER_IDLE (1)
2026-05-15 03:56:13 Handler State: HANDLER_IDLE (1) -> HANDLER_START (2)
2026-05-15 03:56:14 Handler State: HANDLER_START (2) -> DECIDE_CART (3)
2026-05-15 03:56:14 Selection: IFS is clean and its cartridge is cleaned.
2026-05-15 03:56:14 Selected Primary Cartridge: 1
2026-05-15 03:56:14 Selected Primary Station: 102
2026-05-15 03:56:14 Selected Secondary Cartridge: 0
2026-05-15 03:56:14 Selected Secondary Station: 0
2026-05-15 03:56:14 Selected Filling Volume: 640
2026-05-15 03:56:14 Handler State: DECIDE_CART (3) -> CHECK_SEC_CART (26)
2026-05-15 03:56:14 Handler State: CHECK_SEC_CART (26) -> PROBE_CART (24)
2026-05-15 03:56:14 CartMove: Exchange 1, from 102
2026-05-15 03:56:14 CartMoveState: IDLE (1) -> FROM_MOVE (3)
2026-05-15 03:56:15 CartMoveState: FROM_MOVE (3) -> FROM_PROBE (19)
2026-05-15 03:56:17 Handler State: PROBE_CART (24) -> PROCESS_CART (6)
2026-05-15 03:56:17 Setting CBS color valve (FillIFS): 2
2026-05-15 03:56:19 Primed volume (FillIFS): 1.71074
2026-05-15 03:56:19 Re-Calculated Filling Volume: 640
2026-05-15 03:56:19 Setting CBS color valve (FillCart): 2
2026-05-15 03:56:43 Handler State: PROCESS_CART (6) -> EXCHANGE_ONE (7)
2026-05-15 03:56:43 CartMove: Exchange 1, from 102
2026-05-15 03:56:43 CartMoveState: FROM_PROBE (19) -> FROM_CART (4)
2026-05-15 03:56:49 Setting CBS color valve (Finished): 0
2026-05-15 03:56:51 CartMoveState: FROM_CART (4) -> TO_MOVE (10)
2026-05-15 03:56:52 CartMoveState: TO_MOVE (10) -> EXCH_1_WAIT (14)
2026-05-15 03:56:52 Handler State: EXCHANGE_ONE (7) -> START_DCU (8)
2026-05-15 03:56:52 Handler State: START_DCU (8) -> EXCHANGE_TWO (9)
2026-05-15 03:56:52 CartMove: Exchange 2
2026-05-15 03:56:52 CartMoveState: EXCH_1_WAIT (14) -> EXCH_1_CART (15)
2026-05-15 03:56:55 CartMoveState: EXCH_1_CART (15) -> EXCH_2_MOVE (16)
2026-05-15 03:56:56 CartMoveState: EXCH_2_MOVE (16) -> EXCH_2_CART (17)
2026-05-15 03:56:58 CartMoveState: EXCH_2_CART (17) -> STORE_DECIDE (18)
2026-05-15 03:56:58 Used volume for last job: 443.829
2026-05-15 03:56:58 Handler State: EXCHANGE_TWO (9) -> WAIT_FOR_DCU (10)
2026-05-15 03:56:59 Handler State: WAIT_FOR_DCU (10) -> EXCHANGE_THREE (11)
2026-05-15 03:56:59 CartMove: Exchange 3
2026-05-15 03:56:59 CartMoveState: STORE_DECIDE (18) -> AUX_DECIDE (5)
2026-05-15 03:56:59 CartMoveState: AUX_DECIDE (5) -> TO_MOVE (10)
2026-05-15 03:57:00 CartMoveState: TO_MOVE (10) -> TO_CART (11)
2026-05-15 03:57:02 CartMoveState: TO_CART (11) -> HOME_MOVE (12)
2026-05-15 03:57:03 CartMoveState: HOME_MOVE (12) -> HALT (13)
2026-05-15 03:57:03 CartMoveState: HALT (13) -> IDLE (1)
2026-05-15 03:57:03 Handler State: EXCHANGE_THREE (11) -> POST_PROCESS (12)
2026-05-15 03:57:03 Handler State: POST_PROCESS (12) -> MOVE_ARM_HOME (14)
2026-05-15 03:57:06 Handler State: MOVE_ARM_HOME (14) -> HANDLER_IDLE (1)
2026-05-15 04:02:26 Handler State: HANDLER_IDLE (1) -> HANDLER_START (2)
2026-05-15 04:02:27 Handler State: HANDLER_START (2) -> DECIDE_CART (3)
2026-05-15 04:02:27 Selection: IFS has correct material.
2026-05-15 04:02:27 Selection: Cartridge has correct material.
2026-05-15 04:02:27 Selected Primary Cartridge: 4
2026-05-15 04:02:27 Selected Primary Station: 102
2026-05-15 04:02:27 Selected Secondary Cartridge: 0
2026-05-15 04:02:27 Selected Secondary Station: 0
2026-05-15 04:02:27 Selected Filling Volume: 640
2026-05-15 04:02:27 Handler State: DECIDE_CART (3) -> PLACE_CART (5)
2026-05-15 04:02:27 CartMove: Move, from 105 to 102
2026-05-15 04:02:27 CartMoveState: IDLE (1) -> FROM_MOVE (3)
2026-05-15 04:02:29 CartMoveState: FROM_MOVE (3) -> FROM_CART (4)
2026-05-15 04:02:31 CartMoveState: FROM_CART (4) -> AUX_DECIDE (5)
2026-05-15 04:02:31 CartMoveState: AUX_DECIDE (5) -> TO_MOVE (10)
2026-05-15 04:02:33 CartMoveState: TO_MOVE (10) -> TO_CART (11)
2026-05-15 04:02:35 CartMoveState: TO_CART (11) -> HOME_MOVE (12)
2026-05-15 04:02:36 CartMoveState: HOME_MOVE (12) -> HALT (13)
2026-05-15 04:02:36 CartMoveState: HALT (13) -> IDLE (1)
2026-05-15 04:02:36 Handler State: PLACE_CART (5) -> CHECK_SEC_CART (26)
2026-05-15 04:02:36 Handler State: CHECK_SEC_CART (26) -> PROBE_CART (24)
2026-05-15 04:02:36 CartMove: Exchange 1, from 102
2026-05-15 04:02:36 CartMoveState: IDLE (1) -> FROM_MOVE (3)
2026-05-15 04:02:37 CartMoveState: FROM_MOVE (3) -> FROM_PROBE (19)
2026-05-15 04:02:39 Handler State: PROBE_CART (24) -> PROCESS_CART (6)
2026-05-15 04:03:17 Setting CBS color valve (FillGate): 2
2026-05-15 04:03:18 Primed volume (FillGate): 1.44622
2026-05-15 04:03:18 Re-Calculated Filling Volume: 640
2026-05-15 04:03:18 Setting CBS color valve (FillCart): 2
2026-05-15 04:03:42 Handler State: PROCESS_CART (6) -> EXCHANGE_ONE (7)
2026-05-15 04:03:42 CartMove: Exchange 1, from 102
2026-05-15 04:03:42 CartMoveState: FROM_PROBE (19) -> FROM_CART (4)
2026-05-15 04:03:49 Setting CBS color valve (Finished): 0
2026-05-15 04:03:50 CartMoveState: FROM_CART (4) -> TO_MOVE (10)
2026-05-15 04:03:52 CartMoveState: TO_MOVE (10) -> EXCH_1_WAIT (14)
2026-05-15 04:03:52 Handler State: EXCHANGE_ONE (7) -> START_DCU (8)
2026-05-15 04:04:54 Handler State: START_DCU (8) -> EXCHANGE_TWO (9)
2026-05-15 04:04:54 CartMove: Exchange 2
2026-05-15 04:04:55 CartMoveState: EXCH_1_WAIT (14) -> EXCH_1_CART (15)
2026-05-15 04:04:58 CartMoveState: EXCH_1_CART (15) -> EXCH_2_MOVE (16)
2026-05-15 04:04:59 CartMoveState: EXCH_2_MOVE (16) -> EXCH_2_CART (17)
2026-05-15 04:05:01 CartMoveState: EXCH_2_CART (17) -> STORE_DECIDE (18)
2026-05-15 04:05:01 Used volume for last job: 0
2026-05-15 04:05:01 Handler State: EXCHANGE_TWO (9) -> WAIT_FOR_DCU (10)
2026-05-15 04:05:03 Handler State: WAIT_FOR_DCU (10) -> EXCHANGE_THREE (11)
2026-05-15 04:05:03 CartMove: Exchange 3
2026-05-15 04:05:03 CartMoveState: STORE_DECIDE (18) -> AUX_DECIDE (5)
2026-05-15 04:05:03 CartMoveState: AUX_DECIDE (5) -> TO_MOVE (10)
2026-05-15 04:05:03 CartMoveState: TO_MOVE (10) -> TO_CART (11)
2026-05-15 04:05:05 CartMoveState: TO_CART (11) -> HOME_MOVE (12)
2026-05-15 04:05:05 CartMoveState: HOME_MOVE (12) -> HALT (13)
2026-05-15 04:05:05 CartMoveState: HALT (13) -> IDLE (1)
2026-05-15 04:05:05 Handler State: EXCHANGE_THREE (11) -> POST_PROCESS (12)
2026-05-15 04:05:05 Handler State: POST_PROCESS (12) -> MOVE_ARM_HOME (14)
2026-05-15 04:05:08 Handler State: MOVE_ARM_HOME (14) -> HANDLER_IDLE (1)
2026-05-15 04:05:13 Handler State: HANDLER_IDLE (1) -> HANDLER_START (2)
2026-05-15 04:05:14 Handler State: HANDLER_START (2) -> DECIDE_CART (3)
2026-05-15 04:05:14 Selection: IFS is clean and its cartridge is cleaned.
2026-05-15 04:05:14 Selected Primary Cartridge: 2
2026-05-15 04:05:14 Selected Primary Station: 103
2026-05-15 04:05:14 Selected Secondary Cartridge: 0
2026-05-15 04:05:14 Selected Secondary Station: 0
2026-05-15 04:05:14 Selected Filling Volume: 640
2026-05-15 04:05:14 Handler State: DECIDE_CART (3) -> CHECK_SEC_CART (26)
2026-05-15 04:05:14 Handler State: CHECK_SEC_CART (26) -> PROBE_CART (24)
2026-05-15 04:05:14 CartMove: Exchange 1, from 103
2026-05-15 04:05:14 CartMoveState: IDLE (1) -> FROM_MOVE (3)
2026-05-15 04:05:14 CartMoveState: FROM_MOVE (3) -> FROM_PROBE (19)
2026-05-15 04:05:16 Handler State: PROBE_CART (24) -> PROCESS_CART (6)
2026-05-15 04:05:16 Setting CBS color valve (FillIFS): 1
2026-05-15 04:05:17 Primed volume (FillIFS): 1.74859
2026-05-15 04:05:17 Re-Calculated Filling Volume: 640
2026-05-15 04:05:17 Setting CBS color valve (FillCart): 1
2026-05-15 04:05:37 Handler State: PROCESS_CART (6) -> EXCHANGE_ONE (7)
2026-05-15 04:05:37 CartMove: Exchange 1, from 103
2026-05-15 04:05:37 CartMoveState: FROM_PROBE (19) -> FROM_CART (4)
2026-05-15 04:05:42 Setting CBS color valve (Finished): 0
2026-05-15 04:05:44 CartMoveState: FROM_CART (4) -> TO_MOVE (10)
2026-05-15 04:05:45 CartMoveState: TO_MOVE (10) -> EXCH_1_WAIT (14)
2026-05-15 04:05:45 Handler State: EXCHANGE_ONE (7) -> START_DCU (8)
2026-05-15 04:06:54 Handler State: START_DCU (8) -> EXCHANGE_TWO (9)
2026-05-15 04:06:54 CartMove: Exchange 2
2026-05-15 04:07:05 CartMoveState: EXCH_1_WAIT (14) -> EXCH_1_CART (15)
2026-05-15 04:07:08 CartMoveState: EXCH_1_CART (15) -> EXCH_2_MOVE (16)
2026-05-15 04:07:08 CartMoveState: EXCH_2_MOVE (16) -> EXCH_2_CART (17)
2026-05-15 04:07:10 CartMoveState: EXCH_2_CART (17) -> STORE_DECIDE (18)
2026-05-15 04:07:10 Used volume for last job: 189.787
2026-05-15 04:07:10 Handler State: EXCHANGE_TWO (9) -> WAIT_FOR_DCU (10)
2026-05-15 04:07:12 Handler State: WAIT_FOR_DCU (10) -> EXCHANGE_THREE (11)
2026-05-15 04:07:12 CartMove: Exchange 3
2026-05-15 04:07:12 CartMoveState: STORE_DECIDE (18) -> AUX_DECIDE (5)
2026-05-15 04:07:12 CartMoveState: AUX_DECIDE (5) -> TO_MOVE (10)
2026-05-15 04:07:14 CartMoveState: TO_MOVE (10) -> TO_CART (11)
2026-05-15 04:07:16 CartMoveState: TO_CART (11) -> HOME_MOVE (12)
2026-05-15 04:07:17 CartMoveState: HOME_MOVE (12) -> HALT (13)
2026-05-15 04:07:17 CartMoveState: HALT (13) -> IDLE (1)
2026-05-15 04:07:17 Handler State: EXCHANGE_THREE (11) -> POST_PROCESS (12)
2026-05-15 04:07:17 Handler State: POST_PROCESS (12) -> MOVE_ARM_HOME (14)
2026-05-15 04:07:17 Handler State: MOVE_ARM_HOME (14) -> HANDLER_IDLE (1)
2026-05-15 04:07:33 Handler State: HANDLER_IDLE (1) -> HANDLER_START (2)
2026-05-15 04:07:34 Handler State: HANDLER_START (2) -> DECIDE_CART (3)
2026-05-15 04:07:34 Selection: IFS has correct material.
2026-05-15 04:07:34 Selection: Last resort, just pick the first cartridge.
2026-05-15 04:07:34 Selected Primary Cartridge: 5
2026-05-15 04:07:34 Selected Primary Station: 103
2026-05-15 04:07:34 Selected Secondary Cartridge: 0
2026-05-15 04:07:34 Selected Secondary Station: 0
2026-05-15 04:07:34 Selected Filling Volume: 640
2026-05-15 04:07:34 Handler State: DECIDE_CART (3) -> PLACE_CART (5)
2026-05-15 04:07:34 CartMove: Move, from 106 to 103
2026-05-15 04:07:34 CartMoveState: IDLE (1) -> FROM_MOVE (3)
2026-05-15 04:07:35 CartMoveState: FROM_MOVE (3) -> FROM_CART (4)
2026-05-15 04:07:38 CartMoveState: FROM_CART (4) -> AUX_DECIDE (5)
2026-05-15 04:07:38 CartMoveState: AUX_DECIDE (5) -> TO_MOVE (10)
2026-05-15 04:07:40 CartMoveState: TO_MOVE (10) -> TO_CART (11)
2026-05-15 04:07:42 CartMoveState: TO_CART (11) -> HOME_MOVE (12)
2026-05-15 04:07:42 CartMoveState: HOME_MOVE (12) -> HALT (13)
2026-05-15 04:07:42 CartMoveState: HALT (13) -> IDLE (1)
2026-05-15 04:07:42 Handler State: PLACE_CART (5) -> CHECK_SEC_CART (26)
2026-05-15 04:07:42 Handler State: CHECK_SEC_CART (26) -> PROBE_CART (24)
2026-05-15 04:07:42 CartMove: Exchange 1, from 103
2026-05-15 04:07:42 CartMoveState: IDLE (1) -> FROM_MOVE (3)
2026-05-15 04:07:42 CartMoveState: FROM_MOVE (3) -> FROM_PROBE (19)
2026-05-15 04:07:44 Handler State: PROBE_CART (24) -> PROCESS_CART (6)
2026-05-15 04:08:16 Setting CBS color valve (FillGate): 1
2026-05-15 04:08:17 Primed volume (FillGate): 1.91496
2026-05-15 04:08:17 Re-Calculated Filling Volume: 640
2026-05-15 04:08:17 Setting CBS color valve (FillCart): 1
2026-05-15 04:08:40 Handler State: PROCESS_CART (6) -> EXCHANGE_ONE (7)
2026-05-15 04:08:40 CartMove: Exchange 1, from 103
2026-05-15 04:08:40 CartMoveState: FROM_PROBE (19) -> FROM_CART (4)
2026-05-15 04:08:45 Setting CBS color valve (Finished): 0
2026-05-15 04:08:47 CartMoveState: FROM_CART (4) -> TO_MOVE (10)
2026-05-15 04:08:49 CartMoveState: TO_MOVE (10) -> EXCH_1_WAIT (14)
2026-05-15 04:08:49 Handler State: EXCHANGE_ONE (7) -> START_DCU (8)
2026-05-15 04:08:52 Handler State: START_DCU (8) -> EXCHANGE_TWO (9)
2026-05-15 04:08:52 CartMove: Exchange 2
2026-05-15 04:08:53 CartMoveState: EXCH_1_WAIT (14) -> EXCH_1_CART (15)
2026-05-15 04:08:56 CartMoveState: EXCH_1_CART (15) -> EXCH_2_MOVE (16)
2026-05-15 04:08:57 CartMoveState: EXCH_2_MOVE (16) -> EXCH_2_CART (17)
2026-05-15 04:08:59 CartMoveState: EXCH_2_CART (17) -> STORE_DECIDE (18)
2026-05-15 04:08:59 Used volume for last job: 0
2026-05-15 04:08:59 Handler State: EXCHANGE_TWO (9) -> WAIT_FOR_DCU (10)
2026-05-15 04:09:01 Handler State: WAIT_FOR_DCU (10) -> EXCHANGE_THREE (11)
2026-05-15 04:09:01 CartMove: Exchange 3
2026-05-15 04:09:01 CartMoveState: STORE_DECIDE (18) -> AUX_DECIDE (5)
2026-05-15 04:09:01 CartMoveState: AUX_DECIDE (5) -> TO_MOVE (10)
2026-05-15 04:09:02 CartMoveState: TO_MOVE (10) -> TO_CART (11)
2026-05-15 04:09:04 CartMoveState: TO_CART (11) -> HOME_MOVE (12)
2026-05-15 04:09:05 CartMoveState: HOME_MOVE (12) -> HALT (13)
2026-05-15 04:09:05 CartMoveState: HALT (13) -> IDLE (1)
2026-05-15 04:09:05 Handler State: EXCHANGE_THREE (11) -> POST_PROCESS (12)
2026-05-15 04:09:05 Handler State: POST_PROCESS (12) -> MOVE_ARM_HOME (14)
2026-05-15 04:09:05 Handler State: MOVE_ARM_HOME (14) -> HANDLER_IDLE (1)
2026-05-15 04:09:11 Handler State: HANDLER_IDLE (1) -> HANDLER_START (2)
2026-05-15 04:09:12 Handler State: HANDLER_START (2) -> DECIDE_CART (3)
2026-05-15 04:09:12 Selection: Last resort, just pick the first IFS.
2026-05-15 04:09:12 Selection: Last resort, just pick the first cartridge.
2026-05-15 04:09:12 Selected Primary Cartridge: 1
2026-05-15 04:09:12 Selected Primary Station: 102
2026-05-15 04:09:12 Selected Secondary Cartridge: 0
2026-05-15 04:09:12 Selected Secondary Station: 0
2026-05-15 04:09:12 Selected Filling Volume: 356
2026-05-15 04:09:12 Handler State: DECIDE_CART (3) -> CHECK_SEC_CART (26)
2026-05-15 04:09:12 Handler State: CHECK_SEC_CART (26) -> PROBE_CART (24)
2026-05-15 04:09:12 CartMove: Exchange 1, from 102
2026-05-15 04:09:12 CartMoveState: IDLE (1) -> FROM_MOVE (3)
2026-05-15 04:09:13 CartMoveState: FROM_MOVE (3) -> FROM_PROBE (19)
2026-05-15 04:09:14 Handler State: PROBE_CART (24) -> PROCESS_CART (6)
2026-05-15 04:10:36 Setting CBS color valve (FillIFS): 1
2026-05-15 04:10:37 Primed volume (FillIFS): 4.78031
2026-05-15 04:10:37 Re-Calculated Filling Volume: 356
2026-05-15 04:10:37 Setting CBS color valve (FillCart): 1
2026-05-15 04:10:54 Handler State: PROCESS_CART (6) -> EXCHANGE_ONE (7)
2026-05-15 04:10:54 CartMove: Exchange 1, from 102
2026-05-15 04:10:54 CartMoveState: FROM_PROBE (19) -> FROM_CART (4)
2026-05-15 04:11:01 Setting CBS color valve (Finished): 0
2026-05-15 04:11:03 CartMoveState: FROM_CART (4) -> TO_MOVE (10)
2026-05-15 04:11:04 CartMoveState: TO_MOVE (10) -> EXCH_1_WAIT (14)
2026-05-15 04:11:04 Handler State: EXCHANGE_ONE (7) -> START_DCU (8)
2026-05-15 04:11:04 Handler State: START_DCU (8) -> EXCHANGE_TWO (9)
2026-05-15 04:11:04 CartMove: Exchange 2
2026-05-15 04:11:04 CartMoveState: EXCH_1_WAIT (14) -> EXCH_1_CART (15)
2026-05-15 04:11:07 CartMoveState: EXCH_1_CART (15) -> EXCH_2_MOVE (16)
2026-05-15 04:11:08 CartMoveState: EXCH_2_MOVE (16) -> EXCH_2_CART (17)
2026-05-15 04:11:10 CartMoveState: EXCH_2_CART (17) -> STORE_DECIDE (18)
2026-05-15 04:11:10 Used volume for last job: 37.1405
2026-05-15 04:11:10 Handler State: EXCHANGE_TWO (9) -> WAIT_FOR_DCU (10)
2026-05-15 04:11:12 Handler State: WAIT_FOR_DCU (10) -> EXCHANGE_THREE (11)
2026-05-15 04:11:12 CartMove: Exchange 3
2026-05-15 04:11:12 CartMoveState: STORE_DECIDE (18) -> AUX_DECIDE (5)
2026-05-15 04:11:12 CartMoveState: AUX_DECIDE (5) -> TO_MOVE (10)
2026-05-15 04:11:14 CartMoveState: TO_MOVE (10) -> TO_CART (11)
2026-05-15 04:11:16 CartMoveState: TO_CART (11) -> HOME_MOVE (12)
2026-05-15 04:11:17 CartMoveState: HOME_MOVE (12) -> HALT (13)
2026-05-15 04:11:17 CartMoveState: HALT (13) -> IDLE (1)
2026-05-15 04:11:17 Handler State: EXCHANGE_THREE (11) -> POST_PROCESS (12)
2026-05-15 04:11:17 Handler State: POST_PROCESS (12) -> MOVE_ARM_HOME (14)
2026-05-15 04:11:17 Handler State: MOVE_ARM_HOME (14) -> HANDLER_IDLE (1)
2026-05-15 04:12:13 Handler State: HANDLER_IDLE (1) -> HANDLER_START (2)
2026-05-15 04:12:14 Handler State: HANDLER_START (2) -> DECIDE_CART (3)
2026-05-15 04:12:14 Selection: IFS has correct material.
2026-05-15 04:12:14 Selection: Last resort, just pick the first cartridge.
2026-05-15 04:12:14 Selected Primary Cartridge: 4
2026-05-15 04:12:14 Selected Primary Station: 102
2026-05-15 04:12:14 Selected Secondary Cartridge: 0
2026-05-15 04:12:14 Selected Secondary Station: 0
2026-05-15 04:12:14 Selected Filling Volume: 314
2026-05-15 04:12:14 Handler State: DECIDE_CART (3) -> PLACE_CART (5)
2026-05-15 04:12:14 CartMove: Move, from 105 to 102
2026-05-15 04:12:14 CartMoveState: IDLE (1) -> FROM_MOVE (3)
2026-05-15 04:12:15 CartMoveState: FROM_MOVE (3) -> FROM_CART (4)
2026-05-15 04:12:18 CartMoveState: FROM_CART (4) -> AUX_DECIDE (5)
2026-05-15 04:12:18 CartMoveState: AUX_DECIDE (5) -> TO_MOVE (10)
2026-05-15 04:12:20 CartMoveState: TO_MOVE (10) -> TO_CART (11)
2026-05-15 04:12:22 CartMoveState: TO_CART (11) -> HOME_MOVE (12)
2026-05-15 04:12:23 CartMoveState: HOME_MOVE (12) -> HALT (13)
2026-05-15 04:12:23 CartMoveState: HALT (13) -> IDLE (1)
2026-05-15 04:12:23 Handler State: PLACE_CART (5) -> CHECK_SEC_CART (26)
2026-05-15 04:12:23 Handler State: CHECK_SEC_CART (26) -> PROBE_CART (24)
2026-05-15 04:12:23 CartMove: Exchange 1, from 102
2026-05-15 04:12:23 CartMoveState: IDLE (1) -> FROM_MOVE (3)
2026-05-15 04:12:24 CartMoveState: FROM_MOVE (3) -> FROM_PROBE (19)
2026-05-15 04:12:25 Handler State: PROBE_CART (24) -> PROCESS_CART (6)
2026-05-15 04:13:55 Setting CBS color valve (FillGate): 1
2026-05-15 04:13:56 Primed volume (FillGate): 1.31815
2026-05-15 04:13:56 Re-Calculated Filling Volume: 314
2026-05-15 04:13:56 Setting CBS color valve (FillCart): 1
2026-05-15 04:14:12 Handler State: PROCESS_CART (6) -> EXCHANGE_ONE (7)
2026-05-15 04:14:12 CartMove: Exchange 1, from 102
2026-05-15 04:14:12 CartMoveState: FROM_PROBE (19) -> FROM_CART (4)
2026-05-15 04:14:19 Setting CBS color valve (Finished): 0
2026-05-15 04:14:20 CartMoveState: FROM_CART (4) -> TO_MOVE (10)
2026-05-15 04:14:21 CartMoveState: TO_MOVE (10) -> EXCH_1_WAIT (14)
2026-05-15 04:14:21 Handler State: EXCHANGE_ONE (7) -> START_DCU (8)
2026-05-15 04:14:21 Handler State: START_DCU (8) -> EXCHANGE_TWO (9)
2026-05-15 04:14:21 CartMove: Exchange 2
2026-05-15 04:14:21 CartMoveState: EXCH_1_WAIT (14) -> EXCH_1_CART (15)
2026-05-15 04:14:24 CartMoveState: EXCH_1_CART (15) -> EXCH_2_MOVE (16)
2026-05-15 04:14:25 CartMoveState: EXCH_2_MOVE (16) -> EXCH_2_CART (17)
2026-05-15 04:14:27 CartMoveState: EXCH_2_CART (17) -> STORE_DECIDE (18)
2026-05-15 04:14:27 Used volume for last job: 0
2026-05-15 04:14:27 Handler State: EXCHANGE_TWO (9) -> WAIT_FOR_DCU (10)
2026-05-15 04:14:29 Handler State: WAIT_FOR_DCU (10) -> EXCHANGE_THREE (11)
2026-05-15 04:14:29 CartMove: Exchange 3
2026-05-15 04:14:29 CartMoveState: STORE_DECIDE (18) -> AUX_DECIDE (5)
2026-05-15 04:14:29 CartMoveState: AUX_DECIDE (5) -> TO_MOVE (10)
2026-05-15 04:14:29 CartMoveState: TO_MOVE (10) -> TO_CART (11)
2026-05-15 04:14:32 CartMoveState: TO_CART (11) -> HOME_MOVE (12)
2026-05-15 04:14:32 CartMoveState: HOME_MOVE (12) -> HALT (13)
2026-05-15 04:14:32 CartMoveState: HALT (13) -> IDLE (1)
2026-05-15 04:14:32 Handler State: EXCHANGE_THREE (11) -> POST_PROCESS (12)
2026-05-15 04:14:32 Handler State: POST_PROCESS (12) -> MOVE_ARM_HOME (14)
2026-05-15 04:14:32 Handler State: MOVE_ARM_HOME (14) -> HANDLER_IDLE (1)
2026-05-15 04:16:07 Handler State: HANDLER_IDLE (1) -> SEMI_START (15)
2026-05-15 04:16:07 Handler State: SEMI_START (15) -> SEMI_PROBE_CART (25)
2026-05-15 04:16:10 Handler State: SEMI_PROBE_CART (25) -> SEMI_PROCESS (16)
2026-05-15 04:16:50 Re-Calculated Filling Volume: 0
2026-05-15 04:16:57 Setting CBS color valve (Finished): 0
2026-05-15 04:16:57 Handler State: SEMI_PROCESS (16) -> SEMI_WHAT_NEXT (21)
2026-05-15 04:16:57 Handler State: SEMI_WHAT_NEXT (21) -> SEMI_FINISHED (23)
2026-05-15 04:16:58 Handler State: SEMI_FINISHED (23) -> HANDLER_IDLE (1)
2026-05-15 04:17:16 Handler State: HANDLER_IDLE (1) -> HANDLER_START (2)
2026-05-15 04:17:17 Handler State: HANDLER_START (2) -> EXCHANGE_ONE (7)
2026-05-15 04:17:17 CartMove: Exchange 1, from 0
2026-05-15 04:17:17 CartMoveState: IDLE (1) -> TO_MOVE (10)
2026-05-15 04:17:18 CartMoveState: TO_MOVE (10) -> EXCH_1_WAIT (14)
2026-05-15 04:17:18 Handler State: EXCHANGE_ONE (7) -> START_DCU (8)
2026-05-15 04:17:18 Handler State: START_DCU (8) -> EXCHANGE_TWO (9)
2026-05-15 04:17:18 CartMove: Exchange 2
2026-05-15 04:17:27 CartMoveState: EXCH_1_WAIT (14) -> EXCH_1_CART (15)
2026-05-15 04:17:29 CartMoveState: EXCH_1_CART (15) -> STORE_DECIDE (18)
2026-05-15 04:17:29 Used volume for last job: 263.766
2026-05-15 04:17:29 Handler State: EXCHANGE_TWO (9) -> WAIT_FOR_DCU (10)
2026-05-15 04:17:31 Handler State: WAIT_FOR_DCU (10) -> EXCHANGE_THREE (11)
2026-05-15 04:17:31 CartMove: Exchange 3
2026-05-15 04:17:31 CartMoveState: STORE_DECIDE (18) -> AUX_DECIDE (5)
2026-05-15 04:17:31 CartMoveState: AUX_DECIDE (5) -> TO_MOVE (10)
2026-05-15 04:17:33 CartMoveState: TO_MOVE (10) -> TO_CART (11)
2026-05-15 04:17:35 CartMoveState: TO_CART (11) -> HOME_MOVE (12)
2026-05-15 04:17:36 CartMoveState: HOME_MOVE (12) -> HALT (13)
2026-05-15 04:17:36 CartMoveState: HALT (13) -> IDLE (1)
2026-05-15 04:17:36 Handler State: EXCHANGE_THREE (11) -> POST_PROCESS (12)
2026-05-15 04:17:36 Handler State: POST_PROCESS (12) -> MOVE_ARM_HOME (14)
2026-05-15 04:17:36 Handler State: MOVE_ARM_HOME (14) -> HANDLER_IDLE (1)
2026-05-15 04:17:47 Handler State: HANDLER_IDLE (1) -> SEMI_START (15)
2026-05-15 04:17:47 Handler State: SEMI_START (15) -> SEMI_PROBE_CART (25)
2026-05-15 04:17:51 Handler State: SEMI_PROBE_CART (25) -> SEMI_PROCESS (16)
2026-05-15 04:18:16 Re-Calculated Filling Volume: 0
2026-05-15 04:18:23 Setting CBS color valve (Finished): 0
2026-05-15 04:18:23 Handler State: SEMI_PROCESS (16) -> SEMI_WHAT_NEXT (21)
2026-05-15 04:18:23 Handler State: SEMI_WHAT_NEXT (21) -> SEMI_START (15)
2026-05-15 04:18:23 Handler State: SEMI_START (15) -> SEMI_PROBE_CART (25)
2026-05-15 04:18:27 Handler State: SEMI_PROBE_CART (25) -> SEMI_PROCESS (16)
2026-05-15 04:19:57 Re-Calculated Filling Volume: 0
2026-05-15 04:20:03 Setting CBS color valve (Finished): 0
2026-05-15 04:20:03 Handler State: SEMI_PROCESS (16) -> SEMI_WHAT_NEXT (21)
2026-05-15 04:20:03 Handler State: SEMI_WHAT_NEXT (21) -> SEMI_START (15)
2026-05-15 04:20:03 Handler State: SEMI_START (15) -> SEMI_TO_STORE (17)
2026-05-15 04:20:03 CartMove: Move, from 104 to 108
2026-05-15 04:20:03 CartMoveState: IDLE (1) -> FROM_MOVE (3)
2026-05-15 04:20:04 CartMoveState: FROM_MOVE (3) -> FROM_CART (4)
2026-05-15 04:20:06 CartMoveState: FROM_CART (4) -> AUX_DECIDE (5)
2026-05-15 04:20:06 CartMoveState: AUX_DECIDE (5) -> TO_MOVE (10)
2026-05-15 04:20:08 CartMoveState: TO_MOVE (10) -> TO_CART (11)
2026-05-15 04:20:10 CartMoveState: TO_CART (11) -> HOME_MOVE (12)
2026-05-15 04:20:12 CartMoveState: HOME_MOVE (12) -> HALT (13)
2026-05-15 04:20:12 CartMoveState: HALT (13) -> IDLE (1)
2026-05-15 04:20:12 Handler State: SEMI_TO_STORE (17) -> SEMI_TO_IFS (18)
2026-05-15 04:20:12 CartMove: Move, from 107 to 104
2026-05-15 04:20:12 CartMoveState: IDLE (1) -> FROM_MOVE (3)
2026-05-15 04:20:13 CartMoveState: FROM_MOVE (3) -> FROM_CART (4)
2026-05-15 04:20:16 CartMoveState: FROM_CART (4) -> AUX_DECIDE (5)
2026-05-15 04:20:16 CartMoveState: AUX_DECIDE (5) -> TO_MOVE (10)
2026-05-15 04:20:17 CartMoveState: TO_MOVE (10) -> TO_CART (11)
2026-05-15 04:20:20 CartMoveState: TO_CART (11) -> HOME_MOVE (12)
2026-05-15 04:20:21 CartMoveState: HOME_MOVE (12) -> HALT (13)
2026-05-15 04:20:21 CartMoveState: HALT (13) -> IDLE (1)
2026-05-15 04:20:21 Handler State: SEMI_TO_IFS (18) -> SEMI_PROBE_CART (25)
2026-05-15 04:20:24 Handler State: SEMI_PROBE_CART (25) -> SEMI_PROCESS (16)
2026-05-15 04:20:57 Re-Calculated Filling Volume: 0
2026-05-15 04:21:02 Setting CBS color valve (Finished): 0
2026-05-15 04:21:02 Handler State: SEMI_PROCESS (16) -> SEMI_FROM_IFS (20)
2026-05-15 04:21:02 CartMove: Move, from 104 to 107
2026-05-15 04:21:02 CartMoveState: IDLE (1) -> FROM_MOVE (3)
2026-05-15 04:21:03 CartMoveState: FROM_MOVE (3) -> FROM_CART (4)
2026-05-15 04:21:05 CartMoveState: FROM_CART (4) -> AUX_DECIDE (5)
2026-05-15 04:21:05 CartMoveState: AUX_DECIDE (5) -> TO_MOVE (10)
2026-05-15 04:21:07 CartMoveState: TO_MOVE (10) -> TO_CART (11)
2026-05-15 04:21:09 CartMoveState: TO_CART (11) -> HOME_MOVE (12)
2026-05-15 04:21:11 CartMoveState: HOME_MOVE (12) -> HALT (13)
2026-05-15 04:21:11 CartMoveState: HALT (13) -> IDLE (1)
2026-05-15 04:21:11 Handler State: SEMI_FROM_IFS (20) -> SEMI_FROM_STORE (19)
2026-05-15 04:21:11 CartMove: Move, from 108 to 104
2026-05-15 04:21:11 CartMoveState: IDLE (1) -> FROM_MOVE (3)
2026-05-15 04:21:12 CartMoveState: FROM_MOVE (3) -> FROM_CART (4)
2026-05-15 04:21:15 CartMoveState: FROM_CART (4) -> AUX_DECIDE (5)
2026-05-15 04:21:15 CartMoveState: AUX_DECIDE (5) -> TO_MOVE (10)
2026-05-15 04:21:16 CartMoveState: TO_MOVE (10) -> TO_CART (11)
2026-05-15 04:21:19 CartMoveState: TO_CART (11) -> HOME_MOVE (12)
2026-05-15 04:21:19 CartMoveState: HOME_MOVE (12) -> HALT (13)
2026-05-15 04:21:19 CartMoveState: HALT (13) -> IDLE (1)
2026-05-15 04:21:19 Handler State: SEMI_FROM_STORE (19) -> SEMI_WHAT_NEXT (21)
2026-05-15 04:21:19 Handler State: SEMI_WHAT_NEXT (21) -> SEMI_START (15)
2026-05-15 04:21:19 Handler State: SEMI_START (15) -> SEMI_TO_STORE (17)
2026-05-15 04:21:19 CartMove: Move, from 102 to 108
2026-05-15 04:21:19 CartMoveState: IDLE (1) -> FROM_MOVE (3)
2026-05-15 04:21:20 CartMoveState: FROM_MOVE (3) -> FROM_CART (4)
2026-05-15 04:21:23 CartMoveState: FROM_CART (4) -> AUX_DECIDE (5)
2026-05-15 04:21:23 CartMoveState: AUX_DECIDE (5) -> TO_MOVE (10)
2026-05-15 04:21:25 CartMoveState: TO_MOVE (10) -> TO_CART (11)
2026-05-15 04:21:27 CartMoveState: TO_CART (11) -> HOME_MOVE (12)
2026-05-15 04:21:28 CartMoveState: HOME_MOVE (12) -> HALT (13)
2026-05-15 04:21:28 CartMoveState: HALT (13) -> IDLE (1)
2026-05-15 04:21:28 Handler State: SEMI_TO_STORE (17) -> SEMI_TO_IFS (18)
2026-05-15 04:21:28 CartMove: Move, from 105 to 102
2026-05-15 04:21:28 CartMoveState: IDLE (1) -> FROM_MOVE (3)
2026-05-15 04:21:29 CartMoveState: FROM_MOVE (3) -> FROM_CART (4)
2026-05-15 04:21:32 CartMoveState: FROM_CART (4) -> AUX_DECIDE (5)
2026-05-15 04:21:32 CartMoveState: AUX_DECIDE (5) -> TO_MOVE (10)
2026-05-15 04:21:34 CartMoveState: TO_MOVE (10) -> TO_CART (11)
2026-05-15 04:21:36 CartMoveState: TO_CART (11) -> HOME_MOVE (12)
2026-05-15 04:21:37 CartMoveState: HOME_MOVE (12) -> HALT (13)
2026-05-15 04:21:37 CartMoveState: HALT (13) -> IDLE (1)
2026-05-15 04:21:37 Handler State: SEMI_TO_IFS (18) -> SEMI_PROBE_CART (25)
2026-05-15 04:21:40 Handler State: SEMI_PROBE_CART (25) -> SEMI_PROCESS (16)
2026-05-15 04:22:14 Re-Calculated Filling Volume: 0
2026-05-15 04:22:21 Setting CBS color valve (Finished): 0
2026-05-15 04:22:21 Handler State: SEMI_PROCESS (16) -> SEMI_FROM_IFS (20)
2026-05-15 04:22:21 CartMove: Move, from 102 to 105
2026-05-15 04:22:21 CartMoveState: IDLE (1) -> FROM_MOVE (3)
2026-05-15 04:22:21 CartMoveState: FROM_MOVE (3) -> FROM_CART (4)
2026-05-15 04:22:24 CartMoveState: FROM_CART (4) -> AUX_DECIDE (5)
2026-05-15 04:22:24 CartMoveState: AUX_DECIDE (5) -> TO_MOVE (10)
2026-05-15 04:22:26 CartMoveState: TO_MOVE (10) -> TO_CART (11)
2026-05-15 04:22:28 CartMoveState: TO_CART (11) -> HOME_MOVE (12)
2026-05-15 04:22:29 CartMoveState: HOME_MOVE (12) -> HALT (13)
2026-05-15 04:22:29 CartMoveState: HALT (13) -> IDLE (1)
2026-05-15 04:22:29 Handler State: SEMI_FROM_IFS (20) -> SEMI_FROM_STORE (19)
2026-05-15 04:22:29 CartMove: Move, from 108 to 102
2026-05-15 04:22:29 CartMoveState: IDLE (1) -> FROM_MOVE (3)
2026-05-15 04:22:31 CartMoveState: FROM_MOVE (3) -> FROM_CART (4)
2026-05-15 04:22:33 CartMoveState: FROM_CART (4) -> AUX_DECIDE (5)
2026-05-15 04:22:33 CartMoveState: AUX_DECIDE (5) -> TO_MOVE (10)
2026-05-15 04:22:35 CartMoveState: TO_MOVE (10) -> TO_CART (11)
2026-05-15 04:22:38 CartMoveState: TO_CART (11) -> HOME_MOVE (12)
2026-05-15 04:22:38 CartMoveState: HOME_MOVE (12) -> HALT (13)
2026-05-15 04:22:38 CartMoveState: HALT (13) -> IDLE (1)
2026-05-15 04:22:38 Handler State: SEMI_FROM_STORE (19) -> SEMI_WHAT_NEXT (21)
2026-05-15 04:22:38 Handler State: SEMI_WHAT_NEXT (21) -> SEMI_START (15)
2026-05-15 04:22:38 Handler State: SEMI_START (15) -> SEMI_TO_STORE (17)
2026-05-15 04:22:38 CartMove: Move, from 103 to 108
2026-05-15 04:22:38 CartMoveState: IDLE (1) -> FROM_MOVE (3)
2026-05-15 04:22:38 CartMoveState: FROM_MOVE (3) -> FROM_CART (4)
2026-05-15 04:22:41 CartMoveState: FROM_CART (4) -> AUX_DECIDE (5)
2026-05-15 04:22:41 CartMoveState: AUX_DECIDE (5) -> TO_MOVE (10)
2026-05-15 04:22:43 CartMoveState: TO_MOVE (10) -> TO_CART (11)
2026-05-15 04:22:45 CartMoveState: TO_CART (11) -> HOME_MOVE (12)
2026-05-15 04:22:47 CartMoveState: HOME_MOVE (12) -> HALT (13)
2026-05-15 04:22:47 CartMoveState: HALT (13) -> IDLE (1)
2026-05-15 04:22:47 Handler State: SEMI_TO_STORE (17) -> SEMI_TO_IFS (18)
2026-05-15 04:22:47 CartMove: Move, from 106 to 103
2026-05-15 04:22:47 CartMoveState: IDLE (1) -> FROM_MOVE (3)
2026-05-15 04:22:48 CartMoveState: FROM_MOVE (3) -> FROM_CART (4)
2026-05-15 04:22:51 CartMoveState: FROM_CART (4) -> AUX_DECIDE (5)
2026-05-15 04:22:51 CartMoveState: AUX_DECIDE (5) -> TO_MOVE (10)
2026-05-15 04:22:52 CartMoveState: TO_MOVE (10) -> TO_CART (11)
2026-05-15 04:22:55 CartMoveState: TO_CART (11) -> HOME_MOVE (12)
2026-05-15 04:22:55 CartMoveState: HOME_MOVE (12) -> HALT (13)
2026-05-15 04:22:55 CartMoveState: HALT (13) -> IDLE (1)
2026-05-15 04:22:55 Handler State: SEMI_TO_IFS (18) -> SEMI_PROBE_CART (25)
2026-05-15 04:22:58 Handler State: SEMI_PROBE_CART (25) -> SEMI_PROCESS (16)
2026-05-15 04:24:45 Re-Calculated Filling Volume: 0
2026-05-15 04:24:51 Setting CBS color valve (Finished): 0
2026-05-15 04:24:51 Handler State: SEMI_PROCESS (16) -> SEMI_FROM_IFS (20)
2026-05-15 04:24:51 CartMove: Move, from 103 to 106
2026-05-15 04:24:51 CartMoveState: IDLE (1) -> FROM_MOVE (3)
2026-05-15 04:24:51 CartMoveState: FROM_MOVE (3) -> FROM_CART (4)
2026-05-15 04:24:54 CartMoveState: FROM_CART (4) -> AUX_DECIDE (5)
2026-05-15 04:24:54 CartMoveState: AUX_DECIDE (5) -> TO_MOVE (10)
2026-05-15 04:24:55 CartMoveState: TO_MOVE (10) -> TO_CART (11)
2026-05-15 04:24:57 CartMoveState: TO_CART (11) -> HOME_MOVE (12)
2026-05-15 04:24:59 CartMoveState: HOME_MOVE (12) -> HALT (13)
2026-05-15 04:24:59 CartMoveState: HALT (13) -> IDLE (1)
2026-05-15 04:24:59 Handler State: SEMI_FROM_IFS (20) -> SEMI_FROM_STORE (19)
2026-05-15 04:24:59 CartMove: Move, from 108 to 103
2026-05-15 04:24:59 CartMoveState: IDLE (1) -> FROM_MOVE (3)
2026-05-15 04:25:00 CartMoveState: FROM_MOVE (3) -> FROM_CART (4)
2026-05-15 04:25:03 CartMoveState: FROM_CART (4) -> AUX_DECIDE (5)
2026-05-15 04:25:03 CartMoveState: AUX_DECIDE (5) -> TO_MOVE (10)
2026-05-15 04:25:05 CartMoveState: TO_MOVE (10) -> TO_CART (11)
2026-05-15 04:25:07 CartMoveState: TO_CART (11) -> HOME_MOVE (12)
2026-05-15 04:25:07 CartMoveState: HOME_MOVE (12) -> HALT (13)
2026-05-15 04:25:07 CartMoveState: HALT (13) -> IDLE (1)
2026-05-15 04:25:07 Handler State: SEMI_FROM_STORE (19) -> SEMI_WHAT_NEXT (21)
2026-05-15 04:25:07 Handler State: SEMI_WHAT_NEXT (21) -> SEMI_START (15)
2026-05-15 04:25:07 Handler State: SEMI_START (15) -> SEMI_PROBE_CART (25)
2026-05-15 04:25:11 Handler State: SEMI_PROBE_CART (25) -> SEMI_PROCESS (16)
2026-05-15 04:26:03 Re-Calculated Filling Volume: 0
2026-05-15 04:26:08 Setting CBS color valve (Finished): 0
2026-05-15 04:26:08 Handler State: SEMI_PROCESS (16) -> SEMI_WHAT_NEXT (21)
2026-05-15 04:26:08 Handler State: SEMI_WHAT_NEXT (21) -> SEMI_FINISHED (23)
2026-05-15 04:26:09 Handler State: SEMI_FINISHED (23) -> HANDLER_IDLE (1)
2026-05-15 05:27:50 Handler State: HANDLER_IDLE (1) -> HANDLER_START (2)
2026-05-15 05:27:51 Handler State: HANDLER_START (2) -> DECIDE_CART (3)
2026-05-15 05:27:51 Selection: IFS is clean and its cartridge is cleaned.
2026-05-15 05:27:51 Selected Primary Cartridge: 2
2026-05-15 05:27:51 Selected Primary Station: 103
2026-05-15 05:27:51 Selected Secondary Cartridge: 0
2026-05-15 05:27:51 Selected Secondary Station: 0
2026-05-15 05:27:51 Selected Filling Volume: 650
2026-05-15 05:27:51 Handler State: DECIDE_CART (3) -> CHECK_SEC_CART (26)
2026-05-15 05:27:51 Handler State: CHECK_SEC_CART (26) -> PROBE_CART (24)
2026-05-15 05:27:51 CartMove: Exchange 1, from 103
2026-05-15 05:27:51 CartMoveState: IDLE (1) -> FROM_MOVE (3)
2026-05-15 05:27:51 CartMoveState: FROM_MOVE (3) -> FROM_PROBE (19)
2026-05-15 05:27:53 Handler State: PROBE_CART (24) -> PROCESS_CART (6)
2026-05-15 05:27:53 Setting CBS color valve (FillIFS): 1
2026-05-15 05:27:54 Primed volume (FillIFS): 2.94215
2026-05-15 05:27:54 Re-Calculated Filling Volume: 650
2026-05-15 05:27:54 Setting CBS color valve (FillCart): 1
2026-05-15 05:28:18 Handler State: PROCESS_CART (6) -> EXCHANGE_ONE (7)
2026-05-15 05:28:18 CartMove: Exchange 1, from 103
2026-05-15 05:28:18 CartMoveState: FROM_PROBE (19) -> FROM_CART (4)
2026-05-15 05:28:23 Setting CBS color valve (Finished): 0
2026-05-15 05:28:25 CartMoveState: FROM_CART (4) -> TO_MOVE (10)
2026-05-15 05:28:26 CartMoveState: TO_MOVE (10) -> EXCH_1_WAIT (14)
2026-05-15 05:28:26 Handler State: EXCHANGE_ONE (7) -> START_DCU (8)
2026-05-15 05:28:27 Handler State: START_DCU (8) -> EXCHANGE_TWO (9)
2026-05-15 05:28:27 CartMove: Exchange 2
2026-05-15 05:28:27 CartMoveState: EXCH_1_WAIT (14) -> EXCH_1_CART (15)
2026-05-15 05:28:29 CartMoveState: EXCH_1_CART (15) -> EXCH_2_MOVE (16)
2026-05-15 05:28:30 CartMoveState: EXCH_2_MOVE (16) -> EXCH_2_CART (17)
2026-05-15 05:28:32 CartMoveState: EXCH_2_CART (17) -> HOME_MOVE (12)
2026-05-15 05:28:32 Handler State: EXCHANGE_TWO (9) -> WAIT_FOR_DCU (10)
2026-05-15 05:28:34 Handler State: WAIT_FOR_DCU (10) -> EXCHANGE_THREE (11)
2026-05-15 05:28:34 CartMove: Exchange 3
2026-05-15 05:28:34 CartMoveState: HOME_MOVE (12) -> HALT (13)
2026-05-15 05:28:34 CartMoveState: HALT (13) -> IDLE (1)
2026-05-15 05:28:34 Handler State: EXCHANGE_THREE (11) -> POST_PROCESS (12)
2026-05-15 05:28:34 Handler State: POST_PROCESS (12) -> MOVE_ARM_HOME (14)
2026-05-15 05:28:40 Handler State: MOVE_ARM_HOME (14) -> HANDLER_IDLE (1)
2026-05-15 05:28:52 Handler State: HANDLER_IDLE (1) -> HANDLER_START (2)
2026-05-15 05:28:53 Handler State: HANDLER_START (2) -> DECIDE_CART (3)
2026-05-15 05:28:53 Selection: IFS has correct material.
2026-05-15 05:28:53 Selection: Cartridge is clean.
2026-05-15 05:28:53 Selected Primary Cartridge: 5
2026-05-15 05:28:53 Selected Primary Station: 103
2026-05-15 05:28:53 Selected Secondary Cartridge: 0
2026-05-15 05:28:53 Selected Secondary Station: 0
2026-05-15 05:28:53 Selected Filling Volume: 650
2026-05-15 05:28:53 Handler State: DECIDE_CART (3) -> PLACE_CART (5)
2026-05-15 05:28:53 CartMove: Move, from 106 to 103
2026-05-15 05:28:53 CartMoveState: IDLE (1) -> FROM_MOVE (3)
2026-05-15 05:28:55 CartMoveState: FROM_MOVE (3) -> FROM_CART (4)
2026-05-15 05:28:58 CartMoveState: FROM_CART (4) -> AUX_DECIDE (5)
2026-05-15 05:28:58 CartMoveState: AUX_DECIDE (5) -> TO_MOVE (10)
2026-05-15 05:28:59 CartMoveState: TO_MOVE (10) -> TO_CART (11)
2026-05-15 05:29:01 CartMoveState: TO_CART (11) -> HOME_MOVE (12)
2026-05-15 05:29:01 CartMoveState: HOME_MOVE (12) -> HALT (13)
2026-05-15 05:29:01 CartMoveState: HALT (13) -> IDLE (1)
2026-05-15 05:29:01 Handler State: PLACE_CART (5) -> CHECK_SEC_CART (26)
2026-05-15 05:29:01 Handler State: CHECK_SEC_CART (26) -> PROBE_CART (24)
2026-05-15 05:29:01 CartMove: Exchange 1, from 103
2026-05-15 05:29:01 CartMoveState: IDLE (1) -> FROM_MOVE (3)
2026-05-15 05:29:02 CartMoveState: FROM_MOVE (3) -> FROM_PROBE (19)
2026-05-15 05:29:03 Handler State: PROBE_CART (24) -> PROCESS_CART (6)
2026-05-15 05:29:03 Setting CBS color valve (FillGate): 1
2026-05-15 05:29:05 Primed volume (FillGate): 1.53732
2026-05-15 05:29:05 Re-Calculated Filling Volume: 650
2026-05-15 05:29:05 Setting CBS color valve (FillCart): 1
2026-05-15 05:29:28 Handler State: PROCESS_CART (6) -> EXCHANGE_ONE (7)
2026-05-15 05:29:28 CartMove: Exchange 1, from 103
2026-05-15 05:29:28 CartMoveState: FROM_PROBE (19) -> FROM_CART (4)
2026-05-15 05:29:33 Setting CBS color valve (Finished): 0
2026-05-15 05:29:35 CartMoveState: FROM_CART (4) -> TO_MOVE (10)
2026-05-15 05:29:36 CartMoveState: TO_MOVE (10) -> EXCH_1_WAIT (14)
2026-05-15 05:29:36 Handler State: EXCHANGE_ONE (7) -> START_DCU (8)
2026-05-15 05:30:31 Handler State: START_DCU (8) -> EXCHANGE_TWO (9)
2026-05-15 05:30:31 CartMove: Exchange 2
2026-05-15 05:30:32 CartMoveState: EXCH_1_WAIT (14) -> EXCH_1_CART (15)
2026-05-15 05:30:35 CartMoveState: EXCH_1_CART (15) -> EXCH_2_MOVE (16)
2026-05-15 05:30:36 CartMoveState: EXCH_2_MOVE (16) -> EXCH_2_CART (17)
2026-05-15 05:30:38 CartMoveState: EXCH_2_CART (17) -> STORE_DECIDE (18)
2026-05-15 05:30:38 Used volume for last job: 0
2026-05-15 05:30:38 Handler State: EXCHANGE_TWO (9) -> WAIT_FOR_DCU (10)
2026-05-15 05:30:40 Handler State: WAIT_FOR_DCU (10) -> EXCHANGE_THREE (11)
2026-05-15 05:30:40 CartMove: Exchange 3
2026-05-15 05:30:40 CartMoveState: STORE_DECIDE (18) -> AUX_DECIDE (5)
2026-05-15 05:30:40 CartMoveState: AUX_DECIDE (5) -> TO_MOVE (10)
2026-05-15 05:30:40 CartMoveState: TO_MOVE (10) -> TO_CART (11)
2026-05-15 05:30:43 CartMoveState: TO_CART (11) -> HOME_MOVE (12)
2026-05-15 05:30:43 CartMoveState: HOME_MOVE (12) -> HALT (13)
2026-05-15 05:30:43 CartMoveState: HALT (13) -> IDLE (1)
2026-05-15 05:30:43 Handler State: EXCHANGE_THREE (11) -> POST_PROCESS (12)
2026-05-15 05:30:43 Handler State: POST_PROCESS (12) -> MOVE_ARM_HOME (14)
2026-05-15 05:30:45 Handler State: MOVE_ARM_HOME (14) -> HANDLER_IDLE (1)
2026-05-15 05:36:09 Handler State: HANDLER_IDLE (1) -> SEMI_START (15)
2026-05-15 05:36:09 Handler State: SEMI_START (15) -> SEMI_PROBE_CART (25)
2026-05-15 05:36:12 Handler State: SEMI_PROBE_CART (25) -> SEMI_PROCESS (16)
2026-05-15 05:38:02 Re-Calculated Filling Volume: 0
2026-05-15 05:38:08 Setting CBS color valve (Finished): 0
2026-05-15 05:38:08 Handler State: SEMI_PROCESS (16) -> SEMI_WHAT_NEXT (21)
2026-05-15 05:38:08 Handler State: SEMI_WHAT_NEXT (21) -> SEMI_FINISHED (23)
2026-05-15 05:38:08 Handler State: SEMI_FINISHED (23) -> HANDLER_IDLE (1)
2026-05-15 05:38:28 Handler State: HANDLER_IDLE (1) -> HANDLER_START (2)
2026-05-15 05:38:29 Handler State: HANDLER_START (2) -> EXCHANGE_ONE (7)
2026-05-15 05:38:29 CartMove: Exchange 1, from 0
2026-05-15 05:38:29 CartMoveState: IDLE (1) -> TO_MOVE (10)
2026-05-15 05:38:30 CartMoveState: TO_MOVE (10) -> EXCH_1_WAIT (14)
2026-05-15 05:38:30 Handler State: EXCHANGE_ONE (7) -> START_DCU (8)
2026-05-15 05:38:30 Handler State: START_DCU (8) -> EXCHANGE_TWO (9)
2026-05-15 05:38:30 CartMove: Exchange 2
2026-05-15 05:38:39 CartMoveState: EXCH_1_WAIT (14) -> EXCH_1_CART (15)
2026-05-15 05:38:41 CartMoveState: EXCH_1_CART (15) -> STORE_DECIDE (18)
2026-05-15 05:38:41 Used volume for last job: 0
2026-05-15 05:38:41 Handler State: EXCHANGE_TWO (9) -> WAIT_FOR_DCU (10)
2026-05-15 05:38:43 Handler State: WAIT_FOR_DCU (10) -> EXCHANGE_THREE (11)
2026-05-15 05:38:43 CartMove: Exchange 3
2026-05-15 05:38:43 CartMoveState: STORE_DECIDE (18) -> AUX_DECIDE (5)
2026-05-15 05:38:43 CartMoveState: AUX_DECIDE (5) -> TO_MOVE (10)
2026-05-15 05:38:45 CartMoveState: TO_MOVE (10) -> TO_CART (11)
2026-05-15 05:38:47 CartMoveState: TO_CART (11) -> HOME_MOVE (12)
2026-05-15 05:38:48 CartMoveState: HOME_MOVE (12) -> HALT (13)
2026-05-15 05:38:48 CartMoveState: HALT (13) -> IDLE (1)
2026-05-15 05:38:48 Handler State: EXCHANGE_THREE (11) -> POST_PROCESS (12)
2026-05-15 05:38:48 Handler State: POST_PROCESS (12) -> MOVE_ARM_HOME (14)
2026-05-15 05:38:48 Handler State: MOVE_ARM_HOME (14) -> HANDLER_IDLE (1)
2026-05-15 05:40:00 Handler State: HANDLER_IDLE (1) -> SEMI_START (15)
2026-05-15 05:40:00 Handler State: SEMI_START (15) -> SEMI_TO_STORE (17)
2026-05-15 05:40:00 CartMove: Move, from 103 to 108
2026-05-15 05:40:00 CartMoveState: IDLE (1) -> FROM_MOVE (3)
2026-05-15 05:40:00 CartMoveState: FROM_MOVE (3) -> FROM_CART (4)
2026-05-15 05:40:03 CartMoveState: FROM_CART (4) -> AUX_DECIDE (5)
2026-05-15 05:40:03 CartMoveState: AUX_DECIDE (5) -> TO_MOVE (10)
2026-05-15 05:40:04 CartMoveState: TO_MOVE (10) -> TO_CART (11)
2026-05-15 05:40:07 CartMoveState: TO_CART (11) -> HOME_MOVE (12)
2026-05-15 05:40:08 CartMoveState: HOME_MOVE (12) -> HALT (13)
2026-05-15 05:40:08 CartMoveState: HALT (13) -> IDLE (1)
2026-05-15 05:40:08 Handler State: SEMI_TO_STORE (17) -> SEMI_TO_IFS (18)
2026-05-15 05:40:08 CartMove: Move, from 106 to 103
2026-05-15 05:40:08 CartMoveState: IDLE (1) -> FROM_MOVE (3)
2026-05-15 05:40:09 CartMoveState: FROM_MOVE (3) -> FROM_CART (4)
2026-05-15 05:40:12 CartMoveState: FROM_CART (4) -> AUX_DECIDE (5)
2026-05-15 05:40:12 CartMoveState: AUX_DECIDE (5) -> TO_MOVE (10)
2026-05-15 05:40:14 CartMoveState: TO_MOVE (10) -> TO_CART (11)
2026-05-15 05:40:16 CartMoveState: TO_CART (11) -> HOME_MOVE (12)
2026-05-15 05:40:16 CartMoveState: HOME_MOVE (12) -> HALT (13)
2026-05-15 05:40:16 CartMoveState: HALT (13) -> IDLE (1)
2026-05-15 05:40:16 Handler State: SEMI_TO_IFS (18) -> SEMI_PROBE_CART (25)
2026-05-15 05:40:19 Handler State: SEMI_PROBE_CART (25) -> SEMI_PROCESS (16)
2026-05-15 05:42:13 Re-Calculated Filling Volume: 0
2026-05-15 05:42:19 Setting CBS color valve (Finished): 0
2026-05-15 05:42:19 Handler State: SEMI_PROCESS (16) -> SEMI_FROM_IFS (20)
2026-05-15 05:42:19 CartMove: Move, from 103 to 106
2026-05-15 05:42:19 CartMoveState: IDLE (1) -> FROM_MOVE (3)
2026-05-15 05:42:19 CartMoveState: FROM_MOVE (3) -> FROM_CART (4)
2026-05-15 05:42:22 CartMoveState: FROM_CART (4) -> AUX_DECIDE (5)
2026-05-15 05:42:22 CartMoveState: AUX_DECIDE (5) -> TO_MOVE (10)
2026-05-15 05:42:23 CartMoveState: TO_MOVE (10) -> TO_CART (11)
2026-05-15 05:42:25 CartMoveState: TO_CART (11) -> HOME_MOVE (12)
2026-05-15 05:42:27 CartMoveState: HOME_MOVE (12) -> HALT (13)
2026-05-15 05:42:27 CartMoveState: HALT (13) -> IDLE (1)
2026-05-15 05:42:27 Handler State: SEMI_FROM_IFS (20) -> SEMI_FROM_STORE (19)
2026-05-15 05:42:27 CartMove: Move, from 108 to 103
2026-05-15 05:42:27 CartMoveState: IDLE (1) -> FROM_MOVE (3)
2026-05-15 05:42:28 CartMoveState: FROM_MOVE (3) -> FROM_CART (4)
2026-05-15 05:42:31 CartMoveState: FROM_CART (4) -> AUX_DECIDE (5)
2026-05-15 05:42:31 CartMoveState: AUX_DECIDE (5) -> TO_MOVE (10)
2026-05-15 05:42:33 CartMoveState: TO_MOVE (10) -> TO_CART (11)
2026-05-15 05:42:35 CartMoveState: TO_CART (11) -> HOME_MOVE (12)
2026-05-15 05:42:35 CartMoveState: HOME_MOVE (12) -> HALT (13)
2026-05-15 05:42:35 CartMoveState: HALT (13) -> IDLE (1)
2026-05-15 05:42:35 Handler State: SEMI_FROM_STORE (19) -> SEMI_WHAT_NEXT (21)
2026-05-15 05:42:35 Handler State: SEMI_WHAT_NEXT (21) -> SEMI_FINISHED (23)
2026-05-15 05:42:35 Handler State: SEMI_FINISHED (23) -> HANDLER_IDLE (1)
2026-05-15 05:47:18 Handler State: HANDLER_IDLE (1) -> HANDLER_START (2)
2026-05-15 05:47:19 Handler State: HANDLER_START (2) -> DECIDE_CART (3)
2026-05-15 05:47:19 Selection: IFS is clean and its cartridge is cleaned.
2026-05-15 05:47:19 Selected Primary Cartridge: 1
2026-05-15 05:47:19 Selected Primary Station: 102
2026-05-15 05:47:19 Selected Secondary Cartridge: 0
2026-05-15 05:47:19 Selected Secondary Station: 0
2026-05-15 05:47:19 Selected Filling Volume: 420
2026-05-15 05:47:19 Handler State: DECIDE_CART (3) -> CHECK_SEC_CART (26)
2026-05-15 05:47:19 Handler State: CHECK_SEC_CART (26) -> PROBE_CART (24)
2026-05-15 05:47:19 CartMove: Exchange 1, from 102
2026-05-15 05:47:19 CartMoveState: IDLE (1) -> FROM_MOVE (3)
2026-05-15 05:47:20 CartMoveState: FROM_MOVE (3) -> FROM_PROBE (19)
2026-05-15 05:47:21 Handler State: PROBE_CART (24) -> PROCESS_CART (6)
2026-05-15 05:47:22 Setting CBS color valve (FillIFS): 2
2026-05-15 05:47:23 Primed volume (FillIFS): 0.269392
2026-05-15 05:47:23 Re-Calculated Filling Volume: 420
2026-05-15 05:47:23 Setting CBS color valve (FillCart): 2
2026-05-15 05:47:42 Handler State: PROCESS_CART (6) -> EXCHANGE_ONE (7)
2026-05-15 05:47:42 CartMove: Exchange 1, from 102
2026-05-15 05:47:42 CartMoveState: FROM_PROBE (19) -> FROM_CART (4)
2026-05-15 05:47:48 Setting CBS color valve (Finished): 0
2026-05-15 05:47:50 CartMoveState: FROM_CART (4) -> TO_MOVE (10)
2026-05-15 05:47:51 CartMoveState: TO_MOVE (10) -> EXCH_1_WAIT (14)
2026-05-15 05:47:51 Handler State: EXCHANGE_ONE (7) -> START_DCU (8)
2026-05-15 05:47:51 Handler State: START_DCU (8) -> EXCHANGE_TWO (9)
2026-05-15 05:47:51 CartMove: Exchange 2
2026-05-15 05:47:51 CartMoveState: EXCH_1_WAIT (14) -> EXCH_1_CART (15)
2026-05-15 05:47:54 CartMoveState: EXCH_1_CART (15) -> EXCH_2_MOVE (16)
2026-05-15 05:47:54 CartMoveState: EXCH_2_MOVE (16) -> EXCH_2_CART (17)
2026-05-15 05:47:56 CartMoveState: EXCH_2_CART (17) -> HOME_MOVE (12)
2026-05-15 05:47:56 Handler State: EXCHANGE_TWO (9) -> WAIT_FOR_DCU (10)
2026-05-15 05:47:58 Handler State: WAIT_FOR_DCU (10) -> EXCHANGE_THREE (11)
2026-05-15 05:47:58 CartMove: Exchange 3
2026-05-15 05:47:58 CartMoveState: HOME_MOVE (12) -> HALT (13)
2026-05-15 05:47:58 CartMoveState: HALT (13) -> IDLE (1)
2026-05-15 05:47:58 Handler State: EXCHANGE_THREE (11) -> POST_PROCESS (12)
2026-05-15 05:47:58 Handler State: POST_PROCESS (12) -> MOVE_ARM_HOME (14)
2026-05-15 05:48:00 Handler State: MOVE_ARM_HOME (14) -> HANDLER_IDLE (1)
2026-05-15 05:52:45 Handler State: HANDLER_IDLE (1) -> HANDLER_START (2)
2026-05-15 05:52:46 Handler State: HANDLER_START (2) -> DECIDE_CART (3)
2026-05-15 05:52:46 Selection: IFS has correct material.
2026-05-15 05:52:46 Selection: Cartridge is clean.
2026-05-15 05:52:46 Selected Primary Cartridge: 4
2026-05-15 05:52:46 Selected Primary Station: 102
2026-05-15 05:52:46 Selected Secondary Cartridge: 0
2026-05-15 05:52:46 Selected Secondary Station: 0
2026-05-15 05:52:46 Selected Filling Volume: 348
2026-05-15 05:52:46 Handler State: DECIDE_CART (3) -> PLACE_CART (5)
2026-05-15 05:52:46 CartMove: Move, from 105 to 102
2026-05-15 05:52:46 CartMoveState: IDLE (1) -> FROM_MOVE (3)
2026-05-15 05:52:47 CartMoveState: FROM_MOVE (3) -> FROM_CART (4)
2026-05-15 05:52:50 CartMoveState: FROM_CART (4) -> AUX_DECIDE (5)
2026-05-15 05:52:50 CartMoveState: AUX_DECIDE (5) -> TO_MOVE (10)
2026-05-15 05:52:51 CartMoveState: TO_MOVE (10) -> TO_CART (11)
2026-05-15 05:52:53 CartMoveState: TO_CART (11) -> HOME_MOVE (12)
2026-05-15 05:52:54 CartMoveState: HOME_MOVE (12) -> HALT (13)
2026-05-15 05:52:54 CartMoveState: HALT (13) -> IDLE (1)
2026-05-15 05:52:54 Handler State: PLACE_CART (5) -> CHECK_SEC_CART (26)
2026-05-15 05:52:54 Handler State: CHECK_SEC_CART (26) -> PROBE_CART (24)
2026-05-15 05:52:54 CartMove: Exchange 1, from 102
2026-05-15 05:52:54 CartMoveState: IDLE (1) -> FROM_MOVE (3)
2026-05-15 05:52:55 CartMoveState: FROM_MOVE (3) -> FROM_PROBE (19)
2026-05-15 05:52:57 Handler State: PROBE_CART (24) -> PROCESS_CART (6)
2026-05-15 05:52:57 Setting CBS color valve (FillGate): 2
2026-05-15 05:52:58 Primed volume (FillGate): 1.84054
2026-05-15 05:52:58 Re-Calculated Filling Volume: 348
2026-05-15 05:52:58 Setting CBS color valve (FillCart): 2
2026-05-15 05:53:15 Handler State: PROCESS_CART (6) -> EXCHANGE_ONE (7)
2026-05-15 05:53:15 CartMove: Exchange 1, from 102
2026-05-15 05:53:15 CartMoveState: FROM_PROBE (19) -> FROM_CART (4)
2026-05-15 05:53:22 Setting CBS color valve (Finished): 0
2026-05-15 05:53:24 CartMoveState: FROM_CART (4) -> TO_MOVE (10)
2026-05-15 05:53:25 CartMoveState: TO_MOVE (10) -> EXCH_1_WAIT (14)
2026-05-15 05:53:25 Handler State: EXCHANGE_ONE (7) -> START_DCU (8)
2026-05-15 05:54:22 Handler State: START_DCU (8) -> EXCHANGE_TWO (9)
2026-05-15 05:54:22 CartMove: Exchange 2
2026-05-15 05:54:23 CartMoveState: EXCH_1_WAIT (14) -> EXCH_1_CART (15)
2026-05-15 05:54:26 CartMoveState: EXCH_1_CART (15) -> EXCH_2_MOVE (16)
2026-05-15 05:54:27 CartMoveState: EXCH_2_MOVE (16) -> EXCH_2_CART (17)
2026-05-15 05:54:29 CartMoveState: EXCH_2_CART (17) -> STORE_DECIDE (18)
2026-05-15 05:54:29 Used volume for last job: 0
2026-05-15 05:54:29 Handler State: EXCHANGE_TWO (9) -> WAIT_FOR_DCU (10)
2026-05-15 05:54:30 Handler State: WAIT_FOR_DCU (10) -> EXCHANGE_THREE (11)
2026-05-15 05:54:30 CartMove: Exchange 3
2026-05-15 05:54:30 CartMoveState: STORE_DECIDE (18) -> AUX_DECIDE (5)
2026-05-15 05:54:30 CartMoveState: AUX_DECIDE (5) -> TO_MOVE (10)
2026-05-15 05:54:30 CartMoveState: TO_MOVE (10) -> TO_CART (11)
2026-05-15 05:54:33 CartMoveState: TO_CART (11) -> HOME_MOVE (12)
2026-05-15 05:54:33 CartMoveState: HOME_MOVE (12) -> HALT (13)
2026-05-15 05:54:33 CartMoveState: HALT (13) -> IDLE (1)
2026-05-15 05:54:33 Handler State: EXCHANGE_THREE (11) -> POST_PROCESS (12)
2026-05-15 05:54:33 Handler State: POST_PROCESS (12) -> MOVE_ARM_HOME (14)
2026-05-15 05:54:33 Handler State: MOVE_ARM_HOME (14) -> HANDLER_IDLE (1)
2026-05-15 05:54:50 Handler State: HANDLER_IDLE (1) -> HANDLER_START (2)
2026-05-15 05:54:51 Handler State: HANDLER_START (2) -> DECIDE_CART (3)
2026-05-15 05:54:51 Selection: Last resort, just pick the first IFS.
2026-05-15 05:54:51 Selection: Last resort, just pick the first cartridge.
2026-05-15 05:54:51 Selected Primary Cartridge: 1
2026-05-15 05:54:51 Selected Primary Station: 102
2026-05-15 05:54:51 Selected Secondary Cartridge: 0
2026-05-15 05:54:51 Selected Secondary Station: 0
2026-05-15 05:54:51 Selected Filling Volume: 418
2026-05-15 05:54:51 Handler State: DECIDE_CART (3) -> CHECK_SEC_CART (26)
2026-05-15 05:54:51 Handler State: CHECK_SEC_CART (26) -> PROBE_CART (24)
2026-05-15 05:54:51 CartMove: Exchange 1, from 102
2026-05-15 05:54:51 CartMoveState: IDLE (1) -> FROM_MOVE (3)
2026-05-15 05:54:52 CartMoveState: FROM_MOVE (3) -> FROM_PROBE (19)
2026-05-15 05:54:54 Handler State: PROBE_CART (24) -> PROCESS_CART (6)
2026-05-15 05:55:34 Setting CBS color valve (FillIFS): 1
2026-05-15 05:55:36 Primed volume (FillIFS): 0.151729
2026-05-15 05:55:36 Re-Calculated Filling Volume: 418
2026-05-15 05:55:36 Setting CBS color valve (FillCart): 1
2026-05-15 05:55:54 Handler State: PROCESS_CART (6) -> EXCHANGE_ONE (7)
2026-05-15 05:55:54 CartMove: Exchange 1, from 102
2026-05-15 05:55:54 CartMoveState: FROM_PROBE (19) -> FROM_CART (4)
2026-05-15 05:56:01 Setting CBS color valve (Finished): 0
2026-05-15 05:56:03 CartMoveState: FROM_CART (4) -> TO_MOVE (10)
2026-05-15 05:56:04 CartMoveState: TO_MOVE (10) -> EXCH_1_WAIT (14)
2026-05-15 05:56:04 Handler State: EXCHANGE_ONE (7) -> START_DCU (8)
2026-05-15 05:56:05 Handler State: START_DCU (8) -> EXCHANGE_TWO (9)
2026-05-15 05:56:05 CartMove: Exchange 2
2026-05-15 05:56:14 CartMoveState: EXCH_1_WAIT (14) -> EXCH_1_CART (15)
2026-05-15 05:56:17 CartMoveState: EXCH_1_CART (15) -> EXCH_2_MOVE (16)
2026-05-15 05:56:18 CartMoveState: EXCH_2_MOVE (16) -> EXCH_2_CART (17)
2026-05-15 05:56:20 CartMoveState: EXCH_2_CART (17) -> STORE_DECIDE (18)
2026-05-15 05:56:20 Used volume for last job: 302.355
2026-05-15 05:56:20 Handler State: EXCHANGE_TWO (9) -> WAIT_FOR_DCU (10)
2026-05-15 05:56:21 Handler State: WAIT_FOR_DCU (10) -> EXCHANGE_THREE (11)
2026-05-15 05:56:22 CartMove: Exchange 3
2026-05-15 05:56:22 CartMoveState: STORE_DECIDE (18) -> AUX_DECIDE (5)
2026-05-15 05:56:22 CartMoveState: AUX_DECIDE (5) -> TO_MOVE (10)
2026-05-15 05:56:22 CartMoveState: TO_MOVE (10) -> TO_CART (11)
2026-05-15 05:56:24 CartMoveState: TO_CART (11) -> HOME_MOVE (12)
2026-05-15 05:56:24 CartMoveState: HOME_MOVE (12) -> HALT (13)
2026-05-15 05:56:24 CartMoveState: HALT (13) -> IDLE (1)
2026-05-15 05:56:24 Handler State: EXCHANGE_THREE (11) -> POST_PROCESS (12)
2026-05-15 05:56:24 Handler State: POST_PROCESS (12) -> MOVE_ARM_HOME (14)
2026-05-15 05:56:24 Handler State: MOVE_ARM_HOME (14) -> HANDLER_IDLE (1)
2026-05-15 05:56:50 Handler State: HANDLER_IDLE (1) -> HANDLER_START (2)
2026-05-15 05:56:51 Handler State: HANDLER_START (2) -> DECIDE_CART (3)
2026-05-15 05:56:51 Selection: IFS is clean and its cartridge is cleaned.
2026-05-15 05:56:51 Selected Primary Cartridge: 6
2026-05-15 05:56:51 Selected Primary Station: 104
2026-05-15 05:56:51 Selected Secondary Cartridge: 0
2026-05-15 05:56:51 Selected Secondary Station: 0
2026-05-15 05:56:51 Selected Filling Volume: 453
2026-05-15 05:56:51 Handler State: DECIDE_CART (3) -> CHECK_SEC_CART (26)
2026-05-15 05:56:51 Handler State: CHECK_SEC_CART (26) -> PROBE_CART (24)
2026-05-15 05:56:51 CartMove: Exchange 1, from 104
2026-05-15 05:56:51 CartMoveState: IDLE (1) -> FROM_MOVE (3)
2026-05-15 05:56:51 CartMoveState: FROM_MOVE (3) -> FROM_PROBE (19)
2026-05-15 05:56:53 Handler State: PROBE_CART (24) -> PROCESS_CART (6)
2026-05-15 05:56:54 Setting CBS color valve (FillIFS): 1
2026-05-15 05:56:55 Primed volume (FillIFS): 0.208031
2026-05-15 05:56:55 Re-Calculated Filling Volume: 453
2026-05-15 05:56:55 Setting CBS color valve (FillCart): 1
2026-05-15 05:57:17 Handler State: PROCESS_CART (6) -> EXCHANGE_ONE (7)
2026-05-15 05:57:17 CartMove: Exchange 1, from 104
2026-05-15 05:57:17 CartMoveState: FROM_PROBE (19) -> FROM_CART (4)
2026-05-15 05:57:23 Setting CBS color valve (Finished): 0
2026-05-15 05:57:25 CartMoveState: FROM_CART (4) -> TO_MOVE (10)
2026-05-15 05:57:26 CartMoveState: TO_MOVE (10) -> EXCH_1_WAIT (14)
2026-05-15 05:57:26 Handler State: EXCHANGE_ONE (7) -> START_DCU (8)
2026-05-15 06:00:32 Handler State: START_DCU (8) -> EXCHANGE_TWO (9)
2026-05-15 06:00:32 CartMove: Exchange 2
2026-05-15 06:00:43 CartMoveState: EXCH_1_WAIT (14) -> EXCH_1_CART (15)
2026-05-15 06:00:46 CartMoveState: EXCH_1_CART (15) -> EXCH_2_MOVE (16)
2026-05-15 06:00:47 CartMoveState: EXCH_2_MOVE (16) -> EXCH_2_CART (17)
2026-05-15 06:00:49 CartMoveState: EXCH_2_CART (17) -> STORE_DECIDE (18)
2026-05-15 06:00:49 Used volume for last job: 303.34
2026-05-15 06:00:49 Handler State: EXCHANGE_TWO (9) -> WAIT_FOR_DCU (10)
2026-05-15 06:00:50 Handler State: WAIT_FOR_DCU (10) -> EXCHANGE_THREE (11)
2026-05-15 06:00:50 CartMove: Exchange 3
2026-05-15 06:00:50 CartMoveState: STORE_DECIDE (18) -> AUX_DECIDE (5)
2026-05-15 06:00:50 CartMoveState: AUX_DECIDE (5) -> TO_MOVE (10)
2026-05-15 06:00:52 CartMoveState: TO_MOVE (10) -> TO_CART (11)
2026-05-15 06:00:54 CartMoveState: TO_CART (11) -> HOME_MOVE (12)
2026-05-15 06:00:55 CartMoveState: HOME_MOVE (12) -> HALT (13)
2026-05-15 06:00:55 CartMoveState: HALT (13) -> IDLE (1)
2026-05-15 06:00:55 Handler State: EXCHANGE_THREE (11) -> POST_PROCESS (12)
2026-05-15 06:00:55 Handler State: POST_PROCESS (12) -> MOVE_ARM_HOME (14)
2026-05-15 06:00:55 Handler State: MOVE_ARM_HOME (14) -> HANDLER_IDLE (1)
2026-05-15 06:02:04 Handler State: HANDLER_IDLE (1) -> HANDLER_START (2)
2026-05-15 06:02:05 Handler State: HANDLER_START (2) -> DECIDE_CART (3)
2026-05-15 06:02:05 Selection: IFS has correct material.
2026-05-15 06:02:05 Selection: Cartridge is clean.
2026-05-15 06:02:05 Selected Primary Cartridge: 3
2026-05-15 06:02:05 Selected Primary Station: 104
2026-05-15 06:02:05 Selected Secondary Cartridge: 0
2026-05-15 06:02:05 Selected Secondary Station: 0
2026-05-15 06:02:05 Selected Filling Volume: 477
2026-05-15 06:02:05 Handler State: DECIDE_CART (3) -> PLACE_CART (5)
2026-05-15 06:02:05 CartMove: Move, from 107 to 104
2026-05-15 06:02:05 CartMoveState: IDLE (1) -> FROM_MOVE (3)
2026-05-15 06:02:07 CartMoveState: FROM_MOVE (3) -> FROM_CART (4)
2026-05-15 06:02:10 CartMoveState: FROM_CART (4) -> AUX_DECIDE (5)
2026-05-15 06:02:10 CartMoveState: AUX_DECIDE (5) -> TO_MOVE (10)
2026-05-15 06:02:11 CartMoveState: TO_MOVE (10) -> TO_CART (11)
2026-05-15 06:02:13 CartMoveState: TO_CART (11) -> HOME_MOVE (12)
2026-05-15 06:02:14 CartMoveState: HOME_MOVE (12) -> HALT (13)
2026-05-15 06:02:14 CartMoveState: HALT (13) -> IDLE (1)
2026-05-15 06:02:14 Handler State: PLACE_CART (5) -> CHECK_SEC_CART (26)
2026-05-15 06:02:14 Handler State: CHECK_SEC_CART (26) -> PROBE_CART (24)
2026-05-15 06:02:14 CartMove: Exchange 1, from 104
2026-05-15 06:02:14 CartMoveState: IDLE (1) -> FROM_MOVE (3)
2026-05-15 06:02:15 CartMoveState: FROM_MOVE (3) -> FROM_PROBE (19)
2026-05-15 06:02:17 Handler State: PROBE_CART (24) -> PROCESS_CART (6)
2026-05-15 06:02:17 Setting CBS color valve (FillGate): 1
2026-05-15 06:02:18 Primed volume (FillGate): 1.20971
2026-05-15 06:02:18 Re-Calculated Filling Volume: 477
2026-05-15 06:02:18 Setting CBS color valve (FillCart): 1
2026-05-15 06:02:34 Handler State: PROCESS_CART (6) -> EXCHANGE_ONE (7)
2026-05-15 06:02:34 CartMove: Exchange 1, from 104
2026-05-15 06:02:34 CartMoveState: FROM_PROBE (19) -> FROM_CART (4)
2026-05-15 06:02:40 Setting CBS color valve (Finished): 0
2026-05-15 06:02:42 CartMoveState: FROM_CART (4) -> TO_MOVE (10)
2026-05-15 06:02:43 CartMoveState: TO_MOVE (10) -> EXCH_1_WAIT (14)
2026-05-15 06:02:43 Handler State: EXCHANGE_ONE (7) -> START_DCU (8)
2026-05-15 06:03:51 Handler State: START_DCU (8) -> EXCHANGE_TWO (9)
2026-05-15 06:03:51 CartMove: Exchange 2
2026-05-15 06:03:52 CartMoveState: EXCH_1_WAIT (14) -> EXCH_1_CART (15)
2026-05-15 06:03:54 CartMoveState: EXCH_1_CART (15) -> EXCH_2_MOVE (16)
2026-05-15 06:03:55 CartMoveState: EXCH_2_MOVE (16) -> EXCH_2_CART (17)
2026-05-15 06:03:57 CartMoveState: EXCH_2_CART (17) -> STORE_DECIDE (18)
2026-05-15 06:03:57 Used volume for last job: 0
2026-05-15 06:03:57 Handler State: EXCHANGE_TWO (9) -> WAIT_FOR_DCU (10)
2026-05-15 06:03:59 Handler State: WAIT_FOR_DCU (10) -> EXCHANGE_THREE (11)
2026-05-15 06:03:59 CartMove: Exchange 3
2026-05-15 06:03:59 CartMoveState: STORE_DECIDE (18) -> AUX_DECIDE (5)
2026-05-15 06:03:59 CartMoveState: AUX_DECIDE (5) -> TO_MOVE (10)
2026-05-15 06:04:00 CartMoveState: TO_MOVE (10) -> TO_CART (11)
2026-05-15 06:04:02 CartMoveState: TO_CART (11) -> HOME_MOVE (12)
2026-05-15 06:04:03 CartMoveState: HOME_MOVE (12) -> HALT (13)
2026-05-15 06:04:03 CartMoveState: HALT (13) -> IDLE (1)
2026-05-15 06:04:03 Handler State: EXCHANGE_THREE (11) -> POST_PROCESS (12)
2026-05-15 06:04:03 Handler State: POST_PROCESS (12) -> MOVE_ARM_HOME (14)
2026-05-15 06:04:03 Handler State: MOVE_ARM_HOME (14) -> HANDLER_IDLE (1)
2026-05-15 06:08:11 Handler State: HANDLER_IDLE (1) -> HANDLER_START (2)
2026-05-15 06:08:12 Handler State: HANDLER_START (2) -> DECIDE_CART (3)
2026-05-15 06:08:12 Selection: IFS is clean and its cartridge is cleaned.
2026-05-15 06:08:12 Selected Primary Cartridge: 2
2026-05-15 06:08:12 Selected Primary Station: 103
2026-05-15 06:08:12 Selected Secondary Cartridge: 0
2026-05-15 06:08:12 Selected Secondary Station: 0
2026-05-15 06:08:12 Selected Filling Volume: 124
2026-05-15 06:08:12 Handler State: DECIDE_CART (3) -> CHECK_SEC_CART (26)
2026-05-15 06:08:12 Handler State: CHECK_SEC_CART (26) -> PROBE_CART (24)
2026-05-15 06:08:12 CartMove: Exchange 1, from 103
2026-05-15 06:08:12 CartMoveState: IDLE (1) -> FROM_MOVE (3)
2026-05-15 06:08:12 CartMoveState: FROM_MOVE (3) -> FROM_PROBE (19)
2026-05-15 06:08:14 Handler State: PROBE_CART (24) -> PROCESS_CART (6)
2026-05-15 06:08:15 Setting CBS color valve (FillIFS): 1
2026-05-15 06:08:16 Primed volume (FillIFS): 2.548
2026-05-15 06:08:16 Re-Calculated Filling Volume: 124
2026-05-15 06:08:16 Setting CBS color valve (FillCart): 1
2026-05-15 06:08:24 Handler State: PROCESS_CART (6) -> EXCHANGE_ONE (7)
2026-05-15 06:08:24 CartMove: Exchange 1, from 103
2026-05-15 06:08:24 CartMoveState: FROM_PROBE (19) -> FROM_CART (4)
2026-05-15 06:08:29 Setting CBS color valve (Finished): 0
2026-05-15 06:08:31 CartMoveState: FROM_CART (4) -> TO_MOVE (10)
2026-05-15 06:08:33 CartMoveState: TO_MOVE (10) -> EXCH_1_WAIT (14)
2026-05-15 06:08:33 Handler State: EXCHANGE_ONE (7) -> START_DCU (8)
2026-05-15 06:08:33 Handler State: START_DCU (8) -> EXCHANGE_TWO (9)
2026-05-15 06:08:33 CartMove: Exchange 2
2026-05-15 06:08:33 CartMoveState: EXCH_1_WAIT (14) -> EXCH_1_CART (15)
2026-05-15 06:08:36 CartMoveState: EXCH_1_CART (15) -> EXCH_2_MOVE (16)
2026-05-15 06:08:37 CartMoveState: EXCH_2_MOVE (16) -> EXCH_2_CART (17)
2026-05-15 06:08:39 CartMoveState: EXCH_2_CART (17) -> STORE_DECIDE (18)
2026-05-15 06:08:39 Used volume for last job: 426.104
2026-05-15 06:08:39 Handler State: EXCHANGE_TWO (9) -> WAIT_FOR_DCU (10)
2026-05-15 06:08:41 Handler State: WAIT_FOR_DCU (10) -> EXCHANGE_THREE (11)
2026-05-15 06:08:41 CartMove: Exchange 3
2026-05-15 06:08:41 CartMoveState: STORE_DECIDE (18) -> AUX_DECIDE (5)
2026-05-15 06:08:41 CartMoveState: AUX_DECIDE (5) -> TO_MOVE (10)
2026-05-15 06:08:42 CartMoveState: TO_MOVE (10) -> TO_CART (11)
2026-05-15 06:08:45 CartMoveState: TO_CART (11) -> HOME_MOVE (12)
2026-05-15 06:08:46 CartMoveState: HOME_MOVE (12) -> HALT (13)
2026-05-15 06:08:46 CartMoveState: HALT (13) -> IDLE (1)
2026-05-15 06:08:46 Handler State: EXCHANGE_THREE (11) -> POST_PROCESS (12)
2026-05-15 06:08:46 Handler State: POST_PROCESS (12) -> MOVE_ARM_HOME (14)
2026-05-15 06:08:46 Handler State: MOVE_ARM_HOME (14) -> HANDLER_IDLE (1)
2026-05-15 06:10:27 Handler State: HANDLER_IDLE (1) -> HANDLER_START (2)
2026-05-15 06:10:28 Handler State: HANDLER_START (2) -> DECIDE_CART (3)
2026-05-15 06:10:28 Selection: IFS has correct material.
2026-05-15 06:10:28 Selection: Cartridge is clean.
2026-05-15 06:10:28 Selected Primary Cartridge: 5
2026-05-15 06:10:28 Selected Primary Station: 103
2026-05-15 06:10:28 Selected Secondary Cartridge: 0
2026-05-15 06:10:28 Selected Secondary Station: 0
2026-05-15 06:10:28 Selected Filling Volume: 61
2026-05-15 06:10:28 Handler State: DECIDE_CART (3) -> PLACE_CART (5)
2026-05-15 06:10:28 CartMove: Move, from 106 to 103
2026-05-15 06:10:28 CartMoveState: IDLE (1) -> FROM_MOVE (3)
2026-05-15 06:10:30 CartMoveState: FROM_MOVE (3) -> FROM_CART (4)
2026-05-15 06:10:32 CartMoveState: FROM_CART (4) -> AUX_DECIDE (5)
2026-05-15 06:10:32 CartMoveState: AUX_DECIDE (5) -> TO_MOVE (10)
2026-05-15 06:10:34 CartMoveState: TO_MOVE (10) -> TO_CART (11)
2026-05-15 06:10:36 CartMoveState: TO_CART (11) -> HOME_MOVE (12)
2026-05-15 06:10:36 CartMoveState: HOME_MOVE (12) -> HALT (13)
2026-05-15 06:10:36 CartMoveState: HALT (13) -> IDLE (1)
2026-05-15 06:10:36 Handler State: PLACE_CART (5) -> CHECK_SEC_CART (26)
2026-05-15 06:10:36 Handler State: CHECK_SEC_CART (26) -> PROBE_CART (24)
2026-05-15 06:10:36 CartMove: Exchange 1, from 103
2026-05-15 06:10:36 CartMoveState: IDLE (1) -> FROM_MOVE (3)
2026-05-15 06:10:37 CartMoveState: FROM_MOVE (3) -> FROM_PROBE (19)
2026-05-15 06:10:38 Handler State: PROBE_CART (24) -> PROCESS_CART (6)
2026-05-15 06:10:38 Setting CBS color valve (FillGate): 1
2026-05-15 06:10:39 Primed volume (FillGate): 1.80143
2026-05-15 06:10:39 Re-Calculated Filling Volume: 61
2026-05-15 06:10:39 Setting CBS color valve (FillCart): 1
2026-05-15 06:10:51 Handler State: PROCESS_CART (6) -> EXCHANGE_ONE (7)
2026-05-15 06:10:51 CartMove: Exchange 1, from 103
2026-05-15 06:10:51 CartMoveState: FROM_PROBE (19) -> FROM_CART (4)
2026-05-15 06:10:56 Setting CBS color valve (Finished): 0
2026-05-15 06:10:58 CartMoveState: FROM_CART (4) -> TO_MOVE (10)
2026-05-15 06:11:00 CartMoveState: TO_MOVE (10) -> EXCH_1_WAIT (14)
2026-05-15 06:11:00 Handler State: EXCHANGE_ONE (7) -> START_DCU (8)
2026-05-15 06:11:17 Handler State: START_DCU (8) -> EXCHANGE_TWO (9)
2026-05-15 06:11:17 CartMove: Exchange 2
2026-05-15 06:11:18 CartMoveState: EXCH_1_WAIT (14) -> EXCH_1_CART (15)
2026-05-15 06:11:21 CartMoveState: EXCH_1_CART (15) -> EXCH_2_MOVE (16)
2026-05-15 06:11:21 CartMoveState: EXCH_2_MOVE (16) -> EXCH_2_CART (17)
2026-05-15 06:11:23 CartMoveState: EXCH_2_CART (17) -> STORE_DECIDE (18)
2026-05-15 06:11:23 Used volume for last job: 0
2026-05-15 06:11:23 Handler State: EXCHANGE_TWO (9) -> WAIT_FOR_DCU (10)
2026-05-15 06:11:25 Handler State: WAIT_FOR_DCU (10) -> EXCHANGE_THREE (11)
2026-05-15 06:11:25 CartMove: Exchange 3
2026-05-15 06:11:25 CartMoveState: STORE_DECIDE (18) -> AUX_DECIDE (5)
2026-05-15 06:11:25 CartMoveState: AUX_DECIDE (5) -> TO_MOVE (10)
2026-05-15 06:11:26 CartMoveState: TO_MOVE (10) -> TO_CART (11)
2026-05-15 06:11:28 CartMoveState: TO_CART (11) -> HOME_MOVE (12)
2026-05-15 06:11:29 CartMoveState: HOME_MOVE (12) -> HALT (13)
2026-05-15 06:11:29 CartMoveState: HALT (13) -> IDLE (1)
2026-05-15 06:11:29 Handler State: EXCHANGE_THREE (11) -> POST_PROCESS (12)
2026-05-15 06:11:29 Handler State: POST_PROCESS (12) -> MOVE_ARM_HOME (14)
2026-05-15 06:11:29 Handler State: MOVE_ARM_HOME (14) -> HANDLER_IDLE (1)
2026-05-15 06:12:15 Handler State: HANDLER_IDLE (1) -> SEMI_START (15)
2026-05-15 06:12:15 Handler State: SEMI_START (15) -> SEMI_PROBE_CART (25)
2026-05-15 06:12:18 Handler State: SEMI_PROBE_CART (25) -> SEMI_PROCESS (16)
2026-05-15 06:12:51 Re-Calculated Filling Volume: 0
2026-05-15 06:12:56 Setting CBS color valve (Finished): 0
2026-05-15 06:12:56 Handler State: SEMI_PROCESS (16) -> SEMI_WHAT_NEXT (21)
2026-05-15 06:12:56 Handler State: SEMI_WHAT_NEXT (21) -> SEMI_FINISHED (23)
2026-05-15 06:12:56 Handler State: SEMI_FINISHED (23) -> HANDLER_IDLE (1)
2026-05-15 06:14:51 Handler State: HANDLER_IDLE (1) -> HANDLER_START (2)
2026-05-15 06:14:52 Handler State: HANDLER_START (2) -> DECIDE_CART (3)
2026-05-15 06:14:52 Selection: IFS is clean and its cartridge is cleaned.
2026-05-15 06:14:52 Selected Primary Cartridge: 2
2026-05-15 06:14:52 Selected Primary Station: 103
2026-05-15 06:14:52 Selected Secondary Cartridge: 0
2026-05-15 06:14:52 Selected Secondary Station: 0
2026-05-15 06:14:52 Selected Filling Volume: 50
2026-05-15 06:14:52 Handler State: DECIDE_CART (3) -> CHECK_SEC_CART (26)
2026-05-15 06:14:52 Handler State: CHECK_SEC_CART (26) -> PROBE_CART (24)
2026-05-15 06:14:52 CartMove: Exchange 1, from 103
2026-05-15 06:14:52 CartMoveState: IDLE (1) -> FROM_MOVE (3)
2026-05-15 06:14:52 CartMoveState: FROM_MOVE (3) -> FROM_PROBE (19)
2026-05-15 06:14:54 Handler State: PROBE_CART (24) -> PROCESS_CART (6)
2026-05-15 06:14:54 Setting CBS color valve (FillIFS): 2
2026-05-15 06:14:56 Primed volume (FillIFS): 1.90705
2026-05-15 06:14:56 Re-Calculated Filling Volume: 50
2026-05-15 06:14:56 Setting CBS color valve (FillCart): 2
2026-05-15 06:15:06 Handler State: PROCESS_CART (6) -> EXCHANGE_ONE (7)
2026-05-15 06:15:07 CartMove: Exchange 1, from 103
2026-05-15 06:15:07 CartMoveState: FROM_PROBE (19) -> FROM_CART (4)
2026-05-15 06:15:12 Setting CBS color valve (Finished): 0
2026-05-15 06:15:14 CartMoveState: FROM_CART (4) -> TO_MOVE (10)
2026-05-15 06:15:15 CartMoveState: TO_MOVE (10) -> EXCH_1_WAIT (14)
2026-05-15 06:15:15 Handler State: EXCHANGE_ONE (7) -> START_DCU (8)
2026-05-15 06:15:16 Handler State: START_DCU (8) -> EXCHANGE_TWO (9)
2026-05-15 06:15:16 CartMove: Exchange 2
2026-05-15 06:15:16 CartMoveState: EXCH_1_WAIT (14) -> EXCH_1_CART (15)
2026-05-15 06:15:18 CartMoveState: EXCH_1_CART (15) -> EXCH_2_MOVE (16)
2026-05-15 06:15:20 CartMoveState: EXCH_2_MOVE (16) -> EXCH_2_CART (17)
2026-05-15 06:15:22 CartMoveState: EXCH_2_CART (17) -> STORE_DECIDE (18)
2026-05-15 06:15:22 Used volume for last job: 11.6209
2026-05-15 06:15:22 Handler State: EXCHANGE_TWO (9) -> WAIT_FOR_DCU (10)
2026-05-15 06:15:23 Handler State: WAIT_FOR_DCU (10) -> EXCHANGE_THREE (11)
2026-05-15 06:15:23 CartMove: Exchange 3
2026-05-15 06:15:23 CartMoveState: STORE_DECIDE (18) -> AUX_DECIDE (5)
2026-05-15 06:15:23 CartMoveState: AUX_DECIDE (5) -> TO_MOVE (10)
2026-05-15 06:15:24 CartMoveState: TO_MOVE (10) -> TO_CART (11)
2026-05-15 06:15:26 CartMoveState: TO_CART (11) -> HOME_MOVE (12)
2026-05-15 06:15:27 CartMoveState: HOME_MOVE (12) -> HALT (13)
2026-05-15 06:15:27 CartMoveState: HALT (13) -> IDLE (1)
2026-05-15 06:15:27 Handler State: EXCHANGE_THREE (11) -> POST_PROCESS (12)
2026-05-15 06:15:27 Handler State: POST_PROCESS (12) -> MOVE_ARM_HOME (14)
2026-05-15 06:15:27 Handler State: MOVE_ARM_HOME (14) -> HANDLER_IDLE (1)
2026-05-15 06:16:48 Handler State: HANDLER_IDLE (1) -> HANDLER_START (2)
2026-05-15 06:16:49 Handler State: HANDLER_START (2) -> DECIDE_CART (3)
2026-05-15 06:16:49 Selection: IFS has correct material.
2026-05-15 06:16:49 Selection: Last resort, just pick the first cartridge.
2026-05-15 06:16:49 Selected Primary Cartridge: 5
2026-05-15 06:16:49 Selected Primary Station: 103
2026-05-15 06:16:49 Selected Secondary Cartridge: 0
2026-05-15 06:16:49 Selected Secondary Station: 0
2026-05-15 06:16:49 Selected Filling Volume: 50
2026-05-15 06:16:49 Handler State: DECIDE_CART (3) -> CHECK_SEC_CART (26)
2026-05-15 06:16:49 Handler State: CHECK_SEC_CART (26) -> PROBE_CART (24)
2026-05-15 06:16:49 CartMove: Exchange 1, from 103
2026-05-15 06:16:49 CartMoveState: IDLE (1) -> FROM_MOVE (3)
2026-05-15 06:16:49 CartMoveState: FROM_MOVE (3) -> FROM_PROBE (19)
2026-05-15 06:16:51 Handler State: PROBE_CART (24) -> PROCESS_CART (6)
2026-05-15 06:17:22 Setting CBS color valve (FillGate): 2
2026-05-15 06:17:23 Primed volume (FillGate): 1.91724
2026-05-15 06:17:23 Re-Calculated Filling Volume: 50
2026-05-15 06:17:23 Setting CBS color valve (FillCart): 2
2026-05-15 06:17:34 Handler State: PROCESS_CART (6) -> EXCHANGE_ONE (7)
2026-05-15 06:17:34 CartMove: Exchange 1, from 103
2026-05-15 06:17:34 CartMoveState: FROM_PROBE (19) -> FROM_CART (4)
2026-05-15 06:17:40 Setting CBS color valve (Finished): 0
2026-05-15 06:17:41 CartMoveState: FROM_CART (4) -> TO_MOVE (10)
2026-05-15 06:17:43 CartMoveState: TO_MOVE (10) -> EXCH_1_WAIT (14)
2026-05-15 06:17:43 Handler State: EXCHANGE_ONE (7) -> START_DCU (8)
2026-05-15 06:17:43 Handler State: START_DCU (8) -> EXCHANGE_TWO (9)
2026-05-15 06:17:43 CartMove: Exchange 2
2026-05-15 06:17:43 CartMoveState: EXCH_1_WAIT (14) -> EXCH_1_CART (15)
2026-05-15 06:17:46 CartMoveState: EXCH_1_CART (15) -> EXCH_2_MOVE (16)
2026-05-15 06:17:47 CartMoveState: EXCH_2_MOVE (16) -> EXCH_2_CART (17)
2026-05-15 06:17:49 CartMoveState: EXCH_2_CART (17) -> STORE_DECIDE (18)
2026-05-15 06:17:49 Used volume for last job: 0
2026-05-15 06:17:49 Handler State: EXCHANGE_TWO (9) -> WAIT_FOR_DCU (10)
2026-05-15 06:17:51 Handler State: WAIT_FOR_DCU (10) -> EXCHANGE_THREE (11)
2026-05-15 06:17:51 CartMove: Exchange 3
2026-05-15 06:17:51 CartMoveState: STORE_DECIDE (18) -> AUX_DECIDE (5)
2026-05-15 06:17:51 CartMoveState: AUX_DECIDE (5) -> TO_MOVE (10)
2026-05-15 06:17:51 CartMoveState: TO_MOVE (10) -> TO_CART (11)
2026-05-15 06:17:54 CartMoveState: TO_CART (11) -> HOME_MOVE (12)
2026-05-15 06:17:55 CartMoveState: HOME_MOVE (12) -> HALT (13)
2026-05-15 06:17:55 CartMoveState: HALT (13) -> IDLE (1)
2026-05-15 06:17:55 Handler State: EXCHANGE_THREE (11) -> POST_PROCESS (12)
2026-05-15 06:17:55 Handler State: POST_PROCESS (12) -> MOVE_ARM_HOME (14)
2026-05-15 06:17:55 Handler State: MOVE_ARM_HOME (14) -> HANDLER_IDLE (1)
2026-05-15 06:27:28 Handler State: HANDLER_IDLE (1) -> SEMI_START (15)
2026-05-15 06:27:28 Handler State: SEMI_START (15) -> SEMI_PROBE_CART (25)
2026-05-15 06:27:30 Handler State: SEMI_PROBE_CART (25) -> SEMI_PROCESS (16)
2026-05-15 06:28:03 Re-Calculated Filling Volume: 0
2026-05-15 06:28:08 Setting CBS color valve (Finished): 0
2026-05-15 06:28:08 Handler State: SEMI_PROCESS (16) -> SEMI_WHAT_NEXT (21)
2026-05-15 06:28:08 Handler State: SEMI_WHAT_NEXT (21) -> SEMI_FINISHED (23)
2026-05-15 06:28:08 Handler State: SEMI_FINISHED (23) -> HANDLER_IDLE (1)
2026-05-15 06:37:18 Handler State: HANDLER_IDLE (1) -> SEMI_START (15)
2026-05-15 06:37:18 Handler State: SEMI_START (15) -> SEMI_PROBE_CART (25)
2026-05-15 06:37:22 Handler State: SEMI_PROBE_CART (25) -> SEMI_PROCESS (16)
2026-05-15 06:37:58 Re-Calculated Filling Volume: 0
2026-05-15 06:38:04 Setting CBS color valve (Finished): 0
2026-05-15 06:38:04 Handler State: SEMI_PROCESS (16) -> SEMI_WHAT_NEXT (21)
2026-05-15 06:38:04 Handler State: SEMI_WHAT_NEXT (21) -> SEMI_FINISHED (23)
2026-05-15 06:38:05 Handler State: SEMI_FINISHED (23) -> HANDLER_IDLE (1)
2026-05-15 06:42:01 Handler State: HANDLER_IDLE (1) -> HANDLER_START (2)
2026-05-15 06:42:02 Handler State: HANDLER_START (2) -> DECIDE_CART (3)
2026-05-15 06:42:02 Selection: IFS is clean and its cartridge is cleaned.
2026-05-15 06:42:02 Selected Primary Cartridge: 2
2026-05-15 06:42:02 Selected Primary Station: 103
2026-05-15 06:42:02 Selected Secondary Cartridge: 0
2026-05-15 06:42:02 Selected Secondary Station: 0
2026-05-15 06:42:02 Selected Filling Volume: 640
2026-05-15 06:42:02 Handler State: DECIDE_CART (3) -> CHECK_SEC_CART (26)
2026-05-15 06:42:02 Handler State: CHECK_SEC_CART (26) -> PROBE_CART (24)
2026-05-15 06:42:02 CartMove: Exchange 1, from 103
2026-05-15 06:42:02 CartMoveState: IDLE (1) -> FROM_MOVE (3)
2026-05-15 06:42:02 CartMoveState: FROM_MOVE (3) -> FROM_PROBE (19)
2026-05-15 06:42:04 Handler State: PROBE_CART (24) -> PROCESS_CART (6)
2026-05-15 06:42:04 Setting CBS color valve (FillIFS): 1
2026-05-15 06:42:05 Primed volume (FillIFS): 1.16546
2026-05-15 06:42:05 Re-Calculated Filling Volume: 640
2026-05-15 06:42:05 Setting CBS color valve (FillCart): 1
2026-05-15 06:42:29 Handler State: PROCESS_CART (6) -> EXCHANGE_ONE (7)
2026-05-15 06:42:29 CartMove: Exchange 1, from 103
2026-05-15 06:42:29 CartMoveState: FROM_PROBE (19) -> FROM_CART (4)
2026-05-15 06:42:35 Setting CBS color valve (Finished): 0
2026-05-15 06:42:36 CartMoveState: FROM_CART (4) -> TO_MOVE (10)
2026-05-15 06:42:38 CartMoveState: TO_MOVE (10) -> EXCH_1_WAIT (14)
2026-05-15 06:42:38 Handler State: EXCHANGE_ONE (7) -> START_DCU (8)
2026-05-15 06:42:38 Handler State: START_DCU (8) -> EXCHANGE_TWO (9)
2026-05-15 06:42:38 CartMove: Exchange 2
2026-05-15 06:42:38 CartMoveState: EXCH_1_WAIT (14) -> EXCH_1_CART (15)
2026-05-15 06:42:41 CartMoveState: EXCH_1_CART (15) -> EXCH_2_MOVE (16)
2026-05-15 06:42:42 CartMoveState: EXCH_2_MOVE (16) -> EXCH_2_CART (17)
2026-05-15 06:42:44 CartMoveState: EXCH_2_CART (17) -> STORE_DECIDE (18)
2026-05-15 06:42:44 Used volume for last job: 0
2026-05-15 06:42:44 Handler State: EXCHANGE_TWO (9) -> WAIT_FOR_DCU (10)
2026-05-15 06:42:46 Handler State: WAIT_FOR_DCU (10) -> EXCHANGE_THREE (11)
2026-05-15 06:42:46 CartMove: Exchange 3
2026-05-15 06:42:46 CartMoveState: STORE_DECIDE (18) -> AUX_DECIDE (5)
2026-05-15 06:42:46 CartMoveState: AUX_DECIDE (5) -> TO_MOVE (10)
2026-05-15 06:42:46 CartMoveState: TO_MOVE (10) -> TO_CART (11)
2026-05-15 06:42:49 CartMoveState: TO_CART (11) -> HOME_MOVE (12)
2026-05-15 06:42:50 CartMoveState: HOME_MOVE (12) -> HALT (13)
2026-05-15 06:42:50 CartMoveState: HALT (13) -> IDLE (1)
2026-05-15 06:42:50 Handler State: EXCHANGE_THREE (11) -> POST_PROCESS (12)
2026-05-15 06:42:50 Handler State: POST_PROCESS (12) -> MOVE_ARM_HOME (14)
2026-05-15 06:42:51 Handler State: MOVE_ARM_HOME (14) -> HANDLER_IDLE (1)
2026-05-15 06:43:50 Handler State: HANDLER_IDLE (1) -> HANDLER_START (2)
2026-05-15 06:43:50 Handler State: HANDLER_START (2) -> DECIDE_CART (3)
2026-05-15 06:43:50 Selection: IFS has correct material and its cartridge has correct material.
2026-05-15 06:43:50 Selected Primary Cartridge: 5
2026-05-15 06:43:50 Selected Primary Station: 103
2026-05-15 06:43:50 Selected Secondary Cartridge: 0
2026-05-15 06:43:50 Selected Secondary Station: 0
2026-05-15 06:43:50 Selected Filling Volume: 640
2026-05-15 06:43:50 Handler State: DECIDE_CART (3) -> CHECK_SEC_CART (26)
2026-05-15 06:43:51 Handler State: CHECK_SEC_CART (26) -> PROBE_CART (24)
2026-05-15 06:43:51 CartMove: Exchange 1, from 103
2026-05-15 06:43:51 CartMoveState: IDLE (1) -> FROM_MOVE (3)
2026-05-15 06:43:51 CartMoveState: FROM_MOVE (3) -> FROM_PROBE (19)
2026-05-15 06:43:52 Handler State: PROBE_CART (24) -> PROCESS_CART (6)
2026-05-15 06:44:24 Setting CBS color valve (FillGate): 1
2026-05-15 06:44:25 Primed volume (FillGate): 1.62633
2026-05-15 06:44:25 Re-Calculated Filling Volume: 640
2026-05-15 06:44:25 Setting CBS color valve (FillCart): 1
2026-05-15 06:44:48 Handler State: PROCESS_CART (6) -> EXCHANGE_ONE (7)
2026-05-15 06:44:48 CartMove: Exchange 1, from 103
2026-05-15 06:44:48 CartMoveState: FROM_PROBE (19) -> FROM_CART (4)
2026-05-15 06:44:54 Setting CBS color valve (Finished): 0
2026-05-15 06:44:55 CartMoveState: FROM_CART (4) -> TO_MOVE (10)
2026-05-15 06:44:57 CartMoveState: TO_MOVE (10) -> EXCH_1_WAIT (14)
2026-05-15 06:44:57 Handler State: EXCHANGE_ONE (7) -> START_DCU (8)
2026-05-15 06:44:57 Handler State: START_DCU (8) -> EXCHANGE_TWO (9)
2026-05-15 06:44:57 CartMove: Exchange 2
2026-05-15 06:44:57 CartMoveState: EXCH_1_WAIT (14) -> EXCH_1_CART (15)
2026-05-15 06:45:00 CartMoveState: EXCH_1_CART (15) -> EXCH_2_MOVE (16)
2026-05-15 06:45:01 CartMoveState: EXCH_2_MOVE (16) -> EXCH_2_CART (17)
2026-05-15 06:45:03 CartMoveState: EXCH_2_CART (17) -> STORE_DECIDE (18)
2026-05-15 06:45:03 Used volume for last job: 0
2026-05-15 06:45:03 Handler State: EXCHANGE_TWO (9) -> WAIT_FOR_DCU (10)
2026-05-15 06:45:05 Handler State: WAIT_FOR_DCU (10) -> EXCHANGE_THREE (11)
2026-05-15 06:45:05 CartMove: Exchange 3
2026-05-15 06:45:05 CartMoveState: STORE_DECIDE (18) -> AUX_DECIDE (5)
2026-05-15 06:45:05 CartMoveState: AUX_DECIDE (5) -> TO_MOVE (10)
2026-05-15 06:45:06 CartMoveState: TO_MOVE (10) -> TO_CART (11)
2026-05-15 06:45:08 CartMoveState: TO_CART (11) -> HOME_MOVE (12)
2026-05-15 06:45:09 CartMoveState: HOME_MOVE (12) -> HALT (13)
2026-05-15 06:45:09 CartMoveState: HALT (13) -> IDLE (1)
2026-05-15 06:45:09 Handler State: EXCHANGE_THREE (11) -> POST_PROCESS (12)
2026-05-15 06:45:09 Handler State: POST_PROCESS (12) -> MOVE_ARM_HOME (14)
2026-05-15 06:45:10 Handler State: MOVE_ARM_HOME (14) -> HANDLER_IDLE (1)
2026-05-15 06:45:27 Handler State: HANDLER_IDLE (1) -> HANDLER_START (2)
2026-05-15 06:45:27 Handler State: HANDLER_START (2) -> DECIDE_CART (3)
2026-05-15 06:45:27 Selection: IFS is clean and its cartridge is cleaned.
2026-05-15 06:45:27 Selected Primary Cartridge: 6
2026-05-15 06:45:27 Selected Primary Station: 104
2026-05-15 06:45:27 Selected Secondary Cartridge: 0
2026-05-15 06:45:27 Selected Secondary Station: 0
2026-05-15 06:45:27 Selected Filling Volume: 453
2026-05-15 06:45:27 Handler State: DECIDE_CART (3) -> CHECK_SEC_CART (26)
2026-05-15 06:45:27 Handler State: CHECK_SEC_CART (26) -> PROBE_CART (24)
2026-05-15 06:45:27 CartMove: Exchange 1, from 104
2026-05-15 06:45:27 CartMoveState: IDLE (1) -> FROM_MOVE (3)
2026-05-15 06:45:28 CartMoveState: FROM_MOVE (3) -> FROM_PROBE (19)
2026-05-15 06:45:30 Handler State: PROBE_CART (24) -> PROCESS_CART (6)
2026-05-15 06:45:30 Setting CBS color valve (FillIFS): 1
2026-05-15 06:45:32 Primed volume (FillIFS): 0.456269
2026-05-15 06:45:32 Re-Calculated Filling Volume: 453
2026-05-15 06:45:32 Setting CBS color valve (FillCart): 1
2026-05-15 06:45:49 Handler State: PROCESS_CART (6) -> EXCHANGE_ONE (7)
2026-05-15 06:45:49 CartMove: Exchange 1, from 104
2026-05-15 06:45:49 CartMoveState: FROM_PROBE (19) -> FROM_CART (4)
2026-05-15 06:45:55 Setting CBS color valve (Finished): 0
2026-05-15 06:45:56 CartMoveState: FROM_CART (4) -> TO_MOVE (10)
2026-05-15 06:45:58 CartMoveState: TO_MOVE (10) -> EXCH_1_WAIT (14)
2026-05-15 06:45:58 Handler State: EXCHANGE_ONE (7) -> START_DCU (8)
2026-05-15 06:46:12 Handler State: START_DCU (8) -> EXCHANGE_TWO (9)
2026-05-15 06:46:12 CartMove: Exchange 2
2026-05-15 06:46:23 CartMoveState: EXCH_1_WAIT (14) -> EXCH_1_CART (15)
2026-05-15 06:46:26 CartMoveState: EXCH_1_CART (15) -> EXCH_2_MOVE (16)
2026-05-15 06:46:26 CartMoveState: EXCH_2_MOVE (16) -> EXCH_2_CART (17)
2026-05-15 06:46:28 CartMoveState: EXCH_2_CART (17) -> STORE_DECIDE (18)
2026-05-15 06:46:28 Used volume for last job: 100.2
2026-05-15 06:46:28 Handler State: EXCHANGE_TWO (9) -> WAIT_FOR_DCU (10)
2026-05-15 06:46:30 Handler State: WAIT_FOR_DCU (10) -> EXCHANGE_THREE (11)
2026-05-15 06:46:30 CartMove: Exchange 3
2026-05-15 06:46:30 CartMoveState: STORE_DECIDE (18) -> AUX_DECIDE (5)
2026-05-15 06:46:30 CartMoveState: AUX_DECIDE (5) -> TO_MOVE (10)
2026-05-15 06:46:32 CartMoveState: TO_MOVE (10) -> TO_CART (11)
2026-05-15 06:46:34 CartMoveState: TO_CART (11) -> HOME_MOVE (12)
2026-05-15 06:46:36 CartMoveState: HOME_MOVE (12) -> HALT (13)
2026-05-15 06:46:36 CartMoveState: HALT (13) -> IDLE (1)
2026-05-15 06:46:36 Handler State: EXCHANGE_THREE (11) -> POST_PROCESS (12)
2026-05-15 06:46:36 Handler State: POST_PROCESS (12) -> MOVE_ARM_HOME (14)
2026-05-15 06:46:36 Handler State: MOVE_ARM_HOME (14) -> HANDLER_IDLE (1)
2026-05-15 06:50:43 Handler State: HANDLER_IDLE (1) -> HANDLER_START (2)
2026-05-15 06:50:44 Handler State: HANDLER_START (2) -> DECIDE_CART (3)
2026-05-15 06:50:44 Selection: IFS has correct material.
2026-05-15 06:50:44 Selection: Cartridge has correct material.
2026-05-15 06:50:44 Selected Primary Cartridge: 3
2026-05-15 06:50:44 Selected Primary Station: 104
2026-05-15 06:50:44 Selected Secondary Cartridge: 0
2026-05-15 06:50:44 Selected Secondary Station: 0
2026-05-15 06:50:44 Selected Filling Volume: 477
2026-05-15 06:50:44 Handler State: DECIDE_CART (3) -> PLACE_CART (5)
2026-05-15 06:50:44 CartMove: Move, from 107 to 104
2026-05-15 06:50:44 CartMoveState: IDLE (1) -> FROM_MOVE (3)
2026-05-15 06:50:46 CartMoveState: FROM_MOVE (3) -> FROM_CART (4)
2026-05-15 06:50:48 CartMoveState: FROM_CART (4) -> AUX_DECIDE (5)
2026-05-15 06:50:48 CartMoveState: AUX_DECIDE (5) -> TO_MOVE (10)
2026-05-15 06:50:50 CartMoveState: TO_MOVE (10) -> TO_CART (11)
2026-05-15 06:50:52 CartMoveState: TO_CART (11) -> HOME_MOVE (12)
2026-05-15 06:50:53 CartMoveState: HOME_MOVE (12) -> HALT (13)
2026-05-15 06:50:53 CartMoveState: HALT (13) -> IDLE (1)
2026-05-15 06:50:53 Handler State: PLACE_CART (5) -> CHECK_SEC_CART (26)
2026-05-15 06:50:53 Handler State: CHECK_SEC_CART (26) -> PROBE_CART (24)
2026-05-15 06:50:53 CartMove: Exchange 1, from 104
2026-05-15 06:50:53 CartMoveState: IDLE (1) -> FROM_MOVE (3)
2026-05-15 06:50:54 CartMoveState: FROM_MOVE (3) -> FROM_PROBE (19)
2026-05-15 06:50:56 Handler State: PROBE_CART (24) -> PROCESS_CART (6)
2026-05-15 06:51:27 Setting CBS color valve (FillGate): 1
2026-05-15 06:51:29 Primed volume (FillGate): 2.06403
2026-05-15 06:51:29 Re-Calculated Filling Volume: 477
2026-05-15 06:51:29 Setting CBS color valve (FillCart): 1
2026-05-15 06:51:49 Handler State: PROCESS_CART (6) -> EXCHANGE_ONE (7)
2026-05-15 06:51:49 CartMove: Exchange 1, from 104
2026-05-15 06:51:49 CartMoveState: FROM_PROBE (19) -> FROM_CART (4)
2026-05-15 06:51:55 Setting CBS color valve (Finished): 0
2026-05-15 06:51:57 CartMoveState: FROM_CART (4) -> TO_MOVE (10)
2026-05-15 06:51:58 CartMoveState: TO_MOVE (10) -> EXCH_1_WAIT (14)
2026-05-15 06:51:58 Handler State: EXCHANGE_ONE (7) -> START_DCU (8)
2026-05-15 06:52:29 Handler State: START_DCU (8) -> EXCHANGE_TWO (9)
2026-05-15 06:52:29 CartMove: Exchange 2
2026-05-15 06:52:30 CartMoveState: EXCH_1_WAIT (14) -> EXCH_1_CART (15)
2026-05-15 06:52:33 CartMoveState: EXCH_1_CART (15) -> EXCH_2_MOVE (16)
2026-05-15 06:52:34 CartMoveState: EXCH_2_MOVE (16) -> EXCH_2_CART (17)
2026-05-15 06:52:36 CartMoveState: EXCH_2_CART (17) -> STORE_DECIDE (18)
2026-05-15 06:52:36 Used volume for last job: 0
2026-05-15 06:52:36 Handler State: EXCHANGE_TWO (9) -> WAIT_FOR_DCU (10)
2026-05-15 06:52:38 Handler State: WAIT_FOR_DCU (10) -> EXCHANGE_THREE (11)
2026-05-15 06:52:38 CartMove: Exchange 3
2026-05-15 06:52:38 CartMoveState: STORE_DECIDE (18) -> AUX_DECIDE (5)
2026-05-15 06:52:38 CartMoveState: AUX_DECIDE (5) -> TO_MOVE (10)
2026-05-15 06:52:38 CartMoveState: TO_MOVE (10) -> TO_CART (11)
2026-05-15 06:52:41 CartMoveState: TO_CART (11) -> HOME_MOVE (12)
2026-05-15 06:52:42 CartMoveState: HOME_MOVE (12) -> HALT (13)
2026-05-15 06:52:42 CartMoveState: HALT (13) -> IDLE (1)
2026-05-15 06:52:42 Handler State: EXCHANGE_THREE (11) -> POST_PROCESS (12)
2026-05-15 06:52:42 Handler State: POST_PROCESS (12) -> MOVE_ARM_HOME (14)
2026-05-15 06:52:42 Handler State: MOVE_ARM_HOME (14) -> HANDLER_IDLE (1)
2026-05-15 06:57:39 Handler State: HANDLER_IDLE (1) -> SEMI_START (15)
2026-05-15 06:57:39 Handler State: SEMI_START (15) -> SEMI_PROBE_CART (25)
2026-05-15 06:57:43 Handler State: SEMI_PROBE_CART (25) -> SEMI_PROCESS (16)
2026-05-15 06:58:19 Re-Calculated Filling Volume: 0
2026-05-15 06:58:26 Setting CBS color valve (Finished): 0
2026-05-15 06:58:26 Handler State: SEMI_PROCESS (16) -> SEMI_WHAT_NEXT (21)
2026-05-15 06:58:26 Handler State: SEMI_WHAT_NEXT (21) -> SEMI_FINISHED (23)
2026-05-15 06:58:26 Handler State: SEMI_FINISHED (23) -> HANDLER_IDLE (1)
2026-05-15 07:10:22 Handler State: HANDLER_IDLE (1) -> HANDLER_START (2)
2026-05-15 07:10:23 Handler State: HANDLER_START (2) -> DECIDE_CART (3)
2026-05-15 07:10:23 Selection: IFS is clean and its cartridge is cleaned.
2026-05-15 07:10:23 Selected Primary Cartridge: 4
2026-05-15 07:10:23 Selected Primary Station: 102
2026-05-15 07:10:23 Selected Secondary Cartridge: 0
2026-05-15 07:10:23 Selected Secondary Station: 0
2026-05-15 07:10:23 Selected Filling Volume: 640
2026-05-15 07:10:23 Handler State: DECIDE_CART (3) -> CHECK_SEC_CART (26)
2026-05-15 07:10:23 Handler State: CHECK_SEC_CART (26) -> PROBE_CART (24)
2026-05-15 07:10:23 CartMove: Exchange 1, from 102
2026-05-15 07:10:23 CartMoveState: IDLE (1) -> FROM_MOVE (3)
2026-05-15 07:10:24 CartMoveState: FROM_MOVE (3) -> FROM_PROBE (19)
2026-05-15 07:10:26 Handler State: PROBE_CART (24) -> PROCESS_CART (6)
2026-05-15 07:10:26 Setting CBS color valve (FillIFS): 1
2026-05-15 07:10:27 Primed volume (FillIFS): 1.09044
2026-05-15 07:10:28 Re-Calculated Filling Volume: 640
2026-05-15 07:10:28 Setting CBS color valve (FillCart): 1
2026-05-15 07:10:52 Handler State: PROCESS_CART (6) -> EXCHANGE_ONE (7)
2026-05-15 07:10:52 CartMove: Exchange 1, from 102
2026-05-15 07:10:52 CartMoveState: FROM_PROBE (19) -> FROM_CART (4)
2026-05-15 07:10:59 Setting CBS color valve (Finished): 0
2026-05-15 07:11:01 CartMoveState: FROM_CART (4) -> TO_MOVE (10)
2026-05-15 07:11:02 CartMoveState: TO_MOVE (10) -> EXCH_1_WAIT (14)
2026-05-15 07:11:02 Handler State: EXCHANGE_ONE (7) -> START_DCU (8)
2026-05-15 07:11:02 Handler State: START_DCU (8) -> EXCHANGE_TWO (9)
2026-05-15 07:11:02 CartMove: Exchange 2
2026-05-15 07:11:02 CartMoveState: EXCH_1_WAIT (14) -> EXCH_1_CART (15)
2026-05-15 07:11:05 CartMoveState: EXCH_1_CART (15) -> EXCH_2_MOVE (16)
2026-05-15 07:11:06 CartMoveState: EXCH_2_MOVE (16) -> EXCH_2_CART (17)
2026-05-15 07:11:08 CartMoveState: EXCH_2_CART (17) -> STORE_DECIDE (18)
2026-05-15 07:11:08 Used volume for last job: 421.21
2026-05-15 07:11:08 Handler State: EXCHANGE_TWO (9) -> WAIT_FOR_DCU (10)
2026-05-15 07:11:09 Handler State: WAIT_FOR_DCU (10) -> EXCHANGE_THREE (11)
2026-05-15 07:11:10 CartMove: Exchange 3
2026-05-15 07:11:10 CartMoveState: STORE_DECIDE (18) -> AUX_DECIDE (5)
2026-05-15 07:11:10 CartMoveState: AUX_DECIDE (5) -> TO_MOVE (10)
2026-05-15 07:11:11 CartMoveState: TO_MOVE (10) -> TO_CART (11)
2026-05-15 07:11:14 CartMoveState: TO_CART (11) -> HOME_MOVE (12)
2026-05-15 07:11:15 CartMoveState: HOME_MOVE (12) -> HALT (13)
2026-05-15 07:11:15 CartMoveState: HALT (13) -> IDLE (1)
2026-05-15 07:11:15 Handler State: EXCHANGE_THREE (11) -> POST_PROCESS (12)
2026-05-15 07:11:15 Handler State: POST_PROCESS (12) -> MOVE_ARM_HOME (14)
2026-05-15 07:11:15 Handler State: MOVE_ARM_HOME (14) -> HANDLER_IDLE (1)
2026-05-15 07:14:47 Handler State: HANDLER_IDLE (1) -> HANDLER_START (2)
2026-05-15 07:14:48 Handler State: HANDLER_START (2) -> DECIDE_CART (3)
2026-05-15 07:14:48 Selection: IFS has correct material.
2026-05-15 07:14:48 Selection: Cartridge has correct material.
2026-05-15 07:14:48 Selected Primary Cartridge: 1
2026-05-15 07:14:48 Selected Primary Station: 102
2026-05-15 07:14:48 Selected Secondary Cartridge: 0
2026-05-15 07:14:48 Selected Secondary Station: 0
2026-05-15 07:14:48 Selected Filling Volume: 640
2026-05-15 07:14:48 Handler State: DECIDE_CART (3) -> PLACE_CART (5)
2026-05-15 07:14:48 CartMove: Move, from 105 to 102
2026-05-15 07:14:48 CartMoveState: IDLE (1) -> FROM_MOVE (3)
2026-05-15 07:14:49 CartMoveState: FROM_MOVE (3) -> FROM_CART (4)
2026-05-15 07:14:52 CartMoveState: FROM_CART (4) -> AUX_DECIDE (5)
2026-05-15 07:14:52 CartMoveState: AUX_DECIDE (5) -> TO_MOVE (10)
2026-05-15 07:14:54 CartMoveState: TO_MOVE (10) -> TO_CART (11)
2026-05-15 07:14:56 CartMoveState: TO_CART (11) -> HOME_MOVE (12)
2026-05-15 07:14:57 CartMoveState: HOME_MOVE (12) -> HALT (13)
2026-05-15 07:14:57 CartMoveState: HALT (13) -> IDLE (1)
2026-05-15 07:14:57 Handler State: PLACE_CART (5) -> CHECK_SEC_CART (26)
2026-05-15 07:14:57 Handler State: CHECK_SEC_CART (26) -> PROBE_CART (24)
2026-05-15 07:14:57 CartMove: Exchange 1, from 102
2026-05-15 07:14:57 CartMoveState: IDLE (1) -> FROM_MOVE (3)
2026-05-15 07:14:58 CartMoveState: FROM_MOVE (3) -> FROM_PROBE (19)
2026-05-15 07:14:59 Handler State: PROBE_CART (24) -> PROCESS_CART (6)
2026-05-15 07:15:42 Setting CBS color valve (FillGate): 1
2026-05-15 07:15:43 Primed volume (FillGate): 1.32714
2026-05-15 07:15:43 Re-Calculated Filling Volume: 640
2026-05-15 07:15:43 Setting CBS color valve (FillCart): 1
2026-05-15 07:16:06 Handler State: PROCESS_CART (6) -> EXCHANGE_ONE (7)
2026-05-15 07:16:06 CartMove: Exchange 1, from 102
2026-05-15 07:16:06 CartMoveState: FROM_PROBE (19) -> FROM_CART (4)
2026-05-15 07:16:13 Setting CBS color valve (Finished): 0
2026-05-15 07:16:15 CartMoveState: FROM_CART (4) -> TO_MOVE (10)
2026-05-15 07:16:16 CartMoveState: TO_MOVE (10) -> EXCH_1_WAIT (14)
2026-05-15 07:16:16 Handler State: EXCHANGE_ONE (7) -> START_DCU (8)
2026-05-15 07:17:15 Handler State: START_DCU (8) -> EXCHANGE_TWO (9)
2026-05-15 07:17:15 CartMove: Exchange 2
2026-05-15 07:17:16 CartMoveState: EXCH_1_WAIT (14) -> EXCH_1_CART (15)
2026-05-15 07:17:19 CartMoveState: EXCH_1_CART (15) -> EXCH_2_MOVE (16)
2026-05-15 07:17:20 CartMoveState: EXCH_2_MOVE (16) -> EXCH_2_CART (17)
2026-05-15 07:17:22 CartMoveState: EXCH_2_CART (17) -> STORE_DECIDE (18)
2026-05-15 07:17:22 Used volume for last job: 0
2026-05-15 07:17:22 Handler State: EXCHANGE_TWO (9) -> WAIT_FOR_DCU (10)
2026-05-15 07:17:24 Handler State: WAIT_FOR_DCU (10) -> EXCHANGE_THREE (11)
2026-05-15 07:17:24 CartMove: Exchange 3
2026-05-15 07:17:24 CartMoveState: STORE_DECIDE (18) -> AUX_DECIDE (5)
2026-05-15 07:17:24 CartMoveState: AUX_DECIDE (5) -> TO_MOVE (10)
2026-05-15 07:17:24 CartMoveState: TO_MOVE (10) -> TO_CART (11)
2026-05-15 07:17:26 CartMoveState: TO_CART (11) -> HOME_MOVE (12)
2026-05-15 07:17:26 CartMoveState: HOME_MOVE (12) -> HALT (13)
2026-05-15 07:17:26 CartMoveState: HALT (13) -> IDLE (1)
2026-05-15 07:17:26 Handler State: EXCHANGE_THREE (11) -> POST_PROCESS (12)
2026-05-15 07:17:26 Handler State: POST_PROCESS (12) -> MOVE_ARM_HOME (14)
2026-05-15 07:17:28 Handler State: MOVE_ARM_HOME (14) -> HANDLER_IDLE (1)
2026-05-15 07:17:33 Handler State: HANDLER_IDLE (1) -> HANDLER_START (2)
2026-05-15 07:17:34 Handler State: HANDLER_START (2) -> DECIDE_CART (3)
2026-05-15 07:17:34 Selection: Last resort, just pick the first IFS.
2026-05-15 07:17:34 Selection: Last resort, just pick the first cartridge.
2026-05-15 07:17:34 Selected Primary Cartridge: 4
2026-05-15 07:17:34 Selected Primary Station: 102
2026-05-15 07:17:34 Selected Secondary Cartridge: 0
2026-05-15 07:17:34 Selected Secondary Station: 0
2026-05-15 07:17:34 Selected Filling Volume: 359
2026-05-15 07:17:34 Handler State: DECIDE_CART (3) -> CHECK_SEC_CART (26)
2026-05-15 07:17:34 Handler State: CHECK_SEC_CART (26) -> PROBE_CART (24)
2026-05-15 07:17:34 CartMove: Exchange 1, from 102
2026-05-15 07:17:34 CartMoveState: IDLE (1) -> FROM_MOVE (3)
2026-05-15 07:17:35 CartMoveState: FROM_MOVE (3) -> FROM_PROBE (19)
2026-05-15 07:17:37 Handler State: PROBE_CART (24) -> PROCESS_CART (6)
2026-05-15 07:18:43 Setting CBS color valve (FillIFS): 2
2026-05-15 07:18:44 Primed volume (FillIFS): 4.79283
2026-05-15 07:18:44 Re-Calculated Filling Volume: 359
2026-05-15 07:18:44 Setting CBS color valve (FillCart): 2
2026-05-15 07:19:01 Handler State: PROCESS_CART (6) -> EXCHANGE_ONE (7)
2026-05-15 07:19:01 CartMove: Exchange 1, from 102
2026-05-15 07:19:01 CartMoveState: FROM_PROBE (19) -> FROM_CART (4)
2026-05-15 07:19:08 Setting CBS color valve (Finished): 0
2026-05-15 07:19:10 CartMoveState: FROM_CART (4) -> TO_MOVE (10)
2026-05-15 07:19:11 CartMoveState: TO_MOVE (10) -> EXCH_1_WAIT (14)
2026-05-15 07:19:11 Handler State: EXCHANGE_ONE (7) -> START_DCU (8)
2026-05-15 07:19:14 Handler State: START_DCU (8) -> EXCHANGE_TWO (9)
2026-05-15 07:19:15 CartMove: Exchange 2
2026-05-15 07:19:25 CartMoveState: EXCH_1_WAIT (14) -> EXCH_1_CART (15)
2026-05-15 07:19:28 CartMoveState: EXCH_1_CART (15) -> EXCH_2_MOVE (16)
2026-05-15 07:19:29 CartMoveState: EXCH_2_MOVE (16) -> EXCH_2_CART (17)
2026-05-15 07:19:31 CartMoveState: EXCH_2_CART (17) -> STORE_DECIDE (18)
2026-05-15 07:19:31 Used volume for last job: 197.226
2026-05-15 07:19:31 Handler State: EXCHANGE_TWO (9) -> WAIT_FOR_DCU (10)
2026-05-15 07:19:33 Handler State: WAIT_FOR_DCU (10) -> EXCHANGE_THREE (11)
2026-05-15 07:19:33 CartMove: Exchange 3
2026-05-15 07:19:33 CartMoveState: STORE_DECIDE (18) -> AUX_DECIDE (5)
2026-05-15 07:19:33 CartMoveState: AUX_DECIDE (5) -> TO_MOVE (10)
2026-05-15 07:19:33 CartMoveState: TO_MOVE (10) -> TO_CART (11)
2026-05-15 07:19:35 CartMoveState: TO_CART (11) -> HOME_MOVE (12)
2026-05-15 07:19:35 CartMoveState: HOME_MOVE (12) -> HALT (13)
2026-05-15 07:19:35 CartMoveState: HALT (13) -> IDLE (1)
2026-05-15 07:19:35 Handler State: EXCHANGE_THREE (11) -> POST_PROCESS (12)
2026-05-15 07:19:35 Handler State: POST_PROCESS (12) -> MOVE_ARM_HOME (14)
2026-05-15 07:19:36 Handler State: MOVE_ARM_HOME (14) -> HANDLER_IDLE (1)
2026-05-15 07:20:25 Handler State: HANDLER_IDLE (1) -> HANDLER_START (2)
2026-05-15 07:20:27 Handler State: HANDLER_START (2) -> DECIDE_CART (3)
2026-05-15 07:20:27 Selection: IFS has correct material.
2026-05-15 07:20:27 Selection: Last resort, just pick the first cartridge.
2026-05-15 07:20:27 Selected Primary Cartridge: 1
2026-05-15 07:20:27 Selected Primary Station: 102
2026-05-15 07:20:27 Selected Secondary Cartridge: 0
2026-05-15 07:20:27 Selected Secondary Station: 0
2026-05-15 07:20:27 Selected Filling Volume: 306
2026-05-15 07:20:27 Handler State: DECIDE_CART (3) -> CHECK_SEC_CART (26)
2026-05-15 07:20:27 Handler State: CHECK_SEC_CART (26) -> PROBE_CART (24)
2026-05-15 07:20:27 CartMove: Exchange 1, from 102
2026-05-15 07:20:27 CartMoveState: IDLE (1) -> FROM_MOVE (3)
2026-05-15 07:20:27 CartMoveState: FROM_MOVE (3) -> FROM_PROBE (19)
2026-05-15 07:20:29 Handler State: PROBE_CART (24) -> PROCESS_CART (6)
2026-05-15 07:21:56 Setting CBS color valve (FillGate): 2
2026-05-15 07:21:57 Primed volume (FillGate): 1.8569
2026-05-15 07:21:57 Re-Calculated Filling Volume: 306
2026-05-15 07:21:57 Setting CBS color valve (FillCart): 2
2026-05-15 07:22:13 Handler State: PROCESS_CART (6) -> EXCHANGE_ONE (7)
2026-05-15 07:22:13 CartMove: Exchange 1, from 102
2026-05-15 07:22:13 CartMoveState: FROM_PROBE (19) -> FROM_CART (4)
2026-05-15 07:22:20 Setting CBS color valve (Finished): 0
2026-05-15 07:22:22 CartMoveState: FROM_CART (4) -> TO_MOVE (10)
2026-05-15 07:22:23 CartMoveState: TO_MOVE (10) -> EXCH_1_WAIT (14)
2026-05-15 07:22:23 Handler State: EXCHANGE_ONE (7) -> START_DCU (8)
2026-05-15 07:22:23 Handler State: START_DCU (8) -> EXCHANGE_TWO (9)
2026-05-15 07:22:23 CartMove: Exchange 2
2026-05-15 07:22:23 CartMoveState: EXCH_1_WAIT (14) -> EXCH_1_CART (15)
2026-05-15 07:22:26 CartMoveState: EXCH_1_CART (15) -> EXCH_2_MOVE (16)
2026-05-15 07:22:27 CartMoveState: EXCH_2_MOVE (16) -> EXCH_2_CART (17)
2026-05-15 07:22:29 CartMoveState: EXCH_2_CART (17) -> STORE_DECIDE (18)
2026-05-15 07:22:29 Used volume for last job: 0
2026-05-15 07:22:29 Handler State: EXCHANGE_TWO (9) -> WAIT_FOR_DCU (10)
2026-05-15 07:22:31 Handler State: WAIT_FOR_DCU (10) -> EXCHANGE_THREE (11)
2026-05-15 07:22:31 CartMove: Exchange 3
2026-05-15 07:22:31 CartMoveState: STORE_DECIDE (18) -> AUX_DECIDE (5)
2026-05-15 07:22:31 CartMoveState: AUX_DECIDE (5) -> TO_MOVE (10)
2026-05-15 07:22:31 CartMoveState: TO_MOVE (10) -> TO_CART (11)
2026-05-15 07:22:34 CartMoveState: TO_CART (11) -> HOME_MOVE (12)
2026-05-15 07:22:34 CartMoveState: HOME_MOVE (12) -> HALT (13)
2026-05-15 07:22:34 CartMoveState: HALT (13) -> IDLE (1)
2026-05-15 07:22:34 Handler State: EXCHANGE_THREE (11) -> POST_PROCESS (12)
2026-05-15 07:22:34 Handler State: POST_PROCESS (12) -> MOVE_ARM_HOME (14)
2026-05-15 07:22:34 Handler State: MOVE_ARM_HOME (14) -> HANDLER_IDLE (1)
2026-05-15 07:22:41 Handler State: HANDLER_IDLE (1) -> HANDLER_START (2)
2026-05-15 07:22:42 Handler State: HANDLER_START (2) -> DECIDE_CART (3)
2026-05-15 07:22:42 Selection: IFS has correct material and its cartridge has correct material.
2026-05-15 07:22:42 Selected Primary Cartridge: 6
2026-05-15 07:22:42 Selected Primary Station: 104
2026-05-15 07:22:42 Selected Secondary Cartridge: 0
2026-05-15 07:22:42 Selected Secondary Station: 0
2026-05-15 07:22:42 Selected Filling Volume: 640
2026-05-15 07:22:42 Handler State: DECIDE_CART (3) -> CHECK_SEC_CART (26)
2026-05-15 07:22:42 Handler State: CHECK_SEC_CART (26) -> PROBE_CART (24)
2026-05-15 07:22:42 CartMove: Exchange 1, from 104
2026-05-15 07:22:42 CartMoveState: IDLE (1) -> FROM_MOVE (3)
2026-05-15 07:22:43 CartMoveState: FROM_MOVE (3) -> FROM_PROBE (19)
2026-05-15 07:22:44 Handler State: PROBE_CART (24) -> PROCESS_CART (6)
2026-05-15 07:23:20 Setting CBS color valve (FillGate): 1
2026-05-15 07:23:21 Primed volume (FillGate): 1.81458
2026-05-15 07:23:21 Re-Calculated Filling Volume: 640
2026-05-15 07:23:21 Setting CBS color valve (FillCart): 1
2026-05-15 07:23:47 Handler State: PROCESS_CART (6) -> EXCHANGE_ONE (7)
2026-05-15 07:23:47 CartMove: Exchange 1, from 104
2026-05-15 07:23:47 CartMoveState: FROM_PROBE (19) -> FROM_CART (4)
2026-05-15 07:23:52 Setting CBS color valve (Finished): 0
2026-05-15 07:23:54 CartMoveState: FROM_CART (4) -> TO_MOVE (10)
2026-05-15 07:23:55 CartMoveState: TO_MOVE (10) -> EXCH_1_WAIT (14)
2026-05-15 07:23:55 Handler State: EXCHANGE_ONE (7) -> START_DCU (8)
2026-05-15 07:24:04 Handler State: START_DCU (8) -> EXCHANGE_TWO (9)
2026-05-15 07:24:04 CartMove: Exchange 2
2026-05-15 07:24:15 CartMoveState: EXCH_1_WAIT (14) -> EXCH_1_CART (15)
2026-05-15 07:24:17 CartMoveState: EXCH_1_CART (15) -> EXCH_2_MOVE (16)
2026-05-15 07:24:18 CartMoveState: EXCH_2_MOVE (16) -> EXCH_2_CART (17)
2026-05-15 07:24:20 CartMoveState: EXCH_2_CART (17) -> STORE_DECIDE (18)
2026-05-15 07:24:20 Used volume for last job: 256.135
2026-05-15 07:24:20 Handler State: EXCHANGE_TWO (9) -> WAIT_FOR_DCU (10)
2026-05-15 07:24:22 Handler State: WAIT_FOR_DCU (10) -> EXCHANGE_THREE (11)
2026-05-15 07:24:22 CartMove: Exchange 3
2026-05-15 07:24:22 CartMoveState: STORE_DECIDE (18) -> AUX_DECIDE (5)
2026-05-15 07:24:22 CartMoveState: AUX_DECIDE (5) -> TO_MOVE (10)
2026-05-15 07:24:23 CartMoveState: TO_MOVE (10) -> TO_CART (11)
2026-05-15 07:24:25 CartMoveState: TO_CART (11) -> HOME_MOVE (12)
2026-05-15 07:24:27 CartMoveState: HOME_MOVE (12) -> HALT (13)
2026-05-15 07:24:27 CartMoveState: HALT (13) -> IDLE (1)
2026-05-15 07:24:27 Handler State: EXCHANGE_THREE (11) -> POST_PROCESS (12)
2026-05-15 07:24:27 Handler State: POST_PROCESS (12) -> MOVE_ARM_HOME (14)
2026-05-15 07:24:27 Handler State: MOVE_ARM_HOME (14) -> HANDLER_IDLE (1)
2026-05-15 07:26:45 Handler State: HANDLER_IDLE (1) -> SEMI_START (15)
2026-05-15 07:26:45 Handler State: SEMI_START (15) -> SEMI_PROBE_CART (25)
2026-05-15 07:26:49 Handler State: SEMI_PROBE_CART (25) -> SEMI_PROCESS (16)
2026-05-15 07:27:30 Re-Calculated Filling Volume: 0
2026-05-15 07:27:36 Setting CBS color valve (Finished): 0
2026-05-15 07:27:36 Handler State: SEMI_PROCESS (16) -> SEMI_WHAT_NEXT (21)
2026-05-15 07:27:36 Handler State: SEMI_WHAT_NEXT (21) -> SEMI_FINISHED (23)
2026-05-15 07:27:37 Handler State: SEMI_FINISHED (23) -> HANDLER_IDLE (1)
2026-05-15 07:34:26 Handler State: HANDLER_IDLE (1) -> HANDLER_START (2)
2026-05-15 07:34:27 Handler State: HANDLER_START (2) -> DECIDE_CART (3)
2026-05-15 07:34:27 Selection: IFS is clean and its cartridge is cleaned.
2026-05-15 07:34:27 Selected Primary Cartridge: 4
2026-05-15 07:34:27 Selected Primary Station: 102
2026-05-15 07:34:27 Selected Secondary Cartridge: 0
2026-05-15 07:34:27 Selected Secondary Station: 0
2026-05-15 07:34:27 Selected Filling Volume: 216
2026-05-15 07:34:27 Handler State: DECIDE_CART (3) -> CHECK_SEC_CART (26)
2026-05-15 07:34:27 Handler State: CHECK_SEC_CART (26) -> PROBE_CART (24)
2026-05-15 07:34:27 CartMove: Exchange 1, from 102
2026-05-15 07:34:27 CartMoveState: IDLE (1) -> FROM_MOVE (3)
2026-05-15 07:34:28 CartMoveState: FROM_MOVE (3) -> FROM_PROBE (19)
2026-05-15 07:34:30 Handler State: PROBE_CART (24) -> PROCESS_CART (6)
2026-05-15 07:34:30 Setting CBS color valve (FillIFS): 1
2026-05-15 07:34:32 Primed volume (FillIFS): 1.86469
2026-05-15 07:34:32 Re-Calculated Filling Volume: 216
2026-05-15 07:34:32 Setting CBS color valve (FillCart): 1
2026-05-15 07:34:48 Handler State: PROCESS_CART (6) -> EXCHANGE_ONE (7)
2026-05-15 07:34:48 CartMove: Exchange 1, from 102
2026-05-15 07:34:48 CartMoveState: FROM_PROBE (19) -> FROM_CART (4)
2026-05-15 07:34:55 Setting CBS color valve (Finished): 0
2026-05-15 07:34:56 CartMoveState: FROM_CART (4) -> TO_MOVE (10)
2026-05-15 07:34:58 CartMoveState: TO_MOVE (10) -> EXCH_1_WAIT (14)
2026-05-15 07:34:58 Handler State: EXCHANGE_ONE (7) -> START_DCU (8)
2026-05-15 07:34:58 Handler State: START_DCU (8) -> EXCHANGE_TWO (9)
2026-05-15 07:34:58 CartMove: Exchange 2
2026-05-15 07:34:58 CartMoveState: EXCH_1_WAIT (14) -> EXCH_1_CART (15)
2026-05-15 07:35:01 CartMoveState: EXCH_1_CART (15) -> EXCH_2_MOVE (16)
2026-05-15 07:35:02 CartMoveState: EXCH_2_MOVE (16) -> EXCH_2_CART (17)
2026-05-15 07:35:04 CartMoveState: EXCH_2_CART (17) -> STORE_DECIDE (18)
2026-05-15 07:35:04 Used volume for last job: 443.685
2026-05-15 07:35:04 Handler State: EXCHANGE_TWO (9) -> WAIT_FOR_DCU (10)
2026-05-15 07:35:05 Handler State: WAIT_FOR_DCU (10) -> EXCHANGE_THREE (11)
2026-05-15 07:35:05 CartMove: Exchange 3
2026-05-15 07:35:05 CartMoveState: STORE_DECIDE (18) -> AUX_DECIDE (5)
2026-05-15 07:35:05 CartMoveState: AUX_DECIDE (5) -> TO_MOVE (10)
2026-05-15 07:35:07 CartMoveState: TO_MOVE (10) -> TO_CART (11)
2026-05-15 07:35:09 CartMoveState: TO_CART (11) -> HOME_MOVE (12)
2026-05-15 07:35:10 CartMoveState: HOME_MOVE (12) -> HALT (13)
2026-05-15 07:35:10 CartMoveState: HALT (13) -> IDLE (1)
2026-05-15 07:35:10 Handler State: EXCHANGE_THREE (11) -> POST_PROCESS (12)
2026-05-15 07:35:10 Handler State: POST_PROCESS (12) -> MOVE_ARM_HOME (14)
2026-05-15 07:35:10 Handler State: MOVE_ARM_HOME (14) -> HANDLER_IDLE (1)
2026-05-15 07:35:21 Handler State: HANDLER_IDLE (1) -> HANDLER_START (2)
2026-05-15 07:35:23 Handler State: HANDLER_START (2) -> DECIDE_CART (3)
2026-05-15 07:35:23 Selection: IFS has correct material.
2026-05-15 07:35:23 Selection: Last resort, just pick the first cartridge.
2026-05-15 07:35:23 Selected Primary Cartridge: 1
2026-05-15 07:35:23 Selected Primary Station: 102
2026-05-15 07:35:23 Selected Secondary Cartridge: 0
2026-05-15 07:35:23 Selected Secondary Station: 0
2026-05-15 07:35:23 Selected Filling Volume: 640
2026-05-15 07:35:23 Handler State: DECIDE_CART (3) -> PLACE_CART (5)
2026-05-15 07:35:23 CartMove: Move, from 105 to 102
2026-05-15 07:35:23 CartMoveState: IDLE (1) -> FROM_MOVE (3)
2026-05-15 07:35:24 CartMoveState: FROM_MOVE (3) -> FROM_CART (4)
2026-05-15 07:35:27 CartMoveState: FROM_CART (4) -> AUX_DECIDE (5)
2026-05-15 07:35:27 CartMoveState: AUX_DECIDE (5) -> TO_MOVE (10)
2026-05-15 07:35:28 CartMoveState: TO_MOVE (10) -> TO_CART (11)
2026-05-15 07:35:31 CartMoveState: TO_CART (11) -> HOME_MOVE (12)
2026-05-15 07:35:31 CartMoveState: HOME_MOVE (12) -> HALT (13)
2026-05-15 07:35:31 CartMoveState: HALT (13) -> IDLE (1)
2026-05-15 07:35:31 Handler State: PLACE_CART (5) -> CHECK_SEC_CART (26)
2026-05-15 07:35:31 Handler State: CHECK_SEC_CART (26) -> PROBE_CART (24)
2026-05-15 07:35:31 CartMove: Exchange 1, from 102
2026-05-15 07:35:31 CartMoveState: IDLE (1) -> FROM_MOVE (3)
2026-05-15 07:35:32 CartMoveState: FROM_MOVE (3) -> FROM_PROBE (19)
2026-05-15 07:35:34 Handler State: PROBE_CART (24) -> PROCESS_CART (6)
2026-05-15 07:36:08 Setting CBS color valve (FillGate): 1
2026-05-15 07:36:09 Primed volume (FillGate): 2.99596
2026-05-15 07:36:09 Re-Calculated Filling Volume: 640
2026-05-15 07:36:09 Setting CBS color valve (FillCart): 1
2026-05-15 07:36:36 Handler State: PROCESS_CART (6) -> EXCHANGE_ONE (7)
2026-05-15 07:36:36 CartMove: Exchange 1, from 102
2026-05-15 07:36:36 CartMoveState: FROM_PROBE (19) -> FROM_CART (4)
2026-05-15 07:36:43 Setting CBS color valve (Finished): 0
2026-05-15 07:36:44 CartMoveState: FROM_CART (4) -> TO_MOVE (10)
2026-05-15 07:36:46 CartMoveState: TO_MOVE (10) -> EXCH_1_WAIT (14)
2026-05-15 07:36:46 Handler State: EXCHANGE_ONE (7) -> START_DCU (8)
2026-05-15 07:38:29 Handler State: START_DCU (8) -> EXCHANGE_TWO (9)
2026-05-15 07:38:29 CartMove: Exchange 2
2026-05-15 07:38:40 CartMoveState: EXCH_1_WAIT (14) -> EXCH_1_CART (15)
2026-05-15 07:38:43 CartMoveState: EXCH_1_CART (15) -> EXCH_2_MOVE (16)
2026-05-15 07:38:44 CartMoveState: EXCH_2_MOVE (16) -> EXCH_2_CART (17)
2026-05-15 07:38:46 CartMoveState: EXCH_2_CART (17) -> STORE_DECIDE (18)
2026-05-15 07:38:46 Used volume for last job: 150.471
2026-05-15 07:38:46 Handler State: EXCHANGE_TWO (9) -> WAIT_FOR_DCU (10)
2026-05-15 07:38:47 Handler State: WAIT_FOR_DCU (10) -> EXCHANGE_THREE (11)
2026-05-15 07:38:47 CartMove: Exchange 3
2026-05-15 07:38:47 CartMoveState: STORE_DECIDE (18) -> AUX_DECIDE (5)
2026-05-15 07:38:47 CartMoveState: AUX_DECIDE (5) -> TO_MOVE (10)
2026-05-15 07:38:47 CartMoveState: TO_MOVE (10) -> TO_CART (11)
2026-05-15 07:38:50 CartMoveState: TO_CART (11) -> HOME_MOVE (12)
2026-05-15 07:38:50 CartMoveState: HOME_MOVE (12) -> HALT (13)
2026-05-15 07:38:50 CartMoveState: HALT (13) -> IDLE (1)
2026-05-15 07:38:50 Handler State: EXCHANGE_THREE (11) -> POST_PROCESS (12)
2026-05-15 07:38:50 Handler State: POST_PROCESS (12) -> MOVE_ARM_HOME (14)
2026-05-15 07:38:50 Handler State: MOVE_ARM_HOME (14) -> HANDLER_IDLE (1)
2026-05-15 07:45:50 Handler State: HANDLER_IDLE (1) -> HANDLER_START (2)
2026-05-15 07:45:51 Handler State: HANDLER_START (2) -> DECIDE_CART (3)
2026-05-15 07:45:51 Selection: IFS has correct material and its cartridge has correct material.
2026-05-15 07:45:51 Selected Primary Cartridge: 4
2026-05-15 07:45:51 Selected Primary Station: 102
2026-05-15 07:45:51 Selected Secondary Cartridge: 0
2026-05-15 07:45:51 Selected Secondary Station: 0
2026-05-15 07:45:51 Selected Filling Volume: 640
2026-05-15 07:45:51 Handler State: DECIDE_CART (3) -> CHECK_SEC_CART (26)
2026-05-15 07:45:51 Handler State: CHECK_SEC_CART (26) -> PROBE_CART (24)
2026-05-15 07:45:51 CartMove: Exchange 1, from 102
2026-05-15 07:45:51 CartMoveState: IDLE (1) -> FROM_MOVE (3)
2026-05-15 07:45:52 CartMoveState: FROM_MOVE (3) -> FROM_PROBE (19)
2026-05-15 07:45:54 Handler State: PROBE_CART (24) -> PROCESS_CART (6)
2026-05-15 07:46:29 Setting CBS color valve (FillGate): 1
2026-05-15 07:46:30 Primed volume (FillGate): 1.73885
2026-05-15 07:46:30 Re-Calculated Filling Volume: 640
2026-05-15 07:46:30 Setting CBS color valve (FillCart): 1
2026-05-15 07:46:56 Handler State: PROCESS_CART (6) -> EXCHANGE_ONE (7)
2026-05-15 07:46:56 CartMove: Exchange 1, from 102
2026-05-15 07:46:56 CartMoveState: FROM_PROBE (19) -> FROM_CART (4)
2026-05-15 07:47:03 Setting CBS color valve (Finished): 0
2026-05-15 07:47:04 CartMoveState: FROM_CART (4) -> TO_MOVE (10)
2026-05-15 07:47:06 CartMoveState: TO_MOVE (10) -> EXCH_1_WAIT (14)
2026-05-15 07:47:06 Handler State: EXCHANGE_ONE (7) -> START_DCU (8)
2026-05-15 07:48:16 Handler State: START_DCU (8) -> EXCHANGE_TWO (9)
2026-05-15 07:48:16 CartMove: Exchange 2
2026-05-15 07:48:17 CartMoveState: EXCH_1_WAIT (14) -> EXCH_1_CART (15)
2026-05-15 07:48:20 CartMoveState: EXCH_1_CART (15) -> EXCH_2_MOVE (16)
2026-05-15 07:48:20 CartMoveState: EXCH_2_MOVE (16) -> EXCH_2_CART (17)
2026-05-15 07:48:22 CartMoveState: EXCH_2_CART (17) -> STORE_DECIDE (18)
2026-05-15 07:48:22 Used volume for last job: 0
2026-05-15 07:48:22 Handler State: EXCHANGE_TWO (9) -> WAIT_FOR_DCU (10)
2026-05-15 07:48:24 Handler State: WAIT_FOR_DCU (10) -> EXCHANGE_THREE (11)
2026-05-15 07:48:24 CartMove: Exchange 3
2026-05-15 07:48:24 CartMoveState: STORE_DECIDE (18) -> AUX_DECIDE (5)
2026-05-15 07:48:24 CartMoveState: AUX_DECIDE (5) -> TO_MOVE (10)
2026-05-15 07:48:24 CartMoveState: TO_MOVE (10) -> TO_CART (11)
2026-05-15 07:48:26 CartMoveState: TO_CART (11) -> HOME_MOVE (12)
2026-05-15 07:48:27 CartMoveState: HOME_MOVE (12) -> HALT (13)
2026-05-15 07:48:27 CartMoveState: HALT (13) -> IDLE (1)
2026-05-15 07:48:27 Handler State: EXCHANGE_THREE (11) -> POST_PROCESS (12)
2026-05-15 07:48:27 Handler State: POST_PROCESS (12) -> MOVE_ARM_HOME (14)
2026-05-15 07:48:29 Handler State: MOVE_ARM_HOME (14) -> HANDLER_IDLE (1)
2026-05-15 07:48:34 Handler State: HANDLER_IDLE (1) -> HANDLER_START (2)
2026-05-15 07:48:35 Handler State: HANDLER_START (2) -> DECIDE_CART (3)
2026-05-15 07:48:35 Selection: Last resort, just pick the first IFS.
2026-05-15 07:48:35 Selection: Last resort, just pick the first cartridge.
2026-05-15 07:48:35 Selected Primary Cartridge: 3
2026-05-15 07:48:35 Selected Primary Station: 104
2026-05-15 07:48:35 Selected Secondary Cartridge: 0
2026-05-15 07:48:35 Selected Secondary Station: 0
2026-05-15 07:48:35 Selected Filling Volume: 453
2026-05-15 07:48:35 Handler State: DECIDE_CART (3) -> REMOVE_CART (4)
2026-05-15 07:48:35 CartMove: Move, from 104 to 108
2026-05-15 07:48:35 CartMoveState: IDLE (1) -> FROM_MOVE (3)
2026-05-15 07:48:36 CartMoveState: FROM_MOVE (3) -> FROM_CART (4)
2026-05-15 07:48:39 CartMoveState: FROM_CART (4) -> AUX_DECIDE (5)
2026-05-15 07:48:39 CartMoveState: AUX_DECIDE (5) -> TO_MOVE (10)
2026-05-15 07:48:41 CartMoveState: TO_MOVE (10) -> TO_CART (11)
2026-05-15 07:48:43 CartMoveState: TO_CART (11) -> HOME_MOVE (12)
2026-05-15 07:48:45 CartMoveState: HOME_MOVE (12) -> HALT (13)
2026-05-15 07:48:45 CartMoveState: HALT (13) -> IDLE (1)
2026-05-15 07:48:45 Handler State: REMOVE_CART (4) -> PLACE_CART (5)
2026-05-15 07:48:45 CartMove: Move, from 107 to 104
2026-05-15 07:48:45 CartMoveState: IDLE (1) -> FROM_MOVE (3)
2026-05-15 07:48:46 CartMoveState: FROM_MOVE (3) -> FROM_CART (4)
2026-05-15 07:48:49 CartMoveState: FROM_CART (4) -> AUX_DECIDE (5)
2026-05-15 07:48:49 CartMoveState: AUX_DECIDE (5) -> TO_MOVE (10)
2026-05-15 07:48:50 CartMoveState: TO_MOVE (10) -> TO_CART (11)
2026-05-15 07:48:53 CartMoveState: TO_CART (11) -> HOME_MOVE (12)
2026-05-15 07:48:53 CartMoveState: HOME_MOVE (12) -> HALT (13)
2026-05-15 07:48:53 CartMoveState: HALT (13) -> IDLE (1)
2026-05-15 07:48:53 Handler State: PLACE_CART (5) -> CHECK_SEC_CART (26)
2026-05-15 07:48:53 Handler State: CHECK_SEC_CART (26) -> PROBE_CART (24)
2026-05-15 07:48:53 CartMove: Exchange 1, from 104
2026-05-15 07:48:53 CartMoveState: IDLE (1) -> FROM_MOVE (3)
2026-05-15 07:48:54 CartMoveState: FROM_MOVE (3) -> FROM_PROBE (19)
2026-05-15 07:48:56 Handler State: PROBE_CART (24) -> PROCESS_CART (6)
2026-05-15 07:49:29 Setting CBS color valve (FillIFS): 2
2026-05-15 07:49:31 Primed volume (FillIFS): 4.95945
2026-05-15 07:49:31 Re-Calculated Filling Volume: 453
2026-05-15 07:49:31 Setting CBS color valve (FillCart): 2
2026-05-15 07:49:54 Handler State: PROCESS_CART (6) -> EXCHANGE_ONE (7)
2026-05-15 07:49:54 CartMove: Exchange 1, from 104
2026-05-15 07:49:54 CartMoveState: FROM_PROBE (19) -> FROM_CART (4)
2026-05-15 07:49:59 Setting CBS color valve (Finished): 0
2026-05-15 07:50:01 CartMoveState: FROM_CART (4) -> TO_MOVE (10)
2026-05-15 07:50:03 CartMoveState: TO_MOVE (10) -> EXCH_1_WAIT (14)
2026-05-15 07:50:03 Handler State: EXCHANGE_ONE (7) -> START_DCU (8)
2026-05-15 07:50:15 Handler State: START_DCU (8) -> EXCHANGE_TWO (9)
2026-05-15 07:50:15 CartMove: Exchange 2
2026-05-15 07:50:26 CartMoveState: EXCH_1_WAIT (14) -> EXCH_1_CART (15)
2026-05-15 07:50:29 CartMoveState: EXCH_1_CART (15) -> EXCH_2_MOVE (16)
2026-05-15 07:50:30 CartMoveState: EXCH_2_MOVE (16) -> EXCH_2_CART (17)
2026-05-15 07:50:32 CartMoveState: EXCH_2_CART (17) -> STORE_DECIDE (18)
2026-05-15 07:50:32 Used volume for last job: 122.812
2026-05-15 07:50:32 Handler State: EXCHANGE_TWO (9) -> WAIT_FOR_DCU (10)
2026-05-15 07:50:34 Handler State: WAIT_FOR_DCU (10) -> EXCHANGE_THREE (11)
2026-05-15 07:50:34 CartMove: Exchange 3
2026-05-15 07:50:34 CartMoveState: STORE_DECIDE (18) -> AUX_DECIDE (5)
2026-05-15 07:50:34 CartMoveState: AUX_DECIDE (5) -> TO_MOVE (10)
2026-05-15 07:50:35 CartMoveState: TO_MOVE (10) -> TO_CART (11)
2026-05-15 07:50:38 CartMoveState: TO_CART (11) -> HOME_MOVE (12)
2026-05-15 07:50:39 CartMoveState: HOME_MOVE (12) -> HALT (13)
2026-05-15 07:50:39 CartMoveState: HALT (13) -> IDLE (1)
2026-05-15 07:50:39 Handler State: EXCHANGE_THREE (11) -> POST_PROCESS (12)
2026-05-15 07:50:39 Handler State: POST_PROCESS (12) -> EMPTY_AUX (13)
2026-05-15 07:50:39 CartMove: Move, from 108 to 104
2026-05-15 07:50:39 CartMoveState: IDLE (1) -> FROM_MOVE (3)
2026-05-15 07:50:40 CartMoveState: FROM_MOVE (3) -> FROM_CART (4)
2026-05-15 07:50:43 CartMoveState: FROM_CART (4) -> AUX_DECIDE (5)
2026-05-15 07:50:43 CartMoveState: AUX_DECIDE (5) -> TO_MOVE (10)
2026-05-15 07:50:45 CartMoveState: TO_MOVE (10) -> TO_CART (11)
2026-05-15 07:50:47 CartMoveState: TO_CART (11) -> HOME_MOVE (12)
2026-05-15 07:50:48 CartMoveState: HOME_MOVE (12) -> HALT (13)
2026-05-15 07:50:48 CartMoveState: HALT (13) -> IDLE (1)
2026-05-15 07:50:48 Handler State: EMPTY_AUX (13) -> MOVE_ARM_HOME (14)
2026-05-15 07:50:48 Handler State: MOVE_ARM_HOME (14) -> HANDLER_IDLE (1)
2026-05-15 07:50:52 Handler State: HANDLER_IDLE (1) -> HANDLER_START (2)
2026-05-15 07:50:53 Handler State: HANDLER_START (2) -> DECIDE_CART (3)
2026-05-15 07:50:53 Selection: IFS has correct material.
2026-05-15 07:50:53 Selection: Last resort, just pick the first cartridge.
2026-05-15 07:50:53 Selected Primary Cartridge: 6
2026-05-15 07:50:53 Selected Primary Station: 104
2026-05-15 07:50:53 Selected Secondary Cartridge: 0
2026-05-15 07:50:53 Selected Secondary Station: 0
2026-05-15 07:50:53 Selected Filling Volume: 477
2026-05-15 07:50:53 Handler State: DECIDE_CART (3) -> CHECK_SEC_CART (26)
2026-05-15 07:50:53 Handler State: CHECK_SEC_CART (26) -> PROBE_CART (24)
2026-05-15 07:50:53 CartMove: Exchange 1, from 104
2026-05-15 07:50:53 CartMoveState: IDLE (1) -> FROM_MOVE (3)
2026-05-15 07:50:54 CartMoveState: FROM_MOVE (3) -> FROM_PROBE (19)
2026-05-15 07:50:56 Handler State: PROBE_CART (24) -> PROCESS_CART (6)
2026-05-15 07:51:48 Setting CBS color valve (FillGate): 2
2026-05-15 07:51:49 Primed volume (FillGate): 1.49596
2026-05-15 07:51:49 Re-Calculated Filling Volume: 477
2026-05-15 07:51:49 Setting CBS color valve (FillCart): 2
2026-05-15 07:52:12 Handler State: PROCESS_CART (6) -> EXCHANGE_ONE (7)
2026-05-15 07:52:12 CartMove: Exchange 1, from 104
2026-05-15 07:52:12 CartMoveState: FROM_PROBE (19) -> FROM_CART (4)
2026-05-15 07:52:17 Setting CBS color valve (Finished): 0
2026-05-15 07:52:19 CartMoveState: FROM_CART (4) -> TO_MOVE (10)
2026-05-15 07:52:21 CartMoveState: TO_MOVE (10) -> EXCH_1_WAIT (14)
2026-05-15 07:52:21 Handler State: EXCHANGE_ONE (7) -> START_DCU (8)
2026-05-15 07:52:37 Handler State: START_DCU (8) -> EXCHANGE_TWO (9)
2026-05-15 07:52:38 CartMove: Exchange 2
2026-05-15 07:52:38 CartMoveState: EXCH_1_WAIT (14) -> EXCH_1_CART (15)
2026-05-15 07:52:41 CartMoveState: EXCH_1_CART (15) -> EXCH_2_MOVE (16)
2026-05-15 07:52:42 CartMoveState: EXCH_2_MOVE (16) -> EXCH_2_CART (17)
2026-05-15 07:52:44 CartMoveState: EXCH_2_CART (17) -> STORE_DECIDE (18)
2026-05-15 07:52:44 Used volume for last job: 0
2026-05-15 07:52:44 Handler State: EXCHANGE_TWO (9) -> WAIT_FOR_DCU (10)
2026-05-15 07:52:45 Handler State: WAIT_FOR_DCU (10) -> EXCHANGE_THREE (11)
2026-05-15 07:52:45 CartMove: Exchange 3
2026-05-15 07:52:45 CartMoveState: STORE_DECIDE (18) -> AUX_DECIDE (5)
2026-05-15 07:52:45 CartMoveState: AUX_DECIDE (5) -> TO_MOVE (10)
2026-05-15 07:52:47 CartMoveState: TO_MOVE (10) -> TO_CART (11)
2026-05-15 07:52:49 CartMoveState: TO_CART (11) -> HOME_MOVE (12)
2026-05-15 07:52:50 CartMoveState: HOME_MOVE (12) -> HALT (13)
2026-05-15 07:52:50 CartMoveState: HALT (13) -> IDLE (1)
2026-05-15 07:52:50 Handler State: EXCHANGE_THREE (11) -> POST_PROCESS (12)
2026-05-15 07:52:50 Handler State: POST_PROCESS (12) -> MOVE_ARM_HOME (14)
2026-05-15 07:52:50 Handler State: MOVE_ARM_HOME (14) -> HANDLER_IDLE (1)
2026-05-15 07:54:38 Handler State: HANDLER_IDLE (1) -> SEMI_START (15)
2026-05-15 07:54:38 Handler State: SEMI_START (15) -> SEMI_PROBE_CART (25)
2026-05-15 07:54:41 Handler State: SEMI_PROBE_CART (25) -> SEMI_PROCESS (16)
2026-05-15 07:56:14 Re-Calculated Filling Volume: 0
2026-05-15 07:56:21 Setting CBS color valve (Finished): 0
2026-05-15 07:56:21 Handler State: SEMI_PROCESS (16) -> SEMI_WHAT_NEXT (21)
2026-05-15 07:56:21 Handler State: SEMI_WHAT_NEXT (21) -> SEMI_FINISHED (23)
2026-05-15 07:56:22 Handler State: SEMI_FINISHED (23) -> HANDLER_IDLE (1)
2026-05-15 07:56:24 Handler State: HANDLER_IDLE (1) -> HANDLER_START (2)
2026-05-15 07:56:25 Handler State: HANDLER_START (2) -> DECIDE_CART (3)
2026-05-15 07:56:25 Selection: IFS is clean and its cartridge is cleaned.
2026-05-15 07:56:25 Selected Primary Cartridge: 1
2026-05-15 07:56:25 Selected Primary Station: 102
2026-05-15 07:56:25 Selected Secondary Cartridge: 0
2026-05-15 07:56:25 Selected Secondary Station: 0
2026-05-15 07:56:25 Selected Filling Volume: 327
2026-05-15 07:56:25 Handler State: DECIDE_CART (3) -> CHECK_SEC_CART (26)
2026-05-15 07:56:25 Handler State: CHECK_SEC_CART (26) -> PROBE_CART (24)
2026-05-15 07:56:25 CartMove: Exchange 1, from 102
2026-05-15 07:56:25 CartMoveState: IDLE (1) -> FROM_MOVE (3)
2026-05-15 07:56:26 CartMoveState: FROM_MOVE (3) -> FROM_PROBE (19)
2026-05-15 07:56:27 Handler State: PROBE_CART (24) -> PROCESS_CART (6)
2026-05-15 07:56:27 Setting CBS color valve (FillIFS): 2
2026-05-15 07:56:29 Primed volume (FillIFS): 4.69217
2026-05-15 07:56:29 Re-Calculated Filling Volume: 327
2026-05-15 07:56:29 Setting CBS color valve (FillCart): 2
2026-05-15 07:56:45 Handler State: PROCESS_CART (6) -> EXCHANGE_ONE (7)
2026-05-15 07:56:45 CartMove: Exchange 1, from 102
2026-05-15 07:56:45 CartMoveState: FROM_PROBE (19) -> FROM_CART (4)
2026-05-15 07:56:52 Setting CBS color valve (Finished): 0
2026-05-15 07:56:54 CartMoveState: FROM_CART (4) -> TO_MOVE (10)
2026-05-15 07:56:55 CartMoveState: TO_MOVE (10) -> EXCH_1_WAIT (14)
2026-05-15 07:56:55 Handler State: EXCHANGE_ONE (7) -> START_DCU (8)
2026-05-15 07:56:55 Handler State: START_DCU (8) -> EXCHANGE_TWO (9)
2026-05-15 07:56:55 CartMove: Exchange 2
2026-05-15 07:56:56 CartMoveState: EXCH_1_WAIT (14) -> EXCH_1_CART (15)
2026-05-15 07:56:58 CartMoveState: EXCH_1_CART (15) -> EXCH_2_MOVE (16)
2026-05-15 07:57:00 CartMoveState: EXCH_2_MOVE (16) -> EXCH_2_CART (17)
2026-05-15 07:57:02 CartMoveState: EXCH_2_CART (17) -> STORE_DECIDE (18)
2026-05-15 07:57:02 Used volume for last job: 431.905
2026-05-15 07:57:02 Handler State: EXCHANGE_TWO (9) -> WAIT_FOR_DCU (10)
2026-05-15 07:57:03 Handler State: WAIT_FOR_DCU (10) -> EXCHANGE_THREE (11)
2026-05-15 07:57:03 CartMove: Exchange 3
2026-05-15 07:57:03 CartMoveState: STORE_DECIDE (18) -> AUX_DECIDE (5)
2026-05-15 07:57:03 CartMoveState: AUX_DECIDE (5) -> TO_MOVE (10)
2026-05-15 07:57:05 CartMoveState: TO_MOVE (10) -> TO_CART (11)
2026-05-15 07:57:07 CartMoveState: TO_CART (11) -> HOME_MOVE (12)
2026-05-15 07:57:09 CartMoveState: HOME_MOVE (12) -> HALT (13)
2026-05-15 07:57:09 CartMoveState: HALT (13) -> IDLE (1)
2026-05-15 07:57:09 Handler State: EXCHANGE_THREE (11) -> POST_PROCESS (12)
2026-05-15 07:57:09 Handler State: POST_PROCESS (12) -> MOVE_ARM_HOME (14)
2026-05-15 07:57:09 Handler State: MOVE_ARM_HOME (14) -> HANDLER_IDLE (1)
2026-05-15 08:00:28 Handler State: HANDLER_IDLE (1) -> SEMI_START (15)
2026-05-15 08:00:28 Handler State: SEMI_START (15) -> SEMI_PROBE_CART (25)
2026-05-15 08:00:31 Handler State: SEMI_PROBE_CART (25) -> SEMI_PROCESS (16)
2026-05-15 08:02:01 Re-Calculated Filling Volume: 0
2026-05-15 08:02:07 Setting CBS color valve (Finished): 0
2026-05-15 08:02:07 Handler State: SEMI_PROCESS (16) -> SEMI_WHAT_NEXT (21)
2026-05-15 08:02:07 Handler State: SEMI_WHAT_NEXT (21) -> SEMI_FINISHED (23)
2026-05-15 08:02:07 Handler State: SEMI_FINISHED (23) -> HANDLER_IDLE (1)
2026-05-15 08:02:14 Handler State: HANDLER_IDLE (1) -> HANDLER_START (2)
2026-05-15 08:02:15 Handler State: HANDLER_START (2) -> DECIDE_CART (3)
2026-05-15 08:02:15 Selection: IFS is clean and its cartridge is cleaned.
2026-05-15 08:02:15 Selected Primary Cartridge: 2
2026-05-15 08:02:15 Selected Primary Station: 103
2026-05-15 08:02:15 Selected Secondary Cartridge: 0
2026-05-15 08:02:15 Selected Secondary Station: 0
2026-05-15 08:02:15 Selected Filling Volume: 313
2026-05-15 08:02:15 Handler State: DECIDE_CART (3) -> CHECK_SEC_CART (26)
2026-05-15 08:02:15 Handler State: CHECK_SEC_CART (26) -> PROBE_CART (24)
2026-05-15 08:02:15 CartMove: Exchange 1, from 103
2026-05-15 08:02:15 CartMoveState: IDLE (1) -> FROM_MOVE (3)
2026-05-15 08:02:15 CartMoveState: FROM_MOVE (3) -> FROM_PROBE (19)
2026-05-15 08:02:17 Handler State: PROBE_CART (24) -> PROCESS_CART (6)
2026-05-15 08:02:17 Setting CBS color valve (FillIFS): 1
2026-05-15 08:02:18 Primed volume (FillIFS): 0.252378
2026-05-15 08:02:18 Re-Calculated Filling Volume: 313
2026-05-15 08:02:18 Setting CBS color valve (FillCart): 1
2026-05-15 08:02:35 Handler State: PROCESS_CART (6) -> EXCHANGE_ONE (7)
2026-05-15 08:02:35 CartMove: Exchange 1, from 103
2026-05-15 08:02:35 CartMoveState: FROM_PROBE (19) -> FROM_CART (4)
2026-05-15 08:02:41 Setting CBS color valve (Finished): 0
2026-05-15 08:02:42 CartMoveState: FROM_CART (4) -> TO_MOVE (10)
2026-05-15 08:02:44 CartMoveState: TO_MOVE (10) -> EXCH_1_WAIT (14)
2026-05-15 08:02:44 Handler State: EXCHANGE_ONE (7) -> START_DCU (8)
2026-05-15 08:02:44 Handler State: START_DCU (8) -> EXCHANGE_TWO (9)
2026-05-15 08:02:44 CartMove: Exchange 2
2026-05-15 08:02:44 CartMoveState: EXCH_1_WAIT (14) -> EXCH_1_CART (15)
2026-05-15 08:02:47 CartMoveState: EXCH_1_CART (15) -> EXCH_2_MOVE (16)
2026-05-15 08:02:48 CartMoveState: EXCH_2_MOVE (16) -> EXCH_2_CART (17)
2026-05-15 08:02:50 CartMoveState: EXCH_2_CART (17) -> STORE_DECIDE (18)
2026-05-15 08:02:50 Used volume for last job: 273.868
2026-05-15 08:02:50 Handler State: EXCHANGE_TWO (9) -> WAIT_FOR_DCU (10)
2026-05-15 08:02:52 Handler State: WAIT_FOR_DCU (10) -> EXCHANGE_THREE (11)
2026-05-15 08:02:52 CartMove: Exchange 3
2026-05-15 08:02:52 CartMoveState: STORE_DECIDE (18) -> AUX_DECIDE (5)
2026-05-15 08:02:52 CartMoveState: AUX_DECIDE (5) -> TO_MOVE (10)
2026-05-15 08:02:52 CartMoveState: TO_MOVE (10) -> TO_CART (11)
2026-05-15 08:02:54 CartMoveState: TO_CART (11) -> HOME_MOVE (12)
2026-05-15 08:02:54 CartMoveState: HOME_MOVE (12) -> HALT (13)
2026-05-15 08:02:54 CartMoveState: HALT (13) -> IDLE (1)
2026-05-15 08:02:54 Handler State: EXCHANGE_THREE (11) -> POST_PROCESS (12)
2026-05-15 08:02:54 Handler State: POST_PROCESS (12) -> MOVE_ARM_HOME (14)
2026-05-15 08:02:54 Handler State: MOVE_ARM_HOME (14) -> HANDLER_IDLE (1)
2026-05-15 08:05:54 Handler State: HANDLER_IDLE (1) -> HANDLER_START (2)
2026-05-15 08:05:55 Handler State: HANDLER_START (2) -> DECIDE_CART (3)
2026-05-15 08:05:55 Selection: IFS has correct material.
2026-05-15 08:05:55 Selection: Last resort, just pick the first cartridge.
2026-05-15 08:05:55 Selected Primary Cartridge: 5
2026-05-15 08:05:55 Selected Primary Station: 103
2026-05-15 08:05:55 Selected Secondary Cartridge: 0
2026-05-15 08:05:55 Selected Secondary Station: 0
2026-05-15 08:05:55 Selected Filling Volume: 303
2026-05-15 08:05:55 Handler State: DECIDE_CART (3) -> PLACE_CART (5)
2026-05-15 08:05:55 CartMove: Move, from 106 to 103
2026-05-15 08:05:55 CartMoveState: IDLE (1) -> FROM_MOVE (3)
2026-05-15 08:05:57 CartMoveState: FROM_MOVE (3) -> FROM_CART (4)
2026-05-15 08:05:59 CartMoveState: FROM_CART (4) -> AUX_DECIDE (5)
2026-05-15 08:05:59 CartMoveState: AUX_DECIDE (5) -> TO_MOVE (10)
2026-05-15 08:06:01 CartMoveState: TO_MOVE (10) -> TO_CART (11)
2026-05-15 08:06:03 CartMoveState: TO_CART (11) -> HOME_MOVE (12)
2026-05-15 08:06:03 CartMoveState: HOME_MOVE (12) -> HALT (13)
2026-05-15 08:06:03 CartMoveState: HALT (13) -> IDLE (1)
2026-05-15 08:06:03 Handler State: PLACE_CART (5) -> CHECK_SEC_CART (26)
2026-05-15 08:06:03 Handler State: CHECK_SEC_CART (26) -> PROBE_CART (24)
2026-05-15 08:06:03 CartMove: Exchange 1, from 103
2026-05-15 08:06:03 CartMoveState: IDLE (1) -> FROM_MOVE (3)
2026-05-15 08:06:03 CartMoveState: FROM_MOVE (3) -> FROM_PROBE (19)
2026-05-15 08:06:05 Handler State: PROBE_CART (24) -> PROCESS_CART (6)
2026-05-15 08:07:43 Setting CBS color valve (FillGate): 1
2026-05-15 08:07:44 Primed volume (FillGate): 1.23249
2026-05-15 08:07:44 Re-Calculated Filling Volume: 303
2026-05-15 08:07:44 Setting CBS color valve (FillCart): 1
2026-05-15 08:08:00 Handler State: PROCESS_CART (6) -> EXCHANGE_ONE (7)
2026-05-15 08:08:00 CartMove: Exchange 1, from 103
2026-05-15 08:08:00 CartMoveState: FROM_PROBE (19) -> FROM_CART (4)
2026-05-15 08:08:05 Setting CBS color valve (Finished): 0
2026-05-15 08:08:07 CartMoveState: FROM_CART (4) -> TO_MOVE (10)
2026-05-15 08:08:08 CartMoveState: TO_MOVE (10) -> EXCH_1_WAIT (14)
2026-05-15 08:08:08 Handler State: EXCHANGE_ONE (7) -> START_DCU (8)
2026-05-15 08:08:09 Handler State: START_DCU (8) -> EXCHANGE_TWO (9)
2026-05-15 08:08:09 CartMove: Exchange 2
2026-05-15 08:08:09 CartMoveState: EXCH_1_WAIT (14) -> EXCH_1_CART (15)
2026-05-15 08:08:12 CartMoveState: EXCH_1_CART (15) -> EXCH_2_MOVE (16)
2026-05-15 08:08:12 CartMoveState: EXCH_2_MOVE (16) -> EXCH_2_CART (17)
2026-05-15 08:08:14 CartMoveState: EXCH_2_CART (17) -> STORE_DECIDE (18)
2026-05-15 08:08:14 Used volume for last job: 0
2026-05-15 08:08:14 Handler State: EXCHANGE_TWO (9) -> WAIT_FOR_DCU (10)
2026-05-15 08:08:16 Handler State: WAIT_FOR_DCU (10) -> EXCHANGE_THREE (11)
2026-05-15 08:08:16 CartMove: Exchange 3
2026-05-15 08:08:16 CartMoveState: STORE_DECIDE (18) -> AUX_DECIDE (5)
2026-05-15 08:08:16 CartMoveState: AUX_DECIDE (5) -> TO_MOVE (10)
2026-05-15 08:08:16 CartMoveState: TO_MOVE (10) -> TO_CART (11)
2026-05-15 08:08:19 CartMoveState: TO_CART (11) -> HOME_MOVE (12)
2026-05-15 08:08:20 CartMoveState: HOME_MOVE (12) -> HALT (13)
2026-05-15 08:08:20 CartMoveState: HALT (13) -> IDLE (1)
2026-05-15 08:08:20 Handler State: EXCHANGE_THREE (11) -> POST_PROCESS (12)
2026-05-15 08:08:20 Handler State: POST_PROCESS (12) -> MOVE_ARM_HOME (14)
2026-05-15 08:08:20 Handler State: MOVE_ARM_HOME (14) -> HANDLER_IDLE (1)
2026-05-15 08:08:26 Handler State: HANDLER_IDLE (1) -> HANDLER_START (2)
2026-05-15 08:08:27 Handler State: HANDLER_START (2) -> DECIDE_CART (3)
2026-05-15 08:08:27 Selection: Last resort, just pick the first IFS.
2026-05-15 08:08:27 Selection: Last resort, just pick the first cartridge.
2026-05-15 08:08:27 Selected Primary Cartridge: 3
2026-05-15 08:08:27 Selected Primary Station: 104
2026-05-15 08:08:27 Selected Secondary Cartridge: 0
2026-05-15 08:08:27 Selected Secondary Station: 0
2026-05-15 08:08:27 Selected Filling Volume: 640
2026-05-15 08:08:27 Handler State: DECIDE_CART (3) -> CHECK_SEC_CART (26)
2026-05-15 08:08:27 Handler State: CHECK_SEC_CART (26) -> PROBE_CART (24)
2026-05-15 08:08:27 CartMove: Exchange 1, from 104
2026-05-15 08:08:27 CartMoveState: IDLE (1) -> FROM_MOVE (3)
2026-05-15 08:08:28 CartMoveState: FROM_MOVE (3) -> FROM_PROBE (19)
2026-05-15 08:08:29 Handler State: PROBE_CART (24) -> PROCESS_CART (6)
2026-05-15 08:09:06 Setting CBS color valve (FillIFS): 1
2026-05-15 08:09:07 Primed volume (FillIFS): 4.47804
2026-05-15 08:09:07 Re-Calculated Filling Volume: 640
2026-05-15 08:09:07 Setting CBS color valve (FillCart): 1
2026-05-15 08:09:32 Handler State: PROCESS_CART (6) -> EXCHANGE_ONE (7)
2026-05-15 08:09:32 CartMove: Exchange 1, from 104
2026-05-15 08:09:32 CartMoveState: FROM_PROBE (19) -> FROM_CART (4)
2026-05-15 08:09:38 Setting CBS color valve (Finished): 0
2026-05-15 08:09:40 CartMoveState: FROM_CART (4) -> TO_MOVE (10)
2026-05-15 08:09:41 CartMoveState: TO_MOVE (10) -> EXCH_1_WAIT (14)
2026-05-15 08:09:41 Handler State: EXCHANGE_ONE (7) -> START_DCU (8)
2026-05-15 08:09:48 Handler State: START_DCU (8) -> EXCHANGE_TWO (9)
2026-05-15 08:09:48 CartMove: Exchange 2
2026-05-15 08:09:59 CartMoveState: EXCH_1_WAIT (14) -> EXCH_1_CART (15)
2026-05-15 08:10:02 CartMoveState: EXCH_1_CART (15) -> EXCH_2_MOVE (16)
2026-05-15 08:10:03 CartMoveState: EXCH_2_MOVE (16) -> EXCH_2_CART (17)
2026-05-15 08:10:05 CartMoveState: EXCH_2_CART (17) -> STORE_DECIDE (18)
2026-05-15 08:10:05 Used volume for last job: 254.718
2026-05-15 08:10:05 Handler State: EXCHANGE_TWO (9) -> WAIT_FOR_DCU (10)
2026-05-15 08:10:06 Handler State: WAIT_FOR_DCU (10) -> EXCHANGE_THREE (11)
2026-05-15 08:10:06 CartMove: Exchange 3
2026-05-15 08:10:06 CartMoveState: STORE_DECIDE (18) -> AUX_DECIDE (5)
2026-05-15 08:10:06 CartMoveState: AUX_DECIDE (5) -> TO_MOVE (10)
2026-05-15 08:10:08 CartMoveState: TO_MOVE (10) -> TO_CART (11)
2026-05-15 08:10:10 CartMoveState: TO_CART (11) -> HOME_MOVE (12)
2026-05-15 08:10:12 CartMoveState: HOME_MOVE (12) -> HALT (13)
2026-05-15 08:10:12 CartMoveState: HALT (13) -> IDLE (1)
2026-05-15 08:10:12 Handler State: EXCHANGE_THREE (11) -> POST_PROCESS (12)
2026-05-15 08:10:12 Handler State: POST_PROCESS (12) -> MOVE_ARM_HOME (14)
2026-05-15 08:10:12 Handler State: MOVE_ARM_HOME (14) -> HANDLER_IDLE (1)
2026-05-15 08:12:30 Handler State: HANDLER_IDLE (1) -> SEMI_START (15)
2026-05-15 08:12:30 Handler State: SEMI_START (15) -> SEMI_PROBE_CART (25)
2026-05-15 08:12:33 Handler State: SEMI_PROBE_CART (25) -> SEMI_PROCESS (16)
2026-05-15 08:13:10 Re-Calculated Filling Volume: 0
2026-05-15 08:13:17 Setting CBS color valve (Finished): 0
2026-05-15 08:13:17 Handler State: SEMI_PROCESS (16) -> SEMI_WHAT_NEXT (21)
2026-05-15 08:13:17 Handler State: SEMI_WHAT_NEXT (21) -> SEMI_FINISHED (23)
2026-05-15 08:13:18 Handler State: SEMI_FINISHED (23) -> HANDLER_IDLE (1)
2026-05-15 08:16:00 Handler State: HANDLER_IDLE (1) -> HANDLER_START (2)
2026-05-15 08:16:01 Handler State: HANDLER_START (2) -> DECIDE_CART (3)
2026-05-15 08:16:01 Selection: IFS is clean and its cartridge is cleaned.
2026-05-15 08:16:01 Selected Primary Cartridge: 1
2026-05-15 08:16:01 Selected Primary Station: 102
2026-05-15 08:16:01 Selected Secondary Cartridge: 0
2026-05-15 08:16:01 Selected Secondary Station: 0
2026-05-15 08:16:01 Selected Filling Volume: 253
2026-05-15 08:16:01 Handler State: DECIDE_CART (3) -> CHECK_SEC_CART (26)
2026-05-15 08:16:01 Handler State: CHECK_SEC_CART (26) -> PROBE_CART (24)
2026-05-15 08:16:01 CartMove: Exchange 1, from 102
2026-05-15 08:16:01 CartMoveState: IDLE (1) -> FROM_MOVE (3)
2026-05-15 08:16:02 CartMoveState: FROM_MOVE (3) -> FROM_PROBE (19)
2026-05-15 08:16:03 Handler State: PROBE_CART (24) -> PROCESS_CART (6)
2026-05-15 08:16:03 Setting CBS color valve (FillIFS): 1
2026-05-15 08:16:05 Primed volume (FillIFS): 2.01809
2026-05-15 08:16:05 Re-Calculated Filling Volume: 253
2026-05-15 08:16:05 Setting CBS color valve (FillCart): 1
2026-05-15 08:16:19 Handler State: PROCESS_CART (6) -> EXCHANGE_ONE (7)
2026-05-15 08:16:19 CartMove: Exchange 1, from 102
2026-05-15 08:16:19 CartMoveState: FROM_PROBE (19) -> FROM_CART (4)
2026-05-15 08:16:26 Setting CBS color valve (Finished): 0
2026-05-15 08:16:28 CartMoveState: FROM_CART (4) -> TO_MOVE (10)
2026-05-15 08:16:29 CartMoveState: TO_MOVE (10) -> EXCH_1_WAIT (14)
2026-05-15 08:16:29 Handler State: EXCHANGE_ONE (7) -> START_DCU (8)
2026-05-15 08:16:30 Handler State: START_DCU (8) -> EXCHANGE_TWO (9)
2026-05-15 08:16:30 CartMove: Exchange 2
2026-05-15 08:16:30 CartMoveState: EXCH_1_WAIT (14) -> EXCH_1_CART (15)
2026-05-15 08:16:32 CartMoveState: EXCH_1_CART (15) -> EXCH_2_MOVE (16)
2026-05-15 08:16:34 CartMoveState: EXCH_2_MOVE (16) -> EXCH_2_CART (17)
2026-05-15 08:16:36 CartMoveState: EXCH_2_CART (17) -> STORE_DECIDE (18)
2026-05-15 08:16:36 Used volume for last job: 443.699
2026-05-15 08:16:36 Handler State: EXCHANGE_TWO (9) -> WAIT_FOR_DCU (10)
2026-05-15 08:16:37 Handler State: WAIT_FOR_DCU (10) -> EXCHANGE_THREE (11)
2026-05-15 08:16:37 CartMove: Exchange 3
2026-05-15 08:16:37 CartMoveState: STORE_DECIDE (18) -> AUX_DECIDE (5)
2026-05-15 08:16:37 CartMoveState: AUX_DECIDE (5) -> TO_MOVE (10)
2026-05-15 08:16:39 CartMoveState: TO_MOVE (10) -> TO_CART (11)
2026-05-15 08:16:41 CartMoveState: TO_CART (11) -> HOME_MOVE (12)
2026-05-15 08:16:42 CartMoveState: HOME_MOVE (12) -> HALT (13)
2026-05-15 08:16:42 CartMoveState: HALT (13) -> IDLE (1)
2026-05-15 08:16:42 Handler State: EXCHANGE_THREE (11) -> POST_PROCESS (12)
2026-05-15 08:16:42 Handler State: POST_PROCESS (12) -> MOVE_ARM_HOME (14)
2026-05-15 08:16:42 Handler State: MOVE_ARM_HOME (14) -> HANDLER_IDLE (1)
2026-05-15 08:20:02 Handler State: HANDLER_IDLE (1) -> SEMI_START (15)
2026-05-15 08:20:02 Handler State: SEMI_START (15) -> SEMI_TO_IFS (18)
2026-05-15 08:20:02 CartMove: Move, from 105 to 102
2026-05-15 08:20:02 CartMoveState: IDLE (1) -> FROM_MOVE (3)
2026-05-15 08:20:03 CartMoveState: FROM_MOVE (3) -> FROM_CART (4)
2026-05-15 08:20:06 CartMoveState: FROM_CART (4) -> AUX_DECIDE (5)
2026-05-15 08:20:06 CartMoveState: AUX_DECIDE (5) -> TO_MOVE (10)
2026-05-15 08:20:08 CartMoveState: TO_MOVE (10) -> TO_CART (11)
2026-05-15 08:20:10 CartMoveState: TO_CART (11) -> HOME_MOVE (12)
2026-05-15 08:20:11 CartMoveState: HOME_MOVE (12) -> HALT (13)
2026-05-15 08:20:11 CartMoveState: HALT (13) -> IDLE (1)
2026-05-15 08:20:11 Handler State: SEMI_TO_IFS (18) -> SEMI_PROBE_CART (25)
2026-05-15 08:20:14 Handler State: SEMI_PROBE_CART (25) -> SEMI_PROCESS (16)
2026-05-15 08:21:54 Re-Calculated Filling Volume: 0
2026-05-15 08:22:01 Setting CBS color valve (Finished): 0
2026-05-15 08:22:01 Handler State: SEMI_PROCESS (16) -> SEMI_FROM_IFS (20)
2026-05-15 08:22:01 CartMove: Move, from 102 to 105
2026-05-15 08:22:01 CartMoveState: IDLE (1) -> FROM_MOVE (3)
2026-05-15 08:22:01 CartMoveState: FROM_MOVE (3) -> FROM_CART (4)
2026-05-15 08:22:04 CartMoveState: FROM_CART (4) -> AUX_DECIDE (5)
2026-05-15 08:22:04 CartMoveState: AUX_DECIDE (5) -> TO_MOVE (10)
2026-05-15 08:22:05 CartMoveState: TO_MOVE (10) -> TO_CART (11)
2026-05-15 08:22:07 CartMoveState: TO_CART (11) -> HOME_MOVE (12)
2026-05-15 08:22:08 CartMoveState: HOME_MOVE (12) -> HALT (13)
2026-05-15 08:22:08 CartMoveState: HALT (13) -> IDLE (1)
2026-05-15 08:22:08 Handler State: SEMI_FROM_IFS (20) -> SEMI_WHAT_NEXT (21)
2026-05-15 08:22:08 Handler State: SEMI_WHAT_NEXT (21) -> SEMI_FINISHED (23)
2026-05-15 08:22:09 Handler State: SEMI_FINISHED (23) -> HANDLER_IDLE (1)
2026-05-15 08:22:12 Handler State: HANDLER_IDLE (1) -> SEMI_START (15)
2026-05-15 08:22:12 Handler State: SEMI_START (15) -> SEMI_PROBE_CART (25)
2026-05-15 08:22:15 Handler State: SEMI_PROBE_CART (25) -> SEMI_PROCESS (16)
2026-05-15 08:23:08 Re-Calculated Filling Volume: 0
2026-05-15 08:23:14 Setting CBS color valve (Finished): 0
2026-05-15 08:23:14 Handler State: SEMI_PROCESS (16) -> SEMI_WHAT_NEXT (21)
2026-05-15 08:23:14 Handler State: SEMI_WHAT_NEXT (21) -> SEMI_FINISHED (23)
2026-05-15 08:23:15 Handler State: SEMI_FINISHED (23) -> HANDLER_IDLE (1)
2026-05-15 08:23:18 Handler State: HANDLER_IDLE (1) -> SEMI_START (15)
2026-05-15 08:23:18 Handler State: SEMI_START (15) -> SEMI_PROBE_CART (25)
2026-05-15 08:23:21 Handler State: SEMI_PROBE_CART (25) -> SEMI_PROCESS (16)
2026-05-15 08:23:57 Re-Calculated Filling Volume: 0
2026-05-15 08:24:03 Setting CBS color valve (Finished): 0
2026-05-15 08:24:03 Handler State: SEMI_PROCESS (16) -> SEMI_WHAT_NEXT (21)
2026-05-15 08:24:03 Handler State: SEMI_WHAT_NEXT (21) -> SEMI_FINISHED (23)
2026-05-15 08:24:03 Handler State: SEMI_FINISHED (23) -> HANDLER_IDLE (1)
2026-05-15 08:24:39 Handler State: HANDLER_IDLE (1) -> HANDLER_START (2)
2026-05-15 08:24:40 Handler State: HANDLER_START (2) -> DECIDE_CART (3)
2026-05-15 08:24:40 Selection: IFS is clean.
2026-05-15 08:24:41 Selection: Cartridge is clean.
2026-05-15 08:24:41 Selected Primary Cartridge: 4
2026-05-15 08:24:41 Selected Primary Station: 102
2026-05-15 08:24:41 Selected Secondary Cartridge: 0
2026-05-15 08:24:41 Selected Secondary Station: 0
2026-05-15 08:24:41 Selected Filling Volume: 336
2026-05-15 08:24:41 Handler State: DECIDE_CART (3) -> PLACE_CART (5)
2026-05-15 08:24:41 CartMove: Move, from 105 to 102
2026-05-15 08:24:41 CartMoveState: IDLE (1) -> FROM_MOVE (3)
2026-05-15 08:24:42 CartMoveState: FROM_MOVE (3) -> FROM_CART (4)
2026-05-15 08:24:44 CartMoveState: FROM_CART (4) -> AUX_DECIDE (5)
2026-05-15 08:24:44 CartMoveState: AUX_DECIDE (5) -> TO_MOVE (10)
2026-05-15 08:24:46 CartMoveState: TO_MOVE (10) -> TO_CART (11)
2026-05-15 08:24:48 CartMoveState: TO_CART (11) -> HOME_MOVE (12)
2026-05-15 08:24:49 CartMoveState: HOME_MOVE (12) -> HALT (13)
2026-05-15 08:24:49 CartMoveState: HALT (13) -> IDLE (1)
2026-05-15 08:24:49 Handler State: PLACE_CART (5) -> CHECK_SEC_CART (26)
2026-05-15 08:24:49 Handler State: CHECK_SEC_CART (26) -> PROBE_CART (24)
2026-05-15 08:24:49 CartMove: Exchange 1, from 102
2026-05-15 08:24:49 CartMoveState: IDLE (1) -> FROM_MOVE (3)
2026-05-15 08:24:50 CartMoveState: FROM_MOVE (3) -> FROM_PROBE (19)
2026-05-15 08:24:52 Handler State: PROBE_CART (24) -> PROCESS_CART (6)
2026-05-15 08:24:52 Setting CBS color valve (FillIFS): 2
2026-05-15 08:24:53 Primed volume (FillIFS): 4.34121
2026-05-15 08:24:53 Re-Calculated Filling Volume: 336
2026-05-15 08:24:53 Setting CBS color valve (FillCart): 2
2026-05-15 08:25:10 Handler State: PROCESS_CART (6) -> EXCHANGE_ONE (7)
2026-05-15 08:25:10 CartMove: Exchange 1, from 102
2026-05-15 08:25:10 CartMoveState: FROM_PROBE (19) -> FROM_CART (4)
2026-05-15 08:25:17 Setting CBS color valve (Finished): 0
2026-05-15 08:25:19 CartMoveState: FROM_CART (4) -> TO_MOVE (10)
2026-05-15 08:25:20 CartMoveState: TO_MOVE (10) -> EXCH_1_WAIT (14)
2026-05-15 08:25:20 Handler State: EXCHANGE_ONE (7) -> START_DCU (8)
2026-05-15 08:25:20 Handler State: START_DCU (8) -> EXCHANGE_TWO (9)
2026-05-15 08:25:20 CartMove: Exchange 2
2026-05-15 08:25:20 CartMoveState: EXCH_1_WAIT (14) -> EXCH_1_CART (15)
2026-05-15 08:25:23 CartMoveState: EXCH_1_CART (15) -> EXCH_2_MOVE (16)
2026-05-15 08:25:24 CartMoveState: EXCH_2_MOVE (16) -> EXCH_2_CART (17)
2026-05-15 08:25:26 CartMoveState: EXCH_2_CART (17) -> STORE_DECIDE (18)
2026-05-15 08:25:26 Used volume for last job: 199.794
2026-05-15 08:25:26 Handler State: EXCHANGE_TWO (9) -> WAIT_FOR_DCU (10)
2026-05-15 08:25:27 Handler State: WAIT_FOR_DCU (10) -> EXCHANGE_THREE (11)
2026-05-15 08:25:28 CartMove: Exchange 3
2026-05-15 08:25:28 CartMoveState: STORE_DECIDE (18) -> AUX_DECIDE (5)
2026-05-15 08:25:28 CartMoveState: AUX_DECIDE (5) -> TO_MOVE (10)
2026-05-15 08:25:28 CartMoveState: TO_MOVE (10) -> TO_CART (11)
2026-05-15 08:25:30 CartMoveState: TO_CART (11) -> HOME_MOVE (12)
2026-05-15 08:25:30 CartMoveState: HOME_MOVE (12) -> HALT (13)
2026-05-15 08:25:30 CartMoveState: HALT (13) -> IDLE (1)
2026-05-15 08:25:30 Handler State: EXCHANGE_THREE (11) -> POST_PROCESS (12)
2026-05-15 08:25:30 Handler State: POST_PROCESS (12) -> MOVE_ARM_HOME (14)
2026-05-15 08:25:30 Handler State: MOVE_ARM_HOME (14) -> HANDLER_IDLE (1)
2026-05-15 08:33:01 Handler State: HANDLER_IDLE (1) -> HANDLER_START (2)
2026-05-15 08:33:02 Handler State: HANDLER_START (2) -> DECIDE_CART (3)
2026-05-15 08:33:02 Selection: IFS is clean and its cartridge is cleaned.
2026-05-15 08:33:02 Selected Primary Cartridge: 3
2026-05-15 08:33:02 Selected Primary Station: 104
2026-05-15 08:33:02 Selected Secondary Cartridge: 0
2026-05-15 08:33:02 Selected Secondary Station: 0
2026-05-15 08:33:02 Selected Filling Volume: 453
2026-05-15 08:33:02 Handler State: DECIDE_CART (3) -> CHECK_SEC_CART (26)
2026-05-15 08:33:02 Handler State: CHECK_SEC_CART (26) -> PROBE_CART (24)
2026-05-15 08:33:02 CartMove: Exchange 1, from 104
2026-05-15 08:33:02 CartMoveState: IDLE (1) -> FROM_MOVE (3)
2026-05-15 08:33:03 CartMoveState: FROM_MOVE (3) -> FROM_PROBE (19)
2026-05-15 08:33:05 Handler State: PROBE_CART (24) -> PROCESS_CART (6)
2026-05-15 08:33:05 Setting CBS color valve (FillIFS): 1
2026-05-15 08:33:06 Primed volume (FillIFS): 1.71629
2026-05-15 08:33:06 Re-Calculated Filling Volume: 453
2026-05-15 08:33:06 Setting CBS color valve (FillCart): 1
2026-05-15 08:33:28 Handler State: PROCESS_CART (6) -> EXCHANGE_ONE (7)
2026-05-15 08:33:28 CartMove: Exchange 1, from 104
2026-05-15 08:33:28 CartMoveState: FROM_PROBE (19) -> FROM_CART (4)
2026-05-15 08:33:33 Setting CBS color valve (Finished): 0
2026-05-15 08:33:35 CartMoveState: FROM_CART (4) -> TO_MOVE (10)
2026-05-15 08:33:36 CartMoveState: TO_MOVE (10) -> EXCH_1_WAIT (14)
2026-05-15 08:33:36 Handler State: EXCHANGE_ONE (7) -> START_DCU (8)
2026-05-15 08:33:37 Handler State: START_DCU (8) -> EXCHANGE_TWO (9)
2026-05-15 08:33:37 CartMove: Exchange 2
2026-05-15 08:33:37 CartMoveState: EXCH_1_WAIT (14) -> EXCH_1_CART (15)
2026-05-15 08:33:40 CartMoveState: EXCH_1_CART (15) -> EXCH_2_MOVE (16)
2026-05-15 08:33:41 CartMoveState: EXCH_2_MOVE (16) -> EXCH_2_CART (17)
2026-05-15 08:33:43 CartMoveState: EXCH_2_CART (17) -> STORE_DECIDE (18)
2026-05-15 08:33:43 Used volume for last job: 283.311
2026-05-15 08:33:43 Handler State: EXCHANGE_TWO (9) -> WAIT_FOR_DCU (10)
2026-05-15 08:33:45 Handler State: WAIT_FOR_DCU (10) -> EXCHANGE_THREE (11)
2026-05-15 08:33:45 CartMove: Exchange 3
2026-05-15 08:33:45 CartMoveState: STORE_DECIDE (18) -> AUX_DECIDE (5)
2026-05-15 08:33:45 CartMoveState: AUX_DECIDE (5) -> TO_MOVE (10)
2026-05-15 08:33:46 CartMoveState: TO_MOVE (10) -> TO_CART (11)
2026-05-15 08:33:48 CartMoveState: TO_CART (11) -> HOME_MOVE (12)
2026-05-15 08:33:50 CartMoveState: HOME_MOVE (12) -> HALT (13)
2026-05-15 08:33:50 CartMoveState: HALT (13) -> IDLE (1)
2026-05-15 08:33:50 Handler State: EXCHANGE_THREE (11) -> POST_PROCESS (12)
2026-05-15 08:33:50 Handler State: POST_PROCESS (12) -> MOVE_ARM_HOME (14)
2026-05-15 08:33:50 Handler State: MOVE_ARM_HOME (14) -> HANDLER_IDLE (1)
2026-05-15 08:38:01 Handler State: HANDLER_IDLE (1) -> HANDLER_START (2)
2026-05-15 08:38:02 Handler State: HANDLER_START (2) -> DECIDE_CART (3)
2026-05-15 08:38:02 Selection: IFS has correct material.
2026-05-15 08:38:02 Selection: Last resort, just pick the first cartridge.
2026-05-15 08:38:02 Selected Primary Cartridge: 6
2026-05-15 08:38:02 Selected Primary Station: 104
2026-05-15 08:38:02 Selected Secondary Cartridge: 0
2026-05-15 08:38:02 Selected Secondary Station: 0
2026-05-15 08:38:02 Selected Filling Volume: 477
2026-05-15 08:38:02 Handler State: DECIDE_CART (3) -> PLACE_CART (5)
2026-05-15 08:38:02 CartMove: Move, from 107 to 104
2026-05-15 08:38:02 CartMoveState: IDLE (1) -> FROM_MOVE (3)
2026-05-15 08:38:03 CartMoveState: FROM_MOVE (3) -> FROM_CART (4)
2026-05-15 08:38:06 CartMoveState: FROM_CART (4) -> AUX_DECIDE (5)
2026-05-15 08:38:06 CartMoveState: AUX_DECIDE (5) -> TO_MOVE (10)
2026-05-15 08:38:07 CartMoveState: TO_MOVE (10) -> TO_CART (11)
2026-05-15 08:38:10 CartMoveState: TO_CART (11) -> HOME_MOVE (12)
2026-05-15 08:38:11 CartMoveState: HOME_MOVE (12) -> HALT (13)
2026-05-15 08:38:11 CartMoveState: HALT (13) -> IDLE (1)
2026-05-15 08:38:11 Handler State: PLACE_CART (5) -> CHECK_SEC_CART (26)
2026-05-15 08:38:11 Handler State: CHECK_SEC_CART (26) -> PROBE_CART (24)
2026-05-15 08:38:11 CartMove: Exchange 1, from 104
2026-05-15 08:38:11 CartMoveState: IDLE (1) -> FROM_MOVE (3)
2026-05-15 08:38:12 CartMoveState: FROM_MOVE (3) -> FROM_PROBE (19)
2026-05-15 08:38:14 Handler State: PROBE_CART (24) -> PROCESS_CART (6)
2026-05-15 08:38:45 Setting CBS color valve (FillGate): 1
2026-05-15 08:38:46 Primed volume (FillGate): 1.43986
2026-05-15 08:38:46 Re-Calculated Filling Volume: 477
2026-05-15 08:38:46 Setting CBS color valve (FillCart): 1
2026-05-15 08:39:07 Handler State: PROCESS_CART (6) -> EXCHANGE_ONE (7)
2026-05-15 08:39:07 CartMove: Exchange 1, from 104
2026-05-15 08:39:07 CartMoveState: FROM_PROBE (19) -> FROM_CART (4)
2026-05-15 08:39:13 Setting CBS color valve (Finished): 0
2026-05-15 08:39:15 CartMoveState: FROM_CART (4) -> TO_MOVE (10)
2026-05-15 08:39:16 CartMoveState: TO_MOVE (10) -> EXCH_1_WAIT (14)
2026-05-15 08:39:16 Handler State: EXCHANGE_ONE (7) -> START_DCU (8)
2026-05-15 08:39:44 Handler State: START_DCU (8) -> EXCHANGE_TWO (9)
2026-05-15 08:39:44 CartMove: Exchange 2
2026-05-15 08:39:46 CartMoveState: EXCH_1_WAIT (14) -> EXCH_1_CART (15)
2026-05-15 08:39:48 CartMoveState: EXCH_1_CART (15) -> EXCH_2_MOVE (16)
2026-05-15 08:39:49 CartMoveState: EXCH_2_MOVE (16) -> EXCH_2_CART (17)
2026-05-15 08:39:51 CartMoveState: EXCH_2_CART (17) -> STORE_DECIDE (18)
2026-05-15 08:39:51 Used volume for last job: 0
2026-05-15 08:39:51 Handler State: EXCHANGE_TWO (9) -> WAIT_FOR_DCU (10)
2026-05-15 08:39:53 Handler State: WAIT_FOR_DCU (10) -> EXCHANGE_THREE (11)
2026-05-15 08:39:53 CartMove: Exchange 3
2026-05-15 08:39:53 CartMoveState: STORE_DECIDE (18) -> AUX_DECIDE (5)
2026-05-15 08:39:53 CartMoveState: AUX_DECIDE (5) -> TO_MOVE (10)
2026-05-15 08:39:54 CartMoveState: TO_MOVE (10) -> TO_CART (11)
2026-05-15 08:39:56 CartMoveState: TO_CART (11) -> HOME_MOVE (12)
2026-05-15 08:39:57 CartMoveState: HOME_MOVE (12) -> HALT (13)
2026-05-15 08:39:57 CartMoveState: HALT (13) -> IDLE (1)
2026-05-15 08:39:57 Handler State: EXCHANGE_THREE (11) -> POST_PROCESS (12)
2026-05-15 08:39:57 Handler State: POST_PROCESS (12) -> MOVE_ARM_HOME (14)
2026-05-15 08:39:58 Handler State: MOVE_ARM_HOME (14) -> HANDLER_IDLE (1)
2026-05-15 08:40:14 Handler State: HANDLER_IDLE (1) -> HANDLER_START (2)
2026-05-15 08:40:15 Handler State: HANDLER_START (2) -> DECIDE_CART (3)
2026-05-15 08:40:15 Selection: IFS is clean and its cartridge is cleaned.
2026-05-15 08:40:15 Selected Primary Cartridge: 2
2026-05-15 08:40:15 Selected Primary Station: 103
2026-05-15 08:40:15 Selected Secondary Cartridge: 0
2026-05-15 08:40:15 Selected Secondary Station: 0
2026-05-15 08:40:15 Selected Filling Volume: 183
2026-05-15 08:40:15 Handler State: DECIDE_CART (3) -> CHECK_SEC_CART (26)
2026-05-15 08:40:15 Handler State: CHECK_SEC_CART (26) -> PROBE_CART (24)
2026-05-15 08:40:15 CartMove: Exchange 1, from 103
2026-05-15 08:40:15 CartMoveState: IDLE (1) -> FROM_MOVE (3)
2026-05-15 08:40:15 CartMoveState: FROM_MOVE (3) -> FROM_PROBE (19)
2026-05-15 08:40:17 Handler State: PROBE_CART (24) -> PROCESS_CART (6)
2026-05-15 08:40:17 Setting CBS color valve (FillIFS): 1
2026-05-15 08:40:18 Primed volume (FillIFS): 1.39507
2026-05-15 08:40:19 Re-Calculated Filling Volume: 183
2026-05-15 08:40:19 Setting CBS color valve (FillCart): 1
2026-05-15 08:40:28 Handler State: PROCESS_CART (6) -> EXCHANGE_ONE (7)
2026-05-15 08:40:28 CartMove: Exchange 1, from 103
2026-05-15 08:40:28 CartMoveState: FROM_PROBE (19) -> FROM_CART (4)
2026-05-15 08:40:34 Setting CBS color valve (Finished): 0
2026-05-15 08:40:35 CartMoveState: FROM_CART (4) -> TO_MOVE (10)
2026-05-15 08:40:37 CartMoveState: TO_MOVE (10) -> EXCH_1_WAIT (14)
2026-05-15 08:40:37 Handler State: EXCHANGE_ONE (7) -> START_DCU (8)
2026-05-15 08:41:31 Handler State: START_DCU (8) -> EXCHANGE_TWO (9)
2026-05-15 08:41:31 CartMove: Exchange 2
2026-05-15 08:41:42 CartMoveState: EXCH_1_WAIT (14) -> EXCH_1_CART (15)
2026-05-15 08:41:45 CartMoveState: EXCH_1_CART (15) -> EXCH_2_MOVE (16)
2026-05-15 08:41:46 CartMoveState: EXCH_2_MOVE (16) -> EXCH_2_CART (17)
2026-05-15 08:41:48 CartMoveState: EXCH_2_CART (17) -> STORE_DECIDE (18)
2026-05-15 08:41:48 Used volume for last job: 425.959
2026-05-15 08:41:48 Handler State: EXCHANGE_TWO (9) -> WAIT_FOR_DCU (10)
2026-05-15 08:41:50 Handler State: WAIT_FOR_DCU (10) -> EXCHANGE_THREE (11)
2026-05-15 08:41:50 CartMove: Exchange 3
2026-05-15 08:41:50 CartMoveState: STORE_DECIDE (18) -> AUX_DECIDE (5)
2026-05-15 08:41:50 CartMoveState: AUX_DECIDE (5) -> TO_MOVE (10)
2026-05-15 08:41:51 CartMoveState: TO_MOVE (10) -> TO_CART (11)
2026-05-15 08:41:54 CartMoveState: TO_CART (11) -> HOME_MOVE (12)
2026-05-15 08:41:55 CartMoveState: HOME_MOVE (12) -> HALT (13)
2026-05-15 08:41:55 CartMoveState: HALT (13) -> IDLE (1)
2026-05-15 08:41:55 Handler State: EXCHANGE_THREE (11) -> POST_PROCESS (12)
2026-05-15 08:41:55 Handler State: POST_PROCESS (12) -> MOVE_ARM_HOME (14)
2026-05-15 08:41:55 Handler State: MOVE_ARM_HOME (14) -> HANDLER_IDLE (1)
2026-05-15 08:42:20 Handler State: HANDLER_IDLE (1) -> HANDLER_START (2)
2026-05-15 08:42:21 Handler State: HANDLER_START (2) -> DECIDE_CART (3)
2026-05-15 08:42:21 Selection: IFS has correct material.
2026-05-15 08:42:21 Selection: Last resort, just pick the first cartridge.
2026-05-15 08:42:22 Selected Primary Cartridge: 5
2026-05-15 08:42:22 Selected Primary Station: 103
2026-05-15 08:42:22 Selected Secondary Cartridge: 0
2026-05-15 08:42:22 Selected Secondary Station: 0
2026-05-15 08:42:22 Selected Filling Volume: 456
2026-05-15 08:42:22 Handler State: DECIDE_CART (3) -> PLACE_CART (5)
2026-05-15 08:42:22 CartMove: Move, from 106 to 103
2026-05-15 08:42:22 CartMoveState: IDLE (1) -> FROM_MOVE (3)
2026-05-15 08:42:23 CartMoveState: FROM_MOVE (3) -> FROM_CART (4)
2026-05-15 08:42:26 CartMoveState: FROM_CART (4) -> AUX_DECIDE (5)
2026-05-15 08:42:26 CartMoveState: AUX_DECIDE (5) -> TO_MOVE (10)
2026-05-15 08:42:27 CartMoveState: TO_MOVE (10) -> TO_CART (11)
2026-05-15 08:42:29 CartMoveState: TO_CART (11) -> HOME_MOVE (12)
2026-05-15 08:42:29 CartMoveState: HOME_MOVE (12) -> HALT (13)
2026-05-15 08:42:29 CartMoveState: HALT (13) -> IDLE (1)
2026-05-15 08:42:29 Handler State: PLACE_CART (5) -> CHECK_SEC_CART (26)
2026-05-15 08:42:29 Handler State: CHECK_SEC_CART (26) -> PROBE_CART (24)
2026-05-15 08:42:29 CartMove: Exchange 1, from 103
2026-05-15 08:42:29 CartMoveState: IDLE (1) -> FROM_MOVE (3)
2026-05-15 08:42:30 CartMoveState: FROM_MOVE (3) -> FROM_PROBE (19)
2026-05-15 08:42:31 Handler State: PROBE_CART (24) -> PROCESS_CART (6)
2026-05-15 08:43:03 Setting CBS color valve (FillGate): 1
2026-05-15 08:43:04 Primed volume (FillGate): 2.501
2026-05-15 08:43:04 Re-Calculated Filling Volume: 456
2026-05-15 08:43:04 Setting CBS color valve (FillCart): 1
2026-05-15 08:43:24 Handler State: PROCESS_CART (6) -> EXCHANGE_ONE (7)
2026-05-15 08:43:24 CartMove: Exchange 1, from 103
2026-05-15 08:43:24 CartMoveState: FROM_PROBE (19) -> FROM_CART (4)
2026-05-15 08:43:30 Setting CBS color valve (Finished): 0
2026-05-15 08:43:31 CartMoveState: FROM_CART (4) -> TO_MOVE (10)
2026-05-15 08:43:33 CartMoveState: TO_MOVE (10) -> EXCH_1_WAIT (14)
2026-05-15 08:43:33 Handler State: EXCHANGE_ONE (7) -> START_DCU (8)
2026-05-15 08:44:27 Handler State: START_DCU (8) -> EXCHANGE_TWO (9)
2026-05-15 08:44:27 CartMove: Exchange 2
2026-05-15 08:44:38 CartMoveState: EXCH_1_WAIT (14) -> EXCH_1_CART (15)
2026-05-15 08:44:41 CartMoveState: EXCH_1_CART (15) -> EXCH_2_MOVE (16)
2026-05-15 08:44:42 CartMoveState: EXCH_2_MOVE (16) -> EXCH_2_CART (17)
2026-05-15 08:44:44 CartMoveState: EXCH_2_CART (17) -> STORE_DECIDE (18)
2026-05-15 08:44:44 Used volume for last job: 132.732
2026-05-15 08:44:44 Handler State: EXCHANGE_TWO (9) -> WAIT_FOR_DCU (10)
2026-05-15 08:44:45 Handler State: WAIT_FOR_DCU (10) -> EXCHANGE_THREE (11)
2026-05-15 08:44:45 CartMove: Exchange 3
2026-05-15 08:44:45 CartMoveState: STORE_DECIDE (18) -> AUX_DECIDE (5)
2026-05-15 08:44:45 CartMoveState: AUX_DECIDE (5) -> TO_MOVE (10)
2026-05-15 08:44:46 CartMoveState: TO_MOVE (10) -> TO_CART (11)
2026-05-15 08:44:48 CartMoveState: TO_CART (11) -> HOME_MOVE (12)
2026-05-15 08:44:49 CartMoveState: HOME_MOVE (12) -> HALT (13)
2026-05-15 08:44:49 CartMoveState: HALT (13) -> IDLE (1)
2026-05-15 08:44:49 Handler State: EXCHANGE_THREE (11) -> POST_PROCESS (12)
2026-05-15 08:44:49 Handler State: POST_PROCESS (12) -> MOVE_ARM_HOME (14)
2026-05-15 08:44:49 Handler State: MOVE_ARM_HOME (14) -> HANDLER_IDLE (1)
2026-05-15 08:47:03 Handler State: HANDLER_IDLE (1) -> HANDLER_START (2)
2026-05-15 08:47:04 Handler State: HANDLER_START (2) -> DECIDE_CART (3)
2026-05-15 08:47:04 Selection: IFS has correct material and its cartridge has correct material.
2026-05-15 08:47:04 Selected Primary Cartridge: 2
2026-05-15 08:47:04 Selected Primary Station: 103
2026-05-15 08:47:04 Selected Secondary Cartridge: 0
2026-05-15 08:47:04 Selected Secondary Station: 0
2026-05-15 08:47:04 Selected Filling Volume: 443
2026-05-15 08:47:04 Handler State: DECIDE_CART (3) -> CHECK_SEC_CART (26)
2026-05-15 08:47:04 Handler State: CHECK_SEC_CART (26) -> PROBE_CART (24)
2026-05-15 08:47:04 CartMove: Exchange 1, from 103
2026-05-15 08:47:04 CartMoveState: IDLE (1) -> FROM_MOVE (3)
2026-05-15 08:47:04 CartMoveState: FROM_MOVE (3) -> FROM_PROBE (19)
2026-05-15 08:47:06 Handler State: PROBE_CART (24) -> PROCESS_CART (6)
2026-05-15 08:47:37 Setting CBS color valve (FillGate): 1
2026-05-15 08:47:38 Primed volume (FillGate): 1.93889
2026-05-15 08:47:38 Re-Calculated Filling Volume: 443
2026-05-15 08:47:38 Setting CBS color valve (FillCart): 1
2026-05-15 08:47:57 Handler State: PROCESS_CART (6) -> EXCHANGE_ONE (7)
2026-05-15 08:47:57 CartMove: Exchange 1, from 103
2026-05-15 08:47:57 CartMoveState: FROM_PROBE (19) -> FROM_CART (4)
2026-05-15 08:48:03 Setting CBS color valve (Finished): 0
2026-05-15 08:48:05 CartMoveState: FROM_CART (4) -> TO_MOVE (10)
2026-05-15 08:48:06 CartMoveState: TO_MOVE (10) -> EXCH_1_WAIT (14)
2026-05-15 08:48:06 Handler State: EXCHANGE_ONE (7) -> START_DCU (8)
2026-05-15 08:48:40 Handler State: START_DCU (8) -> EXCHANGE_TWO (9)
2026-05-15 08:48:40 CartMove: Exchange 2
2026-05-15 08:48:41 CartMoveState: EXCH_1_WAIT (14) -> EXCH_1_CART (15)
2026-05-15 08:48:43 CartMoveState: EXCH_1_CART (15) -> EXCH_2_MOVE (16)
2026-05-15 08:48:45 CartMoveState: EXCH_2_MOVE (16) -> EXCH_2_CART (17)
2026-05-15 08:48:47 CartMoveState: EXCH_2_CART (17) -> STORE_DECIDE (18)
2026-05-15 08:48:47 Used volume for last job: 0
2026-05-15 08:48:47 Handler State: EXCHANGE_TWO (9) -> WAIT_FOR_DCU (10)
2026-05-15 08:48:48 Handler State: WAIT_FOR_DCU (10) -> EXCHANGE_THREE (11)
2026-05-15 08:48:48 CartMove: Exchange 3
2026-05-15 08:48:48 CartMoveState: STORE_DECIDE (18) -> AUX_DECIDE (5)
2026-05-15 08:48:48 CartMoveState: AUX_DECIDE (5) -> TO_MOVE (10)
2026-05-15 08:48:49 CartMoveState: TO_MOVE (10) -> TO_CART (11)
2026-05-15 08:48:51 CartMoveState: TO_CART (11) -> HOME_MOVE (12)
2026-05-15 08:48:52 CartMoveState: HOME_MOVE (12) -> HALT (13)
2026-05-15 08:48:52 CartMoveState: HALT (13) -> IDLE (1)
2026-05-15 08:48:52 Handler State: EXCHANGE_THREE (11) -> POST_PROCESS (12)
2026-05-15 08:48:52 Handler State: POST_PROCESS (12) -> MOVE_ARM_HOME (14)
2026-05-15 08:48:52 Handler State: MOVE_ARM_HOME (14) -> HANDLER_IDLE (1)
2026-05-15 08:50:36 Handler State: HANDLER_IDLE (1) -> SEMI_START (15)
2026-05-15 08:50:36 Handler State: SEMI_START (15) -> SEMI_PROBE_CART (25)
2026-05-15 08:50:38 Handler State: SEMI_PROBE_CART (25) -> SEMI_PROCESS (16)
2026-05-15 08:51:17 Re-Calculated Filling Volume: 0
2026-05-15 08:51:23 Setting CBS color valve (Finished): 0
2026-05-15 08:51:23 Handler State: SEMI_PROCESS (16) -> SEMI_WHAT_NEXT (21)
2026-05-15 08:51:23 Handler State: SEMI_WHAT_NEXT (21) -> SEMI_FINISHED (23)
2026-05-15 08:51:23 Handler State: SEMI_FINISHED (23) -> HANDLER_IDLE (1)
2026-05-15 08:51:26 Handler State: HANDLER_IDLE (1) -> SEMI_START (15)
2026-05-15 08:51:26 Handler State: SEMI_START (15) -> SEMI_PROBE_CART (25)
2026-05-15 08:51:29 Handler State: SEMI_PROBE_CART (25) -> SEMI_PROCESS (16)
2026-05-15 08:52:06 Re-Calculated Filling Volume: 0
2026-05-15 08:52:12 Setting CBS color valve (Finished): 0
2026-05-15 08:52:12 Handler State: SEMI_PROCESS (16) -> SEMI_WHAT_NEXT (21)
2026-05-15 08:52:12 Handler State: SEMI_WHAT_NEXT (21) -> SEMI_FINISHED (23)
2026-05-15 08:52:13 Handler State: SEMI_FINISHED (23) -> HANDLER_IDLE (1)
2026-05-15 08:54:22 Handler State: HANDLER_IDLE (1) -> HANDLER_START (2)
2026-05-15 08:54:23 Handler State: HANDLER_START (2) -> DECIDE_CART (3)
2026-05-15 08:54:23 Selection: IFS is clean and its cartridge is cleaned.
2026-05-15 08:54:23 Selected Primary Cartridge: 5
2026-05-15 08:54:23 Selected Primary Station: 103
2026-05-15 08:54:23 Selected Secondary Cartridge: 0
2026-05-15 08:54:23 Selected Secondary Station: 0
2026-05-15 08:54:23 Selected Filling Volume: 484
2026-05-15 08:54:23 Handler State: DECIDE_CART (3) -> CHECK_SEC_CART (26)
2026-05-15 08:54:23 Handler State: CHECK_SEC_CART (26) -> PROBE_CART (24)
2026-05-15 08:54:23 CartMove: Exchange 1, from 103
2026-05-15 08:54:23 CartMoveState: IDLE (1) -> FROM_MOVE (3)
2026-05-15 08:54:23 CartMoveState: FROM_MOVE (3) -> FROM_PROBE (19)
2026-05-15 08:54:25 Handler State: PROBE_CART (24) -> PROCESS_CART (6)
2026-05-15 08:54:25 Setting CBS color valve (FillIFS): 2
2026-05-15 08:54:26 Primed volume (FillIFS): 1.70291
2026-05-15 08:54:26 Re-Calculated Filling Volume: 484
2026-05-15 08:54:26 Setting CBS color valve (FillCart): 2
2026-05-15 08:54:47 Handler State: PROCESS_CART (6) -> EXCHANGE_ONE (7)
2026-05-15 08:54:47 CartMove: Exchange 1, from 103
2026-05-15 08:54:47 CartMoveState: FROM_PROBE (19) -> FROM_CART (4)
2026-05-15 08:54:52 Setting CBS color valve (Finished): 0
2026-05-15 08:54:54 CartMoveState: FROM_CART (4) -> TO_MOVE (10)
2026-05-15 08:54:56 CartMoveState: TO_MOVE (10) -> EXCH_1_WAIT (14)
2026-05-15 08:54:56 Handler State: EXCHANGE_ONE (7) -> START_DCU (8)
2026-05-15 08:54:56 Handler State: START_DCU (8) -> EXCHANGE_TWO (9)
2026-05-15 08:54:56 CartMove: Exchange 2
2026-05-15 08:54:56 CartMoveState: EXCH_1_WAIT (14) -> EXCH_1_CART (15)
2026-05-15 08:54:59 CartMoveState: EXCH_1_CART (15) -> EXCH_2_MOVE (16)
2026-05-15 08:55:00 CartMoveState: EXCH_2_MOVE (16) -> EXCH_2_CART (17)
2026-05-15 08:55:02 CartMoveState: EXCH_2_CART (17) -> STORE_DECIDE (18)
2026-05-15 08:55:02 Used volume for last job: 393.488
2026-05-15 08:55:02 Handler State: EXCHANGE_TWO (9) -> WAIT_FOR_DCU (10)
2026-05-15 08:55:04 Handler State: WAIT_FOR_DCU (10) -> EXCHANGE_THREE (11)
2026-05-15 08:55:04 CartMove: Exchange 3
2026-05-15 08:55:04 CartMoveState: STORE_DECIDE (18) -> AUX_DECIDE (5)
2026-05-15 08:55:04 CartMoveState: AUX_DECIDE (5) -> TO_MOVE (10)
2026-05-15 08:55:04 CartMoveState: TO_MOVE (10) -> TO_CART (11)
2026-05-15 08:55:07 CartMoveState: TO_CART (11) -> HOME_MOVE (12)
2026-05-15 08:55:07 CartMoveState: HOME_MOVE (12) -> HALT (13)
2026-05-15 08:55:07 CartMoveState: HALT (13) -> IDLE (1)
2026-05-15 08:55:07 Handler State: EXCHANGE_THREE (11) -> POST_PROCESS (12)
2026-05-15 08:55:07 Handler State: POST_PROCESS (12) -> MOVE_ARM_HOME (14)
2026-05-15 08:55:07 Handler State: MOVE_ARM_HOME (14) -> HANDLER_IDLE (1)
2026-05-15 08:57:54 Handler State: HANDLER_IDLE (1) -> HANDLER_START (2)
2026-05-15 08:57:55 Handler State: HANDLER_START (2) -> DECIDE_CART (3)
2026-05-15 08:57:55 Selection: IFS has correct material.
2026-05-15 08:57:55 Selection: Last resort, just pick the first cartridge.
2026-05-15 08:57:55 Selected Primary Cartridge: 2
2026-05-15 08:57:55 Selected Primary Station: 103
2026-05-15 08:57:55 Selected Secondary Cartridge: 0
2026-05-15 08:57:55 Selected Secondary Station: 0
2026-05-15 08:57:55 Selected Filling Volume: 447
2026-05-15 08:57:55 Handler State: DECIDE_CART (3) -> CHECK_SEC_CART (26)
2026-05-15 08:57:55 Handler State: CHECK_SEC_CART (26) -> PROBE_CART (24)
2026-05-15 08:57:55 CartMove: Exchange 1, from 103
2026-05-15 08:57:55 CartMoveState: IDLE (1) -> FROM_MOVE (3)
2026-05-15 08:57:55 CartMoveState: FROM_MOVE (3) -> FROM_PROBE (19)
2026-05-15 08:57:57 Handler State: PROBE_CART (24) -> PROCESS_CART (6)
2026-05-15 08:58:28 Setting CBS color valve (FillGate): 2
2026-05-15 08:58:29 Primed volume (FillGate): 0.456232
2026-05-15 08:58:29 Re-Calculated Filling Volume: 447
2026-05-15 08:58:29 Setting CBS color valve (FillCart): 2
2026-05-15 08:58:48 Handler State: PROCESS_CART (6) -> EXCHANGE_ONE (7)
2026-05-15 08:58:48 CartMove: Exchange 1, from 103
2026-05-15 08:58:48 CartMoveState: FROM_PROBE (19) -> FROM_CART (4)
2026-05-15 08:58:54 Setting CBS color valve (Finished): 0
2026-05-15 08:58:56 CartMoveState: FROM_CART (4) -> TO_MOVE (10)
2026-05-15 08:58:57 CartMoveState: TO_MOVE (10) -> EXCH_1_WAIT (14)
2026-05-15 08:58:57 Handler State: EXCHANGE_ONE (7) -> START_DCU (8)
2026-05-15 08:59:33 Handler State: START_DCU (8) -> EXCHANGE_TWO (9)
2026-05-15 08:59:33 CartMove: Exchange 2
2026-05-15 08:59:34 CartMoveState: EXCH_1_WAIT (14) -> EXCH_1_CART (15)
2026-05-15 08:59:37 CartMoveState: EXCH_1_CART (15) -> EXCH_2_MOVE (16)
2026-05-15 08:59:38 CartMoveState: EXCH_2_MOVE (16) -> EXCH_2_CART (17)
2026-05-15 08:59:40 CartMoveState: EXCH_2_CART (17) -> STORE_DECIDE (18)
2026-05-15 08:59:40 Used volume for last job: 0
2026-05-15 08:59:40 Handler State: EXCHANGE_TWO (9) -> WAIT_FOR_DCU (10)
2026-05-15 08:59:41 Handler State: WAIT_FOR_DCU (10) -> EXCHANGE_THREE (11)
2026-05-15 08:59:41 CartMove: Exchange 3
2026-05-15 08:59:41 CartMoveState: STORE_DECIDE (18) -> AUX_DECIDE (5)
2026-05-15 08:59:41 CartMoveState: AUX_DECIDE (5) -> TO_MOVE (10)
2026-05-15 08:59:42 CartMoveState: TO_MOVE (10) -> TO_CART (11)
2026-05-15 08:59:44 CartMoveState: TO_CART (11) -> HOME_MOVE (12)
2026-05-15 08:59:45 CartMoveState: HOME_MOVE (12) -> HALT (13)
2026-05-15 08:59:45 CartMoveState: HALT (13) -> IDLE (1)
2026-05-15 08:59:45 Handler State: EXCHANGE_THREE (11) -> POST_PROCESS (12)
2026-05-15 08:59:45 Handler State: POST_PROCESS (12) -> MOVE_ARM_HOME (14)
2026-05-15 08:59:45 Handler State: MOVE_ARM_HOME (14) -> HANDLER_IDLE (1)
2026-05-15 09:00:01 Handler State: HANDLER_IDLE (1) -> HANDLER_START (2)
2026-05-15 09:00:02 Handler State: HANDLER_START (2) -> DECIDE_CART (3)
2026-05-15 09:00:02 Selection: IFS is clean and its cartridge is cleaned.
2026-05-15 09:00:02 Selected Primary Cartridge: 3
2026-05-15 09:00:02 Selected Primary Station: 104
2026-05-15 09:00:02 Selected Secondary Cartridge: 0
2026-05-15 09:00:02 Selected Secondary Station: 0
2026-05-15 09:00:02 Selected Filling Volume: 453
2026-05-15 09:00:02 Handler State: DECIDE_CART (3) -> CHECK_SEC_CART (26)
2026-05-15 09:00:02 Handler State: CHECK_SEC_CART (26) -> PROBE_CART (24)
2026-05-15 09:00:02 CartMove: Exchange 1, from 104
2026-05-15 09:00:02 CartMoveState: IDLE (1) -> FROM_MOVE (3)
2026-05-15 09:00:02 CartMoveState: FROM_MOVE (3) -> FROM_PROBE (19)
2026-05-15 09:00:04 Handler State: PROBE_CART (24) -> PROCESS_CART (6)
2026-05-15 09:00:04 Setting CBS color valve (FillIFS): 1
2026-05-15 09:00:06 Primed volume (FillIFS): 2.41202
2026-05-15 09:00:06 Re-Calculated Filling Volume: 453
2026-05-15 09:00:06 Setting CBS color valve (FillCart): 1
2026-05-15 09:00:28 Handler State: PROCESS_CART (6) -> EXCHANGE_ONE (7)
2026-05-15 09:00:28 CartMove: Exchange 1, from 104
2026-05-15 09:00:28 CartMoveState: FROM_PROBE (19) -> FROM_CART (4)
2026-05-15 09:00:33 Setting CBS color valve (Finished): 0
2026-05-15 09:00:35 CartMoveState: FROM_CART (4) -> TO_MOVE (10)
2026-05-15 09:00:37 CartMoveState: TO_MOVE (10) -> EXCH_1_WAIT (14)
2026-05-15 09:00:37 Handler State: EXCHANGE_ONE (7) -> START_DCU (8)
2026-05-15 09:01:14 Handler State: START_DCU (8) -> EXCHANGE_TWO (9)
2026-05-15 09:01:14 CartMove: Exchange 2
2026-05-15 09:01:25 CartMoveState: EXCH_1_WAIT (14) -> EXCH_1_CART (15)
2026-05-15 09:01:28 CartMoveState: EXCH_1_CART (15) -> EXCH_2_MOVE (16)
2026-05-15 09:01:29 CartMoveState: EXCH_2_MOVE (16) -> EXCH_2_CART (17)
2026-05-15 09:01:31 CartMoveState: EXCH_2_CART (17) -> STORE_DECIDE (18)
2026-05-15 09:01:31 Used volume for last job: 399.218
2026-05-15 09:01:31 Handler State: EXCHANGE_TWO (9) -> WAIT_FOR_DCU (10)
2026-05-15 09:01:32 Handler State: WAIT_FOR_DCU (10) -> EXCHANGE_THREE (11)
2026-05-15 09:01:32 CartMove: Exchange 3
2026-05-15 09:01:32 CartMoveState: STORE_DECIDE (18) -> AUX_DECIDE (5)
2026-05-15 09:01:32 CartMoveState: AUX_DECIDE (5) -> TO_MOVE (10)
2026-05-15 09:01:34 CartMoveState: TO_MOVE (10) -> TO_CART (11)
2026-05-15 09:01:36 CartMoveState: TO_CART (11) -> HOME_MOVE (12)
2026-05-15 09:01:38 CartMoveState: HOME_MOVE (12) -> HALT (13)
2026-05-15 09:01:38 CartMoveState: HALT (13) -> IDLE (1)
2026-05-15 09:01:38 Handler State: EXCHANGE_THREE (11) -> POST_PROCESS (12)
2026-05-15 09:01:38 Handler State: POST_PROCESS (12) -> MOVE_ARM_HOME (14)
2026-05-15 09:01:38 Handler State: MOVE_ARM_HOME (14) -> HANDLER_IDLE (1)
2026-05-15 09:02:55 Handler State: HANDLER_IDLE (1) -> HANDLER_START (2)
2026-05-15 09:02:56 Handler State: HANDLER_START (2) -> DECIDE_CART (3)
2026-05-15 09:02:56 Selection: IFS has correct material.
2026-05-15 09:02:57 Selection: Last resort, just pick the first cartridge.
2026-05-15 09:02:57 Selected Primary Cartridge: 6
2026-05-15 09:02:57 Selected Primary Station: 104
2026-05-15 09:02:57 Selected Secondary Cartridge: 0
2026-05-15 09:02:57 Selected Secondary Station: 0
2026-05-15 09:02:57 Selected Filling Volume: 477
2026-05-15 09:02:57 Handler State: DECIDE_CART (3) -> PLACE_CART (5)
2026-05-15 09:02:57 CartMove: Move, from 107 to 104
2026-05-15 09:02:57 CartMoveState: IDLE (1) -> FROM_MOVE (3)
2026-05-15 09:02:58 CartMoveState: FROM_MOVE (3) -> FROM_CART (4)
2026-05-15 09:03:01 CartMoveState: FROM_CART (4) -> AUX_DECIDE (5)
2026-05-15 09:03:01 CartMoveState: AUX_DECIDE (5) -> TO_MOVE (10)
2026-05-15 09:03:02 CartMoveState: TO_MOVE (10) -> TO_CART (11)
2026-05-15 09:03:05 CartMoveState: TO_CART (11) -> HOME_MOVE (12)
2026-05-15 09:03:05 CartMoveState: HOME_MOVE (12) -> HALT (13)
2026-05-15 09:03:05 CartMoveState: HALT (13) -> IDLE (1)
2026-05-15 09:03:05 Handler State: PLACE_CART (5) -> CHECK_SEC_CART (26)
2026-05-15 09:03:05 Handler State: CHECK_SEC_CART (26) -> PROBE_CART (24)
2026-05-15 09:03:05 CartMove: Exchange 1, from 104
2026-05-15 09:03:05 CartMoveState: IDLE (1) -> FROM_MOVE (3)
2026-05-15 09:03:06 CartMoveState: FROM_MOVE (3) -> FROM_PROBE (19)
2026-05-15 09:03:08 Handler State: PROBE_CART (24) -> PROCESS_CART (6)
2026-05-15 09:03:40 Setting CBS color valve (FillGate): 1
2026-05-15 09:03:41 Primed volume (FillGate): 1.45774
2026-05-15 09:03:41 Re-Calculated Filling Volume: 477
2026-05-15 09:03:41 Setting CBS color valve (FillCart): 1
2026-05-15 09:04:02 Handler State: PROCESS_CART (6) -> EXCHANGE_ONE (7)
2026-05-15 09:04:02 CartMove: Exchange 1, from 104
2026-05-15 09:04:02 CartMoveState: FROM_PROBE (19) -> FROM_CART (4)
2026-05-15 09:04:07 Setting CBS color valve (Finished): 0
2026-05-15 09:04:09 CartMoveState: FROM_CART (4) -> TO_MOVE (10)
2026-05-15 09:04:11 CartMoveState: TO_MOVE (10) -> EXCH_1_WAIT (14)
2026-05-15 09:04:11 Handler State: EXCHANGE_ONE (7) -> START_DCU (8)
2026-05-15 09:04:39 Handler State: START_DCU (8) -> EXCHANGE_TWO (9)
2026-05-15 09:04:39 CartMove: Exchange 2
2026-05-15 09:04:40 CartMoveState: EXCH_1_WAIT (14) -> EXCH_1_CART (15)
2026-05-15 09:04:43 CartMoveState: EXCH_1_CART (15) -> EXCH_2_MOVE (16)
2026-05-15 09:04:44 CartMoveState: EXCH_2_MOVE (16) -> EXCH_2_CART (17)
2026-05-15 09:04:46 CartMoveState: EXCH_2_CART (17) -> STORE_DECIDE (18)
2026-05-15 09:04:46 Used volume for last job: 0
2026-05-15 09:04:46 Handler State: EXCHANGE_TWO (9) -> WAIT_FOR_DCU (10)
2026-05-15 09:04:47 Handler State: WAIT_FOR_DCU (10) -> EXCHANGE_THREE (11)
2026-05-15 09:04:48 CartMove: Exchange 3
2026-05-15 09:04:48 CartMoveState: STORE_DECIDE (18) -> AUX_DECIDE (5)
2026-05-15 09:04:48 CartMoveState: AUX_DECIDE (5) -> TO_MOVE (10)
2026-05-15 09:04:49 CartMoveState: TO_MOVE (10) -> TO_CART (11)
2026-05-15 09:04:51 CartMoveState: TO_CART (11) -> HOME_MOVE (12)
2026-05-15 09:04:52 CartMoveState: HOME_MOVE (12) -> HALT (13)
2026-05-15 09:04:52 CartMoveState: HALT (13) -> IDLE (1)
2026-05-15 09:04:52 Handler State: EXCHANGE_THREE (11) -> POST_PROCESS (12)
2026-05-15 09:04:52 Handler State: POST_PROCESS (12) -> MOVE_ARM_HOME (14)
2026-05-15 09:04:52 Handler State: MOVE_ARM_HOME (14) -> HANDLER_IDLE (1)
2026-05-15 09:05:09 Handler State: HANDLER_IDLE (1) -> HANDLER_START (2)
2026-05-15 09:05:10 Handler State: HANDLER_START (2) -> DECIDE_CART (3)
2026-05-15 09:05:10 Selection: Last resort, just pick the first IFS.
2026-05-15 09:05:10 Selection: Last resort, just pick the first cartridge.
2026-05-15 09:05:10 Selected Primary Cartridge: 2
2026-05-15 09:05:10 Selected Primary Station: 103
2026-05-15 09:05:10 Selected Secondary Cartridge: 0
2026-05-15 09:05:10 Selected Secondary Station: 0
2026-05-15 09:05:10 Selected Filling Volume: 640
2026-05-15 09:05:10 Handler State: DECIDE_CART (3) -> REMOVE_CART (4)
2026-05-15 09:05:10 CartMove: Move, from 103 to 108
2026-05-15 09:05:10 CartMoveState: IDLE (1) -> FROM_MOVE (3)
2026-05-15 09:05:10 CartMoveState: FROM_MOVE (3) -> FROM_CART (4)
2026-05-15 09:05:13 CartMoveState: FROM_CART (4) -> AUX_DECIDE (5)
2026-05-15 09:05:13 CartMoveState: AUX_DECIDE (5) -> TO_MOVE (10)
2026-05-15 09:05:14 CartMoveState: TO_MOVE (10) -> TO_CART (11)
2026-05-15 09:05:17 CartMoveState: TO_CART (11) -> HOME_MOVE (12)
2026-05-15 09:05:18 CartMoveState: HOME_MOVE (12) -> HALT (13)
2026-05-15 09:05:18 CartMoveState: HALT (13) -> IDLE (1)
2026-05-15 09:05:18 Handler State: REMOVE_CART (4) -> PLACE_CART (5)
2026-05-15 09:05:18 CartMove: Move, from 106 to 103
2026-05-15 09:05:18 CartMoveState: IDLE (1) -> FROM_MOVE (3)
2026-05-15 09:05:19 CartMoveState: FROM_MOVE (3) -> FROM_CART (4)
2026-05-15 09:05:22 CartMoveState: FROM_CART (4) -> AUX_DECIDE (5)
2026-05-15 09:05:22 CartMoveState: AUX_DECIDE (5) -> TO_MOVE (10)
2026-05-15 09:05:24 CartMoveState: TO_MOVE (10) -> TO_CART (11)
2026-05-15 09:05:26 CartMoveState: TO_CART (11) -> HOME_MOVE (12)
2026-05-15 09:05:26 CartMoveState: HOME_MOVE (12) -> HALT (13)
2026-05-15 09:05:26 CartMoveState: HALT (13) -> IDLE (1)
2026-05-15 09:05:26 Handler State: PLACE_CART (5) -> CHECK_SEC_CART (26)
2026-05-15 09:05:26 Handler State: CHECK_SEC_CART (26) -> PROBE_CART (24)
2026-05-15 09:05:26 CartMove: Exchange 1, from 103
2026-05-15 09:05:26 CartMoveState: IDLE (1) -> FROM_MOVE (3)
2026-05-15 09:05:26 CartMoveState: FROM_MOVE (3) -> FROM_PROBE (19)
2026-05-15 09:05:28 Handler State: PROBE_CART (24) -> PROCESS_CART (6)
2026-05-15 09:06:01 Setting CBS color valve (FillIFS): 1
2026-05-15 09:06:02 Primed volume (FillIFS): 0.346213
2026-05-15 09:06:02 Re-Calculated Filling Volume: 640
2026-05-15 09:06:02 Setting CBS color valve (FillCart): 1
2026-05-15 09:06:27 Handler State: PROCESS_CART (6) -> EXCHANGE_ONE (7)
2026-05-15 09:06:27 CartMove: Exchange 1, from 103
2026-05-15 09:06:27 CartMoveState: FROM_PROBE (19) -> FROM_CART (4)
2026-05-15 09:06:32 Setting CBS color valve (Finished): 0
2026-05-15 09:06:34 CartMoveState: FROM_CART (4) -> TO_MOVE (10)
2026-05-15 09:06:35 CartMoveState: TO_MOVE (10) -> EXCH_1_WAIT (14)
2026-05-15 09:06:35 Handler State: EXCHANGE_ONE (7) -> START_DCU (8)
2026-05-15 09:06:36 Handler State: START_DCU (8) -> EXCHANGE_TWO (9)
2026-05-15 09:06:36 CartMove: Exchange 2
2026-05-15 09:06:37 CartMoveState: EXCH_1_WAIT (14) -> EXCH_1_CART (15)
2026-05-15 09:06:39 CartMoveState: EXCH_1_CART (15) -> EXCH_2_MOVE (16)
2026-05-15 09:06:40 CartMoveState: EXCH_2_MOVE (16) -> EXCH_2_CART (17)
2026-05-15 09:06:42 CartMoveState: EXCH_2_CART (17) -> STORE_DECIDE (18)
2026-05-15 09:06:42 Used volume for last job: 426.455
2026-05-15 09:06:42 Handler State: EXCHANGE_TWO (9) -> WAIT_FOR_DCU (10)
2026-05-15 09:06:44 Handler State: WAIT_FOR_DCU (10) -> EXCHANGE_THREE (11)
2026-05-15 09:06:44 CartMove: Exchange 3
2026-05-15 09:06:44 CartMoveState: STORE_DECIDE (18) -> AUX_DECIDE (5)
2026-05-15 09:06:44 CartMoveState: AUX_DECIDE (5) -> TO_MOVE (10)
2026-05-15 09:06:45 CartMoveState: TO_MOVE (10) -> TO_CART (11)
2026-05-15 09:06:48 CartMoveState: TO_CART (11) -> HOME_MOVE (12)
2026-05-15 09:06:49 CartMoveState: HOME_MOVE (12) -> HALT (13)
2026-05-15 09:06:49 CartMoveState: HALT (13) -> IDLE (1)
2026-05-15 09:06:49 Handler State: EXCHANGE_THREE (11) -> POST_PROCESS (12)
2026-05-15 09:06:49 Handler State: POST_PROCESS (12) -> EMPTY_AUX (13)
2026-05-15 09:06:49 CartMove: Move, from 108 to 103
2026-05-15 09:06:49 CartMoveState: IDLE (1) -> FROM_MOVE (3)
2026-05-15 09:06:51 CartMoveState: FROM_MOVE (3) -> FROM_CART (4)
2026-05-15 09:06:54 CartMoveState: FROM_CART (4) -> AUX_DECIDE (5)
2026-05-15 09:06:54 CartMoveState: AUX_DECIDE (5) -> TO_MOVE (10)
2026-05-15 09:06:55 CartMoveState: TO_MOVE (10) -> TO_CART (11)
2026-05-15 09:06:58 CartMoveState: TO_CART (11) -> HOME_MOVE (12)
2026-05-15 09:06:58 CartMoveState: HOME_MOVE (12) -> HALT (13)
2026-05-15 09:06:58 CartMoveState: HALT (13) -> IDLE (1)
2026-05-15 09:06:58 Handler State: EMPTY_AUX (13) -> MOVE_ARM_HOME (14)
2026-05-15 09:06:58 Handler State: MOVE_ARM_HOME (14) -> HANDLER_IDLE (1)
2026-05-15 09:08:34 Handler State: HANDLER_IDLE (1) -> HANDLER_START (2)
2026-05-15 09:08:35 Handler State: HANDLER_START (2) -> DECIDE_CART (3)
2026-05-15 09:08:35 Selection: IFS has correct material.
2026-05-15 09:08:35 Selection: Last resort, just pick the first cartridge.
2026-05-15 09:08:35 Selected Primary Cartridge: 5
2026-05-15 09:08:35 Selected Primary Station: 103
2026-05-15 09:08:35 Selected Secondary Cartridge: 0
2026-05-15 09:08:35 Selected Secondary Station: 0
2026-05-15 09:08:35 Selected Filling Volume: 640
2026-05-15 09:08:35 Handler State: DECIDE_CART (3) -> CHECK_SEC_CART (26)
2026-05-15 09:08:35 Handler State: CHECK_SEC_CART (26) -> PROBE_CART (24)
2026-05-15 09:08:35 CartMove: Exchange 1, from 103
2026-05-15 09:08:35 CartMoveState: IDLE (1) -> FROM_MOVE (3)
2026-05-15 09:08:35 CartMoveState: FROM_MOVE (3) -> FROM_PROBE (19)
2026-05-15 09:08:37 Handler State: PROBE_CART (24) -> PROCESS_CART (6)
2026-05-15 09:09:16 Setting CBS color valve (FillGate): 1
2026-05-15 09:09:17 Primed volume (FillGate): 1.10449
2026-05-15 09:09:17 Re-Calculated Filling Volume: 640
2026-05-15 09:09:17 Setting CBS color valve (FillCart): 1
2026-05-15 09:09:40 Handler State: PROCESS_CART (6) -> EXCHANGE_ONE (7)
2026-05-15 09:09:40 CartMove: Exchange 1, from 103
2026-05-15 09:09:40 CartMoveState: FROM_PROBE (19) -> FROM_CART (4)
2026-05-15 09:09:45 Setting CBS color valve (Finished): 0
2026-05-15 09:09:47 CartMoveState: FROM_CART (4) -> TO_MOVE (10)
2026-05-15 09:09:48 CartMoveState: TO_MOVE (10) -> EXCH_1_WAIT (14)
2026-05-15 09:09:48 Handler State: EXCHANGE_ONE (7) -> START_DCU (8)
2026-05-15 09:10:43 Handler State: START_DCU (8) -> EXCHANGE_TWO (9)
2026-05-15 09:10:43 CartMove: Exchange 2
2026-05-15 09:10:44 CartMoveState: EXCH_1_WAIT (14) -> EXCH_1_CART (15)
2026-05-15 09:10:47 CartMoveState: EXCH_1_CART (15) -> EXCH_2_MOVE (16)
2026-05-15 09:10:48 CartMoveState: EXCH_2_MOVE (16) -> EXCH_2_CART (17)
2026-05-15 09:10:50 CartMoveState: EXCH_2_CART (17) -> STORE_DECIDE (18)
2026-05-15 09:10:50 Used volume for last job: 0
2026-05-15 09:10:50 Handler State: EXCHANGE_TWO (9) -> WAIT_FOR_DCU (10)
2026-05-15 09:10:51 Handler State: WAIT_FOR_DCU (10) -> EXCHANGE_THREE (11)
2026-05-15 09:10:51 CartMove: Exchange 3
2026-05-15 09:10:51 CartMoveState: STORE_DECIDE (18) -> AUX_DECIDE (5)
2026-05-15 09:10:51 CartMoveState: AUX_DECIDE (5) -> TO_MOVE (10)
2026-05-15 09:10:52 CartMoveState: TO_MOVE (10) -> TO_CART (11)
2026-05-15 09:10:54 CartMoveState: TO_CART (11) -> HOME_MOVE (12)
2026-05-15 09:10:55 CartMoveState: HOME_MOVE (12) -> HALT (13)
2026-05-15 09:10:55 CartMoveState: HALT (13) -> IDLE (1)
2026-05-15 09:10:55 Handler State: EXCHANGE_THREE (11) -> POST_PROCESS (12)
2026-05-15 09:10:55 Handler State: POST_PROCESS (12) -> MOVE_ARM_HOME (14)
2026-05-15 09:10:56 Handler State: MOVE_ARM_HOME (14) -> HANDLER_IDLE (1)
2026-05-15 09:11:02 Handler State: HANDLER_IDLE (1) -> HANDLER_START (2)
2026-05-15 09:11:03 Handler State: HANDLER_START (2) -> DECIDE_CART (3)
2026-05-15 09:11:03 Selection: Last resort, just pick the first IFS.
2026-05-15 09:11:03 Selection: Last resort, just pick the first cartridge.
2026-05-15 09:11:03 Selected Primary Cartridge: 2
2026-05-15 09:11:03 Selected Primary Station: 103
2026-05-15 09:11:03 Selected Secondary Cartridge: 0
2026-05-15 09:11:03 Selected Secondary Station: 0
2026-05-15 09:11:03 Selected Filling Volume: 403
2026-05-15 09:11:03 Handler State: DECIDE_CART (3) -> CHECK_SEC_CART (26)
2026-05-15 09:11:03 Handler State: CHECK_SEC_CART (26) -> PROBE_CART (24)
2026-05-15 09:11:03 CartMove: Exchange 1, from 103
2026-05-15 09:11:03 CartMoveState: IDLE (1) -> FROM_MOVE (3)
2026-05-15 09:11:03 CartMoveState: FROM_MOVE (3) -> FROM_PROBE (19)
2026-05-15 09:11:05 Handler State: PROBE_CART (24) -> PROCESS_CART (6)
2026-05-15 09:12:25 Setting CBS color valve (FillIFS): 2
2026-05-15 09:12:27 Primed volume (FillIFS): 0.156403
2026-05-15 09:12:27 Re-Calculated Filling Volume: 403
2026-05-15 09:12:27 Setting CBS color valve (FillCart): 2
2026-05-15 09:12:45 Handler State: PROCESS_CART (6) -> EXCHANGE_ONE (7)
2026-05-15 09:12:45 CartMove: Exchange 1, from 103
2026-05-15 09:12:45 CartMoveState: FROM_PROBE (19) -> FROM_CART (4)
2026-05-15 09:12:51 Setting CBS color valve (Finished): 0
2026-05-15 09:12:52 CartMoveState: FROM_CART (4) -> TO_MOVE (10)
2026-05-15 09:12:54 CartMoveState: TO_MOVE (10) -> EXCH_1_WAIT (14)
2026-05-15 09:12:54 Handler State: EXCHANGE_ONE (7) -> START_DCU (8)
2026-05-15 09:12:54 Handler State: START_DCU (8) -> EXCHANGE_TWO (9)
2026-05-15 09:12:54 CartMove: Exchange 2
2026-05-15 09:12:54 CartMoveState: EXCH_1_WAIT (14) -> EXCH_1_CART (15)
2026-05-15 09:12:57 CartMoveState: EXCH_1_CART (15) -> EXCH_2_MOVE (16)
2026-05-15 09:12:58 CartMoveState: EXCH_2_MOVE (16) -> EXCH_2_CART (17)
2026-05-15 09:13:00 CartMoveState: EXCH_2_CART (17) -> STORE_DECIDE (18)
2026-05-15 09:13:00 Used volume for last job: 107.948
2026-05-15 09:13:00 Handler State: EXCHANGE_TWO (9) -> WAIT_FOR_DCU (10)
2026-05-15 09:13:01 Handler State: WAIT_FOR_DCU (10) -> EXCHANGE_THREE (11)
2026-05-15 09:13:01 CartMove: Exchange 3
2026-05-15 09:13:01 CartMoveState: STORE_DECIDE (18) -> AUX_DECIDE (5)
2026-05-15 09:13:01 CartMoveState: AUX_DECIDE (5) -> TO_MOVE (10)
2026-05-15 09:13:02 CartMoveState: TO_MOVE (10) -> TO_CART (11)
2026-05-15 09:13:04 CartMoveState: TO_CART (11) -> HOME_MOVE (12)
2026-05-15 09:13:05 CartMoveState: HOME_MOVE (12) -> HALT (13)
2026-05-15 09:13:05 CartMoveState: HALT (13) -> IDLE (1)
2026-05-15 09:13:05 Handler State: EXCHANGE_THREE (11) -> POST_PROCESS (12)
2026-05-15 09:13:05 Handler State: POST_PROCESS (12) -> MOVE_ARM_HOME (14)
2026-05-15 09:13:05 Handler State: MOVE_ARM_HOME (14) -> HANDLER_IDLE (1)
2026-05-15 09:16:17 Handler State: HANDLER_IDLE (1) -> SEMI_START (15)
2026-05-15 09:16:17 Handler State: SEMI_START (15) -> SEMI_PROBE_CART (25)
2026-05-15 09:16:20 Handler State: SEMI_PROBE_CART (25) -> SEMI_PROCESS (16)
2026-05-15 09:16:57 Re-Calculated Filling Volume: 0
2026-05-15 09:17:04 Setting CBS color valve (Finished): 0
2026-05-15 09:17:04 Handler State: SEMI_PROCESS (16) -> SEMI_WHAT_NEXT (21)
2026-05-15 09:17:04 Handler State: SEMI_WHAT_NEXT (21) -> SEMI_FINISHED (23)
2026-05-15 09:17:05 Handler State: SEMI_FINISHED (23) -> HANDLER_IDLE (1)
2026-05-15 09:25:47 Handler State: HANDLER_IDLE (1) -> HANDLER_START (2)
2026-05-15 09:25:48 Handler State: HANDLER_START (2) -> DECIDE_CART (3)
2026-05-15 09:25:48 Selection: IFS is clean and its cartridge is cleaned.
2026-05-15 09:25:48 Selected Primary Cartridge: 1
2026-05-15 09:25:48 Selected Primary Station: 102
2026-05-15 09:25:48 Selected Secondary Cartridge: 0
2026-05-15 09:25:48 Selected Secondary Station: 0
2026-05-15 09:25:48 Selected Filling Volume: 143
2026-05-15 09:25:49 Handler State: DECIDE_CART (3) -> CHECK_SEC_CART (26)
2026-05-15 09:25:49 Handler State: CHECK_SEC_CART (26) -> PROBE_CART (24)
2026-05-15 09:25:49 CartMove: Exchange 1, from 102
2026-05-15 09:25:49 CartMoveState: IDLE (1) -> FROM_MOVE (3)
2026-05-15 09:25:49 CartMoveState: FROM_MOVE (3) -> FROM_PROBE (19)
2026-05-15 09:25:51 Handler State: PROBE_CART (24) -> PROCESS_CART (6)
2026-05-15 09:25:51 Setting CBS color valve (FillIFS): 1
2026-05-15 09:25:52 Primed volume (FillIFS): 2.08639
2026-05-15 09:25:52 Re-Calculated Filling Volume: 143
2026-05-15 09:25:52 Setting CBS color valve (FillCart): 1
2026-05-15 09:26:05 Handler State: PROCESS_CART (6) -> EXCHANGE_ONE (7)
2026-05-15 09:26:05 CartMove: Exchange 1, from 102
2026-05-15 09:26:05 CartMoveState: FROM_PROBE (19) -> FROM_CART (4)
2026-05-15 09:26:12 Setting CBS color valve (Finished): 0
2026-05-15 09:26:14 CartMoveState: FROM_CART (4) -> TO_MOVE (10)
2026-05-15 09:26:15 CartMoveState: TO_MOVE (10) -> EXCH_1_WAIT (14)
2026-05-15 09:26:15 Handler State: EXCHANGE_ONE (7) -> START_DCU (8)
2026-05-15 09:26:15 Handler State: START_DCU (8) -> EXCHANGE_TWO (9)
2026-05-15 09:26:15 CartMove: Exchange 2
2026-05-15 09:26:15 CartMoveState: EXCH_1_WAIT (14) -> EXCH_1_CART (15)
2026-05-15 09:26:18 CartMoveState: EXCH_1_CART (15) -> EXCH_2_MOVE (16)
2026-05-15 09:26:19 CartMoveState: EXCH_2_MOVE (16) -> EXCH_2_CART (17)
2026-05-15 09:26:21 CartMoveState: EXCH_2_CART (17) -> STORE_DECIDE (18)
2026-05-15 09:26:21 Used volume for last job: 316.787
2026-05-15 09:26:21 Handler State: EXCHANGE_TWO (9) -> WAIT_FOR_DCU (10)
2026-05-15 09:26:23 Handler State: WAIT_FOR_DCU (10) -> EXCHANGE_THREE (11)
2026-05-15 09:26:23 CartMove: Exchange 3
2026-05-15 09:26:23 CartMoveState: STORE_DECIDE (18) -> AUX_DECIDE (5)
2026-05-15 09:26:23 CartMoveState: AUX_DECIDE (5) -> TO_MOVE (10)
2026-05-15 09:26:25 CartMoveState: TO_MOVE (10) -> TO_CART (11)
2026-05-15 09:26:27 CartMoveState: TO_CART (11) -> HOME_MOVE (12)
2026-05-15 09:26:28 CartMoveState: HOME_MOVE (12) -> HALT (13)
2026-05-15 09:26:28 CartMoveState: HALT (13) -> IDLE (1)
2026-05-15 09:26:28 Handler State: EXCHANGE_THREE (11) -> POST_PROCESS (12)
2026-05-15 09:26:28 Handler State: POST_PROCESS (12) -> MOVE_ARM_HOME (14)
2026-05-15 09:26:28 Handler State: MOVE_ARM_HOME (14) -> HANDLER_IDLE (1)
2026-05-15 09:29:00 Handler State: HANDLER_IDLE (1) -> HANDLER_START (2)
2026-05-15 09:29:01 Handler State: HANDLER_START (2) -> DECIDE_CART (3)
2026-05-15 09:29:01 Selection: IFS has correct material.
2026-05-15 09:29:01 Selection: Last resort, just pick the first cartridge.
2026-05-15 09:29:01 Selected Primary Cartridge: 4
2026-05-15 09:29:01 Selected Primary Station: 102
2026-05-15 09:29:01 Selected Secondary Cartridge: 0
2026-05-15 09:29:01 Selected Secondary Station: 0
2026-05-15 09:29:01 Selected Filling Volume: 68
2026-05-15 09:29:01 Handler State: DECIDE_CART (3) -> PLACE_CART (5)
2026-05-15 09:29:01 CartMove: Move, from 105 to 102
2026-05-15 09:29:01 CartMoveState: IDLE (1) -> FROM_MOVE (3)
2026-05-15 09:29:02 CartMoveState: FROM_MOVE (3) -> FROM_CART (4)
2026-05-15 09:29:05 CartMoveState: FROM_CART (4) -> AUX_DECIDE (5)
2026-05-15 09:29:05 CartMoveState: AUX_DECIDE (5) -> TO_MOVE (10)
2026-05-15 09:29:06 CartMoveState: TO_MOVE (10) -> TO_CART (11)
2026-05-15 09:29:08 CartMoveState: TO_CART (11) -> HOME_MOVE (12)
2026-05-15 09:29:09 CartMoveState: HOME_MOVE (12) -> HALT (13)
2026-05-15 09:29:09 CartMoveState: HALT (13) -> IDLE (1)
2026-05-15 09:29:09 Handler State: PLACE_CART (5) -> CHECK_SEC_CART (26)
2026-05-15 09:29:09 Handler State: CHECK_SEC_CART (26) -> PROBE_CART (24)
2026-05-15 09:29:09 CartMove: Exchange 1, from 102
2026-05-15 09:29:09 CartMoveState: IDLE (1) -> FROM_MOVE (3)
2026-05-15 09:29:10 CartMoveState: FROM_MOVE (3) -> FROM_PROBE (19)
2026-05-15 09:29:12 Handler State: PROBE_CART (24) -> PROCESS_CART (6)
2026-05-15 09:29:45 Setting CBS color valve (FillGate): 1
2026-05-15 09:29:46 Primed volume (FillGate): 2.88416
2026-05-15 09:29:46 Re-Calculated Filling Volume: 68
2026-05-15 09:29:46 Setting CBS color valve (FillCart): 1
2026-05-15 09:29:57 Handler State: PROCESS_CART (6) -> EXCHANGE_ONE (7)
2026-05-15 09:29:57 CartMove: Exchange 1, from 102
2026-05-15 09:29:57 CartMoveState: FROM_PROBE (19) -> FROM_CART (4)
2026-05-15 09:30:04 Setting CBS color valve (Finished): 0
2026-05-15 09:30:06 CartMoveState: FROM_CART (4) -> TO_MOVE (10)
2026-05-15 09:30:07 CartMoveState: TO_MOVE (10) -> EXCH_1_WAIT (14)
2026-05-15 09:30:07 Handler State: EXCHANGE_ONE (7) -> START_DCU (8)
2026-05-15 09:30:07 Handler State: START_DCU (8) -> EXCHANGE_TWO (9)
2026-05-15 09:30:07 CartMove: Exchange 2
2026-05-15 09:30:07 CartMoveState: EXCH_1_WAIT (14) -> EXCH_1_CART (15)
2026-05-15 09:30:10 CartMoveState: EXCH_1_CART (15) -> EXCH_2_MOVE (16)
2026-05-15 09:30:11 CartMoveState: EXCH_2_MOVE (16) -> EXCH_2_CART (17)
2026-05-15 09:30:13 CartMoveState: EXCH_2_CART (17) -> STORE_DECIDE (18)
2026-05-15 09:30:13 Used volume for last job: 0
2026-05-15 09:30:13 Handler State: EXCHANGE_TWO (9) -> WAIT_FOR_DCU (10)
2026-05-15 09:30:14 Handler State: WAIT_FOR_DCU (10) -> EXCHANGE_THREE (11)
2026-05-15 09:30:15 CartMove: Exchange 3
2026-05-15 09:30:15 CartMoveState: STORE_DECIDE (18) -> AUX_DECIDE (5)
2026-05-15 09:30:15 CartMoveState: AUX_DECIDE (5) -> TO_MOVE (10)
2026-05-15 09:30:15 CartMoveState: TO_MOVE (10) -> TO_CART (11)
2026-05-15 09:30:17 CartMoveState: TO_CART (11) -> HOME_MOVE (12)
2026-05-15 09:30:17 CartMoveState: HOME_MOVE (12) -> HALT (13)
2026-05-15 09:30:17 CartMoveState: HALT (13) -> IDLE (1)
2026-05-15 09:30:17 Handler State: EXCHANGE_THREE (11) -> POST_PROCESS (12)
2026-05-15 09:30:17 Handler State: POST_PROCESS (12) -> MOVE_ARM_HOME (14)
2026-05-15 09:30:17 Handler State: MOVE_ARM_HOME (14) -> HANDLER_IDLE (1)
2026-05-15 09:30:24 Handler State: HANDLER_IDLE (1) -> HANDLER_START (2)
2026-05-15 09:30:25 Handler State: HANDLER_START (2) -> DECIDE_CART (3)
2026-05-15 09:30:25 Selection: Last resort, just pick the first IFS.
2026-05-15 09:30:25 Selection: Last resort, just pick the first cartridge.
2026-05-15 09:30:25 Selected Primary Cartridge: 3
2026-05-15 09:30:25 Selected Primary Station: 104
2026-05-15 09:30:25 Selected Secondary Cartridge: 0
2026-05-15 09:30:25 Selected Secondary Station: 0
2026-05-15 09:30:25 Selected Filling Volume: 436
2026-05-15 09:30:25 Handler State: DECIDE_CART (3) -> CHECK_SEC_CART (26)
2026-05-15 09:30:25 Handler State: CHECK_SEC_CART (26) -> PROBE_CART (24)
2026-05-15 09:30:25 CartMove: Exchange 1, from 104
2026-05-15 09:30:25 CartMoveState: IDLE (1) -> FROM_MOVE (3)
2026-05-15 09:30:25 CartMoveState: FROM_MOVE (3) -> FROM_PROBE (19)
2026-05-15 09:30:27 Handler State: PROBE_CART (24) -> PROCESS_CART (6)
2026-05-15 09:31:04 Setting CBS color valve (FillIFS): 1
2026-05-15 09:31:05 Primed volume (FillIFS): 3.74194
2026-05-15 09:31:05 Re-Calculated Filling Volume: 436
2026-05-15 09:31:05 Setting CBS color valve (FillCart): 1
2026-05-15 09:31:25 Handler State: PROCESS_CART (6) -> EXCHANGE_ONE (7)
2026-05-15 09:31:25 CartMove: Exchange 1, from 104
2026-05-15 09:31:25 CartMoveState: FROM_PROBE (19) -> FROM_CART (4)
2026-05-15 09:31:30 Setting CBS color valve (Finished): 0
2026-05-15 09:31:32 CartMoveState: FROM_CART (4) -> TO_MOVE (10)
2026-05-15 09:31:34 CartMoveState: TO_MOVE (10) -> EXCH_1_WAIT (14)
2026-05-15 09:31:34 Handler State: EXCHANGE_ONE (7) -> START_DCU (8)
2026-05-15 09:31:34 Handler State: START_DCU (8) -> EXCHANGE_TWO (9)
2026-05-15 09:31:34 CartMove: Exchange 2
2026-05-15 09:31:34 CartMoveState: EXCH_1_WAIT (14) -> EXCH_1_CART (15)
2026-05-15 09:31:37 CartMoveState: EXCH_1_CART (15) -> EXCH_2_MOVE (16)
2026-05-15 09:31:37 CartMoveState: EXCH_2_MOVE (16) -> EXCH_2_CART (17)
2026-05-15 09:31:39 CartMoveState: EXCH_2_CART (17) -> STORE_DECIDE (18)
2026-05-15 09:31:39 Used volume for last job: 19.2591
2026-05-15 09:31:39 Handler State: EXCHANGE_TWO (9) -> WAIT_FOR_DCU (10)
2026-05-15 09:31:41 Handler State: WAIT_FOR_DCU (10) -> EXCHANGE_THREE (11)
2026-05-15 09:31:41 CartMove: Exchange 3
2026-05-15 09:31:41 CartMoveState: STORE_DECIDE (18) -> AUX_DECIDE (5)
2026-05-15 09:31:41 CartMoveState: AUX_DECIDE (5) -> TO_MOVE (10)
2026-05-15 09:31:43 CartMoveState: TO_MOVE (10) -> TO_CART (11)
2026-05-15 09:31:45 CartMoveState: TO_CART (11) -> HOME_MOVE (12)
2026-05-15 09:31:46 CartMoveState: HOME_MOVE (12) -> HALT (13)
2026-05-15 09:31:46 CartMoveState: HALT (13) -> IDLE (1)
2026-05-15 09:31:46 Handler State: EXCHANGE_THREE (11) -> POST_PROCESS (12)
2026-05-15 09:31:46 Handler State: POST_PROCESS (12) -> MOVE_ARM_HOME (14)
2026-05-15 09:31:46 Handler State: MOVE_ARM_HOME (14) -> HANDLER_IDLE (1)
2026-05-15 09:34:02 Handler State: HANDLER_IDLE (1) -> HANDLER_START (2)
2026-05-15 09:34:03 Handler State: HANDLER_START (2) -> DECIDE_CART (3)
2026-05-15 09:34:03 Selection: IFS has correct material.
2026-05-15 09:34:03 Selection: Last resort, just pick the first cartridge.
2026-05-15 09:34:03 Selected Primary Cartridge: 6
2026-05-15 09:34:03 Selected Primary Station: 104
2026-05-15 09:34:03 Selected Secondary Cartridge: 0
2026-05-15 09:34:03 Selected Secondary Station: 0
2026-05-15 09:34:03 Selected Filling Volume: 442
2026-05-15 09:34:03 Handler State: DECIDE_CART (3) -> PLACE_CART (5)
2026-05-15 09:34:03 CartMove: Move, from 107 to 104
2026-05-15 09:34:03 CartMoveState: IDLE (1) -> FROM_MOVE (3)
2026-05-15 09:34:04 CartMoveState: FROM_MOVE (3) -> FROM_CART (4)
2026-05-15 09:34:07 CartMoveState: FROM_CART (4) -> AUX_DECIDE (5)
2026-05-15 09:34:07 CartMoveState: AUX_DECIDE (5) -> TO_MOVE (10)
2026-05-15 09:34:09 CartMoveState: TO_MOVE (10) -> TO_CART (11)
2026-05-15 09:34:11 CartMoveState: TO_CART (11) -> HOME_MOVE (12)
2026-05-15 09:34:12 CartMoveState: HOME_MOVE (12) -> HALT (13)
2026-05-15 09:34:12 CartMoveState: HALT (13) -> IDLE (1)
2026-05-15 09:34:12 Handler State: PLACE_CART (5) -> CHECK_SEC_CART (26)
2026-05-15 09:34:12 Handler State: CHECK_SEC_CART (26) -> PROBE_CART (24)
2026-05-15 09:34:12 CartMove: Exchange 1, from 104
2026-05-15 09:34:12 CartMoveState: IDLE (1) -> FROM_MOVE (3)
2026-05-15 09:34:13 CartMoveState: FROM_MOVE (3) -> FROM_PROBE (19)
2026-05-15 09:34:14 Handler State: PROBE_CART (24) -> PROCESS_CART (6)
2026-05-15 09:34:46 Setting CBS color valve (FillGate): 1
2026-05-15 09:34:47 Primed volume (FillGate): 1.39875
2026-05-15 09:34:47 Re-Calculated Filling Volume: 442
2026-05-15 09:34:47 Setting CBS color valve (FillCart): 1
2026-05-15 09:35:06 Handler State: PROCESS_CART (6) -> EXCHANGE_ONE (7)
2026-05-15 09:35:06 CartMove: Exchange 1, from 104
2026-05-15 09:35:06 CartMoveState: FROM_PROBE (19) -> FROM_CART (4)
2026-05-15 09:35:11 Setting CBS color valve (Finished): 0
2026-05-15 09:35:13 CartMoveState: FROM_CART (4) -> TO_MOVE (10)
2026-05-15 09:35:15 CartMoveState: TO_MOVE (10) -> EXCH_1_WAIT (14)
2026-05-15 09:35:15 Handler State: EXCHANGE_ONE (7) -> START_DCU (8)
2026-05-15 09:35:48 Handler State: START_DCU (8) -> EXCHANGE_TWO (9)
2026-05-15 09:35:48 CartMove: Exchange 2
2026-05-15 09:35:49 CartMoveState: EXCH_1_WAIT (14) -> EXCH_1_CART (15)
2026-05-15 09:35:52 CartMoveState: EXCH_1_CART (15) -> EXCH_2_MOVE (16)
2026-05-15 09:35:52 CartMoveState: EXCH_2_MOVE (16) -> EXCH_2_CART (17)
2026-05-15 09:35:54 CartMoveState: EXCH_2_CART (17) -> STORE_DECIDE (18)
2026-05-15 09:35:54 Used volume for last job: 0
2026-05-15 09:35:54 Handler State: EXCHANGE_TWO (9) -> WAIT_FOR_DCU (10)
2026-05-15 09:35:56 Handler State: WAIT_FOR_DCU (10) -> EXCHANGE_THREE (11)
2026-05-15 09:35:56 CartMove: Exchange 3
2026-05-15 09:35:56 CartMoveState: STORE_DECIDE (18) -> AUX_DECIDE (5)
2026-05-15 09:35:56 CartMoveState: AUX_DECIDE (5) -> TO_MOVE (10)
2026-05-15 09:35:58 CartMoveState: TO_MOVE (10) -> TO_CART (11)
2026-05-15 09:36:00 CartMoveState: TO_CART (11) -> HOME_MOVE (12)
2026-05-15 09:36:01 CartMoveState: HOME_MOVE (12) -> HALT (13)
2026-05-15 09:36:01 CartMoveState: HALT (13) -> IDLE (1)
2026-05-15 09:36:01 Handler State: EXCHANGE_THREE (11) -> POST_PROCESS (12)
2026-05-15 09:36:01 Handler State: POST_PROCESS (12) -> MOVE_ARM_HOME (14)
2026-05-15 09:36:01 Handler State: MOVE_ARM_HOME (14) -> HANDLER_IDLE (1)
2026-05-15 09:41:29 Handler State: HANDLER_IDLE (1) -> SEMI_START (15)
2026-05-15 09:41:29 Handler State: SEMI_START (15) -> SEMI_PROBE_CART (25)
2026-05-15 09:41:33 Handler State: SEMI_PROBE_CART (25) -> SEMI_PROCESS (16)
2026-05-15 09:42:10 Re-Calculated Filling Volume: 0
2026-05-15 09:42:16 Setting CBS color valve (Finished): 0
2026-05-15 09:42:16 Handler State: SEMI_PROCESS (16) -> SEMI_WHAT_NEXT (21)
2026-05-15 09:42:16 Handler State: SEMI_WHAT_NEXT (21) -> SEMI_FINISHED (23)
2026-05-15 09:42:16 Handler State: SEMI_FINISHED (23) -> HANDLER_IDLE (1)
2026-05-15 09:44:17 Handler State: HANDLER_IDLE (1) -> SEMI_START (15)
2026-05-15 09:44:17 Handler State: SEMI_START (15) -> SEMI_PROBE_CART (25)
2026-05-15 09:44:20 Handler State: SEMI_PROBE_CART (25) -> SEMI_PROCESS (16)
2026-05-15 09:45:59 Re-Calculated Filling Volume: 0
2026-05-15 09:46:04 Setting CBS color valve (Finished): 0
2026-05-15 09:46:04 Handler State: SEMI_PROCESS (16) -> SEMI_WHAT_NEXT (21)
2026-05-15 09:46:04 Handler State: SEMI_WHAT_NEXT (21) -> SEMI_FINISHED (23)
2026-05-15 09:46:05 Handler State: SEMI_FINISHED (23) -> HANDLER_IDLE (1)
2026-05-15 09:59:15 Handler State: HANDLER_IDLE (1) -> HANDLER_START (2)
2026-05-15 09:59:16 Handler State: HANDLER_START (2) -> DECIDE_CART (3)
2026-05-15 09:59:16 Selection: IFS is clean and its cartridge is cleaned.
2026-05-15 09:59:16 Selected Primary Cartridge: 3
2026-05-15 09:59:16 Selected Primary Station: 104
2026-05-15 09:59:16 Selected Secondary Cartridge: 0
2026-05-15 09:59:16 Selected Secondary Station: 0
2026-05-15 09:59:16 Selected Filling Volume: 640
2026-05-15 09:59:16 Handler State: DECIDE_CART (3) -> CHECK_SEC_CART (26)
2026-05-15 09:59:16 Handler State: CHECK_SEC_CART (26) -> PROBE_CART (24)
2026-05-15 09:59:16 CartMove: Exchange 1, from 104
2026-05-15 09:59:16 CartMoveState: IDLE (1) -> FROM_MOVE (3)
2026-05-15 09:59:17 CartMoveState: FROM_MOVE (3) -> FROM_PROBE (19)
2026-05-15 09:59:18 Handler State: PROBE_CART (24) -> PROCESS_CART (6)
2026-05-15 09:59:19 Setting CBS color valve (FillIFS): 1
2026-05-15 09:59:20 Primed volume (FillIFS): 1.95763
2026-05-15 09:59:20 Re-Calculated Filling Volume: 640
2026-05-15 09:59:20 Setting CBS color valve (FillCart): 1
2026-05-15 09:59:46 Handler State: PROCESS_CART (6) -> EXCHANGE_ONE (7)
2026-05-15 09:59:46 CartMove: Exchange 1, from 104
2026-05-15 09:59:46 CartMoveState: FROM_PROBE (19) -> FROM_CART (4)
2026-05-15 09:59:51 Setting CBS color valve (Finished): 0
2026-05-15 09:59:53 CartMoveState: FROM_CART (4) -> TO_MOVE (10)
2026-05-15 09:59:55 CartMoveState: TO_MOVE (10) -> EXCH_1_WAIT (14)
2026-05-15 09:59:55 Handler State: EXCHANGE_ONE (7) -> START_DCU (8)
2026-05-15 09:59:55 Handler State: START_DCU (8) -> EXCHANGE_TWO (9)
2026-05-15 09:59:55 CartMove: Exchange 2
2026-05-15 09:59:55 CartMoveState: EXCH_1_WAIT (14) -> EXCH_1_CART (15)
2026-05-15 09:59:58 CartMoveState: EXCH_1_CART (15) -> EXCH_2_MOVE (16)
2026-05-15 09:59:58 CartMoveState: EXCH_2_MOVE (16) -> EXCH_2_CART (17)
2026-05-15 10:00:00 CartMoveState: EXCH_2_CART (17) -> STORE_DECIDE (18)
2026-05-15 10:00:00 Used volume for last job: 402.606
2026-05-15 10:00:00 Handler State: EXCHANGE_TWO (9) -> WAIT_FOR_DCU (10)
2026-05-15 10:00:02 Handler State: WAIT_FOR_DCU (10) -> EXCHANGE_THREE (11)
2026-05-15 10:00:02 CartMove: Exchange 3
2026-05-15 10:00:02 CartMoveState: STORE_DECIDE (18) -> AUX_DECIDE (5)
2026-05-15 10:00:02 CartMoveState: AUX_DECIDE (5) -> TO_MOVE (10)
2026-05-15 10:00:04 CartMoveState: TO_MOVE (10) -> TO_CART (11)
2026-05-15 10:00:06 CartMoveState: TO_CART (11) -> HOME_MOVE (12)
2026-05-15 10:00:07 CartMoveState: HOME_MOVE (12) -> HALT (13)
2026-05-15 10:00:07 CartMoveState: HALT (13) -> IDLE (1)
2026-05-15 10:00:07 Handler State: EXCHANGE_THREE (11) -> POST_PROCESS (12)
2026-05-15 10:00:07 Handler State: POST_PROCESS (12) -> MOVE_ARM_HOME (14)
2026-05-15 10:00:08 Handler State: MOVE_ARM_HOME (14) -> HANDLER_IDLE (1)
2026-05-15 10:03:59 Handler State: HANDLER_IDLE (1) -> HANDLER_START (2)
2026-05-15 10:04:00 Handler State: HANDLER_START (2) -> DECIDE_CART (3)
2026-05-15 10:04:00 Selection: IFS is clean and its cartridge is cleaned.
2026-05-15 10:04:00 Selected Primary Cartridge: 5
2026-05-15 10:04:00 Selected Primary Station: 103
2026-05-15 10:04:00 Selected Secondary Cartridge: 0
2026-05-15 10:04:00 Selected Secondary Station: 0
2026-05-15 10:04:00 Selected Filling Volume: 384
2026-05-15 10:04:00 Handler State: DECIDE_CART (3) -> CHECK_SEC_CART (26)
2026-05-15 10:04:00 Handler State: CHECK_SEC_CART (26) -> PROBE_CART (24)
2026-05-15 10:04:00 CartMove: Exchange 1, from 103
2026-05-15 10:04:00 CartMoveState: IDLE (1) -> FROM_MOVE (3)
2026-05-15 10:04:00 CartMoveState: FROM_MOVE (3) -> FROM_PROBE (19)
2026-05-15 10:04:02 Handler State: PROBE_CART (24) -> PROCESS_CART (6)
2026-05-15 10:04:02 Setting CBS color valve (FillIFS): 1
2026-05-15 10:04:03 Primed volume (FillIFS): 1.68644
2026-05-15 10:04:03 Re-Calculated Filling Volume: 384
2026-05-15 10:04:03 Setting CBS color valve (FillCart): 1
2026-05-15 10:04:21 Handler State: PROCESS_CART (6) -> EXCHANGE_ONE (7)
2026-05-15 10:04:21 CartMove: Exchange 1, from 103
2026-05-15 10:04:21 CartMoveState: FROM_PROBE (19) -> FROM_CART (4)
2026-05-15 10:04:27 Setting CBS color valve (Finished): 0
2026-05-15 10:04:28 CartMoveState: FROM_CART (4) -> TO_MOVE (10)
2026-05-15 10:04:30 CartMoveState: TO_MOVE (10) -> EXCH_1_WAIT (14)
2026-05-15 10:04:30 Handler State: EXCHANGE_ONE (7) -> START_DCU (8)
2026-05-15 10:05:50 Handler State: START_DCU (8) -> EXCHANGE_TWO (9)
2026-05-15 10:05:50 CartMove: Exchange 2
2026-05-15 10:06:01 CartMoveState: EXCH_1_WAIT (14) -> EXCH_1_CART (15)
2026-05-15 10:06:03 CartMoveState: EXCH_1_CART (15) -> EXCH_2_MOVE (16)
2026-05-15 10:06:05 CartMoveState: EXCH_2_MOVE (16) -> EXCH_2_CART (17)
2026-05-15 10:06:07 CartMoveState: EXCH_2_CART (17) -> STORE_DECIDE (18)
2026-05-15 10:06:07 Used volume for last job: 443.677
2026-05-15 10:06:07 Handler State: EXCHANGE_TWO (9) -> WAIT_FOR_DCU (10)
2026-05-15 10:06:08 Handler State: WAIT_FOR_DCU (10) -> EXCHANGE_THREE (11)
2026-05-15 10:06:08 CartMove: Exchange 3
2026-05-15 10:06:08 CartMoveState: STORE_DECIDE (18) -> AUX_DECIDE (5)
2026-05-15 10:06:08 CartMoveState: AUX_DECIDE (5) -> TO_MOVE (10)
2026-05-15 10:06:10 CartMoveState: TO_MOVE (10) -> TO_CART (11)
2026-05-15 10:06:12 CartMoveState: TO_CART (11) -> HOME_MOVE (12)
2026-05-15 10:06:14 CartMoveState: HOME_MOVE (12) -> HALT (13)
2026-05-15 10:06:14 CartMoveState: HALT (13) -> IDLE (1)
2026-05-15 10:06:14 Handler State: EXCHANGE_THREE (11) -> POST_PROCESS (12)
2026-05-15 10:06:14 Handler State: POST_PROCESS (12) -> MOVE_ARM_HOME (14)
2026-05-15 10:06:14 Handler State: MOVE_ARM_HOME (14) -> HANDLER_IDLE (1)
2026-05-15 10:06:38 Handler State: HANDLER_IDLE (1) -> HANDLER_START (2)
2026-05-15 10:06:39 Handler State: HANDLER_START (2) -> DECIDE_CART (3)
2026-05-15 10:06:39 Selection: IFS has correct material.
2026-05-15 10:06:39 Selection: Last resort, just pick the first cartridge.
2026-05-15 10:06:39 Selected Primary Cartridge: 2
2026-05-15 10:06:39 Selected Primary Station: 103
2026-05-15 10:06:39 Selected Secondary Cartridge: 0
2026-05-15 10:06:39 Selected Secondary Station: 0
2026-05-15 10:06:39 Selected Filling Volume: 306
2026-05-15 10:06:39 Handler State: DECIDE_CART (3) -> PLACE_CART (5)
2026-05-15 10:06:39 CartMove: Move, from 106 to 103
2026-05-15 10:06:39 CartMoveState: IDLE (1) -> FROM_MOVE (3)
2026-05-15 10:06:41 CartMoveState: FROM_MOVE (3) -> FROM_CART (4)
2026-05-15 10:06:43 CartMoveState: FROM_CART (4) -> AUX_DECIDE (5)
2026-05-15 10:06:43 CartMoveState: AUX_DECIDE (5) -> TO_MOVE (10)
2026-05-15 10:06:45 CartMoveState: TO_MOVE (10) -> TO_CART (11)
2026-05-15 10:06:47 CartMoveState: TO_CART (11) -> HOME_MOVE (12)
2026-05-15 10:06:47 CartMoveState: HOME_MOVE (12) -> HALT (13)
2026-05-15 10:06:47 CartMoveState: HALT (13) -> IDLE (1)
2026-05-15 10:06:47 Handler State: PLACE_CART (5) -> CHECK_SEC_CART (26)
2026-05-15 10:06:47 Handler State: CHECK_SEC_CART (26) -> PROBE_CART (24)
2026-05-15 10:06:47 CartMove: Exchange 1, from 103
2026-05-15 10:06:47 CartMoveState: IDLE (1) -> FROM_MOVE (3)
2026-05-15 10:06:47 CartMoveState: FROM_MOVE (3) -> FROM_PROBE (19)
2026-05-15 10:06:49 Handler State: PROBE_CART (24) -> PROCESS_CART (6)
2026-05-15 10:07:26 Setting CBS color valve (FillGate): 1
2026-05-15 10:07:27 Primed volume (FillGate): 1.42289
2026-05-15 10:07:27 Re-Calculated Filling Volume: 306
2026-05-15 10:07:27 Setting CBS color valve (FillCart): 1
2026-05-15 10:07:42 Handler State: PROCESS_CART (6) -> EXCHANGE_ONE (7)
2026-05-15 10:07:42 CartMove: Exchange 1, from 103
2026-05-15 10:07:42 CartMoveState: FROM_PROBE (19) -> FROM_CART (4)
2026-05-15 10:07:48 Setting CBS color valve (Finished): 0
2026-05-15 10:07:50 CartMoveState: FROM_CART (4) -> TO_MOVE (10)
2026-05-15 10:07:51 CartMoveState: TO_MOVE (10) -> EXCH_1_WAIT (14)
2026-05-15 10:07:51 Handler State: EXCHANGE_ONE (7) -> START_DCU (8)
2026-05-15 10:08:14 Handler State: START_DCU (8) -> EXCHANGE_TWO (9)
2026-05-15 10:08:14 CartMove: Exchange 2
2026-05-15 10:08:15 CartMoveState: EXCH_1_WAIT (14) -> EXCH_1_CART (15)
2026-05-15 10:08:18 CartMoveState: EXCH_1_CART (15) -> EXCH_2_MOVE (16)
2026-05-15 10:08:19 CartMoveState: EXCH_2_MOVE (16) -> EXCH_2_CART (17)
2026-05-15 10:08:21 CartMoveState: EXCH_2_CART (17) -> STORE_DECIDE (18)
2026-05-15 10:08:21 Used volume for last job: 0
2026-05-15 10:08:21 Handler State: EXCHANGE_TWO (9) -> WAIT_FOR_DCU (10)
2026-05-15 10:08:23 Handler State: WAIT_FOR_DCU (10) -> EXCHANGE_THREE (11)
2026-05-15 10:08:23 CartMove: Exchange 3
2026-05-15 10:08:23 CartMoveState: STORE_DECIDE (18) -> AUX_DECIDE (5)
2026-05-15 10:08:23 CartMoveState: AUX_DECIDE (5) -> TO_MOVE (10)
2026-05-15 10:08:24 CartMoveState: TO_MOVE (10) -> TO_CART (11)
2026-05-15 10:08:26 CartMoveState: TO_CART (11) -> HOME_MOVE (12)
2026-05-15 10:08:27 CartMoveState: HOME_MOVE (12) -> HALT (13)
2026-05-15 10:08:27 CartMoveState: HALT (13) -> IDLE (1)
2026-05-15 10:08:27 Handler State: EXCHANGE_THREE (11) -> POST_PROCESS (12)
2026-05-15 10:08:27 Handler State: POST_PROCESS (12) -> MOVE_ARM_HOME (14)
2026-05-15 10:08:27 Handler State: MOVE_ARM_HOME (14) -> HANDLER_IDLE (1)
2026-05-15 10:10:10 Handler State: HANDLER_IDLE (1) -> SEMI_START (15)
2026-05-15 10:10:10 Handler State: SEMI_START (15) -> SEMI_PROBE_CART (25)
2026-05-15 10:10:13 Handler State: SEMI_PROBE_CART (25) -> SEMI_PROCESS (16)
2026-05-15 10:10:50 Re-Calculated Filling Volume: 0
2026-05-15 10:10:57 Setting CBS color valve (Finished): 0
2026-05-15 10:10:57 Handler State: SEMI_PROCESS (16) -> SEMI_WHAT_NEXT (21)
2026-05-15 10:10:57 Handler State: SEMI_WHAT_NEXT (21) -> SEMI_FINISHED (23)
2026-05-15 10:10:58 Handler State: SEMI_FINISHED (23) -> HANDLER_IDLE (1)
2026-05-15 10:16:13 Handler State: HANDLER_IDLE (1) -> HANDLER_START (2)
2026-05-15 10:16:14 Handler State: HANDLER_START (2) -> DECIDE_CART (3)
2026-05-15 10:16:14 Selection: IFS is clean and its cartridge is cleaned.
2026-05-15 10:16:14 Selected Primary Cartridge: 1
2026-05-15 10:16:14 Selected Primary Station: 102
2026-05-15 10:16:14 Selected Secondary Cartridge: 0
2026-05-15 10:16:14 Selected Secondary Station: 0
2026-05-15 10:16:14 Selected Filling Volume: 359
2026-05-15 10:16:14 Handler State: DECIDE_CART (3) -> CHECK_SEC_CART (26)
2026-05-15 10:16:14 Handler State: CHECK_SEC_CART (26) -> PROBE_CART (24)
2026-05-15 10:16:14 CartMove: Exchange 1, from 102
2026-05-15 10:16:14 CartMoveState: IDLE (1) -> FROM_MOVE (3)
2026-05-15 10:16:15 CartMoveState: FROM_MOVE (3) -> FROM_PROBE (19)
2026-05-15 10:16:17 Handler State: PROBE_CART (24) -> PROCESS_CART (6)
2026-05-15 10:16:17 Setting CBS color valve (FillIFS): 1
2026-05-15 10:16:18 Primed volume (FillIFS): 2.17598
2026-05-15 10:16:18 Re-Calculated Filling Volume: 359
2026-05-15 10:16:18 Setting CBS color valve (FillCart): 1
2026-05-15 10:16:36 Handler State: PROCESS_CART (6) -> EXCHANGE_ONE (7)
2026-05-15 10:16:36 CartMove: Exchange 1, from 102
2026-05-15 10:16:36 CartMoveState: FROM_PROBE (19) -> FROM_CART (4)
2026-05-15 10:16:43 Setting CBS color valve (Finished): 0
2026-05-15 10:16:45 CartMoveState: FROM_CART (4) -> TO_MOVE (10)
2026-05-15 10:16:46 CartMoveState: TO_MOVE (10) -> EXCH_1_WAIT (14)
2026-05-15 10:16:46 Handler State: EXCHANGE_ONE (7) -> START_DCU (8)
2026-05-15 10:16:46 Handler State: START_DCU (8) -> EXCHANGE_TWO (9)
2026-05-15 10:16:46 CartMove: Exchange 2
2026-05-15 10:16:46 CartMoveState: EXCH_1_WAIT (14) -> EXCH_1_CART (15)
2026-05-15 10:16:49 CartMoveState: EXCH_1_CART (15) -> EXCH_2_MOVE (16)
2026-05-15 10:16:50 CartMoveState: EXCH_2_MOVE (16) -> EXCH_2_CART (17)
2026-05-15 10:16:52 CartMoveState: EXCH_2_CART (17) -> STORE_DECIDE (18)
2026-05-15 10:16:52 Used volume for last job: 258.877
2026-05-15 10:16:52 Handler State: EXCHANGE_TWO (9) -> WAIT_FOR_DCU (10)
2026-05-15 10:16:54 Handler State: WAIT_FOR_DCU (10) -> EXCHANGE_THREE (11)
2026-05-15 10:16:54 CartMove: Exchange 3
2026-05-15 10:16:54 CartMoveState: STORE_DECIDE (18) -> AUX_DECIDE (5)
2026-05-15 10:16:54 CartMoveState: AUX_DECIDE (5) -> TO_MOVE (10)
2026-05-15 10:16:55 CartMoveState: TO_MOVE (10) -> TO_CART (11)
2026-05-15 10:16:57 CartMoveState: TO_CART (11) -> HOME_MOVE (12)
2026-05-15 10:16:59 CartMoveState: HOME_MOVE (12) -> HALT (13)
2026-05-15 10:16:59 CartMoveState: HALT (13) -> IDLE (1)
2026-05-15 10:16:59 Handler State: EXCHANGE_THREE (11) -> POST_PROCESS (12)
2026-05-15 10:16:59 Handler State: POST_PROCESS (12) -> MOVE_ARM_HOME (14)
2026-05-15 10:16:59 Handler State: MOVE_ARM_HOME (14) -> HANDLER_IDLE (1)
2026-05-15 10:21:18 Handler State: HANDLER_IDLE (1) -> HANDLER_START (2)
2026-05-15 10:21:19 Handler State: HANDLER_START (2) -> DECIDE_CART (3)
2026-05-15 10:21:19 Selection: IFS has correct material.
2026-05-15 10:21:19 Selection: Last resort, just pick the first cartridge.
2026-05-15 10:21:19 Selected Primary Cartridge: 4
2026-05-15 10:21:19 Selected Primary Station: 102
2026-05-15 10:21:19 Selected Secondary Cartridge: 0
2026-05-15 10:21:19 Selected Secondary Station: 0
2026-05-15 10:21:19 Selected Filling Volume: 306
2026-05-15 10:21:19 Handler State: DECIDE_CART (3) -> PLACE_CART (5)
2026-05-15 10:21:19 CartMove: Move, from 105 to 102
2026-05-15 10:21:19 CartMoveState: IDLE (1) -> FROM_MOVE (3)
2026-05-15 10:21:20 CartMoveState: FROM_MOVE (3) -> FROM_CART (4)
2026-05-15 10:21:23 CartMoveState: FROM_CART (4) -> AUX_DECIDE (5)
2026-05-15 10:21:23 CartMoveState: AUX_DECIDE (5) -> TO_MOVE (10)
2026-05-15 10:21:25 CartMoveState: TO_MOVE (10) -> TO_CART (11)
2026-05-15 10:21:27 CartMoveState: TO_CART (11) -> HOME_MOVE (12)
2026-05-15 10:21:28 CartMoveState: HOME_MOVE (12) -> HALT (13)
2026-05-15 10:21:28 CartMoveState: HALT (13) -> IDLE (1)
2026-05-15 10:21:28 Handler State: PLACE_CART (5) -> CHECK_SEC_CART (26)
2026-05-15 10:21:28 Handler State: CHECK_SEC_CART (26) -> PROBE_CART (24)
2026-05-15 10:21:28 CartMove: Exchange 1, from 102
2026-05-15 10:21:28 CartMoveState: IDLE (1) -> FROM_MOVE (3)
2026-05-15 10:21:29 CartMoveState: FROM_MOVE (3) -> FROM_PROBE (19)
2026-05-15 10:21:31 Handler State: PROBE_CART (24) -> PROCESS_CART (6)
2026-05-15 10:22:04 Setting CBS color valve (FillGate): 1
2026-05-15 10:22:05 Primed volume (FillGate): 1.44663
2026-05-15 10:22:05 Re-Calculated Filling Volume: 306
2026-05-15 10:22:05 Setting CBS color valve (FillCart): 1
2026-05-15 10:22:21 Handler State: PROCESS_CART (6) -> EXCHANGE_ONE (7)
2026-05-15 10:22:21 CartMove: Exchange 1, from 102
2026-05-15 10:22:21 CartMoveState: FROM_PROBE (19) -> FROM_CART (4)
2026-05-15 10:22:28 Setting CBS color valve (Finished): 0
2026-05-15 10:22:30 CartMoveState: FROM_CART (4) -> TO_MOVE (10)
2026-05-15 10:22:31 CartMoveState: TO_MOVE (10) -> EXCH_1_WAIT (14)
2026-05-15 10:22:31 Handler State: EXCHANGE_ONE (7) -> START_DCU (8)
2026-05-15 10:23:12 Handler State: START_DCU (8) -> EXCHANGE_TWO (9)
2026-05-15 10:23:12 CartMove: Exchange 2
2026-05-15 10:23:13 CartMoveState: EXCH_1_WAIT (14) -> EXCH_1_CART (15)
2026-05-15 10:23:16 CartMoveState: EXCH_1_CART (15) -> EXCH_2_MOVE (16)
2026-05-15 10:23:17 CartMoveState: EXCH_2_MOVE (16) -> EXCH_2_CART (17)
2026-05-15 10:23:19 CartMoveState: EXCH_2_CART (17) -> STORE_DECIDE (18)
2026-05-15 10:23:19 Used volume for last job: 0
2026-05-15 10:23:19 Handler State: EXCHANGE_TWO (9) -> WAIT_FOR_DCU (10)
2026-05-15 10:23:20 Handler State: WAIT_FOR_DCU (10) -> EXCHANGE_THREE (11)
2026-05-15 10:23:20 CartMove: Exchange 3
2026-05-15 10:23:20 CartMoveState: STORE_DECIDE (18) -> AUX_DECIDE (5)
2026-05-15 10:23:20 CartMoveState: AUX_DECIDE (5) -> TO_MOVE (10)
2026-05-15 10:23:20 CartMoveState: TO_MOVE (10) -> TO_CART (11)
2026-05-15 10:23:23 CartMoveState: TO_CART (11) -> HOME_MOVE (12)
2026-05-15 10:23:23 CartMoveState: HOME_MOVE (12) -> HALT (13)
2026-05-15 10:23:23 CartMoveState: HALT (13) -> IDLE (1)
2026-05-15 10:23:23 Handler State: EXCHANGE_THREE (11) -> POST_PROCESS (12)
2026-05-15 10:23:23 Handler State: POST_PROCESS (12) -> MOVE_ARM_HOME (14)
2026-05-15 10:23:23 Handler State: MOVE_ARM_HOME (14) -> HANDLER_IDLE (1)
2026-05-15 10:34:49 Handler State: HANDLER_IDLE (1) -> SEMI_START (15)
2026-05-15 10:34:49 Handler State: SEMI_START (15) -> SEMI_PROBE_CART (25)
2026-05-15 10:34:52 Handler State: SEMI_PROBE_CART (25) -> SEMI_PROCESS (16)
2026-05-15 10:35:33 Re-Calculated Filling Volume: 0
2026-05-15 10:35:39 Setting CBS color valve (Finished): 0
2026-05-15 10:35:39 Handler State: SEMI_PROCESS (16) -> SEMI_WHAT_NEXT (21)
2026-05-15 10:35:39 Handler State: SEMI_WHAT_NEXT (21) -> SEMI_FINISHED (23)
2026-05-15 10:35:40 Handler State: SEMI_FINISHED (23) -> HANDLER_IDLE (1)
2026-05-15 10:45:13 Handler State: HANDLER_IDLE (1) -> HANDLER_START (2)
2026-05-15 10:45:14 Handler State: HANDLER_START (2) -> DECIDE_CART (3)
2026-05-15 10:45:14 Selection: IFS is clean and its cartridge is cleaned.
2026-05-15 10:45:14 Selected Primary Cartridge: 1
2026-05-15 10:45:14 Selected Primary Station: 102
2026-05-15 10:45:14 Selected Secondary Cartridge: 0
2026-05-15 10:45:14 Selected Secondary Station: 0
2026-05-15 10:45:14 Selected Filling Volume: 359
2026-05-15 10:45:14 Handler State: DECIDE_CART (3) -> CHECK_SEC_CART (26)
2026-05-15 10:45:14 Handler State: CHECK_SEC_CART (26) -> PROBE_CART (24)
2026-05-15 10:45:14 CartMove: Exchange 1, from 102
2026-05-15 10:45:14 CartMoveState: IDLE (1) -> FROM_MOVE (3)
2026-05-15 10:45:15 CartMoveState: FROM_MOVE (3) -> FROM_PROBE (19)
2026-05-15 10:45:17 Handler State: PROBE_CART (24) -> PROCESS_CART (6)
2026-05-15 10:45:17 Setting CBS color valve (FillIFS): 1
2026-05-15 10:45:18 Primed volume (FillIFS): 1.94324
2026-05-15 10:45:18 Re-Calculated Filling Volume: 359
2026-05-15 10:45:18 Setting CBS color valve (FillCart): 1
2026-05-15 10:45:36 Handler State: PROCESS_CART (6) -> EXCHANGE_ONE (7)
2026-05-15 10:45:36 CartMove: Exchange 1, from 102
2026-05-15 10:45:36 CartMoveState: FROM_PROBE (19) -> FROM_CART (4)
2026-05-15 10:45:43 Setting CBS color valve (Finished): 0
2026-05-15 10:45:45 CartMoveState: FROM_CART (4) -> TO_MOVE (10)
2026-05-15 10:45:46 CartMoveState: TO_MOVE (10) -> EXCH_1_WAIT (14)
2026-05-15 10:45:46 Handler State: EXCHANGE_ONE (7) -> START_DCU (8)
2026-05-15 10:45:46 Handler State: START_DCU (8) -> EXCHANGE_TWO (9)
2026-05-15 10:45:46 CartMove: Exchange 2
2026-05-15 10:45:46 CartMoveState: EXCH_1_WAIT (14) -> EXCH_1_CART (15)
2026-05-15 10:45:49 CartMoveState: EXCH_1_CART (15) -> EXCH_2_MOVE (16)
2026-05-15 10:45:50 CartMoveState: EXCH_2_MOVE (16) -> EXCH_2_CART (17)
2026-05-15 10:45:52 CartMoveState: EXCH_2_CART (17) -> STORE_DECIDE (18)
2026-05-15 10:45:52 Used volume for last job: 256.97
2026-05-15 10:45:52 Handler State: EXCHANGE_TWO (9) -> WAIT_FOR_DCU (10)
2026-05-15 10:45:54 Handler State: WAIT_FOR_DCU (10) -> EXCHANGE_THREE (11)
2026-05-15 10:45:54 CartMove: Exchange 3
2026-05-15 10:45:54 CartMoveState: STORE_DECIDE (18) -> AUX_DECIDE (5)
2026-05-15 10:45:54 CartMoveState: AUX_DECIDE (5) -> TO_MOVE (10)
2026-05-15 10:45:54 CartMoveState: TO_MOVE (10) -> TO_CART (11)
2026-05-15 10:45:56 CartMoveState: TO_CART (11) -> HOME_MOVE (12)
2026-05-15 10:45:56 CartMoveState: HOME_MOVE (12) -> HALT (13)
2026-05-15 10:45:56 CartMoveState: HALT (13) -> IDLE (1)
2026-05-15 10:45:56 Handler State: EXCHANGE_THREE (11) -> POST_PROCESS (12)
2026-05-15 10:45:56 Handler State: POST_PROCESS (12) -> MOVE_ARM_HOME (14)
2026-05-15 10:45:57 Handler State: MOVE_ARM_HOME (14) -> HANDLER_IDLE (1)
2026-05-15 10:50:28 Handler State: HANDLER_IDLE (1) -> HANDLER_START (2)
2026-05-15 10:50:29 Handler State: HANDLER_START (2) -> DECIDE_CART (3)
2026-05-15 10:50:29 Selection: IFS has correct material and its cartridge has correct material.
2026-05-15 10:50:29 Selected Primary Cartridge: 4
2026-05-15 10:50:29 Selected Primary Station: 102
2026-05-15 10:50:29 Selected Secondary Cartridge: 0
2026-05-15 10:50:29 Selected Secondary Station: 0
2026-05-15 10:50:29 Selected Filling Volume: 306
2026-05-15 10:50:29 Handler State: DECIDE_CART (3) -> CHECK_SEC_CART (26)
2026-05-15 10:50:29 Handler State: CHECK_SEC_CART (26) -> PROBE_CART (24)
2026-05-15 10:50:29 CartMove: Exchange 1, from 102
2026-05-15 10:50:29 CartMoveState: IDLE (1) -> FROM_MOVE (3)
2026-05-15 10:50:30 CartMoveState: FROM_MOVE (3) -> FROM_PROBE (19)
2026-05-15 10:50:32 Handler State: PROBE_CART (24) -> PROCESS_CART (6)
2026-05-15 10:51:05 Setting CBS color valve (FillGate): 1
2026-05-15 10:51:06 Primed volume (FillGate): 1.09822
2026-05-15 10:51:06 Re-Calculated Filling Volume: 306
2026-05-15 10:51:06 Setting CBS color valve (FillCart): 1
2026-05-15 10:51:23 Handler State: PROCESS_CART (6) -> EXCHANGE_ONE (7)
2026-05-15 10:51:23 CartMove: Exchange 1, from 102
2026-05-15 10:51:23 CartMoveState: FROM_PROBE (19) -> FROM_CART (4)
2026-05-15 10:51:30 Setting CBS color valve (Finished): 0
2026-05-15 10:51:32 CartMoveState: FROM_CART (4) -> TO_MOVE (10)
2026-05-15 10:51:33 CartMoveState: TO_MOVE (10) -> EXCH_1_WAIT (14)
2026-05-15 10:51:33 Handler State: EXCHANGE_ONE (7) -> START_DCU (8)
2026-05-15 10:52:07 Handler State: START_DCU (8) -> EXCHANGE_TWO (9)
2026-05-15 10:52:07 CartMove: Exchange 2
2026-05-15 10:52:08 CartMoveState: EXCH_1_WAIT (14) -> EXCH_1_CART (15)
2026-05-15 10:52:11 CartMoveState: EXCH_1_CART (15) -> EXCH_2_MOVE (16)
2026-05-15 10:52:12 CartMoveState: EXCH_2_MOVE (16) -> EXCH_2_CART (17)
2026-05-15 10:52:14 CartMoveState: EXCH_2_CART (17) -> STORE_DECIDE (18)
2026-05-15 10:52:14 Used volume for last job: 0
2026-05-15 10:52:14 Handler State: EXCHANGE_TWO (9) -> WAIT_FOR_DCU (10)
2026-05-15 10:52:16 Handler State: WAIT_FOR_DCU (10) -> EXCHANGE_THREE (11)
2026-05-15 10:52:16 CartMove: Exchange 3
2026-05-15 10:52:16 CartMoveState: STORE_DECIDE (18) -> AUX_DECIDE (5)
2026-05-15 10:52:16 CartMoveState: AUX_DECIDE (5) -> TO_MOVE (10)
2026-05-15 10:52:16 CartMoveState: TO_MOVE (10) -> TO_CART (11)
2026-05-15 10:52:18 CartMoveState: TO_CART (11) -> HOME_MOVE (12)
2026-05-15 10:52:18 CartMoveState: HOME_MOVE (12) -> HALT (13)
2026-05-15 10:52:18 CartMoveState: HALT (13) -> IDLE (1)
2026-05-15 10:52:18 Handler State: EXCHANGE_THREE (11) -> POST_PROCESS (12)
2026-05-15 10:52:18 Handler State: POST_PROCESS (12) -> MOVE_ARM_HOME (14)
2026-05-15 10:52:18 Handler State: MOVE_ARM_HOME (14) -> HANDLER_IDLE (1)
2026-05-15 10:52:34 Handler State: HANDLER_IDLE (1) -> HANDLER_START (2)
2026-05-15 10:52:35 Handler State: HANDLER_START (2) -> DECIDE_CART (3)
2026-05-15 10:52:35 Selection: Last resort, just pick the first IFS.
2026-05-15 10:52:35 Selection: Last resort, just pick the first cartridge.
2026-05-15 10:52:35 Selected Primary Cartridge: 1
2026-05-15 10:52:35 Selected Primary Station: 102
2026-05-15 10:52:35 Selected Secondary Cartridge: 0
2026-05-15 10:52:35 Selected Secondary Station: 0
2026-05-15 10:52:35 Selected Filling Volume: 317
2026-05-15 10:52:35 Handler State: DECIDE_CART (3) -> CHECK_SEC_CART (26)
2026-05-15 10:52:35 Handler State: CHECK_SEC_CART (26) -> PROBE_CART (24)
2026-05-15 10:52:35 CartMove: Exchange 1, from 102
2026-05-15 10:52:35 CartMoveState: IDLE (1) -> FROM_MOVE (3)
2026-05-15 10:52:36 CartMoveState: FROM_MOVE (3) -> FROM_PROBE (19)
2026-05-15 10:52:38 Handler State: PROBE_CART (24) -> PROCESS_CART (6)
2026-05-15 10:53:19 Setting CBS color valve (FillIFS): 2
2026-05-15 10:53:20 Primed volume (FillIFS): 4.97721
2026-05-15 10:53:20 Re-Calculated Filling Volume: 317
2026-05-15 10:53:20 Setting CBS color valve (FillCart): 2
2026-05-15 10:53:36 Handler State: PROCESS_CART (6) -> EXCHANGE_ONE (7)
2026-05-15 10:53:36 CartMove: Exchange 1, from 102
2026-05-15 10:53:36 CartMoveState: FROM_PROBE (19) -> FROM_CART (4)
2026-05-15 10:53:43 Setting CBS color valve (Finished): 0
2026-05-15 10:53:45 CartMoveState: FROM_CART (4) -> TO_MOVE (10)
2026-05-15 10:53:46 CartMoveState: TO_MOVE (10) -> EXCH_1_WAIT (14)
2026-05-15 10:53:46 Handler State: EXCHANGE_ONE (7) -> START_DCU (8)
2026-05-15 10:53:49 Handler State: START_DCU (8) -> EXCHANGE_TWO (9)
2026-05-15 10:53:49 CartMove: Exchange 2
2026-05-15 10:53:59 CartMoveState: EXCH_1_WAIT (14) -> EXCH_1_CART (15)
2026-05-15 10:54:02 CartMoveState: EXCH_1_CART (15) -> EXCH_2_MOVE (16)
2026-05-15 10:54:03 CartMoveState: EXCH_2_MOVE (16) -> EXCH_2_CART (17)
2026-05-15 10:54:05 CartMoveState: EXCH_2_CART (17) -> STORE_DECIDE (18)
2026-05-15 10:54:05 Used volume for last job: 252.101
2026-05-15 10:54:05 Handler State: EXCHANGE_TWO (9) -> WAIT_FOR_DCU (10)
2026-05-15 10:54:07 Handler State: WAIT_FOR_DCU (10) -> EXCHANGE_THREE (11)
2026-05-15 10:54:07 CartMove: Exchange 3
2026-05-15 10:54:07 CartMoveState: STORE_DECIDE (18) -> AUX_DECIDE (5)
2026-05-15 10:54:07 CartMoveState: AUX_DECIDE (5) -> TO_MOVE (10)
2026-05-15 10:54:07 CartMoveState: TO_MOVE (10) -> TO_CART (11)
2026-05-15 10:54:09 CartMoveState: TO_CART (11) -> HOME_MOVE (12)
2026-05-15 10:54:09 CartMoveState: HOME_MOVE (12) -> HALT (13)
2026-05-15 10:54:09 CartMoveState: HALT (13) -> IDLE (1)
2026-05-15 10:54:09 Handler State: EXCHANGE_THREE (11) -> POST_PROCESS (12)
2026-05-15 10:54:09 Handler State: POST_PROCESS (12) -> MOVE_ARM_HOME (14)
2026-05-15 10:54:09 Handler State: MOVE_ARM_HOME (14) -> HANDLER_IDLE (1)
2026-05-15 10:56:42 Handler State: HANDLER_IDLE (1) -> SEMI_START (15)
2026-05-15 10:56:42 Handler State: SEMI_START (15) -> SEMI_PROBE_CART (25)
2026-05-15 10:56:45 Handler State: SEMI_PROBE_CART (25) -> SEMI_PROCESS (16)
2026-05-15 10:57:21 Re-Calculated Filling Volume: 0
2026-05-15 10:57:28 Setting CBS color valve (Finished): 0
2026-05-15 10:57:28 Handler State: SEMI_PROCESS (16) -> SEMI_WHAT_NEXT (21)
2026-05-15 10:57:28 Handler State: SEMI_WHAT_NEXT (21) -> SEMI_FINISHED (23)
2026-05-15 10:57:29 Handler State: SEMI_FINISHED (23) -> HANDLER_IDLE (1)
2026-05-15 10:57:52 Handler State: HANDLER_IDLE (1) -> HANDLER_START (2)
2026-05-15 10:57:53 Handler State: HANDLER_START (2) -> DECIDE_CART (3)
2026-05-15 10:57:53 Selection: IFS is clean and its cartridge is cleaned.
2026-05-15 10:57:53 Selected Primary Cartridge: 4
2026-05-15 10:57:53 Selected Primary Station: 102
2026-05-15 10:57:53 Selected Secondary Cartridge: 0
2026-05-15 10:57:53 Selected Secondary Station: 0
2026-05-15 10:57:53 Selected Filling Volume: 404
2026-05-15 10:57:53 Handler State: DECIDE_CART (3) -> CHECK_SEC_CART (26)
2026-05-15 10:57:53 Handler State: CHECK_SEC_CART (26) -> PROBE_CART (24)
2026-05-15 10:57:53 CartMove: Exchange 1, from 102
2026-05-15 10:57:53 CartMoveState: IDLE (1) -> FROM_MOVE (3)
2026-05-15 10:57:54 CartMoveState: FROM_MOVE (3) -> FROM_PROBE (19)
2026-05-15 10:57:55 Handler State: PROBE_CART (24) -> PROCESS_CART (6)
2026-05-15 10:57:56 Setting CBS color valve (FillIFS): 1
2026-05-15 10:57:57 Primed volume (FillIFS): 0.54817
2026-05-15 10:57:57 Re-Calculated Filling Volume: 404
2026-05-15 10:57:57 Setting CBS color valve (FillCart): 1
2026-05-15 10:58:15 Handler State: PROCESS_CART (6) -> EXCHANGE_ONE (7)
2026-05-15 10:58:15 CartMove: Exchange 1, from 102
2026-05-15 10:58:15 CartMoveState: FROM_PROBE (19) -> FROM_CART (4)
2026-05-15 10:58:22 Setting CBS color valve (Finished): 0
2026-05-15 10:58:24 CartMoveState: FROM_CART (4) -> TO_MOVE (10)
2026-05-15 10:58:25 CartMoveState: TO_MOVE (10) -> EXCH_1_WAIT (14)
2026-05-15 10:58:25 Handler State: EXCHANGE_ONE (7) -> START_DCU (8)
2026-05-15 10:58:25 Handler State: START_DCU (8) -> EXCHANGE_TWO (9)
2026-05-15 10:58:25 CartMove: Exchange 2
2026-05-15 10:58:25 CartMoveState: EXCH_1_WAIT (14) -> EXCH_1_CART (15)
2026-05-15 10:58:28 CartMoveState: EXCH_1_CART (15) -> EXCH_2_MOVE (16)
2026-05-15 10:58:29 CartMoveState: EXCH_2_MOVE (16) -> EXCH_2_CART (17)
2026-05-15 10:58:31 CartMoveState: EXCH_2_CART (17) -> STORE_DECIDE (18)
2026-05-15 10:58:31 Used volume for last job: 236.674
2026-05-15 10:58:31 Handler State: EXCHANGE_TWO (9) -> WAIT_FOR_DCU (10)
2026-05-15 10:58:33 Handler State: WAIT_FOR_DCU (10) -> EXCHANGE_THREE (11)
2026-05-15 10:58:33 CartMove: Exchange 3
2026-05-15 10:58:33 CartMoveState: STORE_DECIDE (18) -> AUX_DECIDE (5)
2026-05-15 10:58:33 CartMoveState: AUX_DECIDE (5) -> TO_MOVE (10)
2026-05-15 10:58:33 CartMoveState: TO_MOVE (10) -> TO_CART (11)
2026-05-15 10:58:35 CartMoveState: TO_CART (11) -> HOME_MOVE (12)
2026-05-15 10:58:35 CartMoveState: HOME_MOVE (12) -> HALT (13)
2026-05-15 10:58:35 CartMoveState: HALT (13) -> IDLE (1)
2026-05-15 10:58:35 Handler State: EXCHANGE_THREE (11) -> POST_PROCESS (12)
2026-05-15 10:58:35 Handler State: POST_PROCESS (12) -> MOVE_ARM_HOME (14)
2026-05-15 10:58:35 Handler State: MOVE_ARM_HOME (14) -> HANDLER_IDLE (1)
2026-05-15 10:58:52 Handler State: HANDLER_IDLE (1) -> HANDLER_START (2)
2026-05-15 10:58:53 Handler State: HANDLER_START (2) -> DECIDE_CART (3)
2026-05-15 10:58:53 Selection: Last resort, just pick the first IFS.
2026-05-15 10:58:53 Selection: Last resort, just pick the first cartridge.
2026-05-15 10:58:53 Selected Primary Cartridge: 2
2026-05-15 10:58:53 Selected Primary Station: 103
2026-05-15 10:58:53 Selected Secondary Cartridge: 0
2026-05-15 10:58:53 Selected Secondary Station: 0
2026-05-15 10:58:53 Selected Filling Volume: 181
2026-05-15 10:58:53 Handler State: DECIDE_CART (3) -> REMOVE_CART (4)
2026-05-15 10:58:53 CartMove: Move, from 103 to 108
2026-05-15 10:58:53 CartMoveState: IDLE (1) -> FROM_MOVE (3)
2026-05-15 10:58:53 CartMoveState: FROM_MOVE (3) -> FROM_CART (4)
2026-05-15 10:58:56 CartMoveState: FROM_CART (4) -> AUX_DECIDE (5)
2026-05-15 10:58:56 CartMoveState: AUX_DECIDE (5) -> TO_MOVE (10)
2026-05-15 10:58:58 CartMoveState: TO_MOVE (10) -> TO_CART (11)
2026-05-15 10:59:00 CartMoveState: TO_CART (11) -> HOME_MOVE (12)
2026-05-15 10:59:01 CartMoveState: HOME_MOVE (12) -> HALT (13)
2026-05-15 10:59:01 CartMoveState: HALT (13) -> IDLE (1)
2026-05-15 10:59:01 Handler State: REMOVE_CART (4) -> PLACE_CART (5)
2026-05-15 10:59:01 CartMove: Move, from 106 to 103
2026-05-15 10:59:01 CartMoveState: IDLE (1) -> FROM_MOVE (3)
2026-05-15 10:59:03 CartMoveState: FROM_MOVE (3) -> FROM_CART (4)
2026-05-15 10:59:05 CartMoveState: FROM_CART (4) -> AUX_DECIDE (5)
2026-05-15 10:59:05 CartMoveState: AUX_DECIDE (5) -> TO_MOVE (10)
2026-05-15 10:59:07 CartMoveState: TO_MOVE (10) -> TO_CART (11)
2026-05-15 10:59:09 CartMoveState: TO_CART (11) -> HOME_MOVE (12)
2026-05-15 10:59:09 CartMoveState: HOME_MOVE (12) -> HALT (13)
2026-05-15 10:59:09 CartMoveState: HALT (13) -> IDLE (1)
2026-05-15 10:59:09 Handler State: PLACE_CART (5) -> CHECK_SEC_CART (26)
2026-05-15 10:59:09 Handler State: CHECK_SEC_CART (26) -> PROBE_CART (24)
2026-05-15 10:59:09 CartMove: Exchange 1, from 103
2026-05-15 10:59:09 CartMoveState: IDLE (1) -> FROM_MOVE (3)
2026-05-15 10:59:09 CartMoveState: FROM_MOVE (3) -> FROM_PROBE (19)
2026-05-15 10:59:11 Handler State: PROBE_CART (24) -> PROCESS_CART (6)
2026-05-15 10:59:44 Setting CBS color valve (FillIFS): 1
2026-05-15 10:59:46 Primed volume (FillIFS): 0.0969809
2026-05-15 10:59:46 Re-Calculated Filling Volume: 181
2026-05-15 10:59:46 Setting CBS color valve (FillCart): 1
2026-05-15 10:59:59 Handler State: PROCESS_CART (6) -> EXCHANGE_ONE (7)
2026-05-15 10:59:59 CartMove: Exchange 1, from 103
2026-05-15 10:59:59 CartMoveState: FROM_PROBE (19) -> FROM_CART (4)
2026-05-15 11:00:05 Setting CBS color valve (Finished): 0
2026-05-15 11:00:07 CartMoveState: FROM_CART (4) -> TO_MOVE (10)
2026-05-15 11:00:08 CartMoveState: TO_MOVE (10) -> EXCH_1_WAIT (14)
2026-05-15 11:00:08 Handler State: EXCHANGE_ONE (7) -> START_DCU (8)
2026-05-15 11:02:46 Handler State: START_DCU (8) -> EXCHANGE_TWO (9)
2026-05-15 11:02:46 CartMove: Exchange 2
2026-05-15 11:02:57 CartMoveState: EXCH_1_WAIT (14) -> EXCH_1_CART (15)
2026-05-15 11:03:00 CartMoveState: EXCH_1_CART (15) -> EXCH_2_MOVE (16)
2026-05-15 11:03:01 CartMoveState: EXCH_2_MOVE (16) -> EXCH_2_CART (17)
2026-05-15 11:03:03 CartMoveState: EXCH_2_CART (17) -> STORE_DECIDE (18)
2026-05-15 11:03:03 Used volume for last job: 358.006
2026-05-15 11:03:03 Handler State: EXCHANGE_TWO (9) -> WAIT_FOR_DCU (10)
2026-05-15 11:03:05 Handler State: WAIT_FOR_DCU (10) -> EXCHANGE_THREE (11)
2026-05-15 11:03:05 CartMove: Exchange 3
2026-05-15 11:03:05 CartMoveState: STORE_DECIDE (18) -> AUX_DECIDE (5)
2026-05-15 11:03:05 CartMoveState: AUX_DECIDE (5) -> TO_MOVE (10)
2026-05-15 11:03:06 CartMoveState: TO_MOVE (10) -> TO_CART (11)
2026-05-15 11:03:08 CartMoveState: TO_CART (11) -> HOME_MOVE (12)
2026-05-15 11:03:10 CartMoveState: HOME_MOVE (12) -> HALT (13)
2026-05-15 11:03:10 CartMoveState: HALT (13) -> IDLE (1)
2026-05-15 11:03:10 Handler State: EXCHANGE_THREE (11) -> POST_PROCESS (12)
2026-05-15 11:03:10 Handler State: POST_PROCESS (12) -> EMPTY_AUX (13)
2026-05-15 11:03:10 CartMove: Move, from 108 to 103
2026-05-15 11:03:10 CartMoveState: IDLE (1) -> FROM_MOVE (3)
2026-05-15 11:03:11 CartMoveState: FROM_MOVE (3) -> FROM_CART (4)
2026-05-15 11:03:14 CartMoveState: FROM_CART (4) -> AUX_DECIDE (5)
2026-05-15 11:03:14 CartMoveState: AUX_DECIDE (5) -> TO_MOVE (10)
2026-05-15 11:03:16 CartMoveState: TO_MOVE (10) -> TO_CART (11)
2026-05-15 11:03:18 CartMoveState: TO_CART (11) -> HOME_MOVE (12)
2026-05-15 11:03:18 CartMoveState: HOME_MOVE (12) -> HALT (13)
2026-05-15 11:03:18 CartMoveState: HALT (13) -> IDLE (1)
2026-05-15 11:03:18 Handler State: EMPTY_AUX (13) -> MOVE_ARM_HOME (14)
2026-05-15 11:03:18 Handler State: MOVE_ARM_HOME (14) -> HANDLER_IDLE (1)
2026-05-15 11:05:17 Handler State: HANDLER_IDLE (1) -> HANDLER_START (2)
2026-05-15 11:05:18 Handler State: HANDLER_START (2) -> DECIDE_CART (3)
2026-05-15 11:05:18 Selection: IFS has correct material.
2026-05-15 11:05:18 Selection: Cartridge has correct material.
2026-05-15 11:05:18 Selected Primary Cartridge: 3
2026-05-15 11:05:18 Selected Primary Station: 104
2026-05-15 11:05:18 Selected Secondary Cartridge: 0
2026-05-15 11:05:18 Selected Secondary Station: 0
2026-05-15 11:05:18 Selected Filling Volume: 453
2026-05-15 11:05:18 Handler State: DECIDE_CART (3) -> REMOVE_CART (4)
2026-05-15 11:05:18 CartMove: Move, from 104 to 108
2026-05-15 11:05:18 CartMoveState: IDLE (1) -> FROM_MOVE (3)
2026-05-15 11:05:19 CartMoveState: FROM_MOVE (3) -> FROM_CART (4)
2026-05-15 11:05:22 CartMoveState: FROM_CART (4) -> AUX_DECIDE (5)
2026-05-15 11:05:22 CartMoveState: AUX_DECIDE (5) -> TO_MOVE (10)
2026-05-15 11:05:24 CartMoveState: TO_MOVE (10) -> TO_CART (11)
2026-05-15 11:05:26 CartMoveState: TO_CART (11) -> HOME_MOVE (12)
2026-05-15 11:05:28 CartMoveState: HOME_MOVE (12) -> HALT (13)
2026-05-15 11:05:28 CartMoveState: HALT (13) -> IDLE (1)
2026-05-15 11:05:28 Handler State: REMOVE_CART (4) -> PLACE_CART (5)
2026-05-15 11:05:28 CartMove: Move, from 107 to 104
2026-05-15 11:05:28 CartMoveState: IDLE (1) -> FROM_MOVE (3)
2026-05-15 11:05:29 CartMoveState: FROM_MOVE (3) -> FROM_CART (4)
2026-05-15 11:05:32 CartMoveState: FROM_CART (4) -> AUX_DECIDE (5)
2026-05-15 11:05:32 CartMoveState: AUX_DECIDE (5) -> TO_MOVE (10)
2026-05-15 11:05:33 CartMoveState: TO_MOVE (10) -> TO_CART (11)
2026-05-15 11:05:36 CartMoveState: TO_CART (11) -> HOME_MOVE (12)
2026-05-15 11:05:36 CartMoveState: HOME_MOVE (12) -> HALT (13)
2026-05-15 11:05:36 CartMoveState: HALT (13) -> IDLE (1)
2026-05-15 11:05:36 Handler State: PLACE_CART (5) -> CHECK_SEC_CART (26)
2026-05-15 11:05:36 Handler State: CHECK_SEC_CART (26) -> PROBE_CART (24)
2026-05-15 11:05:36 CartMove: Exchange 1, from 104
2026-05-15 11:05:36 CartMoveState: IDLE (1) -> FROM_MOVE (3)
2026-05-15 11:05:37 CartMoveState: FROM_MOVE (3) -> FROM_PROBE (19)
2026-05-15 11:05:39 Handler State: PROBE_CART (24) -> PROCESS_CART (6)
2026-05-15 11:06:31 Setting CBS color valve (FillGate): 1
2026-05-15 11:06:32 Primed volume (FillGate): 1.46999
2026-05-15 11:06:32 Re-Calculated Filling Volume: 453
2026-05-15 11:06:32 Setting CBS color valve (FillCart): 1
2026-05-15 11:06:54 Handler State: PROCESS_CART (6) -> EXCHANGE_ONE (7)
2026-05-15 11:06:54 CartMove: Exchange 1, from 104
2026-05-15 11:06:54 CartMoveState: FROM_PROBE (19) -> FROM_CART (4)
2026-05-15 11:07:00 Setting CBS color valve (Finished): 0
2026-05-15 11:07:01 CartMoveState: FROM_CART (4) -> TO_MOVE (10)
2026-05-15 11:07:03 CartMoveState: TO_MOVE (10) -> EXCH_1_WAIT (14)
2026-05-15 11:07:03 Handler State: EXCHANGE_ONE (7) -> START_DCU (8)
2026-05-15 11:07:24 Handler State: START_DCU (8) -> EXCHANGE_TWO (9)
2026-05-15 11:07:24 CartMove: Exchange 2
2026-05-15 11:07:35 CartMoveState: EXCH_1_WAIT (14) -> EXCH_1_CART (15)
2026-05-15 11:07:38 CartMoveState: EXCH_1_CART (15) -> EXCH_2_MOVE (16)
2026-05-15 11:07:39 CartMoveState: EXCH_2_MOVE (16) -> EXCH_2_CART (17)
2026-05-15 11:07:41 CartMoveState: EXCH_2_CART (17) -> STORE_DECIDE (18)
2026-05-15 11:07:41 Used volume for last job: 132.601
2026-05-15 11:07:41 Handler State: EXCHANGE_TWO (9) -> WAIT_FOR_DCU (10)
2026-05-15 11:07:42 Handler State: WAIT_FOR_DCU (10) -> EXCHANGE_THREE (11)
2026-05-15 11:07:42 CartMove: Exchange 3
2026-05-15 11:07:42 CartMoveState: STORE_DECIDE (18) -> AUX_DECIDE (5)
2026-05-15 11:07:42 CartMoveState: AUX_DECIDE (5) -> TO_MOVE (10)
2026-05-15 11:07:44 CartMoveState: TO_MOVE (10) -> TO_CART (11)
2026-05-15 11:07:46 CartMoveState: TO_CART (11) -> HOME_MOVE (12)
2026-05-15 11:07:48 CartMoveState: HOME_MOVE (12) -> HALT (13)
2026-05-15 11:07:48 CartMoveState: HALT (13) -> IDLE (1)
2026-05-15 11:07:48 Handler State: EXCHANGE_THREE (11) -> POST_PROCESS (12)
2026-05-15 11:07:48 Handler State: POST_PROCESS (12) -> EMPTY_AUX (13)
2026-05-15 11:07:48 CartMove: Move, from 108 to 104
2026-05-15 11:07:48 CartMoveState: IDLE (1) -> FROM_MOVE (3)
2026-05-15 11:07:49 CartMoveState: FROM_MOVE (3) -> FROM_CART (4)
2026-05-15 11:07:52 CartMoveState: FROM_CART (4) -> AUX_DECIDE (5)
2026-05-15 11:07:52 CartMoveState: AUX_DECIDE (5) -> TO_MOVE (10)
2026-05-15 11:07:54 CartMoveState: TO_MOVE (10) -> TO_CART (11)
2026-05-15 11:07:56 CartMoveState: TO_CART (11) -> HOME_MOVE (12)
2026-05-15 11:07:57 CartMoveState: HOME_MOVE (12) -> HALT (13)
2026-05-15 11:07:57 CartMoveState: HALT (13) -> IDLE (1)
2026-05-15 11:07:57 Handler State: EMPTY_AUX (13) -> MOVE_ARM_HOME (14)
2026-05-15 11:07:57 Handler State: MOVE_ARM_HOME (14) -> HANDLER_IDLE (1)
2026-05-15 11:10:04 Handler State: HANDLER_IDLE (1) -> HANDLER_START (2)
2026-05-15 11:10:05 Handler State: HANDLER_START (2) -> DECIDE_CART (3)
2026-05-15 11:10:05 Selection: IFS has correct material.
2026-05-15 11:10:05 Selection: Last resort, just pick the first cartridge.
2026-05-15 11:10:05 Selected Primary Cartridge: 6
2026-05-15 11:10:05 Selected Primary Station: 104
2026-05-15 11:10:05 Selected Secondary Cartridge: 0
2026-05-15 11:10:05 Selected Secondary Station: 0
2026-05-15 11:10:05 Selected Filling Volume: 477
2026-05-15 11:10:05 Handler State: DECIDE_CART (3) -> CHECK_SEC_CART (26)
2026-05-15 11:10:05 Handler State: CHECK_SEC_CART (26) -> PROBE_CART (24)
2026-05-15 11:10:05 CartMove: Exchange 1, from 104
2026-05-15 11:10:05 CartMoveState: IDLE (1) -> FROM_MOVE (3)
2026-05-15 11:10:06 CartMoveState: FROM_MOVE (3) -> FROM_PROBE (19)
2026-05-15 11:10:08 Handler State: PROBE_CART (24) -> PROCESS_CART (6)
2026-05-15 11:10:39 Setting CBS color valve (FillGate): 1
2026-05-15 11:10:40 Primed volume (FillGate): 1.29837
2026-05-15 11:10:40 Re-Calculated Filling Volume: 477
2026-05-15 11:10:40 Setting CBS color valve (FillCart): 1
2026-05-15 11:11:02 Handler State: PROCESS_CART (6) -> EXCHANGE_ONE (7)
2026-05-15 11:11:02 CartMove: Exchange 1, from 104
2026-05-15 11:11:02 CartMoveState: FROM_PROBE (19) -> FROM_CART (4)
2026-05-15 11:11:07 Setting CBS color valve (Finished): 0
2026-05-15 11:11:09 CartMoveState: FROM_CART (4) -> TO_MOVE (10)
2026-05-15 11:11:11 CartMoveState: TO_MOVE (10) -> EXCH_1_WAIT (14)
2026-05-15 11:11:11 Handler State: EXCHANGE_ONE (7) -> START_DCU (8)
2026-05-15 11:11:48 Handler State: START_DCU (8) -> EXCHANGE_TWO (9)
2026-05-15 11:11:48 CartMove: Exchange 2
2026-05-15 11:11:49 CartMoveState: EXCH_1_WAIT (14) -> EXCH_1_CART (15)
2026-05-15 11:11:52 CartMoveState: EXCH_1_CART (15) -> EXCH_2_MOVE (16)
2026-05-15 11:11:52 CartMoveState: EXCH_2_MOVE (16) -> EXCH_2_CART (17)
2026-05-15 11:11:54 CartMoveState: EXCH_2_CART (17) -> STORE_DECIDE (18)
2026-05-15 11:11:54 Used volume for last job: 0
2026-05-15 11:11:54 Handler State: EXCHANGE_TWO (9) -> WAIT_FOR_DCU (10)
2026-05-15 11:11:56 Handler State: WAIT_FOR_DCU (10) -> EXCHANGE_THREE (11)
2026-05-15 11:11:56 CartMove: Exchange 3
2026-05-15 11:11:56 CartMoveState: STORE_DECIDE (18) -> AUX_DECIDE (5)
2026-05-15 11:11:56 CartMoveState: AUX_DECIDE (5) -> TO_MOVE (10)
2026-05-15 11:11:57 CartMoveState: TO_MOVE (10) -> TO_CART (11)
2026-05-15 11:12:00 CartMoveState: TO_CART (11) -> HOME_MOVE (12)
2026-05-15 11:12:01 CartMoveState: HOME_MOVE (12) -> HALT (13)
2026-05-15 11:12:01 CartMoveState: HALT (13) -> IDLE (1)
2026-05-15 11:12:01 Handler State: EXCHANGE_THREE (11) -> POST_PROCESS (12)
2026-05-15 11:12:01 Handler State: POST_PROCESS (12) -> MOVE_ARM_HOME (14)
2026-05-15 11:12:01 Handler State: MOVE_ARM_HOME (14) -> HANDLER_IDLE (1)
2026-05-15 11:13:49 Handler State: HANDLER_IDLE (1) -> SEMI_START (15)
2026-05-15 11:13:49 Handler State: SEMI_START (15) -> SEMI_PROBE_CART (25)
2026-05-15 11:13:53 Handler State: SEMI_PROBE_CART (25) -> SEMI_PROCESS (16)
2026-05-15 11:14:30 Re-Calculated Filling Volume: 0
2026-05-15 11:14:35 Setting CBS color valve (Finished): 0
2026-05-15 11:14:35 Handler State: SEMI_PROCESS (16) -> SEMI_WHAT_NEXT (21)
2026-05-15 11:14:35 Handler State: SEMI_WHAT_NEXT (21) -> SEMI_FINISHED (23)
2026-05-15 11:14:36 Handler State: SEMI_FINISHED (23) -> HANDLER_IDLE (1)
2026-05-15 11:20:16 Handler State: HANDLER_IDLE (1) -> HANDLER_START (2)
2026-05-15 11:20:17 Handler State: HANDLER_START (2) -> DECIDE_CART (3)
2026-05-15 11:20:17 Selection: IFS is clean and its cartridge is cleaned.
2026-05-15 11:20:17 Selected Primary Cartridge: 3
2026-05-15 11:20:17 Selected Primary Station: 104
2026-05-15 11:20:17 Selected Secondary Cartridge: 0
2026-05-15 11:20:17 Selected Secondary Station: 0
2026-05-15 11:20:17 Selected Filling Volume: 453
2026-05-15 11:20:17 Handler State: DECIDE_CART (3) -> CHECK_SEC_CART (26)
2026-05-15 11:20:17 Handler State: CHECK_SEC_CART (26) -> PROBE_CART (24)
2026-05-15 11:20:17 CartMove: Exchange 1, from 104
2026-05-15 11:20:17 CartMoveState: IDLE (1) -> FROM_MOVE (3)
2026-05-15 11:20:18 CartMoveState: FROM_MOVE (3) -> FROM_PROBE (19)
2026-05-15 11:20:20 Handler State: PROBE_CART (24) -> PROCESS_CART (6)
2026-05-15 11:20:20 Setting CBS color valve (FillIFS): 2
2026-05-15 11:20:22 Primed volume (FillIFS): 1.97554
2026-05-15 11:20:22 Re-Calculated Filling Volume: 453
2026-05-15 11:20:22 Setting CBS color valve (FillCart): 2
2026-05-15 11:20:48 Handler State: PROCESS_CART (6) -> EXCHANGE_ONE (7)
2026-05-15 11:20:48 CartMove: Exchange 1, from 104
2026-05-15 11:20:48 CartMoveState: FROM_PROBE (19) -> FROM_CART (4)
2026-05-15 11:20:53 Setting CBS color valve (Finished): 0
2026-05-15 11:20:55 CartMoveState: FROM_CART (4) -> TO_MOVE (10)
2026-05-15 11:20:57 CartMoveState: TO_MOVE (10) -> EXCH_1_WAIT (14)
2026-05-15 11:20:57 Handler State: EXCHANGE_ONE (7) -> START_DCU (8)
2026-05-15 11:20:57 Handler State: START_DCU (8) -> EXCHANGE_TWO (9)
2026-05-15 11:20:57 CartMove: Exchange 2
2026-05-15 11:20:57 CartMoveState: EXCH_1_WAIT (14) -> EXCH_1_CART (15)
2026-05-15 11:21:00 CartMoveState: EXCH_1_CART (15) -> EXCH_2_MOVE (16)
2026-05-15 11:21:00 CartMoveState: EXCH_2_MOVE (16) -> EXCH_2_CART (17)
2026-05-15 11:21:02 CartMoveState: EXCH_2_CART (17) -> STORE_DECIDE (18)
2026-05-15 11:21:02 Used volume for last job: 425.766
2026-05-15 11:21:02 Handler State: EXCHANGE_TWO (9) -> WAIT_FOR_DCU (10)
2026-05-15 11:21:04 Handler State: WAIT_FOR_DCU (10) -> EXCHANGE_THREE (11)
2026-05-15 11:21:04 CartMove: Exchange 3
2026-05-15 11:21:04 CartMoveState: STORE_DECIDE (18) -> AUX_DECIDE (5)
2026-05-15 11:21:04 CartMoveState: AUX_DECIDE (5) -> TO_MOVE (10)
2026-05-15 11:21:05 CartMoveState: TO_MOVE (10) -> TO_CART (11)
2026-05-15 11:21:08 CartMoveState: TO_CART (11) -> HOME_MOVE (12)
2026-05-15 11:21:09 CartMoveState: HOME_MOVE (12) -> HALT (13)
2026-05-15 11:21:09 CartMoveState: HALT (13) -> IDLE (1)
2026-05-15 11:21:09 Handler State: EXCHANGE_THREE (11) -> POST_PROCESS (12)
2026-05-15 11:21:09 Handler State: POST_PROCESS (12) -> MOVE_ARM_HOME (14)
2026-05-15 11:21:09 Handler State: MOVE_ARM_HOME (14) -> HANDLER_IDLE (1)
2026-05-15 11:21:20 Handler State: HANDLER_IDLE (1) -> HANDLER_START (2)
2026-05-15 11:21:21 Handler State: HANDLER_START (2) -> DECIDE_CART (3)
2026-05-15 11:21:21 Selection: IFS has correct material and its cartridge has correct material.
2026-05-15 11:21:21 Selected Primary Cartridge: 6
2026-05-15 11:21:21 Selected Primary Station: 104
2026-05-15 11:21:21 Selected Secondary Cartridge: 0
2026-05-15 11:21:21 Selected Secondary Station: 0
2026-05-15 11:21:21 Selected Filling Volume: 477
2026-05-15 11:21:21 Handler State: DECIDE_CART (3) -> CHECK_SEC_CART (26)
2026-05-15 11:21:21 Handler State: CHECK_SEC_CART (26) -> PROBE_CART (24)
2026-05-15 11:21:21 CartMove: Exchange 1, from 104
2026-05-15 11:21:21 CartMoveState: IDLE (1) -> FROM_MOVE (3)
2026-05-15 11:21:22 CartMoveState: FROM_MOVE (3) -> FROM_PROBE (19)
2026-05-15 11:21:23 Handler State: PROBE_CART (24) -> PROCESS_CART (6)
2026-05-15 11:21:55 Setting CBS color valve (FillGate): 2
2026-05-15 11:21:56 Primed volume (FillGate): 1.61262
2026-05-15 11:21:56 Re-Calculated Filling Volume: 477
2026-05-15 11:21:56 Setting CBS color valve (FillCart): 2
2026-05-15 11:22:20 Handler State: PROCESS_CART (6) -> EXCHANGE_ONE (7)
2026-05-15 11:22:20 CartMove: Exchange 1, from 104
2026-05-15 11:22:20 CartMoveState: FROM_PROBE (19) -> FROM_CART (4)
2026-05-15 11:22:26 Setting CBS color valve (Finished): 0
2026-05-15 11:22:27 CartMoveState: FROM_CART (4) -> TO_MOVE (10)
2026-05-15 11:22:29 CartMoveState: TO_MOVE (10) -> EXCH_1_WAIT (14)
2026-05-15 11:22:29 Handler State: EXCHANGE_ONE (7) -> START_DCU (8)
2026-05-15 11:23:06 Handler State: START_DCU (8) -> EXCHANGE_TWO (9)
2026-05-15 11:23:06 CartMove: Exchange 2
2026-05-15 11:23:07 CartMoveState: EXCH_1_WAIT (14) -> EXCH_1_CART (15)
2026-05-15 11:23:10 CartMoveState: EXCH_1_CART (15) -> EXCH_2_MOVE (16)
2026-05-15 11:23:10 CartMoveState: EXCH_2_MOVE (16) -> EXCH_2_CART (17)
2026-05-15 11:23:12 CartMoveState: EXCH_2_CART (17) -> STORE_DECIDE (18)
2026-05-15 11:23:12 Used volume for last job: 0
2026-05-15 11:23:12 Handler State: EXCHANGE_TWO (9) -> WAIT_FOR_DCU (10)
2026-05-15 11:23:14 Handler State: WAIT_FOR_DCU (10) -> EXCHANGE_THREE (11)
2026-05-15 11:23:14 CartMove: Exchange 3
2026-05-15 11:23:14 CartMoveState: STORE_DECIDE (18) -> AUX_DECIDE (5)
2026-05-15 11:23:14 CartMoveState: AUX_DECIDE (5) -> TO_MOVE (10)
2026-05-15 11:23:15 CartMoveState: TO_MOVE (10) -> TO_CART (11)
2026-05-15 11:23:18 CartMoveState: TO_CART (11) -> HOME_MOVE (12)
2026-05-15 11:23:19 CartMoveState: HOME_MOVE (12) -> HALT (13)
2026-05-15 11:23:19 CartMoveState: HALT (13) -> IDLE (1)
2026-05-15 11:23:19 Handler State: EXCHANGE_THREE (11) -> POST_PROCESS (12)
2026-05-15 11:23:19 Handler State: POST_PROCESS (12) -> MOVE_ARM_HOME (14)
2026-05-15 11:23:19 Handler State: MOVE_ARM_HOME (14) -> HANDLER_IDLE (1)
2026-05-15 11:23:32 Handler State: HANDLER_IDLE (1) -> HANDLER_START (2)
2026-05-15 11:23:33 Handler State: HANDLER_START (2) -> DECIDE_CART (3)
2026-05-15 11:23:33 Selection: Last resort, just pick the first IFS.
2026-05-15 11:23:33 Selection: Last resort, just pick the first cartridge.
2026-05-15 11:23:33 Selected Primary Cartridge: 1
2026-05-15 11:23:33 Selected Primary Station: 102
2026-05-15 11:23:33 Selected Secondary Cartridge: 0
2026-05-15 11:23:33 Selected Secondary Station: 0
2026-05-15 11:23:33 Selected Filling Volume: 314
2026-05-15 11:23:33 Handler State: DECIDE_CART (3) -> CHECK_SEC_CART (26)
2026-05-15 11:23:33 Handler State: CHECK_SEC_CART (26) -> PROBE_CART (24)
2026-05-15 11:23:33 CartMove: Exchange 1, from 102
2026-05-15 11:23:33 CartMoveState: IDLE (1) -> FROM_MOVE (3)
2026-05-15 11:23:34 CartMoveState: FROM_MOVE (3) -> FROM_PROBE (19)
2026-05-15 11:23:35 Handler State: PROBE_CART (24) -> PROCESS_CART (6)
2026-05-15 11:24:16 Setting CBS color valve (FillIFS): 1
2026-05-15 11:24:17 Primed volume (FillIFS): 4.74669
2026-05-15 11:24:17 Re-Calculated Filling Volume: 314
2026-05-15 11:24:17 Setting CBS color valve (FillCart): 1
2026-05-15 11:24:34 Handler State: PROCESS_CART (6) -> EXCHANGE_ONE (7)
2026-05-15 11:24:34 CartMove: Exchange 1, from 102
2026-05-15 11:24:34 CartMoveState: FROM_PROBE (19) -> FROM_CART (4)
2026-05-15 11:24:41 Setting CBS color valve (Finished): 0
2026-05-15 11:24:43 CartMoveState: FROM_CART (4) -> TO_MOVE (10)
2026-05-15 11:24:44 CartMoveState: TO_MOVE (10) -> EXCH_1_WAIT (14)
2026-05-15 11:24:44 Handler State: EXCHANGE_ONE (7) -> START_DCU (8)
2026-05-15 11:24:52 Handler State: START_DCU (8) -> EXCHANGE_TWO (9)
2026-05-15 11:24:52 CartMove: Exchange 2
2026-05-15 11:25:03 CartMoveState: EXCH_1_WAIT (14) -> EXCH_1_CART (15)
2026-05-15 11:25:06 CartMoveState: EXCH_1_CART (15) -> EXCH_2_MOVE (16)
2026-05-15 11:25:06 CartMoveState: EXCH_2_MOVE (16) -> EXCH_2_CART (17)
2026-05-15 11:25:08 CartMoveState: EXCH_2_CART (17) -> STORE_DECIDE (18)
2026-05-15 11:25:08 Used volume for last job: 430.994
2026-05-15 11:25:08 Handler State: EXCHANGE_TWO (9) -> WAIT_FOR_DCU (10)
2026-05-15 11:25:10 Handler State: WAIT_FOR_DCU (10) -> EXCHANGE_THREE (11)
2026-05-15 11:25:10 CartMove: Exchange 3
2026-05-15 11:25:10 CartMoveState: STORE_DECIDE (18) -> AUX_DECIDE (5)
2026-05-15 11:25:10 CartMoveState: AUX_DECIDE (5) -> TO_MOVE (10)
2026-05-15 11:25:12 CartMoveState: TO_MOVE (10) -> TO_CART (11)
2026-05-15 11:25:14 CartMoveState: TO_CART (11) -> HOME_MOVE (12)
2026-05-15 11:25:16 CartMoveState: HOME_MOVE (12) -> HALT (13)
2026-05-15 11:25:16 CartMoveState: HALT (13) -> IDLE (1)
2026-05-15 11:25:16 Handler State: EXCHANGE_THREE (11) -> POST_PROCESS (12)
2026-05-15 11:25:16 Handler State: POST_PROCESS (12) -> MOVE_ARM_HOME (14)
2026-05-15 11:25:16 Handler State: MOVE_ARM_HOME (14) -> HANDLER_IDLE (1)
2026-05-15 11:25:36 Handler State: HANDLER_IDLE (1) -> HANDLER_START (2)
2026-05-15 11:25:37 Handler State: HANDLER_START (2) -> DECIDE_CART (3)
2026-05-15 11:25:37 Selection: IFS has correct material.
2026-05-15 11:25:37 Selection: Last resort, just pick the first cartridge.
2026-05-15 11:25:37 Selected Primary Cartridge: 4
2026-05-15 11:25:37 Selected Primary Station: 102
2026-05-15 11:25:37 Selected Secondary Cartridge: 0
2026-05-15 11:25:37 Selected Secondary Station: 0
2026-05-15 11:25:37 Selected Filling Volume: 293
2026-05-15 11:25:37 Handler State: DECIDE_CART (3) -> PLACE_CART (5)
2026-05-15 11:25:37 CartMove: Move, from 105 to 102
2026-05-15 11:25:37 CartMoveState: IDLE (1) -> FROM_MOVE (3)
2026-05-15 11:25:38 CartMoveState: FROM_MOVE (3) -> FROM_CART (4)
2026-05-15 11:25:41 CartMoveState: FROM_CART (4) -> AUX_DECIDE (5)
2026-05-15 11:25:41 CartMoveState: AUX_DECIDE (5) -> TO_MOVE (10)
2026-05-15 11:25:42 CartMoveState: TO_MOVE (10) -> TO_CART (11)
2026-05-15 11:25:45 CartMoveState: TO_CART (11) -> HOME_MOVE (12)
2026-05-15 11:25:46 CartMoveState: HOME_MOVE (12) -> HALT (13)
2026-05-15 11:25:46 CartMoveState: HALT (13) -> IDLE (1)
2026-05-15 11:25:46 Handler State: PLACE_CART (5) -> CHECK_SEC_CART (26)
2026-05-15 11:25:46 Handler State: CHECK_SEC_CART (26) -> PROBE_CART (24)
2026-05-15 11:25:46 CartMove: Exchange 1, from 102
2026-05-15 11:25:46 CartMoveState: IDLE (1) -> FROM_MOVE (3)
2026-05-15 11:25:46 CartMoveState: FROM_MOVE (3) -> FROM_PROBE (19)
2026-05-15 11:25:48 Handler State: PROBE_CART (24) -> PROCESS_CART (6)
2026-05-15 11:26:21 Setting CBS color valve (FillGate): 1
2026-05-15 11:26:23 Primed volume (FillGate): 1.72875
2026-05-15 11:26:23 Re-Calculated Filling Volume: 293
2026-05-15 11:26:23 Setting CBS color valve (FillCart): 1
2026-05-15 11:26:39 Handler State: PROCESS_CART (6) -> EXCHANGE_ONE (7)
2026-05-15 11:26:39 CartMove: Exchange 1, from 102
2026-05-15 11:26:39 CartMoveState: FROM_PROBE (19) -> FROM_CART (4)
2026-05-15 11:26:45 Setting CBS color valve (Finished): 0
2026-05-15 11:26:47 CartMoveState: FROM_CART (4) -> TO_MOVE (10)
2026-05-15 11:26:49 CartMoveState: TO_MOVE (10) -> EXCH_1_WAIT (14)
2026-05-15 11:26:49 Handler State: EXCHANGE_ONE (7) -> START_DCU (8)
2026-05-15 11:27:15 Handler State: START_DCU (8) -> EXCHANGE_TWO (9)
2026-05-15 11:27:15 CartMove: Exchange 2
2026-05-15 11:27:16 CartMoveState: EXCH_1_WAIT (14) -> EXCH_1_CART (15)
2026-05-15 11:27:19 CartMoveState: EXCH_1_CART (15) -> EXCH_2_MOVE (16)
2026-05-15 11:27:20 CartMoveState: EXCH_2_MOVE (16) -> EXCH_2_CART (17)
2026-05-15 11:27:22 CartMoveState: EXCH_2_CART (17) -> STORE_DECIDE (18)
2026-05-15 11:27:22 Used volume for last job: 0
2026-05-15 11:27:22 Handler State: EXCHANGE_TWO (9) -> WAIT_FOR_DCU (10)
2026-05-15 11:27:24 Handler State: WAIT_FOR_DCU (10) -> EXCHANGE_THREE (11)
2026-05-15 11:27:24 CartMove: Exchange 3
2026-05-15 11:27:24 CartMoveState: STORE_DECIDE (18) -> AUX_DECIDE (5)
2026-05-15 11:27:24 CartMoveState: AUX_DECIDE (5) -> TO_MOVE (10)
2026-05-15 11:27:24 CartMoveState: TO_MOVE (10) -> TO_CART (11)
2026-05-15 11:27:26 CartMoveState: TO_CART (11) -> HOME_MOVE (12)
2026-05-15 11:27:26 CartMoveState: HOME_MOVE (12) -> HALT (13)
2026-05-15 11:27:26 CartMoveState: HALT (13) -> IDLE (1)
2026-05-15 11:27:26 Handler State: EXCHANGE_THREE (11) -> POST_PROCESS (12)
2026-05-15 11:27:26 Handler State: POST_PROCESS (12) -> MOVE_ARM_HOME (14)
2026-05-15 11:27:26 Handler State: MOVE_ARM_HOME (14) -> HANDLER_IDLE (1)
2026-05-15 11:29:10 Handler State: HANDLER_IDLE (1) -> SEMI_START (15)
2026-05-15 11:29:10 Handler State: SEMI_START (15) -> SEMI_PROBE_CART (25)
2026-05-15 11:29:12 Handler State: SEMI_PROBE_CART (25) -> SEMI_PROCESS (16)
2026-05-15 11:29:50 Re-Calculated Filling Volume: 0
2026-05-15 11:29:55 Setting CBS color valve (Finished): 0
2026-05-15 11:29:55 Handler State: SEMI_PROCESS (16) -> SEMI_WHAT_NEXT (21)
2026-05-15 11:29:55 Handler State: SEMI_WHAT_NEXT (21) -> SEMI_FINISHED (23)
2026-05-15 11:29:56 Handler State: SEMI_FINISHED (23) -> HANDLER_IDLE (1)
2026-05-15 11:29:58 Handler State: HANDLER_IDLE (1) -> HANDLER_START (2)
2026-05-15 11:29:59 Handler State: HANDLER_START (2) -> DECIDE_CART (3)
2026-05-15 11:29:59 Selection: IFS is clean and its cartridge is cleaned.
2026-05-15 11:29:59 Selected Primary Cartridge: 5
2026-05-15 11:29:59 Selected Primary Station: 103
2026-05-15 11:29:59 Selected Secondary Cartridge: 0
2026-05-15 11:29:59 Selected Secondary Station: 0
2026-05-15 11:29:59 Selected Filling Volume: 640
2026-05-15 11:29:59 Handler State: DECIDE_CART (3) -> CHECK_SEC_CART (26)
2026-05-15 11:29:59 Handler State: CHECK_SEC_CART (26) -> PROBE_CART (24)
2026-05-15 11:29:59 CartMove: Exchange 1, from 103
2026-05-15 11:29:59 CartMoveState: IDLE (1) -> FROM_MOVE (3)
2026-05-15 11:29:59 CartMoveState: FROM_MOVE (3) -> FROM_PROBE (19)
2026-05-15 11:30:00 Handler State: PROBE_CART (24) -> PROCESS_CART (6)
2026-05-15 11:30:00 Setting CBS color valve (FillIFS): 1
2026-05-15 11:30:02 Primed volume (FillIFS): 4.89978
2026-05-15 11:30:02 Re-Calculated Filling Volume: 640
2026-05-15 11:30:02 Setting CBS color valve (FillCart): 1
2026-05-15 11:30:26 Handler State: PROCESS_CART (6) -> EXCHANGE_ONE (7)
2026-05-15 11:30:26 CartMove: Exchange 1, from 103
2026-05-15 11:30:26 CartMoveState: FROM_PROBE (19) -> FROM_CART (4)
2026-05-15 11:30:32 Setting CBS color valve (Finished): 0
2026-05-15 11:30:33 CartMoveState: FROM_CART (4) -> TO_MOVE (10)
2026-05-15 11:30:35 CartMoveState: TO_MOVE (10) -> EXCH_1_WAIT (14)
2026-05-15 11:30:35 Handler State: EXCHANGE_ONE (7) -> START_DCU (8)
2026-05-15 11:30:35 Handler State: START_DCU (8) -> EXCHANGE_TWO (9)
2026-05-15 11:30:35 CartMove: Exchange 2
2026-05-15 11:30:35 CartMoveState: EXCH_1_WAIT (14) -> EXCH_1_CART (15)
2026-05-15 11:30:38 CartMoveState: EXCH_1_CART (15) -> EXCH_2_MOVE (16)
2026-05-15 11:30:38 CartMoveState: EXCH_2_MOVE (16) -> EXCH_2_CART (17)
2026-05-15 11:30:40 CartMoveState: EXCH_2_CART (17) -> STORE_DECIDE (18)
2026-05-15 11:30:40 Used volume for last job: 241.403
2026-05-15 11:30:40 Handler State: EXCHANGE_TWO (9) -> WAIT_FOR_DCU (10)
2026-05-15 11:30:42 Handler State: WAIT_FOR_DCU (10) -> EXCHANGE_THREE (11)
2026-05-15 11:30:42 CartMove: Exchange 3
2026-05-15 11:30:42 CartMoveState: STORE_DECIDE (18) -> AUX_DECIDE (5)
2026-05-15 11:30:42 CartMoveState: AUX_DECIDE (5) -> TO_MOVE (10)
2026-05-15 11:30:44 CartMoveState: TO_MOVE (10) -> TO_CART (11)
2026-05-15 11:30:46 CartMoveState: TO_CART (11) -> HOME_MOVE (12)
2026-05-15 11:30:47 CartMoveState: HOME_MOVE (12) -> HALT (13)
2026-05-15 11:30:47 CartMoveState: HALT (13) -> IDLE (1)
2026-05-15 11:30:47 Handler State: EXCHANGE_THREE (11) -> POST_PROCESS (12)
2026-05-15 11:30:47 Handler State: POST_PROCESS (12) -> MOVE_ARM_HOME (14)
2026-05-15 11:30:48 Handler State: MOVE_ARM_HOME (14) -> HANDLER_IDLE (1)
2026-05-15 11:34:03 Handler State: HANDLER_IDLE (1) -> HANDLER_START (2)
2026-05-15 11:34:04 Handler State: HANDLER_START (2) -> DECIDE_CART (3)
2026-05-15 11:34:04 Selection: IFS has correct material.
2026-05-15 11:34:04 Selection: Last resort, just pick the first cartridge.
2026-05-15 11:34:04 Selected Primary Cartridge: 2
2026-05-15 11:34:04 Selected Primary Station: 103
2026-05-15 11:34:04 Selected Secondary Cartridge: 0
2026-05-15 11:34:04 Selected Secondary Station: 0
2026-05-15 11:34:04 Selected Filling Volume: 640
2026-05-15 11:34:04 Handler State: DECIDE_CART (3) -> PLACE_CART (5)
2026-05-15 11:34:04 CartMove: Move, from 106 to 103
2026-05-15 11:34:04 CartMoveState: IDLE (1) -> FROM_MOVE (3)
2026-05-15 11:34:05 CartMoveState: FROM_MOVE (3) -> FROM_CART (4)
2026-05-15 11:34:08 CartMoveState: FROM_CART (4) -> AUX_DECIDE (5)
2026-05-15 11:34:08 CartMoveState: AUX_DECIDE (5) -> TO_MOVE (10)
2026-05-15 11:34:09 CartMoveState: TO_MOVE (10) -> TO_CART (11)
2026-05-15 11:34:12 CartMoveState: TO_CART (11) -> HOME_MOVE (12)
2026-05-15 11:34:12 CartMoveState: HOME_MOVE (12) -> HALT (13)
2026-05-15 11:34:12 CartMoveState: HALT (13) -> IDLE (1)
2026-05-15 11:34:12 Handler State: PLACE_CART (5) -> CHECK_SEC_CART (26)
2026-05-15 11:34:12 Handler State: CHECK_SEC_CART (26) -> PROBE_CART (24)
2026-05-15 11:34:12 CartMove: Exchange 1, from 103
2026-05-15 11:34:12 CartMoveState: IDLE (1) -> FROM_MOVE (3)
2026-05-15 11:34:12 CartMoveState: FROM_MOVE (3) -> FROM_PROBE (19)
2026-05-15 11:34:14 Handler State: PROBE_CART (24) -> PROCESS_CART (6)
2026-05-15 11:34:45 Setting CBS color valve (FillGate): 1
2026-05-15 11:34:46 Primed volume (FillGate): 0.57329
2026-05-15 11:34:46 Re-Calculated Filling Volume: 640
2026-05-15 11:34:46 Setting CBS color valve (FillCart): 1
2026-05-15 11:35:09 Handler State: PROCESS_CART (6) -> EXCHANGE_ONE (7)
2026-05-15 11:35:10 CartMove: Exchange 1, from 103
2026-05-15 11:35:10 CartMoveState: FROM_PROBE (19) -> FROM_CART (4)
2026-05-15 11:35:15 Setting CBS color valve (Finished): 0
2026-05-15 11:35:17 CartMoveState: FROM_CART (4) -> TO_MOVE (10)
2026-05-15 11:35:18 CartMoveState: TO_MOVE (10) -> EXCH_1_WAIT (14)
2026-05-15 11:35:18 Handler State: EXCHANGE_ONE (7) -> START_DCU (8)
2026-05-15 11:36:30 Handler State: START_DCU (8) -> EXCHANGE_TWO (9)
2026-05-15 11:36:30 CartMove: Exchange 2
2026-05-15 11:36:31 CartMoveState: EXCH_1_WAIT (14) -> EXCH_1_CART (15)
2026-05-15 11:36:34 CartMoveState: EXCH_1_CART (15) -> EXCH_2_MOVE (16)
2026-05-15 11:36:35 CartMoveState: EXCH_2_MOVE (16) -> EXCH_2_CART (17)
2026-05-15 11:36:37 CartMoveState: EXCH_2_CART (17) -> STORE_DECIDE (18)
2026-05-15 11:36:37 Used volume for last job: 0
2026-05-15 11:36:37 Handler State: EXCHANGE_TWO (9) -> WAIT_FOR_DCU (10)
2026-05-15 11:36:39 Handler State: WAIT_FOR_DCU (10) -> EXCHANGE_THREE (11)
2026-05-15 11:36:39 CartMove: Exchange 3
2026-05-15 11:36:39 CartMoveState: STORE_DECIDE (18) -> AUX_DECIDE (5)
2026-05-15 11:36:39 CartMoveState: AUX_DECIDE (5) -> TO_MOVE (10)
2026-05-15 11:36:39 CartMoveState: TO_MOVE (10) -> TO_CART (11)
2026-05-15 11:36:42 CartMoveState: TO_CART (11) -> HOME_MOVE (12)
2026-05-15 11:36:42 CartMoveState: HOME_MOVE (12) -> HALT (13)
2026-05-15 11:36:42 CartMoveState: HALT (13) -> IDLE (1)
2026-05-15 11:36:42 Handler State: EXCHANGE_THREE (11) -> POST_PROCESS (12)
2026-05-15 11:36:42 Handler State: POST_PROCESS (12) -> MOVE_ARM_HOME (14)
2026-05-15 11:36:43 Handler State: MOVE_ARM_HOME (14) -> HANDLER_IDLE (1)
2026-05-15 11:36:48 Handler State: HANDLER_IDLE (1) -> HANDLER_START (2)
2026-05-15 11:36:49 Handler State: HANDLER_START (2) -> DECIDE_CART (3)
2026-05-15 11:36:49 Selection: IFS has correct material and its cartridge has correct material.
2026-05-15 11:36:49 Selected Primary Cartridge: 3
2026-05-15 11:36:49 Selected Primary Station: 104
2026-05-15 11:36:49 Selected Secondary Cartridge: 0
2026-05-15 11:36:49 Selected Secondary Station: 0
2026-05-15 11:36:49 Selected Filling Volume: 640
2026-05-15 11:36:49 Handler State: DECIDE_CART (3) -> CHECK_SEC_CART (26)
2026-05-15 11:36:49 Handler State: CHECK_SEC_CART (26) -> PROBE_CART (24)
2026-05-15 11:36:49 CartMove: Exchange 1, from 104
2026-05-15 11:36:49 CartMoveState: IDLE (1) -> FROM_MOVE (3)
2026-05-15 11:36:50 CartMoveState: FROM_MOVE (3) -> FROM_PROBE (19)
2026-05-15 11:36:52 Handler State: PROBE_CART (24) -> PROCESS_CART (6)
2026-05-15 11:37:27 Setting CBS color valve (FillGate): 1
2026-05-15 11:37:28 Primed volume (FillGate): 1.7047
2026-05-15 11:37:28 Re-Calculated Filling Volume: 640
2026-05-15 11:37:28 Setting CBS color valve (FillCart): 1
2026-05-15 11:37:53 Handler State: PROCESS_CART (6) -> EXCHANGE_ONE (7)
2026-05-15 11:37:53 CartMove: Exchange 1, from 104
2026-05-15 11:37:53 CartMoveState: FROM_PROBE (19) -> FROM_CART (4)
2026-05-15 11:37:59 Setting CBS color valve (Finished): 0
2026-05-15 11:38:01 CartMoveState: FROM_CART (4) -> TO_MOVE (10)
2026-05-15 11:38:02 CartMoveState: TO_MOVE (10) -> EXCH_1_WAIT (14)
2026-05-15 11:38:02 Handler State: EXCHANGE_ONE (7) -> START_DCU (8)
2026-05-15 11:38:29 Handler State: START_DCU (8) -> EXCHANGE_TWO (9)
2026-05-15 11:38:29 CartMove: Exchange 2
2026-05-15 11:38:40 CartMoveState: EXCH_1_WAIT (14) -> EXCH_1_CART (15)
2026-05-15 11:38:43 CartMoveState: EXCH_1_CART (15) -> EXCH_2_MOVE (16)
2026-05-15 11:38:44 CartMoveState: EXCH_2_MOVE (16) -> EXCH_2_CART (17)
2026-05-15 11:38:46 CartMoveState: EXCH_2_CART (17) -> STORE_DECIDE (18)
2026-05-15 11:38:46 Used volume for last job: 325.477
2026-05-15 11:38:46 Handler State: EXCHANGE_TWO (9) -> WAIT_FOR_DCU (10)
2026-05-15 11:38:47 Handler State: WAIT_FOR_DCU (10) -> EXCHANGE_THREE (11)
2026-05-15 11:38:47 CartMove: Exchange 3
2026-05-15 11:38:47 CartMoveState: STORE_DECIDE (18) -> AUX_DECIDE (5)
2026-05-15 11:38:47 CartMoveState: AUX_DECIDE (5) -> TO_MOVE (10)
2026-05-15 11:38:49 CartMoveState: TO_MOVE (10) -> TO_CART (11)
2026-05-15 11:38:51 CartMoveState: TO_CART (11) -> HOME_MOVE (12)
2026-05-15 11:38:53 CartMoveState: HOME_MOVE (12) -> HALT (13)
2026-05-15 11:38:53 CartMoveState: HALT (13) -> IDLE (1)
2026-05-15 11:38:53 Handler State: EXCHANGE_THREE (11) -> POST_PROCESS (12)
2026-05-15 11:38:53 Handler State: POST_PROCESS (12) -> MOVE_ARM_HOME (14)
2026-05-15 11:38:53 Handler State: MOVE_ARM_HOME (14) -> HANDLER_IDLE (1)
2026-05-15 11:44:01 Handler State: HANDLER_IDLE (1) -> HANDLER_START (2)
2026-05-15 11:44:02 Handler State: HANDLER_START (2) -> EXCHANGE_ONE (7)
2026-05-15 11:44:02 CartMove: Exchange 1, from 0
2026-05-15 11:44:02 CartMoveState: IDLE (1) -> TO_MOVE (10)
2026-05-15 11:44:03 CartMoveState: TO_MOVE (10) -> EXCH_1_WAIT (14)
2026-05-15 11:44:03 Handler State: EXCHANGE_ONE (7) -> START_DCU (8)
2026-05-15 11:44:04 Handler State: START_DCU (8) -> EXCHANGE_TWO (9)
2026-05-15 11:44:04 CartMove: Exchange 2
2026-05-15 11:44:12 CartMoveState: EXCH_1_WAIT (14) -> EXCH_1_CART (15)
2026-05-15 11:44:15 CartMoveState: EXCH_1_CART (15) -> STORE_DECIDE (18)
2026-05-15 11:44:15 Used volume for last job: 421.924
2026-05-15 11:44:15 Handler State: EXCHANGE_TWO (9) -> WAIT_FOR_DCU (10)
2026-05-15 11:44:16 Handler State: WAIT_FOR_DCU (10) -> EXCHANGE_THREE (11)
2026-05-15 11:44:17 CartMove: Exchange 3
2026-05-15 11:44:17 CartMoveState: STORE_DECIDE (18) -> AUX_DECIDE (5)
2026-05-15 11:44:17 CartMoveState: AUX_DECIDE (5) -> TO_MOVE (10)
2026-05-15 11:44:17 CartMoveState: TO_MOVE (10) -> TO_CART (11)
2026-05-15 11:44:20 CartMoveState: TO_CART (11) -> HOME_MOVE (12)
2026-05-15 11:44:21 CartMoveState: HOME_MOVE (12) -> HALT (13)
2026-05-15 11:44:21 CartMoveState: HALT (13) -> IDLE (1)
2026-05-15 11:44:21 Handler State: EXCHANGE_THREE (11) -> POST_PROCESS (12)
2026-05-15 11:44:21 Handler State: POST_PROCESS (12) -> MOVE_ARM_HOME (14)
2026-05-15 11:44:21 Handler State: MOVE_ARM_HOME (14) -> HANDLER_IDLE (1)
2026-05-15 11:50:34 Handler State: HANDLER_IDLE (1) -> SEMI_START (15)
2026-05-15 11:50:34 Handler State: SEMI_START (15) -> SEMI_PROBE_CART (25)
2026-05-15 11:50:37 Handler State: SEMI_PROBE_CART (25) -> SEMI_PROCESS (16)
2026-05-15 11:51:17 Re-Calculated Filling Volume: 0
2026-05-15 11:51:24 Setting CBS color valve (Finished): 0
2026-05-15 11:51:24 Handler State: SEMI_PROCESS (16) -> SEMI_WHAT_NEXT (21)
2026-05-15 11:51:24 Handler State: SEMI_WHAT_NEXT (21) -> SEMI_FINISHED (23)
2026-05-15 11:51:24 Handler State: SEMI_FINISHED (23) -> HANDLER_IDLE (1)
2026-05-15 11:51:27 Handler State: HANDLER_IDLE (1) -> SEMI_START (15)
2026-05-15 11:51:27 Handler State: SEMI_START (15) -> SEMI_PROBE_CART (25)
2026-05-15 11:51:31 Handler State: SEMI_PROBE_CART (25) -> SEMI_PROCESS (16)
2026-05-15 11:52:27 Re-Calculated Filling Volume: 0
2026-05-15 11:52:33 Setting CBS color valve (Finished): 0
2026-05-15 11:52:33 Handler State: SEMI_PROCESS (16) -> SEMI_WHAT_NEXT (21)
2026-05-15 11:52:33 Handler State: SEMI_WHAT_NEXT (21) -> SEMI_FINISHED (23)
2026-05-15 11:52:33 Handler State: SEMI_FINISHED (23) -> HANDLER_IDLE (1)
2026-05-15 11:53:17 Handler State: HANDLER_IDLE (1) -> HANDLER_START (2)
2026-05-15 11:53:18 Handler State: HANDLER_START (2) -> DECIDE_CART (3)
2026-05-15 11:53:18 Selection: IFS is clean and its cartridge is cleaned.
2026-05-15 11:53:18 Selected Primary Cartridge: 1
2026-05-15 11:53:18 Selected Primary Station: 102
2026-05-15 11:53:18 Selected Secondary Cartridge: 0
2026-05-15 11:53:18 Selected Secondary Station: 0
2026-05-15 11:53:18 Selected Filling Volume: 640
2026-05-15 11:53:18 Handler State: DECIDE_CART (3) -> CHECK_SEC_CART (26)
2026-05-15 11:53:18 Handler State: CHECK_SEC_CART (26) -> PROBE_CART (24)
2026-05-15 11:53:18 CartMove: Exchange 1, from 102
2026-05-15 11:53:18 CartMoveState: IDLE (1) -> FROM_MOVE (3)
2026-05-15 11:53:19 CartMoveState: FROM_MOVE (3) -> FROM_PROBE (19)
2026-05-15 11:53:21 Handler State: PROBE_CART (24) -> PROCESS_CART (6)
2026-05-15 11:53:21 Setting CBS color valve (FillIFS): 1
2026-05-15 11:53:22 Primed volume (FillIFS): 3.3992
2026-05-15 11:53:22 Re-Calculated Filling Volume: 640
2026-05-15 11:53:22 Setting CBS color valve (FillCart): 1
2026-05-15 11:53:46 Handler State: PROCESS_CART (6) -> EXCHANGE_ONE (7)
2026-05-15 11:53:46 CartMove: Exchange 1, from 102
2026-05-15 11:53:46 CartMoveState: FROM_PROBE (19) -> FROM_CART (4)
2026-05-15 11:53:53 Setting CBS color valve (Finished): 0
2026-05-15 11:53:55 CartMoveState: FROM_CART (4) -> TO_MOVE (10)
2026-05-15 11:53:56 CartMoveState: TO_MOVE (10) -> EXCH_1_WAIT (14)
2026-05-15 11:53:56 Handler State: EXCHANGE_ONE (7) -> START_DCU (8)
2026-05-15 11:53:57 Handler State: START_DCU (8) -> EXCHANGE_TWO (9)
2026-05-15 11:53:57 CartMove: Exchange 2
2026-05-15 11:53:57 CartMoveState: EXCH_1_WAIT (14) -> EXCH_1_CART (15)
2026-05-15 11:53:59 CartMoveState: EXCH_1_CART (15) -> EXCH_2_MOVE (16)
2026-05-15 11:54:00 CartMoveState: EXCH_2_MOVE (16) -> EXCH_2_CART (17)
2026-05-15 11:54:02 CartMoveState: EXCH_2_CART (17) -> HOME_MOVE (12)
2026-05-15 11:54:02 Handler State: EXCHANGE_TWO (9) -> WAIT_FOR_DCU (10)
2026-05-15 11:54:03 Handler State: WAIT_FOR_DCU (10) -> EXCHANGE_THREE (11)
2026-05-15 11:54:03 CartMove: Exchange 3
2026-05-15 11:54:04 CartMoveState: HOME_MOVE (12) -> HALT (13)
2026-05-15 11:54:04 CartMoveState: HALT (13) -> IDLE (1)
2026-05-15 11:54:04 Handler State: EXCHANGE_THREE (11) -> POST_PROCESS (12)
2026-05-15 11:54:04 Handler State: POST_PROCESS (12) -> MOVE_ARM_HOME (14)
2026-05-15 11:54:10 Handler State: MOVE_ARM_HOME (14) -> HANDLER_IDLE (1)
2026-05-15 11:55:23 Handler State: HANDLER_IDLE (1) -> HANDLER_START (2)
2026-05-15 11:55:24 Handler State: HANDLER_START (2) -> DECIDE_CART (3)
2026-05-15 11:55:24 Selection: IFS has correct material.
2026-05-15 11:55:24 Selection: Last resort, just pick the first cartridge.
2026-05-15 11:55:24 Selected Primary Cartridge: 4
2026-05-15 11:55:24 Selected Primary Station: 102
2026-05-15 11:55:24 Selected Secondary Cartridge: 0
2026-05-15 11:55:24 Selected Secondary Station: 0
2026-05-15 11:55:24 Selected Filling Volume: 640
2026-05-15 11:55:24 Handler State: DECIDE_CART (3) -> PLACE_CART (5)
2026-05-15 11:55:24 CartMove: Move, from 105 to 102
2026-05-15 11:55:24 CartMoveState: IDLE (1) -> FROM_MOVE (3)
2026-05-15 11:55:25 CartMoveState: FROM_MOVE (3) -> FROM_CART (4)
2026-05-15 11:55:28 CartMoveState: FROM_CART (4) -> AUX_DECIDE (5)
2026-05-15 11:55:28 CartMoveState: AUX_DECIDE (5) -> TO_MOVE (10)
2026-05-15 11:55:29 CartMoveState: TO_MOVE (10) -> TO_CART (11)
2026-05-15 11:55:32 CartMoveState: TO_CART (11) -> HOME_MOVE (12)
2026-05-15 11:55:33 CartMoveState: HOME_MOVE (12) -> HALT (13)
2026-05-15 11:55:33 CartMoveState: HALT (13) -> IDLE (1)
2026-05-15 11:55:33 Handler State: PLACE_CART (5) -> CHECK_SEC_CART (26)
2026-05-15 11:55:33 Handler State: CHECK_SEC_CART (26) -> PROBE_CART (24)
2026-05-15 11:55:33 CartMove: Exchange 1, from 102
2026-05-15 11:55:33 CartMoveState: IDLE (1) -> FROM_MOVE (3)
2026-05-15 11:55:33 CartMoveState: FROM_MOVE (3) -> FROM_PROBE (19)
2026-05-15 11:55:35 Handler State: PROBE_CART (24) -> PROCESS_CART (6)
2026-05-15 11:56:09 Setting CBS color valve (FillGate): 1
2026-05-15 11:56:10 Primed volume (FillGate): 1.92972
2026-05-15 11:56:10 Re-Calculated Filling Volume: 640
2026-05-15 11:56:10 Setting CBS color valve (FillCart): 1
2026-05-15 11:56:33 Handler State: PROCESS_CART (6) -> EXCHANGE_ONE (7)
2026-05-15 11:56:33 CartMove: Exchange 1, from 102
2026-05-15 11:56:33 CartMoveState: FROM_PROBE (19) -> FROM_CART (4)
2026-05-15 11:56:40 Setting CBS color valve (Finished): 0
2026-05-15 11:56:42 CartMoveState: FROM_CART (4) -> TO_MOVE (10)
2026-05-15 11:56:42 CartMoveState: TO_MOVE (10) -> EXCH_1_WAIT (14)
2026-05-15 11:56:42 Handler State: EXCHANGE_ONE (7) -> START_DCU (8)
2026-05-15 11:56:43 Handler State: START_DCU (8) -> EXCHANGE_TWO (9)
2026-05-15 11:56:43 CartMove: Exchange 2
2026-05-15 11:56:43 CartMoveState: EXCH_1_WAIT (14) -> EXCH_1_CART (15)
2026-05-15 11:56:45 CartMoveState: EXCH_1_CART (15) -> EXCH_2_MOVE (16)
2026-05-15 11:56:46 CartMoveState: EXCH_2_MOVE (16) -> EXCH_2_CART (17)
2026-05-15 11:56:48 CartMoveState: EXCH_2_CART (17) -> STORE_DECIDE (18)
2026-05-15 11:56:48 Used volume for last job: 0
2026-05-15 11:56:48 Handler State: EXCHANGE_TWO (9) -> WAIT_FOR_DCU (10)
2026-05-15 11:56:50 Handler State: WAIT_FOR_DCU (10) -> EXCHANGE_THREE (11)
2026-05-15 11:56:50 CartMove: Exchange 3
2026-05-15 11:56:50 CartMoveState: STORE_DECIDE (18) -> AUX_DECIDE (5)
2026-05-15 11:56:50 CartMoveState: AUX_DECIDE (5) -> TO_MOVE (10)
2026-05-15 11:56:50 CartMoveState: TO_MOVE (10) -> TO_CART (11)
2026-05-15 11:56:52 CartMoveState: TO_CART (11) -> HOME_MOVE (12)
2026-05-15 11:56:52 CartMoveState: HOME_MOVE (12) -> HALT (13)
2026-05-15 11:56:52 CartMoveState: HALT (13) -> IDLE (1)
2026-05-15 11:56:52 Handler State: EXCHANGE_THREE (11) -> POST_PROCESS (12)
2026-05-15 11:56:52 Handler State: POST_PROCESS (12) -> MOVE_ARM_HOME (14)
2026-05-15 11:56:56 Handler State: MOVE_ARM_HOME (14) -> HANDLER_IDLE (1)
2026-05-15 11:57:01 Handler State: HANDLER_IDLE (1) -> HANDLER_START (2)
2026-05-15 11:57:02 Handler State: HANDLER_START (2) -> DECIDE_CART (3)
2026-05-15 11:57:02 Selection: IFS is clean and its cartridge is cleaned.
2026-05-15 11:57:02 Selected Primary Cartridge: 3
2026-05-15 11:57:02 Selected Primary Station: 104
2026-05-15 11:57:02 Selected Secondary Cartridge: 0
2026-05-15 11:57:02 Selected Secondary Station: 0
2026-05-15 11:57:02 Selected Filling Volume: 453
2026-05-15 11:57:02 Handler State: DECIDE_CART (3) -> CHECK_SEC_CART (26)
2026-05-15 11:57:02 Handler State: CHECK_SEC_CART (26) -> PROBE_CART (24)
2026-05-15 11:57:02 CartMove: Exchange 1, from 104
2026-05-15 11:57:02 CartMoveState: IDLE (1) -> FROM_MOVE (3)
2026-05-15 11:57:03 CartMoveState: FROM_MOVE (3) -> FROM_PROBE (19)
2026-05-15 11:57:05 Handler State: PROBE_CART (24) -> PROCESS_CART (6)
2026-05-15 11:57:05 Setting CBS color valve (FillIFS): 1
2026-05-15 11:57:07 Primed volume (FillIFS): 0.541993
2026-05-15 11:57:07 Re-Calculated Filling Volume: 453
2026-05-15 11:57:07 Setting CBS color valve (FillCart): 1
2026-05-15 11:57:24 Handler State: PROCESS_CART (6) -> EXCHANGE_ONE (7)
2026-05-15 11:57:24 CartMove: Exchange 1, from 104
2026-05-15 11:57:24 CartMoveState: FROM_PROBE (19) -> FROM_CART (4)
2026-05-15 11:57:30 Setting CBS color valve (Finished): 0
2026-05-15 11:57:32 CartMoveState: FROM_CART (4) -> TO_MOVE (10)
2026-05-15 11:57:33 CartMoveState: TO_MOVE (10) -> EXCH_1_WAIT (14)
2026-05-15 11:57:33 Handler State: EXCHANGE_ONE (7) -> START_DCU (8)
2026-05-15 11:57:34 Handler State: START_DCU (8) -> EXCHANGE_TWO (9)
2026-05-15 11:57:34 CartMove: Exchange 2
2026-05-15 11:57:34 CartMoveState: EXCH_1_WAIT (14) -> EXCH_1_CART (15)
2026-05-15 11:57:36 CartMoveState: EXCH_1_CART (15) -> EXCH_2_MOVE (16)
2026-05-15 11:57:37 CartMoveState: EXCH_2_MOVE (16) -> EXCH_2_CART (17)
2026-05-15 11:57:39 CartMoveState: EXCH_2_CART (17) -> STORE_DECIDE (18)
2026-05-15 11:57:39 Used volume for last job: 0
2026-05-15 11:57:39 Handler State: EXCHANGE_TWO (9) -> WAIT_FOR_DCU (10)
2026-05-15 11:57:41 Handler State: WAIT_FOR_DCU (10) -> EXCHANGE_THREE (11)
2026-05-15 11:57:41 CartMove: Exchange 3
2026-05-15 11:57:41 CartMoveState: STORE_DECIDE (18) -> AUX_DECIDE (5)
2026-05-15 11:57:41 CartMoveState: AUX_DECIDE (5) -> TO_MOVE (10)
2026-05-15 11:57:42 CartMoveState: TO_MOVE (10) -> TO_CART (11)
2026-05-15 11:57:45 CartMoveState: TO_CART (11) -> HOME_MOVE (12)
2026-05-15 11:57:46 CartMoveState: HOME_MOVE (12) -> HALT (13)
2026-05-15 11:57:46 CartMoveState: HALT (13) -> IDLE (1)
2026-05-15 11:57:46 Handler State: EXCHANGE_THREE (11) -> POST_PROCESS (12)
2026-05-15 11:57:46 Handler State: POST_PROCESS (12) -> MOVE_ARM_HOME (14)
2026-05-15 11:57:46 Handler State: MOVE_ARM_HOME (14) -> HANDLER_IDLE (1)
2026-05-15 12:01:09 Handler State: HANDLER_IDLE (1) -> HANDLER_START (2)
2026-05-15 12:01:10 Handler State: HANDLER_START (2) -> DECIDE_CART (3)
2026-05-15 12:01:10 Selection: IFS has correct material.
2026-05-15 12:01:10 Selection: Cartridge has correct material.
2026-05-15 12:01:10 Selected Primary Cartridge: 6
2026-05-15 12:01:10 Selected Primary Station: 104
2026-05-15 12:01:10 Selected Secondary Cartridge: 0
2026-05-15 12:01:10 Selected Secondary Station: 0
2026-05-15 12:01:10 Selected Filling Volume: 477
2026-05-15 12:01:10 Handler State: DECIDE_CART (3) -> PLACE_CART (5)
2026-05-15 12:01:10 CartMove: Move, from 107 to 104
2026-05-15 12:01:10 CartMoveState: IDLE (1) -> FROM_MOVE (3)
2026-05-15 12:01:12 CartMoveState: FROM_MOVE (3) -> FROM_CART (4)
2026-05-15 12:01:15 CartMoveState: FROM_CART (4) -> AUX_DECIDE (5)
2026-05-15 12:01:15 CartMoveState: AUX_DECIDE (5) -> TO_MOVE (10)
2026-05-15 12:01:16 CartMoveState: TO_MOVE (10) -> TO_CART (11)
2026-05-15 12:01:18 CartMoveState: TO_CART (11) -> HOME_MOVE (12)
2026-05-15 12:01:19 CartMoveState: HOME_MOVE (12) -> HALT (13)
2026-05-15 12:01:19 CartMoveState: HALT (13) -> IDLE (1)
2026-05-15 12:01:19 Handler State: PLACE_CART (5) -> CHECK_SEC_CART (26)
2026-05-15 12:01:19 Handler State: CHECK_SEC_CART (26) -> PROBE_CART (24)
2026-05-15 12:01:19 CartMove: Exchange 1, from 104
2026-05-15 12:01:19 CartMoveState: IDLE (1) -> FROM_MOVE (3)
2026-05-15 12:01:20 CartMoveState: FROM_MOVE (3) -> FROM_PROBE (19)
2026-05-15 12:01:22 Handler State: PROBE_CART (24) -> PROCESS_CART (6)
2026-05-15 12:01:53 Setting CBS color valve (FillGate): 1
2026-05-15 12:01:54 Primed volume (FillGate): 1.55803
2026-05-15 12:01:54 Re-Calculated Filling Volume: 477
2026-05-15 12:01:54 Setting CBS color valve (FillCart): 1
2026-05-15 12:02:15 Handler State: PROCESS_CART (6) -> EXCHANGE_ONE (7)
2026-05-15 12:02:15 CartMove: Exchange 1, from 104
2026-05-15 12:02:15 CartMoveState: FROM_PROBE (19) -> FROM_CART (4)
2026-05-15 12:02:21 Setting CBS color valve (Finished): 0
2026-05-15 12:02:23 CartMoveState: FROM_CART (4) -> TO_MOVE (10)
2026-05-15 12:02:24 CartMoveState: TO_MOVE (10) -> EXCH_1_WAIT (14)
2026-05-15 12:02:24 Handler State: EXCHANGE_ONE (7) -> START_DCU (8)
2026-05-15 12:02:54 Handler State: START_DCU (8) -> EXCHANGE_TWO (9)
2026-05-15 12:02:54 CartMove: Exchange 2
2026-05-15 12:02:55 CartMoveState: EXCH_1_WAIT (14) -> EXCH_1_CART (15)
2026-05-15 12:02:58 CartMoveState: EXCH_1_CART (15) -> EXCH_2_MOVE (16)
2026-05-15 12:02:59 CartMoveState: EXCH_2_MOVE (16) -> EXCH_2_CART (17)
2026-05-15 12:03:01 CartMoveState: EXCH_2_CART (17) -> STORE_DECIDE (18)
2026-05-15 12:03:01 Used volume for last job: 0
2026-05-15 12:03:01 Handler State: EXCHANGE_TWO (9) -> WAIT_FOR_DCU (10)
2026-05-15 12:03:02 Handler State: WAIT_FOR_DCU (10) -> EXCHANGE_THREE (11)
2026-05-15 12:03:02 CartMove: Exchange 3
2026-05-15 12:03:02 CartMoveState: STORE_DECIDE (18) -> AUX_DECIDE (5)
2026-05-15 12:03:02 CartMoveState: AUX_DECIDE (5) -> TO_MOVE (10)
2026-05-15 12:03:04 CartMoveState: TO_MOVE (10) -> TO_CART (11)
2026-05-15 12:03:06 CartMoveState: TO_CART (11) -> HOME_MOVE (12)
2026-05-15 12:03:07 CartMoveState: HOME_MOVE (12) -> HALT (13)
2026-05-15 12:03:07 CartMoveState: HALT (13) -> IDLE (1)
2026-05-15 12:03:07 Handler State: EXCHANGE_THREE (11) -> POST_PROCESS (12)
2026-05-15 12:03:07 Handler State: POST_PROCESS (12) -> MOVE_ARM_HOME (14)
2026-05-15 12:03:07 Handler State: MOVE_ARM_HOME (14) -> HANDLER_IDLE (1)
2026-05-15 12:04:54 Handler State: HANDLER_IDLE (1) -> SEMI_START (15)
2026-05-15 12:04:54 Handler State: SEMI_START (15) -> SEMI_PROBE_CART (25)
2026-05-15 12:04:58 Handler State: SEMI_PROBE_CART (25) -> SEMI_PROCESS (16)
2026-05-15 12:06:46 Re-Calculated Filling Volume: 0
2026-05-15 12:06:53 Setting CBS color valve (Finished): 0
2026-05-15 12:06:53 Handler State: SEMI_PROCESS (16) -> SEMI_WHAT_NEXT (21)
2026-05-15 12:06:53 Handler State: SEMI_WHAT_NEXT (21) -> SEMI_FINISHED (23)
2026-05-15 12:06:54 Handler State: SEMI_FINISHED (23) -> HANDLER_IDLE (1)
2026-05-15 12:09:24 Handler State: HANDLER_IDLE (1) -> HANDLER_START (2)
2026-05-15 12:09:25 Handler State: HANDLER_START (2) -> DECIDE_CART (3)
2026-05-15 12:09:25 Selection: IFS is clean and its cartridge is cleaned.
2026-05-15 12:09:25 Selected Primary Cartridge: 1
2026-05-15 12:09:25 Selected Primary Station: 102
2026-05-15 12:09:25 Selected Secondary Cartridge: 0
2026-05-15 12:09:25 Selected Secondary Station: 0
2026-05-15 12:09:25 Selected Filling Volume: 415
2026-05-15 12:09:25 Handler State: DECIDE_CART (3) -> CHECK_SEC_CART (26)
2026-05-15 12:09:25 Handler State: CHECK_SEC_CART (26) -> PROBE_CART (24)
2026-05-15 12:09:25 CartMove: Exchange 1, from 102
2026-05-15 12:09:25 CartMoveState: IDLE (1) -> FROM_MOVE (3)
2026-05-15 12:09:26 CartMoveState: FROM_MOVE (3) -> FROM_PROBE (19)
2026-05-15 12:09:27 Handler State: PROBE_CART (24) -> PROCESS_CART (6)
2026-05-15 12:09:27 Setting CBS color valve (FillIFS): 2
2026-05-15 12:09:29 Primed volume (FillIFS): 1.93364
2026-05-15 12:09:29 Re-Calculated Filling Volume: 415
2026-05-15 12:09:29 Setting CBS color valve (FillCart): 2
2026-05-15 12:09:49 Handler State: PROCESS_CART (6) -> EXCHANGE_ONE (7)
2026-05-15 12:09:50 CartMove: Exchange 1, from 102
2026-05-15 12:09:50 CartMoveState: FROM_PROBE (19) -> FROM_CART (4)
2026-05-15 12:09:56 Setting CBS color valve (Finished): 0
2026-05-15 12:09:58 CartMoveState: FROM_CART (4) -> TO_MOVE (10)
2026-05-15 12:09:59 CartMoveState: TO_MOVE (10) -> EXCH_1_WAIT (14)
2026-05-15 12:09:59 Handler State: EXCHANGE_ONE (7) -> START_DCU (8)
2026-05-15 12:10:00 Handler State: START_DCU (8) -> EXCHANGE_TWO (9)
2026-05-15 12:10:00 CartMove: Exchange 2
2026-05-15 12:10:00 CartMoveState: EXCH_1_WAIT (14) -> EXCH_1_CART (15)
2026-05-15 12:10:03 CartMoveState: EXCH_1_CART (15) -> EXCH_2_MOVE (16)
2026-05-15 12:10:04 CartMoveState: EXCH_2_MOVE (16) -> EXCH_2_CART (17)
2026-05-15 12:10:06 CartMoveState: EXCH_2_CART (17) -> STORE_DECIDE (18)
2026-05-15 12:10:06 Used volume for last job: 425.705
2026-05-15 12:10:06 Handler State: EXCHANGE_TWO (9) -> WAIT_FOR_DCU (10)
2026-05-15 12:10:08 Handler State: WAIT_FOR_DCU (10) -> EXCHANGE_THREE (11)
2026-05-15 12:10:08 CartMove: Exchange 3
2026-05-15 12:10:08 CartMoveState: STORE_DECIDE (18) -> AUX_DECIDE (5)
2026-05-15 12:10:08 CartMoveState: AUX_DECIDE (5) -> TO_MOVE (10)
2026-05-15 12:10:09 CartMoveState: TO_MOVE (10) -> TO_CART (11)
2026-05-15 12:10:12 CartMoveState: TO_CART (11) -> HOME_MOVE (12)
2026-05-15 12:10:13 CartMoveState: HOME_MOVE (12) -> HALT (13)
2026-05-15 12:10:13 CartMoveState: HALT (13) -> IDLE (1)
2026-05-15 12:10:13 Handler State: EXCHANGE_THREE (11) -> POST_PROCESS (12)
2026-05-15 12:10:13 Handler State: POST_PROCESS (12) -> MOVE_ARM_HOME (14)
2026-05-15 12:10:13 Handler State: MOVE_ARM_HOME (14) -> HANDLER_IDLE (1)
2026-05-15 12:10:30 Handler State: HANDLER_IDLE (1) -> HANDLER_START (2)
2026-05-15 12:10:31 Handler State: HANDLER_START (2) -> DECIDE_CART (3)
2026-05-15 12:10:31 Selection: IFS has correct material.
2026-05-15 12:10:31 Selection: Last resort, just pick the first cartridge.
2026-05-15 12:10:31 Selected Primary Cartridge: 4
2026-05-15 12:10:31 Selected Primary Station: 102
2026-05-15 12:10:31 Selected Secondary Cartridge: 0
2026-05-15 12:10:31 Selected Secondary Station: 0
2026-05-15 12:10:31 Selected Filling Volume: 640
2026-05-15 12:10:31 Handler State: DECIDE_CART (3) -> PLACE_CART (5)
2026-05-15 12:10:31 CartMove: Move, from 105 to 102
2026-05-15 12:10:31 CartMoveState: IDLE (1) -> FROM_MOVE (3)
2026-05-15 12:10:32 CartMoveState: FROM_MOVE (3) -> FROM_CART (4)
2026-05-15 12:10:35 CartMoveState: FROM_CART (4) -> AUX_DECIDE (5)
2026-05-15 12:10:35 CartMoveState: AUX_DECIDE (5) -> TO_MOVE (10)
2026-05-15 12:10:36 CartMoveState: TO_MOVE (10) -> TO_CART (11)
2026-05-15 12:10:38 CartMoveState: TO_CART (11) -> HOME_MOVE (12)
2026-05-15 12:10:39 CartMoveState: HOME_MOVE (12) -> HALT (13)
2026-05-15 12:10:39 CartMoveState: HALT (13) -> IDLE (1)
2026-05-15 12:10:39 Handler State: PLACE_CART (5) -> CHECK_SEC_CART (26)
2026-05-15 12:10:39 Handler State: CHECK_SEC_CART (26) -> PROBE_CART (24)
2026-05-15 12:10:39 CartMove: Exchange 1, from 102
2026-05-15 12:10:39 CartMoveState: IDLE (1) -> FROM_MOVE (3)
2026-05-15 12:10:40 CartMoveState: FROM_MOVE (3) -> FROM_PROBE (19)
2026-05-15 12:10:42 Handler State: PROBE_CART (24) -> PROCESS_CART (6)
2026-05-15 12:12:37 Setting CBS color valve (FillGate): 2
2026-05-15 12:12:38 Primed volume (FillGate): 1.59147
2026-05-15 12:12:38 Re-Calculated Filling Volume: 640
2026-05-15 12:12:38 Setting CBS color valve (FillCart): 2
2026-05-15 12:13:04 Handler State: PROCESS_CART (6) -> EXCHANGE_ONE (7)
2026-05-15 12:13:04 CartMove: Exchange 1, from 102
2026-05-15 12:13:04 CartMoveState: FROM_PROBE (19) -> FROM_CART (4)
2026-05-15 12:13:11 Setting CBS color valve (Finished): 0
2026-05-15 12:13:12 CartMoveState: FROM_CART (4) -> TO_MOVE (10)
2026-05-15 12:13:14 CartMoveState: TO_MOVE (10) -> EXCH_1_WAIT (14)
2026-05-15 12:13:14 Handler State: EXCHANGE_ONE (7) -> START_DCU (8)
2026-05-15 12:14:00 Handler State: START_DCU (8) -> EXCHANGE_TWO (9)
2026-05-15 12:14:00 CartMove: Exchange 2
2026-05-15 12:14:10 CartMoveState: EXCH_1_WAIT (14) -> EXCH_1_CART (15)
2026-05-15 12:14:13 CartMoveState: EXCH_1_CART (15) -> EXCH_2_MOVE (16)
2026-05-15 12:14:14 CartMoveState: EXCH_2_MOVE (16) -> EXCH_2_CART (17)
2026-05-15 12:14:16 CartMoveState: EXCH_2_CART (17) -> STORE_DECIDE (18)
2026-05-15 12:14:16 Used volume for last job: 306.313
2026-05-15 12:14:16 Handler State: EXCHANGE_TWO (9) -> WAIT_FOR_DCU (10)
2026-05-15 12:14:18 Handler State: WAIT_FOR_DCU (10) -> EXCHANGE_THREE (11)
2026-05-15 12:14:18 CartMove: Exchange 3
2026-05-15 12:14:18 CartMoveState: STORE_DECIDE (18) -> AUX_DECIDE (5)
2026-05-15 12:14:18 CartMoveState: AUX_DECIDE (5) -> TO_MOVE (10)
2026-05-15 12:14:18 CartMoveState: TO_MOVE (10) -> TO_CART (11)
2026-05-15 12:14:20 CartMoveState: TO_CART (11) -> HOME_MOVE (12)
2026-05-15 12:14:20 CartMoveState: HOME_MOVE (12) -> HALT (13)
2026-05-15 12:14:20 CartMoveState: HALT (13) -> IDLE (1)
2026-05-15 12:14:20 Handler State: EXCHANGE_THREE (11) -> POST_PROCESS (12)
2026-05-15 12:14:20 Handler State: POST_PROCESS (12) -> MOVE_ARM_HOME (14)
2026-05-15 12:14:20 Handler State: MOVE_ARM_HOME (14) -> HANDLER_IDLE (1)
2026-05-15 12:17:04 Handler State: HANDLER_IDLE (1) -> HANDLER_START (2)
2026-05-15 12:17:05 Handler State: HANDLER_START (2) -> DECIDE_CART (3)
2026-05-15 12:17:05 Selection: IFS has correct material and its cartridge has correct material.
2026-05-15 12:17:05 Selected Primary Cartridge: 1
2026-05-15 12:17:05 Selected Primary Station: 102
2026-05-15 12:17:05 Selected Secondary Cartridge: 0
2026-05-15 12:17:05 Selected Secondary Station: 0
2026-05-15 12:17:05 Selected Filling Volume: 640
2026-05-15 12:17:05 Handler State: DECIDE_CART (3) -> CHECK_SEC_CART (26)
2026-05-15 12:17:05 Handler State: CHECK_SEC_CART (26) -> PROBE_CART (24)
2026-05-15 12:17:05 CartMove: Exchange 1, from 102
2026-05-15 12:17:05 CartMoveState: IDLE (1) -> FROM_MOVE (3)
2026-05-15 12:17:06 CartMoveState: FROM_MOVE (3) -> FROM_PROBE (19)
2026-05-15 12:17:08 Handler State: PROBE_CART (24) -> PROCESS_CART (6)
2026-05-15 12:17:49 Setting CBS color valve (FillGate): 2
2026-05-15 12:17:50 Primed volume (FillGate): 3.15193
2026-05-15 12:17:50 Re-Calculated Filling Volume: 640
2026-05-15 12:17:50 Setting CBS color valve (FillCart): 2
2026-05-15 12:18:15 Handler State: PROCESS_CART (6) -> EXCHANGE_ONE (7)
2026-05-15 12:18:15 CartMove: Exchange 1, from 102
2026-05-15 12:18:15 CartMoveState: FROM_PROBE (19) -> FROM_CART (4)
2026-05-15 12:18:22 Setting CBS color valve (Finished): 0
2026-05-15 12:18:23 CartMoveState: FROM_CART (4) -> TO_MOVE (10)
2026-05-15 12:18:24 CartMoveState: TO_MOVE (10) -> EXCH_1_WAIT (14)
2026-05-15 12:18:24 Handler State: EXCHANGE_ONE (7) -> START_DCU (8)
2026-05-15 12:19:32 Handler State: START_DCU (8) -> EXCHANGE_TWO (9)
2026-05-15 12:19:32 CartMove: Exchange 2
2026-05-15 12:19:33 CartMoveState: EXCH_1_WAIT (14) -> EXCH_1_CART (15)
2026-05-15 12:19:36 CartMoveState: EXCH_1_CART (15) -> EXCH_2_MOVE (16)
2026-05-15 12:19:37 CartMoveState: EXCH_2_MOVE (16) -> EXCH_2_CART (17)
2026-05-15 12:19:39 CartMoveState: EXCH_2_CART (17) -> STORE_DECIDE (18)
2026-05-15 12:19:39 Used volume for last job: 0
2026-05-15 12:19:39 Handler State: EXCHANGE_TWO (9) -> WAIT_FOR_DCU (10)
2026-05-15 12:19:40 Handler State: WAIT_FOR_DCU (10) -> EXCHANGE_THREE (11)
2026-05-15 12:19:40 CartMove: Exchange 3
2026-05-15 12:19:40 CartMoveState: STORE_DECIDE (18) -> AUX_DECIDE (5)
2026-05-15 12:19:40 CartMoveState: AUX_DECIDE (5) -> TO_MOVE (10)
2026-05-15 12:19:40 CartMoveState: TO_MOVE (10) -> TO_CART (11)
2026-05-15 12:19:43 CartMoveState: TO_CART (11) -> HOME_MOVE (12)
2026-05-15 12:19:43 CartMoveState: HOME_MOVE (12) -> HALT (13)
2026-05-15 12:19:43 CartMoveState: HALT (13) -> IDLE (1)
2026-05-15 12:19:43 Handler State: EXCHANGE_THREE (11) -> POST_PROCESS (12)
2026-05-15 12:19:43 Handler State: POST_PROCESS (12) -> MOVE_ARM_HOME (14)
2026-05-15 12:19:45 Handler State: MOVE_ARM_HOME (14) -> HANDLER_IDLE (1)
2026-05-15 12:21:35 Handler State: HANDLER_IDLE (1) -> SEMI_START (15)
2026-05-15 12:21:35 Handler State: SEMI_START (15) -> SEMI_PROBE_CART (25)
2026-05-15 12:21:38 Handler State: SEMI_PROBE_CART (25) -> SEMI_PROCESS (16)
2026-05-15 12:22:26 Re-Calculated Filling Volume: 0
2026-05-15 12:22:32 Setting CBS color valve (Finished): 0
2026-05-15 12:22:32 Handler State: SEMI_PROCESS (16) -> SEMI_WHAT_NEXT (21)
2026-05-15 12:22:32 Handler State: SEMI_WHAT_NEXT (21) -> SEMI_FINISHED (23)
2026-05-15 12:22:32 Handler State: SEMI_FINISHED (23) -> HANDLER_IDLE (1)
2026-05-15 12:25:13 Handler State: HANDLER_IDLE (1) -> SEMI_START (15)
2026-05-15 12:25:13 Handler State: SEMI_START (15) -> SEMI_PROBE_CART (25)
2026-05-15 12:25:17 Handler State: SEMI_PROBE_CART (25) -> SEMI_PROCESS (16)
2026-05-15 12:25:54 Re-Calculated Filling Volume: 0
2026-05-15 12:25:59 Setting CBS color valve (Finished): 0
2026-05-15 12:25:59 Handler State: SEMI_PROCESS (16) -> SEMI_WHAT_NEXT (21)
2026-05-15 12:25:59 Handler State: SEMI_WHAT_NEXT (21) -> SEMI_FINISHED (23)
2026-05-15 12:26:00 Handler State: SEMI_FINISHED (23) -> HANDLER_IDLE (1)
2026-05-15 12:30:11 Handler State: HANDLER_IDLE (1) -> HANDLER_START (2)
2026-05-15 12:30:11 Handler State: HANDLER_START (2) -> DECIDE_CART (3)
2026-05-15 12:30:11 Selection: IFS is clean and its cartridge is cleaned.
2026-05-15 12:30:11 Selected Primary Cartridge: 5
2026-05-15 12:30:11 Selected Primary Station: 103
2026-05-15 12:30:11 Selected Secondary Cartridge: 0
2026-05-15 12:30:11 Selected Secondary Station: 0
2026-05-15 12:30:11 Selected Filling Volume: 329
2026-05-15 12:30:11 Handler State: DECIDE_CART (3) -> CHECK_SEC_CART (26)
2026-05-15 12:30:12 Handler State: CHECK_SEC_CART (26) -> PROBE_CART (24)
2026-05-15 12:30:12 CartMove: Exchange 1, from 103
2026-05-15 12:30:12 CartMoveState: IDLE (1) -> FROM_MOVE (3)
2026-05-15 12:30:12 CartMoveState: FROM_MOVE (3) -> FROM_PROBE (19)
2026-05-15 12:30:13 Handler State: PROBE_CART (24) -> PROCESS_CART (6)
2026-05-15 12:30:14 Setting CBS color valve (FillIFS): 1
2026-05-15 12:30:15 Primed volume (FillIFS): 1.682
2026-05-15 12:30:15 Re-Calculated Filling Volume: 329
2026-05-15 12:30:15 Setting CBS color valve (FillCart): 1
2026-05-15 12:30:31 Handler State: PROCESS_CART (6) -> EXCHANGE_ONE (7)
2026-05-15 12:30:31 CartMove: Exchange 1, from 103
2026-05-15 12:30:31 CartMoveState: FROM_PROBE (19) -> FROM_CART (4)
2026-05-15 12:30:37 Setting CBS color valve (Finished): 0
2026-05-15 12:30:39 CartMoveState: FROM_CART (4) -> TO_MOVE (10)
2026-05-15 12:30:40 CartMoveState: TO_MOVE (10) -> EXCH_1_WAIT (14)
2026-05-15 12:30:40 Handler State: EXCHANGE_ONE (7) -> START_DCU (8)
2026-05-15 12:30:40 Handler State: START_DCU (8) -> EXCHANGE_TWO (9)
2026-05-15 12:30:40 CartMove: Exchange 2
2026-05-15 12:30:40 CartMoveState: EXCH_1_WAIT (14) -> EXCH_1_CART (15)
2026-05-15 12:30:43 CartMoveState: EXCH_1_CART (15) -> EXCH_2_MOVE (16)
2026-05-15 12:30:44 CartMoveState: EXCH_2_MOVE (16) -> EXCH_2_CART (17)
2026-05-15 12:30:46 CartMoveState: EXCH_2_CART (17) -> STORE_DECIDE (18)
2026-05-15 12:30:46 Used volume for last job: 230.725
2026-05-15 12:30:46 Handler State: EXCHANGE_TWO (9) -> WAIT_FOR_DCU (10)
2026-05-15 12:30:47 Handler State: WAIT_FOR_DCU (10) -> EXCHANGE_THREE (11)
2026-05-15 12:30:47 CartMove: Exchange 3
2026-05-15 12:30:47 CartMoveState: STORE_DECIDE (18) -> AUX_DECIDE (5)
2026-05-15 12:30:47 CartMoveState: AUX_DECIDE (5) -> TO_MOVE (10)
2026-05-15 12:30:49 CartMoveState: TO_MOVE (10) -> TO_CART (11)
2026-05-15 12:30:51 CartMoveState: TO_CART (11) -> HOME_MOVE (12)
2026-05-15 12:30:53 CartMoveState: HOME_MOVE (12) -> HALT (13)
2026-05-15 12:30:53 CartMoveState: HALT (13) -> IDLE (1)
2026-05-15 12:30:53 Handler State: EXCHANGE_THREE (11) -> POST_PROCESS (12)
2026-05-15 12:30:53 Handler State: POST_PROCESS (12) -> MOVE_ARM_HOME (14)
2026-05-15 12:30:53 Handler State: MOVE_ARM_HOME (14) -> HANDLER_IDLE (1)
2026-05-15 12:34:08 Handler State: HANDLER_IDLE (1) -> HANDLER_START (2)
2026-05-15 12:34:09 Handler State: HANDLER_START (2) -> DECIDE_CART (3)
2026-05-15 12:34:09 Selection: IFS is clean and its cartridge is cleaned.
2026-05-15 12:34:09 Selected Primary Cartridge: 3
2026-05-15 12:34:09 Selected Primary Station: 104
2026-05-15 12:34:09 Selected Secondary Cartridge: 0
2026-05-15 12:34:09 Selected Secondary Station: 0
2026-05-15 12:34:09 Selected Filling Volume: 453
2026-05-15 12:34:09 Handler State: DECIDE_CART (3) -> CHECK_SEC_CART (26)
2026-05-15 12:34:09 Handler State: CHECK_SEC_CART (26) -> PROBE_CART (24)
2026-05-15 12:34:09 CartMove: Exchange 1, from 104
2026-05-15 12:34:09 CartMoveState: IDLE (1) -> FROM_MOVE (3)
2026-05-15 12:34:10 CartMoveState: FROM_MOVE (3) -> FROM_PROBE (19)
2026-05-15 12:34:12 Handler State: PROBE_CART (24) -> PROCESS_CART (6)
2026-05-15 12:34:12 Setting CBS color valve (FillIFS): 1
2026-05-15 12:34:14 Primed volume (FillIFS): 1.88327
2026-05-15 12:34:14 Re-Calculated Filling Volume: 453
2026-05-15 12:34:14 Setting CBS color valve (FillCart): 1
2026-05-15 12:34:36 Handler State: PROCESS_CART (6) -> EXCHANGE_ONE (7)
2026-05-15 12:34:36 CartMove: Exchange 1, from 104
2026-05-15 12:34:36 CartMoveState: FROM_PROBE (19) -> FROM_CART (4)
2026-05-15 12:34:41 Setting CBS color valve (Finished): 0
2026-05-15 12:34:43 CartMoveState: FROM_CART (4) -> TO_MOVE (10)
2026-05-15 12:34:44 CartMoveState: TO_MOVE (10) -> EXCH_1_WAIT (14)
2026-05-15 12:34:44 Handler State: EXCHANGE_ONE (7) -> START_DCU (8)
2026-05-15 12:34:45 Handler State: START_DCU (8) -> EXCHANGE_TWO (9)
2026-05-15 12:34:45 CartMove: Exchange 2
2026-05-15 12:34:45 CartMoveState: EXCH_1_WAIT (14) -> EXCH_1_CART (15)
2026-05-15 12:34:48 CartMoveState: EXCH_1_CART (15) -> EXCH_2_MOVE (16)
2026-05-15 12:34:48 CartMoveState: EXCH_2_MOVE (16) -> EXCH_2_CART (17)
2026-05-15 12:34:50 CartMoveState: EXCH_2_CART (17) -> STORE_DECIDE (18)
2026-05-15 12:34:50 Used volume for last job: 225.227
2026-05-15 12:34:50 Handler State: EXCHANGE_TWO (9) -> WAIT_FOR_DCU (10)
2026-05-15 12:34:52 Handler State: WAIT_FOR_DCU (10) -> EXCHANGE_THREE (11)
2026-05-15 12:34:52 CartMove: Exchange 3
2026-05-15 12:34:52 CartMoveState: STORE_DECIDE (18) -> AUX_DECIDE (5)
2026-05-15 12:34:52 CartMoveState: AUX_DECIDE (5) -> TO_MOVE (10)
2026-05-15 12:34:53 CartMoveState: TO_MOVE (10) -> TO_CART (11)
2026-05-15 12:34:55 CartMoveState: TO_CART (11) -> HOME_MOVE (12)
2026-05-15 12:34:56 CartMoveState: HOME_MOVE (12) -> HALT (13)
2026-05-15 12:34:56 CartMoveState: HALT (13) -> IDLE (1)
2026-05-15 12:34:56 Handler State: EXCHANGE_THREE (11) -> POST_PROCESS (12)
2026-05-15 12:34:56 Handler State: POST_PROCESS (12) -> MOVE_ARM_HOME (14)
2026-05-15 12:34:56 Handler State: MOVE_ARM_HOME (14) -> HANDLER_IDLE (1)
2026-05-15 12:39:25 Handler State: HANDLER_IDLE (1) -> HANDLER_START (2)
2026-05-15 12:39:26 Handler State: HANDLER_START (2) -> DECIDE_CART (3)
2026-05-15 12:39:26 Selection: IFS has correct material.
2026-05-15 12:39:26 Selection: Cartridge has correct material.
2026-05-15 12:39:26 Selected Primary Cartridge: 6
2026-05-15 12:39:26 Selected Primary Station: 104
2026-05-15 12:39:26 Selected Secondary Cartridge: 0
2026-05-15 12:39:26 Selected Secondary Station: 0
2026-05-15 12:39:26 Selected Filling Volume: 477
2026-05-15 12:39:26 Handler State: DECIDE_CART (3) -> PLACE_CART (5)
2026-05-15 12:39:26 CartMove: Move, from 107 to 104
2026-05-15 12:39:26 CartMoveState: IDLE (1) -> FROM_MOVE (3)
2026-05-15 12:39:28 CartMoveState: FROM_MOVE (3) -> FROM_CART (4)
2026-05-15 12:39:31 CartMoveState: FROM_CART (4) -> AUX_DECIDE (5)
2026-05-15 12:39:31 CartMoveState: AUX_DECIDE (5) -> TO_MOVE (10)
2026-05-15 12:39:32 CartMoveState: TO_MOVE (10) -> TO_CART (11)
2026-05-15 12:39:34 CartMoveState: TO_CART (11) -> HOME_MOVE (12)
2026-05-15 12:39:35 CartMoveState: HOME_MOVE (12) -> HALT (13)
2026-05-15 12:39:35 CartMoveState: HALT (13) -> IDLE (1)
2026-05-15 12:39:35 Handler State: PLACE_CART (5) -> CHECK_SEC_CART (26)
2026-05-15 12:39:35 Handler State: CHECK_SEC_CART (26) -> PROBE_CART (24)
2026-05-15 12:39:35 CartMove: Exchange 1, from 104
2026-05-15 12:39:35 CartMoveState: IDLE (1) -> FROM_MOVE (3)
2026-05-15 12:39:36 CartMoveState: FROM_MOVE (3) -> FROM_PROBE (19)
2026-05-15 12:39:38 Handler State: PROBE_CART (24) -> PROCESS_CART (6)
2026-05-15 12:40:09 Setting CBS color valve (FillGate): 1
2026-05-15 12:40:11 Primed volume (FillGate): 1.09361
2026-05-15 12:40:11 Re-Calculated Filling Volume: 477
2026-05-15 12:40:11 Setting CBS color valve (FillCart): 1
2026-05-15 12:40:32 Handler State: PROCESS_CART (6) -> EXCHANGE_ONE (7)
2026-05-15 12:40:32 CartMove: Exchange 1, from 104
2026-05-15 12:40:32 CartMoveState: FROM_PROBE (19) -> FROM_CART (4)
2026-05-15 12:40:38 Setting CBS color valve (Finished): 0
2026-05-15 12:40:39 CartMoveState: FROM_CART (4) -> TO_MOVE (10)
2026-05-15 12:40:41 CartMoveState: TO_MOVE (10) -> EXCH_1_WAIT (14)
2026-05-15 12:40:41 Handler State: EXCHANGE_ONE (7) -> START_DCU (8)
2026-05-15 12:41:11 Handler State: START_DCU (8) -> EXCHANGE_TWO (9)
2026-05-15 12:41:11 CartMove: Exchange 2
2026-05-15 12:41:12 CartMoveState: EXCH_1_WAIT (14) -> EXCH_1_CART (15)
2026-05-15 12:41:15 CartMoveState: EXCH_1_CART (15) -> EXCH_2_MOVE (16)
2026-05-15 12:41:16 CartMoveState: EXCH_2_MOVE (16) -> EXCH_2_CART (17)
2026-05-15 12:41:18 CartMoveState: EXCH_2_CART (17) -> STORE_DECIDE (18)
2026-05-15 12:41:18 Used volume for last job: 0
2026-05-15 12:41:18 Handler State: EXCHANGE_TWO (9) -> WAIT_FOR_DCU (10)
2026-05-15 12:41:20 Handler State: WAIT_FOR_DCU (10) -> EXCHANGE_THREE (11)
2026-05-15 12:41:20 CartMove: Exchange 3
2026-05-15 12:41:20 CartMoveState: STORE_DECIDE (18) -> AUX_DECIDE (5)
2026-05-15 12:41:20 CartMoveState: AUX_DECIDE (5) -> TO_MOVE (10)
2026-05-15 12:41:21 CartMoveState: TO_MOVE (10) -> TO_CART (11)
2026-05-15 12:41:24 CartMoveState: TO_CART (11) -> HOME_MOVE (12)
2026-05-15 12:41:25 CartMoveState: HOME_MOVE (12) -> HALT (13)
2026-05-15 12:41:25 CartMoveState: HALT (13) -> IDLE (1)
2026-05-15 12:41:25 Handler State: EXCHANGE_THREE (11) -> POST_PROCESS (12)
2026-05-15 12:41:25 Handler State: POST_PROCESS (12) -> MOVE_ARM_HOME (14)
2026-05-15 12:41:25 Handler State: MOVE_ARM_HOME (14) -> HANDLER_IDLE (1)
2026-05-15 12:43:10 Handler State: HANDLER_IDLE (1) -> SEMI_START (15)
2026-05-15 12:43:10 Handler State: SEMI_START (15) -> SEMI_PROBE_CART (25)
2026-05-15 12:43:14 Handler State: SEMI_PROBE_CART (25) -> SEMI_PROCESS (16)
2026-05-15 12:43:51 Re-Calculated Filling Volume: 0
2026-05-15 12:43:56 Setting CBS color valve (Finished): 0
2026-05-15 12:43:56 Handler State: SEMI_PROCESS (16) -> SEMI_WHAT_NEXT (21)
2026-05-15 12:43:56 Handler State: SEMI_WHAT_NEXT (21) -> SEMI_FINISHED (23)
2026-05-15 12:43:57 Handler State: SEMI_FINISHED (23) -> HANDLER_IDLE (1)
2026-05-15 12:44:23 Handler State: HANDLER_IDLE (1) -> HANDLER_START (2)
2026-05-15 12:44:24 Handler State: HANDLER_START (2) -> DECIDE_CART (3)
2026-05-15 12:44:24 Selection: IFS is clean and its cartridge is cleaned.
2026-05-15 12:44:24 Selected Primary Cartridge: 3
2026-05-15 12:44:24 Selected Primary Station: 104
2026-05-15 12:44:24 Selected Secondary Cartridge: 0
2026-05-15 12:44:24 Selected Secondary Station: 0
2026-05-15 12:44:24 Selected Filling Volume: 640
2026-05-15 12:44:24 Handler State: DECIDE_CART (3) -> CHECK_SEC_CART (26)
2026-05-15 12:44:24 Handler State: CHECK_SEC_CART (26) -> PROBE_CART (24)
2026-05-15 12:44:24 CartMove: Exchange 1, from 104
2026-05-15 12:44:24 CartMoveState: IDLE (1) -> FROM_MOVE (3)
2026-05-15 12:44:25 CartMoveState: FROM_MOVE (3) -> FROM_PROBE (19)
2026-05-15 12:44:26 Handler State: PROBE_CART (24) -> PROCESS_CART (6)
2026-05-15 12:44:26 Setting CBS color valve (FillIFS): 2
2026-05-15 12:44:28 Primed volume (FillIFS): 4.3064
2026-05-15 12:44:28 Re-Calculated Filling Volume: 640
2026-05-15 12:44:28 Setting CBS color valve (FillCart): 2
2026-05-15 12:44:57 Handler State: PROCESS_CART (6) -> EXCHANGE_ONE (7)
2026-05-15 12:44:57 CartMove: Exchange 1, from 104
2026-05-15 12:44:57 CartMoveState: FROM_PROBE (19) -> FROM_CART (4)
2026-05-15 12:45:03 Setting CBS color valve (Finished): 0
2026-05-15 12:45:04 CartMoveState: FROM_CART (4) -> TO_MOVE (10)
2026-05-15 12:45:06 CartMoveState: TO_MOVE (10) -> EXCH_1_WAIT (14)
2026-05-15 12:45:06 Handler State: EXCHANGE_ONE (7) -> START_DCU (8)
2026-05-15 12:45:06 Handler State: START_DCU (8) -> EXCHANGE_TWO (9)
2026-05-15 12:45:06 CartMove: Exchange 2
2026-05-15 12:45:06 CartMoveState: EXCH_1_WAIT (14) -> EXCH_1_CART (15)
2026-05-15 12:45:09 CartMoveState: EXCH_1_CART (15) -> EXCH_2_MOVE (16)
2026-05-15 12:45:10 CartMoveState: EXCH_2_MOVE (16) -> EXCH_2_CART (17)
2026-05-15 12:45:12 CartMoveState: EXCH_2_CART (17) -> STORE_DECIDE (18)
2026-05-15 12:45:12 Used volume for last job: 427.223
2026-05-15 12:45:12 Handler State: EXCHANGE_TWO (9) -> WAIT_FOR_DCU (10)
2026-05-15 12:45:14 Handler State: WAIT_FOR_DCU (10) -> EXCHANGE_THREE (11)
2026-05-15 12:45:14 CartMove: Exchange 3
2026-05-15 12:45:14 CartMoveState: STORE_DECIDE (18) -> AUX_DECIDE (5)
2026-05-15 12:45:14 CartMoveState: AUX_DECIDE (5) -> TO_MOVE (10)
2026-05-15 12:45:15 CartMoveState: TO_MOVE (10) -> TO_CART (11)
2026-05-15 12:45:17 CartMoveState: TO_CART (11) -> HOME_MOVE (12)
2026-05-15 12:45:18 CartMoveState: HOME_MOVE (12) -> HALT (13)
2026-05-15 12:45:18 CartMoveState: HALT (13) -> IDLE (1)
2026-05-15 12:45:18 Handler State: EXCHANGE_THREE (11) -> POST_PROCESS (12)
2026-05-15 12:45:18 Handler State: POST_PROCESS (12) -> MOVE_ARM_HOME (14)
2026-05-15 12:45:19 Handler State: MOVE_ARM_HOME (14) -> HANDLER_IDLE (1)
2026-05-15 12:53:56 Handler State: HANDLER_IDLE (1) -> SEMI_START (15)
2026-05-15 12:53:56 Handler State: SEMI_START (15) -> SEMI_PROBE_CART (25)
2026-05-15 12:54:00 Handler State: SEMI_PROBE_CART (25) -> SEMI_PROCESS (16)
2026-05-15 12:54:33 Re-Calculated Filling Volume: 0
2026-05-15 12:54:38 Setting CBS color valve (Finished): 0
2026-05-15 12:54:38 Handler State: SEMI_PROCESS (16) -> SEMI_WHAT_NEXT (21)
2026-05-15 12:54:38 Handler State: SEMI_WHAT_NEXT (21) -> SEMI_FINISHED (23)
2026-05-15 12:54:39 Handler State: SEMI_FINISHED (23) -> HANDLER_IDLE (1)
2026-05-15 13:02:18 Handler State: HANDLER_IDLE (1) -> HANDLER_START (2)
2026-05-15 13:02:19 Handler State: HANDLER_START (2) -> DECIDE_CART (3)
2026-05-15 13:02:19 Selection: IFS is clean and its cartridge is cleaned.
2026-05-15 13:02:19 Selected Primary Cartridge: 6
2026-05-15 13:02:19 Selected Primary Station: 104
2026-05-15 13:02:19 Selected Secondary Cartridge: 0
2026-05-15 13:02:19 Selected Secondary Station: 0
2026-05-15 13:02:19 Selected Filling Volume: 453
2026-05-15 13:02:19 Handler State: DECIDE_CART (3) -> CHECK_SEC_CART (26)
2026-05-15 13:02:19 Handler State: CHECK_SEC_CART (26) -> PROBE_CART (24)
2026-05-15 13:02:19 CartMove: Exchange 1, from 104
2026-05-15 13:02:19 CartMoveState: IDLE (1) -> FROM_MOVE (3)
2026-05-15 13:02:20 CartMoveState: FROM_MOVE (3) -> FROM_PROBE (19)
2026-05-15 13:02:21 Handler State: PROBE_CART (24) -> PROCESS_CART (6)
2026-05-15 13:02:21 Setting CBS color valve (FillIFS): 1
2026-05-15 13:02:23 Primed volume (FillIFS): 1.15955
2026-05-15 13:02:23 Re-Calculated Filling Volume: 453
2026-05-15 13:02:23 Setting CBS color valve (FillCart): 1
2026-05-15 13:02:45 Handler State: PROCESS_CART (6) -> EXCHANGE_ONE (7)
2026-05-15 13:02:45 CartMove: Exchange 1, from 104
2026-05-15 13:02:45 CartMoveState: FROM_PROBE (19) -> FROM_CART (4)
2026-05-15 13:02:51 Setting CBS color valve (Finished): 0
2026-05-15 13:02:53 CartMoveState: FROM_CART (4) -> TO_MOVE (10)
2026-05-15 13:02:54 CartMoveState: TO_MOVE (10) -> EXCH_1_WAIT (14)
2026-05-15 13:02:54 Handler State: EXCHANGE_ONE (7) -> START_DCU (8)
2026-05-15 13:02:54 Handler State: START_DCU (8) -> EXCHANGE_TWO (9)
2026-05-15 13:02:55 CartMove: Exchange 2
2026-05-15 13:02:55 CartMoveState: EXCH_1_WAIT (14) -> EXCH_1_CART (15)
2026-05-15 13:02:57 CartMoveState: EXCH_1_CART (15) -> EXCH_2_MOVE (16)
2026-05-15 13:02:58 CartMoveState: EXCH_2_MOVE (16) -> EXCH_2_CART (17)
2026-05-15 13:03:00 CartMoveState: EXCH_2_CART (17) -> STORE_DECIDE (18)
2026-05-15 13:03:00 Used volume for last job: 443.715
2026-05-15 13:03:00 Handler State: EXCHANGE_TWO (9) -> WAIT_FOR_DCU (10)
2026-05-15 13:03:02 Handler State: WAIT_FOR_DCU (10) -> EXCHANGE_THREE (11)
2026-05-15 13:03:02 CartMove: Exchange 3
2026-05-15 13:03:02 CartMoveState: STORE_DECIDE (18) -> AUX_DECIDE (5)
2026-05-15 13:03:02 CartMoveState: AUX_DECIDE (5) -> TO_MOVE (10)
2026-05-15 13:03:02 CartMoveState: TO_MOVE (10) -> TO_CART (11)
2026-05-15 13:03:05 CartMoveState: TO_CART (11) -> HOME_MOVE (12)
2026-05-15 13:03:06 CartMoveState: HOME_MOVE (12) -> HALT (13)
2026-05-15 13:03:06 CartMoveState: HALT (13) -> IDLE (1)
2026-05-15 13:03:06 Handler State: EXCHANGE_THREE (11) -> POST_PROCESS (12)
2026-05-15 13:03:06 Handler State: POST_PROCESS (12) -> MOVE_ARM_HOME (14)
2026-05-15 13:03:06 Handler State: MOVE_ARM_HOME (14) -> HANDLER_IDLE (1)
2026-05-15 13:07:33 Handler State: HANDLER_IDLE (1) -> HANDLER_START (2)
2026-05-15 13:07:34 Handler State: HANDLER_START (2) -> DECIDE_CART (3)
2026-05-15 13:07:34 Selection: IFS has correct material and its cartridge has correct material.
2026-05-15 13:07:34 Selected Primary Cartridge: 3
2026-05-15 13:07:34 Selected Primary Station: 104
2026-05-15 13:07:34 Selected Secondary Cartridge: 0
2026-05-15 13:07:34 Selected Secondary Station: 0
2026-05-15 13:07:34 Selected Filling Volume: 477
2026-05-15 13:07:34 Handler State: DECIDE_CART (3) -> CHECK_SEC_CART (26)
2026-05-15 13:07:34 Handler State: CHECK_SEC_CART (26) -> PROBE_CART (24)
2026-05-15 13:07:34 CartMove: Exchange 1, from 104
2026-05-15 13:07:34 CartMoveState: IDLE (1) -> FROM_MOVE (3)
2026-05-15 13:07:35 CartMoveState: FROM_MOVE (3) -> FROM_PROBE (19)
2026-05-15 13:07:37 Handler State: PROBE_CART (24) -> PROCESS_CART (6)
2026-05-15 13:08:28 Setting CBS color valve (FillGate): 1
2026-05-15 13:08:30 Primed volume (FillGate): 1.71063
2026-05-15 13:08:30 Re-Calculated Filling Volume: 477
2026-05-15 13:08:30 Setting CBS color valve (FillCart): 1
2026-05-15 13:08:50 Handler State: PROCESS_CART (6) -> EXCHANGE_ONE (7)
2026-05-15 13:08:50 CartMove: Exchange 1, from 104
2026-05-15 13:08:50 CartMoveState: FROM_PROBE (19) -> FROM_CART (4)
2026-05-15 13:08:56 Setting CBS color valve (Finished): 0
2026-05-15 13:08:58 CartMoveState: FROM_CART (4) -> TO_MOVE (10)
2026-05-15 13:08:59 CartMoveState: TO_MOVE (10) -> EXCH_1_WAIT (14)
2026-05-15 13:08:59 Handler State: EXCHANGE_ONE (7) -> START_DCU (8)
2026-05-15 13:09:19 Handler State: START_DCU (8) -> EXCHANGE_TWO (9)
2026-05-15 13:09:19 CartMove: Exchange 2
2026-05-15 13:09:20 CartMoveState: EXCH_1_WAIT (14) -> EXCH_1_CART (15)
2026-05-15 13:09:23 CartMoveState: EXCH_1_CART (15) -> EXCH_2_MOVE (16)
2026-05-15 13:09:24 CartMoveState: EXCH_2_MOVE (16) -> EXCH_2_CART (17)
2026-05-15 13:09:26 CartMoveState: EXCH_2_CART (17) -> STORE_DECIDE (18)
2026-05-15 13:09:26 Used volume for last job: 0
2026-05-15 13:09:26 Handler State: EXCHANGE_TWO (9) -> WAIT_FOR_DCU (10)
2026-05-15 13:09:28 Handler State: WAIT_FOR_DCU (10) -> EXCHANGE_THREE (11)
2026-05-15 13:09:28 CartMove: Exchange 3
2026-05-15 13:09:28 CartMoveState: STORE_DECIDE (18) -> AUX_DECIDE (5)
2026-05-15 13:09:28 CartMoveState: AUX_DECIDE (5) -> TO_MOVE (10)
2026-05-15 13:09:29 CartMoveState: TO_MOVE (10) -> TO_CART (11)
2026-05-15 13:09:32 CartMoveState: TO_CART (11) -> HOME_MOVE (12)
2026-05-15 13:09:33 CartMoveState: HOME_MOVE (12) -> HALT (13)
2026-05-15 13:09:33 CartMoveState: HALT (13) -> IDLE (1)
2026-05-15 13:09:33 Handler State: EXCHANGE_THREE (11) -> POST_PROCESS (12)
2026-05-15 13:09:33 Handler State: POST_PROCESS (12) -> MOVE_ARM_HOME (14)
2026-05-15 13:09:33 Handler State: MOVE_ARM_HOME (14) -> HANDLER_IDLE (1)
2026-05-15 13:12:58 Handler State: HANDLER_IDLE (1) -> HANDLER_START (2)
2026-05-15 13:12:58 Handler State: HANDLER_START (2) -> EXCHANGE_ONE (7)
2026-05-15 13:12:58 CartMove: Exchange 1, from 0
2026-05-15 13:12:58 CartMoveState: IDLE (1) -> TO_MOVE (10)
2026-05-15 13:13:00 CartMoveState: TO_MOVE (10) -> EXCH_1_WAIT (14)
2026-05-15 13:13:00 Handler State: EXCHANGE_ONE (7) -> START_DCU (8)
2026-05-15 13:13:00 Handler State: START_DCU (8) -> EXCHANGE_TWO (9)
2026-05-15 13:13:00 CartMove: Exchange 2
2026-05-15 13:13:09 CartMoveState: EXCH_1_WAIT (14) -> EXCH_1_CART (15)
2026-05-15 13:13:11 CartMoveState: EXCH_1_CART (15) -> STORE_DECIDE (18)
2026-05-15 13:13:11 Used volume for last job: 426.496
2026-05-15 13:13:11 Handler State: EXCHANGE_TWO (9) -> WAIT_FOR_DCU (10)
2026-05-15 13:13:13 Handler State: WAIT_FOR_DCU (10) -> EXCHANGE_THREE (11)
2026-05-15 13:13:13 CartMove: Exchange 3
2026-05-15 13:13:13 CartMoveState: STORE_DECIDE (18) -> AUX_DECIDE (5)
2026-05-15 13:13:13 CartMoveState: AUX_DECIDE (5) -> TO_MOVE (10)
2026-05-15 13:13:15 CartMoveState: TO_MOVE (10) -> TO_CART (11)
2026-05-15 13:13:17 CartMoveState: TO_CART (11) -> HOME_MOVE (12)
2026-05-15 13:13:18 CartMoveState: HOME_MOVE (12) -> HALT (13)
2026-05-15 13:13:18 CartMoveState: HALT (13) -> IDLE (1)
2026-05-15 13:13:18 Handler State: EXCHANGE_THREE (11) -> POST_PROCESS (12)
2026-05-15 13:13:18 Handler State: POST_PROCESS (12) -> MOVE_ARM_HOME (14)
2026-05-15 13:13:18 Handler State: MOVE_ARM_HOME (14) -> HANDLER_IDLE (1)
2026-05-15 13:13:40 Handler State: HANDLER_IDLE (1) -> SEMI_START (15)
2026-05-15 13:13:40 Handler State: SEMI_START (15) -> SEMI_TO_STORE (17)
2026-05-15 13:13:40 CartMove: Move, from 102 to 108
2026-05-15 13:13:40 CartMoveState: IDLE (1) -> FROM_MOVE (3)
2026-05-15 13:13:40 CartMoveState: FROM_MOVE (3) -> FROM_CART (4)
2026-05-15 13:13:43 CartMoveState: FROM_CART (4) -> AUX_DECIDE (5)
2026-05-15 13:13:43 CartMoveState: AUX_DECIDE (5) -> TO_MOVE (10)
2026-05-15 13:13:45 CartMoveState: TO_MOVE (10) -> TO_CART (11)
2026-05-15 13:13:47 CartMoveState: TO_CART (11) -> HOME_MOVE (12)
2026-05-15 13:13:49 CartMoveState: HOME_MOVE (12) -> HALT (13)
2026-05-15 13:13:49 CartMoveState: HALT (13) -> IDLE (1)
2026-05-15 13:13:49 Handler State: SEMI_TO_STORE (17) -> SEMI_TO_IFS (18)
2026-05-15 13:13:49 CartMove: Move, from 105 to 102
2026-05-15 13:13:49 CartMoveState: IDLE (1) -> FROM_MOVE (3)
2026-05-15 13:13:50 CartMoveState: FROM_MOVE (3) -> FROM_CART (4)
2026-05-15 13:13:53 CartMoveState: FROM_CART (4) -> AUX_DECIDE (5)
2026-05-15 13:13:53 CartMoveState: AUX_DECIDE (5) -> TO_MOVE (10)
2026-05-15 13:13:54 CartMoveState: TO_MOVE (10) -> TO_CART (11)
2026-05-15 13:13:56 CartMoveState: TO_CART (11) -> HOME_MOVE (12)
2026-05-15 13:13:57 CartMoveState: HOME_MOVE (12) -> HALT (13)
2026-05-15 13:13:57 CartMoveState: HALT (13) -> IDLE (1)
2026-05-15 13:13:57 Handler State: SEMI_TO_IFS (18) -> SEMI_PROBE_CART (25)
2026-05-15 13:14:01 Handler State: SEMI_PROBE_CART (25) -> SEMI_PROCESS (16)
2026-05-15 13:15:26 Re-Calculated Filling Volume: 0
2026-05-15 13:15:33 Setting CBS color valve (Finished): 0
2026-05-15 13:15:33 Handler State: SEMI_PROCESS (16) -> SEMI_FROM_IFS (20)
2026-05-15 13:15:33 CartMove: Move, from 102 to 105
2026-05-15 13:15:33 CartMoveState: IDLE (1) -> FROM_MOVE (3)
2026-05-15 13:15:33 CartMoveState: FROM_MOVE (3) -> FROM_CART (4)
2026-05-15 13:15:36 CartMoveState: FROM_CART (4) -> AUX_DECIDE (5)
2026-05-15 13:15:36 CartMoveState: AUX_DECIDE (5) -> TO_MOVE (10)
2026-05-15 13:15:38 CartMoveState: TO_MOVE (10) -> TO_CART (11)
2026-05-15 13:15:40 CartMoveState: TO_CART (11) -> HOME_MOVE (12)
2026-05-15 13:15:41 CartMoveState: HOME_MOVE (12) -> HALT (13)
2026-05-15 13:15:41 CartMoveState: HALT (13) -> IDLE (1)
2026-05-15 13:15:41 Handler State: SEMI_FROM_IFS (20) -> SEMI_FROM_STORE (19)
2026-05-15 13:15:41 CartMove: Move, from 108 to 102
2026-05-15 13:15:41 CartMoveState: IDLE (1) -> FROM_MOVE (3)
2026-05-15 13:15:43 CartMoveState: FROM_MOVE (3) -> FROM_CART (4)
2026-05-15 13:15:45 CartMoveState: FROM_CART (4) -> AUX_DECIDE (5)
2026-05-15 13:15:45 CartMoveState: AUX_DECIDE (5) -> TO_MOVE (10)
2026-05-15 13:15:47 CartMoveState: TO_MOVE (10) -> TO_CART (11)
2026-05-15 13:15:50 CartMoveState: TO_CART (11) -> HOME_MOVE (12)
2026-05-15 13:15:51 CartMoveState: HOME_MOVE (12) -> HALT (13)
2026-05-15 13:15:51 CartMoveState: HALT (13) -> IDLE (1)
2026-05-15 13:15:51 Handler State: SEMI_FROM_STORE (19) -> SEMI_WHAT_NEXT (21)
2026-05-15 13:15:51 Handler State: SEMI_WHAT_NEXT (21) -> SEMI_START (15)
2026-05-15 13:15:51 Handler State: SEMI_START (15) -> SEMI_TO_STORE (17)
2026-05-15 13:15:51 CartMove: Move, from 103 to 108
2026-05-15 13:15:51 CartMoveState: IDLE (1) -> FROM_MOVE (3)
2026-05-15 13:15:51 CartMoveState: FROM_MOVE (3) -> FROM_CART (4)
2026-05-15 13:15:54 CartMoveState: FROM_CART (4) -> AUX_DECIDE (5)
2026-05-15 13:15:54 CartMoveState: AUX_DECIDE (5) -> TO_MOVE (10)
2026-05-15 13:15:55 CartMoveState: TO_MOVE (10) -> TO_CART (11)
2026-05-15 13:15:58 CartMoveState: TO_CART (11) -> HOME_MOVE (12)
2026-05-15 13:15:59 CartMoveState: HOME_MOVE (12) -> HALT (13)
2026-05-15 13:15:59 CartMoveState: HALT (13) -> IDLE (1)
2026-05-15 13:15:59 Handler State: SEMI_TO_STORE (17) -> SEMI_TO_IFS (18)
2026-05-15 13:15:59 CartMove: Move, from 106 to 103
2026-05-15 13:15:59 CartMoveState: IDLE (1) -> FROM_MOVE (3)
2026-05-15 13:16:00 CartMoveState: FROM_MOVE (3) -> FROM_CART (4)
2026-05-15 13:16:03 CartMoveState: FROM_CART (4) -> AUX_DECIDE (5)
2026-05-15 13:16:03 CartMoveState: AUX_DECIDE (5) -> TO_MOVE (10)
2026-05-15 13:16:05 CartMoveState: TO_MOVE (10) -> TO_CART (11)
2026-05-15 13:16:07 CartMoveState: TO_CART (11) -> HOME_MOVE (12)
2026-05-15 13:16:07 CartMoveState: HOME_MOVE (12) -> HALT (13)
2026-05-15 13:16:07 CartMoveState: HALT (13) -> IDLE (1)
2026-05-15 13:16:07 Handler State: SEMI_TO_IFS (18) -> SEMI_PROBE_CART (25)
2026-05-15 13:16:10 Handler State: SEMI_PROBE_CART (25) -> SEMI_PROCESS (16)
2026-05-15 13:17:19 Re-Calculated Filling Volume: 0
2026-05-15 13:17:25 Setting CBS color valve (Finished): 0
2026-05-15 13:17:25 Handler State: SEMI_PROCESS (16) -> SEMI_FROM_IFS (20)
2026-05-15 13:17:25 CartMove: Move, from 103 to 106
2026-05-15 13:17:25 CartMoveState: IDLE (1) -> FROM_MOVE (3)
2026-05-15 13:17:25 CartMoveState: FROM_MOVE (3) -> FROM_CART (4)
2026-05-15 13:17:28 CartMoveState: FROM_CART (4) -> AUX_DECIDE (5)
2026-05-15 13:17:28 CartMoveState: AUX_DECIDE (5) -> TO_MOVE (10)
2026-05-15 13:17:29 CartMoveState: TO_MOVE (10) -> TO_CART (11)
2026-05-15 13:17:31 CartMoveState: TO_CART (11) -> HOME_MOVE (12)
2026-05-15 13:17:33 CartMoveState: HOME_MOVE (12) -> HALT (13)
2026-05-15 13:17:33 CartMoveState: HALT (13) -> IDLE (1)
2026-05-15 13:17:33 Handler State: SEMI_FROM_IFS (20) -> SEMI_FROM_STORE (19)
2026-05-15 13:17:33 CartMove: Move, from 108 to 103
2026-05-15 13:17:33 CartMoveState: IDLE (1) -> FROM_MOVE (3)
2026-05-15 13:17:34 CartMoveState: FROM_MOVE (3) -> FROM_CART (4)
2026-05-15 13:17:37 CartMoveState: FROM_CART (4) -> AUX_DECIDE (5)
2026-05-15 13:17:37 CartMoveState: AUX_DECIDE (5) -> TO_MOVE (10)
2026-05-15 13:17:39 CartMoveState: TO_MOVE (10) -> TO_CART (11)
2026-05-15 13:17:41 CartMoveState: TO_CART (11) -> HOME_MOVE (12)
2026-05-15 13:17:41 CartMoveState: HOME_MOVE (12) -> HALT (13)
2026-05-15 13:17:41 CartMoveState: HALT (13) -> IDLE (1)
2026-05-15 13:17:41 Handler State: SEMI_FROM_STORE (19) -> SEMI_WHAT_NEXT (21)
2026-05-15 13:17:41 Handler State: SEMI_WHAT_NEXT (21) -> SEMI_START (15)
2026-05-15 13:17:41 Handler State: SEMI_START (15) -> SEMI_TO_STORE (17)
2026-05-15 13:17:41 CartMove: Move, from 104 to 108
2026-05-15 13:17:41 CartMoveState: IDLE (1) -> FROM_MOVE (3)
2026-05-15 13:17:42 CartMoveState: FROM_MOVE (3) -> FROM_CART (4)
2026-05-15 13:17:45 CartMoveState: FROM_CART (4) -> AUX_DECIDE (5)
2026-05-15 13:17:45 CartMoveState: AUX_DECIDE (5) -> TO_MOVE (10)
2026-05-15 13:17:47 CartMoveState: TO_MOVE (10) -> TO_CART (11)
2026-05-15 13:17:49 CartMoveState: TO_CART (11) -> HOME_MOVE (12)
2026-05-15 13:17:50 CartMoveState: HOME_MOVE (12) -> HALT (13)
2026-05-15 13:17:50 CartMoveState: HALT (13) -> IDLE (1)
2026-05-15 13:17:50 Handler State: SEMI_TO_STORE (17) -> SEMI_TO_IFS (18)
2026-05-15 13:17:50 CartMove: Move, from 107 to 104
2026-05-15 13:17:50 CartMoveState: IDLE (1) -> FROM_MOVE (3)
2026-05-15 13:17:52 CartMoveState: FROM_MOVE (3) -> FROM_CART (4)
2026-05-15 13:17:54 CartMoveState: FROM_CART (4) -> AUX_DECIDE (5)
2026-05-15 13:17:54 CartMoveState: AUX_DECIDE (5) -> TO_MOVE (10)
2026-05-15 13:17:56 CartMoveState: TO_MOVE (10) -> TO_CART (11)
2026-05-15 13:17:58 CartMoveState: TO_CART (11) -> HOME_MOVE (12)
2026-05-15 13:17:59 CartMoveState: HOME_MOVE (12) -> HALT (13)
2026-05-15 13:17:59 CartMoveState: HALT (13) -> IDLE (1)
2026-05-15 13:17:59 Handler State: SEMI_TO_IFS (18) -> SEMI_PROBE_CART (25)
2026-05-15 13:18:03 Handler State: SEMI_PROBE_CART (25) -> SEMI_PROCESS (16)
2026-05-15 13:18:35 Re-Calculated Filling Volume: 0
2026-05-15 13:18:41 Setting CBS color valve (Finished): 0
2026-05-15 13:18:41 Handler State: SEMI_PROCESS (16) -> SEMI_FROM_IFS (20)
2026-05-15 13:18:41 CartMove: Move, from 104 to 107
2026-05-15 13:18:41 CartMoveState: IDLE (1) -> FROM_MOVE (3)
2026-05-15 13:18:41 CartMoveState: FROM_MOVE (3) -> FROM_CART (4)
2026-05-15 13:18:44 CartMoveState: FROM_CART (4) -> AUX_DECIDE (5)
2026-05-15 13:18:44 CartMoveState: AUX_DECIDE (5) -> TO_MOVE (10)
2026-05-15 13:18:46 CartMoveState: TO_MOVE (10) -> TO_CART (11)
2026-05-15 13:18:48 CartMoveState: TO_CART (11) -> HOME_MOVE (12)
2026-05-15 13:18:49 CartMoveState: HOME_MOVE (12) -> HALT (13)
2026-05-15 13:18:49 CartMoveState: HALT (13) -> IDLE (1)
2026-05-15 13:18:49 Handler State: SEMI_FROM_IFS (20) -> SEMI_FROM_STORE (19)
2026-05-15 13:18:49 CartMove: Move, from 108 to 104
2026-05-15 13:18:49 CartMoveState: IDLE (1) -> FROM_MOVE (3)
2026-05-15 13:18:51 CartMoveState: FROM_MOVE (3) -> FROM_CART (4)
2026-05-15 13:18:53 CartMoveState: FROM_CART (4) -> AUX_DECIDE (5)
2026-05-15 13:18:53 CartMoveState: AUX_DECIDE (5) -> TO_MOVE (10)
2026-05-15 13:18:55 CartMoveState: TO_MOVE (10) -> TO_CART (11)
2026-05-15 13:18:57 CartMoveState: TO_CART (11) -> HOME_MOVE (12)
2026-05-15 13:18:58 CartMoveState: HOME_MOVE (12) -> HALT (13)
2026-05-15 13:18:58 CartMoveState: HALT (13) -> IDLE (1)
2026-05-15 13:18:58 Handler State: SEMI_FROM_STORE (19) -> SEMI_WHAT_NEXT (21)
2026-05-15 13:18:58 Handler State: SEMI_WHAT_NEXT (21) -> SEMI_START (15)
2026-05-15 13:18:58 Handler State: SEMI_START (15) -> SEMI_PROBE_CART (25)
2026-05-15 13:19:02 Handler State: SEMI_PROBE_CART (25) -> SEMI_PROCESS (16)
2026-05-15 13:20:13 Re-Calculated Filling Volume: 0
2026-05-15 13:20:20 Setting CBS color valve (Finished): 0
2026-05-15 13:20:20 Handler State: SEMI_PROCESS (16) -> SEMI_WHAT_NEXT (21)
2026-05-15 13:20:20 Handler State: SEMI_WHAT_NEXT (21) -> SEMI_START (15)
2026-05-15 13:20:20 Handler State: SEMI_START (15) -> SEMI_PROBE_CART (25)
2026-05-15 13:20:24 Handler State: SEMI_PROBE_CART (25) -> SEMI_PROCESS (16)
2026-05-15 13:21:03 Re-Calculated Filling Volume: 0
2026-05-15 13:21:08 Setting CBS color valve (Finished): 0
2026-05-15 13:21:08 Handler State: SEMI_PROCESS (16) -> SEMI_WHAT_NEXT (21)
2026-05-15 13:21:08 Handler State: SEMI_WHAT_NEXT (21) -> SEMI_START (15)
2026-05-15 13:21:08 Handler State: SEMI_START (15) -> SEMI_PROBE_CART (25)
2026-05-15 13:21:12 Handler State: SEMI_PROBE_CART (25) -> SEMI_PROCESS (16)
2026-05-15 13:21:47 Re-Calculated Filling Volume: 0
2026-05-15 13:21:53 Setting CBS color valve (Finished): 0
2026-05-15 13:21:53 Handler State: SEMI_PROCESS (16) -> SEMI_WHAT_NEXT (21)
2026-05-15 13:21:53 Handler State: SEMI_WHAT_NEXT (21) -> SEMI_FINISHED (23)
2026-05-15 13:21:54 Handler State: SEMI_FINISHED (23) -> HANDLER_IDLE (1)
2026-05-18 00:58:44 Handler State: HANDLER_IDLE (1) -> HANDLER_START (2)
2026-05-18 00:58:45 Handler State: HANDLER_START (2) -> DECIDE_CART (3)
2026-05-18 00:58:45 Selection: IFS is clean and its cartridge is cleaned.
2026-05-18 00:58:45 Selected Primary Cartridge: 4
2026-05-18 00:58:45 Selected Primary Station: 102
2026-05-18 00:58:45 Selected Secondary Cartridge: 0
2026-05-18 00:58:45 Selected Secondary Station: 0
2026-05-18 00:58:45 Selected Filling Volume: 650
2026-05-18 00:58:45 Handler State: DECIDE_CART (3) -> CHECK_SEC_CART (26)
2026-05-18 00:58:45 Handler State: CHECK_SEC_CART (26) -> PROBE_CART (24)
2026-05-18 00:58:45 CartMove: Exchange 1, from 102
2026-05-18 00:58:45 CartMoveState: IDLE (1) -> FROM_MOVE (3)
2026-05-18 00:58:46 CartMoveState: FROM_MOVE (3) -> FROM_PROBE (19)
2026-05-18 00:58:48 Handler State: PROBE_CART (24) -> PROCESS_CART (6)
2026-05-18 00:58:48 Setting CBS color valve (FillIFS): 1
2026-05-18 00:58:49 Primed volume (FillIFS): 0.552845
2026-05-18 00:58:50 Re-Calculated Filling Volume: 650
2026-05-18 00:58:50 Setting CBS color valve (FillCart): 1
2026-05-18 00:59:15 Handler State: PROCESS_CART (6) -> EXCHANGE_ONE (7)
2026-05-18 00:59:15 CartMove: Exchange 1, from 102
2026-05-18 00:59:15 CartMoveState: FROM_PROBE (19) -> FROM_CART (4)
2026-05-18 00:59:22 Setting CBS color valve (Finished): 0
2026-05-18 00:59:24 CartMoveState: FROM_CART (4) -> TO_MOVE (10)
2026-05-18 00:59:24 CartMoveState: TO_MOVE (10) -> EXCH_1_WAIT (14)
2026-05-18 00:59:24 Handler State: EXCHANGE_ONE (7) -> START_DCU (8)
2026-05-18 00:59:25 Handler State: START_DCU (8) -> EXCHANGE_TWO (9)
2026-05-18 00:59:25 CartMove: Exchange 2
2026-05-18 00:59:25 CartMoveState: EXCH_1_WAIT (14) -> EXCH_1_CART (15)
2026-05-18 00:59:27 CartMoveState: EXCH_1_CART (15) -> EXCH_2_MOVE (16)
2026-05-18 00:59:28 CartMoveState: EXCH_2_MOVE (16) -> EXCH_2_CART (17)
2026-05-18 00:59:30 CartMoveState: EXCH_2_CART (17) -> HOME_MOVE (12)
2026-05-18 00:59:30 Handler State: EXCHANGE_TWO (9) -> WAIT_FOR_DCU (10)
2026-05-18 00:59:31 Handler State: WAIT_FOR_DCU (10) -> EXCHANGE_THREE (11)
2026-05-18 00:59:31 CartMove: Exchange 3
2026-05-18 00:59:31 CartMoveState: HOME_MOVE (12) -> HALT (13)
2026-05-18 00:59:31 CartMoveState: HALT (13) -> IDLE (1)
2026-05-18 00:59:31 Handler State: EXCHANGE_THREE (11) -> POST_PROCESS (12)
2026-05-18 00:59:31 Handler State: POST_PROCESS (12) -> MOVE_ARM_HOME (14)
2026-05-18 00:59:38 Handler State: MOVE_ARM_HOME (14) -> HANDLER_IDLE (1)
2026-05-18 03:50:10 Handler State: HANDLER_IDLE (1) -> HANDLER_START (2)
2026-05-18 03:50:11 Handler State: HANDLER_START (2) -> DECIDE_CART (3)
2026-05-18 03:50:11 Selection: IFS has correct material.
2026-05-18 03:50:12 Selection: Cartridge is clean.
2026-05-18 03:50:12 Selected Primary Cartridge: 1
2026-05-18 03:50:12 Selected Primary Station: 102
2026-05-18 03:50:12 Selected Secondary Cartridge: 0
2026-05-18 03:50:12 Selected Secondary Station: 0
2026-05-18 03:50:12 Selected Filling Volume: 650
2026-05-18 03:50:12 Handler State: DECIDE_CART (3) -> PLACE_CART (5)
2026-05-18 03:50:12 CartMove: Move, from 105 to 102
2026-05-18 03:50:12 CartMoveState: IDLE (1) -> FROM_MOVE (3)
2026-05-18 03:50:13 CartMoveState: FROM_MOVE (3) -> FROM_CART (4)
2026-05-18 03:50:15 CartMoveState: FROM_CART (4) -> AUX_DECIDE (5)
2026-05-18 03:50:15 CartMoveState: AUX_DECIDE (5) -> TO_MOVE (10)
2026-05-18 03:50:17 CartMoveState: TO_MOVE (10) -> TO_CART (11)
2026-05-18 03:50:19 CartMoveState: TO_CART (11) -> HOME_MOVE (12)
2026-05-18 03:50:20 CartMoveState: HOME_MOVE (12) -> HALT (13)
2026-05-18 03:50:20 CartMoveState: HALT (13) -> IDLE (1)
2026-05-18 03:50:20 Handler State: PLACE_CART (5) -> CHECK_SEC_CART (26)
2026-05-18 03:50:20 Handler State: CHECK_SEC_CART (26) -> PROBE_CART (24)
2026-05-18 03:50:20 CartMove: Exchange 1, from 102
2026-05-18 03:50:20 CartMoveState: IDLE (1) -> FROM_MOVE (3)
2026-05-18 03:50:21 CartMoveState: FROM_MOVE (3) -> FROM_PROBE (19)
2026-05-18 03:50:23 Handler State: PROBE_CART (24) -> PROCESS_CART (6)
2026-05-18 03:50:23 Setting CBS color valve (FillGate): 1
2026-05-18 03:50:24 Primed volume (FillGate): 0.779555
2026-05-18 03:50:24 Re-Calculated Filling Volume: 650
2026-05-18 03:50:24 Setting CBS color valve (FillCart): 1
2026-05-18 03:50:48 Handler State: PROCESS_CART (6) -> EXCHANGE_ONE (7)
2026-05-18 03:50:48 CartMove: Exchange 1, from 102
2026-05-18 03:50:48 CartMoveState: FROM_PROBE (19) -> FROM_CART (4)
2026-05-18 03:50:54 Setting CBS color valve (Finished): 0
2026-05-18 03:50:56 CartMoveState: FROM_CART (4) -> TO_MOVE (10)
2026-05-18 03:50:57 CartMoveState: TO_MOVE (10) -> EXCH_1_WAIT (14)
2026-05-18 03:50:57 Handler State: EXCHANGE_ONE (7) -> START_DCU (8)
2026-05-18 03:50:57 Handler State: START_DCU (8) -> EXCHANGE_TWO (9)
2026-05-18 03:50:57 CartMove: Exchange 2
2026-05-18 03:50:57 CartMoveState: EXCH_1_WAIT (14) -> EXCH_1_CART (15)
2026-05-18 03:51:00 CartMoveState: EXCH_1_CART (15) -> EXCH_2_MOVE (16)
2026-05-18 03:51:01 CartMoveState: EXCH_2_MOVE (16) -> EXCH_2_CART (17)
2026-05-18 03:51:03 CartMoveState: EXCH_2_CART (17) -> STORE_DECIDE (18)
2026-05-18 03:51:03 Used volume for last job: 0
2026-05-18 03:51:03 Handler State: EXCHANGE_TWO (9) -> WAIT_FOR_DCU (10)
2026-05-18 03:51:05 Handler State: WAIT_FOR_DCU (10) -> EXCHANGE_THREE (11)
2026-05-18 03:51:05 CartMove: Exchange 3
2026-05-18 03:51:05 CartMoveState: STORE_DECIDE (18) -> AUX_DECIDE (5)
2026-05-18 03:51:05 CartMoveState: AUX_DECIDE (5) -> TO_MOVE (10)
2026-05-18 03:51:05 CartMoveState: TO_MOVE (10) -> TO_CART (11)
2026-05-18 03:51:07 CartMoveState: TO_CART (11) -> HOME_MOVE (12)
2026-05-18 03:51:08 CartMoveState: HOME_MOVE (12) -> HALT (13)
2026-05-18 03:51:08 CartMoveState: HALT (13) -> IDLE (1)
2026-05-18 03:51:08 Handler State: EXCHANGE_THREE (11) -> POST_PROCESS (12)
2026-05-18 03:51:08 Handler State: POST_PROCESS (12) -> MOVE_ARM_HOME (14)
2026-05-18 03:51:11 Handler State: MOVE_ARM_HOME (14) -> HANDLER_IDLE (1)
2026-05-18 03:51:24 Handler State: HANDLER_IDLE (1) -> HANDLER_START (2)
2026-05-18 03:51:25 Handler State: HANDLER_START (2) -> DECIDE_CART (3)
2026-05-18 03:51:25 Selection: IFS has correct material and its cartridge has correct material.
2026-05-18 03:51:25 Selected Primary Cartridge: 4
2026-05-18 03:51:25 Selected Primary Station: 102
2026-05-18 03:51:25 Selected Secondary Cartridge: 0
2026-05-18 03:51:25 Selected Secondary Station: 0
2026-05-18 03:51:25 Selected Filling Volume: 650
2026-05-18 03:51:25 Handler State: DECIDE_CART (3) -> CHECK_SEC_CART (26)
2026-05-18 03:51:25 Handler State: CHECK_SEC_CART (26) -> PROBE_CART (24)
2026-05-18 03:51:25 CartMove: Exchange 1, from 102
2026-05-18 03:51:25 CartMoveState: IDLE (1) -> FROM_MOVE (3)
2026-05-18 03:51:26 CartMoveState: FROM_MOVE (3) -> FROM_PROBE (19)
2026-05-18 03:51:27 Handler State: PROBE_CART (24) -> PROCESS_CART (6)
2026-05-18 03:53:21 Setting CBS color valve (FillGate): 1
2026-05-18 03:53:22 Primed volume (FillGate): 1.2357
2026-05-18 03:53:22 Re-Calculated Filling Volume: 650
2026-05-18 03:53:22 Setting CBS color valve (FillCart): 1
2026-05-18 03:53:45 Handler State: PROCESS_CART (6) -> EXCHANGE_ONE (7)
2026-05-18 03:53:45 CartMove: Exchange 1, from 102
2026-05-18 03:53:45 CartMoveState: FROM_PROBE (19) -> FROM_CART (4)
2026-05-18 03:53:52 Setting CBS color valve (Finished): 0
2026-05-18 03:53:54 CartMoveState: FROM_CART (4) -> TO_MOVE (10)
2026-05-18 03:53:55 CartMoveState: TO_MOVE (10) -> EXCH_1_WAIT (14)
2026-05-18 03:53:55 Handler State: EXCHANGE_ONE (7) -> START_DCU (8)
2026-05-18 03:53:55 Handler State: START_DCU (8) -> EXCHANGE_TWO (9)
2026-05-18 03:53:55 CartMove: Exchange 2
2026-05-18 03:53:55 CartMoveState: EXCH_1_WAIT (14) -> EXCH_1_CART (15)
2026-05-18 03:53:58 CartMoveState: EXCH_1_CART (15) -> EXCH_2_MOVE (16)
2026-05-18 03:53:59 CartMoveState: EXCH_2_MOVE (16) -> EXCH_2_CART (17)
2026-05-18 03:54:01 CartMoveState: EXCH_2_CART (17) -> STORE_DECIDE (18)
2026-05-18 03:54:01 Used volume for last job: 0
2026-05-18 03:54:01 Handler State: EXCHANGE_TWO (9) -> WAIT_FOR_DCU (10)
2026-05-18 03:54:03 Handler State: WAIT_FOR_DCU (10) -> EXCHANGE_THREE (11)
2026-05-18 03:54:03 CartMove: Exchange 3
2026-05-18 03:54:03 CartMoveState: STORE_DECIDE (18) -> AUX_DECIDE (5)
2026-05-18 03:54:03 CartMoveState: AUX_DECIDE (5) -> TO_MOVE (10)
2026-05-18 03:54:03 CartMoveState: TO_MOVE (10) -> TO_CART (11)
2026-05-18 03:54:05 CartMoveState: TO_CART (11) -> HOME_MOVE (12)
2026-05-18 03:54:05 CartMoveState: HOME_MOVE (12) -> HALT (13)
2026-05-18 03:54:05 CartMoveState: HALT (13) -> IDLE (1)
2026-05-18 03:54:05 Handler State: EXCHANGE_THREE (11) -> POST_PROCESS (12)
2026-05-18 03:54:05 Handler State: POST_PROCESS (12) -> MOVE_ARM_HOME (14)
2026-05-18 03:54:08 Handler State: MOVE_ARM_HOME (14) -> HANDLER_IDLE (1)
2026-05-18 04:07:48 Handler State: HANDLER_IDLE (1) -> HANDLER_START (2)
2026-05-18 04:07:49 Handler State: HANDLER_START (2) -> EXCHANGE_ONE (7)
2026-05-18 04:07:49 CartMove: Exchange 1, from 0
2026-05-18 04:07:49 CartMoveState: IDLE (1) -> TO_MOVE (10)
2026-05-18 04:07:50 CartMoveState: TO_MOVE (10) -> EXCH_1_WAIT (14)
2026-05-18 04:07:50 Handler State: EXCHANGE_ONE (7) -> START_DCU (8)
2026-05-18 04:07:50 Handler State: START_DCU (8) -> EXCHANGE_TWO (9)
2026-05-18 04:07:50 CartMove: Exchange 2
2026-05-18 04:07:59 CartMoveState: EXCH_1_WAIT (14) -> EXCH_1_CART (15)
2026-05-18 04:08:02 CartMoveState: EXCH_1_CART (15) -> STORE_DECIDE (18)
2026-05-18 04:08:02 Used volume for last job: 23.4331
2026-05-18 04:08:02 Handler State: EXCHANGE_TWO (9) -> WAIT_FOR_DCU (10)
2026-05-18 04:08:03 Handler State: WAIT_FOR_DCU (10) -> EXCHANGE_THREE (11)
2026-05-18 04:08:03 CartMove: Exchange 3
2026-05-18 04:08:03 CartMoveState: STORE_DECIDE (18) -> AUX_DECIDE (5)
2026-05-18 04:08:03 CartMoveState: AUX_DECIDE (5) -> TO_MOVE (10)
2026-05-18 04:08:05 CartMoveState: TO_MOVE (10) -> TO_CART (11)
2026-05-18 04:08:07 CartMoveState: TO_CART (11) -> HOME_MOVE (12)
2026-05-18 04:08:08 CartMoveState: HOME_MOVE (12) -> HALT (13)
2026-05-18 04:08:08 CartMoveState: HALT (13) -> IDLE (1)
2026-05-18 04:08:08 Handler State: EXCHANGE_THREE (11) -> POST_PROCESS (12)
2026-05-18 04:08:08 Handler State: POST_PROCESS (12) -> MOVE_ARM_HOME (14)
2026-05-18 04:08:08 Handler State: MOVE_ARM_HOME (14) -> HANDLER_IDLE (1)
2026-05-18 04:08:12 Handler State: HANDLER_IDLE (1) -> SEMI_START (15)
2026-05-18 04:08:12 Handler State: SEMI_START (15) -> SEMI_PROBE_CART (25)
2026-05-18 04:08:16 Handler State: SEMI_PROBE_CART (25) -> SEMI_PROCESS (16)
2026-05-18 04:09:37 Re-Calculated Filling Volume: 0
2026-05-18 04:09:44 Setting CBS color valve (Finished): 0
2026-05-18 04:09:44 Handler State: SEMI_PROCESS (16) -> SEMI_WHAT_NEXT (21)
2026-05-18 04:09:44 Handler State: SEMI_WHAT_NEXT (21) -> SEMI_START (15)
2026-05-18 04:09:44 Handler State: SEMI_START (15) -> SEMI_TO_STORE (17)
2026-05-18 04:09:44 CartMove: Move, from 103 to 108
2026-05-18 04:09:44 CartMoveState: IDLE (1) -> FROM_MOVE (3)
2026-05-18 04:09:45 CartMoveState: FROM_MOVE (3) -> FROM_CART (4)
2026-05-18 04:09:48 CartMoveState: FROM_CART (4) -> AUX_DECIDE (5)
2026-05-18 04:09:48 CartMoveState: AUX_DECIDE (5) -> TO_MOVE (10)
2026-05-18 04:09:50 CartMoveState: TO_MOVE (10) -> TO_CART (11)
2026-05-18 04:09:52 CartMoveState: TO_CART (11) -> HOME_MOVE (12)
2026-05-18 04:09:53 CartMoveState: HOME_MOVE (12) -> HALT (13)
2026-05-18 04:09:53 CartMoveState: HALT (13) -> IDLE (1)
2026-05-18 04:09:53 Handler State: SEMI_TO_STORE (17) -> SEMI_TO_IFS (18)
2026-05-18 04:09:53 CartMove: Move, from 106 to 103
2026-05-18 04:09:53 CartMoveState: IDLE (1) -> FROM_MOVE (3)
2026-05-18 04:09:55 CartMoveState: FROM_MOVE (3) -> FROM_CART (4)
2026-05-18 04:09:57 CartMoveState: FROM_CART (4) -> AUX_DECIDE (5)
2026-05-18 04:09:57 CartMoveState: AUX_DECIDE (5) -> TO_MOVE (10)
2026-05-18 04:09:59 CartMoveState: TO_MOVE (10) -> TO_CART (11)
2026-05-18 04:10:01 CartMoveState: TO_CART (11) -> HOME_MOVE (12)
2026-05-18 04:10:01 CartMoveState: HOME_MOVE (12) -> HALT (13)
2026-05-18 04:10:01 CartMoveState: HALT (13) -> IDLE (1)
2026-05-18 04:10:01 Handler State: SEMI_TO_IFS (18) -> SEMI_PROBE_CART (25)
2026-05-18 04:10:04 Handler State: SEMI_PROBE_CART (25) -> SEMI_PROCESS (16)
2026-05-18 04:10:27 Re-Calculated Filling Volume: 0
2026-05-18 04:10:33 Setting CBS color valve (Finished): 0
2026-05-18 04:10:33 Handler State: SEMI_PROCESS (16) -> SEMI_FROM_IFS (20)
2026-05-18 04:10:33 CartMove: Move, from 103 to 106
2026-05-18 04:10:33 CartMoveState: IDLE (1) -> FROM_MOVE (3)
2026-05-18 04:10:33 CartMoveState: FROM_MOVE (3) -> FROM_CART (4)
2026-05-18 04:10:36 CartMoveState: FROM_CART (4) -> AUX_DECIDE (5)
2026-05-18 04:10:36 CartMoveState: AUX_DECIDE (5) -> TO_MOVE (10)
2026-05-18 04:10:37 CartMoveState: TO_MOVE (10) -> TO_CART (11)
2026-05-18 04:10:40 CartMoveState: TO_CART (11) -> HOME_MOVE (12)
2026-05-18 04:10:41 CartMoveState: HOME_MOVE (12) -> HALT (13)
2026-05-18 04:10:41 CartMoveState: HALT (13) -> IDLE (1)
2026-05-18 04:10:41 Handler State: SEMI_FROM_IFS (20) -> SEMI_FROM_STORE (19)
2026-05-18 04:10:41 CartMove: Move, from 108 to 103
2026-05-18 04:10:41 CartMoveState: IDLE (1) -> FROM_MOVE (3)
2026-05-18 04:10:42 CartMoveState: FROM_MOVE (3) -> FROM_CART (4)
2026-05-18 04:10:45 CartMoveState: FROM_CART (4) -> AUX_DECIDE (5)
2026-05-18 04:10:45 CartMoveState: AUX_DECIDE (5) -> TO_MOVE (10)
2026-05-18 04:10:47 CartMoveState: TO_MOVE (10) -> TO_CART (11)
2026-05-18 04:10:49 CartMoveState: TO_CART (11) -> HOME_MOVE (12)
2026-05-18 04:10:49 CartMoveState: HOME_MOVE (12) -> HALT (13)
2026-05-18 04:10:49 CartMoveState: HALT (13) -> IDLE (1)
2026-05-18 04:10:49 Handler State: SEMI_FROM_STORE (19) -> SEMI_WHAT_NEXT (21)
2026-05-18 04:10:49 Handler State: SEMI_WHAT_NEXT (21) -> SEMI_START (15)
2026-05-18 04:10:49 Handler State: SEMI_START (15) -> SEMI_TO_STORE (17)
2026-05-18 04:10:49 CartMove: Move, from 104 to 108
2026-05-18 04:10:49 CartMoveState: IDLE (1) -> FROM_MOVE (3)
2026-05-18 04:10:50 CartMoveState: FROM_MOVE (3) -> FROM_CART (4)
2026-05-18 04:10:53 CartMoveState: FROM_CART (4) -> AUX_DECIDE (5)
2026-05-18 04:10:53 CartMoveState: AUX_DECIDE (5) -> TO_MOVE (10)
2026-05-18 04:10:55 CartMoveState: TO_MOVE (10) -> TO_CART (11)
2026-05-18 04:10:57 CartMoveState: TO_CART (11) -> HOME_MOVE (12)
2026-05-18 04:10:59 CartMoveState: HOME_MOVE (12) -> HALT (13)
2026-05-18 04:10:59 CartMoveState: HALT (13) -> IDLE (1)
2026-05-18 04:10:59 Handler State: SEMI_TO_STORE (17) -> SEMI_TO_IFS (18)
2026-05-18 04:10:59 CartMove: Move, from 107 to 104
2026-05-18 04:10:59 CartMoveState: IDLE (1) -> FROM_MOVE (3)
2026-05-18 04:11:00 CartMoveState: FROM_MOVE (3) -> FROM_CART (4)
2026-05-18 04:11:03 CartMoveState: FROM_CART (4) -> AUX_DECIDE (5)
2026-05-18 04:11:03 CartMoveState: AUX_DECIDE (5) -> TO_MOVE (10)
2026-05-18 04:11:04 CartMoveState: TO_MOVE (10) -> TO_CART (11)
2026-05-18 04:11:06 CartMoveState: TO_CART (11) -> HOME_MOVE (12)
2026-05-18 04:11:07 CartMoveState: HOME_MOVE (12) -> HALT (13)
2026-05-18 04:11:07 CartMoveState: HALT (13) -> IDLE (1)
2026-05-18 04:11:07 Handler State: SEMI_TO_IFS (18) -> SEMI_PROBE_CART (25)
2026-05-18 04:11:11 Handler State: SEMI_PROBE_CART (25) -> SEMI_PROCESS (16)
2026-05-18 04:11:35 Re-Calculated Filling Volume: 0
2026-05-18 04:11:40 Setting CBS color valve (Finished): 0
2026-05-18 04:11:40 Handler State: SEMI_PROCESS (16) -> SEMI_FROM_IFS (20)
2026-05-18 04:11:40 CartMove: Move, from 104 to 107
2026-05-18 04:11:40 CartMoveState: IDLE (1) -> FROM_MOVE (3)
2026-05-18 04:11:40 CartMoveState: FROM_MOVE (3) -> FROM_CART (4)
2026-05-18 04:11:43 CartMoveState: FROM_CART (4) -> AUX_DECIDE (5)
2026-05-18 04:11:43 CartMoveState: AUX_DECIDE (5) -> TO_MOVE (10)
2026-05-18 04:11:45 CartMoveState: TO_MOVE (10) -> TO_CART (11)
2026-05-18 04:11:47 CartMoveState: TO_CART (11) -> HOME_MOVE (12)
2026-05-18 04:11:48 CartMoveState: HOME_MOVE (12) -> HALT (13)
2026-05-18 04:11:48 CartMoveState: HALT (13) -> IDLE (1)
2026-05-18 04:11:48 Handler State: SEMI_FROM_IFS (20) -> SEMI_FROM_STORE (19)
2026-05-18 04:11:48 CartMove: Move, from 108 to 104
2026-05-18 04:11:48 CartMoveState: IDLE (1) -> FROM_MOVE (3)
2026-05-18 04:11:50 CartMoveState: FROM_MOVE (3) -> FROM_CART (4)
2026-05-18 04:11:53 CartMoveState: FROM_CART (4) -> AUX_DECIDE (5)
2026-05-18 04:11:53 CartMoveState: AUX_DECIDE (5) -> TO_MOVE (10)
2026-05-18 04:11:54 CartMoveState: TO_MOVE (10) -> TO_CART (11)
2026-05-18 04:11:57 CartMoveState: TO_CART (11) -> HOME_MOVE (12)
2026-05-18 04:11:57 CartMoveState: HOME_MOVE (12) -> HALT (13)
2026-05-18 04:11:57 CartMoveState: HALT (13) -> IDLE (1)
2026-05-18 04:11:57 Handler State: SEMI_FROM_STORE (19) -> SEMI_WHAT_NEXT (21)
2026-05-18 04:11:57 Handler State: SEMI_WHAT_NEXT (21) -> SEMI_START (15)
2026-05-18 04:11:57 Handler State: SEMI_START (15) -> SEMI_TO_STORE (17)
2026-05-18 04:11:57 CartMove: Move, from 102 to 108
2026-05-18 04:11:57 CartMoveState: IDLE (1) -> FROM_MOVE (3)
2026-05-18 04:11:58 CartMoveState: FROM_MOVE (3) -> FROM_CART (4)
2026-05-18 04:12:00 CartMoveState: FROM_CART (4) -> AUX_DECIDE (5)
2026-05-18 04:12:00 CartMoveState: AUX_DECIDE (5) -> TO_MOVE (10)
2026-05-18 04:12:02 CartMoveState: TO_MOVE (10) -> TO_CART (11)
2026-05-18 04:12:04 CartMoveState: TO_CART (11) -> HOME_MOVE (12)
2026-05-18 04:12:06 CartMoveState: HOME_MOVE (12) -> HALT (13)
2026-05-18 04:12:06 CartMoveState: HALT (13) -> IDLE (1)
2026-05-18 04:12:06 Handler State: SEMI_TO_STORE (17) -> SEMI_TO_IFS (18)
2026-05-18 04:12:06 CartMove: Move, from 105 to 102
2026-05-18 04:12:06 CartMoveState: IDLE (1) -> FROM_MOVE (3)
2026-05-18 04:12:07 CartMoveState: FROM_MOVE (3) -> FROM_CART (4)
2026-05-18 04:12:10 CartMoveState: FROM_CART (4) -> AUX_DECIDE (5)
2026-05-18 04:12:10 CartMoveState: AUX_DECIDE (5) -> TO_MOVE (10)
2026-05-18 04:12:11 CartMoveState: TO_MOVE (10) -> TO_CART (11)
2026-05-18 04:12:14 CartMoveState: TO_CART (11) -> HOME_MOVE (12)
2026-05-18 04:12:15 CartMoveState: HOME_MOVE (12) -> HALT (13)
2026-05-18 04:12:15 CartMoveState: HALT (13) -> IDLE (1)
2026-05-18 04:12:15 Handler State: SEMI_TO_IFS (18) -> SEMI_PROBE_CART (25)
2026-05-18 04:12:18 Handler State: SEMI_PROBE_CART (25) -> SEMI_PROCESS (16)
2026-05-18 04:14:13 Re-Calculated Filling Volume: 0
2026-05-18 04:14:20 Setting CBS color valve (Finished): 0
2026-05-18 04:14:20 Handler State: SEMI_PROCESS (16) -> SEMI_FROM_IFS (20)
2026-05-18 04:14:20 CartMove: Move, from 102 to 105
2026-05-18 04:14:20 CartMoveState: IDLE (1) -> FROM_MOVE (3)
2026-05-18 04:14:20 CartMoveState: FROM_MOVE (3) -> FROM_CART (4)
2026-05-18 04:14:23 CartMoveState: FROM_CART (4) -> AUX_DECIDE (5)
2026-05-18 04:14:23 CartMoveState: AUX_DECIDE (5) -> TO_MOVE (10)
2026-05-18 04:14:24 CartMoveState: TO_MOVE (10) -> TO_CART (11)
2026-05-18 04:14:26 CartMoveState: TO_CART (11) -> HOME_MOVE (12)
2026-05-18 04:14:27 CartMoveState: HOME_MOVE (12) -> HALT (13)
2026-05-18 04:14:27 CartMoveState: HALT (13) -> IDLE (1)
2026-05-18 04:14:27 Handler State: SEMI_FROM_IFS (20) -> SEMI_FROM_STORE (19)
2026-05-18 04:14:27 CartMove: Move, from 108 to 102
2026-05-18 04:14:27 CartMoveState: IDLE (1) -> FROM_MOVE (3)
2026-05-18 04:14:29 CartMoveState: FROM_MOVE (3) -> FROM_CART (4)
2026-05-18 04:14:32 CartMoveState: FROM_CART (4) -> AUX_DECIDE (5)
2026-05-18 04:14:32 CartMoveState: AUX_DECIDE (5) -> TO_MOVE (10)
2026-05-18 04:14:34 CartMoveState: TO_MOVE (10) -> TO_CART (11)
2026-05-18 04:14:36 CartMoveState: TO_CART (11) -> HOME_MOVE (12)
2026-05-18 04:14:37 CartMoveState: HOME_MOVE (12) -> HALT (13)
2026-05-18 04:14:37 CartMoveState: HALT (13) -> IDLE (1)
2026-05-18 04:14:37 Handler State: SEMI_FROM_STORE (19) -> SEMI_WHAT_NEXT (21)
2026-05-18 04:14:37 Handler State: SEMI_WHAT_NEXT (21) -> SEMI_START (15)
2026-05-18 04:14:37 Handler State: SEMI_START (15) -> SEMI_PROBE_CART (25)
2026-05-18 04:14:40 Handler State: SEMI_PROBE_CART (25) -> SEMI_PROCESS (16)
2026-05-18 04:15:04 Re-Calculated Filling Volume: 0
2026-05-18 04:15:10 Setting CBS color valve (Finished): 0
2026-05-18 04:15:10 Handler State: SEMI_PROCESS (16) -> SEMI_WHAT_NEXT (21)
2026-05-18 04:15:10 Handler State: SEMI_WHAT_NEXT (21) -> SEMI_START (15)
2026-05-18 04:15:10 Handler State: SEMI_START (15) -> SEMI_PROBE_CART (25)
2026-05-18 04:15:13 Handler State: SEMI_PROBE_CART (25) -> SEMI_PROCESS (16)
2026-05-18 04:15:37 Re-Calculated Filling Volume: 0
2026-05-18 04:15:43 Setting CBS color valve (Finished): 0
2026-05-18 04:15:43 Handler State: SEMI_PROCESS (16) -> SEMI_WHAT_NEXT (21)
2026-05-18 04:15:43 Handler State: SEMI_WHAT_NEXT (21) -> SEMI_FINISHED (23)
2026-05-18 04:15:44 Handler State: SEMI_FINISHED (23) -> HANDLER_IDLE (1)
2026-05-18 06:12:41 Handler State: HANDLER_IDLE (1) -> HANDLER_START (2)
2026-05-18 06:12:42 Handler State: HANDLER_START (2) -> DECIDE_CART (3)
2026-05-18 06:12:42 Selection: IFS is clean and its cartridge is cleaned.
2026-05-18 06:12:42 Selected Primary Cartridge: 1
2026-05-18 06:12:42 Selected Primary Station: 102
2026-05-18 06:12:42 Selected Secondary Cartridge: 0
2026-05-18 06:12:42 Selected Secondary Station: 0
2026-05-18 06:12:42 Selected Filling Volume: 234
2026-05-18 06:12:42 Handler State: DECIDE_CART (3) -> CHECK_SEC_CART (26)
2026-05-18 06:12:42 Handler State: CHECK_SEC_CART (26) -> PROBE_CART (24)
2026-05-18 06:12:42 CartMove: Exchange 1, from 102
2026-05-18 06:12:42 CartMoveState: IDLE (1) -> FROM_MOVE (3)
2026-05-18 06:12:43 CartMoveState: FROM_MOVE (3) -> FROM_PROBE (19)
2026-05-18 06:12:45 Handler State: PROBE_CART (24) -> PROCESS_CART (6)
2026-05-18 06:12:45 Setting CBS color valve (FillIFS): 1
2026-05-18 06:12:46 Primed volume (FillIFS): 1.11412
2026-05-18 06:12:46 Re-Calculated Filling Volume: 234
2026-05-18 06:12:46 Setting CBS color valve (FillCart): 1
2026-05-18 06:13:01 Handler State: PROCESS_CART (6) -> EXCHANGE_ONE (7)
2026-05-18 06:13:01 CartMove: Exchange 1, from 102
2026-05-18 06:13:01 CartMoveState: FROM_PROBE (19) -> FROM_CART (4)
2026-05-18 06:13:08 Setting CBS color valve (Finished): 0
2026-05-18 06:13:10 CartMoveState: FROM_CART (4) -> TO_MOVE (10)
2026-05-18 06:13:11 CartMoveState: TO_MOVE (10) -> EXCH_1_WAIT (14)
2026-05-18 06:13:11 Handler State: EXCHANGE_ONE (7) -> START_DCU (8)
2026-05-18 06:13:11 Handler State: START_DCU (8) -> EXCHANGE_TWO (9)
2026-05-18 06:13:11 CartMove: Exchange 2
2026-05-18 06:13:11 CartMoveState: EXCH_1_WAIT (14) -> EXCH_1_CART (15)
2026-05-18 06:13:14 CartMoveState: EXCH_1_CART (15) -> EXCH_2_MOVE (16)
2026-05-18 06:13:14 CartMoveState: EXCH_2_MOVE (16) -> EXCH_2_CART (17)
2026-05-18 06:13:16 CartMoveState: EXCH_2_CART (17) -> HOME_MOVE (12)
2026-05-18 06:13:16 Handler State: EXCHANGE_TWO (9) -> WAIT_FOR_DCU (10)
2026-05-18 06:13:18 Handler State: WAIT_FOR_DCU (10) -> EXCHANGE_THREE (11)
2026-05-18 06:13:18 CartMove: Exchange 3
2026-05-18 06:13:18 CartMoveState: HOME_MOVE (12) -> HALT (13)
2026-05-18 06:13:18 CartMoveState: HALT (13) -> IDLE (1)
2026-05-18 06:13:18 Handler State: EXCHANGE_THREE (11) -> POST_PROCESS (12)
2026-05-18 06:13:18 Handler State: POST_PROCESS (12) -> MOVE_ARM_HOME (14)
2026-05-18 06:13:18 Handler State: MOVE_ARM_HOME (14) -> HANDLER_IDLE (1)
2026-05-18 06:17:49 Handler State: HANDLER_IDLE (1) -> HANDLER_START (2)
2026-05-18 06:17:50 Handler State: HANDLER_START (2) -> DECIDE_CART (3)
2026-05-18 06:17:50 Selection: IFS has correct material.
2026-05-18 06:17:50 Selection: Cartridge is clean.
2026-05-18 06:17:50 Selected Primary Cartridge: 4
2026-05-18 06:17:50 Selected Primary Station: 102
2026-05-18 06:17:50 Selected Secondary Cartridge: 0
2026-05-18 06:17:50 Selected Secondary Station: 0
2026-05-18 06:17:50 Selected Filling Volume: 194
2026-05-18 06:17:50 Handler State: DECIDE_CART (3) -> PLACE_CART (5)
2026-05-18 06:17:50 CartMove: Move, from 105 to 102
2026-05-18 06:17:50 CartMoveState: IDLE (1) -> FROM_MOVE (3)
2026-05-18 06:17:51 CartMoveState: FROM_MOVE (3) -> FROM_CART (4)
2026-05-18 06:17:54 CartMoveState: FROM_CART (4) -> AUX_DECIDE (5)
2026-05-18 06:17:54 CartMoveState: AUX_DECIDE (5) -> TO_MOVE (10)
2026-05-18 06:17:56 CartMoveState: TO_MOVE (10) -> TO_CART (11)
2026-05-18 06:17:58 CartMoveState: TO_CART (11) -> HOME_MOVE (12)
2026-05-18 06:17:59 CartMoveState: HOME_MOVE (12) -> HALT (13)
2026-05-18 06:17:59 CartMoveState: HALT (13) -> IDLE (1)
2026-05-18 06:17:59 Handler State: PLACE_CART (5) -> CHECK_SEC_CART (26)
2026-05-18 06:17:59 Handler State: CHECK_SEC_CART (26) -> PROBE_CART (24)
2026-05-18 06:17:59 CartMove: Exchange 1, from 102
2026-05-18 06:17:59 CartMoveState: IDLE (1) -> FROM_MOVE (3)
2026-05-18 06:18:00 CartMoveState: FROM_MOVE (3) -> FROM_PROBE (19)
2026-05-18 06:18:01 Handler State: PROBE_CART (24) -> PROCESS_CART (6)
2026-05-18 06:18:01 Setting CBS color valve (FillGate): 1
2026-05-18 06:18:02 Primed volume (FillGate): 1.30646
2026-05-18 06:18:02 Re-Calculated Filling Volume: 194
2026-05-18 06:18:02 Setting CBS color valve (FillCart): 1
2026-05-18 06:18:16 Handler State: PROCESS_CART (6) -> EXCHANGE_ONE (7)
2026-05-18 06:18:16 CartMove: Exchange 1, from 102
2026-05-18 06:18:16 CartMoveState: FROM_PROBE (19) -> FROM_CART (4)
2026-05-18 06:18:23 Setting CBS color valve (Finished): 0
2026-05-18 06:18:25 CartMoveState: FROM_CART (4) -> TO_MOVE (10)
2026-05-18 06:18:26 CartMoveState: TO_MOVE (10) -> EXCH_1_WAIT (14)
2026-05-18 06:18:26 Handler State: EXCHANGE_ONE (7) -> START_DCU (8)
2026-05-18 06:19:28 Handler State: START_DCU (8) -> EXCHANGE_TWO (9)
2026-05-18 06:19:28 CartMove: Exchange 2
2026-05-18 06:19:29 CartMoveState: EXCH_1_WAIT (14) -> EXCH_1_CART (15)
2026-05-18 06:19:32 CartMoveState: EXCH_1_CART (15) -> EXCH_2_MOVE (16)
2026-05-18 06:19:33 CartMoveState: EXCH_2_MOVE (16) -> EXCH_2_CART (17)
2026-05-18 06:19:35 CartMoveState: EXCH_2_CART (17) -> STORE_DECIDE (18)
2026-05-18 06:19:35 Used volume for last job: 0
2026-05-18 06:19:35 Handler State: EXCHANGE_TWO (9) -> WAIT_FOR_DCU (10)
2026-05-18 06:19:37 Handler State: WAIT_FOR_DCU (10) -> EXCHANGE_THREE (11)
2026-05-18 06:19:37 CartMove: Exchange 3
2026-05-18 06:19:37 CartMoveState: STORE_DECIDE (18) -> AUX_DECIDE (5)
2026-05-18 06:19:37 CartMoveState: AUX_DECIDE (5) -> TO_MOVE (10)
2026-05-18 06:19:37 CartMoveState: TO_MOVE (10) -> TO_CART (11)
2026-05-18 06:19:40 CartMoveState: TO_CART (11) -> HOME_MOVE (12)
2026-05-18 06:19:40 CartMoveState: HOME_MOVE (12) -> HALT (13)
2026-05-18 06:19:40 CartMoveState: HALT (13) -> IDLE (1)
2026-05-18 06:19:40 Handler State: EXCHANGE_THREE (11) -> POST_PROCESS (12)
2026-05-18 06:19:40 Handler State: POST_PROCESS (12) -> MOVE_ARM_HOME (14)
2026-05-18 06:19:40 Handler State: MOVE_ARM_HOME (14) -> HANDLER_IDLE (1)
2026-05-18 06:21:24 Handler State: HANDLER_IDLE (1) -> SEMI_START (15)
2026-05-18 06:21:24 Handler State: SEMI_START (15) -> SEMI_PROBE_CART (25)
2026-05-18 06:21:27 Handler State: SEMI_PROBE_CART (25) -> SEMI_PROCESS (16)
2026-05-18 06:22:06 Re-Calculated Filling Volume: 0
2026-05-18 06:22:13 Setting CBS color valve (Finished): 0
2026-05-18 06:22:13 Handler State: SEMI_PROCESS (16) -> SEMI_WHAT_NEXT (21)
2026-05-18 06:22:13 Handler State: SEMI_WHAT_NEXT (21) -> SEMI_FINISHED (23)
2026-05-18 06:22:13 Handler State: SEMI_FINISHED (23) -> HANDLER_IDLE (1)
2026-05-18 06:23:12 Handler State: HANDLER_IDLE (1) -> HANDLER_START (2)
2026-05-18 06:23:13 Handler State: HANDLER_START (2) -> DECIDE_CART (3)
2026-05-18 06:23:13 Selection: IFS is clean and its cartridge is cleaned.
2026-05-18 06:23:13 Selected Primary Cartridge: 1
2026-05-18 06:23:13 Selected Primary Station: 102
2026-05-18 06:23:13 Selected Secondary Cartridge: 0
2026-05-18 06:23:13 Selected Secondary Station: 0
2026-05-18 06:23:13 Selected Filling Volume: 480
2026-05-18 06:23:13 Handler State: DECIDE_CART (3) -> CHECK_SEC_CART (26)
2026-05-18 06:23:13 Handler State: CHECK_SEC_CART (26) -> PROBE_CART (24)
2026-05-18 06:23:13 CartMove: Exchange 1, from 102
2026-05-18 06:23:13 CartMoveState: IDLE (1) -> FROM_MOVE (3)
2026-05-18 06:23:14 CartMoveState: FROM_MOVE (3) -> FROM_PROBE (19)
2026-05-18 06:23:16 Handler State: PROBE_CART (24) -> PROCESS_CART (6)
2026-05-18 06:23:16 Setting CBS color valve (FillIFS): 2
2026-05-18 06:23:17 Primed volume (FillIFS): 2.07942
2026-05-18 06:23:17 Re-Calculated Filling Volume: 480
2026-05-18 06:23:18 Setting CBS color valve (FillCart): 2
2026-05-18 06:23:39 Handler State: PROCESS_CART (6) -> EXCHANGE_ONE (7)
2026-05-18 06:23:39 CartMove: Exchange 1, from 102
2026-05-18 06:23:39 CartMoveState: FROM_PROBE (19) -> FROM_CART (4)
2026-05-18 06:23:46 Setting CBS color valve (Finished): 0
2026-05-18 06:23:47 CartMoveState: FROM_CART (4) -> TO_MOVE (10)
2026-05-18 06:23:48 CartMoveState: TO_MOVE (10) -> EXCH_1_WAIT (14)
2026-05-18 06:23:48 Handler State: EXCHANGE_ONE (7) -> START_DCU (8)
2026-05-18 06:23:49 Handler State: START_DCU (8) -> EXCHANGE_TWO (9)
2026-05-18 06:23:49 CartMove: Exchange 2
2026-05-18 06:23:49 CartMoveState: EXCH_1_WAIT (14) -> EXCH_1_CART (15)
2026-05-18 06:23:51 CartMoveState: EXCH_1_CART (15) -> EXCH_2_MOVE (16)
2026-05-18 06:23:52 CartMoveState: EXCH_2_MOVE (16) -> EXCH_2_CART (17)
2026-05-18 06:23:54 CartMoveState: EXCH_2_CART (17) -> STORE_DECIDE (18)
2026-05-18 06:23:54 Used volume for last job: 139.868
2026-05-18 06:23:54 Handler State: EXCHANGE_TWO (9) -> WAIT_FOR_DCU (10)
2026-05-18 06:23:56 Handler State: WAIT_FOR_DCU (10) -> EXCHANGE_THREE (11)
2026-05-18 06:23:56 CartMove: Exchange 3
2026-05-18 06:23:56 CartMoveState: STORE_DECIDE (18) -> AUX_DECIDE (5)
2026-05-18 06:23:56 CartMoveState: AUX_DECIDE (5) -> TO_MOVE (10)
2026-05-18 06:23:56 CartMoveState: TO_MOVE (10) -> TO_CART (11)
2026-05-18 06:23:58 CartMoveState: TO_CART (11) -> HOME_MOVE (12)
2026-05-18 06:23:58 CartMoveState: HOME_MOVE (12) -> HALT (13)
2026-05-18 06:23:58 CartMoveState: HALT (13) -> IDLE (1)
2026-05-18 06:23:58 Handler State: EXCHANGE_THREE (11) -> POST_PROCESS (12)
2026-05-18 06:23:58 Handler State: POST_PROCESS (12) -> MOVE_ARM_HOME (14)
2026-05-18 06:23:59 Handler State: MOVE_ARM_HOME (14) -> HANDLER_IDLE (1)
2026-05-18 06:26:37 Handler State: HANDLER_IDLE (1) -> HANDLER_START (2)
2026-05-18 06:26:38 Handler State: HANDLER_START (2) -> DECIDE_CART (3)
2026-05-18 06:26:38 Selection: IFS has correct material.
2026-05-18 06:26:38 Selection: Last resort, just pick the first cartridge.
2026-05-18 06:26:38 Selected Primary Cartridge: 4
2026-05-18 06:26:38 Selected Primary Station: 102
2026-05-18 06:26:38 Selected Secondary Cartridge: 0
2026-05-18 06:26:38 Selected Secondary Station: 0
2026-05-18 06:26:38 Selected Filling Volume: 470
2026-05-18 06:26:38 Handler State: DECIDE_CART (3) -> CHECK_SEC_CART (26)
2026-05-18 06:26:38 Handler State: CHECK_SEC_CART (26) -> PROBE_CART (24)
2026-05-18 06:26:38 CartMove: Exchange 1, from 102
2026-05-18 06:26:38 CartMoveState: IDLE (1) -> FROM_MOVE (3)
2026-05-18 06:26:39 CartMoveState: FROM_MOVE (3) -> FROM_PROBE (19)
2026-05-18 06:26:41 Handler State: PROBE_CART (24) -> PROCESS_CART (6)
2026-05-18 06:27:14 Setting CBS color valve (FillGate): 2
2026-05-18 06:27:15 Primed volume (FillGate): 1.44532
2026-05-18 06:27:15 Re-Calculated Filling Volume: 470
2026-05-18 06:27:15 Setting CBS color valve (FillCart): 2
2026-05-18 06:27:36 Handler State: PROCESS_CART (6) -> EXCHANGE_ONE (7)
2026-05-18 06:27:36 CartMove: Exchange 1, from 102
2026-05-18 06:27:36 CartMoveState: FROM_PROBE (19) -> FROM_CART (4)
2026-05-18 06:27:43 Setting CBS color valve (Finished): 0
2026-05-18 06:27:45 CartMoveState: FROM_CART (4) -> TO_MOVE (10)
2026-05-18 06:27:45 CartMoveState: TO_MOVE (10) -> EXCH_1_WAIT (14)
2026-05-18 06:27:45 Handler State: EXCHANGE_ONE (7) -> START_DCU (8)
2026-05-18 06:28:16 Handler State: START_DCU (8) -> EXCHANGE_TWO (9)
2026-05-18 06:28:16 CartMove: Exchange 2
2026-05-18 06:28:17 CartMoveState: EXCH_1_WAIT (14) -> EXCH_1_CART (15)
2026-05-18 06:28:20 CartMoveState: EXCH_1_CART (15) -> EXCH_2_MOVE (16)
2026-05-18 06:28:21 CartMoveState: EXCH_2_MOVE (16) -> EXCH_2_CART (17)
2026-05-18 06:28:23 CartMoveState: EXCH_2_CART (17) -> STORE_DECIDE (18)
2026-05-18 06:28:23 Used volume for last job: 0
2026-05-18 06:28:23 Handler State: EXCHANGE_TWO (9) -> WAIT_FOR_DCU (10)
2026-05-18 06:28:25 Handler State: WAIT_FOR_DCU (10) -> EXCHANGE_THREE (11)
2026-05-18 06:28:25 CartMove: Exchange 3
2026-05-18 06:28:25 CartMoveState: STORE_DECIDE (18) -> AUX_DECIDE (5)
2026-05-18 06:28:25 CartMoveState: AUX_DECIDE (5) -> TO_MOVE (10)
2026-05-18 06:28:25 CartMoveState: TO_MOVE (10) -> TO_CART (11)
2026-05-18 06:28:27 CartMoveState: TO_CART (11) -> HOME_MOVE (12)
2026-05-18 06:28:28 CartMoveState: HOME_MOVE (12) -> HALT (13)
2026-05-18 06:28:28 CartMoveState: HALT (13) -> IDLE (1)
2026-05-18 06:28:28 Handler State: EXCHANGE_THREE (11) -> POST_PROCESS (12)
2026-05-18 06:28:28 Handler State: POST_PROCESS (12) -> MOVE_ARM_HOME (14)
2026-05-18 06:28:28 Handler State: MOVE_ARM_HOME (14) -> HANDLER_IDLE (1)
2026-05-18 06:28:44 Handler State: HANDLER_IDLE (1) -> HANDLER_START (2)
2026-05-18 06:28:45 Handler State: HANDLER_START (2) -> DECIDE_CART (3)
2026-05-18 06:28:45 Selection: Last resort, just pick the first IFS.
2026-05-18 06:28:45 Selection: Last resort, just pick the first cartridge.
2026-05-18 06:28:45 Selected Primary Cartridge: 1
2026-05-18 06:28:45 Selected Primary Station: 102
2026-05-18 06:28:45 Selected Secondary Cartridge: 0
2026-05-18 06:28:45 Selected Secondary Station: 0
2026-05-18 06:28:45 Selected Filling Volume: 359
2026-05-18 06:28:45 Handler State: DECIDE_CART (3) -> CHECK_SEC_CART (26)
2026-05-18 06:28:45 Handler State: CHECK_SEC_CART (26) -> PROBE_CART (24)
2026-05-18 06:28:45 CartMove: Exchange 1, from 102
2026-05-18 06:28:45 CartMoveState: IDLE (1) -> FROM_MOVE (3)
2026-05-18 06:28:46 CartMoveState: FROM_MOVE (3) -> FROM_PROBE (19)
2026-05-18 06:28:47 Handler State: PROBE_CART (24) -> PROCESS_CART (6)
2026-05-18 06:29:32 Setting CBS color valve (FillIFS): 1
2026-05-18 06:29:33 Primed volume (FillIFS): 4.85982
2026-05-18 06:29:33 Re-Calculated Filling Volume: 359
2026-05-18 06:29:33 Setting CBS color valve (FillCart): 1
2026-05-18 06:29:52 Handler State: PROCESS_CART (6) -> EXCHANGE_ONE (7)
2026-05-18 06:29:52 CartMove: Exchange 1, from 102
2026-05-18 06:29:52 CartMoveState: FROM_PROBE (19) -> FROM_CART (4)
2026-05-18 06:29:59 Setting CBS color valve (Finished): 0
2026-05-18 06:30:01 CartMoveState: FROM_CART (4) -> TO_MOVE (10)
2026-05-18 06:30:02 CartMoveState: TO_MOVE (10) -> EXCH_1_WAIT (14)
2026-05-18 06:30:02 Handler State: EXCHANGE_ONE (7) -> START_DCU (8)
2026-05-18 06:30:02 Handler State: START_DCU (8) -> EXCHANGE_TWO (9)
2026-05-18 06:30:02 CartMove: Exchange 2
2026-05-18 06:30:09 CartMoveState: EXCH_1_WAIT (14) -> EXCH_1_CART (15)
2026-05-18 06:30:12 CartMoveState: EXCH_1_CART (15) -> EXCH_2_MOVE (16)
2026-05-18 06:30:13 CartMoveState: EXCH_2_MOVE (16) -> EXCH_2_CART (17)
2026-05-18 06:30:15 CartMoveState: EXCH_2_CART (17) -> STORE_DECIDE (18)
2026-05-18 06:30:15 Used volume for last job: 421.356
2026-05-18 06:30:15 Handler State: EXCHANGE_TWO (9) -> WAIT_FOR_DCU (10)
2026-05-18 06:30:16 Handler State: WAIT_FOR_DCU (10) -> EXCHANGE_THREE (11)
2026-05-18 06:30:16 CartMove: Exchange 3
2026-05-18 06:30:16 CartMoveState: STORE_DECIDE (18) -> AUX_DECIDE (5)
2026-05-18 06:30:16 CartMoveState: AUX_DECIDE (5) -> TO_MOVE (10)
2026-05-18 06:30:17 CartMoveState: TO_MOVE (10) -> TO_CART (11)
2026-05-18 06:30:19 CartMoveState: TO_CART (11) -> HOME_MOVE (12)
2026-05-18 06:30:19 CartMoveState: HOME_MOVE (12) -> HALT (13)
2026-05-18 06:30:19 CartMoveState: HALT (13) -> IDLE (1)
2026-05-18 06:30:19 Handler State: EXCHANGE_THREE (11) -> POST_PROCESS (12)
2026-05-18 06:30:19 Handler State: POST_PROCESS (12) -> MOVE_ARM_HOME (14)
2026-05-18 06:30:19 Handler State: MOVE_ARM_HOME (14) -> HANDLER_IDLE (1)
2026-05-18 06:31:54 Handler State: HANDLER_IDLE (1) -> HANDLER_START (2)
2026-05-18 06:31:55 Handler State: HANDLER_START (2) -> DECIDE_CART (3)
2026-05-18 06:31:55 Selection: IFS has correct material.
2026-05-18 06:31:55 Selection: Last resort, just pick the first cartridge.
2026-05-18 06:31:55 Selected Primary Cartridge: 4
2026-05-18 06:31:55 Selected Primary Station: 102
2026-05-18 06:31:55 Selected Secondary Cartridge: 0
2026-05-18 06:31:55 Selected Secondary Station: 0
2026-05-18 06:31:55 Selected Filling Volume: 306
2026-05-18 06:31:55 Handler State: DECIDE_CART (3) -> CHECK_SEC_CART (26)
2026-05-18 06:31:55 Handler State: CHECK_SEC_CART (26) -> PROBE_CART (24)
2026-05-18 06:31:55 CartMove: Exchange 1, from 102
2026-05-18 06:31:55 CartMoveState: IDLE (1) -> FROM_MOVE (3)
2026-05-18 06:31:56 CartMoveState: FROM_MOVE (3) -> FROM_PROBE (19)
2026-05-18 06:31:58 Handler State: PROBE_CART (24) -> PROCESS_CART (6)
2026-05-18 06:32:31 Setting CBS color valve (FillGate): 1
2026-05-18 06:32:32 Primed volume (FillGate): 2.63077
2026-05-18 06:32:32 Re-Calculated Filling Volume: 306
2026-05-18 06:32:32 Setting CBS color valve (FillCart): 1
2026-05-18 06:32:49 Handler State: PROCESS_CART (6) -> EXCHANGE_ONE (7)
2026-05-18 06:32:49 CartMove: Exchange 1, from 102
2026-05-18 06:32:49 CartMoveState: FROM_PROBE (19) -> FROM_CART (4)
2026-05-18 06:32:56 Setting CBS color valve (Finished): 0
2026-05-18 06:32:57 CartMoveState: FROM_CART (4) -> TO_MOVE (10)
2026-05-18 06:32:58 CartMoveState: TO_MOVE (10) -> EXCH_1_WAIT (14)
2026-05-18 06:32:58 Handler State: EXCHANGE_ONE (7) -> START_DCU (8)
2026-05-18 06:33:33 Handler State: START_DCU (8) -> EXCHANGE_TWO (9)
2026-05-18 06:33:33 CartMove: Exchange 2
2026-05-18 06:33:34 CartMoveState: EXCH_1_WAIT (14) -> EXCH_1_CART (15)
2026-05-18 06:33:37 CartMoveState: EXCH_1_CART (15) -> EXCH_2_MOVE (16)
2026-05-18 06:33:38 CartMoveState: EXCH_2_MOVE (16) -> EXCH_2_CART (17)
2026-05-18 06:33:40 CartMoveState: EXCH_2_CART (17) -> STORE_DECIDE (18)
2026-05-18 06:33:40 Used volume for last job: 0
2026-05-18 06:33:40 Handler State: EXCHANGE_TWO (9) -> WAIT_FOR_DCU (10)
2026-05-18 06:33:41 Handler State: WAIT_FOR_DCU (10) -> EXCHANGE_THREE (11)
2026-05-18 06:33:42 CartMove: Exchange 3
2026-05-18 06:33:42 CartMoveState: STORE_DECIDE (18) -> AUX_DECIDE (5)
2026-05-18 06:33:42 CartMoveState: AUX_DECIDE (5) -> TO_MOVE (10)
2026-05-18 06:33:42 CartMoveState: TO_MOVE (10) -> TO_CART (11)
2026-05-18 06:33:44 CartMoveState: TO_CART (11) -> HOME_MOVE (12)
2026-05-18 06:33:44 CartMoveState: HOME_MOVE (12) -> HALT (13)
2026-05-18 06:33:44 CartMoveState: HALT (13) -> IDLE (1)
2026-05-18 06:33:44 Handler State: EXCHANGE_THREE (11) -> POST_PROCESS (12)
2026-05-18 06:33:44 Handler State: POST_PROCESS (12) -> MOVE_ARM_HOME (14)
2026-05-18 06:33:44 Handler State: MOVE_ARM_HOME (14) -> HANDLER_IDLE (1)
2026-05-18 06:34:01 Handler State: HANDLER_IDLE (1) -> HANDLER_START (2)
2026-05-18 06:34:02 Handler State: HANDLER_START (2) -> DECIDE_CART (3)
2026-05-18 06:34:02 Selection: IFS is clean and its cartridge is cleaned.
2026-05-18 06:34:02 Selected Primary Cartridge: 6
2026-05-18 06:34:02 Selected Primary Station: 104
2026-05-18 06:34:02 Selected Secondary Cartridge: 0
2026-05-18 06:34:02 Selected Secondary Station: 0
2026-05-18 06:34:02 Selected Filling Volume: 453
2026-05-18 06:34:02 Handler State: DECIDE_CART (3) -> CHECK_SEC_CART (26)
2026-05-18 06:34:02 Handler State: CHECK_SEC_CART (26) -> PROBE_CART (24)
2026-05-18 06:34:02 CartMove: Exchange 1, from 104
2026-05-18 06:34:02 CartMoveState: IDLE (1) -> FROM_MOVE (3)
2026-05-18 06:34:03 CartMoveState: FROM_MOVE (3) -> FROM_PROBE (19)
2026-05-18 06:34:05 Handler State: PROBE_CART (24) -> PROCESS_CART (6)
2026-05-18 06:34:05 Setting CBS color valve (FillIFS): 1
2026-05-18 06:34:08 Primed volume (FillIFS): 0.00759239
2026-05-18 06:34:08 Re-Calculated Filling Volume: 453
2026-05-18 06:34:08 Setting CBS color valve (FillCart): 1
2026-05-18 06:34:29 Handler State: PROCESS_CART (6) -> EXCHANGE_ONE (7)
2026-05-18 06:34:29 CartMove: Exchange 1, from 104
2026-05-18 06:34:29 CartMoveState: FROM_PROBE (19) -> FROM_CART (4)
2026-05-18 06:34:35 Setting CBS color valve (Finished): 0
2026-05-18 06:34:37 CartMoveState: FROM_CART (4) -> TO_MOVE (10)
2026-05-18 06:34:38 CartMoveState: TO_MOVE (10) -> EXCH_1_WAIT (14)
2026-05-18 06:34:38 Handler State: EXCHANGE_ONE (7) -> START_DCU (8)
2026-05-18 06:35:14 Handler State: START_DCU (8) -> EXCHANGE_TWO (9)
2026-05-18 06:35:14 CartMove: Exchange 2
2026-05-18 06:35:25 CartMoveState: EXCH_1_WAIT (14) -> EXCH_1_CART (15)
2026-05-18 06:35:28 CartMoveState: EXCH_1_CART (15) -> EXCH_2_MOVE (16)
2026-05-18 06:35:29 CartMoveState: EXCH_2_MOVE (16) -> EXCH_2_CART (17)
2026-05-18 06:35:31 CartMoveState: EXCH_2_CART (17) -> STORE_DECIDE (18)
2026-05-18 06:35:31 Used volume for last job: 257.052
2026-05-18 06:35:31 Handler State: EXCHANGE_TWO (9) -> WAIT_FOR_DCU (10)
2026-05-18 06:35:32 Handler State: WAIT_FOR_DCU (10) -> EXCHANGE_THREE (11)
2026-05-18 06:35:32 CartMove: Exchange 3
2026-05-18 06:35:32 CartMoveState: STORE_DECIDE (18) -> AUX_DECIDE (5)
2026-05-18 06:35:32 CartMoveState: AUX_DECIDE (5) -> TO_MOVE (10)
2026-05-18 06:35:34 CartMoveState: TO_MOVE (10) -> TO_CART (11)
2026-05-18 06:35:36 CartMoveState: TO_CART (11) -> HOME_MOVE (12)
2026-05-18 06:35:37 CartMoveState: HOME_MOVE (12) -> HALT (13)
2026-05-18 06:35:37 CartMoveState: HALT (13) -> IDLE (1)
2026-05-18 06:35:37 Handler State: EXCHANGE_THREE (11) -> POST_PROCESS (12)
2026-05-18 06:35:37 Handler State: POST_PROCESS (12) -> MOVE_ARM_HOME (14)
2026-05-18 06:35:37 Handler State: MOVE_ARM_HOME (14) -> HANDLER_IDLE (1)
2026-05-18 06:42:19 Handler State: HANDLER_IDLE (1) -> HANDLER_START (2)
2026-05-18 06:42:20 Handler State: HANDLER_START (2) -> DECIDE_CART (3)
2026-05-18 06:42:20 Selection: IFS has correct material.
2026-05-18 06:42:20 Selection: Cartridge is clean.
2026-05-18 06:42:20 Selected Primary Cartridge: 3
2026-05-18 06:42:20 Selected Primary Station: 104
2026-05-18 06:42:20 Selected Secondary Cartridge: 0
2026-05-18 06:42:20 Selected Secondary Station: 0
2026-05-18 06:42:20 Selected Filling Volume: 477
2026-05-18 06:42:20 Handler State: DECIDE_CART (3) -> PLACE_CART (5)
2026-05-18 06:42:20 CartMove: Move, from 107 to 104
2026-05-18 06:42:20 CartMoveState: IDLE (1) -> FROM_MOVE (3)
2026-05-18 06:42:21 CartMoveState: FROM_MOVE (3) -> FROM_CART (4)
2026-05-18 06:42:24 CartMoveState: FROM_CART (4) -> AUX_DECIDE (5)
2026-05-18 06:42:24 CartMoveState: AUX_DECIDE (5) -> TO_MOVE (10)
2026-05-18 06:42:26 CartMoveState: TO_MOVE (10) -> TO_CART (11)
2026-05-18 06:42:28 CartMoveState: TO_CART (11) -> HOME_MOVE (12)
2026-05-18 06:42:29 CartMoveState: HOME_MOVE (12) -> HALT (13)
2026-05-18 06:42:29 CartMoveState: HALT (13) -> IDLE (1)
2026-05-18 06:42:29 Handler State: PLACE_CART (5) -> CHECK_SEC_CART (26)
2026-05-18 06:42:29 Handler State: CHECK_SEC_CART (26) -> PROBE_CART (24)
2026-05-18 06:42:29 CartMove: Exchange 1, from 104
2026-05-18 06:42:29 CartMoveState: IDLE (1) -> FROM_MOVE (3)
2026-05-18 06:42:30 CartMoveState: FROM_MOVE (3) -> FROM_PROBE (19)
2026-05-18 06:42:31 Handler State: PROBE_CART (24) -> PROCESS_CART (6)
2026-05-18 06:42:31 Setting CBS color valve (FillGate): 1
2026-05-18 06:42:33 Primed volume (FillGate): 1.0068
2026-05-18 06:42:33 Re-Calculated Filling Volume: 477
2026-05-18 06:42:33 Setting CBS color valve (FillCart): 1
2026-05-18 06:42:53 Handler State: PROCESS_CART (6) -> EXCHANGE_ONE (7)
2026-05-18 06:42:53 CartMove: Exchange 1, from 104
2026-05-18 06:42:53 CartMoveState: FROM_PROBE (19) -> FROM_CART (4)
2026-05-18 06:42:59 Setting CBS color valve (Finished): 0
