2026-05-14 00:57:13 StartA1Fluid: Start
2026-05-14 00:57:13 StartA1Fluid: End
2026-05-14 00:57:13 StartH1Fluid: Start
2026-05-14 00:57:13 StartH1Fluid: End
2026-05-14 00:57:18 POS DCU1 : 240.5, Target : 250.0.
2026-05-14 00:57:24 CloseA1Fluid: Start
2026-05-14 00:57:25 CloseA1Fluid: End
2026-05-14 00:57:25 FillDCU (Cycle) time: 13.103s
2026-05-14 00:57:25  mainFillDCU END
2026-05-14 01:05:56 StartA1Fluid: Start
2026-05-14 01:05:57 StartA1Fluid: End
2026-05-14 01:05:57 StartH1Fluid: Start
2026-05-14 01:05:57 StartH1Fluid: End
2026-05-14 01:06:01 POS DCU1 : 241.3, Target : 250.0.
2026-05-14 01:06:03 CloseA1Fluid: Start
2026-05-14 01:06:03 CloseA1Fluid: End
2026-05-14 01:06:03 FillDCU (Cycle) time: 7.895s
2026-05-14 01:06:03  mainFillDCU END
2026-05-14 01:09:27 StartA1Fluid: Start
2026-05-14 01:09:28 StartA1Fluid: End
2026-05-14 01:09:28 StartH1Fluid: Start
2026-05-14 01:09:28 StartH1Fluid: End
2026-05-14 01:09:33 POS DCU1 : 238.4, Target : 250.0.
2026-05-14 01:09:36 CloseA1Fluid: Start
2026-05-14 01:09:36 CloseA1Fluid: End
2026-05-14 01:09:36 FillDCU (Cycle) time: 10.25s
2026-05-14 01:09:36  mainFillDCU END
2026-05-14 01:11:41 --
2026-05-14 01:13:34 StartA1Fluid: Start
2026-05-14 01:13:35 StartA1Fluid: End
2026-05-14 01:13:35 StartH1Fluid: Start
2026-05-14 01:13:35 StartH1Fluid: End
2026-05-14 01:13:41 POS DCU1 : 239.5, Target : 250.0.
2026-05-14 01:13:46 CloseA1Fluid: Start
2026-05-14 01:13:46 CloseA1Fluid: End
2026-05-14 01:13:46 FillDCU (Cycle) time: 13.091s
2026-05-14 01:13:46  mainFillDCU END
2026-05-14 01:15:01 --
2026-05-14 01:16:43 StartA1Fluid: Start
2026-05-14 01:16:43 StartA1Fluid: End
2026-05-14 01:16:43 StartH1Fluid: Start
2026-05-14 01:16:43 StartH1Fluid: End
2026-05-14 01:16:48 POS DCU1 : 243.2, Target : 250.0.
2026-05-14 01:16:54 CloseA1Fluid: Start
2026-05-14 01:16:55 CloseA1Fluid: End
2026-05-14 01:16:55 FillDCU (Cycle) time: 13.19s
2026-05-14 01:16:55  mainFillDCU END
2026-05-14 01:18:49 StartA1Fluid: Start
2026-05-14 01:18:49 StartA1Fluid: End
2026-05-14 01:18:49 StartH1Fluid: Start
2026-05-14 01:18:50 StartH1Fluid: End
2026-05-14 01:18:53 POS DCU1 : 240.3, Target : 250.0.
2026-05-14 01:18:54 CloseA1Fluid: Start
2026-05-14 01:18:54 CloseA1Fluid: End
2026-05-14 01:18:54 FillDCU (Cycle) time: 6.588s
2026-05-14 01:18:54  mainFillDCU END
2026-05-14 01:20:50 --
2026-05-14 01:21:17 StartA1Fluid: Start
2026-05-14 01:21:18 StartA1Fluid: End
2026-05-14 01:21:18 StartH1Fluid: Start
2026-05-14 01:21:18 StartH1Fluid: End
2026-05-14 01:21:21 POS DCU1 : 241.9, Target : 250.0.
2026-05-14 01:21:23 CloseA1Fluid: Start
2026-05-14 01:21:23 CloseA1Fluid: End
2026-05-14 01:21:23 FillDCU (Cycle) time: 7.077s
2026-05-14 01:21:23  mainFillDCU END
2026-05-14 01:26:25 StartA1Fluid: Start
2026-05-14 01:26:25 StartA1Fluid: End
2026-05-14 01:26:25 StartH1Fluid: Start
2026-05-14 01:26:26 StartH1Fluid: End
2026-05-14 01:26:30 POS DCU1 : 242.9, Target : 250.0.
2026-05-14 01:26:36 CloseA1Fluid: Start
2026-05-14 01:26:37 CloseA1Fluid: End
2026-05-14 01:26:37 FillDCU (Cycle) time: 12.956s
2026-05-14 01:26:37  mainFillDCU END
2026-05-14 01:32:21 --
2026-05-14 01:34:07 StartA1Fluid: Start
2026-05-14 01:34:07 StartA1Fluid: End
2026-05-14 01:34:07 StartH1Fluid: Start
2026-05-14 01:34:07 StartH1Fluid: End
2026-05-14 01:34:15 CheckA1Fluid Restart 262.0
2026-05-14 01:34:15 StartA1Fluid: Start
2026-05-14 01:34:16 StartA1Fluid: End
2026-05-14 01:34:17 POS DCU1 : 238.2, Target : 250.0.
2026-05-14 01:34:18 CloseA1Fluid: Start
2026-05-14 01:34:19 CloseA1Fluid: End
2026-05-14 01:34:19 FillDCU (Cycle) time: 13.156s
2026-05-14 01:34:19  mainFillDCU END
2026-05-14 01:36:06 StartA1Fluid: Start
2026-05-14 01:36:07 StartA1Fluid: End
2026-05-14 01:36:07 StartH1Fluid: Start
2026-05-14 01:36:07 StartH1Fluid: End
2026-05-14 01:36:12 POS DCU1 : 243.0, Target : 250.0.
2026-05-14 01:36:13 CloseA1Fluid: Start
2026-05-14 01:36:13 CloseA1Fluid: End
2026-05-14 01:36:13 FillDCU (Cycle) time: 7.808s
2026-05-14 01:36:13  mainFillDCU END
2026-05-14 01:43:28 --
2026-05-14 01:44:56 StartA1Fluid: Start
2026-05-14 01:44:57 StartA1Fluid: End
2026-05-14 01:44:57 StartH1Fluid: Start
2026-05-14 01:44:57 StartH1Fluid: End
2026-05-14 01:45:00 POS DCU1 : 241.4, Target : 250.0.
2026-05-14 01:45:02 CloseA1Fluid: Start
2026-05-14 01:45:02 CloseA1Fluid: End
2026-05-14 01:45:03 FillDCU (Cycle) time: 7.438s
2026-05-14 01:45:03  mainFillDCU END
2026-05-14 01:47:35 --
2026-05-14 01:48:42 StartA1Fluid: Start
2026-05-14 01:48:42 StartA1Fluid: End
2026-05-14 01:48:42 StartH1Fluid: Start
2026-05-14 01:48:43 StartH1Fluid: End
2026-05-14 01:48:46 POS DCU1 : 239.1, Target : 250.0.
2026-05-14 01:48:47 CloseA1Fluid: Start
2026-05-14 01:48:48 CloseA1Fluid: End
2026-05-14 01:48:48 FillDCU (Cycle) time: 7.002s
2026-05-14 01:48:48  mainFillDCU END
2026-05-14 01:50:44 StartA1Fluid: Start
2026-05-14 01:50:44 StartA1Fluid: End
2026-05-14 01:50:44 StartH1Fluid: Start
2026-05-14 01:50:45 StartH1Fluid: End
2026-05-14 01:50:48 POS DCU1 : 242.3, Target : 250.0.
2026-05-14 01:50:56 CloseA1Fluid: Start
2026-05-14 01:50:56 CloseA1Fluid: End
2026-05-14 01:50:56 FillDCU (Cycle) time: 13.12s
2026-05-14 01:50:56  mainFillDCU END
2026-05-14 01:52:18 --
2026-05-14 01:54:07 StartA1Fluid: Start
2026-05-14 01:54:07 StartA1Fluid: End
2026-05-14 01:54:07 StartH1Fluid: Start
2026-05-14 01:54:07 StartH1Fluid: End
2026-05-14 01:54:12 POS DCU1 : 241.8, Target : 250.0.
2026-05-14 01:54:18 CloseA1Fluid: Start
2026-05-14 01:54:19 CloseA1Fluid: End
2026-05-14 01:54:19 FillDCU (Cycle) time: 13.118s
2026-05-14 01:54:19  mainFillDCU END
2026-05-14 01:56:06 StartA1Fluid: Start
2026-05-14 01:56:07 StartA1Fluid: End
2026-05-14 01:56:07 StartH1Fluid: Start
2026-05-14 01:56:07 StartH1Fluid: End
2026-05-14 01:56:10 POS DCU1 : 241.4, Target : 250.0.
2026-05-14 01:56:18 CloseA1Fluid: Start
2026-05-14 01:56:18 CloseA1Fluid: End
2026-05-14 01:56:18 FillDCU (Cycle) time: 13.27s
2026-05-14 01:56:18  mainFillDCU END
2026-05-14 01:59:19 StartA1Fluid: Start
2026-05-14 01:59:19 StartA1Fluid: End
2026-05-14 01:59:19 StartH1Fluid: Start
2026-05-14 01:59:19 StartH1Fluid: End
2026-05-14 01:59:27 POS DCU1 : 240.1, Target : 250.0.
2026-05-14 01:59:27 CloseA1Fluid: Start
2026-05-14 01:59:27 CloseA1Fluid: End
2026-05-14 01:59:27 FillDCU (Cycle) time: 9.743s
2026-05-14 01:59:27  mainFillDCU END
2026-05-14 02:02:41 StartA1Fluid: Start
2026-05-14 02:02:42 StartA1Fluid: End
2026-05-14 02:02:42 StartH1Fluid: Start
2026-05-14 02:02:42 StartH1Fluid: End
2026-05-14 02:02:42 POS DCU1 : 241.9, Target : 250.0.
2026-05-14 02:02:50 CloseA1Fluid: Start
2026-05-14 02:02:50 CloseA1Fluid: End
2026-05-14 02:02:50 FillDCU (Cycle) time: 9.806s
2026-05-14 02:02:50  mainFillDCU END
2026-05-14 02:06:14 --
2026-05-14 02:07:23 StartA1Fluid: Start
2026-05-14 02:07:24 StartA1Fluid: End
2026-05-14 02:07:24 StartH1Fluid: Start
2026-05-14 02:07:24 StartH1Fluid: End
2026-05-14 02:07:30 POS DCU1 : 241.3, Target : 250.0.
2026-05-14 02:07:32 CloseA1Fluid: Start
2026-05-14 02:07:32 CloseA1Fluid: End
2026-05-14 02:07:32 FillDCU (Cycle) time: 10.358s
2026-05-14 02:07:32  mainFillDCU END
2026-05-14 02:09:10 StartA1Fluid: Start
2026-05-14 02:09:10 StartA1Fluid: End
2026-05-14 02:09:10 StartH1Fluid: Start
2026-05-14 02:09:10 StartH1Fluid: End
2026-05-14 02:09:17 POS DCU1 : 239.7, Target : 250.0.
2026-05-14 02:09:18 CloseA1Fluid: Start
2026-05-14 02:09:18 CloseA1Fluid: End
2026-05-14 02:09:18 FillDCU (Cycle) time: 9.481s
2026-05-14 02:09:18  mainFillDCU END
2026-05-14 02:12:26 StartA1Fluid: Start
2026-05-14 02:12:26 StartA1Fluid: End
2026-05-14 02:12:26 StartH1Fluid: Start
2026-05-14 02:12:26 StartH1Fluid: End
2026-05-14 02:12:30 POS DCU1 : 239.3, Target : 250.0.
2026-05-14 02:12:37 CloseA1Fluid: Start
2026-05-14 02:12:37 CloseA1Fluid: End
2026-05-14 02:12:37 FillDCU (Cycle) time: 12.967s
2026-05-14 02:12:37  mainFillDCU END
2026-05-14 02:14:19 --
2026-05-14 02:14:55 StartA1Fluid: Start
2026-05-14 02:14:56 StartA1Fluid: End
2026-05-14 02:14:56 StartH1Fluid: Start
2026-05-14 02:14:56 StartH1Fluid: End
2026-05-14 02:14:58 POS DCU1 : 242.1, Target : 250.0.
2026-05-14 02:15:07 CloseA1Fluid: Start
2026-05-14 02:15:07 CloseA1Fluid: End
2026-05-14 02:15:07 FillDCU (Cycle) time: 13.104s
2026-05-14 02:15:07  mainFillDCU END
2026-05-14 02:17:34 StartA1Fluid: Start
2026-05-14 02:17:35 StartA1Fluid: End
2026-05-14 02:17:35 StartH1Fluid: Start
2026-05-14 02:17:35 StartH1Fluid: End
2026-05-14 02:17:37 POS DCU1 : 238.5, Target : 250.0.
2026-05-14 02:17:40 CloseA1Fluid: Start
2026-05-14 02:17:40 CloseA1Fluid: End
2026-05-14 02:17:40 FillDCU (Cycle) time: 7.251s
2026-05-14 02:17:40  mainFillDCU END
2026-05-14 02:19:01 --
2026-05-14 02:20:04 StartA1Fluid: Start
2026-05-14 02:20:05 StartA1Fluid: End
2026-05-14 02:20:05 StartH1Fluid: Start
2026-05-14 02:20:05 StartH1Fluid: End
2026-05-14 02:20:09 POS DCU1 : 241.7, Target : 250.0.
2026-05-14 02:20:09 CloseA1Fluid: Start
2026-05-14 02:20:09 CloseA1Fluid: End
2026-05-14 02:20:10 FillDCU (Cycle) time: 6.502s
2026-05-14 02:20:10  mainFillDCU END
2026-05-14 02:21:48 StartA1Fluid: Start
2026-05-14 02:21:49 StartA1Fluid: End
2026-05-14 02:21:49 StartH1Fluid: Start
2026-05-14 02:21:49 StartH1Fluid: End
2026-05-14 02:21:52 POS DCU1 : 239.8, Target : 250.0.
2026-05-14 02:22:00 CloseA1Fluid: Start
2026-05-14 02:22:00 CloseA1Fluid: End
2026-05-14 02:22:00 FillDCU (Cycle) time: 12.937s
2026-05-14 02:22:00  mainFillDCU END
2026-05-14 02:25:52 StartA1Fluid: Start
2026-05-14 02:25:52 StartA1Fluid: End
2026-05-14 02:25:52 StartH1Fluid: Start
2026-05-14 02:25:52 StartH1Fluid: End
2026-05-14 02:26:00 POS DCU1 : 241.8, Target : 250.0.
2026-05-14 02:26:01 CloseA1Fluid: Start
2026-05-14 02:26:01 CloseA1Fluid: End
2026-05-14 02:26:01 FillDCU (Cycle) time: 10.467s
2026-05-14 02:26:01  mainFillDCU END
2026-05-14 02:30:13 --
2026-05-14 02:30:43 StartA1Fluid: Start
2026-05-14 02:30:44 StartA1Fluid: End
2026-05-14 02:30:44 StartH1Fluid: Start
2026-05-14 02:30:44 StartH1Fluid: End
2026-05-14 02:30:50 POS DCU1 : 236.9, Target : 250.0.
2026-05-14 02:30:52 CloseA1Fluid: Start
2026-05-14 02:30:52 CloseA1Fluid: End
2026-05-14 02:30:52 FillDCU (Cycle) time: 9.876s
2026-05-14 02:30:52  mainFillDCU END
2026-05-14 02:32:26 StartA1Fluid: Start
2026-05-14 02:32:27 StartA1Fluid: End
2026-05-14 02:32:27 StartH1Fluid: Start
2026-05-14 02:32:27 StartH1Fluid: End
2026-05-14 02:32:34 POS DCU1 : 241.9, Target : 250.0.
2026-05-14 02:32:34 CloseA1Fluid: Start
2026-05-14 02:32:34 CloseA1Fluid: End
2026-05-14 02:32:34 FillDCU (Cycle) time: 9.016s
2026-05-14 02:32:34  mainFillDCU END
2026-05-14 02:36:32 StartA1Fluid: Start
2026-05-14 02:36:32 StartA1Fluid: End
2026-05-14 02:36:32 StartH1Fluid: Start
2026-05-14 02:36:33 StartH1Fluid: End
2026-05-14 02:36:37 POS DCU1 : 241.5, Target : 250.0.
2026-05-14 02:36:37 CloseA1Fluid: Start
2026-05-14 02:36:37 CloseA1Fluid: End
2026-05-14 02:36:37 FillDCU (Cycle) time: 6.774s
2026-05-14 02:36:37  mainFillDCU END
2026-05-14 02:39:46 StartA1Fluid: Start
2026-05-14 02:39:47 StartA1Fluid: End
2026-05-14 02:39:47 StartH1Fluid: Start
2026-05-14 02:39:47 StartH1Fluid: End
2026-05-14 02:39:50 POS DCU1 : 241.5, Target : 250.0.
2026-05-14 02:39:55 CloseA1Fluid: Start
2026-05-14 02:39:55 CloseA1Fluid: End
2026-05-14 02:39:55 FillDCU (Cycle) time: 9.887s
2026-05-14 02:39:55  mainFillDCU END
2026-05-14 02:42:51 --
2026-05-14 02:43:43 StartA1Fluid: Start
2026-05-14 02:43:43 StartA1Fluid: End
2026-05-14 02:43:43 StartH1Fluid: Start
2026-05-14 02:43:44 StartH1Fluid: End
2026-05-14 02:43:50 POS DCU1 : 241.1, Target : 250.0.
2026-05-14 02:43:52 CloseA1Fluid: Start
2026-05-14 02:43:52 CloseA1Fluid: End
2026-05-14 02:43:52 FillDCU (Cycle) time: 10.285s
2026-05-14 02:43:52  mainFillDCU END
2026-05-14 02:47:18 StartA1Fluid: Start
2026-05-14 02:47:19 StartA1Fluid: End
2026-05-14 02:47:19 StartH1Fluid: Start
2026-05-14 02:47:19 StartH1Fluid: End
2026-05-14 02:47:26 POS DCU1 : 241.9, Target : 250.0.
2026-05-14 02:47:30 CloseA1Fluid: Start
2026-05-14 02:47:30 CloseA1Fluid: End
2026-05-14 02:47:30 FillDCU (Cycle) time: 13.054s
2026-05-14 02:47:30  mainFillDCU END
2026-05-14 02:50:56 --
2026-05-14 02:52:39 StartA1Fluid: Start
2026-05-14 02:52:40 StartA1Fluid: End
2026-05-14 02:52:40 StartH1Fluid: Start
2026-05-14 02:52:40 StartH1Fluid: End
2026-05-14 02:52:45 POS DCU1 : 243.2, Target : 250.0.
2026-05-14 02:52:51 CloseA1Fluid: Start
2026-05-14 02:52:51 CloseA1Fluid: End
2026-05-14 02:52:51 FillDCU (Cycle) time: 13.107s
2026-05-14 02:52:51  mainFillDCU END
2026-05-14 02:54:42 StartA1Fluid: Start
2026-05-14 02:54:43 StartA1Fluid: End
2026-05-14 02:54:43 StartH1Fluid: Start
2026-05-14 02:54:43 StartH1Fluid: End
2026-05-14 02:54:46 POS DCU1 : 238.2, Target : 250.0.
2026-05-14 02:54:49 CloseA1Fluid: Start
2026-05-14 02:54:49 CloseA1Fluid: End
2026-05-14 02:54:50 FillDCU (Cycle) time: 8.279s
2026-05-14 02:54:50  mainFillDCU END
2026-05-14 02:58:21 --
2026-05-14 02:58:49 StartA1Fluid: Start
2026-05-14 02:58:49 StartA1Fluid: End
2026-05-14 02:58:49 StartH1Fluid: Start
2026-05-14 02:58:49 StartH1Fluid: End
2026-05-14 02:58:54 POS DCU1 : 240.4, Target : 250.0.
2026-05-14 02:58:55 CloseA1Fluid: Start
2026-05-14 02:58:55 CloseA1Fluid: End
2026-05-14 02:58:55 FillDCU (Cycle) time: 7.463s
2026-05-14 02:58:55  mainFillDCU END
2026-05-14 03:00:36 StartA1Fluid: Start
2026-05-14 03:00:36 StartA1Fluid: End
2026-05-14 03:00:36 StartH1Fluid: Start
2026-05-14 03:00:36 StartH1Fluid: End
2026-05-14 03:00:41 POS DCU1 : 240.7, Target : 250.0.
2026-05-14 03:00:47 CloseA1Fluid: Start
2026-05-14 03:00:47 CloseA1Fluid: End
2026-05-14 03:00:48 FillDCU (Cycle) time: 13.014s
2026-05-14 03:00:48  mainFillDCU END
2026-05-14 03:03:18 StartA1Fluid: Start
2026-05-14 03:03:18 StartA1Fluid: End
2026-05-14 03:03:18 StartH1Fluid: Start
2026-05-14 03:03:19 StartH1Fluid: End
2026-05-14 03:03:26 POS DCU1 : 239.4, Target : 250.0.
2026-05-14 03:03:26 CloseA1Fluid: Start
2026-05-14 03:03:26 CloseA1Fluid: End
2026-05-14 03:03:26 FillDCU (Cycle) time: 9.782s
2026-05-14 03:03:26  mainFillDCU END
2026-05-14 03:08:28 StartA1Fluid: Start
2026-05-14 03:08:29 StartA1Fluid: End
2026-05-14 03:08:29 StartH1Fluid: Start
2026-05-14 03:08:29 StartH1Fluid: End
2026-05-14 03:08:34 POS DCU1 : 243.3, Target : 250.0.
2026-05-14 03:08:40 CloseA1Fluid: Start
2026-05-14 03:08:40 CloseA1Fluid: End
2026-05-14 03:08:40 FillDCU (Cycle) time: 13.024s
2026-05-14 03:08:40  mainFillDCU END
2026-05-14 03:09:35 --
2026-05-14 03:11:25 StartA1Fluid: Start
2026-05-14 03:11:26 StartA1Fluid: End
2026-05-14 03:11:26 StartH1Fluid: Start
2026-05-14 03:11:26 StartH1Fluid: End
2026-05-14 03:11:33 POS DCU1 : 240.4, Target : 250.0.
2026-05-14 03:11:37 CloseA1Fluid: Start
2026-05-14 03:11:37 CloseA1Fluid: End
2026-05-14 03:11:37 FillDCU (Cycle) time: 13.147s
2026-05-14 03:11:37  mainFillDCU END
2026-05-14 03:13:44 StartA1Fluid: Start
2026-05-14 03:13:45 StartA1Fluid: End
2026-05-14 03:13:45 StartH1Fluid: Start
2026-05-14 03:13:45 StartH1Fluid: End
2026-05-14 03:13:49 POS DCU1 : 239.9, Target : 250.0.
2026-05-14 03:13:53 CloseA1Fluid: Start
2026-05-14 03:13:53 CloseA1Fluid: End
2026-05-14 03:13:54 FillDCU (Cycle) time: 10.409s
2026-05-14 03:13:54  mainFillDCU END
2026-05-14 03:17:38 --
2026-05-14 03:18:08 StartA1Fluid: Start
2026-05-14 03:18:09 StartA1Fluid: End
2026-05-14 03:18:09 StartH1Fluid: Start
2026-05-14 03:18:09 StartH1Fluid: End
2026-05-14 03:18:15 POS DCU1 : 242.1, Target : 250.0.
2026-05-14 03:18:17 CloseA1Fluid: Start
2026-05-14 03:18:17 CloseA1Fluid: End
2026-05-14 03:18:17 FillDCU (Cycle) time: 9.759s
2026-05-14 03:18:17  mainFillDCU END
2026-05-14 03:20:18 StartA1Fluid: Start
2026-05-14 03:20:19 StartA1Fluid: End
2026-05-14 03:20:19 StartH1Fluid: Start
2026-05-14 03:20:19 StartH1Fluid: End
2026-05-14 03:20:26 POS DCU1 : 239.7, Target : 250.0.
2026-05-14 03:20:27 CloseA1Fluid: Start
2026-05-14 03:20:27 CloseA1Fluid: End
2026-05-14 03:20:27 FillDCU (Cycle) time: 10.39s
2026-05-14 03:20:27  mainFillDCU END
2026-05-14 03:23:39 --
2026-05-14 03:24:46 StartA1Fluid: Start
2026-05-14 03:24:46 StartA1Fluid: End
2026-05-14 03:24:46 StartH1Fluid: Start
2026-05-14 03:24:46 StartH1Fluid: End
2026-05-14 03:24:53 POS DCU1 : 240.1, Target : 250.0.
2026-05-14 03:24:54 CloseA1Fluid: Start
2026-05-14 03:24:54 CloseA1Fluid: End
2026-05-14 03:24:55 FillDCU (Cycle) time: 10.281s
2026-05-14 03:24:55  mainFillDCU END
2026-05-14 03:41:58 StartA1Fluid: Start
2026-05-14 03:41:59 StartA1Fluid: End
2026-05-14 03:41:59 StartH1Fluid: Start
2026-05-14 03:41:59 StartH1Fluid: End
2026-05-14 03:42:06 POS DCU1 : 238.9, Target : 250.0.
2026-05-14 03:42:10 CloseA1Fluid: Start
2026-05-14 03:42:10 CloseA1Fluid: End
2026-05-14 03:42:10 FillDCU (Cycle) time: 13.116s
2026-05-14 03:42:10  mainFillDCU END
2026-05-14 03:53:55 StartA1Fluid: Start
2026-05-14 03:53:55 StartA1Fluid: End
2026-05-14 03:53:55 StartH1Fluid: Start
2026-05-14 03:53:55 StartH1Fluid: End
2026-05-14 03:54:03 POS DCU1 : 241.0, Target : 250.0.
2026-05-14 03:54:03 CloseA1Fluid: Start
2026-05-14 03:54:03 CloseA1Fluid: End
2026-05-14 03:54:03 FillDCU (Cycle) time: 9.614s
2026-05-14 03:54:03  mainFillDCU END
2026-05-14 03:58:04 --
2026-05-14 03:58:58 StartA1Fluid: Start
2026-05-14 03:58:59 StartA1Fluid: End
2026-05-14 03:58:59 StartH1Fluid: Start
2026-05-14 03:58:59 StartH1Fluid: End
2026-05-14 03:59:03 POS DCU1 : 242.5, Target : 250.0.
2026-05-14 03:59:04 CloseA1Fluid: Start
2026-05-14 03:59:04 CloseA1Fluid: End
2026-05-14 03:59:04 FillDCU (Cycle) time: 6.504s
2026-05-14 03:59:04  mainFillDCU END
2026-05-14 04:05:11 StartA1Fluid: Start
2026-05-14 04:05:12 StartA1Fluid: End
2026-05-14 04:05:12 StartH1Fluid: Start
2026-05-14 04:05:12 StartH1Fluid: End
2026-05-14 04:05:15 POS DCU1 : 241.5, Target : 250.0.
2026-05-14 04:05:20 CloseA1Fluid: Start
2026-05-14 04:05:20 CloseA1Fluid: End
2026-05-14 04:05:20 FillDCU (Cycle) time: 9.929s
2026-05-14 04:05:20  mainFillDCU END
2026-05-14 04:10:51 --
2026-05-14 04:11:34 StartA1Fluid: Start
2026-05-14 04:11:34 StartA1Fluid: End
2026-05-14 04:11:34 StartH1Fluid: Start
2026-05-14 04:11:35 StartH1Fluid: End
2026-05-14 04:11:41 POS DCU1 : 240.6, Target : 250.0.
2026-05-14 04:11:43 CloseA1Fluid: Start
2026-05-14 04:11:43 CloseA1Fluid: End
2026-05-14 04:11:43 FillDCU (Cycle) time: 10.335s
2026-05-14 04:11:43  mainFillDCU END
2026-05-14 04:18:09 StartA1Fluid: Start
2026-05-14 04:18:09 StartA1Fluid: End
2026-05-14 04:18:09 StartH1Fluid: Start
2026-05-14 04:18:10 StartH1Fluid: End
2026-05-14 04:18:17 POS DCU1 : 241.2, Target : 250.0.
2026-05-14 04:18:17 CloseA1Fluid: Start
2026-05-14 04:18:17 CloseA1Fluid: End
2026-05-14 04:18:17 FillDCU (Cycle) time: 9.374s
2026-05-14 04:18:17  mainFillDCU END
2026-05-14 04:22:22 --
2026-05-14 04:23:16 StartA1Fluid: Start
2026-05-14 04:23:17 StartA1Fluid: End
2026-05-14 04:23:17 StartH1Fluid: Start
2026-05-14 04:23:17 StartH1Fluid: End
2026-05-14 04:23:21 POS DCU1 : 240.5, Target : 250.0.
2026-05-14 04:23:22 CloseA1Fluid: Start
2026-05-14 04:23:22 CloseA1Fluid: End
2026-05-14 04:23:22 FillDCU (Cycle) time: 6.801s
2026-05-14 04:23:22  mainFillDCU END
2026-05-14 04:27:44 StartA1Fluid: Start
2026-05-14 04:27:44 StartA1Fluid: End
2026-05-14 04:27:44 StartH1Fluid: Start
2026-05-14 04:27:44 StartH1Fluid: End
2026-05-14 04:27:48 POS DCU1 : 240.1, Target : 250.0.
2026-05-14 04:27:48 CloseA1Fluid: Start
2026-05-14 04:27:48 CloseA1Fluid: End
2026-05-14 04:27:48 FillDCU (Cycle) time: 5.84s
2026-05-14 04:27:48  mainFillDCU END
2026-05-14 04:29:02 --
2026-05-14 04:30:00 --
2026-05-14 04:32:33 --
2026-05-14 04:33:24 --
2026-05-14 04:34:09 --
2026-05-14 05:39:29 StartA1Fluid: Start
2026-05-14 05:39:29 StartH1Fluid: Start
2026-05-14 05:39:29 StartH1Fluid: End
2026-05-14 05:39:40 CloseA1Fluid: Start
2026-05-14 05:39:41 CloseA1Fluid: End
2026-05-14 05:39:41 FillDCU (Cycle) time: 13.07s
2026-05-14 05:39:41  mainFillDCU END
2026-05-14 05:41:32 StartA1Fluid: Start
2026-05-14 05:41:32 StartH1Fluid: Start
2026-05-14 05:41:32 StartH1Fluid: End
2026-05-14 05:41:43 CloseA1Fluid: Start
2026-05-14 05:41:44 CloseA1Fluid: End
2026-05-14 05:41:44 FillDCU (Cycle) time: 13.099s
2026-05-14 05:41:44  mainFillDCU END
2026-05-14 05:46:57 StartA1Fluid: Start
2026-05-14 05:46:58 StartA1Fluid: End
2026-05-14 05:46:58 StartH1Fluid: Start
2026-05-14 05:46:58 POS DCU1 : 237.7, Target : 250.0.
2026-05-14 05:46:58 CloseA1Fluid: Start
2026-05-14 05:46:58 CloseA1Fluid: End
2026-05-14 05:46:59 FillDCU (Cycle) time: 2.538s
2026-05-14 05:46:59  mainFillDCU END
2026-05-14 05:49:48 --
2026-05-14 05:56:08 StartA1Fluid: Start
2026-05-14 05:56:08 StartH1Fluid: Start
2026-05-14 05:56:08 StartH1Fluid: End
2026-05-14 05:56:12 CloseA1Fluid: Start
2026-05-14 05:56:12 CloseA1Fluid: End
2026-05-14 05:56:13 FillDCU (Cycle) time: 6.161s
2026-05-14 05:56:13  mainFillDCU END
2026-05-14 05:59:36 StartA1Fluid: Start
2026-05-14 05:59:37 StartA1Fluid: End
2026-05-14 05:59:37 StartH1Fluid: Start
2026-05-14 05:59:37 StartH1Fluid: End
2026-05-14 05:59:40 POS DCU1 : 239.8, Target : 250.0.
2026-05-14 05:59:46 CloseA1Fluid: Start
2026-05-14 05:59:46 CloseA1Fluid: End
2026-05-14 05:59:46 FillDCU (Cycle) time: 11.094s
2026-05-14 05:59:46  mainFillDCU END
2026-05-14 06:10:48 StartA1Fluid: Start
2026-05-14 06:10:49 StartA1Fluid: End
2026-05-14 06:10:49 StartH1Fluid: Start
2026-05-14 06:10:49 StartH1Fluid: End
2026-05-14 06:10:56 POS DCU1 : 239.6, Target : 250.0.
2026-05-14 06:11:00 CloseA1Fluid: Start
2026-05-14 06:11:00 CloseA1Fluid: End
2026-05-14 06:11:00 FillDCU (Cycle) time: 12.848s
2026-05-14 06:11:00  mainFillDCU END
2026-05-14 06:15:11 --
2026-05-14 06:16:54 StartA1Fluid: Start
2026-05-14 06:16:55 StartA1Fluid: End
2026-05-14 06:16:55 StartH1Fluid: Start
2026-05-14 06:16:55 StartH1Fluid: End
2026-05-14 06:17:03 POS DCU1 : 243.4, Target : 250.0.
2026-05-14 06:17:06 CloseA1Fluid: Start
2026-05-14 06:17:06 CloseA1Fluid: End
2026-05-14 06:17:06 FillDCU (Cycle) time: 13.151s
2026-05-14 06:17:06  mainFillDCU END
2026-05-14 06:18:54 StartA1Fluid: Start
2026-05-14 06:18:54 StartA1Fluid: End
2026-05-14 06:18:54 StartH1Fluid: Start
2026-05-14 06:18:55 StartH1Fluid: End
2026-05-14 06:19:00 POS DCU1 : 239.4, Target : 250.0.
2026-05-14 06:19:01 CloseA1Fluid: Start
2026-05-14 06:19:01 CloseA1Fluid: End
2026-05-14 06:19:01 FillDCU (Cycle) time: 8.571s
2026-05-14 06:19:01  mainFillDCU END
2026-05-14 06:20:46 --
2026-05-14 06:22:36 StartA1Fluid: Start
2026-05-14 06:22:37 StartA1Fluid: End
2026-05-14 06:22:37 StartH1Fluid: Start
2026-05-14 06:22:37 StartH1Fluid: End
2026-05-14 06:22:42 POS DCU1 : 238.7, Target : 250.0.
2026-05-14 06:22:43 CloseA1Fluid: Start
2026-05-14 06:22:43 CloseA1Fluid: End
2026-05-14 06:22:43 FillDCU (Cycle) time: 8.369s
2026-05-14 06:22:43  mainFillDCU END
2026-05-14 06:24:48 --
2026-05-14 06:25:53 StartA1Fluid: Start
2026-05-14 06:25:54 StartA1Fluid: End
2026-05-14 06:25:54 StartH1Fluid: Start
2026-05-14 06:25:54 StartH1Fluid: End
2026-05-14 06:25:58 POS DCU1 : 241.9, Target : 250.0.
2026-05-14 06:26:00 CloseA1Fluid: Start
2026-05-14 06:26:00 CloseA1Fluid: End
2026-05-14 06:26:00 FillDCU (Cycle) time: 8.12s
2026-05-14 06:26:00  mainFillDCU END
2026-05-14 06:36:12 StartA1Fluid: Start
2026-05-14 06:36:13 StartA1Fluid: End
2026-05-14 06:36:13 StartH1Fluid: Start
2026-05-14 06:36:13 StartH1Fluid: End
2026-05-14 06:36:18 POS DCU1 : 241.2, Target : 250.0.
2026-05-14 06:36:24 CloseA1Fluid: Start
2026-05-14 06:36:24 CloseA1Fluid: End
2026-05-14 06:36:24 FillDCU (Cycle) time: 12.996s
2026-05-14 06:36:24  mainFillDCU END
2026-05-14 06:38:13 StartA1Fluid: Start
2026-05-14 06:38:14 StartA1Fluid: End
2026-05-14 06:38:14 StartH1Fluid: Start
2026-05-14 06:38:14 StartH1Fluid: End
2026-05-14 06:38:17 POS DCU1 : 239.1, Target : 250.0.
2026-05-14 06:38:24 CloseA1Fluid: Start
2026-05-14 06:38:25 CloseA1Fluid: End
2026-05-14 06:38:25 FillDCU (Cycle) time: 12.798s
2026-05-14 06:38:25  mainFillDCU END
2026-05-14 06:43:49 StartA1Fluid: Start
2026-05-14 06:43:49 StartA1Fluid: End
2026-05-14 06:43:49 StartH1Fluid: Start
2026-05-14 06:43:50 StartH1Fluid: End
2026-05-14 06:43:51 POS DCU1 : 239.2, Target : 250.0.
2026-05-14 06:43:56 CloseA1Fluid: Start
2026-05-14 06:43:56 CloseA1Fluid: End
2026-05-14 06:43:56 FillDCU (Cycle) time: 8.243s
2026-05-14 06:43:56  mainFillDCU END
2026-05-14 06:59:21 --
2026-05-14 06:59:57 StartA1Fluid: Start
2026-05-14 06:59:57 StartA1Fluid: End
2026-05-14 06:59:57 StartH1Fluid: Start
2026-05-14 06:59:57 StartH1Fluid: End
2026-05-14 07:00:02 POS DCU1 : 240.8, Target : 250.0.
2026-05-14 07:00:03 CloseA1Fluid: Start
2026-05-14 07:00:04 CloseA1Fluid: End
2026-05-14 07:00:04 FillDCU (Cycle) time: 8.125s
2026-05-14 07:00:04  mainFillDCU END
2026-05-14 07:03:13 --
2026-05-14 07:03:52 StartA1Fluid: Start
2026-05-14 07:03:52 StartH1Fluid: Start
2026-05-14 07:03:52 StartH1Fluid: End
2026-05-14 07:04:03 CloseA1Fluid: Start
2026-05-14 07:04:04 CloseA1Fluid: End
2026-05-14 07:04:04 FillDCU (Cycle) time: 12.971s
2026-05-14 07:04:04  mainFillDCU END
2026-05-14 07:07:32 StartA1Fluid: Start
2026-05-14 07:07:32 StartA1Fluid: End
2026-05-14 07:07:32 StartH1Fluid: Start
2026-05-14 07:07:32 StartH1Fluid: End
2026-05-14 07:07:37 POS DCU1 : 237.9, Target : 250.0.
2026-05-14 07:07:43 CloseA1Fluid: Start
2026-05-14 07:07:43 CloseA1Fluid: End
2026-05-14 07:07:43 FillDCU (Cycle) time: 12.87s
2026-05-14 07:07:43  mainFillDCU END
2026-05-14 07:12:09 StartA1Fluid: Start
2026-05-14 07:12:10 StartA1Fluid: End
2026-05-14 07:12:10 StartH1Fluid: Start
2026-05-14 07:12:10 StartH1Fluid: End
2026-05-14 07:12:17 POS DCU1 : 240.9, Target : 250.0.
2026-05-14 07:12:17 CloseA1Fluid: Start
2026-05-14 07:12:17 CloseA1Fluid: End
2026-05-14 07:12:17 FillDCU (Cycle) time: 9.612s
2026-05-14 07:12:17  mainFillDCU END
2026-05-14 07:13:57 --
2026-05-14 07:14:23 StartA1Fluid: Start
2026-05-14 07:14:23 StartA1Fluid: End
2026-05-14 07:14:23 StartH1Fluid: Start
2026-05-14 07:14:24 StartH1Fluid: End
2026-05-14 07:14:26 POS DCU1 : 242.6, Target : 250.0.
2026-05-14 07:14:27 CloseA1Fluid: Start
2026-05-14 07:14:27 CloseA1Fluid: End
2026-05-14 07:14:27 FillDCU (Cycle) time: 5.423s
2026-05-14 07:14:27  mainFillDCU END
2026-05-14 07:28:17 StartA1Fluid: Start
2026-05-14 07:28:17 StartA1Fluid: End
2026-05-14 07:28:17 StartH1Fluid: Start
2026-05-14 07:28:17 StartH1Fluid: End
2026-05-14 07:28:20 POS DCU1 : 243.0, Target : 250.0.
2026-05-14 07:28:23 CloseA1Fluid: Start
2026-05-14 07:28:23 CloseA1Fluid: End
2026-05-14 07:28:24 FillDCU (Cycle) time: 8.218s
2026-05-14 07:28:24  mainFillDCU END
2026-05-14 07:30:12 --
2026-05-14 07:31:53 StartA1Fluid: Start
2026-05-14 07:31:53 StartA1Fluid: End
2026-05-14 07:31:53 StartH1Fluid: Start
2026-05-14 07:31:54 StartH1Fluid: End
2026-05-14 07:31:58 POS DCU1 : 240.4, Target : 250.0.
2026-05-14 07:32:00 CloseA1Fluid: Start
2026-05-14 07:32:00 CloseA1Fluid: End
2026-05-14 07:32:00 FillDCU (Cycle) time: 8.089s
2026-05-14 07:32:00  mainFillDCU END
2026-05-14 07:34:29 StartA1Fluid: Start
2026-05-14 07:34:30 StartA1Fluid: End
2026-05-14 07:34:30 StartH1Fluid: Start
2026-05-14 07:34:30 StartH1Fluid: End
2026-05-14 07:34:35 POS DCU1 : 239.8, Target : 250.0.
2026-05-14 07:34:41 CloseA1Fluid: Start
2026-05-14 07:34:41 CloseA1Fluid: End
2026-05-14 07:34:41 FillDCU (Cycle) time: 13.033s
2026-05-14 07:34:41  mainFillDCU END
2026-05-14 07:35:36 --
2026-05-14 07:36:11 StartA1Fluid: Start
2026-05-14 07:36:12 StartA1Fluid: End
2026-05-14 07:36:12 StartH1Fluid: Start
2026-05-14 07:36:12 StartH1Fluid: End
2026-05-14 07:36:15 POS DCU1 : 241.2, Target : 250.0.
2026-05-14 07:36:23 CloseA1Fluid: Start
2026-05-14 07:36:23 CloseA1Fluid: End
2026-05-14 07:36:23 FillDCU (Cycle) time: 13.171s
2026-05-14 07:36:23  mainFillDCU END
2026-05-14 07:37:26 StartA1Fluid: Start
2026-05-14 07:37:27 StartA1Fluid: End
2026-05-14 07:37:27 StartH1Fluid: Start
2026-05-14 07:37:27 StartH1Fluid: End
2026-05-14 07:37:29 POS DCU1 : 239.1, Target : 250.0.
2026-05-14 07:37:35 CloseA1Fluid: Start
2026-05-14 07:37:35 CloseA1Fluid: End
2026-05-14 07:37:35 FillDCU (Cycle) time: 10.076s
2026-05-14 07:37:35  mainFillDCU END
2026-05-14 07:40:58 StartA1Fluid: Start
2026-05-14 07:40:59 StartA1Fluid: End
2026-05-14 07:40:59 StartH1Fluid: Start
2026-05-14 07:40:59 StartH1Fluid: End
2026-05-14 07:41:05 POS DCU1 : 239.1, Target : 250.0.
2026-05-14 07:41:07 CloseA1Fluid: Start
2026-05-14 07:41:07 CloseA1Fluid: End
2026-05-14 07:41:08 FillDCU (Cycle) time: 10.416s
2026-05-14 07:41:08  mainFillDCU END
2026-05-14 07:42:45 StartA1Fluid: Start
2026-05-14 07:42:45 StartA1Fluid: End
2026-05-14 07:42:45 StartH1Fluid: Start
2026-05-14 07:42:46 StartH1Fluid: End
2026-05-14 07:42:53 POS DCU1 : 239.3, Target : 250.0.
2026-05-14 07:42:56 CloseA1Fluid: Start
2026-05-14 07:42:57 CloseA1Fluid: End
2026-05-14 07:42:57 FillDCU (Cycle) time: 13.119s
2026-05-14 07:42:57  mainFillDCU END
2026-05-14 07:52:52 StartA1Fluid: Start
2026-05-14 07:52:52 StartA1Fluid: End
2026-05-14 07:52:52 StartH1Fluid: Start
2026-05-14 07:52:53 StartH1Fluid: End
2026-05-14 07:53:00 POS DCU1 : 238.3, Target : 250.0.
2026-05-14 07:53:00 CloseA1Fluid: Start
2026-05-14 07:53:00 CloseA1Fluid: End
2026-05-14 07:53:00 FillDCU (Cycle) time: 9.725s
2026-05-14 07:53:00  mainFillDCU END
2026-05-14 07:58:24 --
2026-05-14 07:59:21 StartA1Fluid: Start
2026-05-14 07:59:21 StartA1Fluid: End
2026-05-14 07:59:21 StartH1Fluid: Start
2026-05-14 07:59:21 StartH1Fluid: End
2026-05-14 07:59:24 POS DCU1 : 239.1, Target : 250.0.
2026-05-14 07:59:26 CloseA1Fluid: Start
2026-05-14 07:59:26 CloseA1Fluid: End
2026-05-14 07:59:26 FillDCU (Cycle) time: 7.111s
2026-05-14 07:59:26  mainFillDCU END
2026-05-14 08:01:05 StartA1Fluid: Start
2026-05-14 08:01:05 StartA1Fluid: End
2026-05-14 08:01:05 StartH1Fluid: Start
2026-05-14 08:01:05 StartH1Fluid: End
2026-05-14 08:01:09 POS DCU1 : 240.1, Target : 250.0.
2026-05-14 08:01:14 CloseA1Fluid: Start
2026-05-14 08:01:14 CloseA1Fluid: End
2026-05-14 08:01:14 FillDCU (Cycle) time: 10.844s
2026-05-14 08:01:14  mainFillDCU END
2026-05-14 08:04:50 --
2026-05-14 08:05:51 StartA1Fluid: Start
2026-05-14 08:05:52 StartA1Fluid: End
2026-05-14 08:05:52 StartH1Fluid: Start
2026-05-14 08:05:52 StartH1Fluid: End
2026-05-14 08:05:59 POS DCU1 : 241.2, Target : 250.0.
2026-05-14 08:06:00 CloseA1Fluid: Start
2026-05-14 08:06:00 CloseA1Fluid: End
2026-05-14 08:06:00 FillDCU (Cycle) time: 10.087s
2026-05-14 08:06:00  mainFillDCU END
2026-05-14 08:07:33 StartA1Fluid: Start
2026-05-14 08:07:33 StartA1Fluid: End
2026-05-14 08:07:33 StartH1Fluid: Start
2026-05-14 08:07:33 StartH1Fluid: End
2026-05-14 08:07:41 POS DCU1 : 240.5, Target : 250.0.
2026-05-14 08:07:41 CloseA1Fluid: Start
2026-05-14 08:07:41 CloseA1Fluid: End
2026-05-14 08:07:41 FillDCU (Cycle) time: 10.049s
2026-05-14 08:07:41  mainFillDCU END
2026-05-14 08:10:21 --
2026-05-14 08:11:04 StartA1Fluid: Start
2026-05-14 08:11:05 StartA1Fluid: End
2026-05-14 08:11:05 StartH1Fluid: Start
2026-05-14 08:11:05 StartH1Fluid: End
2026-05-14 08:11:11 POS DCU1 : 239.5, Target : 250.0.
2026-05-14 08:11:13 CloseA1Fluid: Start
2026-05-14 08:11:13 CloseA1Fluid: End
2026-05-14 08:11:13 FillDCU (Cycle) time: 10.392s
2026-05-14 08:11:13  mainFillDCU END
2026-05-14 08:16:54 StartA1Fluid: Start
2026-05-14 08:16:54 StartA1Fluid: End
2026-05-14 08:16:54 StartH1Fluid: Start
2026-05-14 08:16:54 StartH1Fluid: End
2026-05-14 08:17:01 POS DCU1 : 239.7, Target : 250.0.
2026-05-14 08:17:02 CloseA1Fluid: Start
2026-05-14 08:17:02 CloseA1Fluid: End
2026-05-14 08:17:02 FillDCU (Cycle) time: 9.375s
2026-05-14 08:17:02  mainFillDCU END
2026-05-14 08:21:31 --
2026-05-14 08:22:26 StartA1Fluid: Start
2026-05-14 08:22:26 StartA1Fluid: End
2026-05-14 08:22:26 StartH1Fluid: Start
2026-05-14 08:22:26 StartH1Fluid: End
2026-05-14 08:22:29 POS DCU1 : 240.9, Target : 250.0.
2026-05-14 08:22:30 CloseA1Fluid: Start
2026-05-14 08:22:30 CloseA1Fluid: End
2026-05-14 08:22:30 FillDCU (Cycle) time: 5.527s
2026-05-14 08:22:30  mainFillDCU END
2026-05-14 08:25:19 StartA1Fluid: Start
2026-05-14 08:25:20 StartA1Fluid: End
2026-05-14 08:25:20 StartH1Fluid: Start
2026-05-14 08:25:20 StartH1Fluid: End
2026-05-14 08:25:22 POS DCU1 : 238.2, Target : 250.0.
2026-05-14 08:25:31 CloseA1Fluid: Start
2026-05-14 08:25:31 CloseA1Fluid: End
2026-05-14 08:25:31 FillDCU (Cycle) time: 13.174s
2026-05-14 08:25:31  mainFillDCU END
2026-05-14 08:32:22 StartA1Fluid: Start
2026-05-14 08:32:22 StartA1Fluid: End
2026-05-14 08:32:23 StartH1Fluid: Start
2026-05-14 08:32:23 StartH1Fluid: End
2026-05-14 08:32:30 POS DCU1 : 240.0, Target : 250.0.
2026-05-14 08:32:30 CloseA1Fluid: Start
2026-05-14 08:32:30 CloseA1Fluid: End
2026-05-14 08:32:30 FillDCU (Cycle) time: 9.632s
2026-05-14 08:32:30  mainFillDCU END
2026-05-14 08:33:44 --
2026-05-14 08:36:16 StartA1Fluid: Start
2026-05-14 08:36:16 StartA1Fluid: End
2026-05-14 08:36:16 StartH1Fluid: Start
2026-05-14 08:36:17 StartH1Fluid: End
2026-05-14 08:36:21 POS DCU1 : 240.4, Target : 250.0.
2026-05-14 08:36:27 CloseA1Fluid: Start
2026-05-14 08:36:28 CloseA1Fluid: End
2026-05-14 08:36:28 FillDCU (Cycle) time: 13.129s
2026-05-14 08:36:28  mainFillDCU END
2026-05-14 08:38:50 --
2026-05-14 08:40:35 StartA1Fluid: Start
2026-05-14 08:40:35 StartA1Fluid: End
2026-05-14 08:40:35 StartH1Fluid: Start
2026-05-14 08:40:35 StartH1Fluid: End
2026-05-14 08:40:40 POS DCU1 : 240.8, Target : 250.0.
2026-05-14 08:40:46 CloseA1Fluid: Start
2026-05-14 08:40:46 CloseA1Fluid: End
2026-05-14 08:40:46 FillDCU (Cycle) time: 13.112s
2026-05-14 08:40:46  mainFillDCU END
2026-05-14 08:57:47 StartA1Fluid: Start
2026-05-14 08:57:47 StartA1Fluid: End
2026-05-14 08:57:47 StartH1Fluid: Start
2026-05-14 08:57:48 StartH1Fluid: End
2026-05-14 08:57:51 POS DCU1 : 238.8, Target : 250.0.
2026-05-14 08:57:53 CloseA1Fluid: Start
2026-05-14 08:57:53 CloseA1Fluid: End
2026-05-14 08:57:53 FillDCU (Cycle) time: 7.16s
2026-05-14 08:57:53  mainFillDCU END
2026-05-14 09:01:14 --
2026-05-14 09:01:43 StartA1Fluid: Start
2026-05-14 09:01:44 StartA1Fluid: End
2026-05-14 09:01:44 StartH1Fluid: Start
2026-05-14 09:01:44 StartH1Fluid: End
2026-05-14 09:01:48 POS DCU1 : 241.1, Target : 250.0.
2026-05-14 09:01:49 CloseA1Fluid: Start
2026-05-14 09:01:50 CloseA1Fluid: End
2026-05-14 09:01:50 FillDCU (Cycle) time: 7.653s
2026-05-14 09:01:50  mainFillDCU END
2026-05-14 09:06:24 --
2026-05-14 09:11:53 StartA1Fluid: Start
2026-05-14 09:11:54 StartA1Fluid: End
2026-05-14 09:11:54 StartH1Fluid: Start
2026-05-14 09:11:54 StartH1Fluid: End
2026-05-14 09:11:58 POS DCU1 : 238.3, Target : 250.0.
2026-05-14 09:11:58 CloseA1Fluid: Start
2026-05-14 09:11:58 CloseA1Fluid: End
2026-05-14 09:11:58 FillDCU (Cycle) time: 6.301s
2026-05-14 09:11:58  mainFillDCU END
2026-05-14 09:15:40 StartA1Fluid: Start
2026-05-14 09:15:40 StartA1Fluid: End
2026-05-14 09:15:40 StartH1Fluid: Start
2026-05-14 09:15:40 StartH1Fluid: End
2026-05-14 09:15:45 POS DCU1 : 238.3, Target : 250.0.
2026-05-14 09:15:48 CloseA1Fluid: Start
2026-05-14 09:15:48 CloseA1Fluid: End
2026-05-14 09:15:49 FillDCU (Cycle) time: 9.984s
2026-05-14 09:15:49  mainFillDCU END
2026-05-14 09:16:58 --
2026-05-14 09:17:48 StartA1Fluid: Start
2026-05-14 09:17:49 StartA1Fluid: End
2026-05-14 09:17:49 StartH1Fluid: Start
2026-05-14 09:17:49 StartH1Fluid: End
2026-05-14 09:17:55 POS DCU1 : 242.6, Target : 250.0.
2026-05-14 09:17:57 CloseA1Fluid: Start
2026-05-14 09:17:57 CloseA1Fluid: End
2026-05-14 09:17:57 FillDCU (Cycle) time: 10.293s
2026-05-14 09:17:57  mainFillDCU END
2026-05-14 09:21:15 StartA1Fluid: Start
2026-05-14 09:21:15 StartA1Fluid: End
2026-05-14 09:21:15 StartH1Fluid: Start
2026-05-14 09:21:15 StartH1Fluid: End
2026-05-14 09:21:22 POS DCU1 : 240.4, Target : 250.0.
2026-05-14 09:21:23 CloseA1Fluid: Start
2026-05-14 09:21:23 CloseA1Fluid: End
2026-05-14 09:21:23 FillDCU (Cycle) time: 9.856s
2026-05-14 09:21:23  mainFillDCU END
2026-05-14 09:27:09 --
2026-05-14 09:28:22 StartA1Fluid: Start
2026-05-14 09:28:22 StartA1Fluid: End
2026-05-14 09:28:22 StartH1Fluid: Start
2026-05-14 09:28:22 StartH1Fluid: End
2026-05-14 09:28:29 POS DCU1 : 239.9, Target : 250.0.
2026-05-14 09:28:30 CloseA1Fluid: Start
2026-05-14 09:28:31 CloseA1Fluid: End
2026-05-14 09:28:31 FillDCU (Cycle) time: 10.217s
2026-05-14 09:28:31  mainFillDCU END
2026-05-14 09:30:19 StartA1Fluid: Start
2026-05-14 09:30:20 StartA1Fluid: End
2026-05-14 09:30:20 StartH1Fluid: Start
2026-05-14 09:30:20 StartH1Fluid: End
2026-05-14 09:30:27 POS DCU1 : 240.6, Target : 250.0.
2026-05-14 09:30:31 CloseA1Fluid: Start
2026-05-14 09:30:31 CloseA1Fluid: End
2026-05-14 09:30:31 FillDCU (Cycle) time: 13.252s
2026-05-14 09:30:31  mainFillDCU END
2026-05-14 09:32:03 --
2026-05-14 09:33:51 StartA1Fluid: Start
2026-05-14 09:33:52 StartA1Fluid: End
2026-05-14 09:33:52 StartH1Fluid: Start
2026-05-14 09:33:52 StartH1Fluid: End
2026-05-14 09:33:56 POS DCU1 : 242.1, Target : 250.0.
2026-05-14 09:34:03 CloseA1Fluid: Start
2026-05-14 09:34:03 CloseA1Fluid: End
2026-05-14 09:34:03 FillDCU (Cycle) time: 13.148s
2026-05-14 09:34:03  mainFillDCU END
2026-05-14 09:35:40 --
2026-05-14 09:36:10 StartA1Fluid: Start
2026-05-14 09:36:10 StartA1Fluid: End
2026-05-14 09:36:10 StartH1Fluid: Start
2026-05-14 09:36:10 StartH1Fluid: End
2026-05-14 09:36:13 POS DCU1 : 241.7, Target : 250.0.
2026-05-14 09:36:17 CloseA1Fluid: Start
2026-05-14 09:36:17 CloseA1Fluid: End
2026-05-14 09:36:17 FillDCU (Cycle) time: 8.648s
2026-05-14 09:36:17  mainFillDCU END
2026-05-14 09:42:01 --
2026-05-14 09:42:29 StartA1Fluid: Start
2026-05-14 09:42:29 StartA1Fluid: End
2026-05-14 09:42:29 StartH1Fluid: Start
2026-05-14 09:42:29 StartH1Fluid: End
2026-05-14 09:42:34 POS DCU1 : 238.4, Target : 250.0.
2026-05-14 09:42:35 CloseA1Fluid: Start
2026-05-14 09:42:35 CloseA1Fluid: End
2026-05-14 09:42:35 FillDCU (Cycle) time: 7.535s
2026-05-14 09:42:35  mainFillDCU END
2026-05-14 09:44:09 StartA1Fluid: Start
2026-05-14 09:44:09 StartA1Fluid: End
2026-05-14 09:44:09 StartH1Fluid: Start
2026-05-14 09:44:09 StartH1Fluid: End
2026-05-14 09:44:13 POS DCU1 : 242.9, Target : 250.0.
2026-05-14 09:44:18 CloseA1Fluid: Start
2026-05-14 09:44:18 CloseA1Fluid: End
2026-05-14 09:44:18 FillDCU (Cycle) time: 10.604s
2026-05-14 09:44:18  mainFillDCU END
2026-05-14 09:45:20 --
2026-05-14 09:48:17 StartA1Fluid: Start
2026-05-14 09:48:17 StartA1Fluid: End
2026-05-14 09:48:17 StartH1Fluid: Start
2026-05-14 09:48:17 StartH1Fluid: End
2026-05-14 09:48:24 POS DCU1 : 240.2, Target : 250.0.
2026-05-14 09:48:28 CloseA1Fluid: Start
2026-05-14 09:48:28 CloseA1Fluid: End
2026-05-14 09:48:28 FillDCU (Cycle) time: 13.163s
2026-05-14 09:48:28  mainFillDCU END
2026-05-14 09:49:39 --
2026-05-14 09:51:24 StartA1Fluid: Start
2026-05-14 09:51:25 StartA1Fluid: End
2026-05-14 09:51:25 StartH1Fluid: Start
2026-05-14 09:51:25 StartH1Fluid: End
2026-05-14 09:51:33 CheckA1Fluid Restart 277.5
2026-05-14 09:51:33 StartA1Fluid: Start
2026-05-14 09:51:33 StartA1Fluid: End
2026-05-14 09:51:34 POS DCU1 : 240.8, Target : 250.0.
2026-05-14 09:51:36 CloseA1Fluid: Start
2026-05-14 09:51:36 CloseA1Fluid: End
2026-05-14 09:51:36 FillDCU (Cycle) time: 13.076s
2026-05-14 09:51:36  mainFillDCU END
2026-05-14 09:53:35 StartA1Fluid: Start
2026-05-14 09:53:36 StartA1Fluid: End
2026-05-14 09:53:36 StartH1Fluid: Start
2026-05-14 09:53:36 StartH1Fluid: End
2026-05-14 09:53:41 POS DCU1 : 229.8, Target : 250.0.
2026-05-14 09:53:41 CloseA1Fluid: Start
2026-05-14 09:53:41 CloseA1Fluid: End
2026-05-14 09:53:41 FillDCU (Cycle) time: 7.208s
2026-05-14 09:53:42  mainFillDCU END
2026-05-14 09:59:57 StartA1Fluid: Start
2026-05-14 09:59:58 StartA1Fluid: End
2026-05-14 09:59:58 StartH1Fluid: Start
2026-05-14 09:59:58 StartH1Fluid: End
2026-05-14 10:00:02 POS DCU1 : 243.2, Target : 250.0.
2026-05-14 10:00:04 CloseA1Fluid: Start
2026-05-14 10:00:04 CloseA1Fluid: End
2026-05-14 10:00:04 FillDCU (Cycle) time: 7.578s
2026-05-14 10:00:04  mainFillDCU END
2026-05-14 10:00:57 --
2026-05-14 10:01:59 StartA1Fluid: Start
2026-05-14 10:01:59 StartA1Fluid: End
2026-05-14 10:01:59 StartH1Fluid: Start
2026-05-14 10:01:59 StartH1Fluid: End
2026-05-14 10:02:04 POS DCU1 : 238.5, Target : 250.0.
2026-05-14 10:02:04 CloseA1Fluid: Start
2026-05-14 10:02:05 CloseA1Fluid: End
2026-05-14 10:02:05 FillDCU (Cycle) time: 7.327s
2026-05-14 10:02:05  mainFillDCU END
2026-05-14 10:05:20 StartA1Fluid: Start
2026-05-14 10:05:21 StartA1Fluid: End
2026-05-14 10:05:21 StartH1Fluid: Start
2026-05-14 10:05:21 StartH1Fluid: End
2026-05-14 10:05:25 POS DCU1 : 239.5, Target : 250.0.
2026-05-14 10:05:27 CloseA1Fluid: Start
2026-05-14 10:05:27 CloseA1Fluid: End
2026-05-14 10:05:27 FillDCU (Cycle) time: 8.281s
2026-05-14 10:05:27  mainFillDCU END
2026-05-14 10:13:36 StartA1Fluid: Start
2026-05-14 10:13:37 StartA1Fluid: End
2026-05-14 10:13:37 StartH1Fluid: Start
2026-05-14 10:13:37 StartH1Fluid: End
2026-05-14 10:13:41 POS DCU1 : 239.5, Target : 250.0.
2026-05-14 10:13:48 CloseA1Fluid: Start
2026-05-14 10:13:48 CloseA1Fluid: End
2026-05-14 10:13:48 FillDCU (Cycle) time: 13.05s
2026-05-14 10:13:48  mainFillDCU END
2026-05-14 10:16:40 --
2026-05-14 10:18:25 StartA1Fluid: Start
2026-05-14 10:18:25 StartA1Fluid: End
2026-05-14 10:18:25 StartH1Fluid: Start
2026-05-14 10:18:26 StartH1Fluid: End
2026-05-14 10:18:30 POS DCU1 : 241.2, Target : 250.0.
2026-05-14 10:18:37 CloseA1Fluid: Start
2026-05-14 10:18:37 CloseA1Fluid: End
2026-05-14 10:18:37 FillDCU (Cycle) time: 13.184s
2026-05-14 10:18:37  mainFillDCU END
2026-05-14 10:20:24 StartA1Fluid: Start
2026-05-14 10:20:25 StartA1Fluid: End
2026-05-14 10:20:25 StartH1Fluid: Start
2026-05-14 10:20:25 StartH1Fluid: End
2026-05-14 10:20:28 POS DCU1 : 242.2, Target : 250.0.
2026-05-14 10:20:36 CloseA1Fluid: Start
2026-05-14 10:20:36 CloseA1Fluid: End
2026-05-14 10:20:36 FillDCU (Cycle) time: 13.06s
2026-05-14 10:20:36  mainFillDCU END
2026-05-14 10:22:52 StartA1Fluid: Start
2026-05-14 10:22:52 StartA1Fluid: End
2026-05-14 10:22:52 StartH1Fluid: Start
2026-05-14 10:22:52 StartH1Fluid: End
2026-05-14 10:22:59 POS DCU1 : 228.7, Target : 250.0.
2026-05-14 10:22:59 CloseA1Fluid: Start
2026-05-14 10:22:59 CloseA1Fluid: End
2026-05-14 10:22:59 FillDCU (Cycle) time: 8.657s
2026-05-14 10:22:59  mainFillDCU END
2026-05-14 10:27:21 --
2026-05-14 10:27:49 StartA1Fluid: Start
2026-05-14 10:27:50 StartA1Fluid: End
2026-05-14 10:27:50 StartH1Fluid: Start
2026-05-14 10:27:50 StartH1Fluid: End
2026-05-14 10:27:54 POS DCU1 : 243.3, Target : 250.0.
2026-05-14 10:27:55 CloseA1Fluid: Start
2026-05-14 10:27:55 CloseA1Fluid: End
2026-05-14 10:27:55 FillDCU (Cycle) time: 7.432s
2026-05-14 10:27:55  mainFillDCU END
2026-05-14 10:31:01 StartA1Fluid: Start
2026-05-14 10:31:02 StartA1Fluid: End
2026-05-14 10:31:02 StartH1Fluid: Start
2026-05-14 10:31:02 StartH1Fluid: End
2026-05-14 10:31:06 POS DCU1 : 242.9, Target : 250.0.
2026-05-14 10:31:09 CloseA1Fluid: Start
2026-05-14 10:31:10 CloseA1Fluid: End
2026-05-14 10:31:10 FillDCU (Cycle) time: 9.78s
2026-05-14 10:31:10  mainFillDCU END
2026-05-14 10:36:17 --
2026-05-14 10:36:50 StartA1Fluid: Start
2026-05-14 10:36:51 StartA1Fluid: End
2026-05-14 10:36:51 StartH1Fluid: Start
2026-05-14 10:36:51 StartH1Fluid: End
2026-05-14 10:36:57 POS DCU1 : 242.3, Target : 250.0.
2026-05-14 10:36:59 CloseA1Fluid: Start
2026-05-14 10:36:59 CloseA1Fluid: End
2026-05-14 10:36:59 FillDCU (Cycle) time: 10.226s
2026-05-14 10:36:59  mainFillDCU END
2026-05-14 11:13:28 StartA1Fluid: Start
2026-05-14 11:13:28 StartA1Fluid: End
2026-05-14 11:13:28 StartH1Fluid: Start
2026-05-14 11:13:29 StartH1Fluid: End
2026-05-14 11:13:36 POS DCU1 : 239.1, Target : 250.0.
2026-05-14 11:13:40 CloseA1Fluid: Start
2026-05-14 11:13:40 CloseA1Fluid: End
2026-05-14 11:13:40 FillDCU (Cycle) time: 13.004s
2026-05-14 11:13:40  mainFillDCU END
2026-05-14 11:18:45 StartA1Fluid: Start
2026-05-14 11:18:46 StartA1Fluid: End
2026-05-14 11:18:46 StartH1Fluid: Start
2026-05-14 11:18:46 StartH1Fluid: End
2026-05-14 11:18:53 POS DCU1 : 240.5, Target : 250.0.
2026-05-14 11:18:53 CloseA1Fluid: Start
2026-05-14 11:18:53 CloseA1Fluid: End
2026-05-14 11:18:54 FillDCU (Cycle) time: 9.697s
2026-05-14 11:18:54  mainFillDCU END
2026-05-14 11:23:34 --
2026-05-14 11:24:28 StartA1Fluid: Start
2026-05-14 11:24:29 StartA1Fluid: End
2026-05-14 11:24:29 StartH1Fluid: Start
2026-05-14 11:24:29 StartH1Fluid: End
2026-05-14 11:24:33 POS DCU1 : 242.1, Target : 250.0.
2026-05-14 11:24:34 CloseA1Fluid: Start
2026-05-14 11:24:34 CloseA1Fluid: End
2026-05-14 11:24:34 FillDCU (Cycle) time: 7.309s
2026-05-14 11:24:34  mainFillDCU END
2026-05-14 11:26:08 --
2026-05-14 11:26:43 StartA1Fluid: Start
2026-05-14 11:26:44 StartA1Fluid: End
2026-05-14 11:26:44 StartH1Fluid: Start
2026-05-14 11:26:44 StartH1Fluid: End
2026-05-14 11:26:48 POS DCU1 : 239.1, Target : 250.0.
2026-05-14 11:26:52 CloseA1Fluid: Start
2026-05-14 11:26:52 CloseA1Fluid: End
2026-05-14 11:26:52 FillDCU (Cycle) time: 9.958s
2026-05-14 11:26:52  mainFillDCU END
2026-05-14 11:28:22 --
2026-05-14 11:29:34 StartA1Fluid: Start
2026-05-14 11:29:34 StartA1Fluid: End
2026-05-14 11:29:34 StartH1Fluid: Start
2026-05-14 11:29:35 StartH1Fluid: End
2026-05-14 11:29:41 POS DCU1 : 243.1, Target : 250.0.
2026-05-14 11:29:43 CloseA1Fluid: Start
2026-05-14 11:29:43 CloseA1Fluid: End
2026-05-14 11:29:43 FillDCU (Cycle) time: 10.317s
2026-05-14 11:29:43  mainFillDCU END
2026-05-14 11:31:20 StartA1Fluid: Start
2026-05-14 11:31:21 StartA1Fluid: End
2026-05-14 11:31:21 StartH1Fluid: Start
2026-05-14 11:31:21 StartH1Fluid: End
2026-05-14 11:31:28 POS DCU1 : 240.3, Target : 250.0.
2026-05-14 11:31:29 CloseA1Fluid: Start
2026-05-14 11:31:29 CloseA1Fluid: End
2026-05-14 11:31:29 FillDCU (Cycle) time: 10.01s
2026-05-14 11:31:29  mainFillDCU END
2026-05-14 11:33:29 --
2026-05-14 11:36:07 StartA1Fluid: Start
2026-05-14 11:36:08 StartA1Fluid: End
2026-05-14 11:36:08 StartH1Fluid: Start
2026-05-14 11:36:08 StartH1Fluid: End
2026-05-14 11:36:13 POS DCU1 : 242.3, Target : 250.0.
2026-05-14 11:36:19 CloseA1Fluid: Start
2026-05-14 11:36:19 CloseA1Fluid: End
2026-05-14 11:36:19 FillDCU (Cycle) time: 13.214s
2026-05-14 11:36:19  mainFillDCU END
2026-05-14 11:37:41 --
2026-05-14 11:39:24 StartA1Fluid: Start
2026-05-14 11:39:24 StartA1Fluid: End
2026-05-14 11:39:24 StartH1Fluid: Start
2026-05-14 11:39:25 StartH1Fluid: End
2026-05-14 11:39:32 CheckA1Fluid Restart 296.8
2026-05-14 11:39:32 StartA1Fluid: Start
2026-05-14 11:39:33 StartA1Fluid: End
2026-05-14 11:39:34 POS DCU1 : 243.2, Target : 250.0.
2026-05-14 11:39:36 CloseA1Fluid: Start
2026-05-14 11:39:36 CloseA1Fluid: End
2026-05-14 11:39:36 FillDCU (Cycle) time: 13.063s
2026-05-14 11:39:36  mainFillDCU END
2026-05-14 11:42:52 StartA1Fluid: Start
2026-05-14 11:42:52 StartA1Fluid: End
2026-05-14 11:42:52 StartH1Fluid: Start
2026-05-14 11:42:53 StartH1Fluid: End
2026-05-14 11:42:59 POS DCU1 : 237.7, Target : 250.0.
2026-05-14 11:43:00 CloseA1Fluid: Start
2026-05-14 11:43:01 CloseA1Fluid: End
2026-05-14 11:43:01 FillDCU (Cycle) time: 9.885s
2026-05-14 11:43:01  mainFillDCU END
2026-05-14 11:47:29 --
2026-05-14 11:48:33 StartA1Fluid: Start
2026-05-14 11:48:33 StartA1Fluid: End
2026-05-14 11:48:33 StartH1Fluid: Start
2026-05-14 11:48:34 StartH1Fluid: End
2026-05-14 11:48:40 POS DCU1 : 241.8, Target : 250.0.
2026-05-14 11:48:42 CloseA1Fluid: Start
2026-05-14 11:48:42 CloseA1Fluid: End
2026-05-14 11:48:42 FillDCU (Cycle) time: 10.217s
2026-05-14 11:48:42  mainFillDCU END
2026-05-14 12:01:37 StartA1Fluid: Start
2026-05-14 12:01:38 StartA1Fluid: End
2026-05-14 12:01:38 StartH1Fluid: Start
2026-05-14 12:01:38 StartH1Fluid: End
2026-05-14 12:01:45 POS DCU1 : 241.7, Target : 250.0.
2026-05-14 12:01:49 CloseA1Fluid: Start
2026-05-14 12:01:49 CloseA1Fluid: End
2026-05-14 12:01:49 FillDCU (Cycle) time: 12.979s
2026-05-14 12:01:49  mainFillDCU END
2026-05-14 12:24:54 StartA1Fluid: Start
2026-05-14 12:24:55 StartA1Fluid: End
2026-05-14 12:24:55 StartH1Fluid: Start
2026-05-14 12:24:55 StartH1Fluid: End
2026-05-14 12:25:02 POS DCU1 : 241.9, Target : 250.0.
2026-05-14 12:25:06 CloseA1Fluid: Start
2026-05-14 12:25:06 CloseA1Fluid: End
2026-05-14 12:25:06 FillDCU (Cycle) time: 13.11s
2026-05-14 12:25:06  mainFillDCU END
2026-05-14 12:29:02 --
2026-05-14 12:31:14 StartA1Fluid: Start
2026-05-14 12:31:15 StartA1Fluid: End
2026-05-14 12:31:15 StartH1Fluid: Start
2026-05-14 12:31:15 StartH1Fluid: End
2026-05-14 12:31:21 POS DCU1 : 238.3, Target : 250.0.
2026-05-14 12:31:26 CloseA1Fluid: Start
2026-05-14 12:31:26 CloseA1Fluid: End
2026-05-14 12:31:26 FillDCU (Cycle) time: 13.18s
2026-05-14 12:31:26  mainFillDCU END
2026-05-14 12:34:15 StartA1Fluid: Start
2026-05-14 12:34:16 StartA1Fluid: End
2026-05-14 12:34:16 StartH1Fluid: Start
2026-05-14 12:34:16 StartH1Fluid: End
2026-05-14 12:34:19 POS DCU1 : 238.6, Target : 250.0.
2026-05-14 12:34:23 CloseA1Fluid: Start
2026-05-14 12:34:23 CloseA1Fluid: End
2026-05-14 12:34:23 FillDCU (Cycle) time: 9.391s
2026-05-14 12:34:23  mainFillDCU END
2026-05-14 12:39:39 --
2026-05-14 12:40:23 StartA1Fluid: Start
2026-05-14 12:40:24 StartA1Fluid: End
2026-05-14 12:40:24 StartH1Fluid: Start
2026-05-14 12:40:24 StartH1Fluid: End
2026-05-14 12:40:30 POS DCU1 : 240.3, Target : 250.0.
2026-05-14 12:40:31 CloseA1Fluid: Start
2026-05-14 12:40:31 CloseA1Fluid: End
2026-05-14 12:40:32 FillDCU (Cycle) time: 9.671s
2026-05-14 12:40:32  mainFillDCU END
2026-05-14 12:54:02 StartA1Fluid: Start
2026-05-14 12:54:03 StartA1Fluid: End
2026-05-14 12:54:03 StartH1Fluid: Start
2026-05-14 12:54:03 StartH1Fluid: End
2026-05-14 12:54:10 POS DCU1 : 239.2, Target : 250.0.
2026-05-14 12:54:10 CloseA1Fluid: Start
2026-05-14 12:54:10 CloseA1Fluid: End
2026-05-14 12:54:10 FillDCU (Cycle) time: 9.061s
2026-05-14 12:54:10  mainFillDCU END
2026-05-14 12:56:06 --
2026-05-14 12:57:56 StartA1Fluid: Start
2026-05-14 12:57:56 StartA1Fluid: End
2026-05-14 12:57:56 StartH1Fluid: Start
2026-05-14 12:57:56 StartH1Fluid: End
2026-05-14 12:58:01 POS DCU1 : 238.2, Target : 250.0.
2026-05-14 12:58:07 CloseA1Fluid: Start
2026-05-14 12:58:07 CloseA1Fluid: End
2026-05-14 12:58:08 FillDCU (Cycle) time: 13.114s
2026-05-14 12:58:08  mainFillDCU END
2026-05-14 13:00:16 --
2026-05-14 13:01:59 StartA1Fluid: Start
2026-05-14 13:02:00 StartA1Fluid: End
2026-05-14 13:02:00 StartH1Fluid: Start
2026-05-14 13:02:00 StartH1Fluid: End
2026-05-14 13:02:05 POS DCU1 : 240.6, Target : 250.0.
2026-05-14 13:02:11 CloseA1Fluid: Start
2026-05-14 13:02:11 CloseA1Fluid: End
2026-05-14 13:02:11 FillDCU (Cycle) time: 13.09s
2026-05-14 13:02:11  mainFillDCU END
2026-05-14 13:04:05 StartA1Fluid: Start
2026-05-14 13:04:06 StartA1Fluid: End
2026-05-14 13:04:06 StartH1Fluid: Start
2026-05-14 13:04:06 StartH1Fluid: End
2026-05-14 13:04:10 POS DCU1 : 240.1, Target : 250.0.
2026-05-14 13:04:12 CloseA1Fluid: Start
2026-05-14 13:04:12 CloseA1Fluid: End
2026-05-14 13:04:12 FillDCU (Cycle) time: 8.315s
2026-05-14 13:04:12  mainFillDCU END
2026-05-14 13:07:58 --
2026-05-14 13:08:26 StartA1Fluid: Start
2026-05-14 13:08:27 StartA1Fluid: End
2026-05-14 13:08:27 StartH1Fluid: Start
2026-05-14 13:08:27 StartH1Fluid: End
2026-05-14 13:08:31 POS DCU1 : 242.3, Target : 250.0.
2026-05-14 13:08:32 CloseA1Fluid: Start
2026-05-14 13:08:32 CloseA1Fluid: End
2026-05-14 13:08:32 FillDCU (Cycle) time: 7.373s
2026-05-14 13:08:32  mainFillDCU END
2026-05-14 13:10:34 StartA1Fluid: Start
2026-05-14 13:10:34 StartA1Fluid: End
2026-05-14 13:10:34 StartH1Fluid: Start
2026-05-14 13:10:35 StartH1Fluid: End
2026-05-14 13:10:39 POS DCU1 : 241.9, Target : 250.0.
2026-05-14 13:10:39 CloseA1Fluid: Start
2026-05-14 13:10:39 CloseA1Fluid: End
2026-05-14 13:10:39 FillDCU (Cycle) time: 6.678s
2026-05-14 13:10:39  mainFillDCU END
2026-05-14 13:13:27 StartA1Fluid: Start
2026-05-14 13:13:28 StartA1Fluid: End
2026-05-14 13:13:28 StartH1Fluid: Start
2026-05-14 13:13:28 StartH1Fluid: End
2026-05-14 13:13:31 POS DCU1 : 240.6, Target : 250.0.
2026-05-14 13:13:36 CloseA1Fluid: Start
2026-05-14 13:13:36 CloseA1Fluid: End
2026-05-14 13:13:36 FillDCU (Cycle) time: 9.93s
2026-05-14 13:13:36  mainFillDCU END
2026-05-14 13:17:13 --
2026-05-14 13:18:17 StartA1Fluid: Start
2026-05-14 13:18:17 StartA1Fluid: End
2026-05-14 13:18:17 StartH1Fluid: Start
2026-05-14 13:18:17 StartH1Fluid: End
2026-05-14 13:18:24 POS DCU1 : 240.8, Target : 250.0.
2026-05-14 13:18:26 CloseA1Fluid: Start
2026-05-14 13:18:26 CloseA1Fluid: End
2026-05-14 13:18:26 FillDCU (Cycle) time: 10.334s
2026-05-14 13:18:26  mainFillDCU END
2026-05-14 13:20:03 StartA1Fluid: Start
2026-05-14 13:20:03 StartA1Fluid: End
2026-05-14 13:20:03 StartH1Fluid: Start
2026-05-14 13:20:04 StartH1Fluid: End
2026-05-14 13:20:11 POS DCU1 : 239.5, Target : 250.0.
2026-05-14 13:20:11 CloseA1Fluid: Start
2026-05-14 13:20:11 CloseA1Fluid: End
2026-05-14 13:20:12 FillDCU (Cycle) time: 9.88s
2026-05-14 13:20:12  mainFillDCU END
2026-05-14 13:22:41 --
2026-05-14 13:23:53 StartA1Fluid: Start
2026-05-14 13:23:54 StartA1Fluid: End
2026-05-14 13:23:54 StartH1Fluid: Start
2026-05-14 13:23:54 StartH1Fluid: End
2026-05-14 13:24:00 POS DCU1 : 243.1, Target : 250.0.
2026-05-14 13:24:02 CloseA1Fluid: Start
2026-05-14 13:24:02 CloseA1Fluid: End
2026-05-14 13:24:02 FillDCU (Cycle) time: 10.373s
2026-05-14 13:24:02  mainFillDCU END
2026-05-14 13:27:48 StartA1Fluid: Start
2026-05-14 13:27:48 StartA1Fluid: End
2026-05-14 13:27:48 StartH1Fluid: Start
2026-05-14 13:27:49 StartH1Fluid: End
2026-05-14 13:27:56 POS DCU1 : 239.0, Target : 250.0.
2026-05-14 13:27:56 CloseA1Fluid: Start
2026-05-14 13:27:56 CloseA1Fluid: End
2026-05-14 13:27:56 FillDCU (Cycle) time: 9.442s
2026-05-14 13:27:56  mainFillDCU END
2026-05-14 13:48:54 StartA1Fluid: Start
2026-05-14 13:48:54 StartH1Fluid: Start
2026-05-14 13:48:54 StartH1Fluid: End
2026-05-14 13:49:06 CloseA1Fluid: Start
2026-05-14 13:49:06 CloseA1Fluid: End
2026-05-14 13:49:06 FillDCU (Cycle) time: 12.973s
2026-05-14 13:49:06  mainFillDCU END
2026-05-14 13:58:29 StartA1Fluid: Start
2026-05-14 13:58:30 StartA1Fluid: End
2026-05-14 13:58:30 StartH1Fluid: Start
2026-05-14 13:58:30 StartH1Fluid: End
2026-05-14 13:58:37 POS DCU1 : 243.1, Target : 250.0.
2026-05-14 13:58:37 CloseA1Fluid: Start
2026-05-14 13:58:37 CloseA1Fluid: End
2026-05-14 13:58:38 FillDCU (Cycle) time: 9.58s
2026-05-14 13:58:38  mainFillDCU END
2026-05-14 14:02:32 --
2026-05-14 14:03:23 StartA1Fluid: Start
2026-05-14 14:03:24 StartA1Fluid: End
2026-05-14 14:03:24 StartH1Fluid: Start
2026-05-14 14:03:24 StartH1Fluid: End
2026-05-14 14:03:28 POS DCU1 : 238.2, Target : 250.0.
2026-05-14 14:03:30 CloseA1Fluid: Start
2026-05-14 14:03:30 CloseA1Fluid: End
2026-05-14 14:03:30 FillDCU (Cycle) time: 7.613s
2026-05-14 14:03:30  mainFillDCU END
2026-05-14 14:05:05 StartA1Fluid: Start
2026-05-14 14:05:05 StartA1Fluid: End
2026-05-14 14:05:05 StartH1Fluid: Start
2026-05-14 14:05:05 StartH1Fluid: End
2026-05-14 14:05:10 POS DCU1 : 242.3, Target : 250.0.
2026-05-14 14:05:13 CloseA1Fluid: Start
2026-05-14 14:05:14 CloseA1Fluid: End
2026-05-14 14:05:14 FillDCU (Cycle) time: 10.173s
2026-05-14 14:05:14  mainFillDCU END
2026-05-14 14:10:30 StartA1Fluid: Start
2026-05-14 14:10:31 StartA1Fluid: End
2026-05-14 14:10:31 StartH1Fluid: Start
2026-05-14 14:10:31 StartH1Fluid: End
2026-05-14 14:10:38 POS DCU1 : 242.1, Target : 250.0.
2026-05-14 14:10:38 CloseA1Fluid: Start
2026-05-14 14:10:39 CloseA1Fluid: End
2026-05-14 14:10:39 FillDCU (Cycle) time: 9.536s
2026-05-14 14:10:39  mainFillDCU END
2026-05-14 14:15:17 StartA1Fluid: Start
2026-05-14 14:15:18 StartA1Fluid: End
2026-05-14 14:15:18 StartH1Fluid: Start
2026-05-14 14:15:18 StartH1Fluid: End
2026-05-14 14:15:22 POS DCU1 : 239.2, Target : 250.0.
2026-05-14 14:15:23 CloseA1Fluid: Start
2026-05-14 14:15:23 CloseA1Fluid: End
2026-05-14 14:15:23 FillDCU (Cycle) time: 7.31s
2026-05-14 14:15:23  mainFillDCU END
2026-05-14 14:19:08 --
2026-05-14 14:20:14 StartA1Fluid: Start
2026-05-14 14:20:14 StartA1Fluid: End
2026-05-14 14:20:14 StartH1Fluid: Start
2026-05-14 14:20:14 StartH1Fluid: End
2026-05-14 14:20:18 POS DCU1 : 242.7, Target : 250.0.
2026-05-14 14:20:19 CloseA1Fluid: Start
2026-05-14 14:20:20 CloseA1Fluid: End
2026-05-14 14:20:20 FillDCU (Cycle) time: 7.094s
2026-05-14 14:20:20  mainFillDCU END
2026-05-14 14:25:08 StartA1Fluid: Start
2026-05-14 14:25:08 StartA1Fluid: End
2026-05-14 14:25:08 StartH1Fluid: Start
2026-05-14 14:25:08 StartH1Fluid: End
2026-05-14 14:25:12 POS DCU1 : 239.8, Target : 250.0.
2026-05-14 14:25:14 CloseA1Fluid: Start
2026-05-14 14:25:14 CloseA1Fluid: End
2026-05-14 14:25:15 FillDCU (Cycle) time: 8.164s
2026-05-14 14:25:15  mainFillDCU END
2026-05-14 14:28:35 --
2026-05-14 14:29:34 StartA1Fluid: Start
2026-05-14 14:29:34 StartA1Fluid: End
2026-05-14 14:29:34 StartH1Fluid: Start
2026-05-14 14:29:34 StartH1Fluid: End
2026-05-14 14:29:39 POS DCU1 : 243.4, Target : 250.0.
2026-05-14 14:29:40 CloseA1Fluid: Start
2026-05-14 14:29:40 CloseA1Fluid: End
2026-05-14 14:29:40 FillDCU (Cycle) time: 7.307s
2026-05-14 14:29:40  mainFillDCU END
2026-05-14 14:31:15 StartA1Fluid: Start
2026-05-14 14:31:16 StartA1Fluid: End
2026-05-14 14:31:16 StartH1Fluid: Start
2026-05-14 14:31:16 StartH1Fluid: End
2026-05-14 14:31:20 POS DCU1 : 242.0, Target : 250.0.
2026-05-14 14:31:23 CloseA1Fluid: Start
2026-05-14 14:31:24 CloseA1Fluid: End
2026-05-14 14:31:24 FillDCU (Cycle) time: 9.747s
2026-05-14 14:31:24  mainFillDCU END
2026-05-14 14:33:37 --
2026-05-14 14:34:40 StartA1Fluid: Start
2026-05-14 14:34:41 StartA1Fluid: End
2026-05-14 14:34:41 StartH1Fluid: Start
2026-05-14 14:34:41 StartH1Fluid: End
2026-05-14 14:34:47 POS DCU1 : 240.9, Target : 250.0.
2026-05-14 14:34:49 CloseA1Fluid: Start
2026-05-14 14:34:49 CloseA1Fluid: End
2026-05-14 14:34:49 FillDCU (Cycle) time: 10.303s
2026-05-14 14:34:49  mainFillDCU END
2026-05-14 14:51:39 StartA1Fluid: Start
2026-05-14 14:51:39 StartA1Fluid: End
2026-05-14 14:51:39 StartH1Fluid: Start
2026-05-14 14:51:39 StartH1Fluid: End
2026-05-14 14:51:47 POS DCU1 : 242.8, Target : 250.0.
2026-05-14 14:51:48 CloseA1Fluid: Start
2026-05-14 14:51:48 CloseA1Fluid: End
2026-05-14 14:51:48 FillDCU (Cycle) time: 10.454s
2026-05-14 14:51:48  mainFillDCU END
2026-05-14 14:56:34 StartA1Fluid: Start
2026-05-14 14:56:34 StartA1Fluid: End
2026-05-14 14:56:34 StartH1Fluid: Start
2026-05-14 14:56:35 StartH1Fluid: End
2026-05-14 14:56:42 POS DCU1 : 241.9, Target : 250.0.
2026-05-14 14:56:42 CloseA1Fluid: Start
2026-05-14 14:56:42 CloseA1Fluid: End
2026-05-14 14:56:42 FillDCU (Cycle) time: 9.782s
2026-05-14 14:56:42  mainFillDCU END
2026-05-14 15:01:53 --
2026-05-14 15:02:56 StartA1Fluid: Start
2026-05-14 15:02:57 StartA1Fluid: End
2026-05-14 15:02:57 StartH1Fluid: Start
2026-05-14 15:02:57 StartH1Fluid: End
2026-05-14 15:03:03 POS DCU1 : 240.8, Target : 250.0.
2026-05-14 15:03:05 CloseA1Fluid: Start
2026-05-14 15:03:05 CloseA1Fluid: End
2026-05-14 15:03:06 FillDCU (Cycle) time: 10.522s
2026-05-14 15:03:06  mainFillDCU END
2026-05-14 15:08:46 StartA1Fluid: Start
2026-05-14 15:08:46 StartA1Fluid: End
2026-05-14 15:08:46 StartH1Fluid: Start
2026-05-14 15:08:46 StartH1Fluid: End
2026-05-14 15:08:54 POS DCU1 : 243.1, Target : 250.0.
2026-05-14 15:08:54 CloseA1Fluid: Start
2026-05-14 15:08:54 CloseA1Fluid: End
2026-05-14 15:08:54 FillDCU (Cycle) time: 9.361s
2026-05-14 15:08:54  mainFillDCU END
2026-05-14 15:17:46 StartA1Fluid: Start
2026-05-14 15:17:46 StartA1Fluid: End
2026-05-14 15:17:46 StartH1Fluid: Start
2026-05-14 15:17:46 StartH1Fluid: End
2026-05-14 15:17:51 POS DCU1 : 242.2, Target : 250.0.
2026-05-14 15:17:57 CloseA1Fluid: Start
2026-05-14 15:17:57 CloseA1Fluid: End
2026-05-14 15:17:58 FillDCU (Cycle) time: 13.164s
2026-05-14 15:17:58  mainFillDCU END
2026-05-14 15:22:46 --
2026-05-14 15:24:27 StartA1Fluid: Start
2026-05-14 15:24:28 StartA1Fluid: End
2026-05-14 15:24:28 StartH1Fluid: Start
2026-05-14 15:24:28 StartH1Fluid: End
2026-05-14 15:24:33 POS DCU1 : 240.6, Target : 250.0.
2026-05-14 15:24:39 CloseA1Fluid: Start
2026-05-14 15:24:39 CloseA1Fluid: End
2026-05-14 15:24:39 FillDCU (Cycle) time: 13.13s
2026-05-14 15:24:39  mainFillDCU END
2026-05-14 15:26:27 StartA1Fluid: Start
2026-05-14 15:26:28 StartA1Fluid: End
2026-05-14 15:26:28 StartH1Fluid: Start
2026-05-14 15:26:28 StartH1Fluid: End
2026-05-14 15:26:31 POS DCU1 : 239.9, Target : 250.0.
2026-05-14 15:26:31 CloseA1Fluid: Start
2026-05-14 15:26:31 CloseA1Fluid: End
2026-05-14 15:26:31 FillDCU (Cycle) time: 5.252s
2026-05-14 15:26:31  mainFillDCU END
2026-05-14 15:31:34 StartA1Fluid: Start
2026-05-14 15:31:35 StartA1Fluid: End
2026-05-14 15:31:35 StartH1Fluid: Start
2026-05-14 15:31:35 StartH1Fluid: End
2026-05-14 15:31:37 POS DCU1 : 237.8, Target : 250.0.
2026-05-14 15:31:40 CloseA1Fluid: Start
2026-05-14 15:31:40 CloseA1Fluid: End
2026-05-14 15:31:40 FillDCU (Cycle) time: 6.72s
2026-05-14 15:31:40  mainFillDCU END
2026-05-14 15:32:43 --
2026-05-14 15:33:45 StartA1Fluid: Start
2026-05-14 15:33:46 StartA1Fluid: End
2026-05-14 15:33:46 StartH1Fluid: Start
2026-05-14 15:33:46 StartH1Fluid: End
2026-05-14 15:33:49 POS DCU1 : 243.2, Target : 250.0.
2026-05-14 15:33:51 CloseA1Fluid: Start
2026-05-14 15:33:51 CloseA1Fluid: End
2026-05-14 15:33:51 FillDCU (Cycle) time: 7.209s
2026-05-14 15:33:51  mainFillDCU END
2026-05-14 15:34:51 --
2026-05-14 15:35:28 StartA1Fluid: Start
2026-05-14 15:35:29 StartA1Fluid: End
2026-05-14 15:35:29 StartH1Fluid: Start
2026-05-14 15:35:29 StartH1Fluid: End
2026-05-14 15:35:33 POS DCU1 : 238.9, Target : 250.0.
2026-05-14 15:35:40 CloseA1Fluid: Start
2026-05-14 15:35:40 CloseA1Fluid: End
2026-05-14 15:35:40 FillDCU (Cycle) time: 13.238s
2026-05-14 15:35:40  mainFillDCU END
2026-05-14 15:38:57 StartA1Fluid: Start
2026-05-14 15:38:57 StartA1Fluid: End
2026-05-14 15:38:57 StartH1Fluid: Start
2026-05-14 15:38:57 StartH1Fluid: End
2026-05-14 15:39:05 POS DCU1 : 242.6, Target : 250.0.
2026-05-14 15:39:05 CloseA1Fluid: Start
2026-05-14 15:39:05 CloseA1Fluid: End
2026-05-14 15:39:05 FillDCU (Cycle) time: 9.657s
2026-05-14 15:39:05  mainFillDCU END
2026-05-14 15:42:23 --
2026-05-14 15:42:50 StartA1Fluid: Start
2026-05-14 15:42:50 StartA1Fluid: End
2026-05-14 15:42:50 StartH1Fluid: Start
2026-05-14 15:42:51 StartH1Fluid: End
2026-05-14 15:42:51 POS DCU1 : 243.5, Target : 250.0.
2026-05-14 15:42:55 CloseA1Fluid: Start
2026-05-14 15:42:55 CloseA1Fluid: End
2026-05-14 15:42:55 FillDCU (Cycle) time: 6.516s
2026-05-14 15:42:55  mainFillDCU END
2026-05-14 15:44:42 --
2026-05-14 15:45:10 StartA1Fluid: Start
2026-05-14 15:45:11 StartA1Fluid: End
2026-05-14 15:45:11 StartH1Fluid: Start
2026-05-14 15:45:11 StartH1Fluid: End
2026-05-14 15:45:15 POS DCU1 : 238.9, Target : 250.0.
2026-05-14 15:45:17 CloseA1Fluid: Start
2026-05-14 15:45:17 CloseA1Fluid: End
2026-05-14 15:45:18 FillDCU (Cycle) time: 8.481s
2026-05-14 15:45:18  mainFillDCU END
2026-05-14 15:49:52 --
2026-05-14 15:50:50 StartA1Fluid: Start
2026-05-14 15:50:51 StartA1Fluid: End
2026-05-14 15:50:51 StartH1Fluid: Start
2026-05-14 15:50:51 StartH1Fluid: End
2026-05-14 15:50:56 POS DCU1 : 238.6, Target : 250.0.
2026-05-14 15:50:56 CloseA1Fluid: Start
2026-05-14 15:50:57 CloseA1Fluid: End
2026-05-14 15:50:57 FillDCU (Cycle) time: 7.376s
2026-05-14 15:50:57  mainFillDCU END
2026-05-14 15:51:54 --
2026-05-14 15:52:32 StartA1Fluid: Start
2026-05-14 15:52:32 StartA1Fluid: End
2026-05-14 15:52:32 StartH1Fluid: Start
2026-05-14 15:52:33 StartH1Fluid: End
2026-05-14 15:52:37 POS DCU1 : 237.8, Target : 250.0.
2026-05-14 15:52:39 CloseA1Fluid: Start
2026-05-14 15:52:39 CloseA1Fluid: End
2026-05-14 15:52:39 FillDCU (Cycle) time: 8.249s
2026-05-14 15:52:39  mainFillDCU END
2026-05-14 15:57:34 StartA1Fluid: Start
2026-05-14 15:57:34 StartA1Fluid: End
2026-05-14 15:57:34 StartH1Fluid: Start
2026-05-14 15:57:35 StartH1Fluid: End
2026-05-14 15:57:40 POS DCU1 : 240.7, Target : 250.0.
2026-05-14 15:57:44 CloseA1Fluid: Start
2026-05-14 15:57:44 CloseA1Fluid: End
2026-05-14 15:57:44 FillDCU (Cycle) time: 11.398s
2026-05-14 15:57:44  mainFillDCU END
2026-05-14 16:03:18 StartA1Fluid: Start
2026-05-14 16:03:19 StartA1Fluid: End
2026-05-14 16:03:19 StartH1Fluid: Start
2026-05-14 16:03:19 StartH1Fluid: End
2026-05-14 16:03:26 POS DCU1 : 239.8, Target : 250.0.
2026-05-14 16:03:30 CloseA1Fluid: Start
2026-05-14 16:03:30 CloseA1Fluid: End
2026-05-14 16:03:30 FillDCU (Cycle) time: 13.105s
2026-05-14 16:03:30  mainFillDCU END
2026-05-14 16:07:32 --
2026-05-14 16:09:13 StartA1Fluid: Start
2026-05-14 16:09:14 StartA1Fluid: End
2026-05-14 16:09:14 StartH1Fluid: Start
2026-05-14 16:09:14 StartH1Fluid: End
2026-05-14 16:09:22 CheckA1Fluid Restart 269.7
2026-05-14 16:09:22 StartA1Fluid: Start
2026-05-14 16:09:22 StartA1Fluid: End
2026-05-14 16:09:23 POS DCU1 : 238.5, Target : 250.0.
2026-05-14 16:09:25 CloseA1Fluid: Start
2026-05-14 16:09:25 CloseA1Fluid: End
2026-05-14 16:09:25 FillDCU (Cycle) time: 13.123s
2026-05-14 16:09:25  mainFillDCU END
2026-05-14 16:11:13 StartA1Fluid: Start
2026-05-14 16:11:14 StartA1Fluid: End
2026-05-14 16:11:14 StartH1Fluid: Start
2026-05-14 16:11:14 StartH1Fluid: End
2026-05-14 16:11:19 POS DCU1 : 241.1, Target : 250.0.
2026-05-14 16:11:25 CloseA1Fluid: Start
2026-05-14 16:11:25 CloseA1Fluid: End
2026-05-14 16:11:25 FillDCU (Cycle) time: 13.11s
2026-05-14 16:11:25  mainFillDCU END
2026-05-14 16:14:16 --
2026-05-14 16:14:51 StartA1Fluid: Start
2026-05-14 16:14:51 StartA1Fluid: End
2026-05-14 16:14:51 StartH1Fluid: Start
2026-05-14 16:14:51 StartH1Fluid: End
2026-05-14 16:14:54 POS DCU1 : 239.0, Target : 250.0.
2026-05-14 16:15:02 CloseA1Fluid: Start
2026-05-14 16:15:02 CloseA1Fluid: End
2026-05-14 16:15:02 FillDCU (Cycle) time: 12.994s
2026-05-14 16:15:02  mainFillDCU END
2026-05-14 16:16:03 --
2026-05-14 16:16:37 StartA1Fluid: Start
2026-05-14 16:16:38 StartA1Fluid: End
2026-05-14 16:16:38 StartH1Fluid: Start
2026-05-14 16:16:38 StartH1Fluid: End
2026-05-14 16:16:40 POS DCU1 : 237.8, Target : 250.0.
2026-05-14 16:16:46 CloseA1Fluid: Start
2026-05-14 16:16:46 CloseA1Fluid: End
2026-05-14 16:16:46 FillDCU (Cycle) time: 9.877s
2026-05-14 16:16:46  mainFillDCU END
2026-05-14 16:18:57 --
2026-05-14 16:19:59 StartA1Fluid: Start
2026-05-14 16:20:00 StartA1Fluid: End
2026-05-14 16:20:00 StartH1Fluid: Start
2026-05-14 16:20:00 StartH1Fluid: End
2026-05-14 16:20:06 POS DCU1 : 242.1, Target : 250.0.
2026-05-14 16:20:08 CloseA1Fluid: Start
2026-05-14 16:20:08 CloseA1Fluid: End
2026-05-14 16:20:08 FillDCU (Cycle) time: 10.343s
2026-05-14 16:20:08  mainFillDCU END
2026-05-14 16:21:58 --
2026-05-14 16:22:26 StartA1Fluid: Start
2026-05-14 16:22:27 StartA1Fluid: End
2026-05-14 16:22:27 StartH1Fluid: Start
2026-05-14 16:22:27 StartH1Fluid: End
2026-05-14 16:22:34 POS DCU1 : 238.9, Target : 250.0.
2026-05-14 16:22:34 CloseA1Fluid: Start
2026-05-14 16:22:35 CloseA1Fluid: End
2026-05-14 16:22:35 FillDCU (Cycle) time: 9.781s
2026-05-14 16:22:35  mainFillDCU END
2026-05-14 16:26:37 --
2026-05-14 16:27:05 StartA1Fluid: Start
2026-05-14 16:27:05 StartA1Fluid: End
2026-05-14 16:27:05 StartH1Fluid: Start
2026-05-14 16:27:06 StartH1Fluid: End
2026-05-14 16:27:10 POS DCU1 : 240.5, Target : 250.0.
2026-05-14 16:27:11 CloseA1Fluid: Start
2026-05-14 16:27:11 CloseA1Fluid: End
2026-05-14 16:27:11 FillDCU (Cycle) time: 7.329s
2026-05-14 16:27:11  mainFillDCU END
2026-05-14 16:28:00 --
2026-05-14 16:28:45 StartA1Fluid: Start
2026-05-14 16:28:45 StartA1Fluid: End
2026-05-14 16:28:45 StartH1Fluid: Start
2026-05-14 16:28:45 StartH1Fluid: End
2026-05-14 16:28:50 POS DCU1 : 239.7, Target : 250.0.
2026-05-14 16:28:53 CloseA1Fluid: Start
2026-05-14 16:28:53 CloseA1Fluid: End
2026-05-14 16:28:53 FillDCU (Cycle) time: 9.818s
2026-05-14 16:28:53  mainFillDCU END
2026-05-14 16:33:12 --
2026-05-14 16:34:15 StartA1Fluid: Start
2026-05-14 16:34:16 StartA1Fluid: End
2026-05-14 16:34:16 StartH1Fluid: Start
2026-05-14 16:34:16 StartH1Fluid: End
2026-05-14 16:34:22 POS DCU1 : 241.5, Target : 250.0.
2026-05-14 16:34:24 CloseA1Fluid: Start
2026-05-14 16:34:24 CloseA1Fluid: End
2026-05-14 16:34:25 FillDCU (Cycle) time: 10.473s
2026-05-14 16:34:25  mainFillDCU END
2026-05-14 16:35:19 --
2026-05-14 16:36:02 StartA1Fluid: Start
2026-05-14 16:36:02 StartA1Fluid: End
2026-05-14 16:36:02 StartH1Fluid: Start
2026-05-14 16:36:03 StartH1Fluid: End
2026-05-14 16:36:10 POS DCU1 : 240.6, Target : 250.0.
2026-05-14 16:36:10 CloseA1Fluid: Start
2026-05-14 16:36:10 CloseA1Fluid: End
2026-05-14 16:36:10 FillDCU (Cycle) time: 9.493s
2026-05-14 16:36:10  mainFillDCU END
2026-05-14 16:39:44 --
2026-05-14 16:40:18 StartA1Fluid: Start
2026-05-14 16:40:19 StartA1Fluid: End
2026-05-14 16:40:19 StartH1Fluid: Start
2026-05-14 16:40:19 StartH1Fluid: End
2026-05-14 16:40:23 POS DCU1 : 240.2, Target : 250.0.
2026-05-14 16:40:27 CloseA1Fluid: Start
2026-05-14 16:40:27 CloseA1Fluid: End
2026-05-14 16:40:27 FillDCU (Cycle) time: 9.887s
2026-05-14 16:40:27  mainFillDCU END
2026-05-14 16:45:12 --
2026-05-14 16:46:15 StartA1Fluid: Start
2026-05-14 16:46:16 StartA1Fluid: End
2026-05-14 16:46:16 StartH1Fluid: Start
2026-05-14 16:46:16 StartH1Fluid: End
2026-05-14 16:46:22 POS DCU1 : 243.2, Target : 250.0.
2026-05-14 16:46:24 CloseA1Fluid: Start
2026-05-14 16:46:24 CloseA1Fluid: End
2026-05-14 16:46:24 FillDCU (Cycle) time: 10.326s
2026-05-14 16:46:24  mainFillDCU END
2026-05-14 16:49:27 StartA1Fluid: Start
2026-05-14 16:49:28 StartA1Fluid: End
2026-05-14 16:49:28 StartH1Fluid: Start
2026-05-14 16:49:28 StartH1Fluid: End
2026-05-14 16:49:35 POS DCU1 : 241.5, Target : 250.0.
2026-05-14 16:49:35 CloseA1Fluid: Start
2026-05-14 16:49:35 CloseA1Fluid: End
2026-05-14 16:49:35 FillDCU (Cycle) time: 9.423s
2026-05-14 16:49:35  mainFillDCU END
2026-05-14 16:53:36 --
2026-05-14 16:54:34 StartA1Fluid: Start
2026-05-14 16:54:34 StartA1Fluid: End
2026-05-14 16:54:34 StartH1Fluid: Start
2026-05-14 16:54:35 StartH1Fluid: End
2026-05-14 16:54:39 POS DCU1 : 239.8, Target : 250.0.
2026-05-14 16:54:40 CloseA1Fluid: Start
2026-05-14 16:54:40 CloseA1Fluid: End
2026-05-14 16:54:40 FillDCU (Cycle) time: 7.315s
2026-05-14 16:54:40  mainFillDCU END
2026-05-14 16:55:39 --
2026-05-14 16:56:18 StartA1Fluid: Start
2026-05-14 16:56:19 StartA1Fluid: End
2026-05-14 16:56:19 StartH1Fluid: Start
2026-05-14 16:56:19 StartH1Fluid: End
2026-05-14 16:56:23 POS DCU1 : 239.1, Target : 250.0.
2026-05-14 16:56:30 CloseA1Fluid: Start
2026-05-14 16:56:30 CloseA1Fluid: End
2026-05-14 16:56:30 FillDCU (Cycle) time: 13.07s
2026-05-14 16:56:30  mainFillDCU END
2026-05-14 17:16:08 StartA1Fluid: Start
2026-05-14 17:16:08 StartA1Fluid: End
2026-05-14 17:16:08 StartH1Fluid: Start
2026-05-14 17:16:09 StartH1Fluid: End
2026-05-14 17:16:16 POS DCU1 : 243.2, Target : 250.0.
2026-05-14 17:16:16 CloseA1Fluid: Start
2026-05-14 17:16:16 CloseA1Fluid: End
2026-05-14 17:16:16 FillDCU (Cycle) time: 9.593s
2026-05-14 17:16:16  mainFillDCU END
2026-05-14 17:18:19 --
2026-05-14 17:18:43 StartA1Fluid: Start
2026-05-14 17:18:43 StartA1Fluid: End
2026-05-14 17:18:43 StartH1Fluid: Start
2026-05-14 17:18:44 StartH1Fluid: End
2026-05-14 17:18:46 POS DCU1 : 239.1, Target : 250.0.
2026-05-14 17:18:46 CloseA1Fluid: Start
2026-05-14 17:18:46 CloseA1Fluid: End
2026-05-14 17:18:46 FillDCU (Cycle) time: 4.504s
2026-05-14 17:18:46  mainFillDCU END
2026-05-14 17:24:52 StartA1Fluid: Start
2026-05-14 17:24:52 StartA1Fluid: End
2026-05-14 17:24:52 StartH1Fluid: Start
2026-05-14 17:24:52 StartH1Fluid: End
2026-05-14 17:24:53 POS DCU1 : 231.7, Target : 250.0.
2026-05-14 17:25:00 CloseA1Fluid: Start
2026-05-14 17:25:00 CloseA1Fluid: End
2026-05-14 17:25:00 FillDCU (Cycle) time: 9.919s
2026-05-14 17:25:00  mainFillDCU END
2026-05-14 17:30:22 --
2026-05-14 17:31:14 StartA1Fluid: Start
2026-05-14 17:31:15 StartA1Fluid: End
2026-05-14 17:31:15 StartH1Fluid: Start
2026-05-14 17:31:15 StartH1Fluid: End
2026-05-14 17:31:21 POS DCU1 : 242.9, Target : 250.0.
2026-05-14 17:31:23 CloseA1Fluid: Start
2026-05-14 17:31:23 CloseA1Fluid: End
2026-05-14 17:31:23 FillDCU (Cycle) time: 10.272s
2026-05-14 17:31:23  mainFillDCU END
2026-05-14 17:55:42 StartA1Fluid: Start
2026-05-14 17:55:42 StartA1Fluid: End
2026-05-14 17:55:42 StartH1Fluid: Start
2026-05-14 17:55:43 StartH1Fluid: End
2026-05-14 17:55:50 POS DCU1 : 241.2, Target : 250.0.
2026-05-14 17:55:50 CloseA1Fluid: Start
2026-05-14 17:55:50 CloseA1Fluid: End
2026-05-14 17:55:50 FillDCU (Cycle) time: 9.414s
2026-05-14 17:55:50  mainFillDCU END
2026-05-14 17:58:32 --
2026-05-14 17:59:07 StartA1Fluid: Start
2026-05-14 17:59:08 StartA1Fluid: End
2026-05-14 17:59:08 StartH1Fluid: Start
2026-05-14 17:59:08 StartH1Fluid: End
2026-05-14 17:59:12 POS DCU1 : 239.7, Target : 250.0.
2026-05-14 17:59:16 CloseA1Fluid: Start
2026-05-14 17:59:16 CloseA1Fluid: End
2026-05-14 17:59:16 FillDCU (Cycle) time: 10.46s
2026-05-14 17:59:16  mainFillDCU END
2026-05-14 18:02:13 --
2026-05-14 18:02:57 StartA1Fluid: Start
2026-05-14 18:02:58 StartA1Fluid: End
2026-05-14 18:02:58 StartH1Fluid: Start
2026-05-14 18:02:58 StartH1Fluid: End
2026-05-14 18:03:02 POS DCU1 : 238.9, Target : 250.0.
2026-05-14 18:03:06 CloseA1Fluid: Start
2026-05-14 18:03:06 CloseA1Fluid: End
2026-05-14 18:03:06 FillDCU (Cycle) time: 10.31s
2026-05-14 18:03:06  mainFillDCU END
2026-05-14 18:05:58 StartA1Fluid: Start
2026-05-14 18:05:59 StartA1Fluid: End
2026-05-14 18:05:59 StartH1Fluid: Start
2026-05-14 18:05:59 StartH1Fluid: End
2026-05-14 18:06:06 POS DCU1 : 242.0, Target : 250.0.
2026-05-14 18:06:06 CloseA1Fluid: Start
2026-05-14 18:06:06 CloseA1Fluid: End
2026-05-14 18:06:06 FillDCU (Cycle) time: 9.338s
2026-05-14 18:06:06  mainFillDCU END
2026-05-14 18:12:39 StartA1Fluid: Start
2026-05-14 18:12:39 StartA1Fluid: End
2026-05-14 18:12:39 StartH1Fluid: Start
2026-05-14 18:12:39 StartH1Fluid: End
2026-05-14 18:12:43 POS DCU1 : 240.7, Target : 250.0.
2026-05-14 18:12:50 CloseA1Fluid: Start
2026-05-14 18:12:50 CloseA1Fluid: End
2026-05-14 18:12:51 FillDCU (Cycle) time: 13.108s
2026-05-14 18:12:51  mainFillDCU END
2026-05-14 18:17:51 --
2026-05-14 18:19:38 StartA1Fluid: Start
2026-05-14 18:19:38 StartA1Fluid: End
2026-05-14 18:19:38 StartH1Fluid: Start
2026-05-14 18:19:39 StartH1Fluid: End
2026-05-14 18:19:44 POS DCU1 : 239.3, Target : 250.0.
2026-05-14 18:19:50 CloseA1Fluid: Start
2026-05-14 18:19:50 CloseA1Fluid: End
2026-05-14 18:19:50 FillDCU (Cycle) time: 13.354s
2026-05-14 18:19:50  mainFillDCU END
2026-05-14 18:21:04 --
2026-05-14 18:21:38 StartA1Fluid: Start
2026-05-14 18:21:38 StartA1Fluid: End
2026-05-14 18:21:38 StartH1Fluid: Start
2026-05-14 18:21:38 StartH1Fluid: End
2026-05-14 18:21:42 POS DCU1 : 238.2, Target : 250.0.
2026-05-14 18:21:45 CloseA1Fluid: Start
2026-05-14 18:21:45 CloseA1Fluid: End
2026-05-14 18:21:45 FillDCU (Cycle) time: 8.373s
2026-05-14 18:21:45  mainFillDCU END
2026-05-14 18:25:36 --
2026-05-14 18:26:03 StartA1Fluid: Start
2026-05-14 18:26:04 StartA1Fluid: End
2026-05-14 18:26:04 StartH1Fluid: Start
2026-05-14 18:26:04 StartH1Fluid: End
2026-05-14 18:26:09 POS DCU1 : 239.5, Target : 250.0.
2026-05-14 18:26:09 CloseA1Fluid: Start
2026-05-14 18:26:09 CloseA1Fluid: End
2026-05-14 18:26:09 FillDCU (Cycle) time: 7.278s
2026-05-14 18:26:09  mainFillDCU END
2026-05-14 18:27:44 StartA1Fluid: Start
2026-05-14 18:27:44 StartA1Fluid: End
2026-05-14 18:27:44 StartH1Fluid: Start
2026-05-14 18:27:44 StartH1Fluid: End
2026-05-14 18:27:49 POS DCU1 : 238.4, Target : 250.0.
2026-05-14 18:27:50 CloseA1Fluid: Start
2026-05-14 18:27:50 CloseA1Fluid: End
2026-05-14 18:27:50 FillDCU (Cycle) time: 7.696s
2026-05-14 18:27:50  mainFillDCU END
2026-05-14 18:31:11 --
2026-05-14 18:32:14 StartA1Fluid: Start
2026-05-14 18:32:15 StartA1Fluid: End
2026-05-14 18:32:15 StartH1Fluid: Start
2026-05-14 18:32:15 StartH1Fluid: End
2026-05-14 18:32:19 POS DCU1 : 238.8, Target : 250.0.
2026-05-14 18:32:20 CloseA1Fluid: Start
2026-05-14 18:32:20 CloseA1Fluid: End
2026-05-14 18:32:20 FillDCU (Cycle) time: 7.326s
2026-05-14 18:32:20  mainFillDCU END
2026-05-14 18:33:56 StartA1Fluid: Start
2026-05-14 18:33:56 StartA1Fluid: End
2026-05-14 18:33:56 StartH1Fluid: Start
2026-05-14 18:33:56 StartH1Fluid: End
2026-05-14 18:34:01 POS DCU1 : 242.2, Target : 250.0.
2026-05-14 18:34:02 CloseA1Fluid: Start
2026-05-14 18:34:02 CloseA1Fluid: End
2026-05-14 18:34:02 FillDCU (Cycle) time: 7.814s
2026-05-14 18:34:02  mainFillDCU END
2026-05-14 18:39:58 --
2026-05-14 18:42:17 StartA1Fluid: Start
2026-05-14 18:42:17 StartA1Fluid: End
2026-05-14 18:42:17 StartH1Fluid: Start
2026-05-14 18:42:18 StartH1Fluid: End
2026-05-14 18:42:22 POS DCU1 : 240.7, Target : 250.0.
2026-05-14 18:42:23 CloseA1Fluid: Start
2026-05-14 18:42:23 CloseA1Fluid: End
2026-05-14 18:42:23 FillDCU (Cycle) time: 7.656s
2026-05-14 18:42:23  mainFillDCU END
2026-05-14 18:45:55 --
2026-05-14 18:46:59 StartA1Fluid: Start
2026-05-14 18:46:59 StartA1Fluid: End
2026-05-14 18:46:59 StartH1Fluid: Start
2026-05-14 18:47:00 StartH1Fluid: End
2026-05-14 18:47:04 POS DCU1 : 238.4, Target : 250.0.
2026-05-14 18:47:06 CloseA1Fluid: Start
2026-05-14 18:47:06 CloseA1Fluid: End
2026-05-14 18:47:06 FillDCU (Cycle) time: 8.07s
2026-05-14 18:47:06  mainFillDCU END
2026-05-14 18:48:54 StartA1Fluid: Start
2026-05-14 18:48:55 StartA1Fluid: End
2026-05-14 18:48:55 StartH1Fluid: Start
2026-05-14 18:48:55 StartH1Fluid: End
2026-05-14 18:49:00 POS DCU1 : 238.7, Target : 250.0.
2026-05-14 18:49:02 CloseA1Fluid: Start
2026-05-14 18:49:03 CloseA1Fluid: End
2026-05-14 18:49:03 FillDCU (Cycle) time: 9.782s
2026-05-14 18:49:03  mainFillDCU END
2026-05-14 18:51:14 --
2026-05-14 18:52:05 StartA1Fluid: Start
2026-05-14 18:52:05 StartA1Fluid: End
2026-05-14 18:52:05 StartH1Fluid: Start
2026-05-14 18:52:06 StartH1Fluid: End
2026-05-14 18:52:12 POS DCU1 : 238.4, Target : 250.0.
2026-05-14 18:52:14 CloseA1Fluid: Start
2026-05-14 18:52:14 CloseA1Fluid: End
2026-05-14 18:52:14 FillDCU (Cycle) time: 10.235s
2026-05-14 18:52:14  mainFillDCU END
2026-05-14 18:53:51 StartA1Fluid: Start
2026-05-14 18:53:52 StartA1Fluid: End
2026-05-14 18:53:52 StartH1Fluid: Start
2026-05-14 18:53:52 StartH1Fluid: End
2026-05-14 18:53:59 POS DCU1 : 242.7, Target : 250.0.
2026-05-14 18:53:59 CloseA1Fluid: Start
2026-05-14 18:53:59 CloseA1Fluid: End
2026-05-14 18:53:59 FillDCU (Cycle) time: 9.426s
2026-05-14 18:53:59  mainFillDCU END
2026-05-14 18:55:15 --
2026-05-14 18:57:22 StartA1Fluid: Start
2026-05-14 18:57:23 StartA1Fluid: End
2026-05-14 18:57:23 StartH1Fluid: Start
2026-05-14 18:57:23 StartH1Fluid: End
2026-05-14 18:57:27 POS DCU1 : 241.0, Target : 250.0.
2026-05-14 18:57:34 CloseA1Fluid: Start
2026-05-14 18:57:34 CloseA1Fluid: End
2026-05-14 18:57:34 FillDCU (Cycle) time: 13.206s
2026-05-14 18:57:34  mainFillDCU END
2026-05-14 18:59:00 --
2026-05-14 18:59:55 StartA1Fluid: Start
2026-05-14 18:59:55 StartA1Fluid: End
2026-05-14 18:59:55 StartH1Fluid: Start
2026-05-14 18:59:56 StartH1Fluid: End
2026-05-14 19:00:03 POS DCU1 : 239.3, Target : 250.0.
2026-05-14 19:00:03 CloseA1Fluid: Start
2026-05-14 19:00:03 CloseA1Fluid: End
2026-05-14 19:00:03 FillDCU (Cycle) time: 9.762s
2026-05-14 19:00:03  mainFillDCU END
2026-05-14 19:02:48 --
2026-05-14 19:03:12 StartA1Fluid: Start
2026-05-14 19:03:13 StartA1Fluid: End
2026-05-14 19:03:13 StartH1Fluid: Start
2026-05-14 19:03:13 StartH1Fluid: End
2026-05-14 19:03:14 POS DCU1 : 240.5, Target : 250.0.
2026-05-14 19:03:15 CloseA1Fluid: Start
2026-05-14 19:03:15 CloseA1Fluid: End
2026-05-14 19:03:16 FillDCU (Cycle) time: 4.529s
2026-05-14 19:03:16  mainFillDCU END
2026-05-14 19:06:07 StartA1Fluid: Start
2026-05-14 19:06:08 StartA1Fluid: End
2026-05-14 19:06:08 StartH1Fluid: Start
2026-05-14 19:06:08 StartH1Fluid: End
2026-05-14 19:06:09 POS DCU1 : 242.8, Target : 250.0.
2026-05-14 19:06:14 CloseA1Fluid: Start
2026-05-14 19:06:14 CloseA1Fluid: End
2026-05-14 19:06:14 FillDCU (Cycle) time: 8.389s
2026-05-14 19:06:14  mainFillDCU END
2026-05-14 19:11:56 --
2026-05-14 19:13:02 StartA1Fluid: Start
2026-05-14 19:13:03 StartA1Fluid: End
2026-05-14 19:13:03 StartH1Fluid: Start
2026-05-14 19:13:03 StartH1Fluid: End
2026-05-14 19:13:07 POS DCU1 : 242.7, Target : 250.0.
2026-05-14 19:13:08 CloseA1Fluid: Start
2026-05-14 19:13:08 CloseA1Fluid: End
2026-05-14 19:13:08 FillDCU (Cycle) time: 7.411s
2026-05-14 19:13:08  mainFillDCU END
2026-05-14 19:14:58 StartA1Fluid: Start
2026-05-14 19:14:59 StartA1Fluid: End
2026-05-14 19:14:59 StartH1Fluid: Start
2026-05-14 19:14:59 StartH1Fluid: End
2026-05-14 19:15:03 POS DCU1 : 242.3, Target : 250.0.
2026-05-14 19:15:07 CloseA1Fluid: Start
2026-05-14 19:15:07 CloseA1Fluid: End
2026-05-14 19:15:07 FillDCU (Cycle) time: 9.864s
2026-05-14 19:15:07  mainFillDCU END
2026-05-14 19:17:06 --
2026-05-14 19:18:09 StartA1Fluid: Start
2026-05-14 19:18:10 StartA1Fluid: End
2026-05-14 19:18:10 StartH1Fluid: Start
2026-05-14 19:18:10 StartH1Fluid: End
2026-05-14 19:18:16 POS DCU1 : 240.2, Target : 250.0.
2026-05-14 19:18:18 CloseA1Fluid: Start
2026-05-14 19:18:18 CloseA1Fluid: End
2026-05-14 19:18:18 FillDCU (Cycle) time: 10.383s
2026-05-14 19:18:18  mainFillDCU END
2026-05-14 19:20:02 StartA1Fluid: Start
2026-05-14 19:20:03 StartA1Fluid: End
2026-05-14 19:20:03 StartH1Fluid: Start
2026-05-14 19:20:03 StartH1Fluid: End
2026-05-14 19:20:10 POS DCU1 : 240.0, Target : 250.0.
2026-05-14 19:20:10 CloseA1Fluid: Start
2026-05-14 19:20:10 CloseA1Fluid: End
2026-05-14 19:20:10 FillDCU (Cycle) time: 9.39s
2026-05-14 19:20:10  mainFillDCU END
2026-05-14 19:29:31 StartA1Fluid: Start
2026-05-14 19:29:32 StartA1Fluid: End
2026-05-14 19:29:32 StartH1Fluid: Start
2026-05-14 19:29:32 StartH1Fluid: End
2026-05-14 19:29:36 POS DCU1 : 239.7, Target : 250.0.
2026-05-14 19:29:36 CloseA1Fluid: Start
2026-05-14 19:29:36 CloseA1Fluid: End
2026-05-14 19:29:36 FillDCU (Cycle) time: 6.034s
2026-05-14 19:29:36  mainFillDCU END
2026-05-14 19:34:15 StartA1Fluid: Start
2026-05-14 19:34:16 StartA1Fluid: End
2026-05-14 19:34:16 StartH1Fluid: Start
2026-05-14 19:34:16 StartH1Fluid: End
2026-05-14 19:34:18 POS DCU1 : 241.8, Target : 250.0.
2026-05-14 19:34:21 CloseA1Fluid: Start
2026-05-14 19:34:21 CloseA1Fluid: End
2026-05-14 19:34:21 FillDCU (Cycle) time: 6.726s
2026-05-14 19:34:21  mainFillDCU END
2026-05-14 19:40:24 --
2026-05-14 19:41:26 StartA1Fluid: Start
2026-05-14 19:41:26 StartA1Fluid: End
2026-05-14 19:41:26 StartH1Fluid: Start
2026-05-14 19:41:27 StartH1Fluid: End
2026-05-14 19:41:30 POS DCU1 : 239.9, Target : 250.0.
2026-05-14 19:41:32 CloseA1Fluid: Start
2026-05-14 19:41:32 CloseA1Fluid: End
2026-05-14 19:41:32 FillDCU (Cycle) time: 7.123s
2026-05-14 19:41:32  mainFillDCU END
2026-05-14 19:43:07 StartA1Fluid: Start
2026-05-14 19:43:07 StartA1Fluid: End
2026-05-14 19:43:07 StartH1Fluid: Start
2026-05-14 19:43:07 StartH1Fluid: End
2026-05-14 19:43:11 POS DCU1 : 242.5, Target : 250.0.
2026-05-14 19:43:15 CloseA1Fluid: Start
2026-05-14 19:43:15 CloseA1Fluid: End
2026-05-14 19:43:15 FillDCU (Cycle) time: 9.616s
2026-05-14 19:43:15  mainFillDCU END
2026-05-14 19:45:19 --
2026-05-14 19:46:21 StartA1Fluid: Start
2026-05-14 19:46:21 StartA1Fluid: End
2026-05-14 19:46:21 StartH1Fluid: Start
2026-05-14 19:46:22 StartH1Fluid: End
2026-05-14 19:46:28 POS DCU1 : 241.4, Target : 250.0.
2026-05-14 19:46:30 CloseA1Fluid: Start
2026-05-14 19:46:30 CloseA1Fluid: End
2026-05-14 19:46:30 FillDCU (Cycle) time: 10.32s
2026-05-14 19:46:30  mainFillDCU END
2026-05-14 19:48:07 StartA1Fluid: Start
2026-05-14 19:48:08 StartA1Fluid: End
2026-05-14 19:48:08 StartH1Fluid: Start
2026-05-14 19:48:08 StartH1Fluid: End
2026-05-14 19:48:15 POS DCU1 : 240.3, Target : 250.0.
2026-05-14 19:48:15 CloseA1Fluid: Start
2026-05-14 19:48:15 CloseA1Fluid: End
2026-05-14 19:48:16 FillDCU (Cycle) time: 9.52s
2026-05-14 19:48:16  mainFillDCU END
2026-05-14 19:51:18 --
2026-05-14 19:52:12 StartA1Fluid: Start
2026-05-14 19:52:13 StartA1Fluid: End
2026-05-14 19:52:13 StartH1Fluid: Start
2026-05-14 19:52:13 StartH1Fluid: End
2026-05-14 19:52:17 POS DCU1 : 239.1, Target : 250.0.
2026-05-14 19:52:18 CloseA1Fluid: Start
2026-05-14 19:52:18 CloseA1Fluid: End
2026-05-14 19:52:18 FillDCU (Cycle) time: 7.089s
2026-05-14 19:52:18  mainFillDCU END
2026-05-14 19:53:18 --
2026-05-14 19:53:54 StartA1Fluid: Start
2026-05-14 19:53:54 StartA1Fluid: End
2026-05-14 19:53:54 StartH1Fluid: Start
2026-05-14 19:53:55 StartH1Fluid: End
2026-05-14 19:53:59 POS DCU1 : 237.8, Target : 250.0.
2026-05-14 19:54:00 CloseA1Fluid: Start
2026-05-14 19:54:01 CloseA1Fluid: End
2026-05-14 19:54:01 FillDCU (Cycle) time: 8.098s
2026-05-14 19:54:01  mainFillDCU END
2026-05-14 19:58:02 --
2026-05-14 19:58:37 StartA1Fluid: Start
2026-05-14 19:58:38 StartA1Fluid: End
2026-05-14 19:58:38 StartH1Fluid: Start
2026-05-14 19:58:38 StartH1Fluid: End
2026-05-14 19:58:42 POS DCU1 : 240.0, Target : 250.0.
2026-05-14 19:58:49 CloseA1Fluid: Start
2026-05-14 19:58:49 CloseA1Fluid: End
2026-05-14 19:58:49 FillDCU (Cycle) time: 13.147s
2026-05-14 19:58:49  mainFillDCU END
2026-05-14 20:02:24 --
2026-05-14 20:04:11 StartA1Fluid: Start
2026-05-14 20:04:12 StartA1Fluid: End
2026-05-14 20:04:12 StartH1Fluid: Start
2026-05-14 20:04:12 StartH1Fluid: End
2026-05-14 20:04:17 POS DCU1 : 238.9, Target : 250.0.
2026-05-14 20:04:23 CloseA1Fluid: Start
2026-05-14 20:04:23 CloseA1Fluid: End
2026-05-14 20:04:23 FillDCU (Cycle) time: 13.132s
2026-05-14 20:04:23  mainFillDCU END
2026-05-14 20:05:07 --
2026-05-14 20:06:11 StartA1Fluid: Start
2026-05-14 20:06:11 StartA1Fluid: End
2026-05-14 20:06:11 StartH1Fluid: Start
2026-05-14 20:06:11 StartH1Fluid: End
2026-05-14 20:06:14 POS DCU1 : 242.8, Target : 250.0.
2026-05-14 20:06:22 CloseA1Fluid: Start
2026-05-14 20:06:22 CloseA1Fluid: End
2026-05-14 20:06:23 FillDCU (Cycle) time: 13.229s
2026-05-14 20:06:23  mainFillDCU END
2026-05-14 20:13:35 StartA1Fluid: Start
2026-05-14 20:13:36 StartA1Fluid: End
2026-05-14 20:13:36 StartH1Fluid: Start
2026-05-14 20:13:36 StartH1Fluid: End
2026-05-14 20:13:43 POS DCU1 : 240.9, Target : 250.0.
2026-05-14 20:13:43 CloseA1Fluid: Start
2026-05-14 20:13:43 CloseA1Fluid: End
2026-05-14 20:13:44 FillDCU (Cycle) time: 9.789s
2026-05-14 20:13:44  mainFillDCU END
2026-05-14 20:14:42 --
2026-05-14 20:17:28 StartA1Fluid: Start
2026-05-14 20:17:28 StartA1Fluid: End
2026-05-14 20:17:28 StartH1Fluid: Start
2026-05-14 20:17:29 StartH1Fluid: End
2026-05-14 20:17:33 POS DCU1 : 242.3, Target : 250.0.
2026-05-14 20:17:39 CloseA1Fluid: Start
2026-05-14 20:17:40 CloseA1Fluid: End
2026-05-14 20:17:40 FillDCU (Cycle) time: 13.094s
2026-05-14 20:17:40  mainFillDCU END
2026-05-14 20:19:06 --
2026-05-14 20:20:50 StartA1Fluid: Start
2026-05-14 20:20:51 StartA1Fluid: End
2026-05-14 20:20:51 StartH1Fluid: Start
2026-05-14 20:20:51 StartH1Fluid: End
2026-05-14 20:20:55 POS DCU1 : 237.8, Target : 250.0.
2026-05-14 20:21:02 CloseA1Fluid: Start
2026-05-14 20:21:02 CloseA1Fluid: End
2026-05-14 20:21:02 FillDCU (Cycle) time: 13.092s
2026-05-14 20:21:02  mainFillDCU END
2026-05-14 20:22:03 --
2026-05-14 20:22:50 StartA1Fluid: Start
2026-05-14 20:22:50 StartA1Fluid: End
2026-05-14 20:22:50 StartH1Fluid: Start
2026-05-14 20:22:50 StartH1Fluid: End
2026-05-14 20:22:53 POS DCU1 : 239.3, Target : 250.0.
2026-05-14 20:22:58 CloseA1Fluid: Start
2026-05-14 20:22:58 CloseA1Fluid: End
2026-05-14 20:22:58 FillDCU (Cycle) time: 9.966s
2026-05-14 20:22:58  mainFillDCU END
2026-05-14 20:24:09 --
2026-05-14 20:25:11 StartA1Fluid: Start
2026-05-14 20:25:12 StartA1Fluid: End
2026-05-14 20:25:12 StartH1Fluid: Start
2026-05-14 20:25:12 StartH1Fluid: End
2026-05-14 20:25:18 POS DCU1 : 239.8, Target : 250.0.
2026-05-14 20:25:20 CloseA1Fluid: Start
2026-05-14 20:25:20 CloseA1Fluid: End
2026-05-14 20:25:20 FillDCU (Cycle) time: 10.327s
2026-05-14 20:25:20  mainFillDCU END
2026-05-14 20:31:08 StartA1Fluid: Start
2026-05-14 20:31:08 StartA1Fluid: End
2026-05-14 20:31:08 StartH1Fluid: Start
2026-05-14 20:31:09 StartH1Fluid: End
2026-05-14 20:31:16 POS DCU1 : 239.9, Target : 250.0.
2026-05-14 20:31:16 CloseA1Fluid: Start
2026-05-14 20:31:16 CloseA1Fluid: End
2026-05-14 20:31:16 FillDCU (Cycle) time: 9.388s
2026-05-14 20:31:16  mainFillDCU END
2026-05-14 20:37:30 --
2026-05-14 20:38:00 StartA1Fluid: Start
2026-05-14 20:38:01 StartA1Fluid: End
2026-05-14 20:38:01 StartH1Fluid: Start
2026-05-14 20:38:01 StartH1Fluid: End
2026-05-14 20:38:05 POS DCU1 : 237.8, Target : 250.0.
2026-05-14 20:38:08 CloseA1Fluid: Start
2026-05-14 20:38:08 CloseA1Fluid: End
2026-05-14 20:38:08 FillDCU (Cycle) time: 8.878s
2026-05-14 20:38:08  mainFillDCU END
2026-05-14 20:39:41 StartA1Fluid: Start
2026-05-14 20:39:41 StartA1Fluid: End
2026-05-14 20:39:41 StartH1Fluid: Start
2026-05-14 20:39:41 StartH1Fluid: End
2026-05-14 20:39:47 POS DCU1 : 242.3, Target : 250.0.
2026-05-14 20:39:49 CloseA1Fluid: Start
2026-05-14 20:39:49 CloseA1Fluid: End
2026-05-14 20:39:49 FillDCU (Cycle) time: 9.36s
2026-05-14 20:39:49  mainFillDCU END
2026-05-14 20:44:15 --
2026-05-14 20:45:18 StartA1Fluid: Start
2026-05-14 20:45:18 StartA1Fluid: End
2026-05-14 20:45:18 StartH1Fluid: Start
2026-05-14 20:45:18 StartH1Fluid: End
2026-05-14 20:45:24 POS DCU1 : 240.2, Target : 250.0.
2026-05-14 20:45:26 CloseA1Fluid: Start
2026-05-14 20:45:26 CloseA1Fluid: End
2026-05-14 20:45:26 FillDCU (Cycle) time: 9.743s
2026-05-14 20:45:26  mainFillDCU END
2026-05-14 20:47:11 StartA1Fluid: Start
2026-05-14 20:47:11 StartA1Fluid: End
2026-05-14 20:47:11 StartH1Fluid: Start
2026-05-14 20:47:11 StartH1Fluid: End
2026-05-14 20:47:18 POS DCU1 : 240.4, Target : 250.0.
2026-05-14 20:47:18 CloseA1Fluid: Start
2026-05-14 20:47:19 CloseA1Fluid: End
2026-05-14 20:47:19 FillDCU (Cycle) time: 9.128s
2026-05-14 20:47:19  mainFillDCU END
2026-05-14 20:49:36 --
2026-05-14 20:50:35 StartA1Fluid: Start
2026-05-14 20:50:35 StartA1Fluid: End
2026-05-14 20:50:35 StartH1Fluid: Start
2026-05-14 20:50:35 StartH1Fluid: End
2026-05-14 20:50:40 POS DCU1 : 238.0, Target : 250.0.
2026-05-14 20:50:41 CloseA1Fluid: Start
2026-05-14 20:50:41 CloseA1Fluid: End
2026-05-14 20:50:41 FillDCU (Cycle) time: 7.319s
2026-05-14 20:50:41  mainFillDCU END
2026-05-14 20:53:26 --
2026-05-14 20:54:01 StartA1Fluid: Start
2026-05-14 20:54:02 StartA1Fluid: End
2026-05-14 20:54:02 StartH1Fluid: Start
2026-05-14 20:54:02 StartH1Fluid: End
2026-05-14 20:54:06 POS DCU1 : 240.8, Target : 250.0.
2026-05-14 20:54:13 CloseA1Fluid: Start
2026-05-14 20:54:13 CloseA1Fluid: End
2026-05-14 20:54:13 FillDCU (Cycle) time: 13.022s
2026-05-14 20:54:13  mainFillDCU END
2026-05-14 20:58:05 --
2026-05-14 20:58:40 StartA1Fluid: Start
2026-05-14 20:58:40 StartA1Fluid: End
2026-05-14 20:58:40 StartH1Fluid: Start
2026-05-14 20:58:40 StartH1Fluid: End
2026-05-14 20:58:43 POS DCU1 : 242.2, Target : 250.0.
2026-05-14 20:58:52 CloseA1Fluid: Start
2026-05-14 20:58:52 CloseA1Fluid: End
2026-05-14 20:58:52 FillDCU (Cycle) time: 13.155s
2026-05-14 20:58:52  mainFillDCU END
2026-05-14 21:00:08 StartA1Fluid: Start
2026-05-14 21:00:09 StartA1Fluid: End
2026-05-14 21:00:09 StartH1Fluid: Start
2026-05-14 21:00:09 StartH1Fluid: End
2026-05-14 21:00:11 POS DCU1 : 240.6, Target : 250.0.
2026-05-14 21:00:14 CloseA1Fluid: Start
2026-05-14 21:00:14 CloseA1Fluid: End
2026-05-14 21:00:14 FillDCU (Cycle) time: 7.072s
2026-05-14 21:00:14  mainFillDCU END
2026-05-14 21:05:57 StartA1Fluid: Start
2026-05-14 21:05:58 StartA1Fluid: End
2026-05-14 21:05:58 StartH1Fluid: Start
2026-05-14 21:05:58 StartH1Fluid: End
2026-05-14 21:06:02 POS DCU1 : 243.4, Target : 250.0.
2026-05-14 21:06:09 CloseA1Fluid: Start
2026-05-14 21:06:09 CloseA1Fluid: End
2026-05-14 21:06:09 FillDCU (Cycle) time: 13.149s
2026-05-14 21:06:09  mainFillDCU END
2026-05-14 21:11:21 StartA1Fluid: Start
2026-05-14 21:11:21 StartA1Fluid: End
2026-05-14 21:11:21 StartH1Fluid: Start
2026-05-14 21:11:21 StartH1Fluid: End
2026-05-14 21:11:29 POS DCU1 : 242.0, Target : 250.0.
2026-05-14 21:11:29 CloseA1Fluid: Start
2026-05-14 21:11:29 CloseA1Fluid: End
2026-05-14 21:11:29 FillDCU (Cycle) time: 9.69s
2026-05-14 21:11:29  mainFillDCU END
2026-05-14 21:14:11 --
2026-05-14 21:14:40 StartA1Fluid: Start
2026-05-14 21:14:41 StartA1Fluid: End
2026-05-14 21:14:41 StartH1Fluid: Start
2026-05-14 21:14:41 StartH1Fluid: End
2026-05-14 21:14:43 POS DCU1 : 241.3, Target : 250.0.
2026-05-14 21:14:46 CloseA1Fluid: Start
2026-05-14 21:14:46 CloseA1Fluid: End
2026-05-14 21:14:46 FillDCU (Cycle) time: 7.305s
2026-05-14 21:14:46  mainFillDCU END
2026-05-14 21:18:18 --
2026-05-14 21:19:24 StartA1Fluid: Start
2026-05-14 21:19:24 StartA1Fluid: End
2026-05-14 21:19:24 StartH1Fluid: Start
2026-05-14 21:19:25 StartH1Fluid: End
2026-05-14 21:19:28 POS DCU1 : 238.8, Target : 250.0.
2026-05-14 21:19:29 CloseA1Fluid: Start
2026-05-14 21:19:30 CloseA1Fluid: End
2026-05-14 21:19:30 FillDCU (Cycle) time: 7.061s
2026-05-14 21:19:30  mainFillDCU END
2026-05-14 21:31:06 StartA1Fluid: Start
2026-05-14 21:31:07 StartA1Fluid: End
2026-05-14 21:31:07 StartH1Fluid: Start
2026-05-14 21:31:07 StartH1Fluid: End
2026-05-14 21:31:11 POS DCU1 : 239.4, Target : 250.0.
2026-05-14 21:31:18 CloseA1Fluid: Start
2026-05-14 21:31:18 CloseA1Fluid: End
2026-05-14 21:31:18 FillDCU (Cycle) time: 12.914s
2026-05-14 21:31:18  mainFillDCU END
2026-05-14 21:41:45 --
2026-05-14 21:43:40 StartA1Fluid: Start
2026-05-14 21:43:40 StartA1Fluid: End
2026-05-14 21:43:40 StartH1Fluid: Start
2026-05-14 21:43:40 StartH1Fluid: End
2026-05-14 21:43:46 POS DCU1 : 237.8, Target : 250.0.
2026-05-14 21:43:51 CloseA1Fluid: Start
2026-05-14 21:43:51 CloseA1Fluid: End
2026-05-14 21:43:51 FillDCU (Cycle) time: 13.098s
2026-05-14 21:43:51  mainFillDCU END
2026-05-14 21:45:39 StartA1Fluid: Start
2026-05-14 21:45:40 StartA1Fluid: End
2026-05-14 21:45:40 StartH1Fluid: Start
2026-05-14 21:45:40 StartH1Fluid: End
2026-05-14 21:45:43 POS DCU1 : 242.2, Target : 250.0.
2026-05-14 21:45:47 CloseA1Fluid: Start
2026-05-14 21:45:47 CloseA1Fluid: End
2026-05-14 21:45:48 FillDCU (Cycle) time: 9.77s
2026-05-14 21:45:48  mainFillDCU END
2026-05-14 21:46:57 --
2026-05-14 21:48:01 StartA1Fluid: Start
2026-05-14 21:48:02 StartA1Fluid: End
2026-05-14 21:48:02 StartH1Fluid: Start
2026-05-14 21:48:02 StartH1Fluid: End
2026-05-14 21:48:08 POS DCU1 : 238.5, Target : 250.0.
2026-05-14 21:48:10 CloseA1Fluid: Start
2026-05-14 21:48:10 CloseA1Fluid: End
2026-05-14 21:48:10 FillDCU (Cycle) time: 10.355s
2026-05-14 21:48:10  mainFillDCU END
2026-05-14 21:57:31 StartA1Fluid: Start
2026-05-14 21:57:32 StartA1Fluid: End
2026-05-14 21:57:32 StartH1Fluid: Start
2026-05-14 21:57:32 StartH1Fluid: End
2026-05-14 21:57:39 POS DCU1 : 238.8, Target : 250.0.
2026-05-14 21:57:40 CloseA1Fluid: Start
2026-05-14 21:57:40 CloseA1Fluid: End
2026-05-14 21:57:40 FillDCU (Cycle) time: 9.709s
2026-05-14 21:57:40  mainFillDCU END
2026-05-14 22:02:45 --
2026-05-14 22:03:58 StartA1Fluid: Start
2026-05-14 22:03:58 StartA1Fluid: End
2026-05-14 22:03:58 StartH1Fluid: Start
2026-05-14 22:03:58 StartH1Fluid: End
2026-05-14 22:04:04 POS DCU1 : 239.4, Target : 250.0.
2026-05-14 22:04:06 CloseA1Fluid: Start
2026-05-14 22:04:06 CloseA1Fluid: End
2026-05-14 22:04:06 FillDCU (Cycle) time: 9.723s
2026-05-14 22:04:06  mainFillDCU END
2026-05-14 22:05:43 StartA1Fluid: Start
2026-05-14 22:05:44 StartA1Fluid: End
2026-05-14 22:05:44 StartH1Fluid: Start
2026-05-14 22:05:44 StartH1Fluid: End
2026-05-14 22:05:51 POS DCU1 : 238.9, Target : 250.0.
2026-05-14 22:05:51 CloseA1Fluid: Start
2026-05-14 22:05:51 CloseA1Fluid: End
2026-05-14 22:05:51 FillDCU (Cycle) time: 8.869s
2026-05-14 22:05:51  mainFillDCU END
2026-05-14 22:08:06 --
2026-05-14 22:09:42 StartA1Fluid: Start
2026-05-14 22:09:42 StartA1Fluid: End
2026-05-14 22:09:42 StartH1Fluid: Start
2026-05-14 22:09:42 StartH1Fluid: End
2026-05-14 22:09:46 POS DCU1 : 242.4, Target : 250.0.
2026-05-14 22:09:47 CloseA1Fluid: Start
2026-05-14 22:09:48 CloseA1Fluid: End
2026-05-14 22:09:48 FillDCU (Cycle) time: 7.345s
2026-05-14 22:09:48  mainFillDCU END
2026-05-14 22:11:41 --
2026-05-14 22:12:33 StartA1Fluid: Start
2026-05-14 22:12:34 StartA1Fluid: End
2026-05-14 22:12:34 StartH1Fluid: Start
2026-05-14 22:12:34 StartH1Fluid: End
2026-05-14 22:12:39 POS DCU1 : 226.6, Target : 250.0.
2026-05-14 22:12:39 CloseA1Fluid: Start
2026-05-14 22:12:39 CloseA1Fluid: End
2026-05-14 22:12:39 FillDCU (Cycle) time: 6.991s
2026-05-14 22:12:39  mainFillDCU END
2026-05-14 22:16:10 StartA1Fluid: Start
2026-05-14 22:16:11 StartA1Fluid: End
2026-05-14 22:16:11 StartH1Fluid: Start
2026-05-14 22:16:11 StartH1Fluid: End
2026-05-14 22:16:12 POS DCU1 : 243.0, Target : 250.0.
2026-05-14 22:16:12 CloseA1Fluid: Start
2026-05-14 22:16:13 CloseA1Fluid: End
2026-05-14 22:16:13 FillDCU (Cycle) time: 3.827s
2026-05-14 22:16:13  mainFillDCU END
2026-05-14 22:38:52 StartA1Fluid: Start
2026-05-14 22:38:52 StartH1Fluid: Start
2026-05-14 22:38:52 StartH1Fluid: End
2026-05-14 22:38:56 CloseA1Fluid: Start
2026-05-14 22:38:56 CloseA1Fluid: End
2026-05-14 22:38:56 FillDCU (Cycle) time: 5.507s
2026-05-14 22:38:56  mainFillDCU END
2026-05-14 22:41:51 StartA1Fluid: Start
2026-05-14 22:41:52 StartA1Fluid: End
2026-05-14 22:41:52 StartH1Fluid: Start
2026-05-14 22:41:52 StartH1Fluid: End
2026-05-14 22:41:55 POS DCU1 : 238.1, Target : 250.0.
2026-05-14 22:42:03 CloseA1Fluid: Start
2026-05-14 22:42:03 CloseA1Fluid: End
2026-05-14 22:42:03 FillDCU (Cycle) time: 12.92s
2026-05-14 22:42:03  mainFillDCU END
2026-05-14 22:45:19 StartA1Fluid: Start
2026-05-14 22:45:19 StartA1Fluid: End
2026-05-14 22:45:19 StartH1Fluid: Start
2026-05-14 22:45:19 StartH1Fluid: End
2026-05-14 22:45:27 POS DCU1 : 243.4, Target : 250.0.
2026-05-14 22:45:27 CloseA1Fluid: Start
2026-05-14 22:45:27 CloseA1Fluid: End
2026-05-14 22:45:27 FillDCU (Cycle) time: 9.706s
2026-05-14 22:45:27  mainFillDCU END
2026-05-14 22:48:57 --
2026-05-14 22:50:05 StartA1Fluid: Start
2026-05-14 22:50:06 StartA1Fluid: End
2026-05-14 22:50:06 StartH1Fluid: Start
2026-05-14 22:50:06 StartH1Fluid: End
2026-05-14 22:50:10 POS DCU1 : 239.9, Target : 250.0.
2026-05-14 22:50:11 CloseA1Fluid: Start
2026-05-14 22:50:11 CloseA1Fluid: End
2026-05-14 22:50:11 FillDCU (Cycle) time: 7.317s
2026-05-14 22:50:11  mainFillDCU END
2026-05-14 22:51:10 --
2026-05-14 22:51:46 StartA1Fluid: Start
2026-05-14 22:51:46 StartA1Fluid: End
2026-05-14 22:51:46 StartH1Fluid: Start
2026-05-14 22:51:47 StartH1Fluid: End
2026-05-14 22:51:51 POS DCU1 : 238.1, Target : 250.0.
2026-05-14 22:51:53 CloseA1Fluid: Start
2026-05-14 22:51:53 CloseA1Fluid: End
2026-05-14 22:51:53 FillDCU (Cycle) time: 8.28s
2026-05-14 22:51:53  mainFillDCU END
2026-05-14 22:55:14 --
2026-05-14 22:56:20 StartA1Fluid: Start
2026-05-14 22:56:20 StartA1Fluid: End
2026-05-14 22:56:20 StartH1Fluid: Start
2026-05-14 22:56:20 StartH1Fluid: End
2026-05-14 22:56:25 POS DCU1 : 242.0, Target : 250.0.
2026-05-14 22:56:26 CloseA1Fluid: Start
2026-05-14 22:56:26 CloseA1Fluid: End
2026-05-14 22:56:26 FillDCU (Cycle) time: 7.327s
2026-05-14 22:56:26  mainFillDCU END
2026-05-14 22:58:18 StartA1Fluid: Start
2026-05-14 22:58:18 StartA1Fluid: End
2026-05-14 22:58:18 StartH1Fluid: Start
2026-05-14 22:58:19 StartH1Fluid: End
2026-05-14 22:58:23 POS DCU1 : 241.4, Target : 250.0.
2026-05-14 22:58:26 CloseA1Fluid: Start
2026-05-14 22:58:26 CloseA1Fluid: End
2026-05-14 22:58:27 FillDCU (Cycle) time: 9.906s
2026-05-14 22:58:27  mainFillDCU END
2026-05-14 23:00:21 --
2026-05-14 23:01:25 StartA1Fluid: Start
2026-05-14 23:01:25 StartA1Fluid: End
2026-05-14 23:01:25 StartH1Fluid: Start
2026-05-14 23:01:25 StartH1Fluid: End
2026-05-14 23:01:32 POS DCU1 : 239.6, Target : 250.0.
2026-05-14 23:01:34 CloseA1Fluid: Start
2026-05-14 23:01:34 CloseA1Fluid: End
2026-05-14 23:01:34 FillDCU (Cycle) time: 10.282s
2026-05-14 23:01:34  mainFillDCU END
2026-05-14 23:03:11 StartA1Fluid: Start
2026-05-14 23:03:12 StartA1Fluid: End
2026-05-14 23:03:12 StartH1Fluid: Start
2026-05-14 23:03:12 StartH1Fluid: End
2026-05-14 23:03:19 POS DCU1 : 239.0, Target : 250.0.
2026-05-14 23:03:20 CloseA1Fluid: Start
2026-05-14 23:03:20 CloseA1Fluid: End
2026-05-14 23:03:20 FillDCU (Cycle) time: 10.523s
2026-05-14 23:03:20  mainFillDCU END
2026-05-14 23:05:17 --
2026-05-14 23:06:15 StartA1Fluid: Start
2026-05-14 23:06:15 StartA1Fluid: End
2026-05-14 23:06:15 StartH1Fluid: Start
2026-05-14 23:06:15 StartH1Fluid: End
2026-05-14 23:06:22 POS DCU1 : 240.5, Target : 250.0.
2026-05-14 23:06:22 CloseA1Fluid: Start
2026-05-14 23:06:22 CloseA1Fluid: End
2026-05-14 23:06:22 FillDCU (Cycle) time: 8.96s
2026-05-14 23:06:22  mainFillDCU END
2026-05-14 23:07:56 StartA1Fluid: Start
2026-05-14 23:07:56 StartA1Fluid: End
2026-05-14 23:07:56 StartH1Fluid: Start
2026-05-14 23:07:56 StartH1Fluid: End
2026-05-14 23:08:02 POS DCU1 : 242.7, Target : 250.0.
2026-05-14 23:08:03 CloseA1Fluid: Start
2026-05-14 23:08:03 CloseA1Fluid: End
2026-05-14 23:08:03 FillDCU (Cycle) time: 8.793s
2026-05-14 23:08:03  mainFillDCU END
2026-05-14 23:14:02 StartA1Fluid: Start
2026-05-14 23:14:03 StartA1Fluid: End
