2026-04-29 20:37:41  Vol : HURACAN_BC2_INT Skid: 230 Calcul Vol : 650 Color: 106.
2026-04-29 20:37:41  ---------------------------
2026-04-29 20:37:48  Vol : HURACAN_BC2_R33_EXT_new Skid: 230 Calcul Vol : 247 Color: 106.
2026-04-29 20:37:48  ---------------------------
2026-04-29 20:41:17  Default Volume : URUS_PA2_BC2_R33_EXT_2026 Skid: 212.
2026-04-29 20:41:19  Vol : URUS_PA2_BC2_R33_EXT_2026 Skid: 212 Calcul Vol : 650 Color: 16.
2026-04-29 20:41:19  ---------------------------
2026-04-29 20:48:52  Default Volume : HURACAN_BC2_INT Skid: 59.
2026-04-29 20:48:54  Vol : HURACAN_BC2_INT Skid: 59 Calcul Vol : 650 Color: 12.
2026-04-29 20:48:54  ---------------------------
2026-04-29 20:49:01  Vol : HURACAN_BC2_R33_EXT_new Skid: 59 Calcul Vol : 254 Color: 12.
2026-04-29 20:49:01  ---------------------------
2026-04-29 20:53:08  Default Volume : URUS_PA2_BC2_R33_EXT_2026 Skid: 131.
2026-04-29 20:53:10  Vol : URUS_PA2_BC2_R33_EXT_2026 Skid: 131 Calcul Vol : 650 Color: 34.
2026-04-29 20:53:10  ---------------------------
2026-04-29 20:53:50 --- Trajectory --- 
2026-04-29 20:53:50 Prog : HURACAN_BC2_R33_Plastic Skid: 234 Paint : 29.
2026-04-29 20:53:50 ------------------ 
2026-04-29 21:00:37 --- Trajectory --- 
2026-04-29 21:00:37 Prog : HURACAN_BC2_INT Skid: 230 Paint : 0.
2026-04-29 21:00:37 ------------------ 
2026-04-29 21:02:58 --- Trajectory --- 
2026-04-29 21:02:58 Prog : HURACAN_BC2_R33_EXT_new Skid: 230 Paint : 239.
2026-04-29 21:02:58 ------------------ 
2026-04-29 21:04:46 --- Trajectory --- 
2026-04-29 21:04:46 Prog : HURACAN_BC2_R33_EXT_new Skid: 230 Paint : 0.
2026-04-29 21:04:46 ------------------ 
2026-04-29 21:12:51 --- Trajectory --- 
2026-04-29 21:12:51 Prog : HURACAN_BC2_INT Skid: 59 Paint : 0.
2026-04-29 21:12:51 ------------------ 
2026-04-29 21:14:42 --- Trajectory --- 
2026-04-29 21:14:42 Prog : HURACAN_BC2_R33_EXT_new Skid: 59 Paint : 136.
2026-04-29 21:14:42 ------------------ 
2026-04-29 21:27:17 --- Trajectory --- 
2026-04-29 21:27:17 Prog : HURACAN_BC2_R33_EXT_new Skid: 59 Paint : 0.
2026-04-29 21:27:17 ------------------ 
2026-04-30 03:35:29  Default Volume : URUS_PA2_BC2_R33_EXT_2026 Skid: 48.
2026-04-30 03:35:31  Vol : URUS_PA2_BC2_R33_EXT_2026 Skid: 48 Calcul Vol : 650 Color: 11.
2026-04-30 03:35:31  ---------------------------
2026-04-30 04:56:21 --- Trajectory --- 
2026-04-30 04:56:21 Prog : HURACAN_BC2_R33_EXT_new Skid: 15625 Paint : 239.
2026-04-30 04:56:21 ------------------ 
2026-04-30 06:15:27  Vol : HURACAN_BC2_R33_Plastic Skid: 236 Calcul Vol : 2280 Color: 106.
2026-04-30 06:15:27  ---------------------------
2026-04-30 06:20:08  Default Volume : HURACAN_BC2_INT Skid: 210.
2026-04-30 06:20:10  Vol : HURACAN_BC2_INT Skid: 210 Calcul Vol : 650 Color: 106.
2026-04-30 06:20:10  ---------------------------
2026-04-30 06:20:16  Vol : HURACAN_BC2_R33_EXT_new Skid: 210 Calcul Vol : 246 Color: 106.
2026-04-30 06:20:17  ---------------------------
2026-04-30 06:24:21 --- Trajectory --- 
2026-04-30 06:24:21 Prog : HURACAN_BC2_R33_EXT_new Skid: 15625 Paint : 0.
2026-04-30 06:24:21 ------------------ 
2026-04-30 06:40:31  Default Volume : URUS_PA2_BC2_R33_EXT_2026 Skid: 33.
2026-04-30 06:40:33  Vol : URUS_PA2_BC2_R33_EXT_2026 Skid: 33 Calcul Vol : 650 Color: 22.
2026-04-30 06:40:33  ---------------------------
2026-04-30 06:52:40 --- Trajectory --- 
2026-04-30 06:52:40 Prog : HURACAN_BC2_R33_Plastic Skid: 236 Paint : 55.
2026-04-30 06:52:40 ------------------ 
2026-04-30 06:56:40 --- Trajectory --- 
2026-04-30 06:56:40 Prog : HURACAN_BC2_INT Skid: 210 Paint : 0.
2026-04-30 06:56:40 ------------------ 
2026-04-30 06:57:43  Default Volume : URUS_PA2_BC2_R33_EXT_2026 Skid: 131.
2026-04-30 06:57:45  Vol : URUS_PA2_BC2_R33_EXT_2026 Skid: 131 Calcul Vol : 650 Color: 35.
2026-04-30 06:57:45  ---------------------------
2026-04-30 06:59:03 --- Trajectory --- 
2026-04-30 06:59:03 Prog : HURACAN_BC2_R33_EXT_new Skid: 210 Paint : 239.
2026-04-30 06:59:03 ------------------ 
2026-04-30 07:08:33 --- Trajectory --- 
2026-04-30 07:08:33 Prog : HURACAN_BC2_R33_EXT_new Skid: 210 Paint : 0.
2026-04-30 07:08:33 ------------------ 
2026-04-30 07:11:44  Vol : HURACAN_BC2_R33_Plastic Skid: 157 Calcul Vol : 2284 Color: 69.
2026-04-30 07:11:44  ---------------------------
2026-04-30 07:15:28  Default Volume : HURACAN_BC2_INT Skid: 148.
2026-04-30 07:15:29  Vol : HURACAN_BC2_INT Skid: 148 Calcul Vol : 650 Color: 69.
2026-04-30 07:15:29  ---------------------------
2026-04-30 07:15:36  Vol : HURACAN_BC2_R33_EXT_new Skid: 148 Calcul Vol : 183 Color: 69.
2026-04-30 07:15:36  ---------------------------
2026-04-30 07:22:20 --- Trajectory --- 
2026-04-30 07:22:20 Prog : HURACAN_BC2_R33_EXT_new Skid: 210 Paint : 0.
2026-04-30 07:22:20 ------------------ 
2026-04-30 07:44:57  Vol : HURACAN_BC2_R33_Plastic Skid: 39 Calcul Vol : 2790 Color: 22.
2026-04-30 07:44:57  ---------------------------
2026-04-30 07:46:08 --- Trajectory --- 
2026-04-30 07:46:08 Prog : HURACAN_BC2_R33_Plastic Skid: 157 Paint : 35.
2026-04-30 07:46:08 ------------------ 
2026-04-30 07:50:07 --- Trajectory --- 
2026-04-30 07:50:07 Prog : HURACAN_BC2_INT Skid: 148 Paint : 0.
2026-04-30 07:50:07 ------------------ 
2026-04-30 07:52:28 --- Trajectory --- 
2026-04-30 07:52:28 Prog : HURACAN_BC2_R33_EXT_new Skid: 148 Paint : 175.
2026-04-30 07:52:28 ------------------ 
2026-04-30 07:59:02  Default Volume : HURACAN_BC2_INT Skid: 233.
2026-04-30 07:59:03  Vol : HURACAN_BC2_INT Skid: 233 Calcul Vol : 650 Color: 69.
2026-04-30 07:59:03  ---------------------------
2026-04-30 07:59:10  Vol : HURACAN_BC2_R33_EXT_new Skid: 233 Calcul Vol : 182 Color: 69.
2026-04-30 07:59:10  ---------------------------
2026-04-30 08:01:24  Vol : HURACAN_BC2_R33_Plastic Skid: 164 Calcul Vol : 2280 Color: 69.
2026-04-30 08:01:24  ---------------------------
2026-04-30 08:23:56 --- Trajectory --- 
2026-04-30 08:23:56 Prog : HURACAN_BC2_R33_Plastic Skid: 39 Paint : 61.
2026-04-30 08:23:56 ------------------ 
2026-04-30 08:39:09 --- Trajectory --- 
2026-04-30 08:39:10 Prog : HURACAN_BC2_INT Skid: 233 Paint : 0.
2026-04-30 08:39:10 ------------------ 
2026-04-30 08:41:30 --- Trajectory --- 
2026-04-30 08:41:30 Prog : HURACAN_BC2_R33_EXT_new Skid: 233 Paint : 175.
2026-04-30 08:41:30 ------------------ 
2026-04-30 08:43:39 --- Trajectory --- 
2026-04-30 08:43:39 Prog : HURACAN_BC2_R33_Plastic Skid: 164 Paint : 43.
2026-04-30 08:43:39 ------------------ 
2026-04-30 08:52:45  Vol : URUS_PA2_R33_Plastic Skid: 175 Calcul Vol : 10 Color: 45.
2026-04-30 08:52:45  ---------------------------
2026-04-30 08:57:05  Default Volume : URUS_PA2_BC2_R33_EXT_2026 Skid: 232.
2026-04-30 08:57:06  Vol : URUS_PA2_BC2_R33_EXT_2026 Skid: 232 Calcul Vol : 650 Color: 45.
2026-04-30 08:57:06  ---------------------------
2026-04-30 09:05:19  Default Volume : HURACAN_BC2_INT Skid: 52.
2026-04-30 09:05:21  Vol : HURACAN_BC2_INT Skid: 52 Calcul Vol : 650 Color: 22.
2026-04-30 09:05:21  ---------------------------
2026-04-30 09:05:28  Vol : HURACAN_BC2_R33_EXT_new Skid: 52 Calcul Vol : 279 Color: 22.
2026-04-30 09:05:28  ---------------------------
2026-04-30 09:09:39  Default Volume : URUS_PA2_BC2_R33_EXT_2026 Skid: 139.
2026-04-30 09:09:40  Vol : URUS_PA2_BC2_R33_EXT_2026 Skid: 139 Calcul Vol : 650 Color: 11.
2026-04-30 09:09:40  ---------------------------
2026-04-30 09:16:07 --- Trajectory --- 
2026-04-30 09:16:07 Prog : HURACAN_BC2_R33_Plastic Skid: 164 Paint : 0.
2026-04-30 09:16:07 ------------------ 
2026-04-30 09:23:37 --- Trajectory --- 
2026-04-30 09:23:37 Prog : HURACAN_BC2_R33_Plastic Skid: 164 Paint : 0.
2026-04-30 09:23:37 ------------------ 
2026-04-30 09:31:25 --- Trajectory --- 
2026-04-30 09:31:25 Prog : HURACAN_BC2_INT Skid: 52 Paint : 0.
2026-04-30 09:31:25 ------------------ 
2026-04-30 09:33:46 --- Trajectory --- 
2026-04-30 09:33:46 Prog : HURACAN_BC2_R33_EXT_new Skid: 52 Paint : 271.
2026-04-30 09:33:46 ------------------ 
2026-04-30 09:38:24 --- Trajectory --- 
2026-04-30 09:38:24 Prog : HURACAN_BC2_R33_EXT_new Skid: 52 Paint : 0.
2026-04-30 09:38:24 ------------------ 
2026-04-30 09:47:40  Default Volume : URUS_PA2_BC2_R33_EXT_2026 Skid: 31.
2026-04-30 09:47:41  Vol : URUS_PA2_BC2_R33_EXT_2026 Skid: 31 Calcul Vol : 650 Color: 26.
2026-04-30 09:47:41  ---------------------------
2026-04-30 10:34:51 --- Trajectory --- 
2026-04-30 10:34:51 Prog : HURACAN_BC2_R33_EXT_new Skid: 52 Paint : 0.
2026-04-30 10:34:51 ------------------ 
2026-04-30 10:50:59  Vol : HURACAN_BC2_R33_Plastic Skid: 110 Calcul Vol : 3940 Color: 62.
2026-04-30 10:50:59  ---------------------------
2026-04-30 10:56:20  Default Volume : HURACAN_BC2_INT Skid: 36.
2026-04-30 10:56:21  Vol : HURACAN_BC2_INT Skid: 36 Calcul Vol : 650 Color: 62.
2026-04-30 10:56:21  ---------------------------
2026-04-30 10:56:28  Vol : HURACAN_BC2_R33_EXT_new Skid: 36 Calcul Vol : 280 Color: 62.
2026-04-30 10:56:28  ---------------------------
2026-04-30 11:17:09 --- Trajectory --- 
2026-04-30 11:17:09 Prog : HURACAN_BC2_R33_Plastic Skid: 110 Paint : 98.
2026-04-30 11:17:09 ------------------ 
2026-04-30 11:21:09 --- Trajectory --- 
2026-04-30 11:21:09 Prog : HURACAN_BC2_INT Skid: 36 Paint : 0.
2026-04-30 11:21:09 ------------------ 
2026-04-30 11:23:30 --- Trajectory --- 
2026-04-30 11:23:30 Prog : HURACAN_BC2_R33_EXT_new Skid: 36 Paint : 273.
2026-04-30 11:23:30 ------------------ 
2026-04-30 12:01:43  Default Volume : URUS_PA2_BC2_R33_EXT_2026 Skid: 168.
2026-04-30 12:01:44  Vol : URUS_PA2_BC2_R33_EXT_2026 Skid: 168 Calcul Vol : 650 Color: 11.
2026-04-30 12:01:44  ---------------------------
2026-04-30 12:11:21  Default Volume : URUS_PA2_BC2_R33_EXT_2026 Skid: 207.
2026-04-30 12:11:23  Vol : URUS_PA2_BC2_R33_EXT_2026 Skid: 207 Calcul Vol : 650 Color: 97.
2026-04-30 12:11:23  ---------------------------
2026-04-30 12:24:14  Vol : URUS_PA2_R33_Plastic Skid: 259 Calcul Vol : 10 Color: 85.
2026-04-30 12:24:14  ---------------------------
2026-04-30 12:26:53 --- Trajectory --- 
2026-04-30 12:26:53 Prog : HURACAN_BC2_R33_EXT_new Skid: 36 Paint : 0.
2026-04-30 12:26:53 ------------------ 
2026-04-30 12:31:26  Default Volume : URUS_PA2_BC2_R33_EXT_2026 Skid: 202.
2026-04-30 12:31:27  Vol : URUS_PA2_BC2_R33_EXT_2026 Skid: 202 Calcul Vol : 650 Color: 85.
2026-04-30 12:31:27  ---------------------------
2026-04-30 12:42:06  Vol : URUS_PA2_R33_Plastic Skid: 102 Calcul Vol : 10 Color: 38.
2026-04-30 12:42:06  ---------------------------
2026-04-30 12:45:21 --- Trajectory --- 
2026-04-30 12:45:21 Prog : HURACAN_BC2_R33_EXT_new Skid: 36 Paint : 0.
2026-04-30 12:45:21 ------------------ 
2026-04-30 12:56:44 --- Trajectory --- 
2026-04-30 12:56:44 Prog : HURACAN_BC2_R33_EXT_new Skid: 36 Paint : 0.
2026-04-30 12:56:44 ------------------ 
2026-04-30 12:57:46  Vol : HURACAN_BC2_R33_Plastic Skid: 200 Calcul Vol : 1895 Color: 34.
2026-04-30 12:57:46  ---------------------------
2026-04-30 13:02:35  Default Volume : HURACAN_BC2_INT Skid: 38.
2026-04-30 13:02:37  Vol : HURACAN_BC2_INT Skid: 38 Calcul Vol : 650 Color: 34.
2026-04-30 13:02:37  ---------------------------
2026-04-30 13:02:44  Vol : HURACAN_BC2_R33_EXT_new Skid: 38 Calcul Vol : 157 Color: 34.
2026-04-30 13:02:44  ---------------------------
2026-04-30 13:03:26 --- Trajectory --- 
2026-04-30 13:03:26 Prog : HURACAN_BC2_R33_EXT_new Skid: 36 Paint : 0.
2026-04-30 13:03:26 ------------------ 
2026-04-30 13:17:14  Vol : HURACAN_BC2_R33_Plastic Skid: 45 Calcul Vol : 1895 Color: 29.
2026-04-30 13:17:14  ---------------------------
2026-04-30 13:19:08 --- Trajectory --- 
2026-04-30 13:19:08 Prog : HURACAN_BC2_R33_EXT_new Skid: 36 Paint : 0.
2026-04-30 13:19:08 ------------------ 
2026-04-30 13:21:55  Default Volume : HURACAN_BC2_INT Skid: 133.
2026-04-30 13:21:56  Vol : HURACAN_BC2_INT Skid: 133 Calcul Vol : 650 Color: 29.
2026-04-30 13:21:56  ---------------------------
2026-04-30 13:22:03  Vol : HURACAN_BC2_R33_EXT_new Skid: 133 Calcul Vol : 156 Color: 29.
2026-04-30 13:22:03  ---------------------------
2026-04-30 13:28:53 --- Trajectory --- 
2026-04-30 13:28:53 Prog : HURACAN_BC2_R33_Plastic Skid: 200 Paint : 38.
2026-04-30 13:28:54 ------------------ 
2026-04-30 13:33:26  Vol : URUS_PA2_R33_Plastic Skid: 113 Calcul Vol : 2 Color: 97.
2026-04-30 13:33:26  ---------------------------
2026-04-30 13:34:06 --- Trajectory --- 
2026-04-30 13:34:06 Prog : HURACAN_BC2_INT Skid: 38 Paint : 0.
2026-04-30 13:34:06 ------------------ 
2026-04-30 13:36:27 --- Trajectory --- 
2026-04-30 13:36:27 Prog : HURACAN_BC2_R33_EXT_new Skid: 38 Paint : 149.
2026-04-30 13:36:27 ------------------ 
2026-04-30 13:41:49 --- Trajectory --- 
2026-04-30 13:41:49 Prog : HURACAN_BC2_R33_Plastic Skid: 45 Paint : 22.
2026-04-30 13:41:49 ------------------ 
2026-04-30 13:45:16  Default Volume : URUS_PA2_BC2_R33_EXT_2026 Skid: 29.
2026-04-30 13:45:17  Vol : URUS_PA2_BC2_R33_EXT_2026 Skid: 29 Calcul Vol : 650 Color: 97.
2026-04-30 13:45:17  ---------------------------
2026-04-30 13:46:43 --- Trajectory --- 
2026-04-30 13:46:43 Prog : HURACAN_BC2_INT Skid: 133 Paint : 0.
2026-04-30 13:46:43 ------------------ 
2026-04-30 13:49:03 --- Trajectory --- 
2026-04-30 13:49:03 Prog : HURACAN_BC2_R33_EXT_new Skid: 133 Paint : 148.
2026-04-30 13:49:03 ------------------ 
2026-04-30 13:58:39 --- Trajectory --- 
2026-04-30 13:58:39 Prog : HURACAN_BC2_R33_EXT_new Skid: 133 Paint : 0.
2026-04-30 13:58:39 ------------------ 
2026-04-30 14:01:39  Default Volume : URUS_PA2_BC2_R33_EXT_2026 Skid: 81.
2026-04-30 14:01:40  Vol : URUS_PA2_BC2_R33_EXT_2026 Skid: 81 Calcul Vol : 650 Color: 12.
2026-04-30 14:01:40  ---------------------------
2026-04-30 14:11:57  Default Volume : HURACAN_BC2_INT Skid: 85.
2026-04-30 14:11:59  Vol : HURACAN_BC2_INT Skid: 85 Calcul Vol : 650 Color: 27.
2026-04-30 14:11:59  ---------------------------
2026-04-30 14:12:06  Vol : HURACAN_BC2_R33_EXT_new Skid: 85 Calcul Vol : 195 Color: 27.
2026-04-30 14:12:06  ---------------------------
2026-04-30 14:14:52 --- Trajectory --- 
2026-04-30 14:14:52 Prog : HURACAN_BC2_R33_EXT_new Skid: 133 Paint : 0.
2026-04-30 14:14:52 ------------------ 
2026-04-30 14:16:02  Vol : HURACAN_BC2_R33_Plastic Skid: 234 Calcul Vol : 2347 Color: 27.
2026-04-30 14:16:02  ---------------------------
2026-04-30 14:34:47  Default Volume : URUS_PA2_BC2_R33_EXT_2026 Skid: 26.
2026-04-30 14:34:49  Vol : URUS_PA2_BC2_R33_EXT_2026 Skid: 26 Calcul Vol : 650 Color: 55.
2026-04-30 14:34:49  ---------------------------
2026-04-30 14:38:15 --- Trajectory --- 
2026-04-30 14:38:15 Prog : HURACAN_BC2_R33_EXT_new Skid: 133 Paint : 0.
2026-04-30 14:38:15 ------------------ 
2026-04-30 14:39:29  Default Volume : HURACAN_BC2_INT Skid: 210.
2026-04-30 14:39:30  Vol : HURACAN_BC2_INT Skid: 210 Calcul Vol : 650 Color: 106.
2026-04-30 14:39:30  ---------------------------
2026-04-30 14:39:37  Vol : HURACAN_BC2_R33_EXT_new Skid: 210 Calcul Vol : 159 Color: 106.
2026-04-30 14:39:37  ---------------------------
2026-04-30 14:45:41 --- Trajectory --- 
2026-04-30 14:45:41 Prog : HURACAN_BC2_INT Skid: 85 Paint : 0.
2026-04-30 14:45:41 ------------------ 
2026-04-30 14:48:03 --- Trajectory --- 
2026-04-30 14:48:03 Prog : HURACAN_BC2_R33_EXT_new Skid: 85 Paint : 188.
2026-04-30 14:48:03 ------------------ 
2026-04-30 14:50:25 --- Trajectory --- 
2026-04-30 14:50:25 Prog : HURACAN_BC2_R33_Plastic Skid: 234 Paint : 37.
2026-04-30 14:50:25 ------------------ 
2026-04-30 15:04:52  Vol : URUS_PA2_R33_Plastic Skid: 169 Calcul Vol : 2 Color: 29.
2026-04-30 15:04:52  ---------------------------
2026-04-30 15:07:59 --- Trajectory --- 
2026-04-30 15:07:59 Prog : HURACAN_BC2_R33_Plastic Skid: 234 Paint : 0.
2026-04-30 15:07:59 ------------------ 
2026-04-30 15:09:06 --- Trajectory --- 
2026-04-30 15:09:06 Prog : HURACAN_BC2_INT Skid: 210 Paint : 0.
2026-04-30 15:09:06 ------------------ 
2026-04-30 15:09:17  Default Volume : HURACAN_BC2_INT Skid: 84.
2026-04-30 15:09:19  Vol : HURACAN_BC2_INT Skid: 84 Calcul Vol : 650 Color: 29.
2026-04-30 15:09:19  ---------------------------
2026-04-30 15:09:26  Vol : HURACAN_BC2_R33_EXT_new Skid: 84 Calcul Vol : 156 Color: 29.
2026-04-30 15:09:26  ---------------------------
2026-04-30 15:10:19 --- Trajectory --- 
2026-04-30 15:10:19 Prog : HURACAN_BC2_R33_EXT_new Skid: 210 Paint : 133.
2026-04-30 15:10:19 ------------------ 
2026-04-30 15:23:57  Vol : URUS_PA2_R33_Plastic Skid: 240 Calcul Vol : 2 Color: 53.
2026-04-30 15:23:57  ---------------------------
2026-04-30 15:40:20  Default Volume : URUS_PA2_BC2_R33_EXT_2026 Skid: 126.
2026-04-30 15:40:21  Vol : URUS_PA2_BC2_R33_EXT_2026 Skid: 126 Calcul Vol : 650 Color: 29.
2026-04-30 15:40:21  ---------------------------
2026-04-30 15:43:51 --- Trajectory --- 
2026-04-30 15:43:51 Prog : HURACAN_BC2_R33_EXT_new Skid: 210 Paint : 0.
2026-04-30 15:43:51 ------------------ 
2026-04-30 15:44:53  Vol : URUS_PA2_R33_Plastic Skid: 7 Calcul Vol : 10 Color: 55.
2026-04-30 15:44:53  ---------------------------
2026-04-30 15:45:42 --- Trajectory --- 
2026-04-30 15:45:42 Prog : HURACAN_BC2_INT Skid: 84 Paint : 0.
2026-04-30 15:45:42 ------------------ 
2026-04-30 15:48:03 --- Trajectory --- 
2026-04-30 15:48:03 Prog : HURACAN_BC2_R33_EXT_new Skid: 84 Paint : 148.
2026-04-30 15:48:03 ------------------ 
2026-04-30 16:12:06 --- Trajectory --- 
2026-04-30 16:12:06 Prog : HURACAN_BC2_R33_EXT_new Skid: 84 Paint : 0.
2026-04-30 16:12:06 ------------------ 
2026-04-30 16:14:10 --- Trajectory --- 
2026-04-30 16:14:10 Prog : HURACAN_BC2_R33_EXT_new Skid: 84 Paint : 0.
2026-04-30 16:14:10 ------------------ 
2026-04-30 16:17:41  Vol : URUS_PA2_R33_Plastic Skid: 253 Calcul Vol : 0 Color: 62.
2026-04-30 16:17:41  ---------------------------
2026-04-30 16:21:58  Default Volume : URUS_PA2_BC2_R33_EXT_2026 Skid: 158.
2026-04-30 16:21:59  Vol : URUS_PA2_BC2_R33_EXT_2026 Skid: 158 Calcul Vol : 650 Color: 38.
2026-04-30 16:21:59  ---------------------------
2026-04-30 16:40:33  Vol : HURACAN_BC2_R33_Plastic Skid: 200 Calcul Vol : 2290 Color: 35.
2026-04-30 16:40:33  ---------------------------
2026-04-30 16:48:19 --- Trajectory --- 
2026-04-30 16:48:19 Prog : HURACAN_BC2_R33_EXT_new Skid: 84 Paint : 0.
2026-04-30 16:48:19 ------------------ 
2026-04-30 16:56:59 --- Trajectory --- 
2026-04-30 16:56:59 Prog : HURACAN_BC2_R33_EXT_new Skid: 84 Paint : 0.
2026-04-30 16:56:59 ------------------ 
2026-04-30 16:58:17  Vol : URUS_PA2_R33_Plastic Skid: 22 Calcul Vol : 10 Color: 27.
2026-04-30 16:58:17  ---------------------------
2026-04-30 17:03:42 --- Trajectory --- 
2026-04-30 17:03:42 Prog : HURACAN_BC2_R33_Plastic Skid: 200 Paint : 54.
2026-04-30 17:03:42 ------------------ 
2026-04-30 17:24:13 --- Trajectory --- 
2026-04-30 17:24:13 Prog : HURACAN_BC2_R33_Plastic Skid: 200 Paint : 0.
2026-04-30 17:24:13 ------------------ 
2026-04-30 17:25:26  Default Volume : HURACAN_BC2_INT Skid: 38.
2026-04-30 17:25:27  Vol : HURACAN_BC2_INT Skid: 38 Calcul Vol : 650 Color: 35.
2026-04-30 17:25:27  ---------------------------
2026-04-30 17:25:34  Vol : HURACAN_BC2_R33_EXT_new Skid: 38 Calcul Vol : 202 Color: 35.
2026-04-30 17:25:34  ---------------------------
2026-04-30 17:30:43  Vol : URUS_PA2_R33_Plastic Skid: 197 Calcul Vol : 3 Color: 99.
2026-04-30 17:30:43  ---------------------------
2026-04-30 17:34:23  Default Volume : URUS_PA2_BC2_R33_EXT_2026 Skid: 167.
2026-04-30 17:34:25  Vol : URUS_PA2_BC2_R33_EXT_2026 Skid: 167 Calcul Vol : 650 Color: 99.
2026-04-30 17:34:25  ---------------------------
2026-04-30 17:41:55  Default Volume : HURACAN_BC2_INT Skid: 244.
2026-04-30 17:41:57  Vol : HURACAN_BC2_INT Skid: 244 Calcul Vol : 650 Color: 10.
2026-04-30 17:41:57  ---------------------------
2026-04-30 17:42:04  Vol : HURACAN_BC2_R33_EXT_new Skid: 244 Calcul Vol : 213 Color: 10.
2026-04-30 17:42:04  ---------------------------
2026-04-30 17:47:19 --- Trajectory --- 
2026-04-30 17:47:19 Prog : HURACAN_BC2_INT Skid: 38 Paint : 0.
2026-04-30 17:47:19 ------------------ 
2026-04-30 17:49:42 --- Trajectory --- 
2026-04-30 17:49:42 Prog : HURACAN_BC2_R33_EXT_new Skid: 38 Paint : 194.
2026-04-30 17:49:42 ------------------ 
2026-04-30 17:52:42 --- Trajectory --- 
2026-04-30 17:52:42 Prog : HURACAN_BC2_R33_EXT_new Skid: 38 Paint : 0.
2026-04-30 17:52:42 ------------------ 
2026-04-30 17:58:52 --- Trajectory --- 
2026-04-30 17:58:52 Prog : HURACAN_BC2_R33_EXT_new Skid: 38 Paint : 0.
2026-04-30 17:58:52 ------------------ 
2026-04-30 18:10:04 --- Trajectory --- 
2026-04-30 18:10:04 Prog : HURACAN_BC2_INT Skid: 244 Paint : 0.
2026-04-30 18:10:04 ------------------ 
2026-04-30 18:11:54 --- Trajectory --- 
2026-04-30 18:11:54 Prog : HURACAN_BC2_R33_EXT_new Skid: 244 Paint : 113.
2026-04-30 18:11:54 ------------------ 
2026-04-30 18:28:23  Vol : HURACAN_BC2_R33_Plastic Skid: 110 Calcul Vol : 3932 Color: 62.
2026-04-30 18:28:23  ---------------------------
2026-04-30 18:36:33  Default Volume : URUS_PA2_BC2_R33_EXT_2026 Skid: 203.
2026-04-30 18:36:34  Vol : URUS_PA2_BC2_R33_EXT_2026 Skid: 203 Calcul Vol : 650 Color: 62.
2026-04-30 18:36:34  ---------------------------
2026-04-30 18:50:34 --- Trajectory --- 
2026-04-30 18:50:34 Prog : HURACAN_BC2_R33_Plastic Skid: 110 Paint : 98.
2026-04-30 18:50:34 ------------------ 
2026-04-30 19:01:41 --- Trajectory --- 
2026-04-30 19:01:41 Prog : HURACAN_BC2_R33_Plastic Skid: 110 Paint : 0.
2026-04-30 19:01:41 ------------------ 
2026-04-30 19:57:23  Default Volume : HURACAN_BC2_INT Skid: 49.
2026-04-30 19:57:25  Vol : HURACAN_BC2_INT Skid: 49 Calcul Vol : 650 Color: 27.
2026-04-30 19:57:25  ---------------------------
2026-04-30 19:57:31  Vol : HURACAN_BC2_R33_EXT_new Skid: 49 Calcul Vol : 195 Color: 27.
2026-04-30 19:57:31  ---------------------------
2026-04-30 20:01:18  Default Volume : URUS_PA2_BC2_R33_EXT_2026 Skid: 245.
2026-04-30 20:01:20  Vol : URUS_PA2_BC2_R33_EXT_2026 Skid: 245 Calcul Vol : 650 Color: 11.
2026-04-30 20:01:20  ---------------------------
2026-04-30 20:09:16  Vol : URUS_PA2_R33_Plastic Skid: 7 Calcul Vol : 10 Color: 27.
2026-04-30 20:09:16  ---------------------------
2026-04-30 20:19:19 --- Trajectory --- 
2026-04-30 20:19:19 Prog : HURACAN_BC2_INT Skid: 49 Paint : 0.
2026-04-30 20:19:19 ------------------ 
2026-04-30 20:21:40 --- Trajectory --- 
2026-04-30 20:21:40 Prog : HURACAN_BC2_R33_EXT_new Skid: 49 Paint : 188.
2026-04-30 20:21:40 ------------------ 
2026-04-30 20:24:52  Default Volume : URUS_PA2_BC2_R33_EXT_2026 Skid: 166.
2026-04-30 20:24:53  Vol : URUS_PA2_BC2_R33_EXT_2026 Skid: 166 Calcul Vol : 650 Color: 27.
2026-04-30 20:24:53  ---------------------------
2026-04-30 20:26:18 --- Trajectory --- 
2026-04-30 20:26:18 Prog : HURACAN_BC2_R33_EXT_new Skid: 49 Paint : 0.
2026-04-30 20:26:18 ------------------ 
2026-04-30 20:32:28 --- Trajectory --- 
2026-04-30 20:32:28 Prog : HURACAN_BC2_R33_EXT_new Skid: 49 Paint : 0.
2026-04-30 20:32:28 ------------------ 
2026-04-30 20:48:35  Vol : URUS_PA2_R33_Plastic Skid: 98 Calcul Vol : 10 Color: 56.
2026-04-30 20:48:35  ---------------------------
2026-04-30 20:53:28  Default Volume : URUS_PA2_BC2_R33_EXT_2026 Skid: 163.
2026-04-30 20:53:30  Vol : URUS_PA2_BC2_R33_EXT_2026 Skid: 163 Calcul Vol : 650 Color: 56.
2026-04-30 20:53:30  ---------------------------
2026-04-30 20:59:11 --- Trajectory --- 
2026-04-30 20:59:11 Prog : HURACAN_BC2_R33_EXT_new Skid: 49 Paint : 0.
2026-04-30 20:59:11 ------------------ 
2026-04-30 21:09:59 --- Trajectory --- 
2026-04-30 21:09:59 Prog : HURACAN_BC2_R33_EXT_new Skid: 49 Paint : 0.
2026-04-30 21:09:59 ------------------ 
2026-04-30 21:22:07 --- Trajectory --- 
2026-04-30 21:22:07 Prog : HURACAN_BC2_R33_EXT_new Skid: 49 Paint : 0.
2026-04-30 21:22:07 ------------------ 
2026-05-04 04:39:15 --- Trajectory --- 
2026-05-04 04:39:15 Prog : HURACAN_BC2_R33_EXT_new Skid: 15626 Paint : 239.
2026-05-04 04:39:15 ------------------ 
2026-05-04 06:44:01  Vol : URUS_PA2_R33_Plastic Skid: 259 Calcul Vol : 10 Color: 85.
2026-05-04 06:44:01  ---------------------------
2026-05-04 07:02:04  Default Volume : HURACAN_BC2_INT Skid: 61.
2026-05-04 07:02:05  Vol : HURACAN_BC2_INT Skid: 61 Calcul Vol : 650 Color: 13.
2026-05-04 07:02:05  ---------------------------
2026-05-04 07:02:12  Vol : HURACAN_BC2_R33_EXT_new Skid: 61 Calcul Vol : 266 Color: 13.
2026-05-04 07:02:12  ---------------------------
2026-05-04 07:05:20 --- Trajectory --- 
2026-05-04 07:05:20 Prog : HURACAN_BC2_R33_EXT_new Skid: 15626 Paint : 0.
2026-05-04 07:05:20 ------------------ 
2026-05-04 07:05:59  Vol : URUS_PA2_R33_Plastic Skid: 197 Calcul Vol : 4 Color: 40.
2026-05-04 07:05:59  ---------------------------
2026-05-04 07:20:54 --- Trajectory --- 
2026-05-04 07:20:54 Prog : HURACAN_BC2_INT Skid: 61 Paint : 0.
2026-05-04 07:20:54 ------------------ 
2026-05-04 07:22:45 --- Trajectory --- 
2026-05-04 07:22:45 Prog : HURACAN_BC2_R33_EXT_new Skid: 61 Paint : 146.
2026-05-04 07:22:45 ------------------ 
2026-05-04 07:26:59  Vol : URUS_PA2_R33_Plastic Skid: 101 Calcul Vol : 0 Color: 53.
2026-05-04 07:26:59  ---------------------------
2026-05-04 07:27:08 --- Trajectory --- 
2026-05-04 07:27:08 Prog : HURACAN_BC2_R33_EXT_new Skid: 61 Paint : 0.
2026-05-04 07:27:08 ------------------ 
2026-05-04 07:35:06  Vol : URUS_PA2_R33_Plastic Skid: 113 Calcul Vol : 0 Color: 29.
2026-05-04 07:35:06  ---------------------------
2026-05-04 07:43:24  Default Volume : URUS_PA2_BC2_R33_EXT_2026 Skid: 48.
2026-05-04 07:43:25  Vol : URUS_PA2_BC2_R33_EXT_2026 Skid: 48 Calcul Vol : 650 Color: 53.
2026-05-04 07:43:25  ---------------------------
2026-05-04 07:47:22 --- Trajectory --- 
2026-05-04 07:47:22 Prog : HURACAN_BC2_R33_EXT_new Skid: 61 Paint : 0.
2026-05-04 07:47:22 ------------------ 
2026-05-04 07:51:31  Default Volume : HURACAN_BC2_INT Skid: 20.
2026-05-04 07:51:32  Vol : HURACAN_BC2_INT Skid: 20 Calcul Vol : 650 Color: 53.
2026-05-04 07:51:32  ---------------------------
2026-05-04 07:51:39  Vol : HURACAN_BC2_R33_EXT_new Skid: 20 Calcul Vol : 212 Color: 53.
2026-05-04 07:51:39  ---------------------------
2026-05-04 07:57:04 --- Trajectory --- 
2026-05-04 07:57:04 Prog : HURACAN_BC2_R33_EXT_new Skid: 61 Paint : 0.
2026-05-04 07:57:04 ------------------ 
2026-05-04 08:11:22 --- Trajectory --- 
2026-05-04 08:11:22 Prog : HURACAN_BC2_R33_EXT_new Skid: 61 Paint : 0.
2026-05-04 08:11:22 ------------------ 
2026-05-04 08:18:50 --- Trajectory --- 
2026-05-04 08:18:50 Prog : HURACAN_BC2_INT Skid: 20 Paint : 0.
2026-05-04 08:18:50 ------------------ 
2026-05-04 08:21:11 --- Trajectory --- 
2026-05-04 08:21:11 Prog : HURACAN_BC2_R33_EXT_new Skid: 20 Paint : 204.
2026-05-04 08:21:11 ------------------ 
2026-05-04 08:25:08  Vol : URUS_PA2_R33_Plastic Skid: 2 Calcul Vol : 3 Color: 53.
2026-05-04 08:25:08  ---------------------------
2026-05-04 08:33:30  Default Volume : URUS_PA2_BC2_R33_EXT_2026 Skid: 37.
2026-05-04 08:33:32  Vol : URUS_PA2_BC2_R33_EXT_2026 Skid: 37 Calcul Vol : 650 Color: 53.
2026-05-04 08:33:32  ---------------------------
2026-05-04 08:47:10  Default Volume : URUS_PA2_BC2_R33_EXT_2026 Skid: 96.
2026-05-04 08:47:11  Vol : URUS_PA2_BC2_R33_EXT_2026 Skid: 96 Calcul Vol : 650 Color: 53.
2026-05-04 08:47:11  ---------------------------
2026-05-04 08:53:08 --- Trajectory --- 
2026-05-04 08:53:08 Prog : HURACAN_BC2_R33_EXT_new Skid: 20 Paint : 0.
2026-05-04 08:53:08 ------------------ 
2026-05-04 08:56:09  Vol : HURACAN_BC2_R33_Plastic Skid: 97 Calcul Vol : 2347 Color: 27.
2026-05-04 08:56:09  ---------------------------
2026-05-04 09:03:50 --- Trajectory --- 
2026-05-04 09:03:50 Prog : HURACAN_BC2_R33_EXT_new Skid: 20 Paint : 0.
2026-05-04 09:03:50 ------------------ 
2026-05-04 09:14:46  Default Volume : URUS_PA2_BC2_R33_EXT_2026 Skid: 155.
2026-05-04 09:14:48  Vol : URUS_PA2_BC2_R33_EXT_2026 Skid: 155 Calcul Vol : 650 Color: 13.
2026-05-04 09:14:48  ---------------------------
2026-05-04 09:17:53 --- Trajectory --- 
2026-05-04 09:17:53 Prog : HURACAN_BC2_R33_EXT_new Skid: 20 Paint : 0.
2026-05-04 09:17:53 ------------------ 
2026-05-04 09:24:24 --- Trajectory --- 
2026-05-04 09:24:24 Prog : HURACAN_BC2_R33_Plastic Skid: 97 Paint : 37.
2026-05-04 09:24:24 ------------------ 
2026-05-04 09:43:52 --- Trajectory --- 
2026-05-04 09:43:52 Prog : HURACAN_BC2_R33_Plastic Skid: 97 Paint : 0.
2026-05-04 09:43:52 ------------------ 
2026-05-04 09:50:42  Vol : URUS_PA2_R33_Plastic Skid: 180 Calcul Vol : 10 Color: 105.
2026-05-04 09:50:42  ---------------------------
2026-05-04 09:55:27  Default Volume : URUS_PA2_BC2_R33_EXT_2026 Skid: 150.
2026-05-04 09:55:28  Vol : URUS_PA2_BC2_R33_EXT_2026 Skid: 150 Calcul Vol : 650 Color: 105.
2026-05-04 09:55:28  ---------------------------
2026-05-04 10:15:48  Vol : URUS_PA2_R33_Plastic Skid: 22 Calcul Vol : 10 Color: 26.
2026-05-04 10:15:48  ---------------------------
2026-05-04 10:26:56 --- Trajectory --- 
2026-05-04 10:26:56 Prog : HURACAN_BC2_R33_Plastic Skid: 97 Paint : 0.
2026-05-04 10:26:56 ------------------ 
2026-05-04 10:31:52 --- Trajectory --- 
2026-05-04 10:31:52 Prog : HURACAN_BC2_R33_Plastic Skid: 97 Paint : 0.
2026-05-04 10:31:52 ------------------ 
2026-05-04 10:33:51  Vol : URUS_PA2_R33_Plastic Skid: 7 Calcul Vol : 0 Color: 27.
2026-05-04 10:33:51  ---------------------------
2026-05-04 10:37:44  Default Volume : URUS_PA2_BC2_R33_EXT_2026 Skid: 222.
2026-05-04 10:37:45  Vol : URUS_PA2_BC2_R33_EXT_2026 Skid: 222 Calcul Vol : 650 Color: 40.
2026-05-04 10:37:45  ---------------------------
2026-05-04 10:45:50 --- Trajectory --- 
2026-05-04 10:45:50 Prog : HURACAN_BC2_R33_Plastic Skid: 97 Paint : 0.
2026-05-04 10:45:50 ------------------ 
2026-05-04 11:04:04 --- Trajectory --- 
2026-05-04 11:04:04 Prog : HURACAN_BC2_R33_Plastic Skid: 97 Paint : 0.
2026-05-04 11:04:04 ------------------ 
2026-05-04 11:12:43 --- Trajectory --- 
2026-05-04 11:12:43 Prog : HURACAN_BC2_R33_Plastic Skid: 97 Paint : 0.
2026-05-04 11:12:43 ------------------ 
2026-05-04 11:15:08  Default Volume : URUS_PA2_BC2_R33_EXT_2026 Skid: 221.
2026-05-04 11:15:09  Vol : URUS_PA2_BC2_R33_EXT_2026 Skid: 221 Calcul Vol : 650 Color: 29.
2026-05-04 11:15:09  ---------------------------
2026-05-04 11:43:43 --- Trajectory --- 
2026-05-04 11:43:43 Prog : HURACAN_BC2_R33_Plastic Skid: 97 Paint : 0.
2026-05-04 11:43:43 ------------------ 
2026-05-04 11:47:27  Default Volume : URUS_PA2_BC2_R33_EXT_2026 Skid: 60.
2026-05-04 11:47:29  Vol : URUS_PA2_BC2_R33_EXT_2026 Skid: 60 Calcul Vol : 650 Color: 27.
2026-05-04 11:47:29  ---------------------------
2026-05-04 12:00:14  Default Volume : HURACAN_BC2_INT Skid: 148.
2026-05-04 12:00:16  Vol : HURACAN_BC2_INT Skid: 148 Calcul Vol : 650 Color: 68.
2026-05-04 12:00:16  ---------------------------
2026-05-04 12:00:23  Vol : HURACAN_BC2_R33_EXT_new Skid: 148 Calcul Vol : 276 Color: 68.
2026-05-04 12:00:23  ---------------------------
2026-05-04 12:13:57 --- Trajectory --- 
2026-05-04 12:13:57 Prog : HURACAN_BC2_R33_Plastic Skid: 97 Paint : 0.
2026-05-04 12:13:57 ------------------ 
2026-05-04 12:16:33  Default Volume : URUS_PA2_BC2_R33_EXT_2026 Skid: 122.
2026-05-04 12:16:34  Vol : URUS_PA2_BC2_R33_EXT_2026 Skid: 122 Calcul Vol : 650 Color: 99.
2026-05-04 12:16:34  ---------------------------
2026-05-04 12:22:41  Vol : URUS_PA2SPORT_R33_EXT Skid: 86 Calcul Vol : 301 Color: 26.
2026-05-04 12:22:41  ---------------------------
2026-05-04 12:26:17 --- Trajectory --- 
2026-05-04 12:26:17 Prog : HURACAN_BC2_INT Skid: 148 Paint : 0.
2026-05-04 12:26:17 ------------------ 
2026-05-04 12:28:38 --- Trajectory --- 
2026-05-04 12:28:38 Prog : HURACAN_BC2_R33_EXT_new Skid: 148 Paint : 268.
2026-05-04 12:28:38 ------------------ 
2026-05-04 12:35:16  Vol : URUS_PA2_R33_Plastic Skid: 197 Calcul Vol : 5 Color: 40.
2026-05-04 12:35:16  ---------------------------
2026-05-04 12:38:57  Vol : URUS_PA2_R33_Plastic Skid: 240 Calcul Vol : 0 Color: 18.
2026-05-04 12:38:57  ---------------------------
2026-05-04 12:46:07  Vol : HURACAN_BC2_R33_Plastic Skid: 45 Calcul Vol : 1884 Color: 20.
2026-05-04 12:46:07  ---------------------------
2026-05-04 12:46:21 --- Trajectory --- 
2026-05-04 12:46:21 Prog : HURACAN_BC2_R33_EXT_new Skid: 148 Paint : 0.
2026-05-04 12:46:21 ------------------ 
2026-05-04 12:53:30 --- Trajectory --- 
2026-05-04 12:53:30 Prog : URUS_PA2SPORT_R33_EXT Skid: 86 Paint : 214.
2026-05-04 12:53:30 ------------------ 
2026-05-04 13:05:27 --- Trajectory --- 
2026-05-04 13:05:27 Prog : URUS_PA2SPORT_R33_EXT Skid: 86 Paint : 0.
2026-05-04 13:05:27 ------------------ 
2026-05-04 13:07:44  Default Volume : URUS_ACCENTSKID_R33 Skid: 34.
2026-05-04 13:07:46  Vol : URUS_ACCENTSKID_R33 Skid: 34 Calcul Vol : 650 Color: 22.
2026-05-04 13:07:46  ---------------------------
2026-05-04 13:09:09 --- Trajectory --- 
2026-05-04 13:09:09 Prog : URUS_PA2SPORT_R33_EXT Skid: 86 Paint : 0.
2026-05-04 13:09:09 ------------------ 
2026-05-04 13:16:25  Vol : URUS_PA2_R33_Plastic Skid: 102 Calcul Vol : 10 Color: 20.
2026-05-04 13:16:25  ---------------------------
2026-05-04 13:16:29 --- Trajectory --- 
2026-05-04 13:16:29 Prog : HURACAN_BC2_R33_Plastic Skid: 45 Paint : 41.
2026-05-04 13:16:29 ------------------ 
2026-05-04 13:34:36 --- Trajectory --- 
2026-05-04 13:34:36 Prog : URUS_ACCENTSKID_R33 Skid: 34 Paint : 0.
2026-05-04 13:34:36 ------------------ 
2026-05-04 13:43:12 --- Trajectory --- 
2026-05-04 13:43:12 Prog : URUS_ACCENTSKID_R33 Skid: 34 Paint : 0.
2026-05-04 13:43:12 ------------------ 
2026-05-04 13:47:41  Vol : URUS_PA2_R33_Plastic Skid: 192 Calcul Vol : 0 Color: 18.
2026-05-04 13:47:41  ---------------------------
2026-05-04 13:56:58  Default Volume : HURACAN_BC2_INT Skid: 193.
2026-05-04 13:57:00  Vol : HURACAN_BC2_INT Skid: 193 Calcul Vol : 650 Color: 20.
2026-05-04 13:57:00  ---------------------------
2026-05-04 13:57:06  Vol : HURACAN_BC2_R33_EXT_new Skid: 193 Calcul Vol : 136 Color: 20.
2026-05-04 13:57:06  ---------------------------
2026-05-04 14:08:28 --- Trajectory --- 
2026-05-04 14:08:28 Prog : URUS_ACCENTSKID_R33 Skid: 34 Paint : 0.
2026-05-04 14:08:28 ------------------ 
2026-05-04 14:22:07 --- Trajectory --- 
2026-05-04 14:22:07 Prog : HURACAN_BC2_INT Skid: 193 Paint : 0.
2026-05-04 14:22:07 ------------------ 
2026-05-04 14:24:59 --- Trajectory --- 
2026-05-04 14:24:59 Prog : HURACAN_BC2_R33_EXT_new Skid: 193 Paint : 127.
2026-05-04 14:24:59 ------------------ 
2026-05-04 14:31:16  Default Volume : HURACAN_BC2_INT Skid: 160.
2026-05-04 14:31:17  Vol : HURACAN_BC2_INT Skid: 160 Calcul Vol : 650 Color: 9.
2026-05-04 14:31:17  ---------------------------
2026-05-04 14:31:23  Default Volume : HURACAN_SP_BC2_R33_EXT Skid: 160.
2026-05-04 14:31:25  Vol : HURACAN_SP_BC2_R33_EXT Skid: 160 Calcul Vol : 650 Color: 9.
2026-05-04 14:31:25  ---------------------------
2026-05-04 14:33:56  Default Volume : URUS_PA2_BC2_R33_EXT_2026 Skid: 103.
2026-05-04 14:33:58  Vol : URUS_PA2_BC2_R33_EXT_2026 Skid: 103 Calcul Vol : 650 Color: 20.
2026-05-04 14:33:58  ---------------------------
2026-05-04 14:48:02  Vol : HURACAN_BC2_R33_Plastic Skid: 234 Calcul Vol : 1892 Color: 18.
2026-05-04 14:48:02  ---------------------------
2026-05-04 14:55:53 --- Trajectory --- 
2026-05-04 14:55:53 Prog : HURACAN_BC2_INT Skid: 160 Paint : 0.
2026-05-04 14:55:53 ------------------ 
2026-05-04 14:58:42 --- Trajectory --- 
2026-05-04 14:58:42 Prog : HURACAN_SP_BC2_R33_EXT Skid: 160 Paint : 221.
2026-05-04 14:58:42 ------------------ 
2026-05-04 15:01:17  Vol : HURACAN_BC2_R33_Plastic Skid: 164 Calcul Vol : 1879 Color: 20.
2026-05-04 15:01:17  ---------------------------
2026-05-04 15:03:25 --- Trajectory --- 
2026-05-04 15:03:25 Prog : HURACAN_SP_BC2_R33_EXT Skid: 160 Paint : 0.
2026-05-04 15:03:25 ------------------ 
2026-05-04 15:04:42  Default Volume : URUS_PA2_BC2_R33_EXT_2026 Skid: 204.
2026-05-04 15:04:44  Vol : URUS_PA2_BC2_R33_EXT_2026 Skid: 204 Calcul Vol : 650 Color: 38.
2026-05-04 15:04:44  ---------------------------
2026-05-04 15:06:45  Vol : URUS_PA2_R33_Plastic Skid: 22 Calcul Vol : 10 Color: 38.
2026-05-04 15:06:45  ---------------------------
2026-05-04 15:10:35 --- Trajectory --- 
2026-05-04 15:10:35 Prog : HURACAN_BC2_R33_Plastic Skid: 234 Paint : 27.
2026-05-04 15:10:35 ------------------ 
2026-05-04 15:13:09  Vol : HURACAN_BC2_R33_Plastic Skid: 194 Calcul Vol : 0 Color: 9.
2026-05-04 15:13:09  ---------------------------
2026-05-04 15:15:48 --- Trajectory --- 
2026-05-04 15:15:48 Prog : HURACAN_BC2_R33_Plastic Skid: 164 Paint : 28.
2026-05-04 15:15:48 ------------------ 
2026-05-04 15:28:12 --- Trajectory --- 
2026-05-04 15:28:12 Prog : HURACAN_BC2_R33_Plastic Skid: 164 Paint : 0.
2026-05-04 15:28:12 ------------------ 
2026-05-04 15:31:29 --- Trajectory --- 
2026-05-04 15:31:29 Prog : HURACAN_BC2_R33_Plastic Skid: 164 Paint : 0.
2026-05-04 15:31:29 ------------------ 
2026-05-04 15:33:02 --- Trajectory --- 
2026-05-04 15:33:02 Prog : HURACAN_BC2_R33_Plastic Skid: 194 Paint : 0.
2026-05-04 15:33:02 ------------------ 
2026-05-04 15:52:13  Default Volume : URUS_PA2_BC2_R33_EXT_2026 Skid: 59.
2026-05-04 15:52:14  Vol : URUS_PA2_BC2_R33_EXT_2026 Skid: 59 Calcul Vol : 650 Color: 11.
2026-05-04 15:52:14  ---------------------------
2026-05-04 16:16:58 --- Trajectory --- 
2026-05-04 16:16:58 Prog : HURACAN_BC2_R33_Plastic Skid: 194 Paint : 0.
2026-05-04 16:16:58 ------------------ 
2026-05-04 16:23:20  Default Volume : URUS_PA2_BC2_R33_EXT_2026 Skid: 245.
2026-05-04 16:23:21  Vol : URUS_PA2_BC2_R33_EXT_2026 Skid: 245 Calcul Vol : 650 Color: 18.
2026-05-04 16:23:21  ---------------------------
2026-05-04 16:36:42  Default Volume : HURACAN_BC2_INT Skid: 148.
2026-05-04 16:36:44  Vol : HURACAN_BC2_INT Skid: 148 Calcul Vol : 650 Color: 69.
2026-05-04 16:36:44  ---------------------------
2026-05-04 16:36:51  Vol : HURACAN_BC2_R33_EXT_new Skid: 148 Calcul Vol : 183 Color: 69.
2026-05-04 16:36:51  ---------------------------
2026-05-04 16:44:01  Vol : HURACAN_BC2_R33_Plastic Skid: 110 Calcul Vol : 2610 Color: 102.
2026-05-04 16:44:01  ---------------------------
2026-05-04 16:46:54 --- Trajectory --- 
2026-05-04 16:46:54 Prog : HURACAN_BC2_R33_Plastic Skid: 194 Paint : 0.
2026-05-04 16:46:54 ------------------ 
2026-05-04 16:48:53  Default Volume : HURACAN_BC2_INT Skid: 220.
2026-05-04 16:48:55  Vol : HURACAN_BC2_INT Skid: 220 Calcul Vol : 650 Color: 102.
2026-05-04 16:48:55  ---------------------------
2026-05-04 16:49:02  Vol : HURACAN_BC2_R33_EXT_new Skid: 220 Calcul Vol : 245 Color: 102.
2026-05-04 16:49:02  ---------------------------
2026-05-04 16:59:17 --- Trajectory --- 
2026-05-04 16:59:17 Prog : HURACAN_BC2_INT Skid: 148 Paint : 0.
2026-05-04 16:59:17 ------------------ 
2026-05-04 17:01:38 --- Trajectory --- 
2026-05-04 17:01:38 Prog : HURACAN_BC2_R33_EXT_new Skid: 148 Paint : 175.
2026-05-04 17:01:38 ------------------ 
2026-05-04 17:04:42 --- Trajectory --- 
2026-05-04 17:04:42 Prog : HURACAN_BC2_R33_Plastic Skid: 110 Paint : 60.
2026-05-04 17:04:42 ------------------ 
2026-05-04 17:11:30 --- Trajectory --- 
2026-05-04 17:11:30 Prog : HURACAN_BC2_INT Skid: 220 Paint : 0.
2026-05-04 17:11:30 ------------------ 
2026-05-04 17:13:51 --- Trajectory --- 
2026-05-04 17:13:51 Prog : HURACAN_BC2_R33_EXT_new Skid: 220 Paint : 238.
2026-05-04 17:13:51 ------------------ 
2026-05-04 17:23:52  Default Volume : HURACAN_BC2_INT Skid: 207.
2026-05-04 17:23:54  Vol : HURACAN_BC2_INT Skid: 207 Calcul Vol : 650 Color: 20.
2026-05-04 17:23:54  ---------------------------
2026-05-04 17:24:00  Vol : HURACAN_BC2_R33_EXT_new Skid: 207 Calcul Vol : 136 Color: 20.
2026-05-04 17:24:00  ---------------------------
2026-05-04 17:47:56 --- Trajectory --- 
2026-05-04 17:47:56 Prog : HURACAN_BC2_INT Skid: 207 Paint : 0.
2026-05-04 17:47:56 ------------------ 
2026-05-04 17:50:17 --- Trajectory --- 
2026-05-04 17:50:17 Prog : HURACAN_BC2_R33_EXT_new Skid: 207 Paint : 127.
2026-05-04 17:50:17 ------------------ 
2026-05-04 18:06:50  Default Volume : HURACAN_BC2_INT Skid: 223.
2026-05-04 18:06:51  Vol : HURACAN_BC2_INT Skid: 223 Calcul Vol : 650 Color: 18.
2026-05-04 18:06:51  ---------------------------
2026-05-04 18:06:58  Vol : HURACAN_BC2_R33_EXT_new Skid: 223 Calcul Vol : 135 Color: 18.
2026-05-04 18:06:58  ---------------------------
2026-05-04 18:16:06  Vol : HURACAN_BC2_R33_Plastic Skid: 39 Calcul Vol : 2342 Color: 27.
2026-05-04 18:16:06  ---------------------------
2026-05-04 18:29:02 --- Trajectory --- 
2026-05-04 18:29:02 Prog : HURACAN_BC2_INT Skid: 223 Paint : 0.
2026-05-04 18:29:02 ------------------ 
2026-05-04 18:31:23 --- Trajectory --- 
2026-05-04 18:31:23 Prog : HURACAN_BC2_R33_EXT_new Skid: 223 Paint : 127.
2026-05-04 18:31:23 ------------------ 
2026-05-04 18:39:10 --- Trajectory --- 
2026-05-04 18:39:10 Prog : HURACAN_BC2_R33_Plastic Skid: 39 Paint : 37.
2026-05-04 18:39:10 ------------------ 
2026-05-04 18:50:30  Vol : URUS_PA2_R33_Plastic Skid: 175 Calcul Vol : 10 Color: 27.
2026-05-04 18:50:30  ---------------------------
2026-05-04 18:58:46  Vol : URUS_PA2_R33_Plastic Skid: 98 Calcul Vol : 0 Color: 53.
2026-05-04 18:58:46  ---------------------------
2026-05-04 19:06:14  Vol : URUS_PA2_R33_Plastic Skid: 180 Calcul Vol : 0 Color: 27.
2026-05-04 19:06:14  ---------------------------
2026-05-04 19:14:05 --- Trajectory --- 
2026-05-04 19:14:05 Prog : HURACAN_BC2_R33_Plastic Skid: 39 Paint : 0.
2026-05-04 19:14:05 ------------------ 
2026-05-04 19:17:19 --- Trajectory --- 
2026-05-04 19:17:20 Prog : HURACAN_BC2_R33_Plastic Skid: 39 Paint : 0.
2026-05-04 19:17:20 ------------------ 
2026-05-04 19:27:31 --- Trajectory --- 
2026-05-04 19:27:31 Prog : HURACAN_BC2_R33_Plastic Skid: 39 Paint : 0.
2026-05-04 19:27:31 ------------------ 
2026-05-04 19:49:50  Vol : URUS_PA2_R33_Plastic Skid: 253 Calcul Vol : 0 Color: 25.
2026-05-04 19:49:50  ---------------------------
2026-05-04 19:54:34  Default Volume : URUS_PA2_BC2_R33_EXT_2026 Skid: 158.
2026-05-04 19:54:36  Vol : URUS_PA2_BC2_R33_EXT_2026 Skid: 158 Calcul Vol : 650 Color: 25.
2026-05-04 19:54:36  ---------------------------
2026-05-04 19:58:26  Vol : URUS_PA2_R33_Plastic Skid: 2 Calcul Vol : 10 Color: 20.
2026-05-04 19:58:26  ---------------------------
2026-05-04 20:02:19  Default Volume : HURACAN_BC2_INT Skid: 145.
2026-05-04 20:02:20  Vol : HURACAN_BC2_INT Skid: 145 Calcul Vol : 650 Color: 20.
2026-05-04 20:02:20  ---------------------------
2026-05-04 20:02:27  Vol : HURACAN_BC2_R33_EXT_new Skid: 145 Calcul Vol : 135 Color: 20.
2026-05-04 20:02:27  ---------------------------
2026-05-04 20:07:27 --- Trajectory --- 
2026-05-04 20:07:27 Prog : HURACAN_BC2_R33_Plastic Skid: 39 Paint : 0.
2026-05-04 20:07:27 ------------------ 
2026-05-04 20:10:34  Vol : URUS_PA2_R33_Plastic Skid: 259 Calcul Vol : 2 Color: 88.
2026-05-04 20:10:34  ---------------------------
2026-05-04 20:17:09 --- Trajectory --- 
2026-05-04 20:17:09 Prog : HURACAN_BC2_R33_Plastic Skid: 39 Paint : 0.
2026-05-04 20:17:09 ------------------ 
2026-05-04 20:20:04 --- Trajectory --- 
2026-05-04 20:20:04 Prog : HURACAN_BC2_R33_Plastic Skid: 39 Paint : 0.
2026-05-04 20:20:04 ------------------ 
2026-05-04 20:21:10  Default Volume : URUS_PA2_BC2_R33_EXT_2026 Skid: 163.
2026-05-04 20:21:12  Vol : URUS_PA2_BC2_R33_EXT_2026 Skid: 163 Calcul Vol : 650 Color: 27.
2026-05-04 20:21:12  ---------------------------
2026-05-04 20:23:47 --- Trajectory --- 
2026-05-04 20:23:47 Prog : HURACAN_BC2_INT Skid: 145 Paint : 0.
2026-05-04 20:23:47 ------------------ 
2026-05-04 20:26:08 --- Trajectory --- 
2026-05-04 20:26:08 Prog : HURACAN_BC2_R33_EXT_new Skid: 145 Paint : 127.
2026-05-04 20:26:08 ------------------ 
2026-05-04 20:34:05 --- Trajectory --- 
2026-05-04 20:34:05 Prog : HURACAN_BC2_R33_EXT_new Skid: 145 Paint : 0.
2026-05-04 20:34:05 ------------------ 
2026-05-04 20:43:37  Default Volume : URUS_PA2_BC2_R33_EXT_2026 Skid: 202.
2026-05-04 20:43:38  Vol : URUS_PA2_BC2_R33_EXT_2026 Skid: 202 Calcul Vol : 650 Color: 27.
2026-05-04 20:43:38  ---------------------------
2026-05-04 20:48:40 --- Trajectory --- 
2026-05-04 20:48:40 Prog : HURACAN_BC2_R33_EXT_new Skid: 145 Paint : 0.
2026-05-04 20:48:40 ------------------ 
2026-05-04 21:10:12 --- Trajectory --- 
2026-05-04 21:10:12 Prog : HURACAN_BC2_R33_EXT_new Skid: 145 Paint : 0.
2026-05-04 21:10:12 ------------------ 
2026-05-05 03:21:42  Default Volume : URUS_PA2_BC2_R33_EXT_2026 Skid: 26.
2026-05-05 03:21:44  Vol : URUS_PA2_BC2_R33_EXT_2026 Skid: 26 Calcul Vol : 650 Color: 35.
2026-05-05 03:21:44  ---------------------------
2026-05-05 03:37:55 --- Trajectory --- 
2026-05-05 03:37:55 Prog : HURACAN_BC2_R33_EXT_new Skid: 15627 Paint : 239.
2026-05-05 03:37:55 ------------------ 
2026-05-05 03:43:36  Default Volume : URUS_PA2_BC2_R33_EXT_2026 Skid: 35.
2026-05-05 03:43:37  Vol : URUS_PA2_BC2_R33_EXT_2026 Skid: 35 Calcul Vol : 650 Color: 96.
2026-05-05 03:43:37  ---------------------------
2026-05-05 03:55:06 --- Trajectory --- 
2026-05-05 03:55:06 Prog : HURACAN_BC2_R33_EXT_new Skid: 15627 Paint : 0.
2026-05-05 03:55:06 ------------------ 
2026-05-05 06:18:41  Default Volume : HURACAN_BC2_INT Skid: 220.
2026-05-05 06:18:42  Vol : HURACAN_BC2_INT Skid: 220 Calcul Vol : 650 Color: 102.
2026-05-05 06:18:43  ---------------------------
2026-05-05 06:18:49  Vol : HURACAN_BC2_R33_EXT_new Skid: 220 Calcul Vol : 185 Color: 102.
2026-05-05 06:18:49  ---------------------------
2026-05-05 06:21:50 --- Trajectory --- 
2026-05-05 06:21:50 Prog : HURACAN_BC2_R33_EXT_new Skid: 15627 Paint : 0.
2026-05-05 06:21:50 ------------------ 
2026-05-05 06:46:57  Vol : HURACAN_BC2_R33_Plastic Skid: 109 Calcul Vol : 1882 Color: 20.
2026-05-05 06:46:57  ---------------------------
2026-05-05 06:47:15 --- Trajectory --- 
2026-05-05 06:47:15 Prog : HURACAN_BC2_INT Skid: 220 Paint : 0.
2026-05-05 06:47:15 ------------------ 
2026-05-05 06:48:41 --- Trajectory --- 
2026-05-05 06:48:41 Prog : HURACAN_BC2_R33_EXT_new Skid: 220 Paint : 158.
2026-05-05 06:48:41 ------------------ 
2026-05-05 07:05:44  Vol : HURACAN_BC2_R33_Plastic Skid: 45 Calcul Vol : 1895 Color: 29.
2026-05-05 07:05:44  ---------------------------
2026-05-05 07:14:08  Default Volume : HURACAN_BC2_INT Skid: 133.
2026-05-05 07:14:09  Vol : HURACAN_BC2_INT Skid: 133 Calcul Vol : 650 Color: 29.
2026-05-05 07:14:09  ---------------------------
2026-05-05 07:14:15 --- Trajectory --- 
2026-05-05 07:14:15 Prog : HURACAN_BC2_R33_Plastic Skid: 109 Paint : 41.
2026-05-05 07:14:15 ------------------ 
2026-05-05 07:14:16  Vol : HURACAN_BC2_R33_EXT_new Skid: 133 Calcul Vol : 156 Color: 29.
2026-05-05 07:14:16  ---------------------------
2026-05-05 07:30:41 --- Trajectory --- 
2026-05-05 07:30:41 Prog : HURACAN_BC2_R33_Plastic Skid: 45 Paint : 38.
2026-05-05 07:30:41 ------------------ 
2026-05-05 07:39:14 --- Trajectory --- 
2026-05-05 07:39:14 Prog : HURACAN_BC2_INT Skid: 133 Paint : 0.
2026-05-05 07:39:14 ------------------ 
2026-05-05 07:41:36 --- Trajectory --- 
2026-05-05 07:41:36 Prog : HURACAN_BC2_R33_EXT_new Skid: 133 Paint : 148.
2026-05-05 07:41:36 ------------------ 
2026-05-05 08:27:16  Vol : URUS_PA2_R33_Plastic Skid: 64 Calcul Vol : 2 Color: 37.
2026-05-05 08:27:16  ---------------------------
2026-05-05 08:54:00 --- Trajectory --- 
2026-05-05 08:54:01 Prog : HURACAN_BC2_R33_EXT_new Skid: 133 Paint : 0.
2026-05-05 08:54:01 ------------------ 
2026-05-05 09:02:38  Default Volume : URUS_PA2_BC2_R33_EXT_2026 Skid: 244.
2026-05-05 09:02:39  Vol : URUS_PA2_BC2_R33_EXT_2026 Skid: 244 Calcul Vol : 650 Color: 9.
2026-05-05 09:02:39  ---------------------------
2026-05-05 09:31:01 --- Trajectory --- 
2026-05-05 09:31:01 Prog : HURACAN_BC2_R33_EXT_new Skid: 133 Paint : 0.
2026-05-05 09:31:01 ------------------ 
2026-05-05 10:31:12  Vol : URUS_PA2_R33_Plastic Skid: 22 Calcul Vol : 10 Color: 102.
2026-05-05 10:31:12  ---------------------------
2026-05-05 10:44:17  Default Volume : URUS_PA2_BC2_R33_EXT_2026 Skid: 84.
2026-05-05 10:44:18  Vol : URUS_PA2_BC2_R33_EXT_2026 Skid: 84 Calcul Vol : 650 Color: 53.
2026-05-05 10:44:18  ---------------------------
2026-05-05 10:49:52  Vol : URUS_PA2_R33_Plastic Skid: 175 Calcul Vol : 10 Color: 97.
2026-05-05 10:49:52  ---------------------------
2026-05-05 11:01:54  Default Volume : TEM_bc2_int Skid: 126.
2026-05-05 11:01:56  Vol : TEM_bc2_int Skid: 126 Calcul Vol : 650 Color: 27.
2026-05-05 11:01:56  ---------------------------
2026-05-05 11:02:02  Default Volume : TEM_bc2_r33_ext_new Skid: 126.
2026-05-05 11:02:03  Vol : TEM_bc2_r33_ext_new Skid: 126 Calcul Vol : 650 Color: 27.
2026-05-05 11:02:03  ---------------------------
2026-05-05 11:02:18 --- Trajectory --- 
2026-05-05 11:02:18 Prog : TEM_bc2_r33_ext_new Skid: 133 Paint : 0.
2026-05-05 11:02:18 ------------------ 
2026-05-05 11:12:00  Vol : URUS_PA2_R33_Plastic Skid: 180 Calcul Vol : 10 Color: 38.
2026-05-05 11:12:00  ---------------------------
2026-05-05 11:17:53 --- Trajectory --- 
2026-05-05 11:17:53 Prog : TEM_bc2_r33_ext_new Skid: 133 Paint : 0.
2026-05-05 11:17:53 ------------------ 
2026-05-05 11:33:08 --- Trajectory --- 
2026-05-05 11:33:09 Prog : TEM_bc2_r33_ext_new Skid: 133 Paint : 0.
2026-05-05 11:33:09 ------------------ 
2026-05-05 11:44:33 --- Trajectory --- 
2026-05-05 11:44:33 Prog : TEM_bc2_int Skid: 126 Paint : 0.
2026-05-05 11:44:33 ------------------ 
2026-05-05 11:45:22  Vol : HURACAN_BC2_R33_Plastic Skid: 46 Calcul Vol : 1881 Color: 20.
2026-05-05 11:45:22  ---------------------------
2026-05-05 11:46:54 --- Trajectory --- 
2026-05-05 11:46:54 Prog : TEM_bc2_r33_ext_new Skid: 126 Paint : 188.
2026-05-05 11:46:54 ------------------ 
2026-05-05 11:49:38  Default Volume : URUS_PA2_BC2_R33_EXT_2026 Skid: 245.
2026-05-05 11:49:39  Vol : URUS_PA2_BC2_R33_EXT_2026 Skid: 245 Calcul Vol : 650 Color: 102.
2026-05-05 11:49:39  ---------------------------
2026-05-05 11:50:44 --- Trajectory --- 
2026-05-05 11:50:44 Prog : TEM_bc2_r33_ext_new Skid: 126 Paint : 0.
2026-05-05 11:50:44 ------------------ 
2026-05-05 11:56:54  Default Volume : URUS_PA2_BC2_R33_EXT_2026 Skid: 103.
2026-05-05 11:56:56  Vol : URUS_PA2_BC2_R33_EXT_2026 Skid: 103 Calcul Vol : 650 Color: 20.
2026-05-05 11:56:56  ---------------------------
2026-05-05 12:09:33 --- Trajectory --- 
2026-05-05 12:09:33 Prog : HURACAN_BC2_R33_Plastic Skid: 46 Paint : 41.
2026-05-05 12:09:33 ------------------ 
2026-05-05 12:15:41 --- Trajectory --- 
2026-05-05 12:15:41 Prog : HURACAN_BC2_R33_Plastic Skid: 46 Paint : 0.
2026-05-05 12:15:41 ------------------ 
2026-05-05 12:24:30 --- Trajectory --- 
2026-05-05 12:24:30 Prog : HURACAN_BC2_R33_Plastic Skid: 46 Paint : 0.
2026-05-05 12:24:30 ------------------ 
2026-05-05 12:42:14  Vol : URUS_PA2_R33_Plastic Skid: 102 Calcul Vol : 10 Color: 85.
2026-05-05 12:42:14  ---------------------------
2026-05-05 12:45:45  Default Volume : URUS_PA2_BC2_R33_EXT_2026 Skid: 153.
2026-05-05 12:45:47  Vol : URUS_PA2_BC2_R33_EXT_2026 Skid: 153 Calcul Vol : 650 Color: 85.
2026-05-05 12:45:47  ---------------------------
2026-05-05 13:12:47  Default Volume : URUS_PA2_BC2_R33_EXT_2026 Skid: 206.
2026-05-05 13:12:48  Vol : URUS_PA2_BC2_R33_EXT_2026 Skid: 206 Calcul Vol : 650 Color: 20.
2026-05-05 13:12:48  ---------------------------
2026-05-05 13:13:24 --- Trajectory --- 
2026-05-05 13:13:24 Prog : HURACAN_BC2_R33_Plastic Skid: 46 Paint : 0.
2026-05-05 13:13:24 ------------------ 
2026-05-05 13:16:26  Default Volume : TEM_bc2_int Skid: 105.
2026-05-05 13:16:27  Vol : TEM_bc2_int Skid: 105 Calcul Vol : 650 Color: 20.
2026-05-05 13:16:27  ---------------------------
2026-05-05 13:16:33  Default Volume : TEM_bc2_r33_ext_new Skid: 105.
2026-05-05 13:16:35  Vol : TEM_bc2_r33_ext_new Skid: 105 Calcul Vol : 650 Color: 20.
2026-05-05 13:16:35  ---------------------------
2026-05-05 13:20:31 --- Trajectory --- 
2026-05-05 13:20:31 Prog : HURACAN_BC2_R33_Plastic Skid: 46 Paint : 0.
2026-05-05 13:20:31 ------------------ 
2026-05-05 13:27:09  Default Volume : URUS_PA2_BC2_R33_EXT_2026 Skid: 150.
2026-05-05 13:27:10  Vol : URUS_PA2_BC2_R33_EXT_2026 Skid: 150 Calcul Vol : 650 Color: 96.
2026-05-05 13:27:10  ---------------------------
2026-05-05 13:31:42  Default Volume : URUS_ACCENTSKID_R33 Skid: 34.
2026-05-05 13:31:44  Vol : URUS_ACCENTSKID_R33 Skid: 34 Calcul Vol : 650 Color: 125.
2026-05-05 13:31:44  ---------------------------
2026-05-05 13:36:20 --- Trajectory --- 
2026-05-05 13:36:20 Prog : HURACAN_BC2_R33_Plastic Skid: 46 Paint : 0.
2026-05-05 13:36:20 ------------------ 
2026-05-05 13:38:37 --- Trajectory --- 
2026-05-05 13:38:37 Prog : TEM_bc2_int Skid: 105 Paint : 0.
2026-05-05 13:38:37 ------------------ 
2026-05-05 13:40:58 --- Trajectory --- 
2026-05-05 13:40:58 Prog : TEM_bc2_r33_ext_new Skid: 105 Paint : 127.
2026-05-05 13:40:58 ------------------ 
2026-05-05 13:59:52 --- Trajectory --- 
2026-05-05 13:59:52 Prog : TEM_bc2_r33_ext_new Skid: 105 Paint : 0.
2026-05-05 13:59:52 ------------------ 
2026-05-05 16:01:30  Default Volume : TEM_bc2_int Skid: 220.
2026-05-05 16:01:31  Vol : TEM_bc2_int Skid: 220 Calcul Vol : 650 Color: 102.
2026-05-05 16:01:31  ---------------------------
2026-05-05 16:01:37  Default Volume : TEM_bc2_r33_ext_new Skid: 220.
2026-05-05 16:01:39  Vol : TEM_bc2_r33_ext_new Skid: 220 Calcul Vol : 650 Color: 102.
2026-05-05 16:01:39  ---------------------------
2026-05-05 16:15:55  Vol : URUS_PA2_R33_Plastic Skid: 240 Calcul Vol : 10 Color: 77.
2026-05-05 16:15:55  ---------------------------
2026-05-05 16:19:26  Default Volume : URUS_PA2_BC2_R33_EXT_2026 Skid: 68.
2026-05-05 16:19:28  Vol : URUS_PA2_BC2_R33_EXT_2026 Skid: 68 Calcul Vol : 650 Color: 77.
2026-05-05 16:19:28  ---------------------------
2026-05-05 16:28:16 --- Trajectory --- 
2026-05-05 16:28:16 Prog : TEM_bc2_int Skid: 220 Paint : 0.
2026-05-05 16:28:16 ------------------ 
2026-05-05 16:29:11 --- Trajectory --- 
2026-05-05 16:29:11 Prog : TEM_bc2_r33_ext_new Skid: 220 Paint : 59.
2026-05-05 16:29:11 ------------------ 
2026-05-05 16:32:42  Default Volume : URUS_PA2_BC2_R33_EXT_2026 Skid: 221.
2026-05-05 16:32:44  Vol : URUS_PA2_BC2_R33_EXT_2026 Skid: 221 Calcul Vol : 650 Color: 97.
2026-05-05 16:32:44  ---------------------------
2026-05-05 16:44:46 --- Trajectory --- 
2026-05-05 16:44:46 Prog : NOT FOUND Skid: 40 Paint : 0.
2026-05-05 16:44:46 ------------------ 
2026-05-05 16:51:19 --- Trajectory --- 
2026-05-05 16:51:19 Prog : NOT FOUND Skid: 40 Paint : 0.
2026-05-05 16:51:19 ------------------ 
2026-05-05 17:01:02  Vol : HURACAN_BC2_R33_Plastic Skid: 164 Calcul Vol : 1898 Color: 34.
2026-05-05 17:01:02  ---------------------------
2026-05-05 17:04:19 --- Trajectory --- 
2026-05-05 17:04:19 Prog : NOT FOUND Skid: 40 Paint : 0.
2026-05-05 17:04:19 ------------------ 
2026-05-05 17:05:24  Default Volume : TEM_bc2_int Skid: 74.
2026-05-05 17:05:26  Vol : TEM_bc2_int Skid: 74 Calcul Vol : 650 Color: 34.
2026-05-05 17:05:26  ---------------------------
2026-05-05 17:05:32  Default Volume : TEM_bc2_r33_ext_new Skid: 74.
2026-05-05 17:05:33  Vol : TEM_bc2_r33_ext_new Skid: 74 Calcul Vol : 650 Color: 34.
2026-05-05 17:05:33  ---------------------------
2026-05-05 17:35:05 --- Trajectory --- 
2026-05-05 17:35:05 Prog : HURACAN_BC2_R33_Plastic Skid: 164 Paint : 38.
2026-05-05 17:35:05 ------------------ 
2026-05-05 17:38:47 --- Trajectory --- 
2026-05-05 17:38:47 Prog : TEM_bc2_int Skid: 74 Paint : 0.
2026-05-05 17:38:47 ------------------ 
2026-05-05 17:41:04  Default Volume : URUS_PA2_BC2_R33_EXT_2026 Skid: 61.
2026-05-05 17:41:06  Vol : URUS_PA2_BC2_R33_EXT_2026 Skid: 61 Calcul Vol : 650 Color: 38.
2026-05-05 17:41:06  ---------------------------
2026-05-05 17:41:08 --- Trajectory --- 
2026-05-05 17:41:08 Prog : TEM_bc2_r33_ext_new Skid: 74 Paint : 149.
2026-05-05 17:41:08 ------------------ 
2026-05-05 17:45:32  Default Volume : URUS_PA2_BC2_R33_EXT_2026 Skid: 79.
2026-05-05 17:45:33  Vol : URUS_PA2_BC2_R33_EXT_2026 Skid: 79 Calcul Vol : 650 Color: 37.
2026-05-05 17:45:33  ---------------------------
2026-05-05 18:05:41 --- Trajectory --- 
2026-05-05 18:05:41 Prog : TEM_bc2_r33_ext_new Skid: 74 Paint : 0.
2026-05-05 18:05:42 ------------------ 
2026-05-05 18:10:47 --- Trajectory --- 
2026-05-05 18:10:47 Prog : TEM_bc2_r33_ext_new Skid: 74 Paint : 0.
2026-05-05 18:10:47 ------------------ 
2026-05-05 18:15:04  Default Volume : URUS_ACCENTSKID_R33 Skid: 34.
2026-05-05 18:15:06  Vol : URUS_ACCENTSKID_R33 Skid: 34 Calcul Vol : 650 Color: 125.
2026-05-05 18:15:06  ---------------------------
2026-05-05 18:41:22 --- Trajectory --- 
2026-05-05 18:41:22 Prog : URUS_ACCENTSKID_R33 Skid: 34 Paint : 0.
2026-05-05 18:41:22 ------------------ 
2026-05-05 19:03:14  Vol : HURACAN_BC2_R33_Plastic Skid: 157 Calcul Vol : 2346 Color: 85.
2026-05-05 19:03:14  ---------------------------
2026-05-05 19:06:52  Default Volume : TEM_bc2_int Skid: 66.
2026-05-05 19:06:54  Vol : TEM_bc2_int Skid: 66 Calcul Vol : 650 Color: 85.
2026-05-05 19:06:54  ---------------------------
2026-05-05 19:07:00  Default Volume : TEM_bc2_r33_ext_new Skid: 66.
2026-05-05 19:07:01  Vol : TEM_bc2_r33_ext_new Skid: 66 Calcul Vol : 650 Color: 85.
2026-05-05 19:07:01  ---------------------------
2026-05-05 19:15:30  Vol : URUS_PA2_R33_Plastic Skid: 67 Calcul Vol : 10 Color: 20.
2026-05-05 19:15:30  ---------------------------
2026-05-05 19:26:33 --- Trajectory --- 
2026-05-05 19:26:33 Prog : HURACAN_BC2_R33_Plastic Skid: 157 Paint : 54.
2026-05-05 19:26:33 ------------------ 
2026-05-05 19:30:15 --- Trajectory --- 
2026-05-05 19:30:15 Prog : TEM_bc2_int Skid: 66 Paint : 0.
2026-05-05 19:30:15 ------------------ 
2026-05-05 19:32:36 --- Trajectory --- 
2026-05-05 19:32:36 Prog : TEM_bc2_r33_ext_new Skid: 66 Paint : 207.
2026-05-05 19:32:36 ------------------ 
2026-05-05 19:38:02 --- Trajectory --- 
2026-05-05 19:38:02 Prog : TEM_bc2_r33_ext_new Skid: 66 Paint : 0.
2026-05-05 19:38:02 ------------------ 
2026-05-05 19:55:57  Default Volume : URUS_PA2_BC2_R33_EXT_2026 Skid: 20.
2026-05-05 19:55:59  Vol : URUS_PA2_BC2_R33_EXT_2026 Skid: 20 Calcul Vol : 650 Color: 16.
2026-05-05 19:55:59  ---------------------------
2026-05-05 20:23:17 --- Trajectory --- 
2026-05-05 20:23:17 Prog : TEM_bc2_r33_ext_new Skid: 66 Paint : 0.
2026-05-05 20:23:17 ------------------ 
2026-05-05 20:30:36  Vol : URUS_PA2_R33_Plastic Skid: 98 Calcul Vol : 10 Color: 53.
2026-05-05 20:30:36  ---------------------------
2026-05-05 20:36:43  Vol : HURACAN_BC2_R33_Plastic Skid: 164 Calcul Vol : 2290 Color: 35.
2026-05-05 20:36:43  ---------------------------
2026-05-05 20:39:44  Default Volume : TEM_bc2_int Skid: 74.
2026-05-05 20:39:46  Vol : TEM_bc2_int Skid: 74 Calcul Vol : 650 Color: 35.
2026-05-05 20:39:46  ---------------------------
2026-05-05 20:39:52  Default Volume : TEM_bc2_r33_ext_new Skid: 74.
2026-05-05 20:39:53  Vol : TEM_bc2_r33_ext_new Skid: 74 Calcul Vol : 650 Color: 35.
2026-05-05 20:39:53  ---------------------------
2026-05-05 20:43:38  Vol : HURACAN_BC2_R33_Plastic Skid: 97 Calcul Vol : 2346 Color: 85.
2026-05-05 20:43:38  ---------------------------
2026-05-05 20:47:49  Default Volume : TEM_bc2_int Skid: 138.
2026-05-05 20:47:50  Vol : TEM_bc2_int Skid: 138 Calcul Vol : 650 Color: 85.
2026-05-05 20:47:50  ---------------------------
2026-05-05 20:47:53 --- Trajectory --- 
2026-05-05 20:47:53 Prog : TEM_bc2_r33_ext_new Skid: 66 Paint : 0.
2026-05-05 20:47:53 ------------------ 
2026-05-05 20:47:56  Default Volume : TEM_bc2_r33_ext_new Skid: 138.
2026-05-05 20:47:58  Vol : TEM_bc2_r33_ext_new Skid: 138 Calcul Vol : 650 Color: 85.
2026-05-05 20:47:58  ---------------------------
2026-05-05 20:56:53  Default Volume : URUS_PA2_BC2_R33_EXT_2026 Skid: 230.
2026-05-05 20:56:54  Vol : URUS_PA2_BC2_R33_EXT_2026 Skid: 230 Calcul Vol : 650 Color: 96.
2026-05-05 20:56:54  ---------------------------
2026-05-05 20:57:54 --- Trajectory --- 
2026-05-05 20:57:54 Prog : HURACAN_BC2_R33_Plastic Skid: 164 Paint : 54.
2026-05-05 20:57:54 ------------------ 
2026-05-05 21:01:35 --- Trajectory --- 
2026-05-05 21:01:35 Prog : TEM_bc2_int Skid: 74 Paint : 0.
2026-05-05 21:01:35 ------------------ 
2026-05-05 21:03:56 --- Trajectory --- 
2026-05-05 21:03:56 Prog : TEM_bc2_r33_ext_new Skid: 74 Paint : 194.
2026-05-05 21:03:56 ------------------ 
2026-05-05 21:16:19 --- Trajectory --- 
2026-05-05 21:16:19 Prog : HURACAN_BC2_R33_Plastic Skid: 97 Paint : 54.
2026-05-05 21:16:19 ------------------ 
2026-05-05 21:20:31 --- Trajectory --- 
2026-05-05 21:20:31 Prog : TEM_bc2_int Skid: 138 Paint : 0.
2026-05-05 21:20:31 ------------------ 
2026-05-05 21:22:53 --- Trajectory --- 
2026-05-05 21:22:53 Prog : TEM_bc2_r33_ext_new Skid: 138 Paint : 207.
2026-05-05 21:22:53 ------------------ 
2026-05-05 21:33:44 --- Trajectory --- 
2026-05-05 21:33:44 Prog : TEM_bc2_r33_ext_new Skid: 138 Paint : 0.
2026-05-05 21:33:44 ------------------ 
2026-05-06 03:17:30  Default Volume : URUS_PA2_BC2_R33_EXT_2026 Skid: 26.
2026-05-06 03:17:32  Vol : URUS_PA2_BC2_R33_EXT_2026 Skid: 26 Calcul Vol : 650 Color: 150.
2026-05-06 03:17:32  ---------------------------
2026-05-06 03:20:55  Vol : URUS_PA2_R33_Plastic Skid: 186 Calcul Vol : 10 Color: 137.
2026-05-06 03:20:55  ---------------------------
2026-05-06 03:45:17  Default Volume : URUS_PA2_BC2_R33_EXT_2026 Skid: 134.
2026-05-06 03:45:18  Vol : URUS_PA2_BC2_R33_EXT_2026 Skid: 134 Calcul Vol : 650 Color: 53.
2026-05-06 03:45:18  ---------------------------
2026-05-06 03:56:28 --- Trajectory --- 
2026-05-06 03:56:28 Prog : TEM_bc2_r33_ext_new Skid: 138 Paint : 0.
2026-05-06 03:56:28 ------------------ 
2026-05-06 06:14:58 --- Trajectory --- 
2026-05-06 06:14:58 Prog : TEM_bc2_r33_ext_new Skid: 138 Paint : 0.
2026-05-06 06:14:58 ------------------ 
2026-05-06 06:26:51  Default Volume : TEM_bc2_int Skid: 152.
2026-05-06 06:26:53  Vol : TEM_bc2_int Skid: 152 Calcul Vol : 650 Color: 12.
2026-05-06 06:26:53  ---------------------------
2026-05-06 06:26:59  Default Volume : TEM_bc2_r33_ext_new Skid: 152.
2026-05-06 06:27:00  Vol : TEM_bc2_r33_ext_new Skid: 152 Calcul Vol : 650 Color: 12.
2026-05-06 06:27:00  ---------------------------
2026-05-06 06:34:09  Default Volume : TEM_bc2_int Skid: 29.
2026-05-06 06:34:10  Vol : TEM_bc2_int Skid: 29 Calcul Vol : 650 Color: 53.
2026-05-06 06:34:10  ---------------------------
2026-05-06 06:34:17  Default Volume : TEM_bc2_r33_ext_new Skid: 29.
2026-05-06 06:34:18  Vol : TEM_bc2_r33_ext_new Skid: 29 Calcul Vol : 650 Color: 53.
2026-05-06 06:34:18  ---------------------------
2026-05-06 06:34:23 --- Trajectory --- 
2026-05-06 06:34:23 Prog : TEM_bc2_r33_ext_new Skid: 138 Paint : 0.
2026-05-06 06:34:23 ------------------ 
2026-05-06 06:37:05  Vol : HURACAN_BC2_R33_Plastic Skid: 39 Calcul Vol : 2084 Color: 53.
2026-05-06 06:37:05  ---------------------------
2026-05-06 06:52:12  Default Volume : TEM_bc2_int Skid: 152.
2026-05-06 06:52:13  Vol : TEM_bc2_int Skid: 152 Calcul Vol : 650 Color: 12.
2026-05-06 06:52:13  ---------------------------
2026-05-06 06:52:19  Default Volume : TEM_bc2_r33_ext_new Skid: 152.
2026-05-06 06:52:21  Vol : TEM_bc2_r33_ext_new Skid: 152 Calcul Vol : 650 Color: 12.
2026-05-06 06:52:21  ---------------------------
2026-05-06 06:58:55  Vol : HURACAN_BC2_R33_Plastic Skid: 46 Calcul Vol : 3948 Color: 62.
2026-05-06 06:58:55  ---------------------------
2026-05-06 07:00:33 --- Trajectory --- 
2026-05-06 07:00:33 Prog : TEM_bc2_int Skid: 29 Paint : 0.
2026-05-06 07:00:33 ------------------ 
2026-05-06 07:02:57 --- Trajectory --- 
2026-05-06 07:02:57 Prog : TEM_bc2_r33_ext_new Skid: 29 Paint : 204.
2026-05-06 07:02:57 ------------------ 
2026-05-06 07:05:49 --- Trajectory --- 
2026-05-06 07:05:49 Prog : HURACAN_BC2_R33_Plastic Skid: 39 Paint : 48.
2026-05-06 07:05:49 ------------------ 
2026-05-06 07:09:47  Default Volume : TEM_bc2_int Skid: 163.
2026-05-06 07:09:48  Vol : TEM_bc2_int Skid: 163 Calcul Vol : 650 Color: 62.
2026-05-06 07:09:48  ---------------------------
2026-05-06 07:09:54  Default Volume : TEM_bc2_r33_ext_new Skid: 163.
2026-05-06 07:09:56  Vol : TEM_bc2_r33_ext_new Skid: 163 Calcul Vol : 650 Color: 62.
2026-05-06 07:09:56  ---------------------------
2026-05-06 07:28:07  Default Volume : TEM_bc2_int Skid: 152.
2026-05-06 07:28:09  Vol : TEM_bc2_int Skid: 152 Calcul Vol : 650 Color: 12.
2026-05-06 07:28:09  ---------------------------
2026-05-06 07:28:15  Default Volume : TEM_bc2_r33_ext_new Skid: 152.
2026-05-06 07:28:16  Vol : TEM_bc2_r33_ext_new Skid: 152 Calcul Vol : 650 Color: 12.
2026-05-06 07:28:16  ---------------------------
2026-05-06 07:33:30 --- Trajectory --- 
2026-05-06 07:33:30 Prog : HURACAN_BC2_R33_Plastic Skid: 46 Paint : 98.
2026-05-06 07:33:30 ------------------ 
2026-05-06 07:42:48 --- Trajectory --- 
2026-05-06 07:42:48 Prog : TEM_bc2_int Skid: 163 Paint : 0.
2026-05-06 07:42:48 ------------------ 
2026-05-06 07:45:09 --- Trajectory --- 
2026-05-06 07:45:09 Prog : TEM_bc2_r33_ext_new Skid: 163 Paint : 273.
2026-05-06 07:45:09 ------------------ 
2026-05-06 07:51:11  Vol : URUS_PA2_R33_Plastic Skid: 113 Calcul Vol : 10 Color: 77.
2026-05-06 07:51:11  ---------------------------
2026-05-06 07:51:43 --- Trajectory --- 
2026-05-06 07:51:43 Prog : TEM_bc2_int Skid: 152 Paint : 0.
2026-05-06 07:51:43 ------------------ 
2026-05-06 07:53:34 --- Trajectory --- 
2026-05-06 07:53:34 Prog : TEM_bc2_r33_ext_new Skid: 152 Paint : 136.
2026-05-06 07:53:34 ------------------ 
2026-05-06 07:55:57  Default Volume : URUS_PA2_BC2_R33_EXT_2026 Skid: 237.
2026-05-06 07:55:59  Vol : URUS_PA2_BC2_R33_EXT_2026 Skid: 237 Calcul Vol : 650 Color: 77.
2026-05-06 07:55:59  ---------------------------
2026-05-06 08:17:17 --- Trajectory --- 
2026-05-06 08:17:17 Prog : TEM_bc2_r33_ext_new Skid: 152 Paint : 0.
2026-05-06 08:17:17 ------------------ 
2026-05-06 08:24:30 --- Trajectory --- 
2026-05-06 08:24:30 Prog : TEM_bc2_r33_ext_new Skid: 152 Paint : 0.
2026-05-06 08:24:30 ------------------ 
2026-05-06 09:15:46  Vol : HURACAN_BC2_R33_Plastic Skid: 45 Calcul Vol : 2347 Color: 27.
2026-05-06 09:15:46  ---------------------------
2026-05-06 09:29:34  Vol : URUS_PA2_R33_Plastic Skid: 169 Calcul Vol : 10 Color: 97.
2026-05-06 09:29:34  ---------------------------
2026-05-06 09:46:49 --- Trajectory --- 
2026-05-06 09:46:49 Prog : HURACAN_BC2_R33_Plastic Skid: 45 Paint : 37.
2026-05-06 09:46:49 ------------------ 
2026-05-06 09:55:54  Vol : URUS_PA2_R33_Plastic Skid: 240 Calcul Vol : 0 Color: 39.
2026-05-06 09:55:54  ---------------------------
2026-05-06 09:57:03 --- Trajectory --- 
2026-05-06 09:57:03 Prog : HURACAN_BC2_R33_Plastic Skid: 45 Paint : 0.
2026-05-06 09:57:03 ------------------ 
2026-05-06 10:00:23  Default Volume : URUS_PA2_BC2_R33_EXT_2026 Skid: 96.
2026-05-06 10:00:25  Vol : URUS_PA2_BC2_R33_EXT_2026 Skid: 96 Calcul Vol : 650 Color: 97.
2026-05-06 10:00:25  ---------------------------
2026-05-06 10:13:04  Default Volume : URUS_PA2_BC2_R33_EXT_2026 Skid: 84.
2026-05-06 10:13:05  Vol : URUS_PA2_BC2_R33_EXT_2026 Skid: 84 Calcul Vol : 650 Color: 39.
2026-05-06 10:13:06  ---------------------------
2026-05-06 10:16:40  Default Volume : URUS_PA2_BC2_R33_EXT_2026 Skid: 208.
2026-05-06 10:16:41  Vol : URUS_PA2_BC2_R33_EXT_2026 Skid: 208 Calcul Vol : 650 Color: 12.
2026-05-06 10:16:41  ---------------------------
2026-05-06 10:21:25 --- Trajectory --- 
2026-05-06 10:21:25 Prog : HURACAN_BC2_R33_Plastic Skid: 45 Paint : 0.
2026-05-06 10:21:25 ------------------ 
2026-05-06 10:27:18 --- Trajectory --- 
2026-05-06 10:27:18 Prog : HURACAN_BC2_R33_Plastic Skid: 45 Paint : 0.
2026-05-06 10:27:18 ------------------ 
2026-05-06 10:30:19  Default Volume : TEM_bc2_int Skid: 31.
2026-05-06 10:30:21  Vol : TEM_bc2_int Skid: 31 Calcul Vol : 650 Color: 27.
2026-05-06 10:30:21  ---------------------------
2026-05-06 10:30:27  Default Volume : TEM_bc2_r33_ext_new Skid: 31.
2026-05-06 10:30:28  Vol : TEM_bc2_r33_ext_new Skid: 31 Calcul Vol : 650 Color: 27.
2026-05-06 10:30:28  ---------------------------
2026-05-06 10:41:39 --- Trajectory --- 
2026-05-06 10:41:39 Prog : HURACAN_BC2_R33_Plastic Skid: 45 Paint : 0.
2026-05-06 10:41:39 ------------------ 
2026-05-06 10:46:49 --- Trajectory --- 
2026-05-06 10:46:49 Prog : HURACAN_BC2_R33_Plastic Skid: 45 Paint : 0.
2026-05-06 10:46:49 ------------------ 
2026-05-06 10:57:20  Vol : HURACAN_BC2_R33_Plastic Skid: 234 Calcul Vol : 1895 Color: 34.
2026-05-06 10:57:20  ---------------------------
2026-05-06 11:00:32 --- Trajectory --- 
2026-05-06 11:00:32 Prog : TEM_bc2_int Skid: 31 Paint : 0.
2026-05-06 11:00:32 ------------------ 
2026-05-06 11:01:31  Vol : URUS_PA2_R33_Plastic Skid: 22 Calcul Vol : 10 Color: 62.
2026-05-06 11:01:31  ---------------------------
2026-05-06 11:02:53 --- Trajectory --- 
2026-05-06 11:02:53 Prog : TEM_bc2_r33_ext_new Skid: 31 Paint : 188.
2026-05-06 11:02:53 ------------------ 
2026-05-06 11:27:05  Vol : URUS_PA2_R33_Plastic Skid: 2 Calcul Vol : 0 Color: 29.
2026-05-06 11:27:05  ---------------------------
2026-05-06 11:29:04 --- Trajectory --- 
2026-05-06 11:29:04 Prog : HURACAN_BC2_R33_Plastic Skid: 234 Paint : 38.
2026-05-06 11:29:04 ------------------ 
2026-05-06 11:33:02 --- Trajectory --- 
2026-05-06 11:33:02 Prog : HURACAN_BC2_R33_Plastic Skid: 234 Paint : 0.
2026-05-06 11:33:02 ------------------ 
2026-05-06 11:36:36  Default Volume : URUS_PA2_BC2_R33_EXT_2026 Skid: 221.
2026-05-06 11:36:37  Vol : URUS_PA2_BC2_R33_EXT_2026 Skid: 221 Calcul Vol : 650 Color: 62.
2026-05-06 11:36:37  ---------------------------
2026-05-06 11:47:18  Default Volume : TEM_bc2_int Skid: 119.
2026-05-06 11:47:20  Vol : TEM_bc2_int Skid: 119 Calcul Vol : 650 Color: 11.
2026-05-06 11:47:20  ---------------------------
2026-05-06 11:47:26  Default Volume : TEM_bc2_r33_ext_new Skid: 119.
2026-05-06 11:47:28  Vol : TEM_bc2_r33_ext_new Skid: 119 Calcul Vol : 650 Color: 11.
2026-05-06 11:47:28  ---------------------------
2026-05-06 11:52:01  Vol : URUS_PA2_R33_Plastic Skid: 186 Calcul Vol : 10 Color: 27.
2026-05-06 11:52:01  ---------------------------
2026-05-06 11:58:53 --- Trajectory --- 
2026-05-06 11:58:53 Prog : HURACAN_BC2_R33_Plastic Skid: 234 Paint : 0.
2026-05-06 11:58:53 ------------------ 
2026-05-06 12:00:56  Vol : URUS_PA2_R33_Plastic Skid: 197 Calcul Vol : 0 Color: 137.
2026-05-06 12:00:56  ---------------------------
2026-05-06 12:04:55  Default Volume : URUS_PA2_BC2_R33_EXT_2026 Skid: 203.
2026-05-06 12:04:56  Vol : URUS_PA2_BC2_R33_EXT_2026 Skid: 203 Calcul Vol : 650 Color: 137.
2026-05-06 12:04:56  ---------------------------
2026-05-06 12:09:10 --- Trajectory --- 
2026-05-06 12:09:11 Prog : HURACAN_BC2_R33_Plastic Skid: 234 Paint : 0.
2026-05-06 12:09:11 ------------------ 
2026-05-06 12:11:01 --- Trajectory --- 
2026-05-06 12:11:01 Prog : TEM_bc2_int Skid: 119 Paint : 0.
2026-05-06 12:11:01 ------------------ 
2026-05-06 12:12:51 --- Trajectory --- 
2026-05-06 12:12:51 Prog : TEM_bc2_r33_ext_new Skid: 119 Paint : 130.
2026-05-06 12:12:51 ------------------ 
2026-05-06 12:17:13 --- Trajectory --- 
2026-05-06 12:17:13 Prog : TEM_bc2_r33_ext_new Skid: 119 Paint : 0.
2026-05-06 12:17:13 ------------------ 
2026-05-06 12:24:34 --- Trajectory --- 
2026-05-06 12:24:34 Prog : TEM_bc2_r33_ext_new Skid: 119 Paint : 0.
2026-05-06 12:24:34 ------------------ 
2026-05-06 12:26:05  Vol : HURACAN_BC2_R33_Plastic Skid: 97 Calcul Vol : 2351 Color: 85.
2026-05-06 12:26:05  ---------------------------
2026-05-06 12:33:54  Default Volume : TEM_bc2_int Skid: 167.
2026-05-06 12:33:55  Vol : TEM_bc2_int Skid: 167 Calcul Vol : 650 Color: 34.
2026-05-06 12:33:55  ---------------------------
2026-05-06 12:34:01  Default Volume : TEM_bc2_r33_ext_new Skid: 167.
2026-05-06 12:34:03  Vol : TEM_bc2_r33_ext_new Skid: 167 Calcul Vol : 650 Color: 34.
2026-05-06 12:34:03  ---------------------------
2026-05-06 12:36:33 --- Trajectory --- 
2026-05-06 12:36:33 Prog : TEM_bc2_r33_ext_new Skid: 119 Paint : 0.
2026-05-06 12:36:33 ------------------ 
2026-05-06 12:42:42  Default Volume : URUS_PA2_BC2_R33_EXT_2026 Skid: 168.
2026-05-06 12:42:44  Vol : URUS_PA2_BC2_R33_EXT_2026 Skid: 168 Calcul Vol : 650 Color: 29.
2026-05-06 12:42:44  ---------------------------
2026-05-06 12:47:26  Vol : HURACAN_BC2_R33_Plastic Skid: 110 Calcul Vol : 1895 Color: 29.
2026-05-06 12:47:26  ---------------------------
2026-05-06 12:48:01 --- Trajectory --- 
2026-05-06 12:48:01 Prog : HURACAN_BC2_R33_Plastic Skid: 97 Paint : 54.
2026-05-06 12:48:01 ------------------ 
2026-05-06 12:51:09  Default Volume : TEM_bc2_int Skid: 48.
2026-05-06 12:51:11  Vol : TEM_bc2_int Skid: 48 Calcul Vol : 650 Color: 29.
2026-05-06 12:51:11  ---------------------------
2026-05-06 12:51:17  Default Volume : TEM_bc2_r33_ext_new Skid: 48.
2026-05-06 12:51:18  Vol : TEM_bc2_r33_ext_new Skid: 48 Calcul Vol : 650 Color: 29.
2026-05-06 12:51:18  ---------------------------
2026-05-06 13:00:57 --- Trajectory --- 
2026-05-06 13:00:57 Prog : TEM_bc2_int Skid: 167 Paint : 0.
2026-05-06 13:00:57 ------------------ 
2026-05-06 13:03:18 --- Trajectory --- 
2026-05-06 13:03:18 Prog : TEM_bc2_r33_ext_new Skid: 167 Paint : 149.
2026-05-06 13:03:18 ------------------ 
2026-05-06 13:06:15  Default Volume : URUS_PA2_BC2_R33_EXT_2026 Skid: 204.
2026-05-06 13:06:16  Vol : URUS_PA2_BC2_R33_EXT_2026 Skid: 204 Calcul Vol : 650 Color: 20.
2026-05-06 13:06:16  ---------------------------
2026-05-06 13:16:31 --- Trajectory --- 
2026-05-06 13:16:31 Prog : TEM_bc2_r33_ext_new Skid: 167 Paint : 0.
2026-05-06 13:16:31 ------------------ 
2026-05-06 13:20:37 --- Trajectory --- 
2026-05-06 13:20:37 Prog : HURACAN_BC2_R33_Plastic Skid: 110 Paint : 27.
2026-05-06 13:20:37 ------------------ 
2026-05-06 13:23:22  Default Volume : URUS_PA2_BC2_R33_EXT_2026 Skid: 37.
2026-05-06 13:23:24  Vol : URUS_PA2_BC2_R33_EXT_2026 Skid: 37 Calcul Vol : 650 Color: 11.
2026-05-06 13:23:24  ---------------------------
2026-05-06 13:24:18 --- Trajectory --- 
2026-05-06 13:24:18 Prog : TEM_bc2_int Skid: 48 Paint : 0.
2026-05-06 13:24:18 ------------------ 
2026-05-06 13:26:39 --- Trajectory --- 
2026-05-06 13:26:39 Prog : TEM_bc2_r33_ext_new Skid: 48 Paint : 148.
2026-05-06 13:26:39 ------------------ 
2026-05-06 13:28:08  Vol : URUS_PA2_R33_Plastic Skid: 180 Calcul Vol : 10 Color: 18.
2026-05-06 13:28:08  ---------------------------
2026-05-06 13:40:40 --- Trajectory --- 
2026-05-06 13:40:40 Prog : TEM_bc2_r33_ext_new Skid: 48 Paint : 0.
2026-05-06 13:40:40 ------------------ 
2026-05-06 13:48:32  Vol : HURACAN_BC2_R33_Plastic Skid: 157 Calcul Vol : 2346 Color: 85.
2026-05-06 13:48:32  ---------------------------
2026-05-06 14:00:23 --- Trajectory --- 
2026-05-06 14:00:23 Prog : TEM_bc2_r33_ext_new Skid: 48 Paint : 0.
2026-05-06 14:00:24 ------------------ 
2026-05-06 14:03:57 --- Trajectory --- 
2026-05-06 14:03:57 Prog : TEM_bc2_r33_ext_new Skid: 48 Paint : 0.
2026-05-06 14:03:57 ------------------ 
2026-05-06 14:09:10  Vol : URUS_PA2_R33_Plastic Skid: 67 Calcul Vol : 10 Color: 41.
2026-05-06 14:09:10  ---------------------------
2026-05-06 14:16:03 --- Trajectory --- 
2026-05-06 14:16:03 Prog : HURACAN_BC2_R33_Plastic Skid: 157 Paint : 54.
2026-05-06 14:16:03 ------------------ 
2026-05-06 14:19:08  Default Volume : URUS_PA2_BC2_R33_EXT_2026 Skid: 148.
2026-05-06 14:19:10  Vol : URUS_PA2_BC2_R33_EXT_2026 Skid: 148 Calcul Vol : 650 Color: 13.
2026-05-06 14:19:10  ---------------------------
2026-05-06 14:33:18 --- Trajectory --- 
2026-05-06 14:33:18 Prog : HURACAN_BC2_R33_Plastic Skid: 157 Paint : 0.
2026-05-06 14:33:18 ------------------ 
2026-05-06 14:41:07  Default Volume : URUS_PA2_BC2_R33_EXT_2026 Skid: 81.
2026-05-06 14:41:09  Vol : URUS_PA2_BC2_R33_EXT_2026 Skid: 81 Calcul Vol : 650 Color: 18.
2026-05-06 14:41:09  ---------------------------
2026-05-06 14:46:44 --- Trajectory --- 
2026-05-06 14:46:44 Prog : HURACAN_BC2_R33_Plastic Skid: 157 Paint : 0.
2026-05-06 14:46:44 ------------------ 
2026-05-06 15:04:38  Default Volume : URUS_PA2_BC2_R33_EXT_2026 Skid: 49.
2026-05-06 15:04:39  Vol : URUS_PA2_BC2_R33_EXT_2026 Skid: 49 Calcul Vol : 650 Color: 27.
2026-05-06 15:04:39  ---------------------------
2026-05-06 15:09:48 --- Trajectory --- 
2026-05-06 15:09:48 Prog : HURACAN_BC2_R33_Plastic Skid: 157 Paint : 0.
2026-05-06 15:09:48 ------------------ 
2026-05-06 15:33:57 --- Trajectory --- 
2026-05-06 15:33:57 Prog : HURACAN_BC2_R33_Plastic Skid: 157 Paint : 0.
2026-05-06 15:33:57 ------------------ 
2026-05-06 15:43:39  Vol : URUS_PA2_R33_Plastic Skid: 175 Calcul Vol : 10 Color: 77.
2026-05-06 15:43:39  ---------------------------
2026-05-06 15:48:35  Default Volume : URUS_PA2_BC2_R33_EXT_2026 Skid: 59.
2026-05-06 15:48:37  Vol : URUS_PA2_BC2_R33_EXT_2026 Skid: 59 Calcul Vol : 650 Color: 77.
2026-05-06 15:48:37  ---------------------------
2026-05-06 16:10:02 --- Trajectory --- 
2026-05-06 16:10:02 Prog : HURACAN_BC2_R33_Plastic Skid: 157 Paint : 0.
2026-05-06 16:10:02 ------------------ 
2026-05-06 16:14:08 --- Trajectory --- 
2026-05-06 16:14:08 Prog : HURACAN_BC2_R33_Plastic Skid: 157 Paint : 0.
2026-05-06 16:14:08 ------------------ 
2026-05-06 16:18:09  Default Volume : TEM_bc2_int Skid: 138.
2026-05-06 16:18:11  Vol : TEM_bc2_int Skid: 138 Calcul Vol : 650 Color: 85.
2026-05-06 16:18:11  ---------------------------
2026-05-06 16:18:17  Default Volume : TEM_bc2_r33_ext_new Skid: 138.
2026-05-06 16:18:19  Vol : TEM_bc2_r33_ext_new Skid: 138 Calcul Vol : 650 Color: 85.
2026-05-06 16:18:19  ---------------------------
2026-05-06 16:21:42  Vol : URUS_PA2_R33_Plastic Skid: 240 Calcul Vol : 10 Color: 112.
2026-05-06 16:21:42  ---------------------------
2026-05-06 16:29:33  Default Volume : URUS_PA2_BC2_R33_EXT_2026 Skid: 51.
2026-05-06 16:29:34  Vol : URUS_PA2_BC2_R33_EXT_2026 Skid: 51 Calcul Vol : 650 Color: 16.
2026-05-06 16:29:34  ---------------------------
2026-05-06 16:35:55  Default Volume : TEM_bc2_int Skid: 155.
2026-05-06 16:35:56  Vol : TEM_bc2_int Skid: 155 Calcul Vol : 650 Color: 13.
2026-05-06 16:35:56  ---------------------------
2026-05-06 16:36:03  Default Volume : TEM_bc2_r33_ext_new Skid: 155.
2026-05-06 16:36:04  Vol : TEM_bc2_r33_ext_new Skid: 155 Calcul Vol : 650 Color: 13.
2026-05-06 16:36:04  ---------------------------
2026-05-06 16:38:21 --- Trajectory --- 
2026-05-06 16:38:21 Prog : TEM_bc2_int Skid: 138 Paint : 0.
2026-05-06 16:38:21 ------------------ 
2026-05-06 16:40:42 --- Trajectory --- 
2026-05-06 16:40:42 Prog : TEM_bc2_r33_ext_new Skid: 138 Paint : 207.
2026-05-06 16:40:42 ------------------ 
2026-05-06 16:42:51 --- Trajectory --- 
2026-05-06 16:42:51 Prog : TEM_bc2_r33_ext_new Skid: 138 Paint : 0.
2026-05-06 16:42:52 ------------------ 
2026-05-06 16:56:14 --- Trajectory --- 
2026-05-06 16:56:14 Prog : TEM_bc2_r33_ext_new Skid: 138 Paint : 0.
2026-05-06 16:56:14 ------------------ 
2026-05-06 16:57:58 --- Trajectory --- 
2026-05-06 16:57:58 Prog : TEM_bc2_int Skid: 155 Paint : 0.
2026-05-06 16:57:58 ------------------ 
2026-05-06 16:59:49 --- Trajectory --- 
2026-05-06 16:59:49 Prog : TEM_bc2_r33_ext_new Skid: 155 Paint : 146.
2026-05-06 16:59:49 ------------------ 
2026-05-06 17:15:11  Default Volume : TEM_bc2_int Skid: 216.
2026-05-06 17:15:12  Vol : TEM_bc2_int Skid: 216 Calcul Vol : 650 Color: 102.
2026-05-06 17:15:12  ---------------------------
2026-05-06 17:15:19  Default Volume : TEM_bc2_r33_ext_new Skid: 216.
2026-05-06 17:15:20  Vol : TEM_bc2_r33_ext_new Skid: 216 Calcul Vol : 650 Color: 102.
2026-05-06 17:15:20  ---------------------------
2026-05-06 17:18:49  Default Volume : URUS_PA2_BC2_R33_EXT_2026 Skid: 193.
2026-05-06 17:18:50  Vol : URUS_PA2_BC2_R33_EXT_2026 Skid: 193 Calcul Vol : 650 Color: 41.
2026-05-06 17:18:50  ---------------------------
2026-05-06 17:37:29 --- Trajectory --- 
2026-05-06 17:37:29 Prog : TEM_bc2_int Skid: 216 Paint : 0.
2026-05-06 17:37:29 ------------------ 
2026-05-06 17:38:00  Vol : HURACAN_BC2_R33_Plastic Skid: 234 Calcul Vol : 2290 Color: 35.
2026-05-06 17:38:00  ---------------------------
2026-05-06 17:38:27 --- Trajectory --- 
2026-05-06 17:38:27 Prog : TEM_bc2_r33_ext_new Skid: 216 Paint : 79.
2026-05-06 17:38:27 ------------------ 
2026-05-06 17:43:23  Default Volume : TEM_bc2_int Skid: 167.
2026-05-06 17:43:24  Vol : TEM_bc2_int Skid: 167 Calcul Vol : 650 Color: 35.
2026-05-06 17:43:24  ---------------------------
2026-05-06 17:43:30  Default Volume : TEM_bc2_r33_ext_new Skid: 167.
2026-05-06 17:43:32  Vol : TEM_bc2_r33_ext_new Skid: 167 Calcul Vol : 650 Color: 35.
2026-05-06 17:43:32  ---------------------------
2026-05-06 17:47:51 --- Trajectory --- 
2026-05-06 17:47:51 Prog : NOT FOUND Skid: 43 Paint : 0.
2026-05-06 17:47:51 ------------------ 
2026-05-06 17:49:05  Vol : URUS_PA2_R33_Plastic Skid: 169 Calcul Vol : 10 Color: 137.
2026-05-06 17:49:05  ---------------------------
2026-05-06 17:53:16  Default Volume : URUS_PA2_BC2_R33_EXT_2026 Skid: 33.
2026-05-06 17:53:17  Vol : URUS_PA2_BC2_R33_EXT_2026 Skid: 33 Calcul Vol : 650 Color: 11.
2026-05-06 17:53:17  ---------------------------
2026-05-06 18:02:24 --- Trajectory --- 
2026-05-06 18:02:24 Prog : HURACAN_BC2_R33_Plastic Skid: 234 Paint : 54.
2026-05-06 18:02:24 ------------------ 
2026-05-06 18:06:28 --- Trajectory --- 
2026-05-06 18:06:28 Prog : TEM_bc2_int Skid: 167 Paint : 0.
2026-05-06 18:06:28 ------------------ 
2026-05-06 18:08:21  Vol : URUS_PA2_R33_Plastic Skid: 253 Calcul Vol : 10 Color: 86.
2026-05-06 18:08:21  ---------------------------
2026-05-06 18:08:50 --- Trajectory --- 
2026-05-06 18:08:50 Prog : TEM_bc2_r33_ext_new Skid: 167 Paint : 194.
2026-05-06 18:08:50 ------------------ 
2026-05-06 18:10:58 --- Trajectory --- 
2026-05-06 18:10:58 Prog : TEM_bc2_r33_ext_new Skid: 167 Paint : 0.
2026-05-06 18:10:58 ------------------ 
2026-05-06 18:18:59  Vol : URUS_PA2_R33_Plastic Skid: 101 Calcul Vol : 0 Color: 27.
2026-05-06 18:18:59  ---------------------------
2026-05-06 18:29:49 --- Trajectory --- 
2026-05-06 18:29:49 Prog : TEM_bc2_r33_ext_new Skid: 167 Paint : 0.
2026-05-06 18:29:49 ------------------ 
2026-05-06 18:43:03 --- Trajectory --- 
2026-05-06 18:43:03 Prog : TEM_bc2_r33_ext_new Skid: 167 Paint : 0.
2026-05-06 18:43:03 ------------------ 
2026-05-06 18:47:36 --- Trajectory --- 
2026-05-06 18:47:36 Prog : TEM_bc2_r33_ext_new Skid: 167 Paint : 0.
2026-05-06 18:47:36 ------------------ 
2026-05-06 18:51:19  Vol : HURACAN_BC2_R33_Plastic Skid: 39 Calcul Vol : 1882 Color: 20.
2026-05-06 18:51:19  ---------------------------
2026-05-06 19:18:24 --- Trajectory --- 
2026-05-06 19:18:24 Prog : HURACAN_BC2_R33_Plastic Skid: 39 Paint : 41.
2026-05-06 19:18:24 ------------------ 
2026-05-06 19:26:48  Default Volume : URUS_PA2_BC2_R33_EXT_2026 Skid: 80.
2026-05-06 19:26:50  Vol : URUS_PA2_BC2_R33_EXT_2026 Skid: 80 Calcul Vol : 650 Color: 86.
2026-05-06 19:26:50  ---------------------------
2026-05-06 19:30:44  Vol : HURACAN_BC2_R33_Plastic Skid: 46 Calcul Vol : 2081 Color: 53.
2026-05-06 19:30:44  ---------------------------
2026-05-06 19:43:08  Vol : URUS_PA2_R33_Plastic Skid: 102 Calcul Vol : 10 Color: 77.
2026-05-06 19:43:08  ---------------------------
2026-05-06 19:46:49  Default Volume : URUS_PA2_BC2_R33_EXT_2026 Skid: 61.
2026-05-06 19:46:51  Vol : URUS_PA2_BC2_R33_EXT_2026 Skid: 61 Calcul Vol : 650 Color: 77.
2026-05-06 19:46:51  ---------------------------
2026-05-06 19:52:15 --- Trajectory --- 
2026-05-06 19:52:15 Prog : HURACAN_BC2_R33_Plastic Skid: 39 Paint : 0.
2026-05-06 19:52:15 ------------------ 
2026-05-06 19:55:14 --- Trajectory --- 
2026-05-06 19:55:14 Prog : HURACAN_BC2_R33_Plastic Skid: 46 Paint : 48.
2026-05-06 19:55:14 ------------------ 
2026-05-06 20:03:59 --- Trajectory --- 
2026-05-06 20:03:59 Prog : HURACAN_BC2_R33_Plastic Skid: 46 Paint : 0.
2026-05-06 20:03:59 ------------------ 
2026-05-06 20:05:43  Default Volume : TEM_bc2_int Skid: 131.
2026-05-06 20:05:45  Vol : TEM_bc2_int Skid: 131 Calcul Vol : 650 Color: 20.
2026-05-06 20:05:45  ---------------------------
2026-05-06 20:05:51  Default Volume : TEM_bc2_r33_ext_new Skid: 131.
2026-05-06 20:05:52  Vol : TEM_bc2_r33_ext_new Skid: 131 Calcul Vol : 650 Color: 20.
2026-05-06 20:05:52  ---------------------------
2026-05-06 20:09:00  Vol : URUS_PA2_R33_Plastic Skid: 240 Calcul Vol : 10 Color: 113.
2026-05-06 20:09:00  ---------------------------
2026-05-06 20:12:47 --- Trajectory --- 
2026-05-06 20:12:47 Prog : HURACAN_BC2_R33_Plastic Skid: 46 Paint : 0.
2026-05-06 20:12:47 ------------------ 
2026-05-06 20:25:37 --- Trajectory --- 
2026-05-06 20:25:37 Prog : TEM_bc2_int Skid: 131 Paint : 0.
2026-05-06 20:25:37 ------------------ 
2026-05-06 20:27:59 --- Trajectory --- 
2026-05-06 20:27:59 Prog : TEM_bc2_r33_ext_new Skid: 131 Paint : 127.
2026-05-06 20:27:59 ------------------ 
2026-05-06 20:30:07 --- Trajectory --- 
2026-05-06 20:30:07 Prog : TEM_bc2_r33_ext_new Skid: 131 Paint : 0.
2026-05-06 20:30:07 ------------------ 
2026-05-06 20:32:54  Default Volume : TEM_bc2_int Skid: 149.
2026-05-06 20:32:56  Vol : TEM_bc2_int Skid: 149 Calcul Vol : 650 Color: 53.
2026-05-06 20:32:56  ---------------------------
2026-05-06 20:33:02  Default Volume : TEM_bc2_r33_ext_new Skid: 149.
2026-05-06 20:33:03  Vol : TEM_bc2_r33_ext_new Skid: 149 Calcul Vol : 650 Color: 53.
2026-05-06 20:33:03  ---------------------------
2026-05-06 20:56:25 --- Trajectory --- 
2026-05-06 20:56:25 Prog : TEM_bc2_int Skid: 149 Paint : 0.
2026-05-06 20:56:25 ------------------ 
2026-05-06 20:58:47 --- Trajectory --- 
2026-05-06 20:58:47 Prog : TEM_bc2_r33_ext_new Skid: 149 Paint : 204.
2026-05-06 20:58:47 ------------------ 
2026-05-07 03:18:56  Default Volume : URUS_PA2_BC2_R33_EXT_2026 Skid: 26.
2026-05-07 03:18:58  Vol : URUS_PA2_BC2_R33_EXT_2026 Skid: 26 Calcul Vol : 650 Color: 150.
2026-05-07 03:18:58  ---------------------------
2026-05-07 03:50:15 --- Trajectory --- 
2026-05-07 03:50:16 Prog : TEM_bc2_r33_ext_new Skid: 149 Paint : 0.
2026-05-07 03:50:16 ------------------ 
2026-05-07 03:56:27  Default Volume : URUS_PA2_BC2_R33_EXT_2026 Skid: 4.
2026-05-07 03:56:28  Vol : URUS_PA2_BC2_R33_EXT_2026 Skid: 4 Calcul Vol : 650 Color: 137.
2026-05-07 03:56:28  ---------------------------
2026-05-07 04:08:42 --- Trajectory --- 
2026-05-07 04:08:42 Prog : TEM_bc2_r33_ext_new Skid: 15628 Paint : 206.
2026-05-07 04:08:42 ------------------ 
2026-05-07 06:16:03  Default Volume : TEM_bc2_int Skid: 223.
2026-05-07 06:16:04  Vol : TEM_bc2_int Skid: 223 Calcul Vol : 650 Color: 15.
2026-05-07 06:16:04  ---------------------------
2026-05-07 06:16:10  Default Volume : TEM_bc2_r33_ext_new Skid: 223.
2026-05-07 06:16:12  Vol : TEM_bc2_r33_ext_new Skid: 223 Calcul Vol : 650 Color: 15.
2026-05-07 06:16:12  ---------------------------
2026-05-07 06:34:13  Default Volume : URUS_PA2_BC2_R33_EXT_2026 Skid: 38.
2026-05-07 06:34:15  Vol : URUS_PA2_BC2_R33_EXT_2026 Skid: 38 Calcul Vol : 650 Color: 22.
2026-05-07 06:34:15  ---------------------------
2026-05-07 06:37:42 --- Trajectory --- 
2026-05-07 06:37:42 Prog : TEM_bc2_r33_ext_new Skid: 15628 Paint : 0.
2026-05-07 06:37:42 ------------------ 
2026-05-07 06:43:17 --- Trajectory --- 
2026-05-07 06:43:17 Prog : TEM_bc2_int Skid: 223 Paint : 0.
2026-05-07 06:43:17 ------------------ 
2026-05-07 06:45:08 --- Trajectory --- 
2026-05-07 06:45:08 Prog : TEM_bc2_r33_ext_new Skid: 223 Paint : 87.
2026-05-07 06:45:08 ------------------ 
2026-05-07 06:45:13  Vol : URUS_PA2_R33_Plastic Skid: 259 Calcul Vol : 10 Color: 22.
2026-05-07 06:45:13  ---------------------------
2026-05-07 06:52:50  Vol : HURACAN_BC2_R33_Plastic Skid: 46 Calcul Vol : 2280 Color: 106.
2026-05-07 06:52:50  ---------------------------
2026-05-07 07:01:09  Default Volume : TEM_bc2_int Skid: 208.
2026-05-07 07:01:10  Vol : TEM_bc2_int Skid: 208 Calcul Vol : 650 Color: 106.
2026-05-07 07:01:10  ---------------------------
2026-05-07 07:01:16  Default Volume : TEM_bc2_r33_ext_new Skid: 208.
2026-05-07 07:01:18  Vol : TEM_bc2_r33_ext_new Skid: 208 Calcul Vol : 650 Color: 106.
2026-05-07 07:01:18  ---------------------------
2026-05-07 07:05:02 --- Trajectory --- 
2026-05-07 07:05:02 Prog : TEM_bc2_r33_ext_new Skid: 223 Paint : 0.
2026-05-07 07:05:02 ------------------ 
2026-05-07 07:10:59 --- Trajectory --- 
2026-05-07 07:10:59 Prog : TEM_bc2_r33_ext_new Skid: 223 Paint : 0.
2026-05-07 07:10:59 ------------------ 
2026-05-07 07:12:09  Default Volume : URUS_PA2_BC2_R33_EXT_2026 Skid: 233.
2026-05-07 07:12:10  Vol : URUS_PA2_BC2_R33_EXT_2026 Skid: 233 Calcul Vol : 650 Color: 29.
2026-05-07 07:12:10  ---------------------------
2026-05-07 07:18:33 --- Trajectory --- 
2026-05-07 07:18:33 Prog : HURACAN_BC2_R33_Plastic Skid: 46 Paint : 55.
2026-05-07 07:18:33 ------------------ 
2026-05-07 07:19:50  Vol : URUS_PA2_R33_Plastic Skid: 2 Calcul Vol : 10 Color: 29.
2026-05-07 07:19:50  ---------------------------
2026-05-07 07:27:19 --- Trajectory --- 
2026-05-07 07:27:19 Prog : TEM_bc2_int Skid: 208 Paint : 0.
2026-05-07 07:27:19 ------------------ 
2026-05-07 07:29:40 --- Trajectory --- 
2026-05-07 07:29:40 Prog : TEM_bc2_r33_ext_new Skid: 208 Paint : 239.
2026-05-07 07:29:40 ------------------ 
2026-05-07 07:38:00  Default Volume : URUS_PA2_BC2_R33_EXT_2026 Skid: 105.
2026-05-07 07:38:02  Vol : URUS_PA2_BC2_R33_EXT_2026 Skid: 105 Calcul Vol : 650 Color: 27.
2026-05-07 07:38:02  ---------------------------
2026-05-07 07:39:15 --- Trajectory --- 
2026-05-07 07:39:15 Prog : TEM_bc2_r33_ext_new Skid: 208 Paint : 0.
2026-05-07 07:39:15 ------------------ 
2026-05-07 07:46:13 --- Trajectory --- 
2026-05-07 07:46:13 Prog : TEM_bc2_r33_ext_new Skid: 208 Paint : 0.
2026-05-07 07:46:13 ------------------ 
2026-05-07 08:00:34 --- Trajectory --- 
2026-05-07 08:00:34 Prog : TEM_bc2_r33_ext_new Skid: 208 Paint : 0.
2026-05-07 08:00:34 ------------------ 
2026-05-07 08:32:50  Default Volume : TEM_bc2_int Skid: 29.
2026-05-07 08:32:51  Vol : TEM_bc2_int Skid: 29 Calcul Vol : 650 Color: 53.
2026-05-07 08:32:51  ---------------------------
2026-05-07 08:32:57  Default Volume : TEM_bc2_r33_ext_new Skid: 29.
2026-05-07 08:32:59  Vol : TEM_bc2_r33_ext_new Skid: 29 Calcul Vol : 650 Color: 53.
2026-05-07 08:32:59  ---------------------------
2026-05-07 08:56:08  Default Volume : URUS_PA2_BC2_R33_EXT_2026 Skid: 139.
2026-05-07 08:56:10  Vol : URUS_PA2_BC2_R33_EXT_2026 Skid: 139 Calcul Vol : 650 Color: 13.
2026-05-07 08:56:10  ---------------------------
2026-05-07 09:02:11 --- Trajectory --- 
2026-05-07 09:02:11 Prog : TEM_bc2_int Skid: 29 Paint : 0.
2026-05-07 09:02:11 ------------------ 
2026-05-07 09:03:16 --- Trajectory --- 
2026-05-07 09:03:16 Prog : TEM_bc2_r33_ext_new Skid: 29 Paint : 102.
2026-05-07 09:03:16 ------------------ 
2026-05-07 09:28:30 --- Trajectory --- 
2026-05-07 09:28:31 Prog : TEM_bc2_r33_ext_new Skid: 29 Paint : 0.
2026-05-07 09:28:31 ------------------ 
2026-05-07 10:20:55  Default Volume : URUS_PA2_BC2_R33_EXT_2026 Skid: 202.
2026-05-07 10:20:57  Vol : URUS_PA2_BC2_R33_EXT_2026 Skid: 202 Calcul Vol : 650 Color: 41.
2026-05-07 10:20:57  ---------------------------
2026-05-07 10:28:49  Vol : URUS_PA2_R33_Plastic Skid: 101 Calcul Vol : 10 Color: 41.
2026-05-07 10:28:49  ---------------------------
2026-05-07 10:54:36 --- Trajectory --- 
2026-05-07 10:54:36 Prog : TEM_bc2_r33_ext_new Skid: 29 Paint : 0.
2026-05-07 10:54:36 ------------------ 
2026-05-07 11:15:27  Vol : URUS_PA2_R33_Plastic Skid: 175 Calcul Vol : 0 Color: 54.
2026-05-07 11:15:27  ---------------------------
2026-05-07 11:19:27  Vol : URUS_PA2_R33_Plastic Skid: 22 Calcul Vol : 0 Color: 55.
2026-05-07 11:19:27  ---------------------------
2026-05-07 11:23:32  Default Volume : URUS_PA2_BC2_R33_EXT_2026 Skid: 52.
2026-05-07 11:23:33  Vol : URUS_PA2_BC2_R33_EXT_2026 Skid: 52 Calcul Vol : 650 Color: 55.
2026-05-07 11:23:33  ---------------------------
2026-05-07 11:39:33 --- Trajectory --- 
2026-05-07 11:39:33 Prog : TEM_bc2_r33_ext_new Skid: 29 Paint : 0.
2026-05-07 11:39:33 ------------------ 
2026-05-07 11:46:17 --- Trajectory --- 
2026-05-07 11:46:17 Prog : TEM_bc2_r33_ext_new Skid: 29 Paint : 0.
2026-05-07 11:46:17 ------------------ 
2026-05-07 11:52:44 --- Trajectory --- 
2026-05-07 11:52:44 Prog : TEM_bc2_r33_ext_new Skid: 29 Paint : 0.
2026-05-07 11:52:44 ------------------ 
2026-05-07 11:54:54  Vol : URUS_PA2_R33_Plastic Skid: 180 Calcul Vol : 10 Color: 22.
2026-05-07 11:54:54  ---------------------------
2026-05-07 11:57:02 --- Trajectory --- 
2026-05-07 11:57:02 Prog : TEM_bc2_r33_ext_new Skid: 29 Paint : 0.
2026-05-07 11:57:02 ------------------ 
2026-05-07 11:59:04  Default Volume : URUS_PA2_BC2_R33_EXT_2026 Skid: 145.
2026-05-07 11:59:06  Vol : URUS_PA2_BC2_R33_EXT_2026 Skid: 145 Calcul Vol : 650 Color: 22.
2026-05-07 11:59:06  ---------------------------
2026-05-07 12:07:20  Vol : HURACAN_BC2_R33_Plastic Skid: 71 Calcul Vol : 2077 Color: 53.
2026-05-07 12:07:20  ---------------------------
2026-05-07 12:11:51  Default Volume : TEM_bc2_int Skid: 130.
2026-05-07 12:11:53  Vol : TEM_bc2_int Skid: 130 Calcul Vol : 650 Color: 53.
2026-05-07 12:11:53  ---------------------------
2026-05-07 12:11:59  Default Volume : TEM_bc2_r33_ext_new Skid: 130.
2026-05-07 12:12:01  Vol : TEM_bc2_r33_ext_new Skid: 130 Calcul Vol : 650 Color: 53.
2026-05-07 12:12:01  ---------------------------
2026-05-07 12:19:16 --- Trajectory --- 
2026-05-07 12:19:16 Prog : TEM_bc2_r33_ext_new Skid: 29 Paint : 0.
2026-05-07 12:19:16 ------------------ 
2026-05-07 12:20:07  Default Volume : URUS_PA2_BC2_R33_EXT_2026 Skid: 244.
2026-05-07 12:20:08  Vol : URUS_PA2_BC2_R33_EXT_2026 Skid: 244 Calcul Vol : 650 Color: 9.
2026-05-07 12:20:08  ---------------------------
2026-05-07 12:25:46 --- Trajectory --- 
2026-05-07 12:25:46 Prog : TEM_bc2_r33_ext_new Skid: 29 Paint : 0.
2026-05-07 12:25:46 ------------------ 
2026-05-07 12:33:40 --- Trajectory --- 
2026-05-07 12:33:40 Prog : HURACAN_BC2_R33_Plastic Skid: 71 Paint : 48.
2026-05-07 12:33:40 ------------------ 
2026-05-07 12:37:22 --- Trajectory --- 
2026-05-07 12:37:22 Prog : TEM_bc2_int Skid: 130 Paint : 0.
2026-05-07 12:37:22 ------------------ 
2026-05-07 12:39:42 --- Trajectory --- 
2026-05-07 12:39:42 Prog : TEM_bc2_r33_ext_new Skid: 130 Paint : 204.
2026-05-07 12:39:42 ------------------ 
2026-05-07 12:50:38 --- Trajectory --- 
2026-05-07 12:50:38 Prog : TEM_bc2_r33_ext_new Skid: 130 Paint : 0.
2026-05-07 12:50:38 ------------------ 
2026-05-07 12:56:59  Vol : URUS_PA2_R33_Plastic Skid: 101 Calcul Vol : 10 Color: 41.
2026-05-07 12:56:59  ---------------------------
2026-05-07 13:06:45  Default Volume : TEM_bc2_int Skid: 81.
2026-05-07 13:06:47  Vol : TEM_bc2_int Skid: 81 Calcul Vol : 650 Color: 9.
2026-05-07 13:06:47  ---------------------------
2026-05-07 13:06:53  Default Volume : TEM_bc2_r33_ext_new Skid: 81.
2026-05-07 13:06:55  Vol : TEM_bc2_r33_ext_new Skid: 81 Calcul Vol : 650 Color: 9.
2026-05-07 13:06:55  ---------------------------
2026-05-07 13:15:50  Default Volume : URUS_PA2_BC2_R33_EXT_2026 Skid: 59.
2026-05-07 13:15:51  Vol : URUS_PA2_BC2_R33_EXT_2026 Skid: 59 Calcul Vol : 650 Color: 77.
2026-05-07 13:15:51  ---------------------------
2026-05-07 13:29:34 --- Trajectory --- 
2026-05-07 13:29:34 Prog : TEM_bc2_r33_ext_new Skid: 130 Paint : 0.
2026-05-07 13:29:34 ------------------ 
2026-05-07 13:34:12 --- Trajectory --- 
2026-05-07 13:34:12 Prog : TEM_bc2_int Skid: 81 Paint : 0.
2026-05-07 13:34:12 ------------------ 
2026-05-07 13:36:02 --- Trajectory --- 
2026-05-07 13:36:02 Prog : TEM_bc2_r33_ext_new Skid: 81 Paint : 123.
2026-05-07 13:36:02 ------------------ 
2026-05-07 13:43:10  Vol : URUS_PA2_R33_Plastic Skid: 259 Calcul Vol : 10 Color: 27.
2026-05-07 13:43:10  ---------------------------
2026-05-07 13:44:18 --- Trajectory --- 
2026-05-07 13:44:18 Prog : TEM_bc2_r33_ext_new Skid: 81 Paint : 0.
2026-05-07 13:44:18 ------------------ 
2026-05-07 14:06:10 --- Trajectory --- 
2026-05-07 14:06:10 Prog : TEM_bc2_r33_ext_new Skid: 81 Paint : 0.
2026-05-07 14:06:10 ------------------ 
2026-05-07 14:12:33  Vol : URUS_PA2_R33_Plastic Skid: 98 Calcul Vol : 0 Color: 62.
2026-05-07 14:12:33  ---------------------------
2026-05-07 14:16:04  Default Volume : URUS_PA2_BC2_R33_EXT_2026 Skid: 166.
2026-05-07 14:16:06  Vol : URUS_PA2_BC2_R33_EXT_2026 Skid: 166 Calcul Vol : 650 Color: 62.
2026-05-07 14:16:06  ---------------------------
2026-05-07 14:21:11  Vol : URUS_PA2_R33_Plastic Skid: 113 Calcul Vol : 10 Color: 62.
2026-05-07 14:21:11  ---------------------------
2026-05-07 14:27:38  Default Volume : URUS_PA2_BC2_R33_EXT_2026 Skid: 126.
2026-05-07 14:27:39  Vol : URUS_PA2_BC2_R33_EXT_2026 Skid: 126 Calcul Vol : 650 Color: 62.
2026-05-07 14:27:39  ---------------------------
2026-05-07 14:34:12  Default Volume : TEM_bc2_int Skid: 232.
2026-05-07 14:34:14  Vol : TEM_bc2_int Skid: 232 Calcul Vol : 650 Color: 150.
2026-05-07 14:34:14  ---------------------------
2026-05-07 14:34:20  Default Volume : TEM_bc2_r33_ext_new Skid: 232.
2026-05-07 14:34:21  Vol : TEM_bc2_r33_ext_new Skid: 232 Calcul Vol : 650 Color: 150.
2026-05-07 14:34:21  ---------------------------
2026-05-07 14:36:26  Vol : HURACAN_BC2_R33_Plastic Skid: 110 Calcul Vol : 2483 Color: 150.
2026-05-07 14:36:26  ---------------------------
2026-05-07 14:38:25 --- Trajectory --- 
2026-05-07 14:38:25 Prog : TEM_bc2_r33_ext_new Skid: 81 Paint : 0.
2026-05-07 14:38:25 ------------------ 
2026-05-07 14:45:32 --- Trajectory --- 
2026-05-07 14:45:32 Prog : TEM_bc2_r33_ext_new Skid: 81 Paint : 0.
2026-05-07 14:45:32 ------------------ 
2026-05-07 14:48:49 --- Trajectory --- 
2026-05-07 14:48:49 Prog : TEM_bc2_r33_ext_new Skid: 81 Paint : 0.
2026-05-07 14:48:49 ------------------ 
2026-05-07 14:52:56  Vol : URUS_PA2SPORT_R33_EXT Skid: 78 Calcul Vol : 278 Color: 137.
2026-05-07 14:52:56  ---------------------------
2026-05-07 14:55:22 --- Trajectory --- 
2026-05-07 14:55:22 Prog : TEM_bc2_r33_ext_new Skid: 81 Paint : 0.
2026-05-07 14:55:22 ------------------ 
2026-05-07 14:57:52 --- Trajectory --- 
2026-05-07 14:57:52 Prog : TEM_bc2_int Skid: 232 Paint : 0.
2026-05-07 14:57:52 ------------------ 
2026-05-07 15:00:14 --- Trajectory --- 
2026-05-07 15:00:14 Prog : TEM_bc2_r33_ext_new Skid: 232 Paint : 214.
2026-05-07 15:00:14 ------------------ 
2026-05-07 15:03:08 --- Trajectory --- 
2026-05-07 15:03:08 Prog : HURACAN_BC2_R33_Plastic Skid: 110 Paint : 59.
2026-05-07 15:03:08 ------------------ 
2026-05-07 15:19:01 --- Trajectory --- 
2026-05-07 15:19:01 Prog : URUS_PA2SPORT_R33_EXT Skid: 78 Paint : 292.
2026-05-07 15:19:01 ------------------ 
2026-05-07 15:29:45  Vol : URUS_PA2_R33_Plastic Skid: 22 Calcul Vol : 4 Color: 56.
2026-05-07 15:29:45  ---------------------------
2026-05-07 15:33:20  Default Volume : URUS_PA2_BC2_R33_EXT_2026 Skid: 52.
2026-05-07 15:33:21  Vol : URUS_PA2_BC2_R33_EXT_2026 Skid: 52 Calcul Vol : 650 Color: 56.
2026-05-07 15:33:21  ---------------------------
2026-05-07 15:37:32  Default Volume : URUS_PA2_BC2_R33_EXT_2026 Skid: 212.
2026-05-07 15:37:34  Vol : URUS_PA2_BC2_R33_EXT_2026 Skid: 212 Calcul Vol : 650 Color: 77.
2026-05-07 15:37:34  ---------------------------
2026-05-07 15:56:27  Default Volume : TEM_bc2_int Skid: 208.
2026-05-07 15:56:28  Vol : TEM_bc2_int Skid: 208 Calcul Vol : 650 Color: 106.
2026-05-07 15:56:28  ---------------------------
2026-05-07 15:56:35  Default Volume : TEM_bc2_r33_ext_new Skid: 208.
2026-05-07 15:56:36  Vol : TEM_bc2_r33_ext_new Skid: 208 Calcul Vol : 650 Color: 106.
2026-05-07 15:56:36  ---------------------------
2026-05-07 15:59:33 --- Trajectory --- 
2026-05-07 15:59:33 Prog : URUS_PA2SPORT_R33_EXT Skid: 78 Paint : 0.
2026-05-07 15:59:33 ------------------ 
2026-05-07 16:04:18 --- Trajectory --- 
2026-05-07 16:04:18 Prog : URUS_PA2SPORT_R33_EXT Skid: 78 Paint : 0.
2026-05-07 16:04:18 ------------------ 
2026-05-07 16:06:03 --- Trajectory --- 
2026-05-07 16:06:03 Prog : URUS_PA2SPORT_R33_EXT Skid: 78 Paint : 0.
2026-05-07 16:06:03 ------------------ 
2026-05-07 16:10:18  Vol : HURACAN_BC2_R33_Plastic Skid: 39 Calcul Vol : 2084 Color: 53.
2026-05-07 16:10:18  ---------------------------
2026-05-07 16:32:32  Default Volume : TEM_bc2_int Skid: 208.
2026-05-07 16:32:33  Vol : TEM_bc2_int Skid: 208 Calcul Vol : 650 Color: 106.
2026-05-07 16:32:33  ---------------------------
2026-05-07 16:32:39  Default Volume : TEM_bc2_r33_ext_new Skid: 208.
2026-05-07 16:32:41  Vol : TEM_bc2_r33_ext_new Skid: 208 Calcul Vol : 650 Color: 106.
2026-05-07 16:32:41  ---------------------------
2026-05-07 16:44:44  Vol : URUS_PA2_R33_Plastic Skid: 169 Calcul Vol : 10 Color: 85.
2026-05-07 16:44:44  ---------------------------
2026-05-07 16:44:54 --- Trajectory --- 
2026-05-07 16:44:54 Prog : HURACAN_BC2_R33_Plastic Skid: 39 Paint : 34.
2026-05-07 16:44:54 ------------------ 
2026-05-07 16:48:18  Default Volume : URUS_PA2_BC2_R33_EXT_2026 Skid: 68.
2026-05-07 16:48:20  Vol : URUS_PA2_BC2_R33_EXT_2026 Skid: 68 Calcul Vol : 650 Color: 85.
2026-05-07 16:48:20  ---------------------------
