2026-04-14 00:18:08 --- Trajectory --- 
2026-04-14 00:18:08 Prog : HURACAN_BC2_R32_Plastic Skid: 194 Paint : 0.
2026-04-14 00:18:08 ------------------ 
2026-04-14 00:32:43 --- Trajectory --- 
2026-04-14 00:32:43 Prog : HURACAN_BC2_R32_Plastic Skid: 194 Paint : 0.
2026-04-14 00:32:43 ------------------ 
2026-04-14 00:36:46  Vol : URUS_PA2_R32_Plastic Skid: 98 Calcul Vol : 10 Color: 9.
2026-04-14 00:36:46  ---------------------------
2026-04-14 00:41:39  Default Volume : URUS_PA2_BC2_R32_EXT_2026 Skid: 235.
2026-04-14 00:41:40  Vol : URUS_PA2_BC2_R32_EXT_2026 Skid: 235 Calcul Vol : 650 Color: 62.
2026-04-14 00:41:40  ---------------------------
2026-04-14 00:57:27 --- Trajectory --- 
2026-04-14 00:57:27 Prog : HURACAN_BC2_R32_Plastic Skid: 194 Paint : 0.
2026-04-14 00:57:27 ------------------ 
2026-04-14 01:04:14  Vol : HURACAN_BC2_R32_Plastic Skid: 39 Calcul Vol : 60 Color: 18.
2026-04-14 01:04:14  ---------------------------
2026-04-14 01:12:05  Vol : HURACAN_BC2_R32_INT Skid: 148 Calcul Vol : 18 Color: 18.
2026-04-14 01:12:05  ---------------------------
2026-04-14 01:12:11  Vol : HURACAN_BC2_R32_EXT_new Skid: 148 Calcul Vol : 212 Color: 18.
2026-04-14 01:12:11  ---------------------------
2026-04-14 01:16:28 --- Trajectory --- 
2026-04-14 01:16:28 Prog : HURACAN_BC2_R32_Plastic Skid: 194 Paint : 0.
2026-04-14 01:16:28 ------------------ 
2026-04-14 01:27:14 --- Trajectory --- 
2026-04-14 01:27:14 Prog : HURACAN_BC2_R32_Plastic Skid: 39 Paint : 118.
2026-04-14 01:27:14 ------------------ 
2026-04-14 01:39:38 --- Trajectory INT --- 
2026-04-14 01:39:38  HURACAN_BC2_R31_INT " Skid: 148 Paint : 0.
2026-04-14 01:39:38 --- --- 
2026-04-14 01:39:41 --- Trajectory --- 
2026-04-14 01:39:41 Prog : HURACAN_BC2_R32_INT Skid: 148 Paint : 16.
2026-04-14 01:39:41 ------------------ 
2026-04-14 01:42:10 --- Trajectory --- 
2026-04-14 01:42:10 Prog : HURACAN_BC2_R32_EXT_new Skid: 148 Paint : 188.
2026-04-14 01:42:10 ------------------ 
2026-04-14 02:16:26  Vol : URUS_PA2_R32_Plastic Skid: 64 Calcul Vol : 3 Color: 146.
2026-04-14 02:16:26  ---------------------------
2026-04-14 02:20:45  Default Volume : URUS_PA2_BC2_R32_EXT_2026 Skid: 245.
2026-04-14 02:20:46  Vol : URUS_PA2_BC2_R32_EXT_2026 Skid: 245 Calcul Vol : 650 Color: 146.
2026-04-14 02:20:46  ---------------------------
2026-04-14 02:41:49  Vol : URUS_PA2_R32_Plastic Skid: 67 Calcul Vol : 10 Color: 97.
2026-04-14 02:41:49  ---------------------------
2026-04-14 02:59:39  Vol : HURACAN_BC2_R32_Plastic Skid: 111 Calcul Vol : 0 Color: 96.
2026-04-14 02:59:39  ---------------------------
2026-04-14 03:03:10  Vol : HURACAN_BC2_R32_INT Skid: 133 Calcul Vol : 4 Color: 96.
2026-04-14 03:03:10  ---------------------------
2026-04-14 03:03:16  Vol : HURACAN_BC2_R32_EXT_new Skid: 133 Calcul Vol : 235 Color: 96.
2026-04-14 03:03:16  ---------------------------
2026-04-14 03:06:13 --- Trajectory --- 
2026-04-14 03:06:13 Prog : HURACAN_BC2_R32_EXT_new Skid: 148 Paint : 0.
2026-04-14 03:06:13 ------------------ 
2026-04-14 03:13:32  Default Volume : URUS_PA2_BC2_R32_EXT_2026 Skid: 96.
2026-04-14 03:13:33  Vol : URUS_PA2_BC2_R32_EXT_2026 Skid: 96 Calcul Vol : 650 Color: 53.
2026-04-14 03:13:33  ---------------------------
2026-04-14 03:19:14 --- Trajectory --- 
2026-04-14 03:19:14 Prog : HURACAN_BC2_R32_Plastic Skid: 111 Paint : 0.
2026-04-14 03:19:14 ------------------ 
2026-04-14 03:25:43 --- Trajectory INT --- 
2026-04-14 03:25:43  HURACAN_BC2_R31_INT " Skid: 133 Paint : 0.
2026-04-14 03:25:43 --- --- 
2026-04-14 03:25:45 --- Trajectory --- 
2026-04-14 03:25:45 Prog : HURACAN_BC2_R32_INT Skid: 133 Paint : 4.
2026-04-14 03:25:45 ------------------ 
2026-04-14 03:28:22 --- Trajectory --- 
2026-04-14 03:28:22 Prog : HURACAN_BC2_R32_EXT_new Skid: 133 Paint : 169.
2026-04-14 03:28:22 ------------------ 
2026-04-14 03:31:00  Default Volume : URUS_PA2_BC2_R32_EXT_2026 Skid: 213.
2026-04-14 03:31:02  Vol : URUS_PA2_BC2_R32_EXT_2026 Skid: 213 Calcul Vol : 650 Color: 12.
2026-04-14 03:31:02  ---------------------------
2026-04-14 03:40:17 --- Trajectory --- 
2026-04-14 03:40:17 Prog : HURACAN_BC2_R32_EXT_new Skid: 133 Paint : 0.
2026-04-14 03:40:17 ------------------ 
2026-04-14 03:58:52 --- Trajectory --- 
2026-04-14 03:58:52 Prog : HURACAN_BC2_R32_EXT_new Skid: 133 Paint : 0.
2026-04-14 03:58:52 ------------------ 
2026-04-14 04:00:28  Vol : URUS_PA2_R32_Plastic Skid: 109 Calcul Vol : 10 Color: 29.
2026-04-14 04:00:28  ---------------------------
2026-04-14 04:21:10 --- Trajectory --- 
2026-04-14 04:21:10 Prog : HURACAN_BC2_R32_EXT_new Skid: 133 Paint : 0.
2026-04-14 04:21:10 ------------------ 
2026-04-14 05:55:45 --- Trajectory --- 
2026-04-14 05:55:45 Prog : HURACAN_BC2_R32_Plastic Skid: 15577 Paint : 0.
2026-04-14 05:55:45 ------------------ 
2026-04-14 06:27:07  Vol : HURACAN_BC2_R32_Plastic Skid: 37 Calcul Vol : 111 Color: 11.
2026-04-14 06:27:07  ---------------------------
2026-04-14 06:31:41  Default Volume : URUS_PA2_BC2_R32_EXT_2026 Skid: 150.
2026-04-14 06:31:42  Vol : URUS_PA2_BC2_R32_EXT_2026 Skid: 150 Calcul Vol : 650 Color: 9.
2026-04-14 06:31:42  ---------------------------
2026-04-14 06:44:11 --- Trajectory --- 
2026-04-14 06:44:11 Prog : HURACAN_BC2_R32_Plastic Skid: 37 Paint : 186.
2026-04-14 06:44:11 ------------------ 
2026-04-14 06:55:52 --- Trajectory --- 
2026-04-14 06:55:52 Prog : HURACAN_BC2_R32_Plastic Skid: 37 Paint : 0.
2026-04-14 06:55:52 ------------------ 
2026-04-14 07:10:50  Default Volume : URUS_PA2_BC2_R32_EXT_2026 Skid: 233.
2026-04-14 07:10:51  Vol : URUS_PA2_BC2_R32_EXT_2026 Skid: 233 Calcul Vol : 650 Color: 22.
2026-04-14 07:10:51  ---------------------------
2026-04-14 07:14:35  Vol : HURACAN_BC2_R32_Plastic Skid: 103 Calcul Vol : 63 Color: 85.
2026-04-14 07:14:35  ---------------------------
2026-04-14 07:19:09  Vol : HURACAN_BC2_R32_INT Skid: 163 Calcul Vol : 24 Color: 85.
2026-04-14 07:19:09  ---------------------------
2026-04-14 07:19:15  Vol : HURACAN_BC2_R32_EXT_new Skid: 163 Calcul Vol : 287 Color: 85.
2026-04-14 07:19:15  ---------------------------
2026-04-14 07:28:50  Vol : HURACAN_BC2_R32_INT Skid: 61 Calcul Vol : 18 Color: 11.
2026-04-14 07:28:50  ---------------------------
2026-04-14 07:28:56  Vol : HURACAN_BC2_R32_EXT_new Skid: 61 Calcul Vol : 342 Color: 11.
2026-04-14 07:28:56  ---------------------------
2026-04-14 07:33:39 --- Trajectory --- 
2026-04-14 07:33:39 Prog : HURACAN_BC2_R32_Plastic Skid: 37 Paint : 0.
2026-04-14 07:33:39 ------------------ 
2026-04-14 07:37:08 --- Trajectory --- 
2026-04-14 07:37:08 Prog : HURACAN_BC2_R32_Plastic Skid: 103 Paint : 136.
2026-04-14 07:37:08 ------------------ 
2026-04-14 07:40:35 --- Trajectory INT --- 
2026-04-14 07:40:35  HURACAN_BC2_R31_INT " Skid: 163 Paint : 0.
2026-04-14 07:40:35 --- --- 
2026-04-14 07:40:38 --- Trajectory --- 
2026-04-14 07:40:38 Prog : HURACAN_BC2_R32_INT Skid: 163 Paint : 24.
2026-04-14 07:40:38 ------------------ 
2026-04-14 07:43:07 --- Trajectory --- 
2026-04-14 07:43:07 Prog : HURACAN_BC2_R32_EXT_new Skid: 163 Paint : 281.
2026-04-14 07:43:07 ------------------ 
2026-04-14 07:52:49 --- Trajectory INT --- 
2026-04-14 07:52:49  HURACAN_BC2_R31_INT " Skid: 61 Paint : 0.
2026-04-14 07:52:49 --- --- 
2026-04-14 07:52:52 --- Trajectory --- 
2026-04-14 07:52:52 Prog : HURACAN_BC2_R32_INT Skid: 61 Paint : 16.
2026-04-14 07:52:52 ------------------ 
2026-04-14 07:55:21 --- Trajectory --- 
2026-04-14 07:55:21 Prog : HURACAN_BC2_R32_EXT_new Skid: 61 Paint : 321.
2026-04-14 07:55:21 ------------------ 
2026-04-14 08:18:56  Vol : URUS_PA2_R32_Plastic Skid: 232 Calcul Vol : 5 Color: 39.
2026-04-14 08:18:56  ---------------------------
2026-04-14 08:34:33 --- Trajectory --- 
2026-04-14 08:34:33 Prog : HURACAN_BC2_R32_EXT_new Skid: 61 Paint : 0.
2026-04-14 08:34:33 ------------------ 
2026-04-14 08:50:11  Vol : URUS_PA2_R32_Plastic Skid: 119 Calcul Vol : 10 Color: 22.
2026-04-14 08:50:11  ---------------------------
2026-04-14 09:11:57  Vol : URUS_PA2_R32_Plastic Skid: 149 Calcul Vol : 10 Color: 20.
2026-04-14 09:11:57  ---------------------------
2026-04-14 09:21:50 --- Trajectory --- 
2026-04-14 09:21:50 Prog : HURACAN_BC2_R32_EXT_new Skid: 61 Paint : 0.
2026-04-14 09:21:50 ------------------ 
2026-04-14 09:22:53  Vol : URUS_PA2_R32_Plastic Skid: 11 Calcul Vol : 10 Color: 146.
2026-04-14 09:22:53  ---------------------------
2026-04-14 09:27:27  Default Volume : URUS_PA2_BC2_R32_EXT_2026 Skid: 206.
2026-04-14 09:27:29  Vol : URUS_PA2_BC2_R32_EXT_2026 Skid: 206 Calcul Vol : 650 Color: 146.
2026-04-14 09:27:29  ---------------------------
2026-04-14 09:37:27  Vol : URUS_PA2_R32_Plastic Skid: 64 Calcul Vol : 10 Color: 146.
2026-04-14 09:37:27  ---------------------------
2026-04-14 09:37:30 --- Trajectory --- 
2026-04-14 09:37:30 Prog : HURACAN_BC2_R32_EXT_new Skid: 61 Paint : 0.
2026-04-14 09:37:30 ------------------ 
2026-04-14 09:42:02  Default Volume : URUS_PA2_BC2_R32_EXT_2026 Skid: 245.
2026-04-14 09:42:03  Vol : URUS_PA2_BC2_R32_EXT_2026 Skid: 245 Calcul Vol : 650 Color: 146.
2026-04-14 09:42:03  ---------------------------
2026-04-14 09:49:00  Default Volume : URUS_PA2_BC2_R32_EXT_2026 Skid: 245.
2026-04-14 09:49:01  Vol : URUS_PA2_BC2_R32_EXT_2026 Skid: 245 Calcul Vol : 650 Color: 146.
2026-04-14 09:49:01  ---------------------------
2026-04-14 09:52:30  Vol : HURACAN_BC2_R32_INT Skid: 153 Calcul Vol : 18 Color: 18.
2026-04-14 09:52:30  ---------------------------
2026-04-14 09:52:35  Vol : HURACAN_BC2_R32_EXT_new Skid: 153 Calcul Vol : 0 Color: 18.
2026-04-14 09:52:36  ---------------------------
2026-04-14 09:54:13 --- Trajectory --- 
2026-04-14 09:54:13 Prog : HURACAN_BC2_R32_EXT_new Skid: 61 Paint : 0.
2026-04-14 09:54:13 ------------------ 
2026-04-14 09:59:21 --- Trajectory --- 
2026-04-14 09:59:21 Prog : HURACAN_BC2_R32_EXT_new Skid: 61 Paint : 0.
2026-04-14 09:59:21 ------------------ 
2026-04-14 10:14:02  Default Volume : URUS_PA2_BC2_R32_EXT_2026 Skid: 210.
2026-04-14 10:14:04  Vol : URUS_PA2_BC2_R32_EXT_2026 Skid: 210 Calcul Vol : 650 Color: 29.
2026-04-14 10:14:04  ---------------------------
2026-04-14 10:17:17 --- Trajectory INT --- 
2026-04-14 10:17:17  HURACAN_BC2_R31_INT " Skid: 153 Paint : 0.
2026-04-14 10:17:17 --- --- 
2026-04-14 10:17:20 --- Trajectory --- 
2026-04-14 10:17:20 Prog : HURACAN_BC2_R32_INT Skid: 153 Paint : 16.
2026-04-14 10:17:20 ------------------ 
2026-04-14 10:20:03 --- Trajectory --- 
2026-04-14 10:20:03 Prog : HURACAN_BC2_R32_EXT_new Skid: 153 Paint : 103.
2026-04-14 10:20:03 ------------------ 
2026-04-14 10:39:59 --- Trajectory --- 
2026-04-14 10:39:59 Prog : HURACAN_BC2_R32_EXT_new Skid: 153 Paint : 0.
2026-04-14 10:39:59 ------------------ 
2026-04-14 11:38:27 --- Trajectory --- 
2026-04-14 11:38:27 Prog : HURACAN_BC2_R32_EXT_new Skid: 153 Paint : 0.
2026-04-14 11:38:27 ------------------ 
2026-04-14 11:40:19 --- Trajectory --- 
2026-04-14 11:40:19 Prog : HURACAN_BC2_R32_EXT_new Skid: 153 Paint : 0.
2026-04-14 11:40:19 ------------------ 
2026-04-14 11:43:56 --- Trajectory --- 
2026-04-14 11:43:56 Prog : HURACAN_BC2_R32_EXT_new Skid: 153 Paint : 0.
2026-04-14 11:43:56 ------------------ 
2026-04-14 11:45:25 --- Trajectory --- 
2026-04-14 11:45:25 Prog : HURACAN_BC2_R32_EXT_new Skid: 153 Paint : 0.
2026-04-14 11:45:25 ------------------ 
2026-04-14 11:50:49 --- Trajectory --- 
2026-04-14 11:50:49 Prog : HURACAN_BC2_R32_EXT_new Skid: 153 Paint : 0.
2026-04-14 11:50:49 ------------------ 
2026-04-14 11:55:00 --- Trajectory --- 
2026-04-14 11:55:00 Prog : HURACAN_BC2_R32_EXT_new Skid: 153 Paint : 0.
2026-04-14 11:55:00 ------------------ 
2026-04-14 11:56:08  Vol : URUS_PA2_R32_Plastic Skid: 232 Calcul Vol : 10 Color: 39.
2026-04-14 11:56:08  ---------------------------
2026-04-14 11:56:37 --- Trajectory --- 
2026-04-14 11:56:37 Prog : HURACAN_BC2_R32_EXT_new Skid: 153 Paint : 0.
2026-04-14 11:56:37 ------------------ 
2026-04-14 11:58:55 --- Trajectory --- 
2026-04-14 11:58:55 Prog : HURACAN_BC2_R32_EXT_new Skid: 153 Paint : 0.
2026-04-14 11:58:55 ------------------ 
2026-04-14 12:01:17 --- Trajectory --- 
2026-04-14 12:01:17 Prog : HURACAN_BC2_R32_EXT_new Skid: 153 Paint : 0.
2026-04-14 12:01:17 ------------------ 
2026-04-14 12:05:32 --- Trajectory --- 
2026-04-14 12:05:32 Prog : HURACAN_BC2_R32_EXT_new Skid: 153 Paint : 0.
2026-04-14 12:05:32 ------------------ 
2026-04-14 12:12:50 --- Trajectory --- 
2026-04-14 12:12:50 Prog : HURACAN_BC2_R32_EXT_new Skid: 153 Paint : 0.
2026-04-14 12:12:50 ------------------ 
2026-04-14 12:14:03  Vol : URUS_PA2_R32_Plastic Skid: 259 Calcul Vol : 10 Color: 77.
2026-04-14 12:14:03  ---------------------------
2026-04-14 12:16:55  Default Volume : URUS_PA2_BC2_R32_EXT_2026 Skid: 105.
2026-04-14 12:16:56  Vol : URUS_PA2_BC2_R32_EXT_2026 Skid: 105 Calcul Vol : 650 Color: 77.
2026-04-14 12:16:56  ---------------------------
2026-04-14 12:32:41 --- Trajectory --- 
2026-04-14 12:32:41 Prog : HURACAN_BC2_R32_EXT_new Skid: 153 Paint : 0.
2026-04-14 12:32:41 ------------------ 
2026-04-14 12:34:17  Vol : HURACAN_BC2_R32_Plastic Skid: 194 Calcul Vol : 20 Color: 29.
2026-04-14 12:34:17  ---------------------------
2026-04-14 12:38:27  Vol : URUS_PA2_R32_Plastic Skid: 7 Calcul Vol : 0 Color: 18.
2026-04-14 12:38:27  ---------------------------
2026-04-14 12:39:57 --- Trajectory --- 
2026-04-14 12:39:57 Prog : HURACAN_BC2_R32_EXT_new Skid: 153 Paint : 0.
2026-04-14 12:39:57 ------------------ 
2026-04-14 12:41:23  Vol : HURACAN_BC2_R32_INT Skid: 156 Calcul Vol : 20 Color: 15.
2026-04-14 12:41:23  ---------------------------
2026-04-14 12:41:28  Vol : HURACAN_BC2_R32_EXT_new Skid: 156 Calcul Vol : 230 Color: 15.
2026-04-14 12:41:28  ---------------------------
2026-04-14 12:51:50  Default Volume : URUS_PA2_BC2_R32_EXT_2026 Skid: 208.
2026-04-14 12:51:52  Vol : URUS_PA2_BC2_R32_EXT_2026 Skid: 208 Calcul Vol : 650 Color: 13.
2026-04-14 12:51:52  ---------------------------
2026-04-14 12:52:02 --- Trajectory --- 
2026-04-14 12:52:02 Prog : HURACAN_BC2_R32_Plastic Skid: 194 Paint : 6.
2026-04-14 12:52:02 ------------------ 
2026-04-14 12:56:17  Vol : HURACAN_BC2_R32_Plastic Skid: 97 Calcul Vol : 88 Color: 77.
2026-04-14 12:56:17  ---------------------------
2026-04-14 12:58:10 --- Trajectory --- 
2026-04-14 12:58:10 Prog : HURACAN_BC2_R32_Plastic Skid: 194 Paint : 0.
2026-04-14 12:58:10 ------------------ 
2026-04-14 13:00:22  Vol : HURACAN_BC2_R32_INT Skid: 220 Calcul Vol : 26 Color: 77.
2026-04-14 13:00:22  ---------------------------
2026-04-14 13:00:28  Vol : HURACAN_BC2_R32_EXT_new Skid: 220 Calcul Vol : 332 Color: 77.
2026-04-14 13:00:28  ---------------------------
2026-04-14 13:03:03 --- Trajectory INT --- 
2026-04-14 13:03:03  HURACAN_BC2_R31_INT " Skid: 156 Paint : 0.
2026-04-14 13:03:03 --- --- 
2026-04-14 13:03:06 --- Trajectory --- 
2026-04-14 13:03:06 Prog : HURACAN_BC2_R32_INT Skid: 156 Paint : 18.
2026-04-14 13:03:06 ------------------ 
2026-04-14 13:05:36 --- Trajectory --- 
2026-04-14 13:05:36 Prog : HURACAN_BC2_R32_EXT_new Skid: 156 Paint : 207.
2026-04-14 13:05:36 ------------------ 
2026-04-14 13:10:34  Default Volume : URUS_PA2_BC2_R32_EXT_2026 Skid: 244.
2026-04-14 13:10:36  Vol : URUS_PA2_BC2_R32_EXT_2026 Skid: 244 Calcul Vol : 650 Color: 39.
2026-04-14 13:10:36  ---------------------------
2026-04-14 13:22:35 --- Trajectory --- 
2026-04-14 13:22:35 Prog : HURACAN_BC2_R32_EXT_new Skid: 156 Paint : 0.
2026-04-14 13:22:35 ------------------ 
2026-04-14 13:23:50  Default Volume : URUS_PA2_BC2_R32_EXT_2026 Skid: 168.
2026-04-14 13:23:51  Vol : URUS_PA2_BC2_R32_EXT_2026 Skid: 168 Calcul Vol : 650 Color: 20.
2026-04-14 13:23:51  ---------------------------
2026-04-14 13:26:22 --- Trajectory --- 
2026-04-14 13:26:22 Prog : HURACAN_BC2_R32_Plastic Skid: 97 Paint : 168.
2026-04-14 13:26:22 ------------------ 
2026-04-14 13:29:13 --- Trajectory INT --- 
2026-04-14 13:29:13  HURACAN_BC2_R31_INT " Skid: 220 Paint : 0.
2026-04-14 13:29:13 --- --- 
2026-04-14 13:29:16 --- Trajectory --- 
2026-04-14 13:29:16 Prog : HURACAN_BC2_R32_INT Skid: 220 Paint : 25.
2026-04-14 13:29:16 ------------------ 
2026-04-14 13:31:46 --- Trajectory --- 
2026-04-14 13:31:46 Prog : HURACAN_BC2_R32_EXT_new Skid: 220 Paint : 312.
2026-04-14 13:31:46 ------------------ 
2026-04-14 13:57:06  Vol : HURACAN_BC2_R32_Plastic Skid: 39 Calcul Vol : 90 Color: 102.
2026-04-14 13:57:06  ---------------------------
2026-04-14 14:01:32  Vol : HURACAN_BC2_R32_INT Skid: 204 Calcul Vol : 28 Color: 102.
2026-04-14 14:01:32  ---------------------------
2026-04-14 14:01:38  Vol : HURACAN_BC2_R32_EXT_new Skid: 204 Calcul Vol : 317 Color: 102.
2026-04-14 14:01:38  ---------------------------
2026-04-14 14:03:22 --- Trajectory --- 
2026-04-14 14:03:22 Prog : HURACAN_BC2_R32_EXT_new Skid: 220 Paint : 0.
2026-04-14 14:03:22 ------------------ 
2026-04-14 14:08:18 --- Trajectory --- 
2026-04-14 14:08:18 Prog : HURACAN_BC2_R32_EXT_new Skid: 220 Paint : 0.
2026-04-14 14:08:18 ------------------ 
2026-04-14 14:11:23  Vol : HURACAN_BC2_R32_INT Skid: 202 Calcul Vol : 18 Color: 10.
2026-04-14 14:11:23  ---------------------------
2026-04-14 14:11:29  Vol : HURACAN_BC2_R32_EXT_new Skid: 202 Calcul Vol : 276 Color: 10.
2026-04-14 14:11:29  ---------------------------
2026-04-14 14:41:05 --- Trajectory --- 
2026-04-14 14:41:05 Prog : HURACAN_BC2_R32_Plastic Skid: 39 Paint : 149.
2026-04-14 14:41:05 ------------------ 
2026-04-14 14:45:27  Vol : HURACAN_BC2_R32_Plastic Skid: 111 Calcul Vol : 64 Color: 34.
2026-04-14 14:45:27  ---------------------------
2026-04-14 14:46:18 --- Trajectory INT --- 
2026-04-14 14:46:18  HURACAN_BC2_R31_INT " Skid: 204 Paint : 0.
2026-04-14 14:46:18 --- --- 
2026-04-14 14:46:21 --- Trajectory --- 
2026-04-14 14:46:21 Prog : HURACAN_BC2_R32_INT Skid: 204 Paint : 27.
2026-04-14 14:46:21 ------------------ 
2026-04-14 14:48:50 --- Trajectory --- 
2026-04-14 14:48:50 Prog : HURACAN_BC2_R32_EXT_new Skid: 204 Paint : 297.
2026-04-14 14:48:50 ------------------ 
2026-04-14 14:51:16  Vol : HURACAN_BC2_R32_INT Skid: 66 Calcul Vol : 18 Color: 34.
2026-04-14 14:51:16  ---------------------------
2026-04-14 14:51:22  Vol : HURACAN_BC2_R32_EXT_new Skid: 66 Calcul Vol : 237 Color: 34.
2026-04-14 14:51:22  ---------------------------
2026-04-14 14:53:56 --- Trajectory INT --- 
2026-04-14 14:53:56  HURACAN_BC2_R31_INT " Skid: 202 Paint : 0.
2026-04-14 14:53:56 --- --- 
2026-04-14 14:53:59 --- Trajectory --- 
2026-04-14 14:53:59 Prog : HURACAN_BC2_R32_INT Skid: 202 Paint : 16.
2026-04-14 14:53:59 ------------------ 
2026-04-14 14:56:08 --- Trajectory --- 
2026-04-14 14:56:08 Prog : HURACAN_BC2_R32_EXT_new Skid: 202 Paint : 131.
2026-04-14 14:56:08 ------------------ 
2026-04-14 14:57:18  Vol : URUS_PA2_R32_Plastic Skid: 98 Calcul Vol : 3 Color: 68.
2026-04-14 14:57:18  ---------------------------
2026-04-14 15:01:52  Default Volume : URUS_PA2_BC2_R32_EXT_2026 Skid: 161.
2026-04-14 15:01:54  Vol : URUS_PA2_BC2_R32_EXT_2026 Skid: 161 Calcul Vol : 650 Color: 68.
2026-04-14 15:01:54  ---------------------------
2026-04-14 15:13:21 --- Trajectory --- 
2026-04-14 15:13:21 Prog : HURACAN_BC2_R32_Plastic Skid: 111 Paint : 107.
2026-04-14 15:13:21 ------------------ 
2026-04-14 15:16:33 --- Trajectory INT --- 
2026-04-14 15:16:33  HURACAN_BC2_R31_INT " Skid: 66 Paint : 0.
2026-04-14 15:16:33 --- --- 
2026-04-14 15:16:36 --- Trajectory --- 
2026-04-14 15:16:36 Prog : HURACAN_BC2_R32_INT Skid: 66 Paint : 16.
2026-04-14 15:16:36 ------------------ 
2026-04-14 15:19:05 --- Trajectory --- 
2026-04-14 15:19:05 Prog : HURACAN_BC2_R32_EXT_new Skid: 66 Paint : 213.
2026-04-14 15:19:05 ------------------ 
2026-04-14 15:22:03 --- Trajectory --- 
2026-04-14 15:22:03 Prog : HURACAN_BC2_R32_EXT_new Skid: 66 Paint : 0.
2026-04-14 15:22:03 ------------------ 
2026-04-14 15:27:55 --- Trajectory --- 
2026-04-14 15:27:55 Prog : HURACAN_BC2_R32_EXT_new Skid: 66 Paint : 0.
2026-04-14 15:27:55 ------------------ 
2026-04-14 16:17:42  Default Volume : URUS_PA2_BC2_R32_EXT_2026 Skid: 245.
2026-04-14 16:17:44  Vol : URUS_PA2_BC2_R32_EXT_2026 Skid: 245 Calcul Vol : 650 Color: 146.
2026-04-14 16:17:44  ---------------------------
2026-04-14 16:22:43  Vol : URUS_PA2_R32_Plastic Skid: 64 Calcul Vol : 10 Color: 146.
2026-04-14 16:22:43  ---------------------------
2026-04-14 16:43:53  Vol : HURACAN_BC2_R32_Plastic Skid: 37 Calcul Vol : 99 Color: 27.
2026-04-14 16:43:53  ---------------------------
2026-04-14 16:44:57 --- Trajectory --- 
2026-04-14 16:44:57 Prog : HURACAN_BC2_R32_EXT_new Skid: 66 Paint : 0.
2026-04-14 16:44:57 ------------------ 
2026-04-14 16:47:42  Vol : HURACAN_BC2_R32_INT Skid: 221 Calcul Vol : 24 Color: 27.
2026-04-14 16:47:42  ---------------------------
2026-04-14 16:47:48  Vol : HURACAN_BC2_R32_EXT_new Skid: 221 Calcul Vol : 293 Color: 27.
2026-04-14 16:47:48  ---------------------------
2026-04-14 16:47:54 --- Trajectory --- 
2026-04-14 16:47:54 Prog : HURACAN_BC2_R32_EXT_new Skid: 66 Paint : 0.
2026-04-14 16:47:54 ------------------ 
2026-04-14 17:07:49 --- Trajectory --- 
2026-04-14 17:07:49 Prog : HURACAN_BC2_R32_Plastic Skid: 37 Paint : 165.
2026-04-14 17:07:49 ------------------ 
2026-04-14 17:11:23 --- Trajectory INT --- 
2026-04-14 17:11:23  HURACAN_BC2_R31_INT " Skid: 221 Paint : 0.
2026-04-14 17:11:23 --- --- 
2026-04-14 17:11:26 --- Trajectory --- 
2026-04-14 17:11:26 Prog : HURACAN_BC2_R32_INT Skid: 221 Paint : 23.
2026-04-14 17:11:26 ------------------ 
2026-04-14 17:13:56 --- Trajectory --- 
2026-04-14 17:13:56 Prog : HURACAN_BC2_R32_EXT_new Skid: 221 Paint : 271.
2026-04-14 17:13:56 ------------------ 
2026-04-14 17:24:58  Vol : HURACAN_BC2_R32_Plastic Skid: 103 Calcul Vol : 63 Color: 85.
2026-04-14 17:24:58  ---------------------------
2026-04-14 17:36:28  Vol : HURACAN_BC2_R32_INT Skid: 9 Calcul Vol : 0 Color: 14.
2026-04-14 17:36:28  ---------------------------
2026-04-14 17:36:33  Vol : HURACAN_BC2_R32_EXT_new Skid: 9 Calcul Vol : 333 Color: 14.
2026-04-14 17:36:33  ---------------------------
2026-04-14 17:46:40 --- Trajectory --- 
2026-04-14 17:46:40 Prog : HURACAN_BC2_R32_Plastic Skid: 103 Paint : 136.
2026-04-14 17:46:40 ------------------ 
2026-04-14 17:56:35 --- Trajectory INT --- 
2026-04-14 17:56:35  HURACAN_BC2_R31_INT " Skid: 9 Paint : 0.
2026-04-14 17:56:35 --- --- 
2026-04-14 17:56:38 --- Trajectory --- 
2026-04-14 17:56:38 Prog : HURACAN_BC2_R32_INT Skid: 9 Paint : 0.
2026-04-14 17:56:38 ------------------ 
2026-04-14 17:59:11 --- Trajectory --- 
2026-04-14 17:59:11 Prog : HURACAN_BC2_R32_EXT_new Skid: 9 Paint : 173.
2026-04-14 17:59:11 ------------------ 
2026-04-14 18:06:09  Default Volume : URUS_PA2_BC2_R32_EXT_2026 Skid: 57.
2026-04-14 18:06:11  Vol : URUS_PA2_BC2_R32_EXT_2026 Skid: 57 Calcul Vol : 650 Color: 16.
2026-04-14 18:06:11  ---------------------------
2026-04-14 18:29:43  Vol : URUS_PA2_R32_Plastic Skid: 222 Calcul Vol : 10 Color: 53.
2026-04-14 18:29:43  ---------------------------
2026-04-14 18:34:15 --- Trajectory --- 
2026-04-14 18:34:15 Prog : HURACAN_BC2_R32_EXT_new Skid: 9 Paint : 0.
2026-04-14 18:34:15 ------------------ 
2026-04-14 18:55:53 --- Trajectory --- 
2026-04-14 18:55:53 Prog : HURACAN_BC2_R32_EXT_new Skid: 9 Paint : 0.
2026-04-14 18:55:53 ------------------ 
2026-04-14 19:04:23  Vol : URUS_PA2_R32_Plastic Skid: 102 Calcul Vol : 10 Color: 27.
2026-04-14 19:04:23  ---------------------------
2026-04-14 19:14:45  Default Volume : URUS_PA2_BC2_R32_EXT_2026 Skid: 197.
2026-04-14 19:14:46  Vol : URUS_PA2_BC2_R32_EXT_2026 Skid: 197 Calcul Vol : 650 Color: 18.
2026-04-14 19:14:46  ---------------------------
2026-04-14 19:20:25 --- Trajectory --- 
2026-04-14 19:20:25 Prog : HURACAN_BC2_R32_EXT_new Skid: 9 Paint : 0.
2026-04-14 19:20:25 ------------------ 
2026-04-14 19:42:09 --- Trajectory --- 
2026-04-14 19:42:09 Prog : HURACAN_BC2_R32_EXT_new Skid: 9 Paint : 0.
2026-04-14 19:42:09 ------------------ 
2026-04-14 19:51:27  Vol : HURACAN_BC2_R32_Plastic Skid: 111 Calcul Vol : 110 Color: 35.
2026-04-14 19:51:27  ---------------------------
2026-04-14 19:55:50  Vol : HURACAN_BC2_R32_INT Skid: 66 Calcul Vol : 23 Color: 35.
2026-04-14 19:55:50  ---------------------------
2026-04-14 19:55:56  Vol : HURACAN_BC2_R32_EXT_new Skid: 66 Calcul Vol : 295 Color: 35.
2026-04-14 19:55:56  ---------------------------
2026-04-14 20:11:35 --- Trajectory --- 
2026-04-14 20:11:35 Prog : HURACAN_BC2_R32_Plastic Skid: 111 Paint : 168.
2026-04-14 20:11:35 ------------------ 
2026-04-14 20:17:17 --- Trajectory INT --- 
2026-04-14 20:17:17  HURACAN_BC2_R31_INT " Skid: 66 Paint : 0.
2026-04-14 20:17:17 --- --- 
2026-04-14 20:17:20 --- Trajectory --- 
2026-04-14 20:17:20 Prog : HURACAN_BC2_R32_INT Skid: 66 Paint : 21.
2026-04-14 20:17:20 ------------------ 
2026-04-14 20:19:50 --- Trajectory --- 
2026-04-14 20:19:50 Prog : HURACAN_BC2_R32_EXT_new Skid: 66 Paint : 273.
2026-04-14 20:19:50 ------------------ 
2026-04-14 20:27:36  Vol : URUS_PA2_R32_Plastic Skid: 98 Calcul Vol : 4 Color: 69.
2026-04-14 20:27:36  ---------------------------
2026-04-14 20:30:49  Default Volume : URUS_PA2_BC2_R32_EXT_2026 Skid: 161.
2026-04-14 20:30:51  Vol : URUS_PA2_BC2_R32_EXT_2026 Skid: 161 Calcul Vol : 650 Color: 69.
2026-04-14 20:30:51  ---------------------------
2026-04-14 20:43:50 --- Trajectory --- 
2026-04-14 20:43:50 Prog : HURACAN_BC2_R32_EXT_new Skid: 66 Paint : 0.
2026-04-14 20:43:50 ------------------ 
2026-04-14 20:55:32 --- Trajectory --- 
2026-04-14 20:55:32 Prog : HURACAN_BC2_R32_EXT_new Skid: 66 Paint : 0.
2026-04-14 20:55:32 ------------------ 
2026-04-14 21:12:43  Vol : HURACAN_BC2_R32_INT Skid: 63 Calcul Vol : 18 Color: 18.
2026-04-14 21:12:43  ---------------------------
2026-04-14 21:12:49  Vol : HURACAN_BC2_R32_EXT_new Skid: 63 Calcul Vol : 51 Color: 18.
2026-04-14 21:12:49  ---------------------------
2026-04-14 21:34:53  Vol : URUS_PA2_R32_Plastic Skid: 11 Calcul Vol : 0 Color: 29.
2026-04-14 21:34:53  ---------------------------
2026-04-14 21:38:49 --- Trajectory --- 
2026-04-14 21:38:49 Prog : HURACAN_BC2_R32_INT Skid: 63 Paint : 0.
2026-04-14 21:38:49 ------------------ 
2026-04-14 21:39:43 --- Trajectory --- 
2026-04-14 21:39:43 Prog : HURACAN_BC2_R32_EXT_new Skid: 63 Paint : 43.
2026-04-14 21:39:43 ------------------ 
2026-04-14 21:56:50  Default Volume : URUS_PA2_BC2_R32_EXT_2026 Skid: 230.
2026-04-14 21:56:51  Vol : URUS_PA2_BC2_R32_EXT_2026 Skid: 230 Calcul Vol : 650 Color: 27.
2026-04-14 21:56:51  ---------------------------
2026-04-14 21:57:40 --- Trajectory --- 
2026-04-14 21:57:40 Prog : HURACAN_BC2_R32_EXT_new Skid: 63 Paint : 0.
2026-04-14 21:57:40 ------------------ 
2026-04-14 22:18:32  Vol : URUS_PA2_R32_Plastic Skid: 149 Calcul Vol : 10 Color: 22.
2026-04-14 22:18:32  ---------------------------
2026-04-14 22:28:42  Default Volume : URUS_PA2_BC2_R32_EXT_2026 Skid: 235.
2026-04-14 22:28:43  Vol : URUS_PA2_BC2_R32_EXT_2026 Skid: 235 Calcul Vol : 650 Color: 22.
2026-04-14 22:28:43  ---------------------------
2026-04-14 22:44:50 --- Trajectory --- 
2026-04-14 22:44:50 Prog : HURACAN_BC2_R32_EXT_new Skid: 63 Paint : 0.
2026-04-14 22:44:50 ------------------ 
2026-04-14 22:54:27 --- Trajectory --- 
2026-04-14 22:54:27 Prog : HURACAN_BC2_R32_EXT_new Skid: 63 Paint : 0.
2026-04-14 22:54:27 ------------------ 
2026-04-14 22:58:40 --- Trajectory --- 
2026-04-14 22:58:40 Prog : HURACAN_BC2_R32_EXT_new Skid: 63 Paint : 0.
2026-04-14 22:58:40 ------------------ 
2026-04-14 23:32:16  Vol : URUS_PA2_R32_Plastic Skid: 109 Calcul Vol : 10 Color: 22.
2026-04-14 23:32:16  ---------------------------
2026-04-14 23:36:57  Vol : URUS_PA2_R32_Plastic Skid: 119 Calcul Vol : 10 Color: 41.
2026-04-14 23:36:57  ---------------------------
2026-04-14 23:53:50 --- Trajectory --- 
2026-04-14 23:53:50 Prog : HURACAN_BC2_R32_EXT_new Skid: 63 Paint : 0.
2026-04-14 23:53:50 ------------------ 
2026-04-14 23:57:33 --- Trajectory --- 
2026-04-14 23:57:33 Prog : HURACAN_BC2_R32_EXT_new Skid: 63 Paint : 0.
2026-04-14 23:57:33 ------------------ 
2026-04-15 00:19:23  Vol : HURACAN_BC2_R32_Plastic Skid: 39 Calcul Vol : 63 Color: 29.
2026-04-15 00:19:23  ---------------------------
2026-04-15 00:24:34  Vol : HURACAN_BC2_R32_INT Skid: 133 Calcul Vol : 18 Color: 29.
2026-04-15 00:24:34  ---------------------------
2026-04-15 00:24:40  Vol : HURACAN_BC2_R32_EXT_new Skid: 133 Calcul Vol : 225 Color: 29.
2026-04-15 00:24:40  ---------------------------
2026-04-15 00:31:34  Default Volume : URUS_PA2_BC2_R32_EXT_2026 Skid: 74.
2026-04-15 00:31:35  Vol : URUS_PA2_BC2_R32_EXT_2026 Skid: 74 Calcul Vol : 650 Color: 11.
2026-04-15 00:31:35  ---------------------------
2026-04-15 00:44:29 --- Trajectory --- 
2026-04-15 00:44:29 Prog : HURACAN_BC2_R32_Plastic Skid: 39 Paint : 106.
2026-04-15 00:44:29 ------------------ 
2026-04-15 00:50:28 --- Trajectory INT --- 
2026-04-15 00:50:28  HURACAN_BC2_R31_INT " Skid: 133 Paint : 0.
2026-04-15 00:50:28 --- --- 
2026-04-15 00:50:31 --- Trajectory --- 
2026-04-15 00:50:31 Prog : HURACAN_BC2_R32_INT Skid: 133 Paint : 16.
2026-04-15 00:50:31 ------------------ 
2026-04-15 00:53:01 --- Trajectory --- 
2026-04-15 00:53:01 Prog : HURACAN_BC2_R32_EXT_new Skid: 133 Paint : 202.
2026-04-15 00:53:01 ------------------ 
2026-04-15 00:59:18 --- Trajectory --- 
2026-04-15 00:59:18 Prog : HURACAN_BC2_R32_EXT_new Skid: 133 Paint : 0.
2026-04-15 00:59:18 ------------------ 
2026-04-15 02:11:46  Vol : HURACAN_BC2_R32_INT Skid: 59 Calcul Vol : 29 Color: 9.
2026-04-15 02:11:46  ---------------------------
2026-04-15 02:11:52  Vol : HURACAN_BC2_R32_EXT_new Skid: 59 Calcul Vol : 333 Color: 9.
2026-04-15 02:11:52  ---------------------------
2026-04-15 02:16:35  Default Volume : URUS_PA2_BC2_R32_EXT_2026 Skid: 124.
2026-04-15 02:16:37  Vol : URUS_PA2_BC2_R32_EXT_2026 Skid: 124 Calcul Vol : 650 Color: 13.
2026-04-15 02:16:37  ---------------------------
2026-04-15 02:24:00  Default Volume : URUS_PA2_BC2_R32_EXT_2026 Skid: 33.
2026-04-15 02:24:02  Vol : URUS_PA2_BC2_R32_EXT_2026 Skid: 33 Calcul Vol : 650 Color: 41.
2026-04-15 02:24:02  ---------------------------
2026-04-15 02:33:40 --- Trajectory INT --- 
2026-04-15 02:33:40  HURACAN_BC2_R31_INT " Skid: 59 Paint : 0.
2026-04-15 02:33:40 --- --- 
2026-04-15 02:33:43 --- Trajectory --- 
2026-04-15 02:33:43 Prog : HURACAN_BC2_R32_INT Skid: 59 Paint : 27.
2026-04-15 02:33:43 ------------------ 
2026-04-15 02:35:51 --- Trajectory --- 
2026-04-15 02:35:51 Prog : HURACAN_BC2_R32_EXT_new Skid: 59 Paint : 176.
2026-04-15 02:35:51 ------------------ 
2026-04-15 02:46:49 --- Trajectory --- 
2026-04-15 02:46:49 Prog : HURACAN_BC2_R32_EXT_new Skid: 59 Paint : 0.
2026-04-15 02:46:49 ------------------ 
2026-04-15 02:54:56  Default Volume : URUS_PA2_BC2_R32_EXT_2026 Skid: 150.
2026-04-15 02:54:57  Vol : URUS_PA2_BC2_R32_EXT_2026 Skid: 150 Calcul Vol : 650 Color: 29.
2026-04-15 02:54:57  ---------------------------
2026-04-15 02:55:07 --- Trajectory --- 
2026-04-15 02:55:07 Prog : HURACAN_BC2_R32_EXT_new Skid: 59 Paint : 0.
2026-04-15 02:55:07 ------------------ 
2026-04-15 03:26:33 --- Trajectory --- 
2026-04-15 03:26:33 Prog : HURACAN_BC2_R32_EXT_new Skid: 59 Paint : 0.
2026-04-15 03:26:33 ------------------ 
2026-04-15 03:32:59  Default Volume : URUS_PA2_BC2_R32_EXT_2026 Skid: 20.
2026-04-15 03:33:01  Vol : URUS_PA2_BC2_R32_EXT_2026 Skid: 20 Calcul Vol : 650 Color: 22.
2026-04-15 03:33:01  ---------------------------
2026-04-15 03:53:08  Vol : URUS_PA2_R32_Plastic Skid: 98 Calcul Vol : 10 Color: 34.
2026-04-15 03:53:08  ---------------------------
2026-04-15 03:59:01 --- Trajectory --- 
2026-04-15 03:59:01 Prog : HURACAN_BC2_R32_EXT_new Skid: 59 Paint : 0.
2026-04-15 03:59:01 ------------------ 
2026-04-15 04:15:16 --- Trajectory --- 
2026-04-15 04:15:16 Prog : HURACAN_BC2_R32_EXT_new Skid: 59 Paint : 0.
2026-04-15 04:15:16 ------------------ 
2026-04-15 04:23:25  Vol : HURACAN_BC2_R32_Plastic Skid: 111 Calcul Vol : 99 Color: 32.
2026-04-15 04:23:25  ---------------------------
2026-04-15 04:27:54  Vol : HURACAN_BC2_R32_INT Skid: 60 Calcul Vol : 8 Color: 32.
2026-04-15 04:27:54  ---------------------------
2026-04-15 04:28:00  Vol : HURACAN_BC2_R32_EXT_new Skid: 60 Calcul Vol : 307 Color: 32.
2026-04-15 04:28:00  ---------------------------
2026-04-15 05:56:47 --- Trajectory --- 
2026-04-15 05:56:47 Prog : HURACAN_BC2_R32_Plastic Skid: 15592 Paint : 0.
2026-04-15 05:56:47 ------------------ 
2026-04-15 06:22:43 --- Trajectory --- 
2026-04-15 06:22:43 Prog : HURACAN_BC2_R32_Plastic Skid: 111 Paint : 165.
2026-04-15 06:22:43 ------------------ 
2026-04-15 06:28:55 --- Trajectory INT --- 
2026-04-15 06:28:55  HURACAN_BC2_R31_INT " Skid: 60 Paint : 0.
2026-04-15 06:28:55 --- --- 
2026-04-15 06:28:57 --- Trajectory --- 
2026-04-15 06:28:57 Prog : HURACAN_BC2_R32_INT Skid: 60 Paint : 8.
2026-04-15 06:28:57 ------------------ 
2026-04-15 06:31:27 --- Trajectory --- 
2026-04-15 06:31:27 Prog : HURACAN_BC2_R32_EXT_new Skid: 60 Paint : 286.
2026-04-15 06:31:27 ------------------ 
2026-04-15 09:09:44  Vol : URUS_PA2_R32_Plastic Skid: 67 Calcul Vol : 5 Color: 62.
2026-04-15 09:09:44  ---------------------------
2026-04-15 09:20:13  Vol : URUS_PA2_R32_Plastic Skid: 7 Calcul Vol : 10 Color: 151.
2026-04-15 09:20:13  ---------------------------
2026-04-15 09:23:38  Default Volume : URUS_PA2_BC2_R32_EXT_2026 Skid: 166.
2026-04-15 09:23:39  Vol : URUS_PA2_BC2_R32_EXT_2026 Skid: 166 Calcul Vol : 650 Color: 151.
2026-04-15 09:23:39  ---------------------------
2026-04-15 09:29:54 --- Trajectory --- 
2026-04-15 09:29:54 Prog : HURACAN_BC2_R32_EXT_new Skid: 60 Paint : 0.
2026-04-15 09:29:54 ------------------ 
2026-04-15 09:32:39  Default Volume : URUS_PA2_BC2_R32_EXT_2026 Skid: 57.
2026-04-15 09:32:41  Vol : URUS_PA2_BC2_R32_EXT_2026 Skid: 57 Calcul Vol : 650 Color: 11.
2026-04-15 09:32:41  ---------------------------
2026-04-15 09:41:14 --- Trajectory --- 
2026-04-15 09:41:14 Prog : HURACAN_BC2_R32_EXT_new Skid: 60 Paint : 0.
2026-04-15 09:41:14 ------------------ 
2026-04-15 09:41:42  Vol : HURACAN_BC2_R32_Plastic Skid: 111 Calcul Vol : 114 Color: 33.
2026-04-15 09:41:42  ---------------------------
2026-04-15 09:44:45 --- Trajectory --- 
2026-04-15 09:44:45 Prog : HURACAN_BC2_R32_EXT_new Skid: 60 Paint : 0.
2026-04-15 09:44:45 ------------------ 
2026-04-15 09:45:46 --- Trajectory --- 
2026-04-15 09:45:46 Prog : HURACAN_BC2_R32_EXT_new Skid: 60 Paint : 0.
2026-04-15 09:45:46 ------------------ 
2026-04-15 09:58:16  Default Volume : URUS_PA2_BC2_R32_EXT_2026 Skid: 166.
2026-04-15 09:58:18  Vol : URUS_PA2_BC2_R32_EXT_2026 Skid: 166 Calcul Vol : 650 Color: 151.
2026-04-15 09:58:18  ---------------------------
2026-04-15 10:04:17  Vol : URUS_PA2_R32_Plastic Skid: 102 Calcul Vol : 10 Color: 18.
2026-04-15 10:04:17  ---------------------------
2026-04-15 10:13:36 --- Trajectory --- 
2026-04-15 10:13:36 Prog : HURACAN_BC2_R32_EXT_new Skid: 60 Paint : 0.
2026-04-15 10:13:36 ------------------ 
2026-04-15 10:16:28  Vol : HURACAN_BC2_R32_INT Skid: 60 Calcul Vol : 10 Color: 33.
2026-04-15 10:16:28  ---------------------------
2026-04-15 10:16:34  Vol : HURACAN_BC2_R32_EXT_new Skid: 60 Calcul Vol : 400 Color: 33.
2026-04-15 10:16:34  ---------------------------
2026-04-15 10:19:49 --- Trajectory --- 
2026-04-15 10:19:49 Prog : HURACAN_BC2_R32_EXT_new Skid: 60 Paint : 0.
2026-04-15 10:19:49 ------------------ 
2026-04-15 10:23:43  Vol : URUS_PA2_R32_Plastic Skid: 98 Calcul Vol : 6 Color: 35.
2026-04-15 10:23:43  ---------------------------
2026-04-15 10:41:30 --- Trajectory --- 
2026-04-15 10:41:30 Prog : NOT FOUND Skid: 15 Paint : 0.
2026-04-15 10:41:30 ------------------ 
2026-04-15 10:45:08  Default Volume : URUS_PA2_BC2_R32_EXT_2026 Skid: 68.
2026-04-15 10:45:10  Vol : URUS_PA2_BC2_R32_EXT_2026 Skid: 68 Calcul Vol : 650 Color: 34.
2026-04-15 10:45:10  ---------------------------
2026-04-15 10:49:29  Default Volume : URUS_PA2_BC2_R32_EXT_2026 Skid: 78.
2026-04-15 10:49:30  Vol : URUS_PA2_BC2_R32_EXT_2026 Skid: 78 Calcul Vol : 650 Color: 15.
2026-04-15 10:49:30  ---------------------------
2026-04-15 10:50:25 --- Trajectory INT --- 
2026-04-15 10:50:25  HURACAN_BC2_R31_INT " Skid: 60 Paint : 0.
2026-04-15 10:50:25 --- --- 
2026-04-15 10:50:28 --- Trajectory --- 
2026-04-15 10:50:28 Prog : HURACAN_BC2_R32_INT Skid: 60 Paint : 10.
2026-04-15 10:50:28 ------------------ 
2026-04-15 10:52:57 --- Trajectory --- 
2026-04-15 10:52:57 Prog : HURACAN_BC2_R32_EXT_new Skid: 60 Paint : 380.
2026-04-15 10:52:57 ------------------ 
2026-04-15 10:57:55 --- Trajectory --- 
2026-04-15 10:57:55 Prog : HURACAN_BC2_R32_EXT_new Skid: 60 Paint : 0.
2026-04-15 10:57:55 ------------------ 
2026-04-15 11:02:59 --- Trajectory --- 
2026-04-15 11:02:59 Prog : HURACAN_BC2_R32_EXT_new Skid: 60 Paint : 0.
2026-04-15 11:02:59 ------------------ 
2026-04-15 11:03:02  Vol : URUS_PA2_R32_Plastic Skid: 149 Calcul Vol : 10 Color: 27.
2026-04-15 11:03:02  ---------------------------
2026-04-15 11:08:53 --- Trajectory --- 
2026-04-15 11:08:53 Prog : HURACAN_BC2_R32_EXT_new Skid: 60 Paint : 0.
2026-04-15 11:08:53 ------------------ 
2026-04-15 11:11:54  Vol : HURACAN_BC2_R32_Plastic Skid: 97 Calcul Vol : 174 Color: 62.
2026-04-15 11:11:54  ---------------------------
2026-04-15 11:13:32 --- Trajectory --- 
2026-04-15 11:13:32 Prog : HURACAN_BC2_R32_EXT_new Skid: 60 Paint : 0.
2026-04-15 11:13:32 ------------------ 
2026-04-15 11:15:55  Vol : HURACAN_BC2_R32_INT Skid: 81 Calcul Vol : 39 Color: 62.
2026-04-15 11:15:55  ---------------------------
2026-04-15 11:16:01  Vol : HURACAN_BC2_R32_EXT_new Skid: 81 Calcul Vol : 430 Color: 62.
2026-04-15 11:16:01  ---------------------------
2026-04-15 11:24:53 --- Trajectory --- 
2026-04-15 11:24:53 Prog : HURACAN_BC2_R32_EXT_new Skid: 60 Paint : 0.
2026-04-15 11:24:53 ------------------ 
2026-04-15 11:29:02 --- Trajectory --- 
2026-04-15 11:29:02 Prog : HURACAN_BC2_R32_EXT_new Skid: 60 Paint : 0.
2026-04-15 11:29:03 ------------------ 
2026-04-15 11:30:20 --- Trajectory --- 
2026-04-15 11:30:20 Prog : HURACAN_BC2_R32_EXT_new Skid: 60 Paint : 0.
2026-04-15 11:30:20 ------------------ 
2026-04-15 11:32:54 --- Trajectory --- 
2026-04-15 11:32:54 Prog : HURACAN_BC2_R32_EXT_new Skid: 60 Paint : 0.
2026-04-15 11:32:54 ------------------ 
2026-04-15 11:34:32 --- Trajectory --- 
2026-04-15 11:34:32 Prog : HURACAN_BC2_R32_EXT_new Skid: 60 Paint : 0.
2026-04-15 11:34:32 ------------------ 
2026-04-15 11:36:17 --- Trajectory --- 
2026-04-15 11:36:17 Prog : HURACAN_BC2_R32_EXT_new Skid: 60 Paint : 0.
2026-04-15 11:36:18 ------------------ 
2026-04-15 11:38:55 --- Trajectory --- 
2026-04-15 11:38:55 Prog : HURACAN_BC2_R32_EXT_new Skid: 60 Paint : 0.
2026-04-15 11:38:55 ------------------ 
2026-04-15 11:43:59 --- Trajectory --- 
2026-04-15 11:43:59 Prog : HURACAN_BC2_R32_Plastic Skid: 97 Paint : 282.
2026-04-15 11:43:59 ------------------ 
2026-04-15 11:47:22 --- Trajectory INT --- 
2026-04-15 11:47:22  HURACAN_BC2_R31_INT " Skid: 81 Paint : 0.
2026-04-15 11:47:22 --- --- 
2026-04-15 11:47:25 --- Trajectory --- 
2026-04-15 11:47:25 Prog : HURACAN_BC2_R32_INT Skid: 81 Paint : 38.
2026-04-15 11:47:25 ------------------ 
2026-04-15 11:49:54 --- Trajectory --- 
2026-04-15 11:49:54 Prog : HURACAN_BC2_R32_EXT_new Skid: 81 Paint : 412.
2026-04-15 11:49:54 ------------------ 
2026-04-15 12:46:14  Vol : URUS_PA2_R32_Plastic Skid: 11 Calcul Vol : 7 Color: 34.
2026-04-15 12:46:14  ---------------------------
2026-04-15 13:08:19 --- Trajectory --- 
2026-04-15 13:08:19 Prog : HURACAN_BC2_R32_EXT_new Skid: 81 Paint : 0.
2026-04-15 13:08:19 ------------------ 
2026-04-15 13:29:09 --- Trajectory --- 
2026-04-15 13:29:09 Prog : HURACAN_BC2_R32_EXT_new Skid: 81 Paint : 0.
2026-04-15 13:29:09 ------------------ 
2026-04-15 13:52:51 --- Trajectory --- 
2026-04-15 13:52:51 Prog : HURACAN_BC2_R32_EXT_new Skid: 81 Paint : 0.
2026-04-15 13:52:51 ------------------ 
2026-04-15 14:03:17  Vol : URUS_PA2_R32_Plastic Skid: 109 Calcul Vol : 10 Color: 29.
2026-04-15 14:03:17  ---------------------------
2026-04-15 14:18:34  Default Volume : URUS_PA2_BC2_R32_EXT_2026 Skid: 5.
2026-04-15 14:18:36  Vol : URUS_PA2_BC2_R32_EXT_2026 Skid: 5 Calcul Vol : 650 Color: 62.
2026-04-15 14:18:36  ---------------------------
2026-04-15 14:40:36 --- Trajectory --- 
2026-04-15 14:40:36 Prog : HURACAN_BC2_R32_EXT_new Skid: 81 Paint : 0.
2026-04-15 14:40:36 ------------------ 
2026-04-15 14:44:51  Default Volume : URUS_PA2_BC2_R32_EXT_2026 Skid: 68.
2026-04-15 14:44:52  Vol : URUS_PA2_BC2_R32_EXT_2026 Skid: 68 Calcul Vol : 650 Color: 35.
2026-04-15 14:44:52  ---------------------------
2026-04-15 14:54:48 --- Trajectory --- 
2026-04-15 14:54:48 Prog : HURACAN_BC2_R32_EXT_new Skid: 81 Paint : 0.
2026-04-15 14:54:48 ------------------ 
2026-04-15 14:57:02  Default Volume : URUS_PA2_BC2_R32_EXT_2026 Skid: 212.
2026-04-15 14:57:03  Vol : URUS_PA2_BC2_R32_EXT_2026 Skid: 212 Calcul Vol : 650 Color: 145.
2026-04-15 14:57:03  ---------------------------
2026-04-15 15:12:39 --- Trajectory --- 
2026-04-15 15:12:39 Prog : HURACAN_BC2_R32_EXT_new Skid: 81 Paint : 0.
2026-04-15 15:12:39 ------------------ 
2026-04-15 15:21:25 --- Trajectory --- 
2026-04-15 15:21:25 Prog : HURACAN_BC2_R32_EXT_new Skid: 81 Paint : 0.
2026-04-15 15:21:25 ------------------ 
2026-04-15 15:30:27  Vol : URUS_PA2_R32_Plastic Skid: 186 Calcul Vol : 10 Color: 27.
2026-04-15 15:30:27  ---------------------------
2026-04-15 15:35:26  Vol : URUS_PA2_R32_Plastic Skid: 102 Calcul Vol : 10 Color: 41.
2026-04-15 15:35:26  ---------------------------
2026-04-15 15:51:08 --- Trajectory --- 
2026-04-15 15:51:08 Prog : HURACAN_BC2_R32_EXT_new Skid: 81 Paint : 0.
2026-04-15 15:51:08 ------------------ 
2026-04-15 15:57:30  Default Volume : URUS_PA2_BC2_R32_EXT_2026 Skid: 21.
2026-04-15 15:57:32  Vol : URUS_PA2_BC2_R32_EXT_2026 Skid: 21 Calcul Vol : 650 Color: 9.
2026-04-15 15:57:32  ---------------------------
2026-04-15 15:57:39 --- Trajectory --- 
2026-04-15 15:57:39 Prog : HURACAN_BC2_R32_EXT_new Skid: 81 Paint : 0.
2026-04-15 15:57:39 ------------------ 
2026-04-15 16:11:22  Vol : HURACAN_BC2_R32_Plastic Skid: 37 Calcul Vol : 63 Color: 53.
2026-04-15 16:11:22  ---------------------------
2026-04-15 16:26:30 --- Trajectory --- 
2026-04-15 16:26:30 Prog : HURACAN_BC2_R32_EXT_new Skid: 81 Paint : 0.
2026-04-15 16:26:30 ------------------ 
2026-04-15 16:31:26  Default Volume : URUS_PA2_BC2_R32_EXT_2026 Skid: 197.
2026-04-15 16:31:28  Vol : URUS_PA2_BC2_R32_EXT_2026 Skid: 197 Calcul Vol : 650 Color: 9.
2026-04-15 16:31:28  ---------------------------
2026-04-15 16:37:17 --- Trajectory --- 
2026-04-15 16:37:17 Prog : HURACAN_BC2_R32_Plastic Skid: 37 Paint : 123.
2026-04-15 16:37:17 ------------------ 
2026-04-15 16:46:48  Default Volume : URUS_PA2_BC2_R32_EXT_2026 Skid: 168.
2026-04-15 16:46:50  Vol : URUS_PA2_BC2_R32_EXT_2026 Skid: 168 Calcul Vol : 650 Color: 18.
2026-04-15 16:46:50  ---------------------------
2026-04-15 16:56:15  Vol : HURACAN_BC2_R32_Plastic Skid: 45 Calcul Vol : 90 Color: 102.
2026-04-15 16:56:15  ---------------------------
2026-04-15 17:04:37  Vol : HURACAN_BC2_R32_INT Skid: 233 Calcul Vol : 28 Color: 102.
2026-04-15 17:04:37  ---------------------------
2026-04-15 17:04:43  Vol : HURACAN_BC2_R32_EXT_new Skid: 233 Calcul Vol : 317 Color: 102.
2026-04-15 17:04:43  ---------------------------
2026-04-15 17:08:10 --- Trajectory --- 
2026-04-15 17:08:10 Prog : HURACAN_BC2_R32_Plastic Skid: 37 Paint : 0.
2026-04-15 17:08:10 ------------------ 
2026-04-15 17:22:46 --- Trajectory --- 
2026-04-15 17:22:46 Prog : HURACAN_BC2_R32_Plastic Skid: 37 Paint : 0.
2026-04-15 17:22:46 ------------------ 
2026-04-15 17:30:47 --- Trajectory --- 
2026-04-15 17:30:47 Prog : HURACAN_BC2_R32_Plastic Skid: 45 Paint : 149.
2026-04-15 17:30:47 ------------------ 
2026-04-15 17:34:02 --- Trajectory INT --- 
2026-04-15 17:34:02  HURACAN_BC2_R31_INT " Skid: 233 Paint : 0.
2026-04-15 17:34:02 --- --- 
2026-04-15 17:34:05 --- Trajectory --- 
2026-04-15 17:34:05 Prog : HURACAN_BC2_R32_INT Skid: 233 Paint : 27.
2026-04-15 17:34:05 ------------------ 
2026-04-15 17:36:34 --- Trajectory --- 
2026-04-15 17:36:34 Prog : HURACAN_BC2_R32_EXT_new Skid: 233 Paint : 297.
2026-04-15 17:36:34 ------------------ 
2026-04-15 17:50:26  Default Volume : URUS_PA2_BC2_R32_EXT_2026 Skid: 167.
2026-04-15 17:50:27  Vol : URUS_PA2_BC2_R32_EXT_2026 Skid: 167 Calcul Vol : 650 Color: 27.
2026-04-15 17:50:27  ---------------------------
2026-04-15 18:21:02 --- Trajectory --- 
2026-04-15 18:21:02 Prog : HURACAN_BC2_R32_EXT_new Skid: 233 Paint : 0.
2026-04-15 18:21:02 ------------------ 
2026-04-15 18:35:43  Vol : HURACAN_BC2_R32_INT Skid: 120 Calcul Vol : 23 Color: 53.
2026-04-15 18:35:43  ---------------------------
2026-04-15 18:35:49  Vol : HURACAN_BC2_R32_EXT_new Skid: 120 Calcul Vol : 273 Color: 53.
2026-04-15 18:35:49  ---------------------------
2026-04-15 18:38:49  Default Volume : URUS_PA2_BC2_R32_EXT_2026 Skid: 153.
2026-04-15 18:38:51  Vol : URUS_PA2_BC2_R32_EXT_2026 Skid: 153 Calcul Vol : 650 Color: 34.
2026-04-15 18:38:51  ---------------------------
2026-04-15 18:50:20  Default Volume : URUS_PA2_BC2_R32_EXT_2026 Skid: 212.
2026-04-15 18:50:21  Vol : URUS_PA2_BC2_R32_EXT_2026 Skid: 212 Calcul Vol : 650 Color: 146.
2026-04-15 18:50:21  ---------------------------
2026-04-15 18:57:33 --- Trajectory INT --- 
2026-04-15 18:57:33  HURACAN_BC2_R31_INT " Skid: 120 Paint : 0.
2026-04-15 18:57:33 --- --- 
2026-04-15 18:57:36 --- Trajectory --- 
2026-04-15 18:57:36 Prog : HURACAN_BC2_R32_INT Skid: 120 Paint : 21.
2026-04-15 18:57:36 ------------------ 
2026-04-15 18:59:42  Default Volume : URUS_PA2_BC2_R32_EXT_2026 Skid: 161.
2026-04-15 18:59:44  Vol : URUS_PA2_BC2_R32_EXT_2026 Skid: 161 Calcul Vol : 650 Color: 13.
2026-04-15 18:59:44  ---------------------------
2026-04-15 19:00:05 --- Trajectory --- 
2026-04-15 19:00:05 Prog : HURACAN_BC2_R32_EXT_new Skid: 120 Paint : 251.
2026-04-15 19:00:05 ------------------ 
2026-04-15 19:05:00 --- Trajectory --- 
2026-04-15 19:05:00 Prog : HURACAN_BC2_R32_EXT_new Skid: 120 Paint : 0.
2026-04-15 19:05:00 ------------------ 
2026-04-15 19:13:31 --- Trajectory --- 
2026-04-15 19:13:31 Prog : HURACAN_BC2_R32_EXT_new Skid: 120 Paint : 0.
2026-04-15 19:13:31 ------------------ 
2026-04-15 19:27:57 --- Trajectory --- 
2026-04-15 19:27:57 Prog : HURACAN_BC2_R32_EXT_new Skid: 120 Paint : 0.
2026-04-15 19:27:57 ------------------ 
2026-04-15 19:54:49  Default Volume : URUS_PA2_BC2_R32_EXT_2026 Skid: 9.
2026-04-15 19:54:51  Vol : URUS_PA2_BC2_R32_EXT_2026 Skid: 9 Calcul Vol : 650 Color: 41.
2026-04-15 19:54:51  ---------------------------
2026-04-15 20:06:32  Default Volume : URUS_PA2_BC2_R32_EXT_2026 Skid: 61.
2026-04-15 20:06:33  Vol : URUS_PA2_BC2_R32_EXT_2026 Skid: 61 Calcul Vol : 650 Color: 29.
2026-04-15 20:06:33  ---------------------------
2026-04-15 20:16:19  Vol : HURACAN_BC2_R32_INT Skid: 193 Calcul Vol : 20 Color: 15.
2026-04-15 20:16:19  ---------------------------
2026-04-15 20:16:25  Vol : HURACAN_BC2_R32_EXT_new Skid: 193 Calcul Vol : 230 Color: 15.
2026-04-15 20:16:25  ---------------------------
2026-04-15 20:19:03 --- Trajectory --- 
2026-04-15 20:19:03 Prog : HURACAN_BC2_R32_EXT_new Skid: 120 Paint : 0.
2026-04-15 20:19:03 ------------------ 
2026-04-15 20:28:06  Vol : URUS_PA2_R32_Plastic Skid: 149 Calcul Vol : 3 Color: 27.
2026-04-15 20:28:06  ---------------------------
2026-04-15 20:30:44 --- Trajectory --- 
2026-04-15 20:30:44 Prog : HURACAN_BC2_R32_EXT_new Skid: 120 Paint : 0.
2026-04-15 20:30:44 ------------------ 
2026-04-15 20:36:16 --- Trajectory INT --- 
2026-04-15 20:36:16  HURACAN_BC2_R31_INT " Skid: 193 Paint : 0.
2026-04-15 20:36:16 --- --- 
2026-04-15 20:36:19 --- Trajectory --- 
2026-04-15 20:36:19 Prog : HURACAN_BC2_R32_INT Skid: 193 Paint : 18.
2026-04-15 20:36:19 ------------------ 
2026-04-15 20:38:27 --- Trajectory --- 
2026-04-15 20:38:27 Prog : HURACAN_BC2_R32_EXT_new Skid: 193 Paint : 116.
2026-04-15 20:38:27 ------------------ 
2026-04-15 20:50:30 --- Trajectory --- 
2026-04-15 20:50:30 Prog : HURACAN_BC2_R32_EXT_new Skid: 193 Paint : 0.
2026-04-15 20:50:30 ------------------ 
2026-04-15 22:30:10  Vol : URUS_PA2_R32_Plastic Skid: 11 Calcul Vol : 10 Color: 35.
2026-04-15 22:30:10  ---------------------------
2026-04-15 22:39:07  Default Volume : URUS_PA2_BC2_R32_EXT_2026 Skid: 153.
2026-04-15 22:39:09  Vol : URUS_PA2_BC2_R32_EXT_2026 Skid: 153 Calcul Vol : 650 Color: 35.
2026-04-15 22:39:09  ---------------------------
2026-04-15 22:56:50 --- Trajectory --- 
2026-04-15 22:56:50 Prog : HURACAN_BC2_R32_EXT_new Skid: 193 Paint : 0.
2026-04-15 22:56:50 ------------------ 
2026-04-15 23:01:00  Vol : URUS_PA2_R32_Plastic Skid: 98 Calcul Vol : 10 Color: 34.
2026-04-15 23:01:00  ---------------------------
2026-04-15 23:10:01 --- Trajectory --- 
2026-04-15 23:10:01 Prog : HURACAN_BC2_R32_EXT_new Skid: 193 Paint : 0.
2026-04-15 23:10:01 ------------------ 
2026-04-15 23:17:21  Default Volume : URUS_PA2_BC2_R32_EXT_2026 Skid: 152.
2026-04-15 23:17:23  Vol : URUS_PA2_BC2_R32_EXT_2026 Skid: 152 Calcul Vol : 650 Color: 12.
2026-04-15 23:17:23  ---------------------------
2026-04-15 23:21:42 --- Trajectory --- 
2026-04-15 23:21:42 Prog : HURACAN_BC2_R32_EXT_new Skid: 193 Paint : 0.
2026-04-15 23:21:42 ------------------ 
2026-04-15 23:47:55 --- Trajectory --- 
2026-04-15 23:47:55 Prog : HURACAN_BC2_R32_EXT_new Skid: 193 Paint : 0.
2026-04-15 23:47:55 ------------------ 
2026-04-16 00:15:51  Vol : HURACAN_BC2_R32_Plastic Skid: 97 Calcul Vol : 116 Color: 22.
2026-04-16 00:15:51  ---------------------------
2026-04-16 00:22:21  Vol : HURACAN_BC2_R32_INT Skid: 86 Calcul Vol : 19 Color: 22.
2026-04-16 00:22:21  ---------------------------
2026-04-16 00:22:27  Vol : HURACAN_BC2_R32_EXT_new Skid: 86 Calcul Vol : 377 Color: 22.
2026-04-16 00:22:27  ---------------------------
2026-04-16 00:36:57  Vol : URUS_PA2_R32_Plastic Skid: 109 Calcul Vol : 6 Color: 145.
2026-04-16 00:36:57  ---------------------------
2026-04-16 00:39:54 --- Trajectory --- 
2026-04-16 00:39:54 Prog : HURACAN_BC2_R32_Plastic Skid: 97 Paint : 161.
2026-04-16 00:39:54 ------------------ 
2026-04-16 00:42:43  Default Volume : URUS_PA2_BC2_R32_EXT_2026 Skid: 150.
2026-04-16 00:42:45  Vol : URUS_PA2_BC2_R32_EXT_2026 Skid: 150 Calcul Vol : 650 Color: 145.
2026-04-16 00:42:45  ---------------------------
2026-04-16 00:48:45 --- Trajectory INT --- 
2026-04-16 00:48:45  HURACAN_BC2_R31_INT " Skid: 86 Paint : 0.
2026-04-16 00:48:45 --- --- 
2026-04-16 00:48:48 --- Trajectory --- 
2026-04-16 00:48:48 Prog : HURACAN_BC2_R32_INT Skid: 86 Paint : 17.
2026-04-16 00:48:48 ------------------ 
2026-04-16 00:51:17 --- Trajectory --- 
2026-04-16 00:51:17 Prog : HURACAN_BC2_R32_EXT_new Skid: 86 Paint : 357.
2026-04-16 00:51:17 ------------------ 
2026-04-16 01:02:09 --- Trajectory --- 
2026-04-16 01:02:09 Prog : HURACAN_BC2_R32_EXT_new Skid: 86 Paint : 0.
2026-04-16 01:02:09 ------------------ 
2026-04-16 01:09:48 --- Trajectory --- 
2026-04-16 01:09:48 Prog : HURACAN_BC2_R32_EXT_new Skid: 86 Paint : 0.
2026-04-16 01:09:48 ------------------ 
2026-04-16 01:55:30  Vol : URUS_PA2_R32_Plastic Skid: 98 Calcul Vol : 10 Color: 35.
2026-04-16 01:55:30  ---------------------------
2026-04-16 02:00:22  Default Volume : URUS_PA2_BC2_R32_EXT_2026 Skid: 206.
2026-04-16 02:00:24  Vol : URUS_PA2_BC2_R32_EXT_2026 Skid: 206 Calcul Vol : 650 Color: 27.
2026-04-16 02:00:24  ---------------------------
2026-04-16 02:12:26  Vol : URUS_PA2_R32_Plastic Skid: 11 Calcul Vol : 10 Color: 34.
2026-04-16 02:12:26  ---------------------------
2026-04-16 02:17:35 --- Trajectory --- 
2026-04-16 02:17:35 Prog : HURACAN_BC2_R32_EXT_new Skid: 86 Paint : 0.
2026-04-16 02:17:35 ------------------ 
2026-04-16 02:20:01  Default Volume : URUS_PA2_BC2_R32_EXT_2026 Skid: 208.
2026-04-16 02:20:03  Vol : URUS_PA2_BC2_R32_EXT_2026 Skid: 208 Calcul Vol : 650 Color: 10.
2026-04-16 02:20:03  ---------------------------
2026-04-16 02:29:04 --- Trajectory --- 
2026-04-16 02:29:04 Prog : HURACAN_BC2_R32_EXT_new Skid: 86 Paint : 0.
2026-04-16 02:29:04 ------------------ 
2026-04-16 02:36:21 --- Trajectory --- 
2026-04-16 02:36:21 Prog : HURACAN_BC2_R32_EXT_new Skid: 86 Paint : 0.
2026-04-16 02:36:21 ------------------ 
2026-04-16 02:54:18 --- Trajectory --- 
2026-04-16 02:54:18 Prog : HURACAN_BC2_R32_EXT_new Skid: 86 Paint : 0.
2026-04-16 02:54:18 ------------------ 
2026-04-16 04:10:38  Vol : URUS_PA2_R32_Plastic Skid: 64 Calcul Vol : 10 Color: 39.
2026-04-16 04:10:38  ---------------------------
2026-04-16 04:17:02  Vol : URUS_PA2_R32_Plastic Skid: 7 Calcul Vol : 10 Color: 29.
2026-04-16 04:17:02  ---------------------------
2026-04-16 04:24:50  Vol : URUS_PA2_R32_Plastic Skid: 109 Calcul Vol : 10 Color: 146.
2026-04-16 04:24:51  ---------------------------
2026-04-16 04:30:22  Default Volume : URUS_PA2_BC2_R32_EXT_2026 Skid: 150.
2026-04-16 04:30:24  Vol : URUS_PA2_BC2_R32_EXT_2026 Skid: 150 Calcul Vol : 650 Color: 146.
2026-04-16 04:30:24  ---------------------------
2026-04-16 04:34:29 --- Trajectory --- 
2026-04-16 04:34:29 Prog : HURACAN_BC2_R32_EXT_new Skid: 86 Paint : 0.
2026-04-16 04:34:29 ------------------ 
2026-04-16 04:40:47 --- Trajectory --- 
2026-04-16 04:40:47 Prog : HURACAN_BC2_R32_EXT_new Skid: 86 Paint : 0.
2026-04-16 04:40:47 ------------------ 
2026-04-16 05:44:44 --- Trajectory --- 
2026-04-16 05:44:44 Prog : HURACAN_BC2_R32_Plastic Skid: 15605 Paint : 42.
2026-04-16 05:44:44 ------------------ 
2026-04-16 06:18:11 --- Trajectory --- 
2026-04-16 06:18:11 Prog : HURACAN_BC2_R32_Plastic Skid: 15605 Paint : 0.
2026-04-16 06:18:11 ------------------ 
2026-04-16 06:30:17 --- Trajectory --- 
2026-04-16 06:30:17 Prog : HURACAN_BC2_R32_Plastic Skid: 15605 Paint : 0.
2026-04-16 06:30:17 ------------------ 
2026-04-16 06:48:39  Vol : URUS_PA2_R32_Plastic Skid: 11 Calcul Vol : 10 Color: 35.
2026-04-16 06:48:39  ---------------------------
2026-04-16 08:32:48  Default Volume : URUS_PA2_BC2_R32_EXT_2026 Skid: 167.
2026-04-16 08:32:50  Vol : URUS_PA2_BC2_R32_EXT_2026 Skid: 167 Calcul Vol : 650 Color: 11.
2026-04-16 08:32:50  ---------------------------
2026-04-16 08:47:57  Default Volume : URUS_PA2_BC2_R32_EXT_2026 Skid: 20.
2026-04-16 08:47:58  Vol : URUS_PA2_BC2_R32_EXT_2026 Skid: 20 Calcul Vol : 650 Color: 29.
2026-04-16 08:47:58  ---------------------------
2026-04-16 08:52:30  Vol : URUS_PA2_R32_Plastic Skid: 11 Calcul Vol : 10 Color: 35.
2026-04-16 08:52:30  ---------------------------
2026-04-16 08:56:25 --- Trajectory --- 
2026-04-16 08:56:25 Prog : HURACAN_BC2_R32_Plastic Skid: 15605 Paint : 0.
2026-04-16 08:56:25 ------------------ 
2026-04-16 09:11:54 --- Trajectory --- 
2026-04-16 09:11:54 Prog : HURACAN_BC2_R32_Plastic Skid: 15605 Paint : 0.
2026-04-16 09:11:54 ------------------ 
2026-04-16 09:15:48 --- Trajectory --- 
2026-04-16 09:15:48 Prog : HURACAN_BC2_R32_Plastic Skid: 15605 Paint : 0.
2026-04-16 09:15:48 ------------------ 
2026-04-16 09:40:54  Vol : URUS_PA2_R32_Plastic Skid: 102 Calcul Vol : 10 Color: 53.
2026-04-16 09:40:54  ---------------------------
2026-04-16 09:50:44  Vol : URUS_PA2_R32_Plastic Skid: 149 Calcul Vol : 10 Color: 34.
2026-04-16 09:50:44  ---------------------------
2026-04-16 10:05:38  Default Volume : URUS_PA2_BC2_R32_EXT_2026 Skid: 202.
2026-04-16 10:05:40  Vol : URUS_PA2_BC2_R32_EXT_2026 Skid: 202 Calcul Vol : 650 Color: 39.
2026-04-16 10:05:40  ---------------------------
2026-04-16 10:11:42 --- Trajectory --- 
2026-04-16 10:11:42 Prog : HURACAN_BC2_R32_Plastic Skid: 15605 Paint : 0.
2026-04-16 10:11:42 ------------------ 
2026-04-16 10:18:59 --- Trajectory --- 
2026-04-16 10:18:59 Prog : HURACAN_BC2_R32_Plastic Skid: 15605 Paint : 0.
2026-04-16 10:18:59 ------------------ 
2026-04-16 10:36:45 --- Trajectory --- 
2026-04-16 10:36:45 Prog : HURACAN_BC2_R32_Plastic Skid: 15605 Paint : 0.
2026-04-16 10:36:45 ------------------ 
2026-04-16 10:53:10  Vol : URUS_PA2_R32_Plastic Skid: 119 Calcul Vol : 10 Color: 27.
2026-04-16 10:53:10  ---------------------------
2026-04-16 11:15:04 --- Trajectory --- 
2026-04-16 11:15:04 Prog : HURACAN_BC2_R32_Plastic Skid: 15605 Paint : 0.
2026-04-16 11:15:04 ------------------ 
2026-04-16 11:22:42  Default Volume : URUS_PA2_BC2_R32_EXT_2026 Skid: 24.
2026-04-16 11:22:44  Vol : URUS_PA2_BC2_R32_EXT_2026 Skid: 24 Calcul Vol : 650 Color: 15.
2026-04-16 11:22:44  ---------------------------
2026-04-16 11:26:03 --- Trajectory --- 
2026-04-16 11:26:03 Prog : HURACAN_BC2_R32_Plastic Skid: 15605 Paint : 0.
2026-04-16 11:26:03 ------------------ 
2026-04-16 11:42:32  Vol : HURACAN_BC2_R32_Plastic Skid: 45 Calcul Vol : 63 Color: 29.
2026-04-16 11:42:32  ---------------------------
2026-04-16 11:46:47 --- Trajectory --- 
2026-04-16 11:46:47 Prog : HURACAN_BC2_R32_Plastic Skid: 15605 Paint : 0.
2026-04-16 11:46:47 ------------------ 
2026-04-16 11:59:21 --- Trajectory --- 
2026-04-16 11:59:21 Prog : HURACAN_BC2_R32_Plastic Skid: 45 Paint : 106.
2026-04-16 11:59:21 ------------------ 
2026-04-16 12:12:15 --- Trajectory --- 
2026-04-16 12:12:15 Prog : HURACAN_BC2_R32_Plastic Skid: 45 Paint : 0.
2026-04-16 12:12:15 ------------------ 
2026-04-16 12:16:14  Vol : URUS_PA2SPORT_R32_EXT Skid: 21 Calcul Vol : 372 Color: 26.
2026-04-16 12:16:14  ---------------------------
2026-04-16 12:20:52  Default Volume : URUS_PA2_BC2_R32_EXT_2026 Skid: 204.
2026-04-16 12:20:53  Vol : URUS_PA2_BC2_R32_EXT_2026 Skid: 204 Calcul Vol : 650 Color: 53.
2026-04-16 12:20:53  ---------------------------
2026-04-16 12:32:16  Vol : HURACAN_BC2_R32_INT Skid: 168 Calcul Vol : 18 Color: 29.
2026-04-16 12:32:16  ---------------------------
2026-04-16 12:32:22  Vol : HURACAN_BC2_R32_EXT_new Skid: 168 Calcul Vol : 225 Color: 29.
2026-04-16 12:32:22  ---------------------------
2026-04-16 12:40:17 --- Trajectory --- 
2026-04-16 12:40:17 Prog : HURACAN_BC2_R32_Plastic Skid: 45 Paint : 0.
2026-04-16 12:40:17 ------------------ 
2026-04-16 12:44:16 --- Trajectory --- 
2026-04-16 12:44:16 Prog : URUS_PA2SPORT_R32_EXT Skid: 21 Paint : 330.
2026-04-16 12:44:16 ------------------ 
2026-04-16 12:47:07  Vol : URUS_PA2_R32_Plastic Skid: 98 Calcul Vol : 3 Color: 102.
2026-04-16 12:47:07  ---------------------------
2026-04-16 12:58:42 --- Trajectory --- 
2026-04-16 12:58:42 Prog : URUS_PA2SPORT_R32_EXT Skid: 21 Paint : 0.
2026-04-16 12:58:42 ------------------ 
2026-04-16 13:05:30 --- Trajectory INT --- 
2026-04-16 13:05:30  HURACAN_BC2_R31_INT " Skid: 168 Paint : 0.
2026-04-16 13:05:30 --- --- 
2026-04-16 13:05:33 --- Trajectory --- 
2026-04-16 13:05:33 Prog : HURACAN_BC2_R32_INT Skid: 168 Paint : 16.
2026-04-16 13:05:33 ------------------ 
2026-04-16 13:08:02 --- Trajectory --- 
2026-04-16 13:08:02 Prog : HURACAN_BC2_R32_EXT_new Skid: 168 Paint : 202.
2026-04-16 13:08:02 ------------------ 
2026-04-16 13:10:58  Vol : URUS_PA2_R32_Plastic Skid: 149 Calcul Vol : 10 Color: 35.
2026-04-16 13:10:58  ---------------------------
2026-04-16 13:11:00 --- Trajectory --- 
2026-04-16 13:11:00 Prog : HURACAN_BC2_R32_EXT_new Skid: 168 Paint : 0.
2026-04-16 13:11:00 ------------------ 
2026-04-16 13:13:44  Vol : HURACAN_BC2_R32_Plastic Skid: 157 Calcul Vol : 75 Color: 18.
2026-04-16 13:13:44  ---------------------------
2026-04-16 13:18:04  Vol : HURACAN_BC2_R32_INT Skid: 139 Calcul Vol : 18 Color: 18.
2026-04-16 13:18:04  ---------------------------
2026-04-16 13:18:10  Vol : HURACAN_BC2_R32_EXT_new Skid: 139 Calcul Vol : 212 Color: 18.
2026-04-16 13:18:10  ---------------------------
2026-04-16 13:31:18 --- Trajectory --- 
2026-04-16 13:31:18 Prog : HURACAN_BC2_R32_EXT_new Skid: 168 Paint : 0.
2026-04-16 13:31:18 ------------------ 
2026-04-16 13:51:22 --- Trajectory --- 
2026-04-16 13:51:22 Prog : HURACAN_BC2_R32_Plastic Skid: 157 Paint : 118.
2026-04-16 13:51:22 ------------------ 
2026-04-16 13:56:10 --- Trajectory INT --- 
2026-04-16 13:56:10  HURACAN_BC2_R31_INT " Skid: 139 Paint : 0.
2026-04-16 13:56:10 --- --- 
2026-04-16 13:56:13 --- Trajectory --- 
2026-04-16 13:56:13 Prog : HURACAN_BC2_R32_INT Skid: 139 Paint : 16.
2026-04-16 13:56:13 ------------------ 
2026-04-16 13:58:42 --- Trajectory --- 
2026-04-16 13:58:42 Prog : HURACAN_BC2_R32_EXT_new Skid: 139 Paint : 188.
2026-04-16 13:58:42 ------------------ 
2026-04-16 14:06:10  Default Volume : URUS_PA2_BC2_R32_EXT_2026 Skid: 80.
2026-04-16 14:06:12  Vol : URUS_PA2_BC2_R32_EXT_2026 Skid: 80 Calcul Vol : 650 Color: 34.
2026-04-16 14:06:12  ---------------------------
2026-04-16 14:46:38  Vol : URUS_PA2_R32_Plastic Skid: 7 Calcul Vol : 10 Color: 18.
2026-04-16 14:46:38  ---------------------------
2026-04-16 15:06:18 --- Trajectory --- 
2026-04-16 15:06:18 Prog : HURACAN_BC2_R32_EXT_new Skid: 139 Paint : 0.
2026-04-16 15:06:18 ------------------ 
2026-04-16 15:08:46 --- Trajectory --- 
2026-04-16 15:08:46 Prog : HURACAN_BC2_R32_EXT_new Skid: 139 Paint : 0.
2026-04-16 15:08:46 ------------------ 
2026-04-16 15:10:04 --- Trajectory --- 
2026-04-16 15:10:04 Prog : HURACAN_BC2_R32_EXT_new Skid: 139 Paint : 0.
2026-04-16 15:10:04 ------------------ 
2026-04-16 15:12:39 --- Trajectory --- 
2026-04-16 15:12:39 Prog : HURACAN_BC2_R32_EXT_new Skid: 139 Paint : 0.
2026-04-16 15:12:39 ------------------ 
2026-04-16 15:14:52 --- Trajectory --- 
2026-04-16 15:14:52 Prog : HURACAN_BC2_R32_EXT_new Skid: 139 Paint : 0.
2026-04-16 15:14:52 ------------------ 
2026-04-16 15:19:15 --- Trajectory --- 
2026-04-16 15:19:15 Prog : HURACAN_BC2_R32_EXT_new Skid: 139 Paint : 0.
2026-04-16 15:19:15 ------------------ 
2026-04-16 15:24:44 --- Trajectory --- 
2026-04-16 15:24:44 Prog : HURACAN_BC2_R32_EXT_new Skid: 139 Paint : 0.
2026-04-16 15:24:44 ------------------ 
2026-04-16 15:35:44 --- Trajectory --- 
2026-04-16 15:35:44 Prog : HURACAN_BC2_R32_EXT_new Skid: 139 Paint : 0.
2026-04-16 15:35:44 ------------------ 
2026-04-16 15:51:28 --- Trajectory --- 
2026-04-16 15:51:28 Prog : HURACAN_BC2_R32_EXT_new Skid: 139 Paint : 0.
2026-04-16 15:51:28 ------------------ 
2026-04-16 16:40:32  Vol : HURACAN_BC2_R32_INT Skid: 12 Calcul Vol : 26 Color: 134.
2026-04-16 16:40:32  ---------------------------
2026-04-16 16:40:38  Vol : HURACAN_BC2_R32_EXT_new Skid: 12 Calcul Vol : 333 Color: 134.
2026-04-16 16:40:38  ---------------------------
2026-04-16 16:52:26  Vol : URUS_PA2_R32_Plastic Skid: 64 Calcul Vol : 5 Color: 41.
2026-04-16 16:52:26  ---------------------------
2026-04-16 16:57:19  Vol : URUS_PA2_R32_Plastic Skid: 222 Calcul Vol : 10 Color: 97.
2026-04-16 16:57:19  ---------------------------
2026-04-16 17:07:29 --- Trajectory INT --- 
2026-04-16 17:07:29  HURACAN_BC2_R31_INT " Skid: 12 Paint : 0.
2026-04-16 17:07:29 --- --- 
2026-04-16 17:07:32 --- Trajectory --- 
2026-04-16 17:07:32 Prog : HURACAN_BC2_R32_INT Skid: 12 Paint : 25.
2026-04-16 17:07:32 ------------------ 
2026-04-16 17:10:38 --- Trajectory --- 
2026-04-16 17:10:38 Prog : HURACAN_BC2_R32_EXT_new Skid: 12 Paint : 153.
2026-04-16 17:10:38 ------------------ 
2026-04-16 17:14:43 --- Trajectory --- 
2026-04-16 17:14:43 Prog : HURACAN_BC2_R32_EXT_new Skid: 12 Paint : 0.
2026-04-16 17:14:43 ------------------ 
2026-04-16 17:18:59 --- Trajectory --- 
2026-04-16 17:18:59 Prog : HURACAN_BC2_R32_EXT_new Skid: 12 Paint : 0.
2026-04-16 17:18:59 ------------------ 
2026-04-16 17:23:43 --- Trajectory --- 
2026-04-16 17:23:43 Prog : HURACAN_BC2_R32_EXT_new Skid: 12 Paint : 0.
2026-04-16 17:23:43 ------------------ 
2026-04-16 17:29:25  Default Volume : URUS_PA2_BC2_R32_EXT_2026 Skid: 244.
2026-04-16 17:29:27  Vol : URUS_PA2_BC2_R32_EXT_2026 Skid: 244 Calcul Vol : 650 Color: 20.
2026-04-16 17:29:27  ---------------------------
2026-04-16 17:31:28  Vol : URUS_PA2_R32_Plastic Skid: 253 Calcul Vol : 10 Color: 20.
2026-04-16 17:31:28  ---------------------------
2026-04-16 17:55:03 --- Trajectory --- 
2026-04-16 17:55:03 Prog : HURACAN_BC2_R32_EXT_new Skid: 12 Paint : 0.
2026-04-16 17:55:03 ------------------ 
2026-04-16 17:57:57 --- Trajectory --- 
2026-04-16 17:57:57 Prog : HURACAN_BC2_R32_EXT_new Skid: 12 Paint : 0.
2026-04-16 17:57:57 ------------------ 
2026-04-16 18:06:10  Vol : URUS_PA2_R32_Plastic Skid: 119 Calcul Vol : 10 Color: 27.
2026-04-16 18:06:10  ---------------------------
2026-04-16 18:20:50  Vol : HURACAN_BC2_R32_Plastic Skid: 45 Calcul Vol : 99 Color: 27.
2026-04-16 18:20:50  ---------------------------
2026-04-16 18:23:09 --- Trajectory --- 
2026-04-16 18:23:09 Prog : HURACAN_BC2_R32_EXT_new Skid: 12 Paint : 0.
2026-04-16 18:23:09 ------------------ 
2026-04-16 18:35:16  Default Volume : URUS_PA2_BC2_R32_EXT_2026 Skid: 80.
2026-04-16 18:35:18  Vol : URUS_PA2_BC2_R32_EXT_2026 Skid: 80 Calcul Vol : 650 Color: 35.
2026-04-16 18:35:18  ---------------------------
2026-04-16 18:57:29 --- Trajectory --- 
2026-04-16 18:57:29 Prog : HURACAN_BC2_R32_Plastic Skid: 45 Paint : 165.
2026-04-16 18:57:29 ------------------ 
2026-04-16 19:00:08  Vol : HURACAN_BC2_R32_Plastic Skid: 37 Calcul Vol : 19 Color: 22.
2026-04-16 19:00:08  ---------------------------
2026-04-16 19:08:09 --- Trajectory --- 
2026-04-16 19:08:09 Prog : HURACAN_BC2_R32_Plastic Skid: 45 Paint : 0.
2026-04-16 19:08:09 ------------------ 
2026-04-16 19:16:28 --- Trajectory --- 
2026-04-16 19:16:28 Prog : HURACAN_BC2_R32_Plastic Skid: 37 Paint : 20.
2026-04-16 19:16:28 ------------------ 
2026-04-16 19:19:07  Vol : HURACAN_BC2_R32_INT Skid: 163 Calcul Vol : 24 Color: 27.
2026-04-16 19:19:07  ---------------------------
2026-04-16 19:19:13  Vol : HURACAN_BC2_R32_EXT_new Skid: 163 Calcul Vol : 293 Color: 27.
2026-04-16 19:19:13  ---------------------------
2026-04-16 19:29:05  Default Volume : URUS_PA2_BC2_R32_EXT_2026 Skid: 74.
2026-04-16 19:29:06  Vol : URUS_PA2_BC2_R32_EXT_2026 Skid: 74 Calcul Vol : 650 Color: 102.
2026-04-16 19:29:06  ---------------------------
2026-04-16 19:35:29  Default Volume : URUS_PA2_BC2_R32_EXT_2026 Skid: 116.
2026-04-16 19:35:31  Vol : URUS_PA2_BC2_R32_EXT_2026 Skid: 116 Calcul Vol : 650 Color: 27.
2026-04-16 19:35:31  ---------------------------
2026-04-16 19:42:21 --- Trajectory INT --- 
2026-04-16 19:42:21  HURACAN_BC2_R31_INT " Skid: 163 Paint : 0.
2026-04-16 19:42:21 --- --- 
2026-04-16 19:42:23 --- Trajectory --- 
2026-04-16 19:42:23 Prog : HURACAN_BC2_R32_INT Skid: 163 Paint : 23.
2026-04-16 19:42:23 ------------------ 
2026-04-16 19:44:53 --- Trajectory --- 
2026-04-16 19:44:53 Prog : HURACAN_BC2_R32_EXT_new Skid: 163 Paint : 271.
2026-04-16 19:44:53 ------------------ 
2026-04-16 19:55:29 --- Trajectory --- 
2026-04-16 19:55:29 Prog : HURACAN_BC2_R32_EXT_new Skid: 163 Paint : 0.
2026-04-16 19:55:29 ------------------ 
2026-04-16 20:05:10 --- Trajectory --- 
2026-04-16 20:05:10 Prog : HURACAN_BC2_R32_EXT_new Skid: 163 Paint : 0.
2026-04-16 20:05:10 ------------------ 
2026-04-16 20:12:10  Vol : HURACAN_BC2_R32_INT Skid: 14 Calcul Vol : 19 Color: 22.
2026-04-16 20:12:10  ---------------------------
2026-04-16 20:12:16  Vol : HURACAN_BC2_R32_EXT_new Skid: 14 Calcul Vol : 376 Color: 22.
2026-04-16 20:12:16  ---------------------------
2026-04-16 20:16:44  Default Volume : URUS_PA2_BC2_R32_EXT_2026 Skid: 120.
2026-04-16 20:16:45  Vol : URUS_PA2_BC2_R32_EXT_2026 Skid: 120 Calcul Vol : 650 Color: 12.
2026-04-16 20:16:45  ---------------------------
2026-04-16 20:36:32  Default Volume : URUS_PA2_BC2_R32_EXT_2026 Skid: 230.
2026-04-16 20:36:34  Vol : URUS_PA2_BC2_R32_EXT_2026 Skid: 230 Calcul Vol : 650 Color: 41.
2026-04-16 20:36:34  ---------------------------
2026-04-16 20:42:34 --- Trajectory INT --- 
2026-04-16 20:42:34  HURACAN_BC2_R31_INT " Skid: 14 Paint : 0.
2026-04-16 20:42:34 --- --- 
2026-04-16 20:42:37 --- Trajectory --- 
2026-04-16 20:42:37 Prog : HURACAN_BC2_R32_INT Skid: 14 Paint : 17.
2026-04-16 20:42:37 ------------------ 
2026-04-16 20:45:06 --- Trajectory --- 
2026-04-16 20:45:06 Prog : HURACAN_BC2_R32_EXT_new Skid: 14 Paint : 357.
2026-04-16 20:45:06 ------------------ 
2026-04-16 20:49:31 --- Trajectory --- 
2026-04-16 20:49:31 Prog : HURACAN_BC2_R32_EXT_new Skid: 14 Paint : 0.
2026-04-16 20:49:31 ------------------ 
2026-04-16 21:03:34 --- Trajectory --- 
2026-04-16 21:03:34 Prog : HURACAN_BC2_R32_EXT_new Skid: 14 Paint : 0.
2026-04-16 21:03:34 ------------------ 
2026-04-16 21:45:17  Default Volume : URUS_PA2_BC2_R32_EXT_2026 Skid: 197.
2026-04-16 21:45:19  Vol : URUS_PA2_BC2_R32_EXT_2026 Skid: 197 Calcul Vol : 650 Color: 18.
2026-04-16 21:45:19  ---------------------------
2026-04-16 22:00:01  Default Volume : URUS_PA2_BC2_R32_EXT_2026 Skid: 166.
2026-04-16 22:00:02  Vol : URUS_PA2_BC2_R32_EXT_2026 Skid: 166 Calcul Vol : 650 Color: 12.
2026-04-16 22:00:02  ---------------------------
2026-04-16 22:05:16  Default Volume : URUS_PA2_BC2_R32_EXT_2026 Skid: 5.
2026-04-16 22:05:17  Vol : URUS_PA2_BC2_R32_EXT_2026 Skid: 5 Calcul Vol : 650 Color: 97.
2026-04-16 22:05:17  ---------------------------
2026-04-16 22:14:38 --- Trajectory --- 
2026-04-16 22:14:38 Prog : HURACAN_BC2_R32_EXT_new Skid: 14 Paint : 0.
2026-04-16 22:14:38 ------------------ 
2026-04-16 22:24:27  Default Volume : URUS_PA2_BC2_R32_EXT_2026 Skid: 245.
2026-04-16 22:24:29  Vol : URUS_PA2_BC2_R32_EXT_2026 Skid: 245 Calcul Vol : 650 Color: 18.
2026-04-16 22:24:29  ---------------------------
2026-04-16 22:33:12  Vol : HURACAN_BC2_R32_Plastic Skid: 157 Calcul Vol : 0 Color: 18.
2026-04-16 22:33:12  ---------------------------
2026-04-16 23:06:51  Default Volume : URUS_PA2_BC2_R32_EXT_2026 Skid: 138.
2026-04-16 23:06:53  Vol : URUS_PA2_BC2_R32_EXT_2026 Skid: 138 Calcul Vol : 650 Color: 9.
2026-04-16 23:06:53  ---------------------------
2026-04-16 23:10:26 --- Trajectory --- 
2026-04-16 23:10:26 Prog : HURACAN_BC2_R32_EXT_new Skid: 14 Paint : 0.
2026-04-16 23:10:26 ------------------ 
2026-04-16 23:15:54 --- Trajectory --- 
2026-04-16 23:15:54 Prog : HURACAN_BC2_R32_EXT_new Skid: 14 Paint : 0.
2026-04-16 23:15:54 ------------------ 
2026-04-16 23:24:42 --- Trajectory --- 
2026-04-16 23:24:42 Prog : HURACAN_BC2_R32_EXT_new Skid: 14 Paint : 0.
2026-04-16 23:24:42 ------------------ 
2026-04-16 23:26:57 --- Trajectory --- 
2026-04-16 23:26:57 Prog : HURACAN_BC2_R32_Plastic Skid: 157 Paint : 46.
2026-04-16 23:26:57 ------------------ 
2026-04-16 23:37:47 --- Trajectory --- 
2026-04-16 23:37:47 Prog : HURACAN_BC2_R32_Plastic Skid: 157 Paint : 0.
2026-04-16 23:37:47 ------------------ 
2026-04-16 23:48:48  Vol : URUS_PA2_R32_Plastic Skid: 11 Calcul Vol : 10 Color: 67.
2026-04-16 23:48:48  ---------------------------
2026-04-17 00:11:01 --- Trajectory --- 
2026-04-17 00:11:01 Prog : HURACAN_BC2_R32_Plastic Skid: 157 Paint : 0.
2026-04-17 00:11:01 ------------------ 
2026-04-17 00:33:29  Vol : URUS_PA2_R32_Plastic Skid: 7 Calcul Vol : 10 Color: 50.
2026-04-17 00:33:29  ---------------------------
2026-04-17 00:48:57  Vol : URUS_PA2_R32_Plastic Skid: 109 Calcul Vol : 10 Color: 79.
2026-04-17 00:48:57  ---------------------------
2026-04-17 00:57:30 --- Trajectory --- 
2026-04-17 00:57:30 Prog : HURACAN_BC2_R32_Plastic Skid: 157 Paint : 0.
2026-04-17 00:57:30 ------------------ 
2026-04-17 01:08:16 --- Trajectory --- 
2026-04-17 01:08:16 Prog : HURACAN_BC2_R32_Plastic Skid: 157 Paint : 0.
2026-04-17 01:08:16 ------------------ 
2026-04-17 02:21:35  Default Volume : URUS_PA2_BC2_R32_EXT_2026 Skid: 206.
2026-04-17 02:21:36  Vol : URUS_PA2_BC2_R32_EXT_2026 Skid: 206 Calcul Vol : 650 Color: 9.
2026-04-17 02:21:36  ---------------------------
2026-04-17 02:47:23 --- Trajectory --- 
2026-04-17 02:47:23 Prog : HURACAN_BC2_R32_Plastic Skid: 157 Paint : 0.
2026-04-17 02:47:23 ------------------ 
2026-04-17 03:21:16  Vol : URUS_PA2_R32_Plastic Skid: 98 Calcul Vol : 10 Color: 99.
2026-04-17 03:21:16  ---------------------------
2026-04-17 03:26:23  Default Volume : URUS_PA2_BC2_R32_EXT_2026 Skid: 52.
2026-04-17 03:26:25  Vol : URUS_PA2_BC2_R32_EXT_2026 Skid: 52 Calcul Vol : 650 Color: 99.
2026-04-17 03:26:25  ---------------------------
2026-04-17 03:45:58 --- Trajectory --- 
2026-04-17 03:45:58 Prog : HURACAN_BC2_R32_Plastic Skid: 157 Paint : 0.
2026-04-17 03:45:58 ------------------ 
2026-04-17 03:46:59  Default Volume : URUS_PA2_BC2_R32_EXT_2026 Skid: 66.
2026-04-17 03:47:01  Vol : URUS_PA2_BC2_R32_EXT_2026 Skid: 66 Calcul Vol : 650 Color: 67.
2026-04-17 03:47:01  ---------------------------
2026-04-17 03:51:57 --- Trajectory --- 
2026-04-17 03:51:57 Prog : HURACAN_BC2_R32_Plastic Skid: 157 Paint : 0.
2026-04-17 03:51:57 ------------------ 
2026-04-17 04:13:56 --- Trajectory --- 
2026-04-17 04:13:56 Prog : HURACAN_BC2_R32_Plastic Skid: 157 Paint : 0.
2026-04-17 04:13:56 ------------------ 
2026-04-17 04:28:17  Vol : URUS_PA2_R32_Plastic Skid: 7 Calcul Vol : 10 Color: 51.
2026-04-17 04:28:17  ---------------------------
2026-04-17 05:31:14 --- Trajectory --- 
2026-04-17 05:31:14 Prog : HURACAN_BC2_R32_Plastic Skid: 15609 Paint : 91.
2026-04-17 05:31:14 ------------------ 
2026-04-17 06:27:42 --- Trajectory --- 
2026-04-17 06:27:42 Prog : HURACAN_BC2_R32_Plastic Skid: 15609 Paint : 0.
2026-04-17 06:27:42 ------------------ 
2026-04-17 07:10:05  Default Volume : URUS_PA2_BC2_R32_EXT_2026 Skid: 208.
2026-04-17 07:10:06  Vol : URUS_PA2_BC2_R32_EXT_2026 Skid: 208 Calcul Vol : 650 Color: 79.
2026-04-17 07:10:06  ---------------------------
2026-04-17 07:36:57 --- Trajectory --- 
2026-04-17 07:36:57 Prog : HURACAN_BC2_R32_Plastic Skid: 15609 Paint : 0.
2026-04-17 07:36:57 ------------------ 
2026-04-17 07:49:34  Default Volume : URUS_PA2_BC2_R32_EXT_2026 Skid: 167.
2026-04-17 07:49:36  Vol : URUS_PA2_BC2_R32_EXT_2026 Skid: 167 Calcul Vol : 650 Color: 50.
2026-04-17 07:49:36  ---------------------------
2026-04-17 07:54:05  Vol : HURACAN_BC2_R32_Plastic Skid: 111 Calcul Vol : 93 Color: 85.
2026-04-17 07:54:05  ---------------------------
2026-04-17 07:58:49  Vol : HURACAN_BC2_R32_INT Skid: 161 Calcul Vol : 24 Color: 85.
2026-04-17 07:58:49  ---------------------------
2026-04-17 07:58:55  Vol : HURACAN_BC2_R32_EXT_new Skid: 161 Calcul Vol : 287 Color: 85.
2026-04-17 07:58:55  ---------------------------
2026-04-17 08:16:26 --- Trajectory --- 
2026-04-17 08:16:26 Prog : HURACAN_BC2_R32_Plastic Skid: 15609 Paint : 0.
2026-04-17 08:16:26 ------------------ 
2026-04-17 08:20:13 --- Trajectory --- 
2026-04-17 08:20:13 Prog : HURACAN_BC2_R32_Plastic Skid: 111 Paint : 165.
2026-04-17 08:20:13 ------------------ 
2026-04-17 08:23:05 --- Trajectory INT --- 
2026-04-17 08:23:05  HURACAN_BC2_R31_INT " Skid: 161 Paint : 0.
2026-04-17 08:23:05 --- --- 
2026-04-17 08:23:08 --- Trajectory --- 
2026-04-17 08:23:08 Prog : HURACAN_BC2_R32_INT Skid: 161 Paint : 24.
2026-04-17 08:23:08 ------------------ 
2026-04-17 08:25:37 --- Trajectory --- 
2026-04-17 08:25:37 Prog : HURACAN_BC2_R32_EXT_new Skid: 161 Paint : 281.
2026-04-17 08:25:37 ------------------ 
2026-04-17 08:31:46  Vol : URUS_PA2_R32_Plastic Skid: 102 Calcul Vol : 4 Color: 105.
2026-04-17 08:31:46  ---------------------------
2026-04-17 08:35:26  Default Volume : URUS_PA2_BC2_R32_EXT_2026 Skid: 131.
2026-04-17 08:35:27  Vol : URUS_PA2_BC2_R32_EXT_2026 Skid: 131 Calcul Vol : 650 Color: 105.
2026-04-17 08:35:27  ---------------------------
2026-04-17 08:53:32 --- Trajectory --- 
2026-04-17 08:53:32 Prog : HURACAN_BC2_R32_EXT_new Skid: 161 Paint : 0.
2026-04-17 08:53:32 ------------------ 
2026-04-17 08:56:48  Vol : HURACAN_BC2_R32_INT Skid: 156 Calcul Vol : 20 Color: 15.
2026-04-17 08:56:48  ---------------------------
2026-04-17 08:56:54  Vol : HURACAN_BC2_R32_EXT_new Skid: 156 Calcul Vol : 230 Color: 15.
2026-04-17 08:56:54  ---------------------------
2026-04-17 08:58:57 --- Trajectory --- 
2026-04-17 08:58:57 Prog : HURACAN_BC2_R32_EXT_new Skid: 161 Paint : 0.
2026-04-17 08:58:57 ------------------ 
2026-04-17 09:15:19 --- Trajectory INT --- 
2026-04-17 09:15:19  HURACAN_BC2_R31_INT " Skid: 156 Paint : 0.
2026-04-17 09:15:19 --- --- 
2026-04-17 09:15:22 --- Trajectory --- 
2026-04-17 09:15:22 Prog : HURACAN_BC2_R32_INT Skid: 156 Paint : 18.
2026-04-17 09:15:22 ------------------ 
2026-04-17 09:17:52 --- Trajectory --- 
2026-04-17 09:17:52 Prog : HURACAN_BC2_R32_EXT_new Skid: 156 Paint : 207.
2026-04-17 09:17:52 ------------------ 
2026-04-17 10:21:56  Vol : URUS_PA2_R32_Plastic Skid: 42 Calcul Vol : 0 Color: 106.
2026-04-17 10:21:56  ---------------------------
2026-04-17 10:25:09  Default Volume : URUS_PA2_BC2_R32_EXT_2026 Skid: 122.
2026-04-17 10:25:10  Vol : URUS_PA2_BC2_R32_EXT_2026 Skid: 122 Calcul Vol : 650 Color: 106.
2026-04-17 10:25:10  ---------------------------
2026-04-17 10:36:56  Vol : HURACAN_BC2_R32_INT Skid: 12 Calcul Vol : 26 Color: 135.
2026-04-17 10:36:56  ---------------------------
2026-04-17 10:37:02  Vol : HURACAN_BC2_R32_EXT_new Skid: 12 Calcul Vol : 333 Color: 135.
2026-04-17 10:37:02  ---------------------------
2026-04-17 10:54:56 --- Trajectory --- 
2026-04-17 10:54:56 Prog : HURACAN_BC2_R32_EXT_new Skid: 156 Paint : 0.
2026-04-17 10:54:56 ------------------ 
2026-04-17 10:59:07 --- Trajectory --- 
2026-04-17 10:59:07 Prog : HURACAN_BC2_R32_EXT_new Skid: 156 Paint : 0.
2026-04-17 10:59:07 ------------------ 
2026-04-17 11:01:31 --- Trajectory INT --- 
2026-04-17 11:01:31  HURACAN_BC2_R31_INT " Skid: 12 Paint : 0.
2026-04-17 11:01:31 --- --- 
2026-04-17 11:01:34 --- Trajectory --- 
2026-04-17 11:01:34 Prog : HURACAN_BC2_R32_INT Skid: 12 Paint : 25.
2026-04-17 11:01:34 ------------------ 
2026-04-17 11:03:43 --- Trajectory --- 
2026-04-17 11:03:43 Prog : HURACAN_BC2_R32_EXT_new Skid: 12 Paint : 153.
2026-04-17 11:03:43 ------------------ 
2026-04-17 11:15:04 --- Trajectory --- 
2026-04-17 11:15:04 Prog : HURACAN_BC2_R32_EXT_new Skid: 12 Paint : 0.
2026-04-17 11:15:04 ------------------ 
2026-04-17 11:37:04  Vol : HURACAN_BC2_R32_INT Skid: 160 Calcul Vol : 30 Color: 16.
2026-04-17 11:37:04  ---------------------------
2026-04-17 11:37:09  Default Volume : HURACAN_SP_BC2_R32_EXT Skid: 160.
2026-04-17 11:37:10  Vol : HURACAN_SP_BC2_R32_EXT Skid: 160 Calcul Vol : 650 Color: 16.
2026-04-17 11:37:10  ---------------------------
2026-04-17 11:59:23  Vol : HURACAN_BC2_R32_INT Skid: 160 Calcul Vol : 30 Color: 16.
2026-04-17 11:59:23  ---------------------------
2026-04-17 11:59:29  Default Volume : HURACAN_SP_BC2_R32_EXT Skid: 160.
2026-04-17 11:59:30  Vol : HURACAN_SP_BC2_R32_EXT Skid: 160 Calcul Vol : 650 Color: 16.
2026-04-17 11:59:30  ---------------------------
2026-04-17 12:08:42  Default Volume : URUS_PA2_BC2_R32_EXT_2026 Skid: 167.
2026-04-17 12:08:44  Vol : URUS_PA2_BC2_R32_EXT_2026 Skid: 167 Calcul Vol : 650 Color: 51.
2026-04-17 12:08:44  ---------------------------
2026-04-17 12:27:29 --- Trajectory INT --- 
2026-04-17 12:27:29  HURACAN_BC2_R31_INT " Skid: 160 Paint : 0.
2026-04-17 12:27:29 --- --- 
2026-04-17 12:27:32 --- Trajectory --- 
2026-04-17 12:27:32 Prog : HURACAN_BC2_R32_INT Skid: 160 Paint : 29.
2026-04-17 12:27:32 ------------------ 
2026-04-17 12:30:35 --- Trajectory --- 
2026-04-17 12:30:35 Prog : HURACAN_SP_BC2_R32_EXT Skid: 160 Paint : 371.
2026-04-17 12:30:35 ------------------ 
2026-04-17 12:38:54 --- Trajectory --- 
2026-04-17 12:38:54 Prog : HURACAN_SP_BC2_R32_EXT Skid: 160 Paint : 0.
2026-04-17 12:38:54 ------------------ 
2026-04-17 15:12:04 --- Trajectory --- 
2026-04-17 15:12:04 Prog : HURACAN_SP_BC2_R32_EXT Skid: 160 Paint : 0.
2026-04-17 15:12:04 ------------------ 
2026-04-17 16:09:36 --- Trajectory --- 
2026-04-17 16:09:36 Prog : HURACAN_SP_BC2_R32_EXT Skid: 160 Paint : 0.
2026-04-17 16:09:36 ------------------ 
2026-04-17 16:24:07 --- Trajectory --- 
2026-04-17 16:24:07 Prog : HURACAN_SP_BC2_R32_EXT Skid: 160 Paint : 0.
2026-04-17 16:24:07 ------------------ 
2026-04-17 16:39:57 --- Trajectory --- 
2026-04-17 16:39:57 Prog : HURACAN_SP_BC2_R32_EXT Skid: 160 Paint : 0.
2026-04-17 16:39:57 ------------------ 
2026-04-17 16:49:49 --- Trajectory --- 
2026-04-17 16:49:49 Prog : HURACAN_SP_BC2_R32_EXT Skid: 160 Paint : 0.
2026-04-17 16:49:49 ------------------ 
2026-04-20 03:55:21 --- Trajectory --- 
2026-04-20 03:55:21 Prog : HURACAN_BC2_R32_EXT_new Skid: 15612 Paint : 271.
2026-04-20 03:55:21 ------------------ 
2026-04-20 06:21:28  Default Volume : URUS_PA2_BC2_R32_EXT_2026 Skid: 9.
2026-04-20 06:21:30  Vol : URUS_PA2_BC2_R32_EXT_2026 Skid: 9 Calcul Vol : 650 Color: 16.
2026-04-20 06:21:30  ---------------------------
2026-04-20 06:44:17  Vol : URUS_PA2_R32_Plastic Skid: 149 Calcul Vol : 10 Color: 18.
2026-04-20 06:44:17  ---------------------------
2026-04-20 06:47:43 --- Trajectory --- 
2026-04-20 06:47:43 Prog : HURACAN_BC2_R32_EXT_new Skid: 15612 Paint : 0.
2026-04-20 06:47:43 ------------------ 
2026-04-20 06:48:36  Vol : URUS_PA2_R32_Plastic Skid: 98 Calcul Vol : 10 Color: 68.
2026-04-20 06:48:36  ---------------------------
2026-04-20 06:54:20  Default Volume : URUS_PA2_BC2_R32_EXT_2026 Skid: 237.
2026-04-20 06:54:21  Vol : URUS_PA2_BC2_R32_EXT_2026 Skid: 237 Calcul Vol : 650 Color: 68.
2026-04-20 06:54:21  ---------------------------
2026-04-20 07:00:23 --- Trajectory --- 
2026-04-20 07:00:23 Prog : HURACAN_BC2_R32_EXT_new Skid: 15612 Paint : 0.
2026-04-20 07:00:23 ------------------ 
2026-04-20 07:08:06 --- Trajectory --- 
2026-04-20 07:08:06 Prog : HURACAN_BC2_R32_EXT_new Skid: 15612 Paint : 0.
2026-04-20 07:08:06 ------------------ 
2026-04-20 07:16:40 --- Trajectory --- 
2026-04-20 07:16:40 Prog : HURACAN_BC2_R32_EXT_new Skid: 15612 Paint : 0.
2026-04-20 07:16:40 ------------------ 
2026-04-20 10:13:20  Vol : URUS_PA2_R32_Plastic Skid: 102 Calcul Vol : 10 Color: 27.
2026-04-20 10:13:20  ---------------------------
2026-04-20 10:31:45 --- Trajectory --- 
2026-04-20 10:31:45 Prog : HURACAN_BC2_R32_EXT_new Skid: 15612 Paint : 0.
2026-04-20 10:31:45 ------------------ 
2026-04-20 11:02:17  Default Volume : URUS_PA2_BC2_R32_EXT_2026 Skid: 133.
2026-04-20 11:02:18  Vol : URUS_PA2_BC2_R32_EXT_2026 Skid: 133 Calcul Vol : 650 Color: 13.
2026-04-20 11:02:18  ---------------------------
2026-04-20 11:21:03  Vol : URUS_PA2_R32_Plastic Skid: 98 Calcul Vol : 10 Color: 69.
2026-04-20 11:21:03  ---------------------------
2026-04-20 11:24:21  Default Volume : URUS_PA2_BC2_R32_EXT_2026 Skid: 237.
2026-04-20 11:24:23  Vol : URUS_PA2_BC2_R32_EXT_2026 Skid: 237 Calcul Vol : 650 Color: 69.
2026-04-20 11:24:23  ---------------------------
2026-04-20 11:29:15 --- Trajectory --- 
2026-04-20 11:29:15 Prog : HURACAN_BC2_R32_EXT_new Skid: 15612 Paint : 0.
2026-04-20 11:29:15 ------------------ 
2026-04-20 11:35:45  Vol : URUS_PA2_R32_Plastic Skid: 11 Calcul Vol : 10 Color: 99.
2026-04-20 11:35:45  ---------------------------
2026-04-20 11:42:24  Default Volume : URUS_PA2_BC2_R32_EXT_2026 Skid: 193.
2026-04-20 11:42:25  Vol : URUS_PA2_BC2_R32_EXT_2026 Skid: 193 Calcul Vol : 650 Color: 99.
2026-04-20 11:42:25  ---------------------------
2026-04-20 11:55:46  Vol : HURACAN_BC2_R32_INT Skid: 156 Calcul Vol : 22 Color: 53.
2026-04-20 11:55:46  ---------------------------
2026-04-20 11:55:52  Vol : HURACAN_BC2_R32_EXT_new Skid: 156 Calcul Vol : 273 Color: 53.
2026-04-20 11:55:52  ---------------------------
2026-04-20 11:56:41 --- Trajectory --- 
2026-04-20 11:56:41 Prog : HURACAN_BC2_R32_EXT_new Skid: 15612 Paint : 0.
2026-04-20 11:56:41 ------------------ 
2026-04-20 12:04:56 --- Trajectory --- 
2026-04-20 12:04:56 Prog : HURACAN_BC2_R32_EXT_new Skid: 15612 Paint : 0.
2026-04-20 12:04:56 ------------------ 
2026-04-20 12:09:36  Default Volume : URUS_PA2_BC2_R32_EXT_2026 Skid: 212.
2026-04-20 12:09:38  Vol : URUS_PA2_BC2_R32_EXT_2026 Skid: 212 Calcul Vol : 650 Color: 137.
2026-04-20 12:09:38  ---------------------------
2026-04-20 12:11:12 --- Trajectory --- 
2026-04-20 12:11:12 Prog : HURACAN_BC2_R32_EXT_new Skid: 15612 Paint : 0.
2026-04-20 12:11:12 ------------------ 
2026-04-20 12:17:56 --- Trajectory --- 
2026-04-20 12:17:56 Prog : HURACAN_BC2_R32_EXT_new Skid: 15612 Paint : 0.
2026-04-20 12:17:56 ------------------ 
2026-04-20 12:19:19  Default Volume : URUS_PA2_BC2_R32_EXT_2026 Skid: 206.
2026-04-20 12:19:21  Vol : URUS_PA2_BC2_R32_EXT_2026 Skid: 206 Calcul Vol : 650 Color: 15.
2026-04-20 12:19:21  ---------------------------
2026-04-20 12:20:55 --- Trajectory INT --- 
2026-04-20 12:20:55  HURACAN_BC2_R31_INT " Skid: 156 Paint : 0.
2026-04-20 12:20:55 --- --- 
2026-04-20 12:20:58 --- Trajectory --- 
2026-04-20 12:20:58 Prog : HURACAN_BC2_R32_INT Skid: 156 Paint : 21.
2026-04-20 12:20:58 ------------------ 
2026-04-20 12:23:28 --- Trajectory --- 
2026-04-20 12:23:28 Prog : HURACAN_BC2_R32_EXT_new Skid: 156 Paint : 251.
2026-04-20 12:23:28 ------------------ 
2026-04-20 12:29:09  Vol : HURACAN_BC2_R32_Plastic Skid: 46 Calcul Vol : 90 Color: 102.
2026-04-20 12:29:09  ---------------------------
2026-04-20 12:32:17 --- Trajectory --- 
2026-04-20 12:32:17 Prog : HURACAN_BC2_R32_EXT_new Skid: 156 Paint : 0.
2026-04-20 12:32:17 ------------------ 
2026-04-20 12:35:33  Vol : HURACAN_BC2_R32_INT Skid: 52 Calcul Vol : 28 Color: 102.
2026-04-20 12:35:33  ---------------------------
2026-04-20 12:35:39  Vol : HURACAN_BC2_R32_EXT_new Skid: 52 Calcul Vol : 317 Color: 102.
2026-04-20 12:35:39  ---------------------------
2026-04-20 12:51:43 --- Trajectory --- 
2026-04-20 12:51:43 Prog : HURACAN_BC2_R32_EXT_new Skid: 156 Paint : 0.
2026-04-20 12:51:43 ------------------ 
2026-04-20 12:59:39 --- Trajectory --- 
2026-04-20 12:59:39 Prog : HURACAN_BC2_R32_Plastic Skid: 46 Paint : 149.
2026-04-20 12:59:39 ------------------ 
2026-04-20 13:03:06 --- Trajectory INT --- 
2026-04-20 13:03:06  HURACAN_BC2_R31_INT " Skid: 52 Paint : 0.
2026-04-20 13:03:06 --- --- 
2026-04-20 13:03:09 --- Trajectory --- 
2026-04-20 13:03:09 Prog : HURACAN_BC2_R32_INT Skid: 52 Paint : 27.
2026-04-20 13:03:09 ------------------ 
2026-04-20 13:05:38 --- Trajectory --- 
2026-04-20 13:05:38 Prog : HURACAN_BC2_R32_EXT_new Skid: 52 Paint : 297.
2026-04-20 13:05:38 ------------------ 
2026-04-20 13:13:30  Default Volume : URUS_PA2_BC2_R32_EXT_2026 Skid: 68.
2026-04-20 13:13:31  Vol : URUS_PA2_BC2_R32_EXT_2026 Skid: 68 Calcul Vol : 650 Color: 13.
2026-04-20 13:13:31  ---------------------------
2026-04-20 13:38:19 --- Trajectory --- 
2026-04-20 13:38:19 Prog : HURACAN_BC2_R32_EXT_new Skid: 52 Paint : 0.
2026-04-20 13:38:19 ------------------ 
2026-04-20 14:04:58  Vol : URUS_PA2_R32_Plastic Skid: 67 Calcul Vol : 10 Color: 20.
2026-04-20 14:04:58  ---------------------------
2026-04-20 14:24:13 --- Trajectory --- 
2026-04-20 14:24:13 Prog : HURACAN_BC2_R32_EXT_new Skid: 52 Paint : 0.
2026-04-20 14:24:13 ------------------ 
2026-04-20 14:48:50  Default Volume : URUS_PA2_BC2_R32_EXT_2026 Skid: 244.
2026-04-20 14:48:52  Vol : URUS_PA2_BC2_R32_EXT_2026 Skid: 244 Calcul Vol : 650 Color: 27.
2026-04-20 14:48:52  ---------------------------
2026-04-20 15:08:10  Vol : URUS_PA2_R32_Plastic Skid: 102 Calcul Vol : 10 Color: 27.
2026-04-20 15:08:10  ---------------------------
2026-04-20 15:20:03 --- Trajectory --- 
2026-04-20 15:20:03 Prog : HURACAN_BC2_R32_EXT_new Skid: 52 Paint : 0.
2026-04-20 15:20:03 ------------------ 
2026-04-20 15:27:35 --- Trajectory --- 
2026-04-20 15:27:35 Prog : HURACAN_BC2_R32_EXT_new Skid: 52 Paint : 0.
2026-04-20 15:27:35 ------------------ 
2026-04-20 16:26:59 --- Trajectory --- 
2026-04-20 16:26:59 Prog : HURACAN_BC2_R32_EXT_new Skid: 52 Paint : 0.
2026-04-20 16:26:59 ------------------ 
2026-04-20 16:36:05  Vol : URUS_PA2_R32_Plastic Skid: 7 Calcul Vol : 10 Color: 34.
2026-04-20 16:36:05  ---------------------------
2026-04-20 16:41:18  Default Volume : URUS_PA2_BC2_R32_EXT_2026 Skid: 138.
2026-04-20 16:41:20  Vol : URUS_PA2_BC2_R32_EXT_2026 Skid: 138 Calcul Vol : 650 Color: 34.
2026-04-20 16:41:20  ---------------------------
2026-04-20 16:46:21  Default Volume : URUS_PA2_BC2_R32_EXT_2026 Skid: 49.
2026-04-20 16:46:23  Vol : URUS_PA2_BC2_R32_EXT_2026 Skid: 49 Calcul Vol : 650 Color: 18.
2026-04-20 16:46:23  ---------------------------
2026-04-20 16:58:43 --- Trajectory --- 
2026-04-20 16:58:43 Prog : HURACAN_BC2_R32_EXT_new Skid: 52 Paint : 0.
2026-04-20 16:58:43 ------------------ 
2026-04-20 17:08:18 --- Trajectory --- 
2026-04-20 17:08:18 Prog : HURACAN_BC2_R32_EXT_new Skid: 52 Paint : 0.
2026-04-20 17:08:18 ------------------ 
2026-04-20 17:13:06  Default Volume : URUS_PA2_BC2_R32_EXT_2026 Skid: 74.
2026-04-20 17:13:08  Vol : URUS_PA2_BC2_R32_EXT_2026 Skid: 74 Calcul Vol : 650 Color: 11.
2026-04-20 17:13:08  ---------------------------
2026-04-20 17:16:10 --- Trajectory --- 
2026-04-20 17:16:10 Prog : HURACAN_BC2_R32_EXT_new Skid: 52 Paint : 0.
2026-04-20 17:16:10 ------------------ 
2026-04-20 17:23:36  Vol : HURACAN_BC2_R32_Plastic Skid: 110 Calcul Vol : 52 Color: 18.
2026-04-20 17:23:36  ---------------------------
2026-04-20 17:28:56  Vol : HURACAN_BC2_R32_INT Skid: 204 Calcul Vol : 18 Color: 18.
2026-04-20 17:28:56  ---------------------------
2026-04-20 17:29:02  Vol : HURACAN_BC2_R32_EXT_new Skid: 204 Calcul Vol : 212 Color: 18.
2026-04-20 17:29:02  ---------------------------
2026-04-20 17:42:09 --- Trajectory --- 
2026-04-20 17:42:09 Prog : HURACAN_BC2_R32_EXT_new Skid: 52 Paint : 0.
2026-04-20 17:42:09 ------------------ 
2026-04-20 17:48:37 --- Trajectory --- 
2026-04-20 17:48:37 Prog : HURACAN_BC2_R32_Plastic Skid: 110 Paint : 97.
2026-04-20 17:48:37 ------------------ 
2026-04-20 18:00:28  Default Volume : URUS_PA2_BC2_R32_EXT_2026 Skid: 20.
2026-04-20 18:00:30  Vol : URUS_PA2_BC2_R32_EXT_2026 Skid: 20 Calcul Vol : 650 Color: 20.
2026-04-20 18:00:30  ---------------------------
2026-04-20 18:08:18 --- Trajectory INT --- 
2026-04-20 18:08:18  HURACAN_BC2_R31_INT " Skid: 204 Paint : 0.
2026-04-20 18:08:18 --- --- 
2026-04-20 18:08:21 --- Trajectory --- 
2026-04-20 18:08:21 Prog : HURACAN_BC2_R32_INT Skid: 204 Paint : 16.
2026-04-20 18:08:21 ------------------ 
2026-04-20 18:10:50 --- Trajectory --- 
2026-04-20 18:10:50 Prog : HURACAN_BC2_R32_EXT_new Skid: 204 Paint : 188.
2026-04-20 18:10:50 ------------------ 
2026-04-20 18:25:53  Vol : HURACAN_BC2_R32_Plastic Skid: 157 Calcul Vol : 174 Color: 62.
2026-04-20 18:25:53  ---------------------------
2026-04-20 18:27:14 --- Trajectory --- 
2026-04-20 18:27:14 Prog : HURACAN_BC2_R32_EXT_new Skid: 204 Paint : 0.
2026-04-20 18:27:14 ------------------ 
2026-04-20 18:30:43  Vol : HURACAN_BC2_R32_INT Skid: 207 Calcul Vol : 39 Color: 62.
2026-04-20 18:30:43  ---------------------------
2026-04-20 18:30:48  Vol : HURACAN_BC2_R32_EXT_new Skid: 207 Calcul Vol : 430 Color: 62.
2026-04-20 18:30:48  ---------------------------
2026-04-20 18:57:24 --- Trajectory --- 
2026-04-20 18:57:24 Prog : HURACAN_BC2_R32_Plastic Skid: 157 Paint : 282.
2026-04-20 18:57:24 ------------------ 
2026-04-20 19:00:36 --- Trajectory INT --- 
2026-04-20 19:00:36  HURACAN_BC2_R31_INT " Skid: 207 Paint : 0.
2026-04-20 19:00:36 --- --- 
2026-04-20 19:00:39 --- Trajectory --- 
2026-04-20 19:00:39 Prog : HURACAN_BC2_R32_INT Skid: 207 Paint : 38.
2026-04-20 19:00:39 ------------------ 
2026-04-20 19:03:09 --- Trajectory --- 
2026-04-20 19:03:09 Prog : HURACAN_BC2_R32_EXT_new Skid: 207 Paint : 412.
2026-04-20 19:03:09 ------------------ 
2026-04-20 19:09:08  Vol : HURACAN_BC2_R32_INT Skid: 52 Calcul Vol : 28 Color: 102.
2026-04-20 19:09:08  ---------------------------
2026-04-20 19:09:14  Vol : HURACAN_BC2_R32_EXT_new Skid: 52 Calcul Vol : 620 Color: 102.
2026-04-20 19:09:14  ---------------------------
2026-04-20 19:22:17  Vol : URUS_PA2_R32_Plastic Skid: 232 Calcul Vol : 10 Color: 22.
2026-04-20 19:22:17  ---------------------------
2026-04-20 19:28:49 --- Trajectory INT --- 
2026-04-20 19:28:49  HURACAN_BC2_R31_INT " Skid: 52 Paint : 0.
2026-04-20 19:28:49 --- --- 
2026-04-20 19:28:52 --- Trajectory --- 
2026-04-20 19:28:52 Prog : HURACAN_BC2_R32_INT Skid: 52 Paint : 27.
2026-04-20 19:28:52 ------------------ 
2026-04-20 19:30:51 --- Trajectory --- 
2026-04-20 19:30:51 Prog : HURACAN_BC2_R32_EXT_new Skid: 52 Paint : 63.
2026-04-20 19:30:51 ------------------ 
2026-04-20 19:45:10 --- Trajectory --- 
2026-04-20 19:45:10 Prog : HURACAN_BC2_R32_EXT_new Skid: 52 Paint : 0.
2026-04-20 19:45:10 ------------------ 
2026-04-20 19:48:05  Default Volume : URUS_PA2_BC2_R32_EXT_2026 Skid: 208.
2026-04-20 19:48:07  Vol : URUS_PA2_BC2_R32_EXT_2026 Skid: 208 Calcul Vol : 650 Color: 27.
2026-04-20 19:48:07  ---------------------------
2026-04-20 19:58:39  Vol : URUS_PA2_R32_Plastic Skid: 169 Calcul Vol : 10 Color: 77.
2026-04-20 19:58:39  ---------------------------
2026-04-20 20:01:45  Default Volume : URUS_PA2_BC2_R32_EXT_2026 Skid: 66.
2026-04-20 20:01:47  Vol : URUS_PA2_BC2_R32_EXT_2026 Skid: 66 Calcul Vol : 650 Color: 77.
2026-04-20 20:01:47  ---------------------------
2026-04-20 20:18:43 --- Trajectory --- 
2026-04-20 20:18:43 Prog : HURACAN_BC2_R32_EXT_new Skid: 52 Paint : 0.
2026-04-20 20:18:43 ------------------ 
2026-04-20 20:22:09 --- Trajectory --- 
2026-04-20 20:22:09 Prog : HURACAN_BC2_R32_EXT_new Skid: 52 Paint : 0.
2026-04-20 20:22:09 ------------------ 
2026-04-20 20:27:21 --- Trajectory --- 
2026-04-20 20:27:21 Prog : HURACAN_BC2_R32_EXT_new Skid: 52 Paint : 0.
2026-04-20 20:27:21 ------------------ 
2026-04-20 20:40:52  Vol : HURACAN_BC2_R32_INT Skid: 9 Calcul Vol : 0 Color: 14.
2026-04-20 20:40:52  ---------------------------
2026-04-20 20:40:58  Vol : HURACAN_BC2_R32_EXT_new Skid: 9 Calcul Vol : 333 Color: 14.
2026-04-20 20:40:58  ---------------------------
2026-04-20 21:04:14 --- Trajectory INT --- 
2026-04-20 21:04:14  HURACAN_BC2_R31_INT " Skid: 9 Paint : 0.
2026-04-20 21:04:14 --- --- 
2026-04-20 21:04:17 --- Trajectory --- 
2026-04-20 21:04:17 Prog : HURACAN_BC2_R32_INT Skid: 9 Paint : 0.
2026-04-20 21:04:17 ------------------ 
2026-04-20 21:06:47 --- Trajectory --- 
2026-04-20 21:06:47 Prog : HURACAN_BC2_R32_EXT_new Skid: 9 Paint : 173.
2026-04-20 21:06:47 ------------------ 
2026-04-21 00:03:19 --- Trajectory --- 
2026-04-21 00:03:19 Prog : HURACAN_BC2_R32_EXT_new Skid: 9 Paint : 0.
2026-04-21 00:03:19 ------------------ 
2026-04-21 03:21:49  Default Volume : URUS_PA2_BC2_R32_EXT_2026 Skid: 78.
2026-04-21 03:21:50  Vol : URUS_PA2_BC2_R32_EXT_2026 Skid: 78 Calcul Vol : 650 Color: 12.
2026-04-21 03:21:50  ---------------------------
2026-04-21 04:01:39 --- Trajectory --- 
2026-04-21 04:01:39 Prog : HURACAN_BC2_R32_EXT_new Skid: 15614 Paint : 271.
2026-04-21 04:01:39 ------------------ 
2026-04-21 04:10:50  Default Volume : URUS_PA2_BC2_R32_EXT_2026 Skid: 210.
2026-04-21 04:10:52  Vol : URUS_PA2_BC2_R32_EXT_2026 Skid: 210 Calcul Vol : 650 Color: 11.
2026-04-21 04:10:52  ---------------------------
2026-04-21 04:12:17 --- Trajectory --- 
2026-04-21 04:12:17 Prog : HURACAN_BC2_R32_EXT_new Skid: 15614 Paint : 0.
2026-04-21 04:12:17 ------------------ 
2026-04-21 04:19:56  Vol : URUS_PA2_R32_Plastic Skid: 149 Calcul Vol : 10 Color: 88.
2026-04-21 04:19:56  ---------------------------
2026-04-21 04:23:27  Default Volume : URUS_PA2_BC2_R32_EXT_2026 Skid: 61.
2026-04-21 04:23:28  Vol : URUS_PA2_BC2_R32_EXT_2026 Skid: 61 Calcul Vol : 650 Color: 88.
2026-04-21 04:23:28  ---------------------------
2026-04-21 06:14:29  Default Volume : URUS_PA2_BC2_R32_EXT_2026 Skid: 168.
2026-04-21 06:14:30  Vol : URUS_PA2_BC2_R32_EXT_2026 Skid: 168 Calcul Vol : 650 Color: 105.
2026-04-21 06:14:30  ---------------------------
2026-04-21 06:17:52  Vol : URUS_PA2_R32_Plastic Skid: 11 Calcul Vol : 10 Color: 105.
2026-04-21 06:17:52  ---------------------------
2026-04-21 06:17:55 --- Trajectory --- 
2026-04-21 06:17:55 Prog : HURACAN_BC2_R32_EXT_new Skid: 15614 Paint : 0.
2026-04-21 06:17:55 ------------------ 
2026-04-21 06:26:39 --- Trajectory --- 
2026-04-21 06:26:39 Prog : HURACAN_BC2_R32_EXT_new Skid: 15614 Paint : 0.
2026-04-21 06:26:39 ------------------ 
2026-04-21 06:33:17 --- Trajectory --- 
2026-04-21 06:33:17 Prog : HURACAN_BC2_R32_EXT_new Skid: 15614 Paint : 0.
2026-04-21 06:33:17 ------------------ 
2026-04-21 06:42:13 --- Trajectory --- 
2026-04-21 06:42:13 Prog : HURACAN_BC2_R32_EXT_new Skid: 15614 Paint : 0.
2026-04-21 06:42:13 ------------------ 
2026-04-21 06:46:59 --- Trajectory --- 
2026-04-21 06:46:59 Prog : HURACAN_BC2_R32_EXT_new Skid: 15614 Paint : 0.
2026-04-21 06:46:59 ------------------ 
2026-04-21 07:26:41  Vol : HURACAN_BC2_R32_Plastic Skid: 45 Calcul Vol : 99 Color: 61.
2026-04-21 07:26:41  ---------------------------
2026-04-21 07:30:24  Vol : HURACAN_BC2_R32_INT Skid: 38 Calcul Vol : 27 Color: 61.
2026-04-21 07:30:24  ---------------------------
2026-04-21 07:30:31  Vol : HURACAN_BC2_R32_EXT_new Skid: 38 Calcul Vol : 335 Color: 61.
2026-04-21 07:30:31  ---------------------------
2026-04-21 07:49:43  Vol : URUS_PA2_R32_Plastic Skid: 67 Calcul Vol : 5 Color: 29.
2026-04-21 07:49:43  ---------------------------
2026-04-21 07:55:35 --- Trajectory --- 
2026-04-21 07:55:35 Prog : HURACAN_BC2_R32_Plastic Skid: 45 Paint : 170.
2026-04-21 07:55:35 ------------------ 
2026-04-21 07:58:04  Vol : URUS_PA2_R32_Plastic Skid: 98 Calcul Vol : 10 Color: 11.
2026-04-21 07:58:04  ---------------------------
2026-04-21 07:58:46 --- Trajectory INT --- 
2026-04-21 07:58:46  HURACAN_BC2_R31_INT " Skid: 38 Paint : 0.
2026-04-21 07:58:46 --- --- 
2026-04-21 07:58:49 --- Trajectory --- 
2026-04-21 07:58:49 Prog : HURACAN_BC2_R32_INT Skid: 38 Paint : 25.
2026-04-21 07:58:49 ------------------ 
2026-04-21 08:01:19 --- Trajectory --- 
2026-04-21 08:01:19 Prog : HURACAN_BC2_R32_EXT_new Skid: 38 Paint : 314.
2026-04-21 08:01:19 ------------------ 
2026-04-21 08:36:19  Vol : URUS_PA2_R32_Plastic Skid: 102 Calcul Vol : 10 Color: 11.
2026-04-21 08:36:19  ---------------------------
2026-04-21 08:41:28 --- Trajectory --- 
2026-04-21 08:41:28 Prog : HURACAN_BC2_R32_EXT_new Skid: 38 Paint : 0.
2026-04-21 08:41:28 ------------------ 
2026-04-21 08:45:35  Vol : URUS_PA2_R32_Plastic Skid: 7 Calcul Vol : 10 Color: 34.
2026-04-21 08:45:35  ---------------------------
2026-04-21 08:49:55 --- Trajectory --- 
2026-04-21 08:49:55 Prog : HURACAN_BC2_R32_EXT_new Skid: 38 Paint : 0.
2026-04-21 08:49:55 ------------------ 
2026-04-21 09:07:34 --- Trajectory --- 
2026-04-21 09:07:34 Prog : HURACAN_BC2_R32_EXT_new Skid: 38 Paint : 0.
2026-04-21 09:07:34 ------------------ 
2026-04-21 09:23:04  Vol : HURACAN_BC2_R32_INT Skid: 160 Calcul Vol : 11 Color: 41.
2026-04-21 09:23:04  ---------------------------
2026-04-21 09:23:09  Default Volume : HURACAN_SP_BC2_R32_EXT Skid: 160.
2026-04-21 09:23:11  Vol : HURACAN_SP_BC2_R32_EXT Skid: 160 Calcul Vol : 650 Color: 41.
2026-04-21 09:23:11  ---------------------------
2026-04-21 09:24:48 --- Trajectory --- 
2026-04-21 09:24:48 Prog : HURACAN_BC2_R32_EXT_new Skid: 38 Paint : 0.
2026-04-21 09:24:48 ------------------ 
2026-04-21 10:04:39 --- Trajectory INT --- 
2026-04-21 10:04:39  HURACAN_BC2_R31_INT " Skid: 160 Paint : 0.
2026-04-21 10:04:39 --- --- 
2026-04-21 10:04:42 --- Trajectory --- 
2026-04-21 10:04:42 Prog : HURACAN_BC2_R32_INT Skid: 160 Paint : 10.
2026-04-21 10:04:42 ------------------ 
2026-04-21 10:07:46 --- Trajectory --- 
2026-04-21 10:07:46 Prog : HURACAN_SP_BC2_R32_EXT Skid: 160 Paint : 428.
2026-04-21 10:07:46 ------------------ 
2026-04-21 10:22:54  Default Volume : URUS_PA2_BC2_R32_EXT_2026 Skid: 245.
2026-04-21 10:22:55  Vol : URUS_PA2_BC2_R32_EXT_2026 Skid: 245 Calcul Vol : 650 Color: 10.
2026-04-21 10:22:55  ---------------------------
2026-04-21 10:50:41  Default Volume : URUS_PA2_BC2_R32_EXT_2026 Skid: 150.
2026-04-21 10:50:43  Vol : URUS_PA2_BC2_R32_EXT_2026 Skid: 150 Calcul Vol : 650 Color: 22.
2026-04-21 10:50:43  ---------------------------
2026-04-21 10:58:35 --- Trajectory --- 
2026-04-21 10:58:35 Prog : HURACAN_SP_BC2_R32_EXT Skid: 160 Paint : 0.
2026-04-21 10:58:35 ------------------ 
2026-04-21 11:00:46  Default Volume : URUS_PA2_BC2_R32_EXT_2026 Skid: 108.
2026-04-21 11:00:48  Vol : URUS_PA2_BC2_R32_EXT_2026 Skid: 108 Calcul Vol : 650 Color: 27.
2026-04-21 11:00:48  ---------------------------
2026-04-21 11:28:55 --- Trajectory --- 
2026-04-21 11:28:55 Prog : HURACAN_SP_BC2_R32_EXT Skid: 160 Paint : 0.
2026-04-21 11:28:55 ------------------ 
2026-04-21 11:33:27  Default Volume : URUS_PA2_BC2_R32_EXT_2026 Skid: 233.
2026-04-21 11:33:28  Vol : URUS_PA2_BC2_R32_EXT_2026 Skid: 233 Calcul Vol : 650 Color: 34.
2026-04-21 11:33:28  ---------------------------
2026-04-21 11:40:28 --- Trajectory --- 
2026-04-21 11:40:28 Prog : HURACAN_SP_BC2_R32_EXT Skid: 160 Paint : 0.
2026-04-21 11:40:28 ------------------ 
2026-04-21 11:57:45  Default Volume : URUS_PA2_BC2_R32_EXT_2026 Skid: 49.
2026-04-21 11:57:47  Vol : URUS_PA2_BC2_R32_EXT_2026 Skid: 49 Calcul Vol : 650 Color: 11.
2026-04-21 11:57:47  ---------------------------
