2026-05-12 06:49:37 --- Trajectory INT --- 
2026-05-12 06:49:37  HURACAN_BC2_R31_INT " Skid: 131 Paint : 0.
2026-05-12 06:49:37 --- --- 
2026-05-12 06:49:39 --- Trajectory --- 
2026-05-12 06:49:39 Prog : TEM_bc2_r32_int Skid: 131 Paint : 21.
2026-05-12 06:49:39 ------------------ 
2026-05-12 06:52:09 --- Trajectory --- 
2026-05-12 06:52:09 Prog : TEM_bc2_r32_ext_new Skid: 131 Paint : 238.
2026-05-12 06:52:09 ------------------ 
2026-05-12 07:01:05 --- Trajectory --- 
2026-05-12 07:01:05 Prog : TEM_bc2_r32_ext_new Skid: 131 Paint : 0.
2026-05-12 07:01:05 ------------------ 
2026-05-12 07:07:10 --- Trajectory --- 
2026-05-12 07:07:10 Prog : TEM_bc2_r32_ext_new Skid: 131 Paint : 0.
2026-05-12 07:07:10 ------------------ 
2026-05-12 07:10:50 --- Trajectory --- 
2026-05-12 07:10:50 Prog : HURACAN_BC2_R32_Plastic Skid: 46 Paint : 165.
2026-05-12 07:10:50 ------------------ 
2026-05-12 07:14:05 --- Trajectory INT --- 
2026-05-12 07:14:05  HURACAN_BC2_R31_INT " Skid: 210 Paint : 0.
2026-05-12 07:14:05 --- --- 
2026-05-12 07:14:08 --- Trajectory --- 
2026-05-12 07:14:08 Prog : TEM_bc2_r32_int Skid: 210 Paint : 23.
2026-05-12 07:14:08 ------------------ 
2026-05-12 07:16:38 --- Trajectory --- 
2026-05-12 07:16:38 Prog : TEM_bc2_r32_ext_new Skid: 210 Paint : 260.
2026-05-12 07:16:38 ------------------ 
2026-05-12 07:20:27  Vol : URUS_PA2_R32_Plastic Skid: 240 Calcul Vol : 10 Color: 51.
2026-05-12 07:20:27  ---------------------------
2026-05-12 07:44:08 --- Trajectory --- 
2026-05-12 07:44:08 Prog : TEM_bc2_r32_ext_new Skid: 210 Paint : 0.
2026-05-12 07:44:08 ------------------ 
2026-05-12 07:55:13  Default Volume : URUS_PA2_BC2_R32_EXT_2026 Skid: 152.
2026-05-12 07:55:14  Vol : URUS_PA2_BC2_R32_EXT_2026 Skid: 152 Calcul Vol : 650 Color: 62.
2026-05-12 07:55:14  ---------------------------
2026-05-12 08:20:52 --- Trajectory --- 
2026-05-12 08:20:52 Prog : TEM_bc2_r32_ext_new Skid: 210 Paint : 0.
2026-05-12 08:20:52 ------------------ 
2026-05-12 08:21:00  Vol : HURACAN_BC2_R32_Plastic Skid: 157 Calcul Vol : 93 Color: 85.
2026-05-12 08:21:00  ---------------------------
2026-05-12 08:24:48  Default Volume : TEM_bc2_r32_int Skid: 221.
2026-05-12 08:24:50  Vol : TEM_bc2_r32_int Skid: 221 Calcul Vol : 650 Color: 85.
2026-05-12 08:24:50  ---------------------------
2026-05-12 08:24:55  Default Volume : TEM_bc2_r32_ext_new Skid: 221.
2026-05-12 08:24:57  Vol : TEM_bc2_r32_ext_new Skid: 221 Calcul Vol : 650 Color: 85.
2026-05-12 08:24:57  ---------------------------
2026-05-12 08:29:31  Default Volume : URUS_PA2_BC2_R32_EXT_2026 Skid: 81.
2026-05-12 08:29:32  Vol : URUS_PA2_BC2_R32_EXT_2026 Skid: 81 Calcul Vol : 650 Color: 54.
2026-05-12 08:29:32  ---------------------------
2026-05-12 08:54:56  Default Volume : URUS_PA2_BC2_R32_EXT_2026 Skid: 14.
2026-05-12 08:54:58  Vol : URUS_PA2_BC2_R32_EXT_2026 Skid: 14 Calcul Vol : 650 Color: 56.
2026-05-12 08:54:58  ---------------------------
2026-05-12 08:58:48 --- Trajectory --- 
2026-05-12 08:58:48 Prog : HURACAN_BC2_R32_Plastic Skid: 157 Paint : 165.
2026-05-12 08:58:48 ------------------ 
2026-05-12 09:02:29 --- Trajectory INT --- 
2026-05-12 09:02:29  HURACAN_BC2_R31_INT " Skid: 221 Paint : 0.
2026-05-12 09:02:29 --- --- 
2026-05-12 09:02:32 --- Trajectory --- 
2026-05-12 09:02:32 Prog : TEM_bc2_r32_int Skid: 221 Paint : 24.
2026-05-12 09:02:32 ------------------ 
2026-05-12 09:05:01 --- Trajectory --- 
2026-05-12 09:05:01 Prog : TEM_bc2_r32_ext_new Skid: 221 Paint : 268.
2026-05-12 09:05:01 ------------------ 
2026-05-12 09:09:10 --- Trajectory --- 
2026-05-12 09:09:10 Prog : TEM_bc2_r32_ext_new Skid: 221 Paint : 0.
2026-05-12 09:09:10 ------------------ 
2026-05-12 09:19:10 --- Trajectory --- 
2026-05-12 09:19:10 Prog : TEM_bc2_r32_ext_new Skid: 221 Paint : 0.
2026-05-12 09:19:10 ------------------ 
2026-05-12 10:01:01  Vol : URUS_PA2_R32_Plastic Skid: 113 Calcul Vol : 10 Color: 77.
2026-05-12 10:01:01  ---------------------------
2026-05-12 10:04:35  Default Volume : URUS_PA2_BC2_R32_EXT_2026 Skid: 24.
2026-05-12 10:04:36  Vol : URUS_PA2_BC2_R32_EXT_2026 Skid: 24 Calcul Vol : 650 Color: 77.
2026-05-12 10:04:36  ---------------------------
2026-05-12 10:20:35 --- Trajectory --- 
2026-05-12 10:20:35 Prog : TEM_bc2_r32_ext_new Skid: 221 Paint : 0.
2026-05-12 10:20:35 ------------------ 
2026-05-12 10:31:41 --- Trajectory --- 
2026-05-12 10:31:41 Prog : TEM_bc2_r32_ext_new Skid: 221 Paint : 0.
2026-05-12 10:31:41 ------------------ 
2026-05-12 10:33:13  Vol : URUS_PA2_R32_Plastic Skid: 36 Calcul Vol : 10 Color: 34.
2026-05-12 10:33:13  ---------------------------
2026-05-12 10:54:09 --- Trajectory --- 
2026-05-12 10:54:09 Prog : TEM_bc2_r32_ext_new Skid: 221 Paint : 0.
2026-05-12 10:54:09 ------------------ 
2026-05-12 10:54:19  Vol : URUS_PA2_R32_Plastic Skid: 101 Calcul Vol : 10 Color: 68.
2026-05-12 10:54:19  ---------------------------
2026-05-12 10:58:08  Default Volume : URUS_PA2_BC2_R32_EXT_2026 Skid: 163.
2026-05-12 10:58:10  Vol : URUS_PA2_BC2_R32_EXT_2026 Skid: 163 Calcul Vol : 650 Color: 68.
2026-05-12 10:58:10  ---------------------------
2026-05-12 11:04:54  Default Volume : TEM_bc2_r32_int Skid: 57.
2026-05-12 11:04:56  Vol : TEM_bc2_r32_int Skid: 57 Calcul Vol : 650 Color: 34.
2026-05-12 11:04:56  ---------------------------
2026-05-12 11:05:01  Default Volume : TEM_bc2_r32_ext_new Skid: 57.
2026-05-12 11:05:02  Vol : TEM_bc2_r32_ext_new Skid: 57 Calcul Vol : 650 Color: 34.
2026-05-12 11:05:02  ---------------------------
2026-05-12 11:18:22  Default Volume : TEM_bc2_r32_int Skid: 149.
2026-05-12 11:18:24  Vol : TEM_bc2_r32_int Skid: 149 Calcul Vol : 650 Color: 29.
2026-05-12 11:18:24  ---------------------------
2026-05-12 11:18:29  Default Volume : TEM_bc2_r32_ext_new Skid: 149.
2026-05-12 11:18:30  Vol : TEM_bc2_r32_ext_new Skid: 149 Calcul Vol : 650 Color: 29.
2026-05-12 11:18:30  ---------------------------
2026-05-12 11:20:21 --- Trajectory --- 
2026-05-12 11:20:21 Prog : TEM_bc2_r32_ext_new Skid: 221 Paint : 0.
2026-05-12 11:20:21 ------------------ 
2026-05-12 11:27:04 --- Trajectory --- 
2026-05-12 11:27:04 Prog : TEM_bc2_r32_ext_new Skid: 221 Paint : 0.
2026-05-12 11:27:04 ------------------ 
2026-05-12 11:29:01  Default Volume : URUS_PA2_BC2_R32_EXT_2026 Skid: 145.
2026-05-12 11:29:02  Vol : URUS_PA2_BC2_R32_EXT_2026 Skid: 145 Calcul Vol : 650 Color: 25.
2026-05-12 11:29:02  ---------------------------
2026-05-12 11:31:16 --- Trajectory INT --- 
2026-05-12 11:31:16  HURACAN_BC2_R31_INT " Skid: 57 Paint : 0.
2026-05-12 11:31:16 --- --- 
2026-05-12 11:31:19 --- Trajectory --- 
2026-05-12 11:31:19 Prog : TEM_bc2_r32_int Skid: 57 Paint : 16.
2026-05-12 11:31:19 ------------------ 
2026-05-12 11:33:49 --- Trajectory --- 
2026-05-12 11:33:49 Prog : TEM_bc2_r32_ext_new Skid: 57 Paint : 201.
2026-05-12 11:33:49 ------------------ 
2026-05-12 11:34:06  Default Volume : URUS_PA2_BC2_R32_EXT_2026 Skid: 51.
2026-05-12 11:34:08  Vol : URUS_PA2_BC2_R32_EXT_2026 Skid: 51 Calcul Vol : 650 Color: 51.
2026-05-12 11:34:08  ---------------------------
2026-05-12 11:38:05  Default Volume : URUS_PA2_BC2_R32_EXT_2026 Skid: 208.
2026-05-12 11:38:07  Vol : URUS_PA2_BC2_R32_EXT_2026 Skid: 208 Calcul Vol : 650 Color: 11.
2026-05-12 11:38:07  ---------------------------
2026-05-12 11:42:09 --- Trajectory INT --- 
2026-05-12 11:42:09  HURACAN_BC2_R31_INT " Skid: 149 Paint : 0.
2026-05-12 11:42:09 --- --- 
2026-05-12 11:42:12 --- Trajectory --- 
2026-05-12 11:42:12 Prog : TEM_bc2_r32_int Skid: 149 Paint : 16.
2026-05-12 11:42:12 ------------------ 
2026-05-12 11:44:42 --- Trajectory --- 
2026-05-12 11:44:42 Prog : TEM_bc2_r32_ext_new Skid: 149 Paint : 192.
2026-05-12 11:44:42 ------------------ 
2026-05-12 11:59:12  Default Volume : URUS_PA2_BC2_R32_EXT_2026 Skid: 133.
2026-05-12 11:59:14  Vol : URUS_PA2_BC2_R32_EXT_2026 Skid: 133 Calcul Vol : 650 Color: 12.
2026-05-12 11:59:14  ---------------------------
2026-05-12 11:59:32 --- Trajectory --- 
2026-05-12 11:59:32 Prog : TEM_bc2_r32_ext_new Skid: 149 Paint : 0.
2026-05-12 11:59:32 ------------------ 
2026-05-12 12:03:39  Vol : HURACAN_BC2_R32_Plastic Skid: 236 Calcul Vol : 112 Color: 105.
2026-05-12 12:03:39  ---------------------------
2026-05-12 12:05:07 --- Trajectory --- 
2026-05-12 12:05:07 Prog : TEM_bc2_r32_ext_new Skid: 149 Paint : 0.
2026-05-12 12:05:07 ------------------ 
2026-05-12 12:07:10  Default Volume : TEM_bc2_r32_int Skid: 148.
2026-05-12 12:07:12  Vol : TEM_bc2_r32_int Skid: 148 Calcul Vol : 650 Color: 105.
2026-05-12 12:07:12  ---------------------------
2026-05-12 12:07:17  Default Volume : TEM_bc2_r32_ext_new Skid: 148.
2026-05-12 12:07:18  Vol : TEM_bc2_r32_ext_new Skid: 148 Calcul Vol : 650 Color: 105.
2026-05-12 12:07:18  ---------------------------
2026-05-12 12:09:54 --- Trajectory --- 
2026-05-12 12:09:54 Prog : TEM_bc2_r32_ext_new Skid: 149 Paint : 0.
2026-05-12 12:09:54 ------------------ 
2026-05-12 12:41:15 --- Trajectory --- 
2026-05-12 12:41:15 Prog : TEM_bc2_r32_ext_new Skid: 149 Paint : 0.
2026-05-12 12:41:15 ------------------ 
2026-05-12 12:43:08  Vol : HURACAN_BC2_R32_Plastic Skid: 111 Calcul Vol : 63 Color: 29.
2026-05-12 12:43:08  ---------------------------
2026-05-12 12:45:42 --- Trajectory --- 
2026-05-12 12:45:42 Prog : HURACAN_BC2_R32_Plastic Skid: 236 Paint : 186.
2026-05-12 12:45:42 ------------------ 
2026-05-12 12:48:12  Default Volume : TEM_bc2_r32_int Skid: 84.
2026-05-12 12:48:13  Vol : TEM_bc2_r32_int Skid: 84 Calcul Vol : 650 Color: 29.
2026-05-12 12:48:13  ---------------------------
2026-05-12 12:48:19  Default Volume : TEM_bc2_r32_ext_new Skid: 84.
2026-05-12 12:48:20  Vol : TEM_bc2_r32_ext_new Skid: 84 Calcul Vol : 650 Color: 29.
2026-05-12 12:48:20  ---------------------------
2026-05-12 12:49:06 --- Trajectory INT --- 
2026-05-12 12:49:06  HURACAN_BC2_R31_INT " Skid: 148 Paint : 0.
2026-05-12 12:49:06 --- --- 
2026-05-12 12:49:09 --- Trajectory --- 
2026-05-12 12:49:09 Prog : TEM_bc2_r32_int Skid: 148 Paint : 23.
2026-05-12 12:49:09 ------------------ 
2026-05-12 12:51:38 --- Trajectory --- 
2026-05-12 12:51:38 Prog : TEM_bc2_r32_ext_new Skid: 148 Paint : 317.
2026-05-12 12:51:38 ------------------ 
2026-05-12 13:24:59 --- Trajectory --- 
2026-05-12 13:25:00 Prog : HURACAN_BC2_R32_Plastic Skid: 111 Paint : 106.
2026-05-12 13:25:00 ------------------ 
2026-05-12 13:28:24 --- Trajectory INT --- 
2026-05-12 13:28:24  HURACAN_BC2_R31_INT " Skid: 84 Paint : 0.
2026-05-12 13:28:24 --- --- 
2026-05-12 13:28:26 --- Trajectory --- 
2026-05-12 13:28:26 Prog : TEM_bc2_r32_int Skid: 84 Paint : 16.
2026-05-12 13:28:26 ------------------ 
2026-05-12 13:29:22  Default Volume : TEM_bc2_r32_int Skid: 103.
2026-05-12 13:29:24  Vol : TEM_bc2_r32_int Skid: 103 Calcul Vol : 650 Color: 14.
2026-05-12 13:29:24  ---------------------------
2026-05-12 13:29:29  Default Volume : TEM_bc2_r32_ext_new Skid: 103.
2026-05-12 13:29:31  Vol : TEM_bc2_r32_ext_new Skid: 103 Calcul Vol : 650 Color: 14.
2026-05-12 13:29:31  ---------------------------
2026-05-12 13:30:56 --- Trajectory --- 
2026-05-12 13:30:56 Prog : TEM_bc2_r32_ext_new Skid: 84 Paint : 192.
2026-05-12 13:30:56 ------------------ 
2026-05-12 13:37:43  Vol : HURACAN_BC2_R32_Plastic Skid: 164 Calcul Vol : 93 Color: 85.
2026-05-12 13:37:43  ---------------------------
2026-05-12 13:56:57  Default Volume : TEM_bc2_r32_int Skid: 50.
2026-05-12 13:56:59  Vol : TEM_bc2_r32_int Skid: 50 Calcul Vol : 650 Color: 85.
2026-05-12 13:56:59  ---------------------------
2026-05-12 13:57:04  Default Volume : TEM_bc2_r32_ext_new Skid: 50.
2026-05-12 13:57:05  Vol : TEM_bc2_r32_ext_new Skid: 50 Calcul Vol : 650 Color: 85.
2026-05-12 13:57:05  ---------------------------
2026-05-12 14:06:15  Default Volume : URUS_PA2_BC2_R32_EXT_2026 Skid: 119.
2026-05-12 14:06:17  Vol : URUS_PA2_BC2_R32_EXT_2026 Skid: 119 Calcul Vol : 650 Color: 34.
2026-05-12 14:06:17  ---------------------------
2026-05-12 14:16:18 --- Trajectory INT --- 
2026-05-12 14:16:18  HURACAN_BC2_R31_INT " Skid: 103 Paint : 0.
2026-05-12 14:16:18 --- --- 
2026-05-12 14:16:21 --- Trajectory --- 
2026-05-12 14:16:21 Prog : TEM_bc2_r32_int Skid: 103 Paint : 0.
2026-05-12 14:16:21 ------------------ 
2026-05-12 14:18:49 --- Trajectory --- 
2026-05-12 14:18:49 Prog : TEM_bc2_r32_ext_new Skid: 103 Paint : 173.
2026-05-12 14:18:49 ------------------ 
2026-05-12 14:22:03 --- Trajectory --- 
2026-05-12 14:22:03 Prog : HURACAN_BC2_R32_Plastic Skid: 164 Paint : 165.
2026-05-12 14:22:03 ------------------ 
2026-05-12 14:26:40  Vol : HURACAN_BC2_R32_Plastic Skid: 45 Calcul Vol : 110 Color: 146.
2026-05-12 14:26:40  ---------------------------
2026-05-12 14:27:01 --- Trajectory INT --- 
2026-05-12 14:27:01  HURACAN_BC2_R31_INT " Skid: 50 Paint : 0.
2026-05-12 14:27:01 --- --- 
2026-05-12 14:27:04 --- Trajectory --- 
2026-05-12 14:27:04 Prog : TEM_bc2_r32_int Skid: 50 Paint : 24.
2026-05-12 14:27:04 ------------------ 
2026-05-12 14:29:33 --- Trajectory --- 
2026-05-12 14:29:33 Prog : TEM_bc2_r32_ext_new Skid: 50 Paint : 268.
2026-05-12 14:29:33 ------------------ 
2026-05-12 14:31:23  Default Volume : TEM_bc2_r32_int Skid: 204.
2026-05-12 14:31:24  Vol : TEM_bc2_r32_int Skid: 204 Calcul Vol : 650 Color: 146.
2026-05-12 14:31:24  ---------------------------
2026-05-12 14:31:29  Default Volume : TEM_bc2_r32_ext_new Skid: 204.
2026-05-12 14:31:31  Vol : TEM_bc2_r32_ext_new Skid: 204 Calcul Vol : 650 Color: 146.
2026-05-12 14:31:31  ---------------------------
2026-05-12 14:38:54 --- Trajectory --- 
2026-05-12 14:38:54 Prog : TEM_bc2_r32_ext_new Skid: 50 Paint : 0.
2026-05-12 14:38:54 ------------------ 
2026-05-12 14:40:59  Vol : URUS_PA2_R32_Plastic Skid: 175 Calcul Vol : 10 Color: 32.
2026-05-12 14:40:59  ---------------------------
2026-05-12 14:45:28  Vol : URUS_PA2_R32_Plastic Skid: 102 Calcul Vol : 10 Color: 11.
2026-05-12 14:45:28  ---------------------------
2026-05-12 14:53:34 --- Trajectory --- 
2026-05-12 14:53:34 Prog : HURACAN_BC2_R32_Plastic Skid: 45 Paint : 168.
2026-05-12 14:53:34 ------------------ 
2026-05-12 14:56:58 --- Trajectory INT --- 
2026-05-12 14:56:58  HURACAN_BC2_R31_INT " Skid: 204 Paint : 0.
2026-05-12 14:56:58 --- --- 
2026-05-12 14:57:01 --- Trajectory --- 
2026-05-12 14:57:01 Prog : TEM_bc2_r32_int Skid: 204 Paint : 25.
2026-05-12 14:57:01 ------------------ 
2026-05-12 14:59:31 --- Trajectory --- 
2026-05-12 14:59:31 Prog : TEM_bc2_r32_ext_new Skid: 204 Paint : 296.
2026-05-12 14:59:31 ------------------ 
2026-05-12 15:02:29 --- Trajectory --- 
2026-05-12 15:02:29 Prog : TEM_bc2_r32_ext_new Skid: 204 Paint : 0.
2026-05-12 15:02:29 ------------------ 
2026-05-12 15:07:12 --- Trajectory --- 
2026-05-12 15:07:12 Prog : TEM_bc2_r32_ext_new Skid: 204 Paint : 0.
2026-05-12 15:07:12 ------------------ 
2026-05-12 15:13:24  Vol : URUS_PA2_R32_Plastic Skid: 101 Calcul Vol : 10 Color: 69.
2026-05-12 15:13:24  ---------------------------
2026-05-12 15:18:53  Default Volume : URUS_PA2_BC2_R32_EXT_2026 Skid: 163.
2026-05-12 15:18:54  Vol : URUS_PA2_BC2_R32_EXT_2026 Skid: 163 Calcul Vol : 650 Color: 69.
2026-05-12 15:18:54  ---------------------------
2026-05-12 15:27:39  Default Volume : TEM_bc2_r32_int Skid: 57.
2026-05-12 15:27:41  Vol : TEM_bc2_r32_int Skid: 57 Calcul Vol : 650 Color: 35.
2026-05-12 15:27:41  ---------------------------
2026-05-12 15:27:46  Default Volume : TEM_bc2_r32_ext_new Skid: 57.
2026-05-12 15:27:48  Vol : TEM_bc2_r32_ext_new Skid: 57 Calcul Vol : 650 Color: 35.
2026-05-12 15:27:48  ---------------------------
2026-05-12 15:31:59 --- Trajectory --- 
2026-05-12 15:31:59 Prog : TEM_bc2_r32_ext_new Skid: 204 Paint : 0.
2026-05-12 15:31:59 ------------------ 
2026-05-12 15:42:27 --- Trajectory --- 
2026-05-12 15:42:27 Prog : TEM_bc2_r32_ext_new Skid: 204 Paint : 0.
2026-05-12 15:42:27 ------------------ 
2026-05-12 15:51:01 --- Trajectory INT --- 
2026-05-12 15:51:01  HURACAN_BC2_R31_INT " Skid: 57 Paint : 0.
2026-05-12 15:51:01 --- --- 
2026-05-12 15:51:04 --- Trajectory --- 
2026-05-12 15:51:04 Prog : TEM_bc2_r32_int Skid: 57 Paint : 21.
2026-05-12 15:51:04 ------------------ 
2026-05-12 15:52:01  Vol : URUS_PA2_R32_Plastic Skid: 180 Calcul Vol : 10 Color: 11.
2026-05-12 15:52:01  ---------------------------
2026-05-12 15:53:34 --- Trajectory --- 
2026-05-12 15:53:34 Prog : TEM_bc2_r32_ext_new Skid: 57 Paint : 260.
2026-05-12 15:53:34 ------------------ 
2026-05-12 16:26:14  Default Volume : URUS_PA2_BC2_R32_EXT_2026 Skid: 147.
2026-05-12 16:26:16  Vol : URUS_PA2_BC2_R32_EXT_2026 Skid: 147 Calcul Vol : 650 Color: 99.
2026-05-12 16:26:16  ---------------------------
2026-05-12 16:29:09 --- Trajectory --- 
2026-05-12 16:29:09 Prog : TEM_bc2_r32_ext_new Skid: 57 Paint : 0.
2026-05-12 16:29:09 ------------------ 
2026-05-12 16:39:21  Default Volume : URUS_PA2_BC2_R32_EXT_2026 Skid: 108.
2026-05-12 16:39:22  Vol : URUS_PA2_BC2_R32_EXT_2026 Skid: 108 Calcul Vol : 650 Color: 15.
2026-05-12 16:39:22  ---------------------------
2026-05-12 16:54:59 --- Trajectory --- 
2026-05-12 16:54:59 Prog : TEM_bc2_r32_ext_new Skid: 57 Paint : 0.
2026-05-12 16:54:59 ------------------ 
2026-05-12 16:59:52 --- Trajectory --- 
2026-05-12 16:59:52 Prog : TEM_bc2_r32_ext_new Skid: 57 Paint : 0.
2026-05-12 16:59:52 ------------------ 
2026-05-12 18:01:14  Vol : URUS_PA2_R32_Plastic Skid: 36 Calcul Vol : 10 Color: 35.
2026-05-12 18:01:14  ---------------------------
2026-05-12 18:23:48 --- Trajectory --- 
2026-05-12 18:23:48 Prog : TEM_bc2_r32_ext_new Skid: 57 Paint : 0.
2026-05-12 18:23:48 ------------------ 
2026-05-12 18:41:36  Default Volume : URUS_PA2_BC2_R32_EXT_2026 Skid: 126.
2026-05-12 18:41:38  Vol : URUS_PA2_BC2_R32_EXT_2026 Skid: 126 Calcul Vol : 650 Color: 86.
2026-05-12 18:41:38  ---------------------------
2026-05-12 18:48:14  Vol : URUS_PA2_R32_Plastic Skid: 240 Calcul Vol : 10 Color: 62.
2026-05-12 18:48:14  ---------------------------
2026-05-12 18:53:18  Default Volume : URUS_PA2_BC2_R32_EXT_2026 Skid: 119.
2026-05-12 18:53:20  Vol : URUS_PA2_BC2_R32_EXT_2026 Skid: 119 Calcul Vol : 650 Color: 35.
2026-05-12 18:53:20  ---------------------------
2026-05-12 19:07:46 --- Trajectory --- 
2026-05-12 19:07:46 Prog : TEM_bc2_r32_ext_new Skid: 57 Paint : 0.
2026-05-12 19:07:46 ------------------ 
2026-05-12 19:08:54  Vol : URUS_PA2_R32_Plastic Skid: 175 Calcul Vol : 10 Color: 33.
2026-05-12 19:08:54  ---------------------------
2026-05-12 19:11:13 --- Trajectory --- 
2026-05-12 19:11:13 Prog : TEM_bc2_r32_ext_new Skid: 57 Paint : 0.
2026-05-12 19:11:13 ------------------ 
2026-05-12 19:19:16 --- Trajectory --- 
2026-05-12 19:19:16 Prog : TEM_bc2_r32_ext_new Skid: 57 Paint : 0.
2026-05-12 19:19:16 ------------------ 
2026-05-12 19:30:20 --- Trajectory --- 
2026-05-12 19:30:20 Prog : TEM_bc2_r32_ext_new Skid: 57 Paint : 0.
2026-05-12 19:30:20 ------------------ 
2026-05-12 19:32:01  Default Volume : URUS_PA2_BC2_R32_EXT_2026 Skid: 158.
2026-05-12 19:32:02  Vol : URUS_PA2_BC2_R32_EXT_2026 Skid: 158 Calcul Vol : 650 Color: 11.
2026-05-12 19:32:02  ---------------------------
2026-05-12 19:37:25  Default Volume : URUS_PA2_BC2_R32_EXT_2026 Skid: 52.
2026-05-12 19:37:27  Vol : URUS_PA2_BC2_R32_EXT_2026 Skid: 52 Calcul Vol : 650 Color: 32.
2026-05-12 19:37:27  ---------------------------
2026-05-12 19:54:52  Default Volume : URUS_PA2_BC2_R32_EXT_2026 Skid: 206.
2026-05-12 19:54:54  Vol : URUS_PA2_BC2_R32_EXT_2026 Skid: 206 Calcul Vol : 650 Color: 11.
2026-05-12 19:54:54  ---------------------------
2026-05-12 19:57:34 --- Trajectory --- 
2026-05-12 19:57:34 Prog : TEM_bc2_r32_ext_new Skid: 57 Paint : 0.
2026-05-12 19:57:34 ------------------ 
2026-05-12 20:02:27 --- Trajectory --- 
2026-05-12 20:02:27 Prog : TEM_bc2_r32_ext_new Skid: 57 Paint : 0.
2026-05-12 20:02:27 ------------------ 
2026-05-12 20:21:39 --- Trajectory --- 
2026-05-12 20:21:39 Prog : TEM_bc2_r32_ext_new Skid: 57 Paint : 0.
2026-05-12 20:21:39 ------------------ 
2026-05-12 20:24:13  Vol : HURACAN_BC2_R32_Plastic Skid: 46 Calcul Vol : 111 Color: 11.
2026-05-12 20:24:13  ---------------------------
2026-05-12 20:27:23  Default Volume : TEM_bc2_r32_int Skid: 153.
2026-05-12 20:27:24  Vol : TEM_bc2_r32_int Skid: 153 Calcul Vol : 650 Color: 11.
2026-05-12 20:27:24  ---------------------------
2026-05-12 20:27:30  Default Volume : TEM_bc2_r32_ext_new Skid: 153.
2026-05-12 20:27:31  Vol : TEM_bc2_r32_ext_new Skid: 153 Calcul Vol : 650 Color: 11.
2026-05-12 20:27:31  ---------------------------
2026-05-12 20:46:55 --- Trajectory --- 
2026-05-12 20:46:55 Prog : HURACAN_BC2_R32_Plastic Skid: 46 Paint : 186.
2026-05-12 20:46:55 ------------------ 
2026-05-12 20:50:21 --- Trajectory INT --- 
2026-05-12 20:50:21  HURACAN_BC2_R31_INT " Skid: 153 Paint : 0.
2026-05-12 20:50:21 --- --- 
2026-05-12 20:50:24 --- Trajectory --- 
2026-05-12 20:50:24 Prog : TEM_bc2_r32_int Skid: 153 Paint : 16.
2026-05-12 20:50:24 ------------------ 
2026-05-12 20:52:06  Vol : URUS_PA2_R32_Plastic Skid: 169 Calcul Vol : 10 Color: 20.
2026-05-12 20:52:06  ---------------------------
2026-05-12 20:52:54 --- Trajectory --- 
2026-05-12 20:52:54 Prog : TEM_bc2_r32_ext_new Skid: 153 Paint : 308.
2026-05-12 20:52:54 ------------------ 
2026-05-12 21:01:24  Default Volume : URUS_PA2_BC2_R32_EXT_2026 Skid: 105.
2026-05-12 21:01:25  Vol : URUS_PA2_BC2_R32_EXT_2026 Skid: 105 Calcul Vol : 650 Color: 12.
2026-05-12 21:01:25  ---------------------------
2026-05-12 21:05:57  Vol : URUS_PA2_R32_Plastic Skid: 192 Calcul Vol : 10 Color: 41.
2026-05-12 21:05:57  ---------------------------
2026-05-12 21:11:14  Default Volume : URUS_PA2_BC2_R32_EXT_2026 Skid: 86.
2026-05-12 21:11:15  Vol : URUS_PA2_BC2_R32_EXT_2026 Skid: 86 Calcul Vol : 650 Color: 41.
2026-05-12 21:11:15  ---------------------------
2026-05-12 21:15:06 --- Trajectory --- 
2026-05-12 21:15:06 Prog : TEM_bc2_r32_ext_new Skid: 153 Paint : 0.
2026-05-12 21:15:06 ------------------ 
2026-05-12 21:33:10  Vol : URUS_PA2_R32_Plastic Skid: 201 Calcul Vol : 10 Color: 41.
2026-05-12 21:33:10  ---------------------------
2026-05-12 21:48:05 --- Trajectory --- 
2026-05-12 21:48:05 Prog : TEM_bc2_r32_ext_new Skid: 153 Paint : 0.
2026-05-12 21:48:05 ------------------ 
2026-05-12 21:53:03 --- Trajectory --- 
2026-05-12 21:53:03 Prog : TEM_bc2_r32_ext_new Skid: 153 Paint : 0.
2026-05-12 21:53:03 ------------------ 
2026-05-12 21:58:08 --- Trajectory --- 
2026-05-12 21:58:08 Prog : TEM_bc2_r32_ext_new Skid: 153 Paint : 0.
2026-05-12 21:58:08 ------------------ 
2026-05-12 22:05:09  Default Volume : TEM_bc2_r32_int Skid: 63.
2026-05-12 22:05:11  Vol : TEM_bc2_r32_int Skid: 63 Calcul Vol : 650 Color: 27.
2026-05-12 22:05:11  ---------------------------
2026-05-12 22:05:16  Default Volume : TEM_bc2_r32_ext_new Skid: 63.
2026-05-12 22:05:17  Vol : TEM_bc2_r32_ext_new Skid: 63 Calcul Vol : 650 Color: 27.
2026-05-12 22:05:17  ---------------------------
2026-05-12 22:05:32 --- Trajectory --- 
2026-05-12 22:05:32 Prog : TEM_bc2_r32_ext_new Skid: 153 Paint : 0.
2026-05-12 22:05:32 ------------------ 
2026-05-12 22:08:42  Default Volume : URUS_PA2_BC2_R32_EXT_2026 Skid: 171.
2026-05-12 22:08:44  Vol : URUS_PA2_BC2_R32_EXT_2026 Skid: 171 Calcul Vol : 650 Color: 41.
2026-05-12 22:08:44  ---------------------------
2026-05-12 22:12:54  Vol : HURACAN_BC2_R32_Plastic Skid: 110 Calcul Vol : 85 Color: 20.
2026-05-12 22:12:54  ---------------------------
2026-05-12 22:54:11 --- Trajectory --- 
2026-05-12 22:54:11 Prog : TEM_bc2_r32_int Skid: 63 Paint : 0.
2026-05-12 22:54:11 ------------------ 
2026-05-12 22:55:11 --- Trajectory --- 
2026-05-12 22:55:11 Prog : TEM_bc2_r32_ext_new Skid: 63 Paint : 0.
2026-05-12 22:55:11 ------------------ 
2026-05-12 23:01:14  Default Volume : URUS_PA2_BC2_R32_EXT_2026 Skid: 82.
2026-05-12 23:01:16  Vol : URUS_PA2_BC2_R32_EXT_2026 Skid: 82 Calcul Vol : 650 Color: 20.
2026-05-12 23:01:16  ---------------------------
2026-05-12 23:05:10 --- Trajectory --- 
2026-05-12 23:05:10 Prog : TEM_bc2_r32_ext_new Skid: 63 Paint : 0.
2026-05-12 23:05:10 ------------------ 
2026-05-12 23:08:51 --- Trajectory --- 
2026-05-12 23:08:51 Prog : HURACAN_BC2_R32_Plastic Skid: 110 Paint : 168.
2026-05-12 23:08:51 ------------------ 
2026-05-12 23:11:49  Vol : URUS_PA2_R32_Plastic Skid: 36 Calcul Vol : 10 Color: 34.
2026-05-12 23:11:49  ---------------------------
2026-05-12 23:16:09  Vol : URUS_PA2_R32_Plastic Skid: 22 Calcul Vol : 10 Color: 34.
2026-05-12 23:16:09  ---------------------------
2026-05-12 23:28:57  Default Volume : URUS_PA2_BC2_R32_EXT_2026 Skid: 223.
2026-05-12 23:28:58  Vol : URUS_PA2_BC2_R32_EXT_2026 Skid: 223 Calcul Vol : 650 Color: 12.
2026-05-12 23:28:58  ---------------------------
2026-05-12 23:32:32  Default Volume : URUS_PA2_BC2_R32_EXT_2026 Skid: 52.
2026-05-12 23:32:33  Vol : URUS_PA2_BC2_R32_EXT_2026 Skid: 52 Calcul Vol : 650 Color: 33.
2026-05-12 23:32:33  ---------------------------
2026-05-12 23:33:47 --- Trajectory --- 
2026-05-12 23:33:47 Prog : HURACAN_BC2_R32_Plastic Skid: 110 Paint : 0.
2026-05-12 23:33:47 ------------------ 
2026-05-12 23:40:47 --- Trajectory --- 
2026-05-12 23:40:47 Prog : HURACAN_BC2_R32_Plastic Skid: 110 Paint : 0.
2026-05-12 23:40:47 ------------------ 
2026-05-12 23:41:46  Vol : HURACAN_BC2_R32_Plastic Skid: 157 Calcul Vol : 85 Color: 20.
2026-05-12 23:41:46  ---------------------------
2026-05-12 23:45:32 --- Trajectory --- 
2026-05-12 23:45:32 Prog : HURACAN_BC2_R32_Plastic Skid: 110 Paint : 0.
2026-05-12 23:45:32 ------------------ 
2026-05-12 23:55:50 --- Trajectory --- 
2026-05-12 23:55:50 Prog : HURACAN_BC2_R32_Plastic Skid: 110 Paint : 0.
2026-05-12 23:55:50 ------------------ 
2026-05-13 00:00:57 --- Trajectory --- 
2026-05-13 00:00:57 Prog : HURACAN_BC2_R32_Plastic Skid: 110 Paint : 0.
2026-05-13 00:00:57 ------------------ 
2026-05-13 00:01:27  Default Volume : URUS_PA2_BC2_R32_EXT_2026 Skid: 218.
2026-05-13 00:01:28  Vol : URUS_PA2_BC2_R32_EXT_2026 Skid: 218 Calcul Vol : 650 Color: 12.
2026-05-13 00:01:28  ---------------------------
2026-05-13 00:08:22 --- Trajectory --- 
2026-05-13 00:08:22 Prog : HURACAN_BC2_R32_Plastic Skid: 157 Paint : 168.
2026-05-13 00:08:22 ------------------ 
2026-05-13 00:13:17  Default Volume : TEM_bc2_r32_int Skid: 244.
2026-05-13 00:13:19  Vol : TEM_bc2_r32_int Skid: 244 Calcul Vol : 650 Color: 20.
2026-05-13 00:13:19  ---------------------------
2026-05-13 00:13:24  Default Volume : TEM_bc2_r32_ext_new Skid: 244.
2026-05-13 00:13:25  Vol : TEM_bc2_r32_ext_new Skid: 244 Calcul Vol : 650 Color: 20.
2026-05-13 00:13:25  ---------------------------
2026-05-13 00:24:23 --- Trajectory --- 
2026-05-13 00:24:23 Prog : HURACAN_BC2_R32_Plastic Skid: 157 Paint : 0.
2026-05-13 00:24:23 ------------------ 
2026-05-13 00:37:42 --- Trajectory INT --- 
2026-05-13 00:37:42  HURACAN_BC2_R31_INT " Skid: 244 Paint : 0.
2026-05-13 00:37:42 --- --- 
2026-05-13 00:37:45 --- Trajectory --- 
2026-05-13 00:37:45 Prog : TEM_bc2_r32_int Skid: 244 Paint : 16.
2026-05-13 00:37:45 ------------------ 
2026-05-13 00:40:15 --- Trajectory --- 
2026-05-13 00:40:15 Prog : TEM_bc2_r32_ext_new Skid: 244 Paint : 177.
2026-05-13 00:40:15 ------------------ 
2026-05-13 00:48:58  Default Volume : TEM_bc2_r32_int Skid: 221.
2026-05-13 00:48:59  Vol : TEM_bc2_r32_int Skid: 221 Calcul Vol : 650 Color: 85.
2026-05-13 00:48:59  ---------------------------
2026-05-13 00:49:04  Default Volume : TEM_bc2_r32_ext_new Skid: 221.
2026-05-13 00:49:06  Vol : TEM_bc2_r32_ext_new Skid: 221 Calcul Vol : 650 Color: 85.
2026-05-13 00:49:06  ---------------------------
2026-05-13 01:08:02  Default Volume : URUS_PA2_BC2_R32_EXT_2026 Skid: 144.
2026-05-13 01:08:04  Vol : URUS_PA2_BC2_R32_EXT_2026 Skid: 144 Calcul Vol : 650 Color: 55.
2026-05-13 01:08:04  ---------------------------
2026-05-13 01:14:40 --- Trajectory INT --- 
2026-05-13 01:14:40  HURACAN_BC2_R31_INT " Skid: 221 Paint : 0.
2026-05-13 01:14:40 --- --- 
2026-05-13 01:14:43 --- Trajectory --- 
2026-05-13 01:14:43 Prog : TEM_bc2_r32_int Skid: 221 Paint : 24.
2026-05-13 01:14:43 ------------------ 
2026-05-13 01:17:13 --- Trajectory --- 
2026-05-13 01:17:13 Prog : TEM_bc2_r32_ext_new Skid: 221 Paint : 268.
2026-05-13 01:17:13 ------------------ 
2026-05-13 01:52:17 --- Trajectory --- 
2026-05-13 01:52:17 Prog : TEM_bc2_r32_ext_new Skid: 221 Paint : 0.
2026-05-13 01:52:17 ------------------ 
2026-05-13 02:13:34  Vol : URUS_PA2_R32_Plastic Skid: 36 Calcul Vol : 10 Color: 35.
2026-05-13 02:13:34  ---------------------------
2026-05-13 02:44:41 --- Trajectory --- 
2026-05-13 02:44:41 Prog : TEM_bc2_r32_ext_new Skid: 221 Paint : 0.
2026-05-13 02:44:41 ------------------ 
2026-05-13 03:06:51  Default Volume : URUS_PA2_BC2_R32_EXT_2026 Skid: 150.
2026-05-13 03:06:52  Vol : URUS_PA2_BC2_R32_EXT_2026 Skid: 150 Calcul Vol : 650 Color: 62.
2026-05-13 03:06:52  ---------------------------
2026-05-13 03:11:52  Vol : HURACAN_BC2_R32_Plastic Skid: 46 Calcul Vol : 64 Color: 34.
2026-05-13 03:11:52  ---------------------------
2026-05-13 03:15:26  Default Volume : TEM_bc2_r32_int Skid: 33.
2026-05-13 03:15:27  Vol : TEM_bc2_r32_int Skid: 33 Calcul Vol : 650 Color: 34.
2026-05-13 03:15:27  ---------------------------
2026-05-13 03:15:32  Default Volume : TEM_bc2_r32_ext_new Skid: 33.
2026-05-13 03:15:34  Vol : TEM_bc2_r32_ext_new Skid: 33 Calcul Vol : 650 Color: 34.
2026-05-13 03:15:34  ---------------------------
2026-05-13 03:24:29  Vol : HURACAN_BC2_R32_Plastic Skid: 111 Calcul Vol : 63 Color: 29.
2026-05-13 03:24:29  ---------------------------
2026-05-13 03:30:38 --- Trajectory --- 
2026-05-13 03:30:38 Prog : TEM_bc2_r32_ext_new Skid: 221 Paint : 0.
2026-05-13 03:30:38 ------------------ 
2026-05-13 03:39:08 --- Trajectory --- 
2026-05-13 03:39:08 Prog : HURACAN_BC2_R32_Plastic Skid: 46 Paint : 107.
2026-05-13 03:39:08 ------------------ 
2026-05-13 03:42:48 --- Trajectory INT --- 
2026-05-13 03:42:48  HURACAN_BC2_R31_INT " Skid: 33 Paint : 0.
2026-05-13 03:42:48 --- --- 
2026-05-13 03:42:51 --- Trajectory --- 
2026-05-13 03:42:51 Prog : TEM_bc2_r32_int Skid: 33 Paint : 16.
2026-05-13 03:42:51 ------------------ 
2026-05-13 03:45:21 --- Trajectory --- 
2026-05-13 03:45:21 Prog : TEM_bc2_r32_ext_new Skid: 33 Paint : 201.
2026-05-13 03:45:21 ------------------ 
2026-05-13 03:52:30 --- Trajectory --- 
2026-05-13 03:52:30 Prog : HURACAN_BC2_R32_Plastic Skid: 111 Paint : 106.
2026-05-13 03:52:30 ------------------ 
2026-05-13 03:53:38  Vol : HURACAN_BC2_R32_Plastic Skid: 71 Calcul Vol : 75 Color: 18.
2026-05-13 03:53:38  ---------------------------
2026-05-13 04:01:41  Default Volume : TEM_bc2_r32_int Skid: 63.
2026-05-13 04:01:42  Vol : TEM_bc2_r32_int Skid: 63 Calcul Vol : 650 Color: 27.
2026-05-13 04:01:42  ---------------------------
2026-05-13 04:01:47  Default Volume : TEM_bc2_r32_ext_new Skid: 63.
2026-05-13 04:01:49  Vol : TEM_bc2_r32_ext_new Skid: 63 Calcul Vol : 650 Color: 27.
2026-05-13 04:01:49  ---------------------------
2026-05-13 04:15:12 --- Trajectory --- 
2026-05-13 04:15:12 Prog : HURACAN_BC2_R32_Plastic Skid: 71 Paint : 118.
2026-05-13 04:15:12 ------------------ 
2026-05-13 04:18:59  Default Volume : TEM_bc2_r32_int Skid: 85.
2026-05-13 04:19:00  Vol : TEM_bc2_r32_int Skid: 85 Calcul Vol : 650 Color: 18.
2026-05-13 04:19:00  ---------------------------
2026-05-13 04:19:05  Default Volume : TEM_bc2_r32_ext_new Skid: 85.
2026-05-13 04:19:07  Vol : TEM_bc2_r32_ext_new Skid: 85 Calcul Vol : 650 Color: 18.
2026-05-13 04:19:07  ---------------------------
2026-05-13 04:22:19  Default Volume : URUS_PA2_BC2_R32_EXT_2026 Skid: 210.
2026-05-13 04:22:21  Vol : URUS_PA2_BC2_R32_EXT_2026 Skid: 210 Calcul Vol : 650 Color: 34.
2026-05-13 04:22:21  ---------------------------
2026-05-13 04:23:10 --- Trajectory --- 
2026-05-13 04:23:10 Prog : TEM_bc2_r32_int Skid: 63 Paint : 0.
2026-05-13 04:23:10 ------------------ 
2026-05-13 04:24:10 --- Trajectory --- 
2026-05-13 04:24:10 Prog : TEM_bc2_r32_ext_new Skid: 63 Paint : 0.
2026-05-13 04:24:10 ------------------ 
2026-05-13 04:47:23  Vol : URUS_PA2_R32_Plastic Skid: 2 Calcul Vol : 10 Color: 27.
2026-05-13 04:47:23  ---------------------------
2026-05-13 06:04:24  Vol : URUS_PA2_R32_Plastic Skid: 22 Calcul Vol : 10 Color: 35.
2026-05-13 06:04:24  ---------------------------
2026-05-13 06:06:11 --- Trajectory --- 
2026-05-13 06:06:11 Prog : TEM_bc2_r32_ext_new Skid: 63 Paint : 0.
2026-05-13 06:06:11 ------------------ 
2026-05-13 06:22:29 --- Trajectory INT --- 
2026-05-13 06:22:29  HURACAN_BC2_R31_INT " Skid: 85 Paint : 0.
2026-05-13 06:22:29 --- --- 
2026-05-13 06:22:32 --- Trajectory --- 
2026-05-13 06:22:32 Prog : TEM_bc2_r32_int Skid: 85 Paint : 16.
2026-05-13 06:22:32 ------------------ 
2026-05-13 06:24:56  Default Volume : URUS_PA2_BC2_R32_EXT_2026 Skid: 145.
2026-05-13 06:24:57  Vol : URUS_PA2_BC2_R32_EXT_2026 Skid: 145 Calcul Vol : 650 Color: 11.
2026-05-13 06:24:57  ---------------------------
2026-05-13 06:25:03 --- Trajectory --- 
2026-05-13 06:25:03 Prog : TEM_bc2_r32_ext_new Skid: 85 Paint : 181.
2026-05-13 06:25:03 ------------------ 
2026-05-13 06:29:32 --- Trajectory --- 
2026-05-13 06:29:32 Prog : TEM_bc2_r32_ext_new Skid: 85 Paint : 0.
2026-05-13 06:29:32 ------------------ 
2026-05-13 06:32:59 --- Trajectory --- 
2026-05-13 06:32:59 Prog : TEM_bc2_r32_ext_new Skid: 85 Paint : 0.
2026-05-13 06:32:59 ------------------ 
2026-05-13 06:36:29 --- Trajectory --- 
2026-05-13 06:36:29 Prog : TEM_bc2_r32_ext_new Skid: 85 Paint : 0.
2026-05-13 06:36:29 ------------------ 
2026-05-13 06:40:10  Vol : URUS_PA2_R32_Plastic Skid: 259 Calcul Vol : 10 Color: 85.
2026-05-13 06:40:10  ---------------------------
2026-05-13 06:43:43  Default Volume : URUS_PA2_BC2_R32_EXT_2026 Skid: 208.
2026-05-13 06:43:45  Vol : URUS_PA2_BC2_R32_EXT_2026 Skid: 208 Calcul Vol : 650 Color: 85.
2026-05-13 06:43:45  ---------------------------
2026-05-13 06:52:16 --- Trajectory --- 
2026-05-13 06:52:16 Prog : TEM_bc2_r32_ext_new Skid: 85 Paint : 0.
2026-05-13 06:52:16 ------------------ 
2026-05-13 06:52:18  Default Volume : URUS_PA2_BC2_R32_EXT_2026 Skid: 144.
2026-05-13 06:52:19  Vol : URUS_PA2_BC2_R32_EXT_2026 Skid: 144 Calcul Vol : 650 Color: 56.
2026-05-13 06:52:19  ---------------------------
2026-05-13 07:02:34 --- Trajectory --- 
2026-05-13 07:02:34 Prog : TEM_bc2_r32_ext_new Skid: 85 Paint : 0.
2026-05-13 07:02:34 ------------------ 
2026-05-13 07:06:15  Default Volume : URUS_PA2_BC2_R32_EXT_2026 Skid: 74.
2026-05-13 07:06:17  Vol : URUS_PA2_BC2_R32_EXT_2026 Skid: 74 Calcul Vol : 650 Color: 27.
2026-05-13 07:06:17  ---------------------------
2026-05-13 07:07:07 --- Trajectory --- 
2026-05-13 07:07:07 Prog : TEM_bc2_r32_ext_new Skid: 85 Paint : 0.
2026-05-13 07:07:07 ------------------ 
2026-05-13 07:12:25  Vol : HURACAN_BC2_R32_Plastic Skid: 110 Calcul Vol : 37 Color: 62.
2026-05-13 07:12:25  ---------------------------
2026-05-13 07:14:46 --- Trajectory --- 
2026-05-13 07:14:46 Prog : TEM_bc2_r32_ext_new Skid: 85 Paint : 0.
2026-05-13 07:14:46 ------------------ 
2026-05-13 07:16:56  Default Volume : TEM_bc2_r32_int Skid: 220.
2026-05-13 07:16:58  Vol : TEM_bc2_r32_int Skid: 220 Calcul Vol : 650 Color: 62.
2026-05-13 07:16:58  ---------------------------
2026-05-13 07:17:03  Default Volume : TEM_bc2_r32_ext_new Skid: 220.
2026-05-13 07:17:05  Vol : TEM_bc2_r32_ext_new Skid: 220 Calcul Vol : 650 Color: 62.
2026-05-13 07:17:05  ---------------------------
2026-05-13 07:32:13 --- Trajectory --- 
2026-05-13 07:32:13 Prog : TEM_bc2_r32_ext_new Skid: 85 Paint : 0.
2026-05-13 07:32:13 ------------------ 
2026-05-13 07:34:55 --- Trajectory --- 
2026-05-13 07:34:55 Prog : HURACAN_BC2_R32_Plastic Skid: 110 Paint : 42.
2026-05-13 07:34:55 ------------------ 
2026-05-13 07:59:38 --- Trajectory INT --- 
2026-05-13 07:59:38  HURACAN_BC2_R31_INT " Skid: 220 Paint : 0.
2026-05-13 07:59:38 --- --- 
2026-05-13 07:59:41 --- Trajectory --- 
2026-05-13 07:59:41 Prog : TEM_bc2_r32_int Skid: 220 Paint : 38.
2026-05-13 07:59:41 ------------------ 
2026-05-13 08:02:12 --- Trajectory --- 
2026-05-13 08:02:12 Prog : TEM_bc2_r32_ext_new Skid: 220 Paint : 386.
2026-05-13 08:02:12 ------------------ 
2026-05-13 08:19:04  Vol : URUS_PA2_R32_Plastic Skid: 102 Calcul Vol : 10 Color: 29.
2026-05-13 08:19:04  ---------------------------
2026-05-13 08:30:31  Vol : HURACAN_BC2_R32_Plastic Skid: 236 Calcul Vol : 75 Color: 18.
2026-05-13 08:30:31  ---------------------------
2026-05-13 08:33:25  Default Volume : TEM_bc2_r32_int Skid: 152.
2026-05-13 08:33:27  Vol : TEM_bc2_r32_int Skid: 152 Calcul Vol : 650 Color: 18.
2026-05-13 08:33:27  ---------------------------
2026-05-13 08:33:32  Default Volume : TEM_bc2_r32_ext_new Skid: 152.
2026-05-13 08:33:33  Vol : TEM_bc2_r32_ext_new Skid: 152 Calcul Vol : 650 Color: 18.
2026-05-13 08:33:33  ---------------------------
2026-05-13 08:40:26 --- Trajectory --- 
2026-05-13 08:40:26 Prog : TEM_bc2_r32_ext_new Skid: 220 Paint : 0.
2026-05-13 08:40:26 ------------------ 
2026-05-13 08:52:00 --- Trajectory --- 
2026-05-13 08:52:00 Prog : HURACAN_BC2_R32_Plastic Skid: 236 Paint : 118.
2026-05-13 08:52:00 ------------------ 
2026-05-13 08:55:39 --- Trajectory INT --- 
2026-05-13 08:55:39  HURACAN_BC2_R31_INT " Skid: 152 Paint : 0.
2026-05-13 08:55:39 --- --- 
2026-05-13 08:55:41 --- Trajectory --- 
2026-05-13 08:55:41 Prog : TEM_bc2_r32_int Skid: 152 Paint : 16.
2026-05-13 08:55:41 ------------------ 
2026-05-13 08:58:12 --- Trajectory --- 
2026-05-13 08:58:12 Prog : TEM_bc2_r32_ext_new Skid: 152 Paint : 181.
2026-05-13 08:58:12 ------------------ 
2026-05-13 08:58:56  Vol : HURACAN_BC2_R32_Plastic Skid: 46 Calcul Vol : 110 Color: 35.
2026-05-13 08:58:56  ---------------------------
2026-05-13 09:02:24  Default Volume : TEM_bc2_r32_int Skid: 33.
2026-05-13 09:02:25  Vol : TEM_bc2_r32_int Skid: 33 Calcul Vol : 650 Color: 35.
2026-05-13 09:02:25  ---------------------------
2026-05-13 09:02:30  Default Volume : TEM_bc2_r32_ext_new Skid: 33.
2026-05-13 09:02:32  Vol : TEM_bc2_r32_ext_new Skid: 33 Calcul Vol : 650 Color: 35.
2026-05-13 09:02:32  ---------------------------
2026-05-13 09:21:20 --- Trajectory --- 
2026-05-13 09:21:20 Prog : HURACAN_BC2_R32_Plastic Skid: 46 Paint : 168.
2026-05-13 09:21:20 ------------------ 
2026-05-13 09:24:49 --- Trajectory INT --- 
2026-05-13 09:24:49  HURACAN_BC2_R31_INT " Skid: 33 Paint : 0.
2026-05-13 09:24:49 --- --- 
2026-05-13 09:24:52 --- Trajectory --- 
2026-05-13 09:24:52 Prog : TEM_bc2_r32_int Skid: 33 Paint : 21.
2026-05-13 09:24:52 ------------------ 
2026-05-13 09:27:22 --- Trajectory --- 
2026-05-13 09:27:22 Prog : TEM_bc2_r32_ext_new Skid: 33 Paint : 260.
2026-05-13 09:27:22 ------------------ 
2026-05-13 09:29:52  Default Volume : URUS_PA2_BC2_R32_EXT_2026 Skid: 210.
2026-05-13 09:29:53  Vol : URUS_PA2_BC2_R32_EXT_2026 Skid: 210 Calcul Vol : 650 Color: 35.
2026-05-13 09:29:53  ---------------------------
2026-05-13 09:39:55  Vol : HURACAN_BC2_R32_Plastic Skid: 157 Calcul Vol : 121 Color: 68.
2026-05-13 09:39:55  ---------------------------
2026-05-13 09:43:29  Default Volume : TEM_bc2_r32_int Skid: 158.
2026-05-13 09:43:30  Vol : TEM_bc2_r32_int Skid: 158 Calcul Vol : 650 Color: 68.
2026-05-13 09:43:30  ---------------------------
2026-05-13 09:43:35  Default Volume : TEM_bc2_r32_ext_new Skid: 158.
2026-05-13 09:43:37  Vol : TEM_bc2_r32_ext_new Skid: 158 Calcul Vol : 650 Color: 68.
2026-05-13 09:43:37  ---------------------------
2026-05-13 09:44:13 --- Trajectory --- 
2026-05-13 09:44:13 Prog : TEM_bc2_r32_ext_new Skid: 33 Paint : 0.
2026-05-13 09:44:13 ------------------ 
2026-05-13 09:48:51 --- Trajectory --- 
2026-05-13 09:48:51 Prog : TEM_bc2_r32_ext_new Skid: 33 Paint : 0.
2026-05-13 09:48:51 ------------------ 
2026-05-13 09:52:40 --- Trajectory --- 
2026-05-13 09:52:40 Prog : TEM_bc2_r32_ext_new Skid: 33 Paint : 0.
2026-05-13 09:52:40 ------------------ 
2026-05-13 09:56:04 --- Trajectory --- 
2026-05-13 09:56:04 Prog : TEM_bc2_r32_ext_new Skid: 33 Paint : 0.
2026-05-13 09:56:04 ------------------ 
2026-05-13 09:59:23 --- Trajectory --- 
2026-05-13 09:59:23 Prog : TEM_bc2_r32_ext_new Skid: 33 Paint : 0.
2026-05-13 09:59:23 ------------------ 
2026-05-13 10:05:29 --- Trajectory --- 
2026-05-13 10:05:29 Prog : TEM_bc2_r32_ext_new Skid: 33 Paint : 0.
2026-05-13 10:05:29 ------------------ 
2026-05-13 10:08:53 --- Trajectory --- 
2026-05-13 10:08:53 Prog : HURACAN_BC2_R32_Plastic Skid: 157 Paint : 197.
2026-05-13 10:08:53 ------------------ 
2026-05-13 10:12:31 --- Trajectory INT --- 
2026-05-13 10:12:31  HURACAN_BC2_R31_INT " Skid: 158 Paint : 0.
2026-05-13 10:12:31 --- --- 
2026-05-13 10:12:34 --- Trajectory --- 
2026-05-13 10:12:34 Prog : TEM_bc2_r32_int Skid: 158 Paint : 27.
2026-05-13 10:12:34 ------------------ 
2026-05-13 10:15:03 --- Trajectory --- 
2026-05-13 10:15:03 Prog : TEM_bc2_r32_ext_new Skid: 158 Paint : 348.
2026-05-13 10:15:03 ------------------ 
2026-05-13 10:37:41  Vol : HURACAN_BC2_R32_Plastic Skid: 200 Calcul Vol : 63 Color: 29.
2026-05-13 10:37:41  ---------------------------
2026-05-13 10:41:11  Default Volume : TEM_bc2_r32_int Skid: 167.
2026-05-13 10:41:13  Vol : TEM_bc2_r32_int Skid: 167 Calcul Vol : 650 Color: 29.
2026-05-13 10:41:13  ---------------------------
2026-05-13 10:41:18  Default Volume : TEM_bc2_r32_ext_new Skid: 167.
2026-05-13 10:41:19  Vol : TEM_bc2_r32_ext_new Skid: 167 Calcul Vol : 650 Color: 29.
2026-05-13 10:41:19  ---------------------------
2026-05-13 10:51:45  Default Volume : TEM_bc2_r32_int Skid: 216.
2026-05-13 10:51:46  Vol : TEM_bc2_r32_int Skid: 216 Calcul Vol : 650 Color: 62.
2026-05-13 10:51:46  ---------------------------
2026-05-13 10:51:51  Default Volume : TEM_bc2_r32_ext_new Skid: 216.
2026-05-13 10:51:53  Vol : TEM_bc2_r32_ext_new Skid: 216 Calcul Vol : 650 Color: 62.
2026-05-13 10:51:53  ---------------------------
2026-05-13 10:57:25 --- Trajectory --- 
2026-05-13 10:57:25 Prog : HURACAN_BC2_R32_Plastic Skid: 200 Paint : 106.
2026-05-13 10:57:25 ------------------ 
2026-05-13 11:04:36 --- Trajectory INT --- 
2026-05-13 11:04:36  HURACAN_BC2_R31_INT " Skid: 167 Paint : 0.
2026-05-13 11:04:36 --- --- 
2026-05-13 11:04:38 --- Trajectory --- 
2026-05-13 11:04:39 Prog : TEM_bc2_r32_int Skid: 167 Paint : 16.
2026-05-13 11:04:39 ------------------ 
2026-05-13 11:07:09 --- Trajectory --- 
2026-05-13 11:07:09 Prog : TEM_bc2_r32_ext_new Skid: 167 Paint : 192.
2026-05-13 11:07:09 ------------------ 
2026-05-13 11:08:20  Default Volume : URUS_PA2_BC2_R32_EXT_2026 Skid: 37.
2026-05-13 11:08:21  Vol : URUS_PA2_BC2_R32_EXT_2026 Skid: 37 Calcul Vol : 650 Color: 9.
2026-05-13 11:08:21  ---------------------------
2026-05-13 11:10:55 --- Trajectory --- 
2026-05-13 11:10:55 Prog : TEM_bc2_r32_int Skid: 216 Paint : 0.
2026-05-13 11:10:55 ------------------ 
2026-05-13 11:11:53 --- Trajectory --- 
2026-05-13 11:11:53 Prog : TEM_bc2_r32_ext_new Skid: 216 Paint : 83.
2026-05-13 11:11:53 ------------------ 
2026-05-13 11:30:22  Vol : URUS_PA2_R32_Plastic Skid: 67 Calcul Vol : 10 Color: 20.
2026-05-13 11:30:22  ---------------------------
2026-05-13 11:44:20 --- Trajectory --- 
2026-05-13 11:44:20 Prog : TEM_bc2_r32_ext_new Skid: 216 Paint : 0.
2026-05-13 11:44:20 ------------------ 
2026-05-13 11:51:47  Default Volume : URUS_PA2_BC2_R32_EXT_2026 Skid: 82.
2026-05-13 11:51:48  Vol : URUS_PA2_BC2_R32_EXT_2026 Skid: 82 Calcul Vol : 650 Color: 20.
2026-05-13 11:51:48  ---------------------------
2026-05-13 12:00:57 --- Trajectory --- 
2026-05-13 12:00:57 Prog : TEM_bc2_r32_ext_new Skid: 216 Paint : 0.
2026-05-13 12:00:57 ------------------ 
2026-05-13 12:19:43 --- Trajectory --- 
2026-05-13 12:19:43 Prog : TEM_bc2_r32_ext_new Skid: 216 Paint : 0.
2026-05-13 12:19:43 ------------------ 
2026-05-13 12:39:59  Vol : URUS_PA2_R32_Plastic Skid: 42 Calcul Vol : 10 Color: 106.
2026-05-13 12:39:59  ---------------------------
2026-05-13 12:43:42  Default Volume : URUS_PA2_BC2_R32_EXT_2026 Skid: 122.
2026-05-13 12:43:44  Vol : URUS_PA2_BC2_R32_EXT_2026 Skid: 122 Calcul Vol : 650 Color: 106.
2026-05-13 12:43:44  ---------------------------
2026-05-13 12:59:09  Vol : URUS_PA2_R32_Plastic Skid: 42 Calcul Vol : 10 Color: 106.
2026-05-13 12:59:09  ---------------------------
2026-05-13 13:04:01  Default Volume : URUS_PA2_BC2_R32_EXT_2026 Skid: 122.
2026-05-13 13:04:03  Vol : URUS_PA2_BC2_R32_EXT_2026 Skid: 122 Calcul Vol : 650 Color: 106.
2026-05-13 13:04:03  ---------------------------
2026-05-13 13:23:36  Default Volume : URUS_PA2_BC2_R32_EXT_2026 Skid: 206.
2026-05-13 13:23:37  Vol : URUS_PA2_BC2_R32_EXT_2026 Skid: 206 Calcul Vol : 650 Color: 29.
2026-05-13 13:23:37  ---------------------------
2026-05-13 13:25:54 --- Trajectory --- 
2026-05-13 13:25:54 Prog : TEM_bc2_r32_ext_new Skid: 216 Paint : 0.
2026-05-13 13:25:54 ------------------ 
2026-05-13 13:32:35 --- Trajectory --- 
2026-05-13 13:32:35 Prog : TEM_bc2_r32_ext_new Skid: 216 Paint : 0.
2026-05-13 13:32:35 ------------------ 
2026-05-13 14:12:06 --- Trajectory --- 
2026-05-13 14:12:06 Prog : TEM_bc2_r32_ext_new Skid: 216 Paint : 0.
2026-05-13 14:12:06 ------------------ 
2026-05-13 14:50:56  Default Volume : URUS_PA2_BC2_R32_EXT_2026 Skid: 105.
2026-05-13 14:50:58  Vol : URUS_PA2_BC2_R32_EXT_2026 Skid: 105 Calcul Vol : 650 Color: 13.
2026-05-13 14:50:58  ---------------------------
2026-05-13 15:19:35  Default Volume : URUS_PA2_BC2_R32_EXT_2026 Skid: 126.
2026-05-13 15:19:36  Vol : URUS_PA2_BC2_R32_EXT_2026 Skid: 126 Calcul Vol : 650 Color: 20.
2026-05-13 15:19:36  ---------------------------
2026-05-13 15:21:15 --- Trajectory --- 
2026-05-13 15:21:15 Prog : TEM_bc2_r32_ext_new Skid: 216 Paint : 0.
2026-05-13 15:21:15 ------------------ 
2026-05-13 15:28:01  Vol : HURACAN_BC2_R32_Plastic Skid: 157 Calcul Vol : 76 Color: 69.
2026-05-13 15:28:01  ---------------------------
2026-05-13 15:34:03  Default Volume : TEM_bc2_r32_int Skid: 158.
2026-05-13 15:34:04  Vol : TEM_bc2_r32_int Skid: 158 Calcul Vol : 650 Color: 69.
2026-05-13 15:34:04  ---------------------------
2026-05-13 15:34:09  Default Volume : TEM_bc2_r32_ext_new Skid: 158.
2026-05-13 15:34:11  Vol : TEM_bc2_r32_ext_new Skid: 158 Calcul Vol : 650 Color: 69.
2026-05-13 15:34:11  ---------------------------
2026-05-13 15:46:02 --- Trajectory --- 
2026-05-13 15:46:02 Prog : TEM_bc2_r32_ext_new Skid: 216 Paint : 0.
2026-05-13 15:46:02 ------------------ 
2026-05-13 15:53:04 --- Trajectory --- 
2026-05-13 15:53:04 Prog : HURACAN_BC2_R32_Plastic Skid: 157 Paint : 133.
2026-05-13 15:53:04 ------------------ 
2026-05-13 15:58:09 --- Trajectory INT --- 
2026-05-13 15:58:09  HURACAN_BC2_R31_INT " Skid: 158 Paint : 0.
2026-05-13 15:58:09 --- --- 
2026-05-13 15:58:12 --- Trajectory --- 
2026-05-13 15:58:12 Prog : TEM_bc2_r32_int Skid: 158 Paint : 25.
2026-05-13 15:58:12 ------------------ 
2026-05-13 16:00:42 --- Trajectory --- 
2026-05-13 16:00:42 Prog : TEM_bc2_r32_ext_new Skid: 158 Paint : 260.
2026-05-13 16:00:42 ------------------ 
2026-05-13 16:09:28  Vol : URUS_PA2_R32_Plastic Skid: 201 Calcul Vol : 10 Color: 62.
2026-05-13 16:09:28  ---------------------------
2026-05-13 16:14:19  Vol : HURACAN_BC2_R32_Plastic Skid: 45 Calcul Vol : 110 Color: 145.
2026-05-13 16:14:19  ---------------------------
2026-05-13 16:32:06 --- Trajectory --- 
2026-05-13 16:32:06 Prog : TEM_bc2_r32_ext_new Skid: 158 Paint : 0.
2026-05-13 16:32:06 ------------------ 
2026-05-13 16:38:54 --- Trajectory --- 
2026-05-13 16:38:54 Prog : HURACAN_BC2_R32_Plastic Skid: 45 Paint : 168.
2026-05-13 16:38:54 ------------------ 
2026-05-13 17:05:12  Vol : URUS_PA2_R32_Plastic Skid: 192 Calcul Vol : 1 Color: 145.
2026-05-13 17:05:12  ---------------------------
2026-05-13 17:11:41  Default Volume : URUS_PA2_BC2_R32_EXT_2026 Skid: 56.
2026-05-13 17:11:43  Vol : URUS_PA2_BC2_R32_EXT_2026 Skid: 56 Calcul Vol : 650 Color: 145.
2026-05-13 17:11:43  ---------------------------
2026-05-13 17:28:55 --- Trajectory --- 
2026-05-13 17:28:55 Prog : HURACAN_BC2_R32_Plastic Skid: 45 Paint : 0.
2026-05-13 17:28:55 ------------------ 
2026-05-13 17:33:28  Default Volume : TEM_bc2_r32_int Skid: 204.
2026-05-13 17:33:30  Vol : TEM_bc2_r32_int Skid: 204 Calcul Vol : 650 Color: 145.
2026-05-13 17:33:30  ---------------------------
2026-05-13 17:33:35  Default Volume : TEM_bc2_r32_ext_new Skid: 204.
2026-05-13 17:33:36  Vol : TEM_bc2_r32_ext_new Skid: 204 Calcul Vol : 650 Color: 145.
2026-05-13 17:33:36  ---------------------------
2026-05-13 17:35:34 --- Trajectory --- 
2026-05-13 17:35:34 Prog : HURACAN_BC2_R32_Plastic Skid: 45 Paint : 0.
2026-05-13 17:35:34 ------------------ 
2026-05-13 18:16:12 --- Trajectory INT --- 
2026-05-13 18:16:12  HURACAN_BC2_R31_INT " Skid: 204 Paint : 0.
2026-05-13 18:16:12 --- --- 
2026-05-13 18:16:15 --- Trajectory --- 
2026-05-13 18:16:15 Prog : TEM_bc2_r32_int Skid: 204 Paint : 21.
2026-05-13 18:16:15 ------------------ 
2026-05-13 18:18:45 --- Trajectory --- 
2026-05-13 18:18:45 Prog : TEM_bc2_r32_ext_new Skid: 204 Paint : 296.
2026-05-13 18:18:45 ------------------ 
2026-05-13 18:36:32  Default Volume : TEM_bc2_r32_int Skid: 233.
2026-05-13 18:36:33  Vol : TEM_bc2_r32_int Skid: 233 Calcul Vol : 650 Color: 20.
2026-05-13 18:36:33  ---------------------------
2026-05-13 18:36:39  Default Volume : TEM_bc2_r32_ext_new Skid: 233.
2026-05-13 18:36:40  Vol : TEM_bc2_r32_ext_new Skid: 233 Calcul Vol : 650 Color: 20.
2026-05-13 18:36:40  ---------------------------
2026-05-13 19:00:55 --- Trajectory INT --- 
2026-05-13 19:00:55  HURACAN_BC2_R31_INT " Skid: 233 Paint : 0.
2026-05-13 19:00:56 --- --- 
2026-05-13 19:00:58 --- Trajectory --- 
2026-05-13 19:00:58 Prog : TEM_bc2_r32_int Skid: 233 Paint : 16.
2026-05-13 19:00:58 ------------------ 
2026-05-13 19:03:29 --- Trajectory --- 
2026-05-13 19:03:29 Prog : TEM_bc2_r32_ext_new Skid: 233 Paint : 177.
2026-05-13 19:03:29 ------------------ 
2026-05-13 19:24:05  Default Volume : TEM_bc2_r32_int Skid: 168.
2026-05-13 19:24:06  Vol : TEM_bc2_r32_int Skid: 168 Calcul Vol : 650 Color: 53.
2026-05-13 19:24:06  ---------------------------
2026-05-13 19:24:11  Default Volume : TEM_bc2_r32_ext_new Skid: 168.
2026-05-13 19:24:13  Vol : TEM_bc2_r32_ext_new Skid: 168 Calcul Vol : 650 Color: 53.
2026-05-13 19:24:13  ---------------------------
2026-05-13 19:29:09  Vol : HURACAN_BC2_R32_Plastic Skid: 164 Calcul Vol : 98 Color: 53.
2026-05-13 19:29:09  ---------------------------
2026-05-13 19:47:04 --- Trajectory INT --- 
2026-05-13 19:47:04  HURACAN_BC2_R31_INT " Skid: 168 Paint : 0.
2026-05-13 19:47:04 --- --- 
2026-05-13 19:47:07 --- Trajectory --- 
2026-05-13 19:47:07 Prog : TEM_bc2_r32_int Skid: 168 Paint : 21.
2026-05-13 19:47:07 ------------------ 
2026-05-13 19:49:37 --- Trajectory --- 
2026-05-13 19:49:37 Prog : TEM_bc2_r32_ext_new Skid: 168 Paint : 238.
2026-05-13 19:49:37 ------------------ 
2026-05-13 19:52:19 --- Trajectory --- 
2026-05-13 19:52:19 Prog : HURACAN_BC2_R32_Plastic Skid: 164 Paint : 156.
2026-05-13 19:52:19 ------------------ 
2026-05-13 19:56:18  Vol : URUS_PA2_R32_Plastic Skid: 240 Calcul Vol : 1 Color: 55.
2026-05-13 19:56:18  ---------------------------
2026-05-13 20:00:22  Default Volume : URUS_PA2_BC2_R32_EXT_2026 Skid: 49.
2026-05-13 20:00:24  Vol : URUS_PA2_BC2_R32_EXT_2026 Skid: 49 Calcul Vol : 650 Color: 55.
2026-05-13 20:00:24  ---------------------------
2026-05-13 20:15:45  Default Volume : URUS_PA2_BC2_R32_EXT_2026 Skid: 150.
2026-05-13 20:15:47  Vol : URUS_PA2_BC2_R32_EXT_2026 Skid: 150 Calcul Vol : 650 Color: 10.
2026-05-13 20:15:47  ---------------------------
2026-05-13 20:23:13 --- Trajectory --- 
2026-05-13 20:23:13 Prog : HURACAN_BC2_R32_Plastic Skid: 164 Paint : 0.
2026-05-13 20:23:13 ------------------ 
2026-05-13 20:28:46  Default Volume : TEM_bc2_r32_int Skid: 158.
2026-05-13 20:28:47  Vol : TEM_bc2_r32_int Skid: 158 Calcul Vol : 650 Color: 68.
2026-05-13 20:28:47  ---------------------------
2026-05-13 20:28:52  Default Volume : TEM_bc2_r32_ext_new Skid: 158.
2026-05-13 20:28:54  Vol : TEM_bc2_r32_ext_new Skid: 158 Calcul Vol : 650 Color: 68.
2026-05-13 20:28:54  ---------------------------
2026-05-13 20:32:46 --- Trajectory --- 
2026-05-13 20:32:46 Prog : HURACAN_BC2_R32_Plastic Skid: 164 Paint : 0.
2026-05-13 20:32:46 ------------------ 
2026-05-13 20:40:59  Vol : URUS_PA2_R32_Plastic Skid: 169 Calcul Vol : 10 Color: 67.
2026-05-13 20:41:00  ---------------------------
2026-05-13 20:53:20 --- Trajectory --- 
2026-05-13 20:53:20 Prog : HURACAN_BC2_R32_Plastic Skid: 164 Paint : 0.
2026-05-13 20:53:20 ------------------ 
2026-05-13 20:55:24  Vol : HURACAN_BC2_R32_Plastic Skid: 110 Calcul Vol : 111 Color: 11.
2026-05-13 20:55:24  ---------------------------
2026-05-13 20:58:13  Default Volume : TEM_bc2_r32_int Skid: 96.
2026-05-13 20:58:14  Vol : TEM_bc2_r32_int Skid: 96 Calcul Vol : 650 Color: 11.
2026-05-13 20:58:14  ---------------------------
2026-05-13 20:58:19  Default Volume : TEM_bc2_r32_ext_new Skid: 96.
2026-05-13 20:58:21  Vol : TEM_bc2_r32_ext_new Skid: 96 Calcul Vol : 650 Color: 11.
2026-05-13 20:58:21  ---------------------------
2026-05-13 21:02:28  Vol : URUS_PA2_R32_Plastic Skid: 197 Calcul Vol : 10 Color: 20.
2026-05-13 21:02:28  ---------------------------
2026-05-13 21:05:19 --- Trajectory INT --- 
2026-05-13 21:05:19  HURACAN_BC2_R31_INT " Skid: 158 Paint : 0.
2026-05-13 21:05:19 --- --- 
2026-05-13 21:05:22 --- Trajectory --- 
2026-05-13 21:05:22 Prog : TEM_bc2_r32_int Skid: 158 Paint : 27.
2026-05-13 21:05:22 ------------------ 
2026-05-13 21:07:52 --- Trajectory --- 
2026-05-13 21:07:52 Prog : TEM_bc2_r32_ext_new Skid: 158 Paint : 348.
2026-05-13 21:07:52 ------------------ 
2026-05-13 21:10:51  Default Volume : URUS_PA2_BC2_R32_EXT_2026 Skid: 133.
2026-05-13 21:10:53  Vol : URUS_PA2_BC2_R32_EXT_2026 Skid: 133 Calcul Vol : 650 Color: 20.
2026-05-13 21:10:53  ---------------------------
2026-05-13 21:11:08 --- Trajectory --- 
2026-05-13 21:11:08 Prog : TEM_bc2_r32_ext_new Skid: 158 Paint : 0.
2026-05-13 21:11:08 ------------------ 
2026-05-13 21:20:15 --- Trajectory --- 
2026-05-13 21:20:15 Prog : HURACAN_BC2_R32_Plastic Skid: 110 Paint : 186.
2026-05-13 21:20:15 ------------------ 
2026-05-13 21:26:01 --- Trajectory INT --- 
2026-05-13 21:26:01  HURACAN_BC2_R31_INT " Skid: 96 Paint : 0.
2026-05-13 21:26:01 --- --- 
2026-05-13 21:26:04 --- Trajectory --- 
2026-05-13 21:26:04 Prog : TEM_bc2_r32_int Skid: 96 Paint : 16.
2026-05-13 21:26:04 ------------------ 
2026-05-13 21:28:34 --- Trajectory --- 
2026-05-13 21:28:34 Prog : TEM_bc2_r32_ext_new Skid: 96 Paint : 308.
2026-05-13 21:28:34 ------------------ 
2026-05-13 21:31:50 --- Trajectory --- 
2026-05-13 21:31:50 Prog : TEM_bc2_r32_ext_new Skid: 96 Paint : 0.
2026-05-13 21:31:50 ------------------ 
2026-05-13 21:32:04  Vol : URUS_PA2_R32_Plastic Skid: 253 Calcul Vol : 10 Color: 53.
2026-05-13 21:32:04  ---------------------------
2026-05-13 21:37:17 --- Trajectory --- 
2026-05-13 21:37:17 Prog : TEM_bc2_r32_ext_new Skid: 96 Paint : 0.
2026-05-13 21:37:17 ------------------ 
2026-05-13 21:50:46 --- Trajectory --- 
2026-05-13 21:50:46 Prog : TEM_bc2_r32_ext_new Skid: 96 Paint : 0.
2026-05-13 21:50:46 ------------------ 
2026-05-13 22:04:04  Vol : URUS_PA2_R32_Plastic Skid: 101 Calcul Vol : 10 Color: 68.
2026-05-13 22:04:04  ---------------------------
2026-05-13 22:08:44  Default Volume : TEM_bc2_r32_int Skid: 160.
2026-05-13 22:08:46  Vol : TEM_bc2_r32_int Skid: 160 Calcul Vol : 650 Color: 9.
2026-05-13 22:08:46  ---------------------------
2026-05-13 22:08:51  Default Volume : HURACAN_SP_BC2_R32_EXT Skid: 160.
2026-05-13 22:08:52  Vol : HURACAN_SP_BC2_R32_EXT Skid: 160 Calcul Vol : 650 Color: 9.
2026-05-13 22:08:52  ---------------------------
2026-05-13 22:12:24  Vol : HURACAN_BC2_R32_Plastic Skid: 46 Calcul Vol : 91 Color: 25.
2026-05-13 22:12:24  ---------------------------
2026-05-13 22:15:21  Default Volume : TEM_bc2_r32_int Skid: 223.
2026-05-13 22:15:23  Vol : TEM_bc2_r32_int Skid: 223 Calcul Vol : 650 Color: 25.
2026-05-13 22:15:23  ---------------------------
2026-05-13 22:15:28  Default Volume : TEM_bc2_r32_ext_new Skid: 223.
2026-05-13 22:15:30  Vol : TEM_bc2_r32_ext_new Skid: 223 Calcul Vol : 650 Color: 25.
2026-05-13 22:15:30  ---------------------------
2026-05-13 22:45:58 --- Trajectory --- 
2026-05-13 22:45:58 Prog : TEM_bc2_r32_ext_new Skid: 96 Paint : 0.
2026-05-13 22:45:58 ------------------ 
2026-05-13 22:46:17  Default Volume : URUS_PA2_BC2_R32_EXT_2026 Skid: 245.
2026-05-13 22:46:18  Vol : URUS_PA2_BC2_R32_EXT_2026 Skid: 245 Calcul Vol : 650 Color: 11.
2026-05-13 22:46:18  ---------------------------
2026-05-13 22:54:48  Default Volume : TEM_bc2_r32_int Skid: 207.
2026-05-13 22:54:50  Vol : TEM_bc2_r32_int Skid: 207 Calcul Vol : 650 Color: 16.
2026-05-13 22:54:50  ---------------------------
2026-05-13 22:54:55  Default Volume : TEM_bc2_r32_ext_new Skid: 207.
2026-05-13 22:54:56  Vol : TEM_bc2_r32_ext_new Skid: 207 Calcul Vol : 650 Color: 16.
2026-05-13 22:54:56  ---------------------------
2026-05-13 23:17:11 --- Trajectory --- 
2026-05-13 23:17:11 Prog : HURACAN_BC2_R32_Plastic Skid: 46 Paint : 176.
2026-05-13 23:17:11 ------------------ 
2026-05-13 23:19:17 --- Trajectory INT --- 
2026-05-13 23:19:17  HURACAN_BC2_R31_INT " Skid: 223 Paint : 0.
2026-05-13 23:19:17 --- --- 
2026-05-13 23:19:20 --- Trajectory --- 
2026-05-13 23:19:20 Prog : TEM_bc2_r32_int Skid: 223 Paint : 13.
2026-05-13 23:19:20 ------------------ 
2026-05-13 23:21:51 --- Trajectory --- 
2026-05-13 23:21:51 Prog : TEM_bc2_r32_ext_new Skid: 223 Paint : 417.
2026-05-13 23:21:51 ------------------ 
2026-05-13 23:32:16  Default Volume : URUS_PA2_BC2_R32_EXT_2026 Skid: 56.
2026-05-13 23:32:18  Vol : URUS_PA2_BC2_R32_EXT_2026 Skid: 56 Calcul Vol : 650 Color: 146.
2026-05-13 23:32:18  ---------------------------
2026-05-13 23:35:18 --- Trajectory --- 
2026-05-13 23:35:18 Prog : TEM_bc2_r32_ext_new Skid: 223 Paint : 0.
2026-05-13 23:35:18 ------------------ 
2026-05-13 23:44:25  Default Volume : TEM_bc2_r32_int Skid: 207.
2026-05-13 23:44:26  Vol : TEM_bc2_r32_int Skid: 207 Calcul Vol : 650 Color: 16.
2026-05-13 23:44:26  ---------------------------
2026-05-13 23:44:32  Default Volume : TEM_bc2_r32_ext_new Skid: 207.
2026-05-13 23:44:33  Vol : TEM_bc2_r32_ext_new Skid: 207 Calcul Vol : 650 Color: 16.
2026-05-13 23:44:33  ---------------------------
2026-05-13 23:50:42  Vol : URUS_PA2_R32_Plastic Skid: 192 Calcul Vol : 10 Color: 146.
2026-05-13 23:50:42  ---------------------------
2026-05-13 23:54:46  Default Volume : URUS_PA2_BC2_R32_EXT_2026 Skid: 14.
2026-05-13 23:54:47  Vol : URUS_PA2_BC2_R32_EXT_2026 Skid: 14 Calcul Vol : 650 Color: 11.
2026-05-13 23:54:47  ---------------------------
2026-05-14 00:04:55 --- Trajectory --- 
2026-05-14 00:04:55 Prog : TEM_bc2_r32_ext_new Skid: 223 Paint : 0.
2026-05-14 00:04:55 ------------------ 
2026-05-14 00:07:44 --- Trajectory INT --- 
2026-05-14 00:07:44  HURACAN_BC2_R31_INT " Skid: 207 Paint : 0.
2026-05-14 00:07:44 --- --- 
2026-05-14 00:07:47 --- Trajectory --- 
2026-05-14 00:07:47 Prog : TEM_bc2_r32_int Skid: 207 Paint : 29.
2026-05-14 00:07:47 ------------------ 
2026-05-14 00:08:19  Default Volume : URUS_PA2_BC2_R32_EXT_2026 Skid: 163.
2026-05-14 00:08:21  Vol : URUS_PA2_BC2_R32_EXT_2026 Skid: 163 Calcul Vol : 650 Color: 68.
2026-05-14 00:08:21  ---------------------------
2026-05-14 00:09:56 --- Trajectory --- 
2026-05-14 00:09:56 Prog : TEM_bc2_r32_ext_new Skid: 207 Paint : 190.
2026-05-14 00:09:56 ------------------ 
2026-05-14 00:18:37 --- Trajectory --- 
2026-05-14 00:18:37 Prog : TEM_bc2_r32_ext_new Skid: 207 Paint : 0.
2026-05-14 00:18:37 ------------------ 
2026-05-14 00:24:00  Vol : URUS_PA2_R32_Plastic Skid: 240 Calcul Vol : 10 Color: 56.
2026-05-14 00:24:00  ---------------------------
2026-05-14 00:25:37 --- Trajectory --- 
2026-05-14 00:25:37 Prog : TEM_bc2_r32_ext_new Skid: 207 Paint : 0.
2026-05-14 00:25:37 ------------------ 
2026-05-14 00:29:28  Default Volume : URUS_PA2_BC2_R32_EXT_2026 Skid: 49.
2026-05-14 00:29:30  Vol : URUS_PA2_BC2_R32_EXT_2026 Skid: 49 Calcul Vol : 650 Color: 56.
2026-05-14 00:29:30  ---------------------------
2026-05-14 00:40:59  Default Volume : TEM_bc2_r32_int Skid: 158.
2026-05-14 00:41:00  Vol : TEM_bc2_r32_int Skid: 158 Calcul Vol : 650 Color: 69.
2026-05-14 00:41:00  ---------------------------
2026-05-14 00:41:05  Default Volume : TEM_bc2_r32_ext_new Skid: 158.
2026-05-14 00:41:07  Vol : TEM_bc2_r32_ext_new Skid: 158 Calcul Vol : 650 Color: 69.
2026-05-14 00:41:07  ---------------------------
2026-05-14 00:42:09 --- Trajectory --- 
2026-05-14 00:42:09 Prog : TEM_bc2_r32_ext_new Skid: 207 Paint : 0.
2026-05-14 00:42:09 ------------------ 
2026-05-14 00:50:20  Vol : HURACAN_BC2_R32_Plastic Skid: 91 Calcul Vol : 64 Color: 34.
2026-05-14 00:50:20  ---------------------------
2026-05-14 00:54:18  Default Volume : TEM_bc2_r32_int Skid: 52.
2026-05-14 00:54:19  Vol : TEM_bc2_r32_int Skid: 52 Calcul Vol : 650 Color: 34.
2026-05-14 00:54:19  ---------------------------
2026-05-14 00:54:24  Default Volume : TEM_bc2_r32_ext_new Skid: 52.
2026-05-14 00:54:26  Vol : TEM_bc2_r32_ext_new Skid: 52 Calcul Vol : 650 Color: 34.
2026-05-14 00:54:26  ---------------------------
2026-05-14 00:54:50 --- Trajectory --- 
2026-05-14 00:54:50 Prog : TEM_bc2_r32_ext_new Skid: 207 Paint : 0.
2026-05-14 00:54:50 ------------------ 
2026-05-14 00:59:12  Default Volume : URUS_PA2_BC2_R32_EXT_2026 Skid: 68.
2026-05-14 00:59:14  Vol : URUS_PA2_BC2_R32_EXT_2026 Skid: 68 Calcul Vol : 650 Color: 62.
2026-05-14 00:59:14  ---------------------------
2026-05-14 01:02:10 --- Trajectory --- 
2026-05-14 01:02:10 Prog : TEM_bc2_r32_ext_new Skid: 207 Paint : 0.
2026-05-14 01:02:10 ------------------ 
2026-05-14 01:04:31  Vol : URUS_PA2_R32_Plastic Skid: 101 Calcul Vol : 10 Color: 69.
2026-05-14 01:04:31  ---------------------------
2026-05-14 01:10:11 --- Trajectory INT --- 
2026-05-14 01:10:11  HURACAN_BC2_R31_INT " Skid: 158 Paint : 0.
2026-05-14 01:10:11 --- --- 
2026-05-14 01:10:14 --- Trajectory --- 
2026-05-14 01:10:14 Prog : TEM_bc2_r32_int Skid: 158 Paint : 25.
2026-05-14 01:10:14 ------------------ 
2026-05-14 01:12:44 --- Trajectory --- 
2026-05-14 01:12:44 Prog : TEM_bc2_r32_ext_new Skid: 158 Paint : 260.
2026-05-14 01:12:44 ------------------ 
2026-05-14 01:26:07 --- Trajectory --- 
2026-05-14 01:26:07 Prog : HURACAN_BC2_R32_Plastic Skid: 91 Paint : 107.
2026-05-14 01:26:07 ------------------ 
2026-05-14 01:28:49  Default Volume : TEM_bc2_r32_int Skid: 12.
2026-05-14 01:28:50  Vol : TEM_bc2_r32_int Skid: 12 Calcul Vol : 650 Color: 15.
2026-05-14 01:28:50  ---------------------------
2026-05-14 01:28:56  Default Volume : TEM_bc2_r32_ext_new Skid: 12.
2026-05-14 01:28:57  Vol : TEM_bc2_r32_ext_new Skid: 12 Calcul Vol : 650 Color: 15.
2026-05-14 01:28:57  ---------------------------
2026-05-14 01:29:32 --- Trajectory INT --- 
2026-05-14 01:29:32  HURACAN_BC2_R31_INT " Skid: 52 Paint : 0.
2026-05-14 01:29:32 --- --- 
2026-05-14 01:29:34 --- Trajectory --- 
2026-05-14 01:29:34 Prog : TEM_bc2_r32_int Skid: 52 Paint : 16.
2026-05-14 01:29:34 ------------------ 
2026-05-14 01:32:04 --- Trajectory --- 
2026-05-14 01:32:04 Prog : TEM_bc2_r32_ext_new Skid: 52 Paint : 201.
2026-05-14 01:32:04 ------------------ 
2026-05-14 01:38:43 --- Trajectory --- 
2026-05-14 01:38:43 Prog : TEM_bc2_r32_ext_new Skid: 52 Paint : 0.
2026-05-14 01:38:43 ------------------ 
2026-05-14 01:53:01  Vol : URUS_PA2_R32_Plastic Skid: 101 Calcul Vol : 10 Color: 69.
2026-05-14 01:53:01  ---------------------------
2026-05-14 01:59:22  Vol : URUS_PA2_R32_Plastic Skid: 22 Calcul Vol : 10 Color: 27.
2026-05-14 01:59:22  ---------------------------
2026-05-14 02:07:23 --- Trajectory INT --- 
2026-05-14 02:07:23  HURACAN_BC2_R31_INT " Skid: 12 Paint : 0.
2026-05-14 02:07:23 --- --- 
2026-05-14 02:07:26 --- Trajectory --- 
2026-05-14 02:07:26 Prog : TEM_bc2_r32_int Skid: 12 Paint : 18.
2026-05-14 02:07:26 ------------------ 
2026-05-14 02:08:13  Default Volume : URUS_PA2_BC2_R32_EXT_2026 Skid: 149.
2026-05-14 02:08:14  Vol : URUS_PA2_BC2_R32_EXT_2026 Skid: 149 Calcul Vol : 650 Color: 15.
2026-05-14 02:08:14  ---------------------------
2026-05-14 02:09:56 --- Trajectory --- 
2026-05-14 02:09:56 Prog : TEM_bc2_r32_ext_new Skid: 12 Paint : 199.
2026-05-14 02:09:56 ------------------ 
2026-05-14 02:14:03 --- Trajectory --- 
2026-05-14 02:14:03 Prog : TEM_bc2_r32_ext_new Skid: 12 Paint : 0.
2026-05-14 02:14:03 ------------------ 
2026-05-14 02:24:43 --- Trajectory --- 
2026-05-14 02:24:43 Prog : TEM_bc2_r32_ext_new Skid: 12 Paint : 0.
2026-05-14 02:24:43 ------------------ 
2026-05-14 02:25:49  Vol : HURACAN_BC2_R32_Plastic Skid: 111 Calcul Vol : 63 Color: 29.
2026-05-14 02:25:49  ---------------------------
2026-05-14 02:28:38  Vol : URUS_PA2_R32_Plastic Skid: 2 Calcul Vol : 1 Color: 97.
2026-05-14 02:28:38  ---------------------------
2026-05-14 02:35:20 --- Trajectory --- 
2026-05-14 02:35:20 Prog : TEM_bc2_r32_ext_new Skid: 12 Paint : 0.
2026-05-14 02:35:20 ------------------ 
2026-05-14 02:40:16  Default Volume : TEM_bc2_r32_int Skid: 202.
2026-05-14 02:40:18  Vol : TEM_bc2_r32_int Skid: 202 Calcul Vol : 650 Color: 29.
2026-05-14 02:40:18  ---------------------------
2026-05-14 02:40:23  Default Volume : TEM_bc2_r32_ext_new Skid: 202.
2026-05-14 02:40:24  Vol : TEM_bc2_r32_ext_new Skid: 202 Calcul Vol : 650 Color: 29.
2026-05-14 02:40:24  ---------------------------
2026-05-14 02:49:05 --- Trajectory --- 
2026-05-14 02:49:05 Prog : HURACAN_BC2_R32_Plastic Skid: 111 Paint : 106.
2026-05-14 02:49:05 ------------------ 
2026-05-14 02:52:38 --- Trajectory --- 
2026-05-14 02:52:38 Prog : HURACAN_BC2_R32_Plastic Skid: 111 Paint : 0.
2026-05-14 02:52:38 ------------------ 
2026-05-14 03:05:37 --- Trajectory INT --- 
2026-05-14 03:05:37  HURACAN_BC2_R31_INT " Skid: 202 Paint : 0.
2026-05-14 03:05:37 --- --- 
2026-05-14 03:05:40 --- Trajectory --- 
2026-05-14 03:05:40 Prog : TEM_bc2_r32_int Skid: 202 Paint : 16.
2026-05-14 03:05:40 ------------------ 
2026-05-14 03:08:09 --- Trajectory --- 
2026-05-14 03:08:09 Prog : TEM_bc2_r32_ext_new Skid: 202 Paint : 192.
2026-05-14 03:08:09 ------------------ 
2026-05-14 03:49:01  Default Volume : URUS_PA2_BC2_R32_EXT_2026 Skid: 163.
2026-05-14 03:49:03  Vol : URUS_PA2_BC2_R32_EXT_2026 Skid: 163 Calcul Vol : 650 Color: 69.
2026-05-14 03:49:03  ---------------------------
2026-05-14 04:14:14 --- Trajectory --- 
2026-05-14 04:14:14 Prog : TEM_bc2_r32_ext_new Skid: 202 Paint : 0.
2026-05-14 04:14:14 ------------------ 
2026-05-14 04:15:38  Default Volume : URUS_PA2_BC2_R32_EXT_2026 Skid: 221.
2026-05-14 04:15:40  Vol : URUS_PA2_BC2_R32_EXT_2026 Skid: 221 Calcul Vol : 650 Color: 53.
2026-05-14 04:15:40  ---------------------------
2026-05-14 04:20:45  Vol : URUS_PA2_R32_Plastic Skid: 67 Calcul Vol : 10 Color: 20.
2026-05-14 04:20:45  ---------------------------
2026-05-14 04:38:33 --- Trajectory --- 
2026-05-14 04:38:33 Prog : TEM_bc2_r32_ext_new Skid: 202 Paint : 0.
2026-05-14 04:38:33 ------------------ 
2026-05-14 05:54:42 --- Trajectory --- 
2026-05-14 05:54:42 Prog : HURACAN_BC2_R32_Plastic Skid: 15651 Paint : 225.
2026-05-14 05:54:42 ------------------ 
2026-05-14 06:12:22 --- Trajectory --- 
2026-05-14 06:12:22 Prog : HURACAN_BC2_R32_Plastic Skid: 15651 Paint : 0.
2026-05-14 06:12:22 ------------------ 
2026-05-14 06:30:34  Default Volume : TEM_bc2_r32_int Skid: 96.
2026-05-14 06:30:35  Vol : TEM_bc2_r32_int Skid: 96 Calcul Vol : 650 Color: 11.
2026-05-14 06:30:35  ---------------------------
2026-05-14 06:30:40  Default Volume : TEM_bc2_r32_ext_new Skid: 96.
2026-05-14 06:30:42  Vol : TEM_bc2_r32_ext_new Skid: 96 Calcul Vol : 650 Color: 11.
2026-05-14 06:30:42  ---------------------------
2026-05-14 06:35:22  Default Volume : URUS_PA2_BC2_R32_EXT_2026 Skid: 153.
2026-05-14 06:35:24  Vol : URUS_PA2_BC2_R32_EXT_2026 Skid: 153 Calcul Vol : 650 Color: 12.
2026-05-14 06:35:24  ---------------------------
2026-05-14 06:52:07 --- Trajectory INT --- 
2026-05-14 06:52:07  HURACAN_BC2_R31_INT " Skid: 96 Paint : 0.
2026-05-14 06:52:07 --- --- 
2026-05-14 06:52:09 --- Trajectory --- 
2026-05-14 06:52:09 Prog : TEM_bc2_r32_int Skid: 96 Paint : 16.
2026-05-14 06:52:09 ------------------ 
2026-05-14 06:54:14 --- Trajectory --- 
2026-05-14 06:54:14 Prog : TEM_bc2_r32_ext_new Skid: 96 Paint : 116.
2026-05-14 06:54:14 ------------------ 
2026-05-14 06:59:28  Default Volume : URUS_PA2_BC2_R32_EXT_2026 Skid: 126.
2026-05-14 06:59:29  Vol : URUS_PA2_BC2_R32_EXT_2026 Skid: 126 Calcul Vol : 650 Color: 20.
2026-05-14 06:59:29  ---------------------------
2026-05-14 07:04:13  Default Volume : URUS_PA2_BC2_R32_EXT_2026 Skid: 119.
2026-05-14 07:04:14  Vol : URUS_PA2_BC2_R32_EXT_2026 Skid: 119 Calcul Vol : 650 Color: 12.
2026-05-14 07:04:14  ---------------------------
2026-05-14 07:19:59 --- Trajectory --- 
2026-05-14 07:19:59 Prog : TEM_bc2_r32_ext_new Skid: 96 Paint : 0.
2026-05-14 07:19:59 ------------------ 
2026-05-14 07:29:28 --- Trajectory --- 
2026-05-14 07:29:28 Prog : TEM_bc2_r32_ext_new Skid: 96 Paint : 0.
2026-05-14 07:29:28 ------------------ 
2026-05-14 07:39:38  Default Volume : URUS_PA2_BC2_R32_EXT_2026 Skid: 103.
2026-05-14 07:39:40  Vol : URUS_PA2_BC2_R32_EXT_2026 Skid: 103 Calcul Vol : 650 Color: 67.
2026-05-14 07:39:40  ---------------------------
2026-05-14 07:43:10  Default Volume : URUS_PA2_BC2_R32_EXT_2026 Skid: 138.
2026-05-14 07:43:12  Vol : URUS_PA2_BC2_R32_EXT_2026 Skid: 138 Calcul Vol : 650 Color: 27.
2026-05-14 07:43:12  ---------------------------
2026-05-14 07:47:12 --- Trajectory --- 
2026-05-14 07:47:12 Prog : TEM_bc2_r32_ext_new Skid: 96 Paint : 0.
2026-05-14 07:47:12 ------------------ 
2026-05-14 08:08:40  Default Volume : URUS_PA2_BC2_R32_EXT_2026 Skid: 133.
2026-05-14 08:08:42  Vol : URUS_PA2_BC2_R32_EXT_2026 Skid: 133 Calcul Vol : 650 Color: 20.
2026-05-14 08:08:42  ---------------------------
2026-05-14 08:14:36 --- Trajectory --- 
2026-05-14 08:14:36 Prog : TEM_bc2_r32_ext_new Skid: 96 Paint : 0.
2026-05-14 08:14:36 ------------------ 
2026-05-14 08:21:08 --- Trajectory --- 
2026-05-14 08:21:08 Prog : TEM_bc2_r32_ext_new Skid: 96 Paint : 0.
2026-05-14 08:21:08 ------------------ 
2026-05-14 08:28:50  Vol : HURACAN_BC2_R32_Plastic Skid: 91 Calcul Vol : 109 Color: 35.
2026-05-14 08:28:50  ---------------------------
2026-05-14 08:33:09  Default Volume : TEM_bc2_r32_int Skid: 52.
2026-05-14 08:33:11  Vol : TEM_bc2_r32_int Skid: 52 Calcul Vol : 650 Color: 35.
2026-05-14 08:33:11  ---------------------------
2026-05-14 08:33:16  Default Volume : TEM_bc2_r32_ext_new Skid: 52.
2026-05-14 08:33:17  Vol : TEM_bc2_r32_ext_new Skid: 52 Calcul Vol : 650 Color: 35.
2026-05-14 08:33:17  ---------------------------
2026-05-14 08:37:41 --- Trajectory --- 
2026-05-14 08:37:41 Prog : TEM_bc2_r32_ext_new Skid: 96 Paint : 0.
2026-05-14 08:37:41 ------------------ 
2026-05-14 08:37:48  Vol : URUS_PA2_R32_Plastic Skid: 106 Calcul Vol : 10 Color: 99.
2026-05-14 08:37:48  ---------------------------
2026-05-14 08:42:16  Default Volume : URUS_PA2_BC2_R32_EXT_2026 Skid: 37.
2026-05-14 08:42:18  Vol : URUS_PA2_BC2_R32_EXT_2026 Skid: 37 Calcul Vol : 650 Color: 99.
2026-05-14 08:42:18  ---------------------------
2026-05-14 08:49:59 --- Trajectory --- 
2026-05-14 08:49:59 Prog : HURACAN_BC2_R32_Plastic Skid: 91 Paint : 168.
2026-05-14 08:49:59 ------------------ 
2026-05-14 08:53:24 --- Trajectory INT --- 
2026-05-14 08:53:24  HURACAN_BC2_R31_INT " Skid: 52 Paint : 0.
2026-05-14 08:53:24 --- --- 
2026-05-14 08:53:26 --- Trajectory --- 
2026-05-14 08:53:26 Prog : TEM_bc2_r32_int Skid: 52 Paint : 21.
2026-05-14 08:53:26 ------------------ 
2026-05-14 08:55:56 --- Trajectory --- 
2026-05-14 08:55:56 Prog : TEM_bc2_r32_ext_new Skid: 52 Paint : 260.
2026-05-14 08:55:56 ------------------ 
2026-05-14 08:56:53  Vol : URUS_PA2SPORT_R32_EXT Skid: 78 Calcul Vol : 396 Color: 150.
2026-05-14 08:56:53  ---------------------------
2026-05-14 09:10:50  Default Volume : TEM_bc2_r32_int Skid: 233.
2026-05-14 09:10:52  Vol : TEM_bc2_r32_int Skid: 233 Calcul Vol : 650 Color: 20.
2026-05-14 09:10:52  ---------------------------
2026-05-14 09:10:57  Default Volume : TEM_bc2_r32_ext_new Skid: 233.
2026-05-14 09:10:58  Vol : TEM_bc2_r32_ext_new Skid: 233 Calcul Vol : 650 Color: 20.
2026-05-14 09:10:58  ---------------------------
2026-05-14 09:15:30 --- Trajectory --- 
2026-05-14 09:15:30 Prog : TEM_bc2_r32_ext_new Skid: 52 Paint : 0.
2026-05-14 09:15:30 ------------------ 
2026-05-14 09:26:49 --- Trajectory --- 
2026-05-14 09:26:49 Prog : TEM_bc2_r32_ext_new Skid: 52 Paint : 0.
2026-05-14 09:26:49 ------------------ 
2026-05-14 09:35:57  Vol : URUS_PA2_R32_Plastic Skid: 102 Calcul Vol : 10 Color: 77.
2026-05-14 09:35:57  ---------------------------
2026-05-14 09:39:13 --- Trajectory --- 
2026-05-14 09:39:13 Prog : URUS_PA2SPORT_R32_EXT Skid: 78 Paint : 367.
2026-05-14 09:39:13 ------------------ 
2026-05-14 09:42:10  Default Volume : URUS_PA2_BC2_R32_EXT_2026 Skid: 148.
2026-05-14 09:42:12  Vol : URUS_PA2_BC2_R32_EXT_2026 Skid: 148 Calcul Vol : 650 Color: 77.
2026-05-14 09:42:12  ---------------------------
2026-05-14 09:46:49 --- Trajectory INT --- 
2026-05-14 09:46:49  HURACAN_BC2_R31_INT " Skid: 233 Paint : 0.
2026-05-14 09:46:49 --- --- 
2026-05-14 09:46:52 --- Trajectory --- 
2026-05-14 09:46:52 Prog : TEM_bc2_r32_int Skid: 233 Paint : 16.
2026-05-14 09:46:52 ------------------ 
2026-05-14 09:49:21 --- Trajectory --- 
2026-05-14 09:49:21 Prog : TEM_bc2_r32_ext_new Skid: 233 Paint : 177.
2026-05-14 09:49:21 ------------------ 
2026-05-14 09:54:26  Vol : HURACAN_BC2_R32_Plastic Skid: 110 Calcul Vol : 98 Color: 53.
2026-05-14 09:54:26  ---------------------------
2026-05-14 09:59:48  Default Volume : TEM_bc2_r32_int Skid: 105.
2026-05-14 09:59:50  Vol : TEM_bc2_r32_int Skid: 105 Calcul Vol : 650 Color: 53.
2026-05-14 09:59:50  ---------------------------
2026-05-14 09:59:55  Default Volume : TEM_bc2_r32_ext_new Skid: 105.
2026-05-14 09:59:56  Vol : TEM_bc2_r32_ext_new Skid: 105 Calcul Vol : 650 Color: 53.
2026-05-14 09:59:56  ---------------------------
2026-05-14 10:09:24 --- Trajectory --- 
2026-05-14 10:09:24 Prog : TEM_bc2_r32_ext_new Skid: 233 Paint : 0.
2026-05-14 10:09:24 ------------------ 
2026-05-14 10:17:06 --- Trajectory --- 
2026-05-14 10:17:06 Prog : TEM_bc2_r32_ext_new Skid: 233 Paint : 0.
2026-05-14 10:17:06 ------------------ 
2026-05-14 10:24:36 --- Trajectory --- 
2026-05-14 10:24:36 Prog : HURACAN_BC2_R32_Plastic Skid: 110 Paint : 156.
2026-05-14 10:24:36 ------------------ 
2026-05-14 10:31:15 --- Trajectory INT --- 
2026-05-14 10:31:15  HURACAN_BC2_R31_INT " Skid: 105 Paint : 0.
2026-05-14 10:31:15 --- --- 
2026-05-14 10:31:17 --- Trajectory --- 
2026-05-14 10:31:17 Prog : TEM_bc2_r32_int Skid: 105 Paint : 21.
2026-05-14 10:31:17 ------------------ 
2026-05-14 10:33:47 --- Trajectory --- 
2026-05-14 10:33:47 Prog : TEM_bc2_r32_ext_new Skid: 105 Paint : 238.
2026-05-14 10:33:47 ------------------ 
2026-05-14 12:22:03  Default Volume : TEM_bc2_r32_int Skid: 160.
2026-05-14 12:22:04  Vol : TEM_bc2_r32_int Skid: 160 Calcul Vol : 650 Color: 9.
2026-05-14 12:22:04  ---------------------------
2026-05-14 12:22:09  Default Volume : HURACAN_SP_BC2_R32_EXT Skid: 160.
2026-05-14 12:22:11  Vol : HURACAN_SP_BC2_R32_EXT Skid: 160 Calcul Vol : 650 Color: 9.
2026-05-14 12:22:11  ---------------------------
2026-05-14 12:44:12 --- Trajectory INT --- 
2026-05-14 12:44:12  HURACAN_BC2_R31_INT " Skid: 160 Paint : 0.
2026-05-14 12:44:12 --- --- 
2026-05-14 12:44:15 --- Trajectory --- 
2026-05-14 12:44:15 Prog : TEM_bc2_r32_int Skid: 160 Paint : 27.
2026-05-14 12:44:15 ------------------ 
2026-05-14 12:44:19  Vol : HURACAN_BC2_R32_Plastic Skid: 45 Calcul Vol : 110 Color: 146.
2026-05-14 12:44:19  ---------------------------
2026-05-14 12:47:19 --- Trajectory --- 
2026-05-14 12:47:19 Prog : HURACAN_SP_BC2_R32_EXT Skid: 160 Paint : 345.
2026-05-14 12:47:19 ------------------ 
2026-05-14 12:53:09  Default Volume : TEM_bc2_r32_int Skid: 204.
2026-05-14 12:53:11  Vol : TEM_bc2_r32_int Skid: 204 Calcul Vol : 650 Color: 146.
2026-05-14 12:53:11  ---------------------------
2026-05-14 12:53:16  Default Volume : TEM_bc2_r32_ext_new Skid: 204.
2026-05-14 12:53:17  Vol : TEM_bc2_r32_ext_new Skid: 204 Calcul Vol : 650 Color: 146.
2026-05-14 12:53:17  ---------------------------
2026-05-14 13:11:19 --- Trajectory --- 
2026-05-14 13:11:19 Prog : HURACAN_BC2_R32_Plastic Skid: 45 Paint : 168.
2026-05-14 13:11:19 ------------------ 
2026-05-14 13:14:49 --- Trajectory INT --- 
2026-05-14 13:14:49  HURACAN_BC2_R31_INT " Skid: 204 Paint : 0.
2026-05-14 13:14:49 --- --- 
2026-05-14 13:14:52 --- Trajectory --- 
2026-05-14 13:14:52 Prog : TEM_bc2_r32_int Skid: 204 Paint : 25.
2026-05-14 13:14:52 ------------------ 
2026-05-14 13:17:22 --- Trajectory --- 
2026-05-14 13:17:22 Prog : TEM_bc2_r32_ext_new Skid: 204 Paint : 296.
2026-05-14 13:17:22 ------------------ 
2026-05-14 13:47:59  Default Volume : URUS_PA2_BC2_R32_EXT_2026 Skid: 35.
2026-05-14 13:48:01  Vol : URUS_PA2_BC2_R32_EXT_2026 Skid: 35 Calcul Vol : 650 Color: 97.
2026-05-14 13:48:01  ---------------------------
2026-05-14 14:15:01  Default Volume : URUS_PA2_BC2_R32_EXT_2026 Skid: 50.
2026-05-14 14:15:03  Vol : URUS_PA2_BC2_R32_EXT_2026 Skid: 50 Calcul Vol : 650 Color: 11.
2026-05-14 14:15:03  ---------------------------
2026-05-14 14:18:39 --- Trajectory --- 
2026-05-14 14:18:39 Prog : TEM_bc2_r32_ext_new Skid: 204 Paint : 0.
2026-05-14 14:18:39 ------------------ 
2026-05-14 14:44:49 --- Trajectory --- 
2026-05-14 14:44:49 Prog : TEM_bc2_r32_ext_new Skid: 204 Paint : 0.
2026-05-14 14:44:49 ------------------ 
2026-05-14 14:59:05  Default Volume : ADP_BC2_15_PLATE_SKID_R32 Skid: 76.
2026-05-14 14:59:07  Vol : ADP_BC2_15_PLATE_SKID_R32 Skid: 76 Calcul Vol : 650 Color: 99.
2026-05-14 14:59:07  ---------------------------
2026-05-14 15:05:25  Vol : HURACAN_BC2_R32_Plastic Skid: 164 Calcul Vol : 63 Color: 29.
2026-05-14 15:05:25  ---------------------------
2026-05-14 15:09:17  Default Volume : TEM_bc2_r32_int Skid: 171.
2026-05-14 15:09:18  Vol : TEM_bc2_r32_int Skid: 171 Calcul Vol : 650 Color: 29.
2026-05-14 15:09:18  ---------------------------
2026-05-14 15:09:23  Default Volume : TEM_bc2_r32_ext_new Skid: 171.
2026-05-14 15:09:25  Vol : TEM_bc2_r32_ext_new Skid: 171 Calcul Vol : 650 Color: 29.
2026-05-14 15:09:25  ---------------------------
2026-05-14 15:14:15  Vol : URUS_PA2_R32_Plastic Skid: 36 Calcul Vol : 10 Color: 145.
2026-05-14 15:14:15  ---------------------------
2026-05-14 15:19:25 --- Trajectory --- 
2026-05-14 15:19:25 Prog : ADP_BC2_15_PLATE_SKID_R32 Skid: 76 Paint : 0.
2026-05-14 15:19:25 ------------------ 
2026-05-14 15:23:27  Default Volume : URUS_PA2_BC2_R32_EXT_2026 Skid: 206.
2026-05-14 15:23:28  Vol : URUS_PA2_BC2_R32_EXT_2026 Skid: 206 Calcul Vol : 650 Color: 145.
2026-05-14 15:23:28  ---------------------------
2026-05-14 15:25:24 --- Trajectory --- 
2026-05-14 15:25:24 Prog : HURACAN_BC2_R32_Plastic Skid: 164 Paint : 106.
2026-05-14 15:25:24 ------------------ 
2026-05-14 15:34:14  Default Volume : URUS_PA2_BC2_R32_EXT_2026 Skid: 49.
2026-05-14 15:34:15  Vol : URUS_PA2_BC2_R32_EXT_2026 Skid: 49 Calcul Vol : 650 Color: 55.
2026-05-14 15:34:15  ---------------------------
2026-05-14 15:37:17 --- Trajectory INT --- 
2026-05-14 15:37:17  HURACAN_BC2_R31_INT " Skid: 171 Paint : 0.
2026-05-14 15:37:17 --- --- 
2026-05-14 15:37:20 --- Trajectory --- 
2026-05-14 15:37:20 Prog : TEM_bc2_r32_int Skid: 171 Paint : 16.
2026-05-14 15:37:20 ------------------ 
2026-05-14 15:39:50 --- Trajectory --- 
2026-05-14 15:39:50 Prog : TEM_bc2_r32_ext_new Skid: 171 Paint : 192.
2026-05-14 15:39:50 ------------------ 
2026-05-14 15:42:48 --- Trajectory --- 
2026-05-14 15:42:48 Prog : TEM_bc2_r32_ext_new Skid: 171 Paint : 0.
2026-05-14 15:42:48 ------------------ 
2026-05-14 15:45:07  Vol : URUS_PA2_R32_Plastic Skid: 240 Calcul Vol : 10 Color: 55.
2026-05-14 15:45:07  ---------------------------
2026-05-14 15:48:53 --- Trajectory --- 
2026-05-14 15:48:53 Prog : TEM_bc2_r32_ext_new Skid: 171 Paint : 0.
2026-05-14 15:48:53 ------------------ 
2026-05-14 15:57:19 --- Trajectory --- 
2026-05-14 15:57:19 Prog : TEM_bc2_r32_ext_new Skid: 171 Paint : 0.
2026-05-14 15:57:19 ------------------ 
2026-05-14 16:07:53 --- Trajectory --- 
2026-05-14 16:07:53 Prog : TEM_bc2_r32_ext_new Skid: 171 Paint : 0.
2026-05-14 16:07:53 ------------------ 
2026-05-14 17:14:19  Default Volume : URUS_PA2_BC2_R32_EXT_2026 Skid: 212.
2026-05-14 17:14:20  Vol : URUS_PA2_BC2_R32_EXT_2026 Skid: 212 Calcul Vol : 650 Color: 26.
2026-05-14 17:14:20  ---------------------------
2026-05-14 17:31:52 --- Trajectory --- 
2026-05-14 17:31:52 Prog : TEM_bc2_r32_ext_new Skid: 171 Paint : 0.
2026-05-14 17:31:52 ------------------ 
2026-05-14 18:25:55  Vol : URUS_PA2_R32_Plastic Skid: 169 Calcul Vol : 10 Color: 99.
2026-05-14 18:25:55  ---------------------------
2026-05-14 18:31:27  Default Volume : URUS_PA2_BC2_R32_EXT_2026 Skid: 98.
2026-05-14 18:31:29  Vol : URUS_PA2_BC2_R32_EXT_2026 Skid: 98 Calcul Vol : 650 Color: 99.
2026-05-14 18:31:29  ---------------------------
2026-05-14 18:47:49  Vol : URUS_PA2_R32_Plastic Skid: 240 Calcul Vol : 10 Color: 56.
2026-05-14 18:47:49  ---------------------------
2026-05-14 18:55:02 --- Trajectory --- 
2026-05-14 18:55:02 Prog : TEM_bc2_r32_ext_new Skid: 171 Paint : 0.
2026-05-14 18:55:02 ------------------ 
2026-05-14 18:55:33  Default Volume : URUS_PA2_BC2_R32_EXT_2026 Skid: 49.
2026-05-14 18:55:35  Vol : URUS_PA2_BC2_R32_EXT_2026 Skid: 49 Calcul Vol : 650 Color: 56.
2026-05-14 18:55:35  ---------------------------
2026-05-14 19:02:06 --- Trajectory --- 
2026-05-14 19:02:06 Prog : TEM_bc2_r32_ext_new Skid: 171 Paint : 0.
2026-05-14 19:02:06 ------------------ 
2026-05-14 19:09:20 --- Trajectory --- 
2026-05-14 19:09:20 Prog : TEM_bc2_r32_ext_new Skid: 171 Paint : 0.
2026-05-14 19:09:20 ------------------ 
2026-05-14 19:12:57  Vol : URUS_PA2_R32_Plastic Skid: 192 Calcul Vol : 10 Color: 34.
2026-05-14 19:12:57  ---------------------------
2026-05-14 19:17:10 --- Trajectory --- 
2026-05-14 19:17:10 Prog : TEM_bc2_r32_ext_new Skid: 171 Paint : 0.
2026-05-14 19:17:10 ------------------ 
2026-05-14 19:26:21  Vol : URUS_PA2_R32_Plastic Skid: 36 Calcul Vol : 10 Color: 146.
2026-05-14 19:26:21  ---------------------------
2026-05-14 19:30:10  Default Volume : URUS_PA2_BC2_R32_EXT_2026 Skid: 206.
2026-05-14 19:30:12  Vol : URUS_PA2_BC2_R32_EXT_2026 Skid: 206 Calcul Vol : 650 Color: 146.
2026-05-14 19:30:12  ---------------------------
2026-05-14 19:35:45 --- Trajectory --- 
2026-05-14 19:35:45 Prog : TEM_bc2_r32_ext_new Skid: 171 Paint : 0.
2026-05-14 19:35:45 ------------------ 
2026-05-14 19:41:10  Default Volume : URUS_PA2_BC2_R32_EXT_2026 Skid: 168.
2026-05-14 19:41:11  Vol : URUS_PA2_BC2_R32_EXT_2026 Skid: 168 Calcul Vol : 650 Color: 34.
2026-05-14 19:41:11  ---------------------------
2026-05-14 19:44:20 --- Trajectory --- 
2026-05-14 19:44:20 Prog : TEM_bc2_r32_ext_new Skid: 171 Paint : 0.
2026-05-14 19:44:20 ------------------ 
2026-05-14 19:56:34 --- Trajectory --- 
2026-05-14 19:56:34 Prog : TEM_bc2_r32_ext_new Skid: 171 Paint : 0.
2026-05-14 19:56:34 ------------------ 
2026-05-14 20:04:50  Vol : HURACAN_BC2_R32_Plastic Skid: 111 Calcul Vol : 98 Color: 53.
2026-05-14 20:04:50  ---------------------------
2026-05-14 20:07:28 --- Trajectory --- 
2026-05-14 20:07:28 Prog : TEM_bc2_r32_ext_new Skid: 171 Paint : 0.
2026-05-14 20:07:28 ------------------ 
2026-05-14 20:09:05  Default Volume : TEM_bc2_r32_int Skid: 131.
2026-05-14 20:09:07  Vol : TEM_bc2_r32_int Skid: 131 Calcul Vol : 650 Color: 53.
2026-05-14 20:09:07  ---------------------------
2026-05-14 20:09:12  Default Volume : TEM_bc2_r32_ext_new Skid: 131.
2026-05-14 20:09:13  Vol : TEM_bc2_r32_ext_new Skid: 131 Calcul Vol : 650 Color: 53.
2026-05-14 20:09:13  ---------------------------
2026-05-14 20:18:29  Default Volume : URUS_PA2_BC2_R32_EXT_2026 Skid: 144.
2026-05-14 20:18:30  Vol : URUS_PA2_BC2_R32_EXT_2026 Skid: 144 Calcul Vol : 650 Color: 55.
2026-05-14 20:18:30  ---------------------------
2026-05-14 20:30:15 --- Trajectory --- 
2026-05-14 20:30:15 Prog : HURACAN_BC2_R32_Plastic Skid: 111 Paint : 156.
2026-05-14 20:30:15 ------------------ 
2026-05-14 20:33:40 --- Trajectory INT --- 
2026-05-14 20:33:40  HURACAN_BC2_R31_INT " Skid: 131 Paint : 0.
2026-05-14 20:33:40 --- --- 
2026-05-14 20:33:43 --- Trajectory --- 
2026-05-14 20:33:43 Prog : TEM_bc2_r32_int Skid: 131 Paint : 21.
2026-05-14 20:33:43 ------------------ 
2026-05-14 20:36:13 --- Trajectory --- 
2026-05-14 20:36:13 Prog : TEM_bc2_r32_ext_new Skid: 131 Paint : 238.
2026-05-14 20:36:13 ------------------ 
2026-05-14 20:53:05 --- Trajectory --- 
2026-05-14 20:53:05 Prog : TEM_bc2_r32_ext_new Skid: 131 Paint : 0.
2026-05-14 20:53:05 ------------------ 
2026-05-14 20:54:19  Vol : URUS_PA2_R32_Plastic Skid: 67 Calcul Vol : 10 Color: 32.
2026-05-14 20:54:19  ---------------------------
2026-05-14 21:15:02 --- Trajectory --- 
2026-05-14 21:15:02 Prog : TEM_bc2_r32_ext_new Skid: 131 Paint : 0.
2026-05-14 21:15:02 ------------------ 
2026-05-14 22:09:13  Vol : URUS_PA2_R32_Plastic Skid: 192 Calcul Vol : 10 Color: 35.
2026-05-14 22:09:13  ---------------------------
2026-05-14 22:54:17 --- Trajectory --- 
2026-05-14 22:54:17 Prog : TEM_bc2_r32_ext_new Skid: 131 Paint : 0.
2026-05-14 22:54:17 ------------------ 
2026-05-14 23:18:41  Default Volume : URUS_PA2_BC2_R32_EXT_2026 Skid: 57.
2026-05-14 23:18:42  Vol : URUS_PA2_BC2_R32_EXT_2026 Skid: 57 Calcul Vol : 650 Color: 11.
2026-05-14 23:18:42  ---------------------------
2026-05-14 23:23:08  Default Volume : URUS_PA2_BC2_R32_EXT_2026 Skid: 168.
2026-05-14 23:23:09  Vol : URUS_PA2_BC2_R32_EXT_2026 Skid: 168 Calcul Vol : 650 Color: 35.
2026-05-14 23:23:09  ---------------------------
2026-05-14 23:52:46 --- Trajectory --- 
2026-05-14 23:52:46 Prog : TEM_bc2_r32_ext_new Skid: 131 Paint : 0.
2026-05-14 23:52:46 ------------------ 
2026-05-14 23:55:45  Default Volume : URUS_PA2_BC2_R32_EXT_2026 Skid: 144.
2026-05-14 23:55:46  Vol : URUS_PA2_BC2_R32_EXT_2026 Skid: 144 Calcul Vol : 650 Color: 56.
2026-05-14 23:55:46  ---------------------------
2026-05-14 23:57:42 --- Trajectory --- 
2026-05-14 23:57:42 Prog : TEM_bc2_r32_ext_new Skid: 131 Paint : 0.
2026-05-14 23:57:42 ------------------ 
2026-05-15 00:05:08  Vol : URUS_PA2_R32_Plastic Skid: 102 Calcul Vol : 10 Color: 26.
2026-05-15 00:05:08  ---------------------------
2026-05-15 00:18:29  Default Volume : URUS_PA2_BC2_R32_EXT_2026 Skid: 138.
2026-05-15 00:18:31  Vol : URUS_PA2_BC2_R32_EXT_2026 Skid: 138 Calcul Vol : 650 Color: 16.
2026-05-15 00:18:31  ---------------------------
2026-05-15 00:21:21 --- Trajectory --- 
2026-05-15 00:21:21 Prog : TEM_bc2_r32_ext_new Skid: 131 Paint : 0.
2026-05-15 00:21:21 ------------------ 
2026-05-15 00:31:23 --- Trajectory --- 
2026-05-15 00:31:23 Prog : TEM_bc2_r32_ext_new Skid: 131 Paint : 0.
2026-05-15 00:31:23 ------------------ 
2026-05-15 00:42:35  Default Volume : URUS_PA2_BC2_R32_EXT_2026 Skid: 119.
2026-05-15 00:42:36  Vol : URUS_PA2_BC2_R32_EXT_2026 Skid: 119 Calcul Vol : 650 Color: 32.
2026-05-15 00:42:36  ---------------------------
2026-05-15 00:44:43 --- Trajectory --- 
2026-05-15 00:44:43 Prog : TEM_bc2_r32_ext_new Skid: 131 Paint : 0.
2026-05-15 00:44:43 ------------------ 
2026-05-15 00:53:08  Vol : URUS_PA2_R32_Plastic Skid: 113 Calcul Vol : 10 Color: 85.
2026-05-15 00:53:08  ---------------------------
2026-05-15 00:55:47  Default Volume : URUS_PA2_BC2_R32_EXT_2026 Skid: 68.
2026-05-15 00:55:49  Vol : URUS_PA2_BC2_R32_EXT_2026 Skid: 68 Calcul Vol : 650 Color: 85.
2026-05-15 00:55:49  ---------------------------
2026-05-15 00:59:53  Default Volume : TEM_bc2_r32_int Skid: 60.
2026-05-15 00:59:54  Vol : TEM_bc2_r32_int Skid: 60 Calcul Vol : 650 Color: 13.
2026-05-15 00:59:54  ---------------------------
2026-05-15 00:59:59  Default Volume : TEM_bc2_r32_ext_new Skid: 60.
2026-05-15 01:00:01  Vol : TEM_bc2_r32_ext_new Skid: 60 Calcul Vol : 650 Color: 13.
2026-05-15 01:00:01  ---------------------------
2026-05-15 01:04:21  Vol : URUS_PA2_R32_Plastic Skid: 67 Calcul Vol : 10 Color: 33.
2026-05-15 01:04:21  ---------------------------
2026-05-15 01:07:58  Default Volume : URUS_PA2_BC2_R32_EXT_2026 Skid: 133.
2026-05-15 01:07:59  Vol : URUS_PA2_BC2_R32_EXT_2026 Skid: 133 Calcul Vol : 650 Color: 11.
2026-05-15 01:07:59  ---------------------------
2026-05-15 01:08:41 --- Trajectory --- 
2026-05-15 01:08:41 Prog : TEM_bc2_r32_ext_new Skid: 131 Paint : 0.
2026-05-15 01:08:41 ------------------ 
2026-05-15 01:12:34  Vol : HURACAN_BC2_R32_Plastic Skid: 155 Calcul Vol : 174 Color: 62.
2026-05-15 01:12:34  ---------------------------
2026-05-15 01:15:00 --- Trajectory --- 
2026-05-15 01:15:00 Prog : TEM_bc2_r32_ext_new Skid: 131 Paint : 0.
2026-05-15 01:15:00 ------------------ 
2026-05-15 01:23:17  Default Volume : TEM_bc2_r32_int Skid: 86.
2026-05-15 01:23:19  Vol : TEM_bc2_r32_int Skid: 86 Calcul Vol : 650 Color: 62.
2026-05-15 01:23:19  ---------------------------
2026-05-15 01:23:24  Default Volume : TEM_bc2_r32_ext_new Skid: 86.
2026-05-15 01:23:25  Vol : TEM_bc2_r32_ext_new Skid: 86 Calcul Vol : 650 Color: 62.
2026-05-15 01:23:25  ---------------------------
2026-05-15 01:26:06 --- Trajectory --- 
2026-05-15 01:26:06 Prog : TEM_bc2_r32_ext_new Skid: 131 Paint : 0.
2026-05-15 01:26:06 ------------------ 
2026-05-15 01:28:16 --- Trajectory INT --- 
2026-05-15 01:28:16  HURACAN_BC2_R31_INT " Skid: 60 Paint : 0.
2026-05-15 01:28:16 --- --- 
2026-05-15 01:28:18 --- Trajectory --- 
2026-05-15 01:28:18 Prog : TEM_bc2_r32_int Skid: 60 Paint : 29.
2026-05-15 01:28:18 ------------------ 
2026-05-15 01:30:27 --- Trajectory --- 
2026-05-15 01:30:27 Prog : TEM_bc2_r32_ext_new Skid: 60 Paint : 218.
2026-05-15 01:30:27 ------------------ 
2026-05-15 01:33:50 --- Trajectory --- 
2026-05-15 01:33:50 Prog : TEM_bc2_r32_ext_new Skid: 60 Paint : 0.
2026-05-15 01:33:50 ------------------ 
2026-05-15 01:39:41 --- Trajectory --- 
2026-05-15 01:39:41 Prog : TEM_bc2_r32_ext_new Skid: 60 Paint : 0.
2026-05-15 01:39:41 ------------------ 
2026-05-15 01:55:58 --- Trajectory --- 
2026-05-15 01:55:58 Prog : HURACAN_BC2_R32_Plastic Skid: 155 Paint : 282.
2026-05-15 01:55:58 ------------------ 
2026-05-15 02:03:17 --- Trajectory INT --- 
2026-05-15 02:03:17  HURACAN_BC2_R31_INT " Skid: 86 Paint : 0.
2026-05-15 02:03:17 --- --- 
2026-05-15 02:03:20 --- Trajectory --- 
2026-05-15 02:03:20 Prog : TEM_bc2_r32_int Skid: 86 Paint : 38.
2026-05-15 02:03:20 ------------------ 
2026-05-15 02:05:49 --- Trajectory --- 
2026-05-15 02:05:49 Prog : TEM_bc2_r32_ext_new Skid: 86 Paint : 386.
2026-05-15 02:05:49 ------------------ 
2026-05-15 02:43:03  Vol : HURACAN_BC2_R32_Plastic Skid: 110 Calcul Vol : 63 Color: 53.
2026-05-15 02:43:03  ---------------------------
2026-05-15 02:46:40  Default Volume : URUS_PA2_BC2_R32_EXT_2026 Skid: 103.
2026-05-15 02:46:42  Vol : URUS_PA2_BC2_R32_EXT_2026 Skid: 103 Calcul Vol : 650 Color: 11.
2026-05-15 02:46:42  ---------------------------
2026-05-15 03:03:35 --- Trajectory --- 
2026-05-15 03:03:35 Prog : HURACAN_BC2_R32_Plastic Skid: 110 Paint : 123.
2026-05-15 03:03:35 ------------------ 
2026-05-15 03:13:39  Vol : HURACAN_BC2_R32_Plastic Skid: 45 Calcul Vol : 79 Color: 112.
2026-05-15 03:13:39  ---------------------------
2026-05-15 03:16:56 --- Trajectory --- 
2026-05-15 03:16:56 Prog : HURACAN_BC2_R32_Plastic Skid: 110 Paint : 0.
2026-05-15 03:16:56 ------------------ 
2026-05-15 03:24:25  Default Volume : TEM_bc2_r32_int Skid: 237.
2026-05-15 03:24:27  Vol : TEM_bc2_r32_int Skid: 237 Calcul Vol : 650 Color: 112.
2026-05-15 03:24:27  ---------------------------
2026-05-15 03:24:32  Default Volume : TEM_bc2_r32_ext_new Skid: 237.
2026-05-15 03:24:33  Vol : TEM_bc2_r32_ext_new Skid: 237 Calcul Vol : 650 Color: 112.
2026-05-15 03:24:33  ---------------------------
2026-05-15 03:33:40 --- Trajectory --- 
2026-05-15 03:33:40 Prog : HURACAN_BC2_R32_Plastic Skid: 45 Paint : 150.
2026-05-15 03:33:40 ------------------ 
2026-05-15 03:33:43  Vol : HURACAN_BC2_R32_Plastic Skid: 111 Calcul Vol : 98 Color: 53.
2026-05-15 03:33:43  ---------------------------
2026-05-15 03:51:14  Default Volume : TEM_bc2_r32_int Skid: 207.
2026-05-15 03:51:16  Vol : TEM_bc2_r32_int Skid: 207 Calcul Vol : 650 Color: 53.
2026-05-15 03:51:16  ---------------------------
2026-05-15 03:51:21  Default Volume : TEM_bc2_r32_ext_new Skid: 207.
2026-05-15 03:51:22  Vol : TEM_bc2_r32_ext_new Skid: 207 Calcul Vol : 650 Color: 53.
2026-05-15 03:51:22  ---------------------------
2026-05-15 03:51:41 --- Trajectory INT --- 
2026-05-15 03:51:41  HURACAN_BC2_R31_INT " Skid: 237 Paint : 0.
2026-05-15 03:51:41 --- --- 
2026-05-15 03:51:44 --- Trajectory --- 
2026-05-15 03:51:44 Prog : TEM_bc2_r32_int Skid: 237 Paint : 27.
2026-05-15 03:51:44 ------------------ 
2026-05-15 03:54:13 --- Trajectory --- 
2026-05-15 03:54:13 Prog : TEM_bc2_r32_ext_new Skid: 237 Paint : 319.
2026-05-15 03:54:13 ------------------ 
2026-05-15 03:57:05 --- Trajectory --- 
2026-05-15 03:57:05 Prog : HURACAN_BC2_R32_Plastic Skid: 111 Paint : 95.
2026-05-15 03:57:05 ------------------ 
2026-05-15 04:02:28  Default Volume : URUS_PA2_BC2_R32_EXT_2026 Skid: 119.
2026-05-15 04:02:30  Vol : URUS_PA2_BC2_R32_EXT_2026 Skid: 119 Calcul Vol : 650 Color: 33.
2026-05-15 04:02:30  ---------------------------
2026-05-15 04:06:07  Default Volume : URUS_PA2_BC2_R32_EXT_2026 Skid: 50.
2026-05-15 04:06:08  Vol : URUS_PA2_BC2_R32_EXT_2026 Skid: 50 Calcul Vol : 650 Color: 26.
2026-05-15 04:06:08  ---------------------------
2026-05-15 04:12:02  Vol : HURACAN_BC2_R32_Plastic Skid: 46 Calcul Vol : 96 Color: 106.
2026-05-15 04:12:02  ---------------------------
2026-05-15 04:17:46 --- Trajectory INT --- 
2026-05-15 04:17:46  HURACAN_BC2_R31_INT " Skid: 207 Paint : 0.
2026-05-15 04:17:46 --- --- 
2026-05-15 04:17:48 --- Trajectory --- 
2026-05-15 04:17:48 Prog : TEM_bc2_r32_int Skid: 207 Paint : 21.
2026-05-15 04:17:48 ------------------ 
2026-05-15 04:20:18 --- Trajectory --- 
2026-05-15 04:20:18 Prog : TEM_bc2_r32_ext_new Skid: 207 Paint : 238.
2026-05-15 04:20:18 ------------------ 
2026-05-15 04:29:30 --- Trajectory --- 
2026-05-15 04:29:30 Prog : TEM_bc2_r32_ext_new Skid: 207 Paint : 0.
2026-05-15 04:29:30 ------------------ 
2026-05-15 05:41:59 --- Trajectory --- 
2026-05-15 05:41:59 Prog : HURACAN_BC2_R32_Plastic Skid: 15652 Paint : 177.
2026-05-15 05:41:59 ------------------ 
2026-05-15 06:09:40 --- Trajectory --- 
2026-05-15 06:09:40 Prog : NOT FOUND Skid: 27 Paint : 0.
2026-05-15 06:09:40 ------------------ 
2026-05-15 06:14:04 --- Trajectory --- 
2026-05-15 06:14:04 Prog : HURACAN_BC2_R32_Plastic Skid: 46 Paint : 172.
2026-05-15 06:14:04 ------------------ 
2026-05-15 07:07:32  Default Volume : TEM_bc2_r32_int Skid: 230.
2026-05-15 07:07:34  Vol : TEM_bc2_r32_int Skid: 230 Calcul Vol : 650 Color: 106.
2026-05-15 07:07:34  ---------------------------
2026-05-15 07:07:39  Default Volume : TEM_bc2_r32_ext_new Skid: 230.
2026-05-15 07:07:41  Vol : TEM_bc2_r32_ext_new Skid: 230 Calcul Vol : 650 Color: 106.
2026-05-15 07:07:41  ---------------------------
2026-05-15 07:23:09  Vol : HURACAN_BC2_R32_Plastic Skid: 45 Calcul Vol : 106 Color: 113.
2026-05-15 07:23:09  ---------------------------
2026-05-15 07:26:42  Default Volume : TEM_bc2_r32_int Skid: 237.
2026-05-15 07:26:44  Vol : TEM_bc2_r32_int Skid: 237 Calcul Vol : 650 Color: 113.
2026-05-15 07:26:44  ---------------------------
2026-05-15 07:26:49  Default Volume : TEM_bc2_r32_ext_new Skid: 237.
2026-05-15 07:26:50  Vol : TEM_bc2_r32_ext_new Skid: 237 Calcul Vol : 650 Color: 113.
2026-05-15 07:26:50  ---------------------------
2026-05-15 07:30:15 --- Trajectory INT --- 
2026-05-15 07:30:15  HURACAN_BC2_R31_INT " Skid: 230 Paint : 0.
2026-05-15 07:30:15 --- --- 
2026-05-15 07:30:18 --- Trajectory --- 
2026-05-15 07:30:18 Prog : TEM_bc2_r32_int Skid: 230 Paint : 27.
2026-05-15 07:30:18 ------------------ 
2026-05-15 07:32:48 --- Trajectory --- 
2026-05-15 07:32:48 Prog : TEM_bc2_r32_ext_new Skid: 230 Paint : 313.
2026-05-15 07:32:48 ------------------ 
2026-05-15 07:56:00  Vol : URUS_PA2_R32_Plastic Skid: 175 Calcul Vol : 10 Color: 9.
2026-05-15 07:56:00  ---------------------------
2026-05-15 07:57:28 --- Trajectory --- 
2026-05-15 07:57:28 Prog : HURACAN_BC2_R32_Plastic Skid: 45 Paint : 216.
2026-05-15 07:57:28 ------------------ 
2026-05-15 08:01:07 --- Trajectory INT --- 
2026-05-15 08:01:07  HURACAN_BC2_R31_INT " Skid: 237 Paint : 0.
2026-05-15 08:01:07 --- --- 
2026-05-15 08:01:10 --- Trajectory --- 
2026-05-15 08:01:10 Prog : TEM_bc2_r32_int Skid: 237 Paint : 37.
2026-05-15 08:01:10 ------------------ 
2026-05-15 08:03:40 --- Trajectory --- 
2026-05-15 08:03:40 Prog : TEM_bc2_r32_ext_new Skid: 237 Paint : 439.
2026-05-15 08:03:40 ------------------ 
2026-05-15 08:10:51  Vol : URUS_PA2_R32_Plastic Skid: 101 Calcul Vol : 10 Color: 20.
2026-05-15 08:10:51  ---------------------------
2026-05-15 08:12:46 --- Trajectory --- 
2026-05-15 08:12:46 Prog : TEM_bc2_r32_ext_new Skid: 237 Paint : 0.
2026-05-15 08:12:46 ------------------ 
2026-05-15 08:23:35  Vol : URUS_PA2_R32_Plastic Skid: 180 Calcul Vol : 10 Color: 27.
2026-05-15 08:23:35  ---------------------------
2026-05-15 08:31:02  Vol : URUS_PA2_R32_Plastic Skid: 22 Calcul Vol : 10 Color: 158.
2026-05-15 08:31:02  ---------------------------
2026-05-15 08:32:27 --- Trajectory --- 
2026-05-15 08:32:27 Prog : TEM_bc2_r32_ext_new Skid: 237 Paint : 0.
2026-05-15 08:32:27 ------------------ 
2026-05-15 08:36:01  Default Volume : URUS_PA2_BC2_R32_EXT_2026 Skid: 51.
2026-05-15 08:36:02  Vol : URUS_PA2_BC2_R32_EXT_2026 Skid: 51 Calcul Vol : 650 Color: 158.
2026-05-15 08:36:02  ---------------------------
2026-05-15 08:41:19 --- Trajectory --- 
2026-05-15 08:41:19 Prog : TEM_bc2_r32_ext_new Skid: 237 Paint : 0.
2026-05-15 08:41:19 ------------------ 
2026-05-15 08:56:48 --- Trajectory --- 
2026-05-15 08:56:48 Prog : TEM_bc2_r32_ext_new Skid: 237 Paint : 0.
2026-05-15 08:56:48 ------------------ 
2026-05-15 09:03:50 --- Trajectory --- 
2026-05-15 09:03:50 Prog : TEM_bc2_r32_ext_new Skid: 237 Paint : 0.
2026-05-15 09:03:50 ------------------ 
2026-05-15 09:15:48  Default Volume : URUS_PA2_BC2_R32_EXT_2026 Skid: 99.
2026-05-15 09:15:50  Vol : URUS_PA2_BC2_R32_EXT_2026 Skid: 99 Calcul Vol : 650 Color: 99.
2026-05-15 09:15:50  ---------------------------
2026-05-15 09:43:18 --- Trajectory --- 
2026-05-15 09:43:18 Prog : TEM_bc2_r32_ext_new Skid: 237 Paint : 0.
2026-05-15 09:43:18 ------------------ 
2026-05-15 10:48:09  Vol : HURACAN_BC2_R32_Plastic Skid: 157 Calcul Vol : 26 Color: 97.
2026-05-15 10:48:09  ---------------------------
2026-05-15 10:52:11  Vol : URUS_PA2_R32_Plastic Skid: 192 Calcul Vol : 0 Color: 102.
2026-05-15 10:52:11  ---------------------------
2026-05-15 11:08:08 --- Trajectory --- 
2026-05-15 11:08:08 Prog : HURACAN_BC2_R32_Plastic Skid: 157 Paint : 29.
2026-05-15 11:08:08 ------------------ 
2026-05-15 11:18:09 --- Trajectory --- 
2026-05-15 11:18:09 Prog : HURACAN_BC2_R32_Plastic Skid: 157 Paint : 0.
2026-05-15 11:18:09 ------------------ 
2026-05-15 11:19:06  Default Volume : URUS_PA2_BC2_R32_EXT_2026 Skid: 134.
2026-05-15 11:19:08  Vol : URUS_PA2_BC2_R32_EXT_2026 Skid: 134 Calcul Vol : 650 Color: 9.
2026-05-15 11:19:08  ---------------------------
2026-05-15 11:42:34 --- Trajectory --- 
2026-05-15 11:42:34 Prog : HURACAN_BC2_R32_Plastic Skid: 157 Paint : 0.
2026-05-15 11:42:34 ------------------ 
2026-05-15 11:47:44  Default Volume : TEM_bc2_r32_int Skid: 86.
2026-05-15 11:47:45  Vol : TEM_bc2_r32_int Skid: 86 Calcul Vol : 650 Color: 62.
2026-05-15 11:47:45  ---------------------------
2026-05-15 11:47:50  Default Volume : TEM_bc2_r32_ext_new Skid: 86.
2026-05-15 11:47:52  Vol : TEM_bc2_r32_ext_new Skid: 86 Calcul Vol : 650 Color: 62.
2026-05-15 11:47:52  ---------------------------
2026-05-15 12:06:58  Vol : HURACAN_BC2_R32_Plastic Skid: 194 Calcul Vol : 110 Color: 154.
2026-05-15 12:06:58  ---------------------------
2026-05-15 12:10:08  Default Volume : TEM_bc2_r32_int Skid: 195.
2026-05-15 12:10:09  Vol : TEM_bc2_r32_int Skid: 195 Calcul Vol : 650 Color: 154.
2026-05-15 12:10:09  ---------------------------
2026-05-15 12:10:14  Default Volume : TEM_bc2_r32_ext_new Skid: 195.
2026-05-15 12:10:16  Vol : TEM_bc2_r32_ext_new Skid: 195 Calcul Vol : 650 Color: 154.
2026-05-15 12:10:16  ---------------------------
2026-05-15 12:10:58 --- Trajectory --- 
2026-05-15 12:10:58 Prog : TEM_bc2_r32_int Skid: 86 Paint : 0.
2026-05-15 12:10:58 ------------------ 
