2026-05-15 01:24:43 CartMoveState: AUX_DECIDE (5) -> TO_MOVE (10)
2026-05-15 01:24:43 CartMoveState: TO_MOVE (10) -> TO_CART (11)
2026-05-15 01:24:46 CartMoveState: TO_CART (11) -> HOME_MOVE (12)
2026-05-15 01:24:46 CartMoveState: HOME_MOVE (12) -> HALT (13)
2026-05-15 01:24:46 CartMoveState: HALT (13) -> IDLE (1)
2026-05-15 01:24:46 Handler State: EXCHANGE_THREE (11) -> POST_PROCESS (12)
2026-05-15 01:24:46 Handler State: POST_PROCESS (12) -> MOVE_ARM_HOME (14)
2026-05-15 01:24:46 Handler State: MOVE_ARM_HOME (14) -> HANDLER_IDLE (1)
2026-05-15 01:24:52 Handler State: HANDLER_IDLE (1) -> HANDLER_START (2)
2026-05-15 01:24:53 Handler State: HANDLER_START (2) -> DECIDE_CART (3)
2026-05-15 01:24:53 Selection: Last resort, just pick the first IFS.
2026-05-15 01:24:53 Selection: Last resort, just pick the first cartridge.
2026-05-15 01:24:53 Selected Primary Cartridge: 4
2026-05-15 01:24:53 Selected Primary Station: 102
2026-05-15 01:24:53 Selected Secondary Cartridge: 0
2026-05-15 01:24:53 Selected Secondary Station: 0
2026-05-15 01:24:53 Selected Filling Volume: 346
2026-05-15 01:24:53 Handler State: DECIDE_CART (3) -> CHECK_SEC_CART (26)
2026-05-15 01:24:53 Handler State: CHECK_SEC_CART (26) -> PROBE_CART (24)
2026-05-15 01:24:53 CartMove: Exchange 1, from 102
2026-05-15 01:24:53 CartMoveState: IDLE (1) -> FROM_MOVE (3)
2026-05-15 01:24:54 CartMoveState: FROM_MOVE (3) -> FROM_PROBE (19)
2026-05-15 01:24:56 Handler State: PROBE_CART (24) -> PROCESS_CART (6)
2026-05-15 01:25:31 Setting CBS color valve (FillIFS): 1
2026-05-15 01:25:33 Primed volume (FillIFS): 1.81158
2026-05-15 01:25:33 Re-Calculated Filling Volume: 346
2026-05-15 01:25:33 Setting CBS color valve (FillCart): 1
2026-05-15 01:25:50 Handler State: PROCESS_CART (6) -> EXCHANGE_ONE (7)
2026-05-15 01:25:50 CartMove: Exchange 1, from 102
2026-05-15 01:25:50 CartMoveState: FROM_PROBE (19) -> FROM_CART (4)
2026-05-15 01:25:57 Setting CBS color valve (Finished): 0
2026-05-15 01:25:58 CartMoveState: FROM_CART (4) -> TO_MOVE (10)
2026-05-15 01:25:59 CartMoveState: TO_MOVE (10) -> EXCH_1_WAIT (14)
2026-05-15 01:25:59 Handler State: EXCHANGE_ONE (7) -> START_DCU (8)
2026-05-15 01:26:16 Handler State: START_DCU (8) -> EXCHANGE_TWO (9)
2026-05-15 01:26:16 CartMove: Exchange 2
2026-05-15 01:26:27 CartMoveState: EXCH_1_WAIT (14) -> EXCH_1_CART (15)
2026-05-15 01:26:30 CartMoveState: EXCH_1_CART (15) -> EXCH_2_MOVE (16)
2026-05-15 01:26:31 CartMoveState: EXCH_2_MOVE (16) -> EXCH_2_CART (17)
2026-05-15 01:26:33 CartMoveState: EXCH_2_CART (17) -> STORE_DECIDE (18)
2026-05-15 01:26:33 Used volume for last job: 253.639
2026-05-15 01:26:33 Handler State: EXCHANGE_TWO (9) -> WAIT_FOR_DCU (10)
2026-05-15 01:26:35 Handler State: WAIT_FOR_DCU (10) -> EXCHANGE_THREE (11)
2026-05-15 01:26:35 CartMove: Exchange 3
2026-05-15 01:26:35 CartMoveState: STORE_DECIDE (18) -> AUX_DECIDE (5)
2026-05-15 01:26:35 CartMoveState: AUX_DECIDE (5) -> TO_MOVE (10)
2026-05-15 01:26:35 CartMoveState: TO_MOVE (10) -> TO_CART (11)
2026-05-15 01:26:37 CartMoveState: TO_CART (11) -> HOME_MOVE (12)
2026-05-15 01:26:37 CartMoveState: HOME_MOVE (12) -> HALT (13)
2026-05-15 01:26:37 CartMoveState: HALT (13) -> IDLE (1)
2026-05-15 01:26:37 Handler State: EXCHANGE_THREE (11) -> POST_PROCESS (12)
2026-05-15 01:26:37 Handler State: POST_PROCESS (12) -> MOVE_ARM_HOME (14)
2026-05-15 01:26:37 Handler State: MOVE_ARM_HOME (14) -> HANDLER_IDLE (1)
2026-05-15 01:26:52 Handler State: HANDLER_IDLE (1) -> HANDLER_START (2)
2026-05-15 01:26:53 Handler State: HANDLER_START (2) -> DECIDE_CART (3)
2026-05-15 01:26:53 Selection: IFS has correct material and its cartridge has correct material.
2026-05-15 01:26:53 Selected Primary Cartridge: 3
2026-05-15 01:26:53 Selected Primary Station: 104
2026-05-15 01:26:53 Selected Secondary Cartridge: 0
2026-05-15 01:26:53 Selected Secondary Station: 0
2026-05-15 01:26:53 Selected Filling Volume: 640
2026-05-15 01:26:53 Handler State: DECIDE_CART (3) -> CHECK_SEC_CART (26)
2026-05-15 01:26:53 Handler State: CHECK_SEC_CART (26) -> PROBE_CART (24)
2026-05-15 01:26:53 CartMove: Exchange 1, from 104
2026-05-15 01:26:53 CartMoveState: IDLE (1) -> FROM_MOVE (3)
2026-05-15 01:26:54 CartMoveState: FROM_MOVE (3) -> FROM_PROBE (19)
2026-05-15 01:26:56 Handler State: PROBE_CART (24) -> PROCESS_CART (6)
2026-05-15 01:27:23 Setting CBS color valve (FillGate): 1
2026-05-15 01:27:24 Primed volume (FillGate): 1.37574
2026-05-15 01:27:24 Re-Calculated Filling Volume: 640
2026-05-15 01:27:24 Setting CBS color valve (FillCart): 1
2026-05-15 01:27:46 Handler State: PROCESS_CART (6) -> EXCHANGE_ONE (7)
2026-05-15 01:27:46 CartMove: Exchange 1, from 104
2026-05-15 01:27:46 CartMoveState: FROM_PROBE (19) -> FROM_CART (4)
2026-05-15 01:27:52 Setting CBS color valve (Finished): 0
2026-05-15 01:27:54 CartMoveState: FROM_CART (4) -> TO_MOVE (10)
2026-05-15 01:27:55 CartMoveState: TO_MOVE (10) -> EXCH_1_WAIT (14)
2026-05-15 01:27:55 Handler State: EXCHANGE_ONE (7) -> START_DCU (8)
2026-05-15 01:30:07 Handler State: START_DCU (8) -> EXCHANGE_TWO (9)
2026-05-15 01:30:07 CartMove: Exchange 2
2026-05-15 01:30:18 CartMoveState: EXCH_1_WAIT (14) -> EXCH_1_CART (15)
2026-05-15 01:30:20 CartMoveState: EXCH_1_CART (15) -> EXCH_2_MOVE (16)
2026-05-15 01:30:21 CartMoveState: EXCH_2_MOVE (16) -> EXCH_2_CART (17)
2026-05-15 01:30:23 CartMoveState: EXCH_2_CART (17) -> STORE_DECIDE (18)
2026-05-15 01:30:23 Used volume for last job: 271.906
2026-05-15 01:30:23 Handler State: EXCHANGE_TWO (9) -> WAIT_FOR_DCU (10)
2026-05-15 01:30:25 Handler State: WAIT_FOR_DCU (10) -> EXCHANGE_THREE (11)
2026-05-15 01:30:25 CartMove: Exchange 3
2026-05-15 01:30:25 CartMoveState: STORE_DECIDE (18) -> AUX_DECIDE (5)
2026-05-15 01:30:25 CartMoveState: AUX_DECIDE (5) -> TO_MOVE (10)
2026-05-15 01:30:27 CartMoveState: TO_MOVE (10) -> TO_CART (11)
2026-05-15 01:30:29 CartMoveState: TO_CART (11) -> HOME_MOVE (12)
2026-05-15 01:30:30 CartMoveState: HOME_MOVE (12) -> HALT (13)
2026-05-15 01:30:30 CartMoveState: HALT (13) -> IDLE (1)
2026-05-15 01:30:30 Handler State: EXCHANGE_THREE (11) -> POST_PROCESS (12)
2026-05-15 01:30:30 Handler State: POST_PROCESS (12) -> MOVE_ARM_HOME (14)
2026-05-15 01:30:30 Handler State: MOVE_ARM_HOME (14) -> HANDLER_IDLE (1)
2026-05-15 01:44:00 Handler State: HANDLER_IDLE (1) -> HANDLER_START (2)
2026-05-15 01:44:01 Handler State: HANDLER_START (2) -> DECIDE_CART (3)
2026-05-15 01:44:01 Selection: IFS has correct material.
2026-05-15 01:44:01 Selection: Cartridge has correct material.
2026-05-15 01:44:01 Selected Primary Cartridge: 4
2026-05-15 01:44:01 Selected Primary Station: 102
2026-05-15 01:44:01 Selected Secondary Cartridge: 0
2026-05-15 01:44:01 Selected Secondary Station: 0
2026-05-15 01:44:01 Selected Filling Volume: 640
2026-05-15 01:44:01 Handler State: DECIDE_CART (3) -> REMOVE_CART (4)
2026-05-15 01:44:01 CartMove: Move, from 102 to 108
2026-05-15 01:44:01 CartMoveState: IDLE (1) -> FROM_MOVE (3)
2026-05-15 01:44:01 CartMoveState: FROM_MOVE (3) -> FROM_CART (4)
2026-05-15 01:44:04 CartMoveState: FROM_CART (4) -> AUX_DECIDE (5)
2026-05-15 01:44:04 CartMoveState: AUX_DECIDE (5) -> TO_MOVE (10)
2026-05-15 01:44:06 CartMoveState: TO_MOVE (10) -> TO_CART (11)
2026-05-15 01:44:08 CartMoveState: TO_CART (11) -> HOME_MOVE (12)
2026-05-15 01:44:10 CartMoveState: HOME_MOVE (12) -> HALT (13)
2026-05-15 01:44:10 CartMoveState: HALT (13) -> IDLE (1)
2026-05-15 01:44:10 Handler State: REMOVE_CART (4) -> PLACE_CART (5)
2026-05-15 01:44:10 CartMove: Move, from 105 to 102
2026-05-15 01:44:10 CartMoveState: IDLE (1) -> FROM_MOVE (3)
2026-05-15 01:44:11 CartMoveState: FROM_MOVE (3) -> FROM_CART (4)
2026-05-15 01:44:14 CartMoveState: FROM_CART (4) -> AUX_DECIDE (5)
2026-05-15 01:44:14 CartMoveState: AUX_DECIDE (5) -> TO_MOVE (10)
2026-05-15 01:44:15 CartMoveState: TO_MOVE (10) -> TO_CART (11)
2026-05-15 01:44:18 CartMoveState: TO_CART (11) -> HOME_MOVE (12)
2026-05-15 01:44:18 CartMoveState: HOME_MOVE (12) -> HALT (13)
2026-05-15 01:44:18 CartMoveState: HALT (13) -> IDLE (1)
2026-05-15 01:44:18 Handler State: PLACE_CART (5) -> CHECK_SEC_CART (26)
2026-05-15 01:44:18 Handler State: CHECK_SEC_CART (26) -> PROBE_CART (24)
2026-05-15 01:44:18 CartMove: Exchange 1, from 102
2026-05-15 01:44:18 CartMoveState: IDLE (1) -> FROM_MOVE (3)
2026-05-15 01:44:19 CartMoveState: FROM_MOVE (3) -> FROM_PROBE (19)
2026-05-15 01:44:21 Handler State: PROBE_CART (24) -> PROCESS_CART (6)
2026-05-15 01:44:58 Setting CBS color valve (FillGate): 2
2026-05-15 01:44:59 Primed volume (FillGate): 1.29927
2026-05-15 01:44:59 Re-Calculated Filling Volume: 640
2026-05-15 01:44:59 Setting CBS color valve (FillCart): 2
2026-05-15 01:45:25 Handler State: PROCESS_CART (6) -> EXCHANGE_ONE (7)
2026-05-15 01:45:25 CartMove: Exchange 1, from 102
2026-05-15 01:45:25 CartMoveState: FROM_PROBE (19) -> FROM_CART (4)
2026-05-15 01:45:32 Setting CBS color valve (Finished): 0
2026-05-15 01:45:34 CartMoveState: FROM_CART (4) -> TO_MOVE (10)
2026-05-15 01:45:35 CartMoveState: TO_MOVE (10) -> EXCH_1_WAIT (14)
2026-05-15 01:45:35 Handler State: EXCHANGE_ONE (7) -> START_DCU (8)
2026-05-15 01:46:03 Handler State: START_DCU (8) -> EXCHANGE_TWO (9)
2026-05-15 01:46:03 CartMove: Exchange 2
2026-05-15 01:46:14 CartMoveState: EXCH_1_WAIT (14) -> EXCH_1_CART (15)
2026-05-15 01:46:17 CartMoveState: EXCH_1_CART (15) -> EXCH_2_MOVE (16)
2026-05-15 01:46:18 CartMoveState: EXCH_2_MOVE (16) -> EXCH_2_CART (17)
2026-05-15 01:46:20 CartMoveState: EXCH_2_CART (17) -> STORE_DECIDE (18)
2026-05-15 01:46:20 Used volume for last job: 437.759
2026-05-15 01:46:20 Handler State: EXCHANGE_TWO (9) -> WAIT_FOR_DCU (10)
2026-05-15 01:46:22 Handler State: WAIT_FOR_DCU (10) -> EXCHANGE_THREE (11)
2026-05-15 01:46:22 CartMove: Exchange 3
2026-05-15 01:46:22 CartMoveState: STORE_DECIDE (18) -> AUX_DECIDE (5)
2026-05-15 01:46:22 CartMoveState: AUX_DECIDE (5) -> TO_MOVE (10)
2026-05-15 01:46:23 CartMoveState: TO_MOVE (10) -> TO_CART (11)
2026-05-15 01:46:25 CartMoveState: TO_CART (11) -> HOME_MOVE (12)
2026-05-15 01:46:26 CartMoveState: HOME_MOVE (12) -> HALT (13)
2026-05-15 01:46:26 CartMoveState: HALT (13) -> IDLE (1)
2026-05-15 01:46:26 Handler State: EXCHANGE_THREE (11) -> POST_PROCESS (12)
2026-05-15 01:46:26 Handler State: POST_PROCESS (12) -> EMPTY_AUX (13)
2026-05-15 01:46:26 CartMove: Move, from 108 to 102
2026-05-15 01:46:26 CartMoveState: IDLE (1) -> FROM_MOVE (3)
2026-05-15 01:46:28 CartMoveState: FROM_MOVE (3) -> FROM_CART (4)
2026-05-15 01:46:31 CartMoveState: FROM_CART (4) -> AUX_DECIDE (5)
2026-05-15 01:46:31 CartMoveState: AUX_DECIDE (5) -> TO_MOVE (10)
2026-05-15 01:46:32 CartMoveState: TO_MOVE (10) -> TO_CART (11)
2026-05-15 01:46:35 CartMoveState: TO_CART (11) -> HOME_MOVE (12)
2026-05-15 01:46:35 CartMoveState: HOME_MOVE (12) -> HALT (13)
2026-05-15 01:46:35 CartMoveState: HALT (13) -> IDLE (1)
2026-05-15 01:46:35 Handler State: EMPTY_AUX (13) -> MOVE_ARM_HOME (14)
2026-05-15 01:46:36 Handler State: MOVE_ARM_HOME (14) -> HANDLER_IDLE (1)
2026-05-15 01:47:59 Handler State: HANDLER_IDLE (1) -> HANDLER_START (2)
2026-05-15 01:48:00 Handler State: HANDLER_START (2) -> DECIDE_CART (3)
2026-05-15 01:48:00 Selection: IFS has correct material.
2026-05-15 01:48:00 Selection: Last resort, just pick the first cartridge.
2026-05-15 01:48:00 Selected Primary Cartridge: 1
2026-05-15 01:48:00 Selected Primary Station: 102
2026-05-15 01:48:00 Selected Secondary Cartridge: 0
2026-05-15 01:48:00 Selected Secondary Station: 0
2026-05-15 01:48:00 Selected Filling Volume: 640
2026-05-15 01:48:00 Handler State: DECIDE_CART (3) -> CHECK_SEC_CART (26)
2026-05-15 01:48:00 Handler State: CHECK_SEC_CART (26) -> PROBE_CART (24)
2026-05-15 01:48:00 CartMove: Exchange 1, from 102
2026-05-15 01:48:00 CartMoveState: IDLE (1) -> FROM_MOVE (3)
2026-05-15 01:48:01 CartMoveState: FROM_MOVE (3) -> FROM_PROBE (19)
2026-05-15 01:48:02 Handler State: PROBE_CART (24) -> PROCESS_CART (6)
2026-05-15 01:48:36 Setting CBS color valve (FillGate): 2
2026-05-15 01:48:37 Primed volume (FillGate): 0.674764
2026-05-15 01:48:37 Re-Calculated Filling Volume: 640
2026-05-15 01:48:37 Setting CBS color valve (FillCart): 2
2026-05-15 01:49:00 Handler State: PROCESS_CART (6) -> EXCHANGE_ONE (7)
2026-05-15 01:49:00 CartMove: Exchange 1, from 102
2026-05-15 01:49:00 CartMoveState: FROM_PROBE (19) -> FROM_CART (4)
2026-05-15 01:49:07 Setting CBS color valve (Finished): 0
2026-05-15 01:49:09 CartMoveState: FROM_CART (4) -> TO_MOVE (10)
2026-05-15 01:49:10 CartMoveState: TO_MOVE (10) -> EXCH_1_WAIT (14)
2026-05-15 01:49:10 Handler State: EXCHANGE_ONE (7) -> START_DCU (8)
2026-05-15 01:50:27 Handler State: START_DCU (8) -> EXCHANGE_TWO (9)
2026-05-15 01:50:27 CartMove: Exchange 2
2026-05-15 01:50:28 CartMoveState: EXCH_1_WAIT (14) -> EXCH_1_CART (15)
2026-05-15 01:50:30 CartMoveState: EXCH_1_CART (15) -> EXCH_2_MOVE (16)
2026-05-15 01:50:31 CartMoveState: EXCH_2_MOVE (16) -> EXCH_2_CART (17)
2026-05-15 01:50:33 CartMoveState: EXCH_2_CART (17) -> STORE_DECIDE (18)
2026-05-15 01:50:33 Used volume for last job: 0
2026-05-15 01:50:33 Handler State: EXCHANGE_TWO (9) -> WAIT_FOR_DCU (10)
2026-05-15 01:50:35 Handler State: WAIT_FOR_DCU (10) -> EXCHANGE_THREE (11)
2026-05-15 01:50:35 CartMove: Exchange 3
2026-05-15 01:50:35 CartMoveState: STORE_DECIDE (18) -> AUX_DECIDE (5)
2026-05-15 01:50:35 CartMoveState: AUX_DECIDE (5) -> TO_MOVE (10)
2026-05-15 01:50:35 CartMoveState: TO_MOVE (10) -> TO_CART (11)
2026-05-15 01:50:37 CartMoveState: TO_CART (11) -> HOME_MOVE (12)
2026-05-15 01:50:37 CartMoveState: HOME_MOVE (12) -> HALT (13)
2026-05-15 01:50:37 CartMoveState: HALT (13) -> IDLE (1)
2026-05-15 01:50:37 Handler State: EXCHANGE_THREE (11) -> POST_PROCESS (12)
2026-05-15 01:50:37 Handler State: POST_PROCESS (12) -> MOVE_ARM_HOME (14)
2026-05-15 01:50:40 Handler State: MOVE_ARM_HOME (14) -> HANDLER_IDLE (1)
2026-05-15 01:50:45 Handler State: HANDLER_IDLE (1) -> HANDLER_START (2)
2026-05-15 01:50:46 Handler State: HANDLER_START (2) -> DECIDE_CART (3)
2026-05-15 01:50:46 Selection: Last resort, just pick the first IFS.
2026-05-15 01:50:46 Selection: Last resort, just pick the first cartridge.
2026-05-15 01:50:46 Selected Primary Cartridge: 2
2026-05-15 01:50:46 Selected Primary Station: 103
2026-05-15 01:50:46 Selected Secondary Cartridge: 0
2026-05-15 01:50:46 Selected Secondary Station: 0
2026-05-15 01:50:46 Selected Filling Volume: 362
2026-05-15 01:50:46 Handler State: DECIDE_CART (3) -> CHECK_SEC_CART (26)
2026-05-15 01:50:46 Handler State: CHECK_SEC_CART (26) -> PROBE_CART (24)
2026-05-15 01:50:46 CartMove: Exchange 1, from 103
2026-05-15 01:50:46 CartMoveState: IDLE (1) -> FROM_MOVE (3)
2026-05-15 01:50:46 CartMoveState: FROM_MOVE (3) -> FROM_PROBE (19)
2026-05-15 01:50:48 Handler State: PROBE_CART (24) -> PROCESS_CART (6)
2026-05-15 01:51:21 Setting CBS color valve (FillIFS): 1
2026-05-15 01:51:22 Primed volume (FillIFS): 3.89861
2026-05-15 01:51:22 Re-Calculated Filling Volume: 362
2026-05-15 01:51:22 Setting CBS color valve (FillCart): 1
2026-05-15 01:51:40 Handler State: PROCESS_CART (6) -> EXCHANGE_ONE (7)
2026-05-15 01:51:40 CartMove: Exchange 1, from 103
2026-05-15 01:51:40 CartMoveState: FROM_PROBE (19) -> FROM_CART (4)
2026-05-15 01:51:45 Setting CBS color valve (Finished): 0
2026-05-15 01:51:47 CartMoveState: FROM_CART (4) -> TO_MOVE (10)
2026-05-15 01:51:49 CartMoveState: TO_MOVE (10) -> EXCH_1_WAIT (14)
2026-05-15 01:51:49 Handler State: EXCHANGE_ONE (7) -> START_DCU (8)
2026-05-15 01:52:24 Handler State: START_DCU (8) -> EXCHANGE_TWO (9)
2026-05-15 01:52:24 CartMove: Exchange 2
2026-05-15 01:52:35 CartMoveState: EXCH_1_WAIT (14) -> EXCH_1_CART (15)
2026-05-15 01:52:38 CartMoveState: EXCH_1_CART (15) -> EXCH_2_MOVE (16)
2026-05-15 01:52:39 CartMoveState: EXCH_2_MOVE (16) -> EXCH_2_CART (17)
2026-05-15 01:52:41 CartMoveState: EXCH_2_CART (17) -> STORE_DECIDE (18)
2026-05-15 01:52:41 Used volume for last job: 184.658
2026-05-15 01:52:41 Handler State: EXCHANGE_TWO (9) -> WAIT_FOR_DCU (10)
2026-05-15 01:52:43 Handler State: WAIT_FOR_DCU (10) -> EXCHANGE_THREE (11)
2026-05-15 01:52:43 CartMove: Exchange 3
2026-05-15 01:52:43 CartMoveState: STORE_DECIDE (18) -> AUX_DECIDE (5)
2026-05-15 01:52:43 CartMoveState: AUX_DECIDE (5) -> TO_MOVE (10)
2026-05-15 01:52:45 CartMoveState: TO_MOVE (10) -> TO_CART (11)
2026-05-15 01:52:47 CartMoveState: TO_CART (11) -> HOME_MOVE (12)
2026-05-15 01:52:48 CartMoveState: HOME_MOVE (12) -> HALT (13)
2026-05-15 01:52:48 CartMoveState: HALT (13) -> IDLE (1)
2026-05-15 01:52:48 Handler State: EXCHANGE_THREE (11) -> POST_PROCESS (12)
2026-05-15 01:52:48 Handler State: POST_PROCESS (12) -> MOVE_ARM_HOME (14)
2026-05-15 01:52:48 Handler State: MOVE_ARM_HOME (14) -> HANDLER_IDLE (1)
2026-05-15 01:53:04 Handler State: HANDLER_IDLE (1) -> HANDLER_START (2)
2026-05-15 01:53:04 Handler State: HANDLER_START (2) -> DECIDE_CART (3)
2026-05-15 01:53:04 Selection: IFS has correct material and its cartridge has correct material.
2026-05-15 01:53:04 Selected Primary Cartridge: 3
2026-05-15 01:53:04 Selected Primary Station: 104
2026-05-15 01:53:04 Selected Secondary Cartridge: 0
2026-05-15 01:53:04 Selected Secondary Station: 0
2026-05-15 01:53:04 Selected Filling Volume: 436
2026-05-15 01:53:04 Handler State: DECIDE_CART (3) -> CHECK_SEC_CART (26)
2026-05-15 01:53:04 Handler State: CHECK_SEC_CART (26) -> PROBE_CART (24)
2026-05-15 01:53:04 CartMove: Exchange 1, from 104
2026-05-15 01:53:04 CartMoveState: IDLE (1) -> FROM_MOVE (3)
2026-05-15 01:53:05 CartMoveState: FROM_MOVE (3) -> FROM_PROBE (19)
2026-05-15 01:53:07 Handler State: PROBE_CART (24) -> PROCESS_CART (6)
2026-05-15 01:53:59 Setting CBS color valve (FillGate): 1
2026-05-15 01:54:00 Primed volume (FillGate): 1.13943
2026-05-15 01:54:00 Re-Calculated Filling Volume: 436
2026-05-15 01:54:00 Setting CBS color valve (FillCart): 1
2026-05-15 01:54:23 Handler State: PROCESS_CART (6) -> EXCHANGE_ONE (7)
2026-05-15 01:54:23 CartMove: Exchange 1, from 104
2026-05-15 01:54:23 CartMoveState: FROM_PROBE (19) -> FROM_CART (4)
2026-05-15 01:54:29 Setting CBS color valve (Finished): 0
2026-05-15 01:54:31 CartMoveState: FROM_CART (4) -> TO_MOVE (10)
2026-05-15 01:54:32 CartMoveState: TO_MOVE (10) -> EXCH_1_WAIT (14)
2026-05-15 01:54:32 Handler State: EXCHANGE_ONE (7) -> START_DCU (8)
2026-05-15 01:56:07 Handler State: START_DCU (8) -> EXCHANGE_TWO (9)
2026-05-15 01:56:07 CartMove: Exchange 2
2026-05-15 01:56:18 CartMoveState: EXCH_1_WAIT (14) -> EXCH_1_CART (15)
2026-05-15 01:56:20 CartMoveState: EXCH_1_CART (15) -> EXCH_2_MOVE (16)
2026-05-15 01:56:22 CartMoveState: EXCH_2_MOVE (16) -> EXCH_2_CART (17)
2026-05-15 01:56:24 CartMoveState: EXCH_2_CART (17) -> STORE_DECIDE (18)
2026-05-15 01:56:24 Used volume for last job: 307.967
2026-05-15 01:56:24 Handler State: EXCHANGE_TWO (9) -> WAIT_FOR_DCU (10)
2026-05-15 01:56:25 Handler State: WAIT_FOR_DCU (10) -> EXCHANGE_THREE (11)
2026-05-15 01:56:25 CartMove: Exchange 3
2026-05-15 01:56:25 CartMoveState: STORE_DECIDE (18) -> AUX_DECIDE (5)
2026-05-15 01:56:25 CartMoveState: AUX_DECIDE (5) -> TO_MOVE (10)
2026-05-15 01:56:26 CartMoveState: TO_MOVE (10) -> TO_CART (11)
2026-05-15 01:56:28 CartMoveState: TO_CART (11) -> HOME_MOVE (12)
2026-05-15 01:56:29 CartMoveState: HOME_MOVE (12) -> HALT (13)
2026-05-15 01:56:29 CartMoveState: HALT (13) -> IDLE (1)
2026-05-15 01:56:29 Handler State: EXCHANGE_THREE (11) -> POST_PROCESS (12)
2026-05-15 01:56:29 Handler State: POST_PROCESS (12) -> MOVE_ARM_HOME (14)
2026-05-15 01:56:29 Handler State: MOVE_ARM_HOME (14) -> HANDLER_IDLE (1)
2026-05-15 01:57:50 Handler State: HANDLER_IDLE (1) -> HANDLER_START (2)
2026-05-15 01:57:51 Handler State: HANDLER_START (2) -> DECIDE_CART (3)
2026-05-15 01:57:51 Selection: IFS has correct material.
2026-05-15 01:57:51 Selection: Cartridge has correct material.
2026-05-15 01:57:51 Selected Primary Cartridge: 6
2026-05-15 01:57:51 Selected Primary Station: 104
2026-05-15 01:57:51 Selected Secondary Cartridge: 0
2026-05-15 01:57:51 Selected Secondary Station: 0
2026-05-15 01:57:51 Selected Filling Volume: 477
2026-05-15 01:57:51 Handler State: DECIDE_CART (3) -> PLACE_CART (5)
2026-05-15 01:57:51 CartMove: Move, from 107 to 104
2026-05-15 01:57:51 CartMoveState: IDLE (1) -> FROM_MOVE (3)
2026-05-15 01:57:52 CartMoveState: FROM_MOVE (3) -> FROM_CART (4)
2026-05-15 01:57:55 CartMoveState: FROM_CART (4) -> AUX_DECIDE (5)
2026-05-15 01:57:55 CartMoveState: AUX_DECIDE (5) -> TO_MOVE (10)
2026-05-15 01:57:57 CartMoveState: TO_MOVE (10) -> TO_CART (11)
2026-05-15 01:57:59 CartMoveState: TO_CART (11) -> HOME_MOVE (12)
2026-05-15 01:58:00 CartMoveState: HOME_MOVE (12) -> HALT (13)
2026-05-15 01:58:00 CartMoveState: HALT (13) -> IDLE (1)
2026-05-15 01:58:00 Handler State: PLACE_CART (5) -> CHECK_SEC_CART (26)
2026-05-15 01:58:00 Handler State: CHECK_SEC_CART (26) -> PROBE_CART (24)
2026-05-15 01:58:00 CartMove: Exchange 1, from 104
2026-05-15 01:58:00 CartMoveState: IDLE (1) -> FROM_MOVE (3)
2026-05-15 01:58:01 CartMoveState: FROM_MOVE (3) -> FROM_PROBE (19)
2026-05-15 01:58:03 Handler State: PROBE_CART (24) -> PROCESS_CART (6)
2026-05-15 01:58:34 Setting CBS color valve (FillGate): 1
2026-05-15 01:58:35 Primed volume (FillGate): 1.28739
2026-05-15 01:58:35 Re-Calculated Filling Volume: 477
2026-05-15 01:58:35 Setting CBS color valve (FillCart): 1
2026-05-15 01:58:57 Handler State: PROCESS_CART (6) -> EXCHANGE_ONE (7)
2026-05-15 01:58:57 CartMove: Exchange 1, from 104
2026-05-15 01:58:57 CartMoveState: FROM_PROBE (19) -> FROM_CART (4)
2026-05-15 01:59:03 Setting CBS color valve (Finished): 0
2026-05-15 01:59:05 CartMoveState: FROM_CART (4) -> TO_MOVE (10)
2026-05-15 01:59:06 CartMoveState: TO_MOVE (10) -> EXCH_1_WAIT (14)
2026-05-15 01:59:06 Handler State: EXCHANGE_ONE (7) -> START_DCU (8)
2026-05-15 01:59:45 Handler State: START_DCU (8) -> EXCHANGE_TWO (9)
2026-05-15 01:59:45 CartMove: Exchange 2
2026-05-15 01:59:47 CartMoveState: EXCH_1_WAIT (14) -> EXCH_1_CART (15)
2026-05-15 01:59:49 CartMoveState: EXCH_1_CART (15) -> EXCH_2_MOVE (16)
2026-05-15 01:59:50 CartMoveState: EXCH_2_MOVE (16) -> EXCH_2_CART (17)
2026-05-15 01:59:52 CartMoveState: EXCH_2_CART (17) -> STORE_DECIDE (18)
2026-05-15 01:59:52 Used volume for last job: 0
2026-05-15 01:59:52 Handler State: EXCHANGE_TWO (9) -> WAIT_FOR_DCU (10)
2026-05-15 01:59:54 Handler State: WAIT_FOR_DCU (10) -> EXCHANGE_THREE (11)
2026-05-15 01:59:54 CartMove: Exchange 3
2026-05-15 01:59:54 CartMoveState: STORE_DECIDE (18) -> AUX_DECIDE (5)
2026-05-15 01:59:54 CartMoveState: AUX_DECIDE (5) -> TO_MOVE (10)
2026-05-15 01:59:55 CartMoveState: TO_MOVE (10) -> TO_CART (11)
2026-05-15 01:59:57 CartMoveState: TO_CART (11) -> HOME_MOVE (12)
2026-05-15 01:59:58 CartMoveState: HOME_MOVE (12) -> HALT (13)
2026-05-15 01:59:58 CartMoveState: HALT (13) -> IDLE (1)
2026-05-15 01:59:58 Handler State: EXCHANGE_THREE (11) -> POST_PROCESS (12)
2026-05-15 01:59:58 Handler State: POST_PROCESS (12) -> MOVE_ARM_HOME (14)
2026-05-15 01:59:58 Handler State: MOVE_ARM_HOME (14) -> HANDLER_IDLE (1)
2026-05-15 02:01:35 Handler State: HANDLER_IDLE (1) -> SEMI_START (15)
2026-05-15 02:01:35 Handler State: SEMI_START (15) -> SEMI_PROBE_CART (25)
2026-05-15 02:01:39 Handler State: SEMI_PROBE_CART (25) -> SEMI_PROCESS (16)
2026-05-15 02:02:07 Re-Calculated Filling Volume: 0
2026-05-15 02:02:13 Setting CBS color valve (Finished): 0
2026-05-15 02:02:13 Handler State: SEMI_PROCESS (16) -> SEMI_WHAT_NEXT (21)
2026-05-15 02:02:13 Handler State: SEMI_WHAT_NEXT (21) -> SEMI_FINISHED (23)
2026-05-15 02:02:13 Handler State: SEMI_FINISHED (23) -> HANDLER_IDLE (1)
2026-05-15 02:04:10 Handler State: HANDLER_IDLE (1) -> HANDLER_START (2)
2026-05-15 02:04:11 Handler State: HANDLER_START (2) -> DECIDE_CART (3)
2026-05-15 02:04:11 Selection: IFS is clean and its cartridge is cleaned.
2026-05-15 02:04:11 Selected Primary Cartridge: 3
2026-05-15 02:04:11 Selected Primary Station: 104
2026-05-15 02:04:11 Selected Secondary Cartridge: 0
2026-05-15 02:04:11 Selected Secondary Station: 0
2026-05-15 02:04:11 Selected Filling Volume: 640
2026-05-15 02:04:11 Handler State: DECIDE_CART (3) -> CHECK_SEC_CART (26)
2026-05-15 02:04:11 Handler State: CHECK_SEC_CART (26) -> PROBE_CART (24)
2026-05-15 02:04:11 CartMove: Exchange 1, from 104
2026-05-15 02:04:11 CartMoveState: IDLE (1) -> FROM_MOVE (3)
2026-05-15 02:04:12 CartMoveState: FROM_MOVE (3) -> FROM_PROBE (19)
2026-05-15 02:04:14 Handler State: PROBE_CART (24) -> PROCESS_CART (6)
2026-05-15 02:04:14 Setting CBS color valve (FillIFS): 2
2026-05-15 02:04:15 Primed volume (FillIFS): 2.42223
2026-05-15 02:04:15 Re-Calculated Filling Volume: 640
2026-05-15 02:04:15 Setting CBS color valve (FillCart): 2
2026-05-15 02:04:36 Handler State: PROCESS_CART (6) -> EXCHANGE_ONE (7)
2026-05-15 02:04:36 CartMove: Exchange 1, from 104
2026-05-15 02:04:36 CartMoveState: FROM_PROBE (19) -> FROM_CART (4)
2026-05-15 02:04:41 Setting CBS color valve (Finished): 0
2026-05-15 02:04:43 CartMoveState: FROM_CART (4) -> TO_MOVE (10)
2026-05-15 02:04:45 CartMoveState: TO_MOVE (10) -> EXCH_1_WAIT (14)
2026-05-15 02:04:45 Handler State: EXCHANGE_ONE (7) -> START_DCU (8)
2026-05-15 02:04:45 Handler State: START_DCU (8) -> EXCHANGE_TWO (9)
2026-05-15 02:04:45 CartMove: Exchange 2
2026-05-15 02:04:45 CartMoveState: EXCH_1_WAIT (14) -> EXCH_1_CART (15)
2026-05-15 02:04:48 CartMoveState: EXCH_1_CART (15) -> EXCH_2_MOVE (16)
2026-05-15 02:04:49 CartMoveState: EXCH_2_MOVE (16) -> EXCH_2_CART (17)
2026-05-15 02:04:51 CartMoveState: EXCH_2_CART (17) -> STORE_DECIDE (18)
2026-05-15 02:04:51 Used volume for last job: 425.18
2026-05-15 02:04:51 Handler State: EXCHANGE_TWO (9) -> WAIT_FOR_DCU (10)
2026-05-15 02:04:53 Handler State: WAIT_FOR_DCU (10) -> EXCHANGE_THREE (11)
2026-05-15 02:04:53 CartMove: Exchange 3
2026-05-15 02:04:53 CartMoveState: STORE_DECIDE (18) -> AUX_DECIDE (5)
2026-05-15 02:04:53 CartMoveState: AUX_DECIDE (5) -> TO_MOVE (10)
2026-05-15 02:04:54 CartMoveState: TO_MOVE (10) -> TO_CART (11)
2026-05-15 02:04:56 CartMoveState: TO_CART (11) -> HOME_MOVE (12)
2026-05-15 02:04:57 CartMoveState: HOME_MOVE (12) -> HALT (13)
2026-05-15 02:04:57 CartMoveState: HALT (13) -> IDLE (1)
2026-05-15 02:04:57 Handler State: EXCHANGE_THREE (11) -> POST_PROCESS (12)
2026-05-15 02:04:57 Handler State: POST_PROCESS (12) -> MOVE_ARM_HOME (14)
2026-05-15 02:04:58 Handler State: MOVE_ARM_HOME (14) -> HANDLER_IDLE (1)
2026-05-15 02:29:44 Handler State: HANDLER_IDLE (1) -> SEMI_START (15)
2026-05-15 02:29:44 Handler State: SEMI_START (15) -> SEMI_PROBE_CART (25)
2026-05-15 02:29:48 Handler State: SEMI_PROBE_CART (25) -> SEMI_PROCESS (16)
2026-05-15 02:30:20 Re-Calculated Filling Volume: 0
2026-05-15 02:30:26 Setting CBS color valve (Finished): 0
2026-05-15 02:30:26 Handler State: SEMI_PROCESS (16) -> SEMI_WHAT_NEXT (21)
2026-05-15 02:30:26 Handler State: SEMI_WHAT_NEXT (21) -> SEMI_FINISHED (23)
2026-05-15 02:30:27 Handler State: SEMI_FINISHED (23) -> HANDLER_IDLE (1)
2026-05-15 02:33:12 Handler State: HANDLER_IDLE (1) -> SEMI_START (15)
2026-05-15 02:33:12 Handler State: SEMI_START (15) -> SEMI_PROBE_CART (25)
2026-05-15 02:33:15 Handler State: SEMI_PROBE_CART (25) -> SEMI_PROCESS (16)
2026-05-15 02:34:28 Re-Calculated Filling Volume: 0
2026-05-15 02:34:35 Setting CBS color valve (Finished): 0
2026-05-15 02:34:35 Handler State: SEMI_PROCESS (16) -> SEMI_WHAT_NEXT (21)
2026-05-15 02:34:35 Handler State: SEMI_WHAT_NEXT (21) -> SEMI_FINISHED (23)
2026-05-15 02:34:36 Handler State: SEMI_FINISHED (23) -> HANDLER_IDLE (1)
2026-05-15 02:38:49 Handler State: HANDLER_IDLE (1) -> HANDLER_START (2)
2026-05-15 02:38:50 Handler State: HANDLER_START (2) -> DECIDE_CART (3)
2026-05-15 02:38:50 Selection: IFS is clean and its cartridge is cleaned.
2026-05-15 02:38:50 Selected Primary Cartridge: 6
2026-05-15 02:38:50 Selected Primary Station: 104
2026-05-15 02:38:50 Selected Secondary Cartridge: 0
2026-05-15 02:38:50 Selected Secondary Station: 0
2026-05-15 02:38:50 Selected Filling Volume: 436
2026-05-15 02:38:50 Handler State: DECIDE_CART (3) -> CHECK_SEC_CART (26)
2026-05-15 02:38:50 Handler State: CHECK_SEC_CART (26) -> PROBE_CART (24)
2026-05-15 02:38:50 CartMove: Exchange 1, from 104
2026-05-15 02:38:51 CartMoveState: IDLE (1) -> FROM_MOVE (3)
2026-05-15 02:38:51 CartMoveState: FROM_MOVE (3) -> FROM_PROBE (19)
2026-05-15 02:38:53 Handler State: PROBE_CART (24) -> PROCESS_CART (6)
2026-05-15 02:38:53 Setting CBS color valve (FillIFS): 1
2026-05-15 02:38:55 Primed volume (FillIFS): 1.91936
2026-05-15 02:38:55 Re-Calculated Filling Volume: 436
2026-05-15 02:38:55 Setting CBS color valve (FillCart): 1
2026-05-15 02:39:18 Handler State: PROCESS_CART (6) -> EXCHANGE_ONE (7)
2026-05-15 02:39:18 CartMove: Exchange 1, from 104
2026-05-15 02:39:18 CartMoveState: FROM_PROBE (19) -> FROM_CART (4)
2026-05-15 02:39:23 Setting CBS color valve (Finished): 0
2026-05-15 02:39:25 CartMoveState: FROM_CART (4) -> TO_MOVE (10)
2026-05-15 02:39:27 CartMoveState: TO_MOVE (10) -> EXCH_1_WAIT (14)
2026-05-15 02:39:27 Handler State: EXCHANGE_ONE (7) -> START_DCU (8)
2026-05-15 02:39:27 Handler State: START_DCU (8) -> EXCHANGE_TWO (9)
2026-05-15 02:39:27 CartMove: Exchange 2
2026-05-15 02:39:27 CartMoveState: EXCH_1_WAIT (14) -> EXCH_1_CART (15)
2026-05-15 02:39:30 CartMoveState: EXCH_1_CART (15) -> EXCH_2_MOVE (16)
2026-05-15 02:39:31 CartMoveState: EXCH_2_MOVE (16) -> EXCH_2_CART (17)
2026-05-15 02:39:33 CartMoveState: EXCH_2_CART (17) -> STORE_DECIDE (18)
2026-05-15 02:39:33 Used volume for last job: 439.81
2026-05-15 02:39:33 Handler State: EXCHANGE_TWO (9) -> WAIT_FOR_DCU (10)
2026-05-15 02:39:35 Handler State: WAIT_FOR_DCU (10) -> EXCHANGE_THREE (11)
2026-05-15 02:39:35 CartMove: Exchange 3
2026-05-15 02:39:35 CartMoveState: STORE_DECIDE (18) -> AUX_DECIDE (5)
2026-05-15 02:39:35 CartMoveState: AUX_DECIDE (5) -> TO_MOVE (10)
2026-05-15 02:39:36 CartMoveState: TO_MOVE (10) -> TO_CART (11)
2026-05-15 02:39:38 CartMoveState: TO_CART (11) -> HOME_MOVE (12)
2026-05-15 02:39:39 CartMoveState: HOME_MOVE (12) -> HALT (13)
2026-05-15 02:39:39 CartMoveState: HALT (13) -> IDLE (1)
2026-05-15 02:39:39 Handler State: EXCHANGE_THREE (11) -> POST_PROCESS (12)
2026-05-15 02:39:39 Handler State: POST_PROCESS (12) -> MOVE_ARM_HOME (14)
2026-05-15 02:39:39 Handler State: MOVE_ARM_HOME (14) -> HANDLER_IDLE (1)
2026-05-15 02:44:07 Handler State: HANDLER_IDLE (1) -> HANDLER_START (2)
2026-05-15 02:44:08 Handler State: HANDLER_START (2) -> DECIDE_CART (3)
2026-05-15 02:44:08 Selection: IFS has correct material.
2026-05-15 02:44:08 Selection: Last resort, just pick the first cartridge.
2026-05-15 02:44:08 Selected Primary Cartridge: 3
2026-05-15 02:44:08 Selected Primary Station: 104
2026-05-15 02:44:08 Selected Secondary Cartridge: 0
2026-05-15 02:44:08 Selected Secondary Station: 0
2026-05-15 02:44:08 Selected Filling Volume: 477
2026-05-15 02:44:08 Handler State: DECIDE_CART (3) -> CHECK_SEC_CART (26)
2026-05-15 02:44:08 Handler State: CHECK_SEC_CART (26) -> PROBE_CART (24)
2026-05-15 02:44:08 CartMove: Exchange 1, from 104
2026-05-15 02:44:08 CartMoveState: IDLE (1) -> FROM_MOVE (3)
2026-05-15 02:44:09 CartMoveState: FROM_MOVE (3) -> FROM_PROBE (19)
2026-05-15 02:44:11 Handler State: PROBE_CART (24) -> PROCESS_CART (6)
2026-05-15 02:45:03 Setting CBS color valve (FillGate): 1
2026-05-15 02:45:04 Primed volume (FillGate): 1.75688
2026-05-15 02:45:04 Re-Calculated Filling Volume: 477
2026-05-15 02:45:04 Setting CBS color valve (FillCart): 1
2026-05-15 02:45:26 Handler State: PROCESS_CART (6) -> EXCHANGE_ONE (7)
2026-05-15 02:45:26 CartMove: Exchange 1, from 104
2026-05-15 02:45:26 CartMoveState: FROM_PROBE (19) -> FROM_CART (4)
2026-05-15 02:45:32 Setting CBS color valve (Finished): 0
2026-05-15 02:45:33 CartMoveState: FROM_CART (4) -> TO_MOVE (10)
2026-05-15 02:45:35 CartMoveState: TO_MOVE (10) -> EXCH_1_WAIT (14)
2026-05-15 02:45:35 Handler State: EXCHANGE_ONE (7) -> START_DCU (8)
2026-05-15 02:46:02 Handler State: START_DCU (8) -> EXCHANGE_TWO (9)
2026-05-15 02:46:02 CartMove: Exchange 2
2026-05-15 02:46:03 CartMoveState: EXCH_1_WAIT (14) -> EXCH_1_CART (15)
2026-05-15 02:46:06 CartMoveState: EXCH_1_CART (15) -> EXCH_2_MOVE (16)
2026-05-15 02:46:07 CartMoveState: EXCH_2_MOVE (16) -> EXCH_2_CART (17)
2026-05-15 02:46:09 CartMoveState: EXCH_2_CART (17) -> STORE_DECIDE (18)
2026-05-15 02:46:09 Used volume for last job: 0
2026-05-15 02:46:09 Handler State: EXCHANGE_TWO (9) -> WAIT_FOR_DCU (10)
2026-05-15 02:46:11 Handler State: WAIT_FOR_DCU (10) -> EXCHANGE_THREE (11)
2026-05-15 02:46:11 CartMove: Exchange 3
2026-05-15 02:46:11 CartMoveState: STORE_DECIDE (18) -> AUX_DECIDE (5)
2026-05-15 02:46:11 CartMoveState: AUX_DECIDE (5) -> TO_MOVE (10)
2026-05-15 02:46:12 CartMoveState: TO_MOVE (10) -> TO_CART (11)
2026-05-15 02:46:14 CartMoveState: TO_CART (11) -> HOME_MOVE (12)
2026-05-15 02:46:15 CartMoveState: HOME_MOVE (12) -> HALT (13)
2026-05-15 02:46:15 CartMoveState: HALT (13) -> IDLE (1)
2026-05-15 02:46:15 Handler State: EXCHANGE_THREE (11) -> POST_PROCESS (12)
2026-05-15 02:46:15 Handler State: POST_PROCESS (12) -> MOVE_ARM_HOME (14)
2026-05-15 02:46:15 Handler State: MOVE_ARM_HOME (14) -> HANDLER_IDLE (1)
2026-05-15 02:46:20 Handler State: HANDLER_IDLE (1) -> HANDLER_START (2)
2026-05-15 02:46:21 Handler State: HANDLER_START (2) -> DECIDE_CART (3)
2026-05-15 02:46:21 Selection: IFS is clean and its cartridge is cleaned.
2026-05-15 02:46:21 Selected Primary Cartridge: 4
2026-05-15 02:46:21 Selected Primary Station: 102
2026-05-15 02:46:21 Selected Secondary Cartridge: 0
2026-05-15 02:46:21 Selected Secondary Station: 0
2026-05-15 02:46:21 Selected Filling Volume: 359
2026-05-15 02:46:21 Handler State: DECIDE_CART (3) -> CHECK_SEC_CART (26)
2026-05-15 02:46:21 Handler State: CHECK_SEC_CART (26) -> PROBE_CART (24)
2026-05-15 02:46:21 CartMove: Exchange 1, from 102
2026-05-15 02:46:21 CartMoveState: IDLE (1) -> FROM_MOVE (3)
2026-05-15 02:46:22 CartMoveState: FROM_MOVE (3) -> FROM_PROBE (19)
2026-05-15 02:46:24 Handler State: PROBE_CART (24) -> PROCESS_CART (6)
2026-05-15 02:46:24 Setting CBS color valve (FillIFS): 1
2026-05-15 02:46:25 Primed volume (FillIFS): 2.02109
2026-05-15 02:46:25 Re-Calculated Filling Volume: 359
2026-05-15 02:46:25 Setting CBS color valve (FillCart): 1
2026-05-15 02:46:43 Handler State: PROCESS_CART (6) -> EXCHANGE_ONE (7)
2026-05-15 02:46:43 CartMove: Exchange 1, from 102
2026-05-15 02:46:43 CartMoveState: FROM_PROBE (19) -> FROM_CART (4)
2026-05-15 02:46:49 Setting CBS color valve (Finished): 0
2026-05-15 02:46:51 CartMoveState: FROM_CART (4) -> TO_MOVE (10)
2026-05-15 02:46:52 CartMoveState: TO_MOVE (10) -> EXCH_1_WAIT (14)
2026-05-15 02:46:52 Handler State: EXCHANGE_ONE (7) -> START_DCU (8)
2026-05-15 02:47:49 Handler State: START_DCU (8) -> EXCHANGE_TWO (9)
2026-05-15 02:47:49 CartMove: Exchange 2
2026-05-15 02:48:00 CartMoveState: EXCH_1_WAIT (14) -> EXCH_1_CART (15)
2026-05-15 02:48:02 CartMoveState: EXCH_1_CART (15) -> EXCH_2_MOVE (16)
2026-05-15 02:48:04 CartMoveState: EXCH_2_MOVE (16) -> EXCH_2_CART (17)
2026-05-15 02:48:06 CartMoveState: EXCH_2_CART (17) -> STORE_DECIDE (18)
2026-05-15 02:48:06 Used volume for last job: 425.189
2026-05-15 02:48:06 Handler State: EXCHANGE_TWO (9) -> WAIT_FOR_DCU (10)
2026-05-15 02:48:07 Handler State: WAIT_FOR_DCU (10) -> EXCHANGE_THREE (11)
2026-05-15 02:48:07 CartMove: Exchange 3
2026-05-15 02:48:07 CartMoveState: STORE_DECIDE (18) -> AUX_DECIDE (5)
2026-05-15 02:48:07 CartMoveState: AUX_DECIDE (5) -> TO_MOVE (10)
2026-05-15 02:48:09 CartMoveState: TO_MOVE (10) -> TO_CART (11)
2026-05-15 02:48:11 CartMoveState: TO_CART (11) -> HOME_MOVE (12)
2026-05-15 02:48:13 CartMoveState: HOME_MOVE (12) -> HALT (13)
2026-05-15 02:48:13 CartMoveState: HALT (13) -> IDLE (1)
2026-05-15 02:48:13 Handler State: EXCHANGE_THREE (11) -> POST_PROCESS (12)
2026-05-15 02:48:13 Handler State: POST_PROCESS (12) -> MOVE_ARM_HOME (14)
2026-05-15 02:48:13 Handler State: MOVE_ARM_HOME (14) -> HANDLER_IDLE (1)
2026-05-15 02:51:20 Handler State: HANDLER_IDLE (1) -> SEMI_START (15)
2026-05-15 02:51:20 Handler State: SEMI_START (15) -> SEMI_PROBE_CART (25)
2026-05-15 02:51:24 Handler State: SEMI_PROBE_CART (25) -> SEMI_PROCESS (16)
2026-05-15 02:51:52 Re-Calculated Filling Volume: 0
2026-05-15 02:51:57 Setting CBS color valve (Finished): 0
2026-05-15 02:51:57 Handler State: SEMI_PROCESS (16) -> SEMI_WHAT_NEXT (21)
2026-05-15 02:51:57 Handler State: SEMI_WHAT_NEXT (21) -> SEMI_FINISHED (23)
2026-05-15 02:51:58 Handler State: SEMI_FINISHED (23) -> HANDLER_IDLE (1)
2026-05-15 02:55:58 Handler State: HANDLER_IDLE (1) -> HANDLER_START (2)
2026-05-15 02:55:59 Handler State: HANDLER_START (2) -> DECIDE_CART (3)
2026-05-15 02:55:59 Selection: Last resort, just pick the first IFS.
2026-05-15 02:55:59 Selection: Last resort, just pick the first cartridge.
2026-05-15 02:55:59 Selected Primary Cartridge: 1
2026-05-15 02:55:59 Selected Primary Station: 102
2026-05-15 02:55:59 Selected Secondary Cartridge: 0
2026-05-15 02:55:59 Selected Secondary Station: 0
2026-05-15 02:55:59 Selected Filling Volume: 350
2026-05-15 02:55:59 Handler State: DECIDE_CART (3) -> PLACE_CART (5)
2026-05-15 02:55:59 CartMove: Move, from 105 to 102
2026-05-15 02:55:59 CartMoveState: IDLE (1) -> FROM_MOVE (3)
2026-05-15 02:56:00 CartMoveState: FROM_MOVE (3) -> FROM_CART (4)
2026-05-15 02:56:03 CartMoveState: FROM_CART (4) -> AUX_DECIDE (5)
2026-05-15 02:56:03 CartMoveState: AUX_DECIDE (5) -> TO_MOVE (10)
2026-05-15 02:56:04 CartMoveState: TO_MOVE (10) -> TO_CART (11)
2026-05-15 02:56:06 CartMoveState: TO_CART (11) -> HOME_MOVE (12)
2026-05-15 02:56:07 CartMoveState: HOME_MOVE (12) -> HALT (13)
2026-05-15 02:56:07 CartMoveState: HALT (13) -> IDLE (1)
2026-05-15 02:56:07 Handler State: PLACE_CART (5) -> CHECK_SEC_CART (26)
2026-05-15 02:56:07 Handler State: CHECK_SEC_CART (26) -> PROBE_CART (24)
2026-05-15 02:56:07 CartMove: Exchange 1, from 102
2026-05-15 02:56:07 CartMoveState: IDLE (1) -> FROM_MOVE (3)
2026-05-15 02:56:08 CartMoveState: FROM_MOVE (3) -> FROM_PROBE (19)
2026-05-15 02:56:10 Handler State: PROBE_CART (24) -> PROCESS_CART (6)
2026-05-15 02:57:42 Setting CBS color valve (FillIFS): 2
2026-05-15 02:57:44 Primed volume (FillIFS): 3.97841
2026-05-15 02:57:44 Re-Calculated Filling Volume: 350
2026-05-15 02:57:44 Setting CBS color valve (FillCart): 2
2026-05-15 02:58:06 Handler State: PROCESS_CART (6) -> EXCHANGE_ONE (7)
2026-05-15 02:58:06 CartMove: Exchange 1, from 102
2026-05-15 02:58:06 CartMoveState: FROM_PROBE (19) -> FROM_CART (4)
2026-05-15 02:58:13 Setting CBS color valve (Finished): 0
2026-05-15 02:58:15 CartMoveState: FROM_CART (4) -> TO_MOVE (10)
2026-05-15 02:58:15 CartMoveState: TO_MOVE (10) -> EXCH_1_WAIT (14)
2026-05-15 02:58:15 Handler State: EXCHANGE_ONE (7) -> START_DCU (8)
2026-05-15 02:58:16 Handler State: START_DCU (8) -> EXCHANGE_TWO (9)
2026-05-15 02:58:16 CartMove: Exchange 2
2026-05-15 02:58:16 CartMoveState: EXCH_1_WAIT (14) -> EXCH_1_CART (15)
2026-05-15 02:58:18 CartMoveState: EXCH_1_CART (15) -> EXCH_2_MOVE (16)
2026-05-15 02:58:20 CartMoveState: EXCH_2_MOVE (16) -> EXCH_2_CART (17)
2026-05-15 02:58:22 CartMoveState: EXCH_2_CART (17) -> STORE_DECIDE (18)
2026-05-15 02:58:22 Used volume for last job: 209.797
2026-05-15 02:58:22 Handler State: EXCHANGE_TWO (9) -> WAIT_FOR_DCU (10)
2026-05-15 02:58:23 Handler State: WAIT_FOR_DCU (10) -> EXCHANGE_THREE (11)
2026-05-15 02:58:24 CartMove: Exchange 3
2026-05-15 02:58:24 CartMoveState: STORE_DECIDE (18) -> AUX_DECIDE (5)
2026-05-15 02:58:24 CartMoveState: AUX_DECIDE (5) -> TO_MOVE (10)
2026-05-15 02:58:24 CartMoveState: TO_MOVE (10) -> TO_CART (11)
2026-05-15 02:58:26 CartMoveState: TO_CART (11) -> HOME_MOVE (12)
2026-05-15 02:58:26 CartMoveState: HOME_MOVE (12) -> HALT (13)
2026-05-15 02:58:26 CartMoveState: HALT (13) -> IDLE (1)
2026-05-15 02:58:26 Handler State: EXCHANGE_THREE (11) -> POST_PROCESS (12)
2026-05-15 02:58:26 Handler State: POST_PROCESS (12) -> MOVE_ARM_HOME (14)
2026-05-15 02:58:26 Handler State: MOVE_ARM_HOME (14) -> HANDLER_IDLE (1)
2026-05-15 03:00:00 Handler State: HANDLER_IDLE (1) -> HANDLER_START (2)
2026-05-15 03:00:01 Handler State: HANDLER_START (2) -> DECIDE_CART (3)
2026-05-15 03:00:01 Selection: IFS has correct material.
2026-05-15 03:00:01 Selection: Last resort, just pick the first cartridge.
2026-05-15 03:00:01 Selected Primary Cartridge: 4
2026-05-15 03:00:01 Selected Primary Station: 102
2026-05-15 03:00:01 Selected Secondary Cartridge: 0
2026-05-15 03:00:01 Selected Secondary Station: 0
2026-05-15 03:00:01 Selected Filling Volume: 305
2026-05-15 03:00:01 Handler State: DECIDE_CART (3) -> CHECK_SEC_CART (26)
2026-05-15 03:00:01 Handler State: CHECK_SEC_CART (26) -> PROBE_CART (24)
2026-05-15 03:00:01 CartMove: Exchange 1, from 102
2026-05-15 03:00:01 CartMoveState: IDLE (1) -> FROM_MOVE (3)
2026-05-15 03:00:02 CartMoveState: FROM_MOVE (3) -> FROM_PROBE (19)
2026-05-15 03:00:04 Handler State: PROBE_CART (24) -> PROCESS_CART (6)
2026-05-15 03:00:51 Setting CBS color valve (FillGate): 2
2026-05-15 03:00:52 Primed volume (FillGate): 1.46443
2026-05-15 03:00:52 Re-Calculated Filling Volume: 305
2026-05-15 03:00:52 Setting CBS color valve (FillCart): 2
2026-05-15 03:01:09 Handler State: PROCESS_CART (6) -> EXCHANGE_ONE (7)
2026-05-15 03:01:09 CartMove: Exchange 1, from 102
2026-05-15 03:01:09 CartMoveState: FROM_PROBE (19) -> FROM_CART (4)
2026-05-15 03:01:16 Setting CBS color valve (Finished): 0
2026-05-15 03:01:18 CartMoveState: FROM_CART (4) -> TO_MOVE (10)
2026-05-15 03:01:19 CartMoveState: TO_MOVE (10) -> EXCH_1_WAIT (14)
2026-05-15 03:01:19 Handler State: EXCHANGE_ONE (7) -> START_DCU (8)
2026-05-15 03:01:50 Handler State: START_DCU (8) -> EXCHANGE_TWO (9)
2026-05-15 03:01:50 CartMove: Exchange 2
2026-05-15 03:01:51 CartMoveState: EXCH_1_WAIT (14) -> EXCH_1_CART (15)
2026-05-15 03:01:53 CartMoveState: EXCH_1_CART (15) -> EXCH_2_MOVE (16)
2026-05-15 03:01:54 CartMoveState: EXCH_2_MOVE (16) -> EXCH_2_CART (17)
2026-05-15 03:01:56 CartMoveState: EXCH_2_CART (17) -> STORE_DECIDE (18)
2026-05-15 03:01:56 Used volume for last job: 0
2026-05-15 03:01:56 Handler State: EXCHANGE_TWO (9) -> WAIT_FOR_DCU (10)
2026-05-15 03:01:58 Handler State: WAIT_FOR_DCU (10) -> EXCHANGE_THREE (11)
2026-05-15 03:01:58 CartMove: Exchange 3
2026-05-15 03:01:58 CartMoveState: STORE_DECIDE (18) -> AUX_DECIDE (5)
2026-05-15 03:01:58 CartMoveState: AUX_DECIDE (5) -> TO_MOVE (10)
2026-05-15 03:01:58 CartMoveState: TO_MOVE (10) -> TO_CART (11)
2026-05-15 03:02:00 CartMoveState: TO_CART (11) -> HOME_MOVE (12)
2026-05-15 03:02:00 CartMoveState: HOME_MOVE (12) -> HALT (13)
2026-05-15 03:02:00 CartMoveState: HALT (13) -> IDLE (1)
2026-05-15 03:02:00 Handler State: EXCHANGE_THREE (11) -> POST_PROCESS (12)
2026-05-15 03:02:00 Handler State: POST_PROCESS (12) -> MOVE_ARM_HOME (14)
2026-05-15 03:02:00 Handler State: MOVE_ARM_HOME (14) -> HANDLER_IDLE (1)
2026-05-15 03:02:07 Handler State: HANDLER_IDLE (1) -> HANDLER_START (2)
2026-05-15 03:02:08 Handler State: HANDLER_START (2) -> DECIDE_CART (3)
2026-05-15 03:02:08 Selection: IFS is clean and its cartridge is cleaned.
2026-05-15 03:02:08 Selected Primary Cartridge: 6
2026-05-15 03:02:08 Selected Primary Station: 104
2026-05-15 03:02:08 Selected Secondary Cartridge: 0
2026-05-15 03:02:08 Selected Secondary Station: 0
2026-05-15 03:02:08 Selected Filling Volume: 640
2026-05-15 03:02:08 Handler State: DECIDE_CART (3) -> CHECK_SEC_CART (26)
2026-05-15 03:02:08 Handler State: CHECK_SEC_CART (26) -> PROBE_CART (24)
2026-05-15 03:02:08 CartMove: Exchange 1, from 104
2026-05-15 03:02:08 CartMoveState: IDLE (1) -> FROM_MOVE (3)
2026-05-15 03:02:09 CartMoveState: FROM_MOVE (3) -> FROM_PROBE (19)
2026-05-15 03:02:11 Handler State: PROBE_CART (24) -> PROCESS_CART (6)
2026-05-15 03:02:11 Setting CBS color valve (FillIFS): 2
2026-05-15 03:02:12 Primed volume (FillIFS): 1.76447
2026-05-15 03:02:12 Re-Calculated Filling Volume: 640
2026-05-15 03:02:12 Setting CBS color valve (FillCart): 2
2026-05-15 03:02:40 Handler State: PROCESS_CART (6) -> EXCHANGE_ONE (7)
2026-05-15 03:02:40 CartMove: Exchange 1, from 104
2026-05-15 03:02:40 CartMoveState: FROM_PROBE (19) -> FROM_CART (4)
2026-05-15 03:02:45 Setting CBS color valve (Finished): 0
2026-05-15 03:02:47 CartMoveState: FROM_CART (4) -> TO_MOVE (10)
2026-05-15 03:02:49 CartMoveState: TO_MOVE (10) -> EXCH_1_WAIT (14)
2026-05-15 03:02:49 Handler State: EXCHANGE_ONE (7) -> START_DCU (8)
2026-05-15 03:03:30 Handler State: START_DCU (8) -> EXCHANGE_TWO (9)
2026-05-15 03:03:30 CartMove: Exchange 2
2026-05-15 03:03:41 CartMoveState: EXCH_1_WAIT (14) -> EXCH_1_CART (15)
2026-05-15 03:03:44 CartMoveState: EXCH_1_CART (15) -> EXCH_2_MOVE (16)
2026-05-15 03:03:45 CartMoveState: EXCH_2_MOVE (16) -> EXCH_2_CART (17)
2026-05-15 03:03:47 CartMoveState: EXCH_2_CART (17) -> STORE_DECIDE (18)
2026-05-15 03:03:47 Used volume for last job: 253.622
2026-05-15 03:03:47 Handler State: EXCHANGE_TWO (9) -> WAIT_FOR_DCU (10)
2026-05-15 03:03:49 Handler State: WAIT_FOR_DCU (10) -> EXCHANGE_THREE (11)
2026-05-15 03:03:49 CartMove: Exchange 3
2026-05-15 03:03:49 CartMoveState: STORE_DECIDE (18) -> AUX_DECIDE (5)
2026-05-15 03:03:49 CartMoveState: AUX_DECIDE (5) -> TO_MOVE (10)
2026-05-15 03:03:51 CartMoveState: TO_MOVE (10) -> TO_CART (11)
2026-05-15 03:03:53 CartMoveState: TO_CART (11) -> HOME_MOVE (12)
2026-05-15 03:03:54 CartMoveState: HOME_MOVE (12) -> HALT (13)
2026-05-15 03:03:54 CartMoveState: HALT (13) -> IDLE (1)
2026-05-15 03:03:54 Handler State: EXCHANGE_THREE (11) -> POST_PROCESS (12)
2026-05-15 03:03:54 Handler State: POST_PROCESS (12) -> MOVE_ARM_HOME (14)
2026-05-15 03:03:54 Handler State: MOVE_ARM_HOME (14) -> HANDLER_IDLE (1)
2026-05-15 03:06:12 Handler State: HANDLER_IDLE (1) -> SEMI_START (15)
2026-05-15 03:06:12 Handler State: SEMI_START (15) -> SEMI_PROBE_CART (25)
2026-05-15 03:06:15 Handler State: SEMI_PROBE_CART (25) -> SEMI_PROCESS (16)
2026-05-15 03:06:51 Re-Calculated Filling Volume: 0
2026-05-15 03:06:58 Setting CBS color valve (Finished): 0
2026-05-15 03:06:58 Handler State: SEMI_PROCESS (16) -> SEMI_WHAT_NEXT (21)
2026-05-15 03:06:58 Handler State: SEMI_WHAT_NEXT (21) -> SEMI_FINISHED (23)
2026-05-15 03:06:58 Handler State: SEMI_FINISHED (23) -> HANDLER_IDLE (1)
2026-05-15 03:16:29 Handler State: HANDLER_IDLE (1) -> HANDLER_START (2)
2026-05-15 03:16:30 Handler State: HANDLER_START (2) -> DECIDE_CART (3)
2026-05-15 03:16:30 Selection: IFS is clean and its cartridge is cleaned.
2026-05-15 03:16:30 Selected Primary Cartridge: 1
2026-05-15 03:16:30 Selected Primary Station: 102
2026-05-15 03:16:30 Selected Secondary Cartridge: 0
2026-05-15 03:16:30 Selected Secondary Station: 0
2026-05-15 03:16:30 Selected Filling Volume: 325
2026-05-15 03:16:30 Handler State: DECIDE_CART (3) -> CHECK_SEC_CART (26)
2026-05-15 03:16:30 Handler State: CHECK_SEC_CART (26) -> PROBE_CART (24)
2026-05-15 03:16:30 CartMove: Exchange 1, from 102
2026-05-15 03:16:30 CartMoveState: IDLE (1) -> FROM_MOVE (3)
2026-05-15 03:16:30 CartMoveState: FROM_MOVE (3) -> FROM_PROBE (19)
2026-05-15 03:16:32 Handler State: PROBE_CART (24) -> PROCESS_CART (6)
2026-05-15 03:16:32 Setting CBS color valve (FillIFS): 1
2026-05-15 03:16:33 Primed volume (FillIFS): 1.80183
2026-05-15 03:16:33 Re-Calculated Filling Volume: 325
2026-05-15 03:16:33 Setting CBS color valve (FillCart): 1
2026-05-15 03:16:51 Handler State: PROCESS_CART (6) -> EXCHANGE_ONE (7)
2026-05-15 03:16:51 CartMove: Exchange 1, from 102
2026-05-15 03:16:51 CartMoveState: FROM_PROBE (19) -> FROM_CART (4)
2026-05-15 03:16:58 Setting CBS color valve (Finished): 0
2026-05-15 03:17:00 CartMoveState: FROM_CART (4) -> TO_MOVE (10)
2026-05-15 03:17:00 CartMoveState: TO_MOVE (10) -> EXCH_1_WAIT (14)
2026-05-15 03:17:00 Handler State: EXCHANGE_ONE (7) -> START_DCU (8)
2026-05-15 03:17:01 Handler State: START_DCU (8) -> EXCHANGE_TWO (9)
2026-05-15 03:17:01 CartMove: Exchange 2
2026-05-15 03:17:01 CartMoveState: EXCH_1_WAIT (14) -> EXCH_1_CART (15)
2026-05-15 03:17:03 CartMoveState: EXCH_1_CART (15) -> EXCH_2_MOVE (16)
2026-05-15 03:17:04 CartMoveState: EXCH_2_MOVE (16) -> EXCH_2_CART (17)
2026-05-15 03:17:06 CartMoveState: EXCH_2_CART (17) -> STORE_DECIDE (18)
2026-05-15 03:17:06 Used volume for last job: 440.031
2026-05-15 03:17:06 Handler State: EXCHANGE_TWO (9) -> WAIT_FOR_DCU (10)
2026-05-15 03:17:08 Handler State: WAIT_FOR_DCU (10) -> EXCHANGE_THREE (11)
2026-05-15 03:17:08 CartMove: Exchange 3
2026-05-15 03:17:08 CartMoveState: STORE_DECIDE (18) -> AUX_DECIDE (5)
2026-05-15 03:17:08 CartMoveState: AUX_DECIDE (5) -> TO_MOVE (10)
2026-05-15 03:17:09 CartMoveState: TO_MOVE (10) -> TO_CART (11)
2026-05-15 03:17:11 CartMoveState: TO_CART (11) -> HOME_MOVE (12)
2026-05-15 03:17:12 CartMoveState: HOME_MOVE (12) -> HALT (13)
2026-05-15 03:17:12 CartMoveState: HALT (13) -> IDLE (1)
2026-05-15 03:17:12 Handler State: EXCHANGE_THREE (11) -> POST_PROCESS (12)
2026-05-15 03:17:12 Handler State: POST_PROCESS (12) -> MOVE_ARM_HOME (14)
2026-05-15 03:17:12 Handler State: MOVE_ARM_HOME (14) -> HANDLER_IDLE (1)
2026-05-15 03:20:36 Handler State: HANDLER_IDLE (1) -> SEMI_START (15)
2026-05-15 03:20:36 Handler State: SEMI_START (15) -> SEMI_TO_IFS (18)
2026-05-15 03:20:36 CartMove: Move, from 105 to 102
2026-05-15 03:20:36 CartMoveState: IDLE (1) -> FROM_MOVE (3)
2026-05-15 03:20:37 CartMoveState: FROM_MOVE (3) -> FROM_CART (4)
2026-05-15 03:20:40 CartMoveState: FROM_CART (4) -> AUX_DECIDE (5)
2026-05-15 03:20:40 CartMoveState: AUX_DECIDE (5) -> TO_MOVE (10)
2026-05-15 03:20:41 CartMoveState: TO_MOVE (10) -> TO_CART (11)
2026-05-15 03:20:44 CartMoveState: TO_CART (11) -> HOME_MOVE (12)
2026-05-15 03:20:44 CartMoveState: HOME_MOVE (12) -> HALT (13)
2026-05-15 03:20:44 CartMoveState: HALT (13) -> IDLE (1)
2026-05-15 03:20:44 Handler State: SEMI_TO_IFS (18) -> SEMI_PROBE_CART (25)
2026-05-15 03:20:48 Handler State: SEMI_PROBE_CART (25) -> SEMI_PROCESS (16)
2026-05-15 03:21:24 Re-Calculated Filling Volume: 0
2026-05-15 03:21:31 Setting CBS color valve (Finished): 0
2026-05-15 03:21:31 Handler State: SEMI_PROCESS (16) -> SEMI_FROM_IFS (20)
2026-05-15 03:21:31 CartMove: Move, from 102 to 105
2026-05-15 03:21:31 CartMoveState: IDLE (1) -> FROM_MOVE (3)
2026-05-15 03:21:31 CartMoveState: FROM_MOVE (3) -> FROM_CART (4)
2026-05-15 03:21:34 CartMoveState: FROM_CART (4) -> AUX_DECIDE (5)
2026-05-15 03:21:34 CartMoveState: AUX_DECIDE (5) -> TO_MOVE (10)
2026-05-15 03:21:36 CartMoveState: TO_MOVE (10) -> TO_CART (11)
2026-05-15 03:21:38 CartMoveState: TO_CART (11) -> HOME_MOVE (12)
2026-05-15 03:21:39 CartMoveState: HOME_MOVE (12) -> HALT (13)
2026-05-15 03:21:39 CartMoveState: HALT (13) -> IDLE (1)
2026-05-15 03:21:39 Handler State: SEMI_FROM_IFS (20) -> SEMI_WHAT_NEXT (21)
2026-05-15 03:21:39 Handler State: SEMI_WHAT_NEXT (21) -> SEMI_FINISHED (23)
2026-05-15 03:21:39 Handler State: SEMI_FINISHED (23) -> HANDLER_IDLE (1)
2026-05-15 03:32:52 Handler State: HANDLER_IDLE (1) -> HANDLER_START (2)
2026-05-15 03:32:53 Handler State: HANDLER_START (2) -> DECIDE_CART (3)
2026-05-15 03:32:53 Selection: IFS is clean.
2026-05-15 03:32:53 Selection: Cartridge is clean.
2026-05-15 03:32:53 Selected Primary Cartridge: 4
2026-05-15 03:32:53 Selected Primary Station: 102
2026-05-15 03:32:53 Selected Secondary Cartridge: 0
2026-05-15 03:32:53 Selected Secondary Station: 0
2026-05-15 03:32:53 Selected Filling Volume: 640
2026-05-15 03:32:53 Handler State: DECIDE_CART (3) -> PLACE_CART (5)
2026-05-15 03:32:53 CartMove: Move, from 105 to 102
2026-05-15 03:32:53 CartMoveState: IDLE (1) -> FROM_MOVE (3)
2026-05-15 03:32:54 CartMoveState: FROM_MOVE (3) -> FROM_CART (4)
2026-05-15 03:32:57 CartMoveState: FROM_CART (4) -> AUX_DECIDE (5)
2026-05-15 03:32:57 CartMoveState: AUX_DECIDE (5) -> TO_MOVE (10)
2026-05-15 03:32:58 CartMoveState: TO_MOVE (10) -> TO_CART (11)
2026-05-15 03:33:01 CartMoveState: TO_CART (11) -> HOME_MOVE (12)
2026-05-15 03:33:02 CartMoveState: HOME_MOVE (12) -> HALT (13)
2026-05-15 03:33:02 CartMoveState: HALT (13) -> IDLE (1)
2026-05-15 03:33:02 Handler State: PLACE_CART (5) -> CHECK_SEC_CART (26)
2026-05-15 03:33:02 Handler State: CHECK_SEC_CART (26) -> PROBE_CART (24)
2026-05-15 03:33:02 CartMove: Exchange 1, from 102
2026-05-15 03:33:02 CartMoveState: IDLE (1) -> FROM_MOVE (3)
2026-05-15 03:33:02 CartMoveState: FROM_MOVE (3) -> FROM_PROBE (19)
2026-05-15 03:33:04 Handler State: PROBE_CART (24) -> PROCESS_CART (6)
2026-05-15 03:33:04 Setting CBS color valve (FillIFS): 1
2026-05-15 03:33:06 Primed volume (FillIFS): 2.18357
2026-05-15 03:33:06 Re-Calculated Filling Volume: 640
2026-05-15 03:33:06 Setting CBS color valve (FillCart): 1
2026-05-15 03:33:34 Handler State: PROCESS_CART (6) -> EXCHANGE_ONE (7)
2026-05-15 03:33:34 CartMove: Exchange 1, from 102
2026-05-15 03:33:34 CartMoveState: FROM_PROBE (19) -> FROM_CART (4)
2026-05-15 03:33:41 Setting CBS color valve (Finished): 0
2026-05-15 03:33:43 CartMoveState: FROM_CART (4) -> TO_MOVE (10)
2026-05-15 03:33:43 CartMoveState: TO_MOVE (10) -> EXCH_1_WAIT (14)
2026-05-15 03:33:43 Handler State: EXCHANGE_ONE (7) -> START_DCU (8)
2026-05-15 03:33:44 Handler State: START_DCU (8) -> EXCHANGE_TWO (9)
2026-05-15 03:33:44 CartMove: Exchange 2
2026-05-15 03:33:44 CartMoveState: EXCH_1_WAIT (14) -> EXCH_1_CART (15)
2026-05-15 03:33:47 CartMoveState: EXCH_1_CART (15) -> EXCH_2_MOVE (16)
2026-05-15 03:33:48 CartMoveState: EXCH_2_MOVE (16) -> EXCH_2_CART (17)
2026-05-15 03:33:50 CartMoveState: EXCH_2_CART (17) -> STORE_DECIDE (18)
2026-05-15 03:33:50 Used volume for last job: 200.765
2026-05-15 03:33:50 Handler State: EXCHANGE_TWO (9) -> WAIT_FOR_DCU (10)
2026-05-15 03:33:51 Handler State: WAIT_FOR_DCU (10) -> EXCHANGE_THREE (11)
2026-05-15 03:33:52 CartMove: Exchange 3
2026-05-15 03:33:52 CartMoveState: STORE_DECIDE (18) -> AUX_DECIDE (5)
2026-05-15 03:33:52 CartMoveState: AUX_DECIDE (5) -> TO_MOVE (10)
2026-05-15 03:33:52 CartMoveState: TO_MOVE (10) -> TO_CART (11)
2026-05-15 03:33:54 CartMoveState: TO_CART (11) -> HOME_MOVE (12)
2026-05-15 03:33:54 CartMoveState: HOME_MOVE (12) -> HALT (13)
2026-05-15 03:33:54 CartMoveState: HALT (13) -> IDLE (1)
2026-05-15 03:33:54 Handler State: EXCHANGE_THREE (11) -> POST_PROCESS (12)
2026-05-15 03:33:54 Handler State: POST_PROCESS (12) -> MOVE_ARM_HOME (14)
2026-05-15 03:33:57 Handler State: MOVE_ARM_HOME (14) -> HANDLER_IDLE (1)
2026-05-15 03:35:31 Handler State: HANDLER_IDLE (1) -> HANDLER_START (2)
2026-05-15 03:35:32 Handler State: HANDLER_START (2) -> DECIDE_CART (3)
2026-05-15 03:35:32 Selection: IFS has correct material and its cartridge has correct material.
2026-05-15 03:35:32 Selected Primary Cartridge: 1
2026-05-15 03:35:32 Selected Primary Station: 102
2026-05-15 03:35:32 Selected Secondary Cartridge: 0
2026-05-15 03:35:32 Selected Secondary Station: 0
2026-05-15 03:35:32 Selected Filling Volume: 640
2026-05-15 03:35:32 Handler State: DECIDE_CART (3) -> CHECK_SEC_CART (26)
2026-05-15 03:35:32 Handler State: CHECK_SEC_CART (26) -> PROBE_CART (24)
2026-05-15 03:35:32 CartMove: Exchange 1, from 102
2026-05-15 03:35:32 CartMoveState: IDLE (1) -> FROM_MOVE (3)
2026-05-15 03:35:33 CartMoveState: FROM_MOVE (3) -> FROM_PROBE (19)
2026-05-15 03:35:35 Handler State: PROBE_CART (24) -> PROCESS_CART (6)
2026-05-15 03:36:18 Setting CBS color valve (FillGate): 1
2026-05-15 03:36:19 Primed volume (FillGate): 1.24865
2026-05-15 03:36:19 Re-Calculated Filling Volume: 640
2026-05-15 03:36:19 Setting CBS color valve (FillCart): 1
2026-05-15 03:36:44 Handler State: PROCESS_CART (6) -> EXCHANGE_ONE (7)
2026-05-15 03:36:44 CartMove: Exchange 1, from 102
2026-05-15 03:36:44 CartMoveState: FROM_PROBE (19) -> FROM_CART (4)
2026-05-15 03:36:51 Setting CBS color valve (Finished): 0
2026-05-15 03:36:53 CartMoveState: FROM_CART (4) -> TO_MOVE (10)
2026-05-15 03:36:54 CartMoveState: TO_MOVE (10) -> EXCH_1_WAIT (14)
2026-05-15 03:36:54 Handler State: EXCHANGE_ONE (7) -> START_DCU (8)
2026-05-15 03:37:58 Handler State: START_DCU (8) -> EXCHANGE_TWO (9)
2026-05-15 03:37:58 CartMove: Exchange 2
2026-05-15 03:37:59 CartMoveState: EXCH_1_WAIT (14) -> EXCH_1_CART (15)
2026-05-15 03:38:02 CartMoveState: EXCH_1_CART (15) -> EXCH_2_MOVE (16)
2026-05-15 03:38:03 CartMoveState: EXCH_2_MOVE (16) -> EXCH_2_CART (17)
2026-05-15 03:38:05 CartMoveState: EXCH_2_CART (17) -> STORE_DECIDE (18)
2026-05-15 03:38:05 Used volume for last job: 0
2026-05-15 03:38:05 Handler State: EXCHANGE_TWO (9) -> WAIT_FOR_DCU (10)
2026-05-15 03:38:07 Handler State: WAIT_FOR_DCU (10) -> EXCHANGE_THREE (11)
2026-05-15 03:38:07 CartMove: Exchange 3
2026-05-15 03:38:07 CartMoveState: STORE_DECIDE (18) -> AUX_DECIDE (5)
2026-05-15 03:38:07 CartMoveState: AUX_DECIDE (5) -> TO_MOVE (10)
2026-05-15 03:38:07 CartMoveState: TO_MOVE (10) -> TO_CART (11)
2026-05-15 03:38:09 CartMoveState: TO_CART (11) -> HOME_MOVE (12)
2026-05-15 03:38:09 CartMoveState: HOME_MOVE (12) -> HALT (13)
2026-05-15 03:38:09 CartMoveState: HALT (13) -> IDLE (1)
2026-05-15 03:38:09 Handler State: EXCHANGE_THREE (11) -> POST_PROCESS (12)
2026-05-15 03:38:09 Handler State: POST_PROCESS (12) -> MOVE_ARM_HOME (14)
2026-05-15 03:38:11 Handler State: MOVE_ARM_HOME (14) -> HANDLER_IDLE (1)
2026-05-15 03:38:16 Handler State: HANDLER_IDLE (1) -> HANDLER_START (2)
2026-05-15 03:38:17 Handler State: HANDLER_START (2) -> DECIDE_CART (3)
2026-05-15 03:38:17 Selection: Last resort, just pick the first IFS.
2026-05-15 03:38:17 Selection: Last resort, just pick the first cartridge.
2026-05-15 03:38:17 Selected Primary Cartridge: 4
2026-05-15 03:38:17 Selected Primary Station: 102
2026-05-15 03:38:17 Selected Secondary Cartridge: 0
2026-05-15 03:38:17 Selected Secondary Station: 0
2026-05-15 03:38:17 Selected Filling Volume: 312
2026-05-15 03:38:17 Handler State: DECIDE_CART (3) -> CHECK_SEC_CART (26)
2026-05-15 03:38:17 Handler State: CHECK_SEC_CART (26) -> PROBE_CART (24)
2026-05-15 03:38:17 CartMove: Exchange 1, from 102
2026-05-15 03:38:17 CartMoveState: IDLE (1) -> FROM_MOVE (3)
2026-05-15 03:38:18 CartMoveState: FROM_MOVE (3) -> FROM_PROBE (19)
2026-05-15 03:38:20 Handler State: PROBE_CART (24) -> PROCESS_CART (6)
2026-05-15 03:39:41 Setting CBS color valve (FillIFS): 2
2026-05-15 03:39:43 Primed volume (FillIFS): 3.67989
2026-05-15 03:39:43 Re-Calculated Filling Volume: 312
2026-05-15 03:39:43 Setting CBS color valve (FillCart): 2
2026-05-15 03:39:59 Handler State: PROCESS_CART (6) -> EXCHANGE_ONE (7)
2026-05-15 03:39:59 CartMove: Exchange 1, from 102
2026-05-15 03:39:59 CartMoveState: FROM_PROBE (19) -> FROM_CART (4)
2026-05-15 03:40:05 Setting CBS color valve (Finished): 0
2026-05-15 03:40:07 CartMoveState: FROM_CART (4) -> TO_MOVE (10)
2026-05-15 03:40:08 CartMoveState: TO_MOVE (10) -> EXCH_1_WAIT (14)
2026-05-15 03:40:08 Handler State: EXCHANGE_ONE (7) -> START_DCU (8)
2026-05-15 03:40:08 Handler State: START_DCU (8) -> EXCHANGE_TWO (9)
2026-05-15 03:40:08 CartMove: Exchange 2
2026-05-15 03:40:08 CartMoveState: EXCH_1_WAIT (14) -> EXCH_1_CART (15)
2026-05-15 03:40:11 CartMoveState: EXCH_1_CART (15) -> EXCH_2_MOVE (16)
2026-05-15 03:40:12 CartMoveState: EXCH_2_MOVE (16) -> EXCH_2_CART (17)
2026-05-15 03:40:14 CartMoveState: EXCH_2_CART (17) -> STORE_DECIDE (18)
2026-05-15 03:40:14 Used volume for last job: 195.197
2026-05-15 03:40:14 Handler State: EXCHANGE_TWO (9) -> WAIT_FOR_DCU (10)
2026-05-15 03:40:16 Handler State: WAIT_FOR_DCU (10) -> EXCHANGE_THREE (11)
2026-05-15 03:40:16 CartMove: Exchange 3
2026-05-15 03:40:16 CartMoveState: STORE_DECIDE (18) -> AUX_DECIDE (5)
2026-05-15 03:40:16 CartMoveState: AUX_DECIDE (5) -> TO_MOVE (10)
2026-05-15 03:40:16 CartMoveState: TO_MOVE (10) -> TO_CART (11)
2026-05-15 03:40:18 CartMoveState: TO_CART (11) -> HOME_MOVE (12)
2026-05-15 03:40:19 CartMoveState: HOME_MOVE (12) -> HALT (13)
2026-05-15 03:40:19 CartMoveState: HALT (13) -> IDLE (1)
2026-05-15 03:40:19 Handler State: EXCHANGE_THREE (11) -> POST_PROCESS (12)
2026-05-15 03:40:19 Handler State: POST_PROCESS (12) -> MOVE_ARM_HOME (14)
2026-05-15 03:40:19 Handler State: MOVE_ARM_HOME (14) -> HANDLER_IDLE (1)
2026-05-15 03:44:22 Handler State: HANDLER_IDLE (1) -> SEMI_START (15)
2026-05-15 03:44:22 Handler State: SEMI_START (15) -> SEMI_PROBE_CART (25)
2026-05-15 03:44:25 Handler State: SEMI_PROBE_CART (25) -> SEMI_PROCESS (16)
2026-05-15 03:45:19 Re-Calculated Filling Volume: 0
2026-05-15 03:45:24 Setting CBS color valve (Finished): 0
2026-05-15 03:45:24 Handler State: SEMI_PROCESS (16) -> SEMI_WHAT_NEXT (21)
2026-05-15 03:45:24 Handler State: SEMI_WHAT_NEXT (21) -> SEMI_FINISHED (23)
2026-05-15 03:45:25 Handler State: SEMI_FINISHED (23) -> HANDLER_IDLE (1)
2026-05-15 03:46:15 Handler State: HANDLER_IDLE (1) -> HANDLER_START (2)
2026-05-15 03:46:16 Handler State: HANDLER_START (2) -> DECIDE_CART (3)
2026-05-15 03:46:16 Selection: IFS is clean and its cartridge is cleaned.
2026-05-15 03:46:16 Selected Primary Cartridge: 6
2026-05-15 03:46:16 Selected Primary Station: 104
2026-05-15 03:46:16 Selected Secondary Cartridge: 0
2026-05-15 03:46:16 Selected Secondary Station: 0
2026-05-15 03:46:16 Selected Filling Volume: 640
2026-05-15 03:46:16 Handler State: DECIDE_CART (3) -> CHECK_SEC_CART (26)
2026-05-15 03:46:16 Handler State: CHECK_SEC_CART (26) -> PROBE_CART (24)
2026-05-15 03:46:16 CartMove: Exchange 1, from 104
2026-05-15 03:46:16 CartMoveState: IDLE (1) -> FROM_MOVE (3)
2026-05-15 03:46:17 CartMoveState: FROM_MOVE (3) -> FROM_PROBE (19)
2026-05-15 03:46:18 Handler State: PROBE_CART (24) -> PROCESS_CART (6)
2026-05-15 03:46:18 Setting CBS color valve (FillIFS): 1
2026-05-15 03:46:20 Primed volume (FillIFS): 2.39809
2026-05-15 03:46:20 Re-Calculated Filling Volume: 640
2026-05-15 03:46:20 Setting CBS color valve (FillCart): 1
2026-05-15 03:46:45 Handler State: PROCESS_CART (6) -> EXCHANGE_ONE (7)
2026-05-15 03:46:45 CartMove: Exchange 1, from 104
2026-05-15 03:46:45 CartMoveState: FROM_PROBE (19) -> FROM_CART (4)
2026-05-15 03:46:50 Setting CBS color valve (Finished): 0
2026-05-15 03:46:52 CartMoveState: FROM_CART (4) -> TO_MOVE (10)
2026-05-15 03:46:54 CartMoveState: TO_MOVE (10) -> EXCH_1_WAIT (14)
2026-05-15 03:46:54 Handler State: EXCHANGE_ONE (7) -> START_DCU (8)
2026-05-15 03:46:54 Handler State: START_DCU (8) -> EXCHANGE_TWO (9)
2026-05-15 03:46:54 CartMove: Exchange 2
2026-05-15 03:46:54 CartMoveState: EXCH_1_WAIT (14) -> EXCH_1_CART (15)
2026-05-15 03:46:57 CartMoveState: EXCH_1_CART (15) -> EXCH_2_MOVE (16)
2026-05-15 03:46:58 CartMoveState: EXCH_2_MOVE (16) -> EXCH_2_CART (17)
2026-05-15 03:47:00 CartMoveState: EXCH_2_CART (17) -> STORE_DECIDE (18)
2026-05-15 03:47:00 Used volume for last job: 164.985
2026-05-15 03:47:00 Handler State: EXCHANGE_TWO (9) -> WAIT_FOR_DCU (10)
2026-05-15 03:47:02 Handler State: WAIT_FOR_DCU (10) -> EXCHANGE_THREE (11)
2026-05-15 03:47:02 CartMove: Exchange 3
2026-05-15 03:47:02 CartMoveState: STORE_DECIDE (18) -> AUX_DECIDE (5)
2026-05-15 03:47:02 CartMoveState: AUX_DECIDE (5) -> TO_MOVE (10)
2026-05-15 03:47:04 CartMoveState: TO_MOVE (10) -> TO_CART (11)
2026-05-15 03:47:06 CartMoveState: TO_CART (11) -> HOME_MOVE (12)
2026-05-15 03:47:07 CartMoveState: HOME_MOVE (12) -> HALT (13)
2026-05-15 03:47:07 CartMoveState: HALT (13) -> IDLE (1)
2026-05-15 03:47:07 Handler State: EXCHANGE_THREE (11) -> POST_PROCESS (12)
2026-05-15 03:47:07 Handler State: POST_PROCESS (12) -> MOVE_ARM_HOME (14)
2026-05-15 03:47:07 Handler State: MOVE_ARM_HOME (14) -> HANDLER_IDLE (1)
2026-05-15 03:51:09 Handler State: HANDLER_IDLE (1) -> SEMI_START (15)
2026-05-15 03:51:09 Handler State: SEMI_START (15) -> SEMI_PROBE_CART (25)
2026-05-15 03:51:12 Handler State: SEMI_PROBE_CART (25) -> SEMI_PROCESS (16)
2026-05-15 03:52:43 Re-Calculated Filling Volume: 0
2026-05-15 03:52:50 Setting CBS color valve (Finished): 0
2026-05-15 03:52:50 Handler State: SEMI_PROCESS (16) -> SEMI_WHAT_NEXT (21)
2026-05-15 03:52:50 Handler State: SEMI_WHAT_NEXT (21) -> SEMI_FINISHED (23)
2026-05-15 03:52:50 Handler State: SEMI_FINISHED (23) -> HANDLER_IDLE (1)
2026-05-15 03:52:53 Handler State: HANDLER_IDLE (1) -> SEMI_START (15)
2026-05-15 03:52:53 Handler State: SEMI_START (15) -> SEMI_PROBE_CART (25)
2026-05-15 03:52:56 Handler State: SEMI_PROBE_CART (25) -> SEMI_PROCESS (16)
2026-05-15 03:53:29 Re-Calculated Filling Volume: 0
2026-05-15 03:53:34 Setting CBS color valve (Finished): 0
2026-05-15 03:53:34 Handler State: SEMI_PROCESS (16) -> SEMI_WHAT_NEXT (21)
2026-05-15 03:53:34 Handler State: SEMI_WHAT_NEXT (21) -> SEMI_FINISHED (23)
2026-05-15 03:53:34 Handler State: SEMI_FINISHED (23) -> HANDLER_IDLE (1)
2026-05-15 03:56:14 Handler State: HANDLER_IDLE (1) -> HANDLER_START (2)
2026-05-15 03:56:15 Handler State: HANDLER_START (2) -> DECIDE_CART (3)
2026-05-15 03:56:15 Selection: IFS is clean and its cartridge is cleaned.
2026-05-15 03:56:15 Selected Primary Cartridge: 1
2026-05-15 03:56:15 Selected Primary Station: 102
2026-05-15 03:56:15 Selected Secondary Cartridge: 0
2026-05-15 03:56:15 Selected Secondary Station: 0
2026-05-15 03:56:15 Selected Filling Volume: 640
2026-05-15 03:56:15 Handler State: DECIDE_CART (3) -> CHECK_SEC_CART (26)
2026-05-15 03:56:15 Handler State: CHECK_SEC_CART (26) -> PROBE_CART (24)
2026-05-15 03:56:15 CartMove: Exchange 1, from 102
2026-05-15 03:56:15 CartMoveState: IDLE (1) -> FROM_MOVE (3)
2026-05-15 03:56:16 CartMoveState: FROM_MOVE (3) -> FROM_PROBE (19)
2026-05-15 03:56:18 Handler State: PROBE_CART (24) -> PROCESS_CART (6)
2026-05-15 03:56:18 Setting CBS color valve (FillIFS): 1
2026-05-15 03:56:19 Primed volume (FillIFS): 1.83458
2026-05-15 03:56:19 Re-Calculated Filling Volume: 640
2026-05-15 03:56:19 Setting CBS color valve (FillCart): 1
2026-05-15 03:56:44 Handler State: PROCESS_CART (6) -> EXCHANGE_ONE (7)
2026-05-15 03:56:44 CartMove: Exchange 1, from 102
2026-05-15 03:56:44 CartMoveState: FROM_PROBE (19) -> FROM_CART (4)
2026-05-15 03:56:51 Setting CBS color valve (Finished): 0
2026-05-15 03:56:53 CartMoveState: FROM_CART (4) -> TO_MOVE (10)
2026-05-15 03:56:54 CartMoveState: TO_MOVE (10) -> EXCH_1_WAIT (14)
2026-05-15 03:56:54 Handler State: EXCHANGE_ONE (7) -> START_DCU (8)
2026-05-15 03:56:54 Handler State: START_DCU (8) -> EXCHANGE_TWO (9)
2026-05-15 03:56:54 CartMove: Exchange 2
2026-05-15 03:56:54 CartMoveState: EXCH_1_WAIT (14) -> EXCH_1_CART (15)
2026-05-15 03:56:57 CartMoveState: EXCH_1_CART (15) -> EXCH_2_MOVE (16)
2026-05-15 03:56:57 CartMoveState: EXCH_2_MOVE (16) -> EXCH_2_CART (17)
2026-05-15 03:56:59 CartMoveState: EXCH_2_CART (17) -> STORE_DECIDE (18)
2026-05-15 03:56:59 Used volume for last job: 438.466
2026-05-15 03:56:59 Handler State: EXCHANGE_TWO (9) -> WAIT_FOR_DCU (10)
2026-05-15 03:57:01 Handler State: WAIT_FOR_DCU (10) -> EXCHANGE_THREE (11)
2026-05-15 03:57:01 CartMove: Exchange 3
2026-05-15 03:57:01 CartMoveState: STORE_DECIDE (18) -> AUX_DECIDE (5)
2026-05-15 03:57:01 CartMoveState: AUX_DECIDE (5) -> TO_MOVE (10)
2026-05-15 03:57:02 CartMoveState: TO_MOVE (10) -> TO_CART (11)
2026-05-15 03:57:04 CartMoveState: TO_CART (11) -> HOME_MOVE (12)
2026-05-15 03:57:05 CartMoveState: HOME_MOVE (12) -> HALT (13)
2026-05-15 03:57:05 CartMoveState: HALT (13) -> IDLE (1)
2026-05-15 03:57:05 Handler State: EXCHANGE_THREE (11) -> POST_PROCESS (12)
2026-05-15 03:57:05 Handler State: POST_PROCESS (12) -> MOVE_ARM_HOME (14)
2026-05-15 03:57:07 Handler State: MOVE_ARM_HOME (14) -> HANDLER_IDLE (1)
2026-05-15 04:02:27 Handler State: HANDLER_IDLE (1) -> HANDLER_START (2)
2026-05-15 04:02:28 Handler State: HANDLER_START (2) -> DECIDE_CART (3)
2026-05-15 04:02:28 Selection: IFS has correct material.
2026-05-15 04:02:28 Selection: Cartridge has correct material.
2026-05-15 04:02:28 Selected Primary Cartridge: 4
2026-05-15 04:02:28 Selected Primary Station: 102
2026-05-15 04:02:28 Selected Secondary Cartridge: 0
2026-05-15 04:02:28 Selected Secondary Station: 0
2026-05-15 04:02:28 Selected Filling Volume: 640
2026-05-15 04:02:28 Handler State: DECIDE_CART (3) -> PLACE_CART (5)
2026-05-15 04:02:28 CartMove: Move, from 105 to 102
2026-05-15 04:02:28 CartMoveState: IDLE (1) -> FROM_MOVE (3)
2026-05-15 04:02:29 CartMoveState: FROM_MOVE (3) -> FROM_CART (4)
2026-05-15 04:02:32 CartMoveState: FROM_CART (4) -> AUX_DECIDE (5)
2026-05-15 04:02:32 CartMoveState: AUX_DECIDE (5) -> TO_MOVE (10)
2026-05-15 04:02:34 CartMoveState: TO_MOVE (10) -> TO_CART (11)
2026-05-15 04:02:36 CartMoveState: TO_CART (11) -> HOME_MOVE (12)
2026-05-15 04:02:37 CartMoveState: HOME_MOVE (12) -> HALT (13)
2026-05-15 04:02:37 CartMoveState: HALT (13) -> IDLE (1)
2026-05-15 04:02:37 Handler State: PLACE_CART (5) -> CHECK_SEC_CART (26)
2026-05-15 04:02:37 Handler State: CHECK_SEC_CART (26) -> PROBE_CART (24)
2026-05-15 04:02:37 CartMove: Exchange 1, from 102
2026-05-15 04:02:37 CartMoveState: IDLE (1) -> FROM_MOVE (3)
2026-05-15 04:02:38 CartMoveState: FROM_MOVE (3) -> FROM_PROBE (19)
2026-05-15 04:02:39 Handler State: PROBE_CART (24) -> PROCESS_CART (6)
2026-05-15 04:03:26 Setting CBS color valve (FillGate): 1
2026-05-15 04:03:27 Primed volume (FillGate): 2.11676
2026-05-15 04:03:27 Re-Calculated Filling Volume: 640
2026-05-15 04:03:27 Setting CBS color valve (FillCart): 1
2026-05-15 04:03:50 Handler State: PROCESS_CART (6) -> EXCHANGE_ONE (7)
2026-05-15 04:03:51 CartMove: Exchange 1, from 102
2026-05-15 04:03:51 CartMoveState: FROM_PROBE (19) -> FROM_CART (4)
2026-05-15 04:03:57 Setting CBS color valve (Finished): 0
2026-05-15 04:03:59 CartMoveState: FROM_CART (4) -> TO_MOVE (10)
2026-05-15 04:04:00 CartMoveState: TO_MOVE (10) -> EXCH_1_WAIT (14)
2026-05-15 04:04:00 Handler State: EXCHANGE_ONE (7) -> START_DCU (8)
2026-05-15 04:04:55 Handler State: START_DCU (8) -> EXCHANGE_TWO (9)
2026-05-15 04:04:55 CartMove: Exchange 2
2026-05-15 04:04:56 CartMoveState: EXCH_1_WAIT (14) -> EXCH_1_CART (15)
2026-05-15 04:04:59 CartMoveState: EXCH_1_CART (15) -> EXCH_2_MOVE (16)
2026-05-15 04:05:00 CartMoveState: EXCH_2_MOVE (16) -> EXCH_2_CART (17)
2026-05-15 04:05:02 CartMoveState: EXCH_2_CART (17) -> STORE_DECIDE (18)
2026-05-15 04:05:02 Used volume for last job: 0
2026-05-15 04:05:02 Handler State: EXCHANGE_TWO (9) -> WAIT_FOR_DCU (10)
2026-05-15 04:05:04 Handler State: WAIT_FOR_DCU (10) -> EXCHANGE_THREE (11)
2026-05-15 04:05:04 CartMove: Exchange 3
2026-05-15 04:05:04 CartMoveState: STORE_DECIDE (18) -> AUX_DECIDE (5)
2026-05-15 04:05:04 CartMoveState: AUX_DECIDE (5) -> TO_MOVE (10)
2026-05-15 04:05:04 CartMoveState: TO_MOVE (10) -> TO_CART (11)
2026-05-15 04:05:06 CartMoveState: TO_CART (11) -> HOME_MOVE (12)
2026-05-15 04:05:06 CartMoveState: HOME_MOVE (12) -> HALT (13)
2026-05-15 04:05:06 CartMoveState: HALT (13) -> IDLE (1)
2026-05-15 04:05:06 Handler State: EXCHANGE_THREE (11) -> POST_PROCESS (12)
2026-05-15 04:05:06 Handler State: POST_PROCESS (12) -> MOVE_ARM_HOME (14)
2026-05-15 04:05:08 Handler State: MOVE_ARM_HOME (14) -> HANDLER_IDLE (1)
2026-05-15 04:05:13 Handler State: HANDLER_IDLE (1) -> HANDLER_START (2)
2026-05-15 04:05:14 Handler State: HANDLER_START (2) -> DECIDE_CART (3)
2026-05-15 04:05:14 Selection: IFS is clean and its cartridge is cleaned.
2026-05-15 04:05:14 Selected Primary Cartridge: 2
2026-05-15 04:05:14 Selected Primary Station: 103
2026-05-15 04:05:14 Selected Secondary Cartridge: 0
2026-05-15 04:05:14 Selected Secondary Station: 0
2026-05-15 04:05:14 Selected Filling Volume: 640
2026-05-15 04:05:14 Handler State: DECIDE_CART (3) -> CHECK_SEC_CART (26)
2026-05-15 04:05:14 Handler State: CHECK_SEC_CART (26) -> PROBE_CART (24)
2026-05-15 04:05:14 CartMove: Exchange 1, from 103
2026-05-15 04:05:14 CartMoveState: IDLE (1) -> FROM_MOVE (3)
2026-05-15 04:05:15 CartMoveState: FROM_MOVE (3) -> FROM_PROBE (19)
2026-05-15 04:05:16 Handler State: PROBE_CART (24) -> PROCESS_CART (6)
2026-05-15 04:05:16 Setting CBS color valve (FillIFS): 1
2026-05-15 04:05:18 Primed volume (FillIFS): 1.31905
2026-05-15 04:05:18 Re-Calculated Filling Volume: 640
2026-05-15 04:05:18 Setting CBS color valve (FillCart): 1
2026-05-15 04:05:42 Handler State: PROCESS_CART (6) -> EXCHANGE_ONE (7)
2026-05-15 04:05:42 CartMove: Exchange 1, from 103
2026-05-15 04:05:42 CartMoveState: FROM_PROBE (19) -> FROM_CART (4)
2026-05-15 04:05:48 Setting CBS color valve (Finished): 0
2026-05-15 04:05:50 CartMoveState: FROM_CART (4) -> TO_MOVE (10)
2026-05-15 04:05:51 CartMoveState: TO_MOVE (10) -> EXCH_1_WAIT (14)
2026-05-15 04:05:51 Handler State: EXCHANGE_ONE (7) -> START_DCU (8)
2026-05-15 04:06:53 Handler State: START_DCU (8) -> EXCHANGE_TWO (9)
2026-05-15 04:06:53 CartMove: Exchange 2
2026-05-15 04:07:04 CartMoveState: EXCH_1_WAIT (14) -> EXCH_1_CART (15)
2026-05-15 04:07:07 CartMoveState: EXCH_1_CART (15) -> EXCH_2_MOVE (16)
2026-05-15 04:07:07 CartMoveState: EXCH_2_MOVE (16) -> EXCH_2_CART (17)
2026-05-15 04:07:09 CartMoveState: EXCH_2_CART (17) -> STORE_DECIDE (18)
2026-05-15 04:07:09 Used volume for last job: 180.898
2026-05-15 04:07:09 Handler State: EXCHANGE_TWO (9) -> WAIT_FOR_DCU (10)
2026-05-15 04:07:11 Handler State: WAIT_FOR_DCU (10) -> EXCHANGE_THREE (11)
2026-05-15 04:07:11 CartMove: Exchange 3
2026-05-15 04:07:11 CartMoveState: STORE_DECIDE (18) -> AUX_DECIDE (5)
2026-05-15 04:07:11 CartMoveState: AUX_DECIDE (5) -> TO_MOVE (10)
2026-05-15 04:07:13 CartMoveState: TO_MOVE (10) -> TO_CART (11)
2026-05-15 04:07:15 CartMoveState: TO_CART (11) -> HOME_MOVE (12)
2026-05-15 04:07:16 CartMoveState: HOME_MOVE (12) -> HALT (13)
2026-05-15 04:07:16 CartMoveState: HALT (13) -> IDLE (1)
2026-05-15 04:07:16 Handler State: EXCHANGE_THREE (11) -> POST_PROCESS (12)
2026-05-15 04:07:16 Handler State: POST_PROCESS (12) -> MOVE_ARM_HOME (14)
2026-05-15 04:07:16 Handler State: MOVE_ARM_HOME (14) -> HANDLER_IDLE (1)
2026-05-15 04:07:34 Handler State: HANDLER_IDLE (1) -> HANDLER_START (2)
2026-05-15 04:07:35 Handler State: HANDLER_START (2) -> DECIDE_CART (3)
2026-05-15 04:07:35 Selection: IFS has correct material.
2026-05-15 04:07:35 Selection: Last resort, just pick the first cartridge.
2026-05-15 04:07:35 Selected Primary Cartridge: 5
2026-05-15 04:07:35 Selected Primary Station: 103
2026-05-15 04:07:35 Selected Secondary Cartridge: 0
2026-05-15 04:07:35 Selected Secondary Station: 0
2026-05-15 04:07:35 Selected Filling Volume: 640
2026-05-15 04:07:35 Handler State: DECIDE_CART (3) -> PLACE_CART (5)
2026-05-15 04:07:35 CartMove: Move, from 106 to 103
2026-05-15 04:07:35 CartMoveState: IDLE (1) -> FROM_MOVE (3)
2026-05-15 04:07:36 CartMoveState: FROM_MOVE (3) -> FROM_CART (4)
2026-05-15 04:07:39 CartMoveState: FROM_CART (4) -> AUX_DECIDE (5)
2026-05-15 04:07:39 CartMoveState: AUX_DECIDE (5) -> TO_MOVE (10)
2026-05-15 04:07:40 CartMoveState: TO_MOVE (10) -> TO_CART (11)
2026-05-15 04:07:42 CartMoveState: TO_CART (11) -> HOME_MOVE (12)
2026-05-15 04:07:43 CartMoveState: HOME_MOVE (12) -> HALT (13)
2026-05-15 04:07:43 CartMoveState: HALT (13) -> IDLE (1)
2026-05-15 04:07:43 Handler State: PLACE_CART (5) -> CHECK_SEC_CART (26)
2026-05-15 04:07:43 Handler State: CHECK_SEC_CART (26) -> PROBE_CART (24)
2026-05-15 04:07:43 CartMove: Exchange 1, from 103
2026-05-15 04:07:43 CartMoveState: IDLE (1) -> FROM_MOVE (3)
2026-05-15 04:07:43 CartMoveState: FROM_MOVE (3) -> FROM_PROBE (19)
2026-05-15 04:07:44 Handler State: PROBE_CART (24) -> PROCESS_CART (6)
2026-05-15 04:08:16 Setting CBS color valve (FillGate): 1
2026-05-15 04:08:17 Primed volume (FillGate): 1.897
2026-05-15 04:08:17 Re-Calculated Filling Volume: 640
2026-05-15 04:08:17 Setting CBS color valve (FillCart): 1
2026-05-15 04:08:40 Handler State: PROCESS_CART (6) -> EXCHANGE_ONE (7)
2026-05-15 04:08:40 CartMove: Exchange 1, from 103
2026-05-15 04:08:40 CartMoveState: FROM_PROBE (19) -> FROM_CART (4)
2026-05-15 04:08:46 Setting CBS color valve (Finished): 0
2026-05-15 04:08:48 CartMoveState: FROM_CART (4) -> TO_MOVE (10)
2026-05-15 04:08:49 CartMoveState: TO_MOVE (10) -> EXCH_1_WAIT (14)
2026-05-15 04:08:49 Handler State: EXCHANGE_ONE (7) -> START_DCU (8)
2026-05-15 04:08:53 Handler State: START_DCU (8) -> EXCHANGE_TWO (9)
2026-05-15 04:08:53 CartMove: Exchange 2
2026-05-15 04:08:54 CartMoveState: EXCH_1_WAIT (14) -> EXCH_1_CART (15)
2026-05-15 04:08:57 CartMoveState: EXCH_1_CART (15) -> EXCH_2_MOVE (16)
2026-05-15 04:08:58 CartMoveState: EXCH_2_MOVE (16) -> EXCH_2_CART (17)
2026-05-15 04:09:00 CartMoveState: EXCH_2_CART (17) -> STORE_DECIDE (18)
2026-05-15 04:09:00 Used volume for last job: 0
2026-05-15 04:09:00 Handler State: EXCHANGE_TWO (9) -> WAIT_FOR_DCU (10)
2026-05-15 04:09:02 Handler State: WAIT_FOR_DCU (10) -> EXCHANGE_THREE (11)
2026-05-15 04:09:02 CartMove: Exchange 3
2026-05-15 04:09:02 CartMoveState: STORE_DECIDE (18) -> AUX_DECIDE (5)
2026-05-15 04:09:02 CartMoveState: AUX_DECIDE (5) -> TO_MOVE (10)
2026-05-15 04:09:02 CartMoveState: TO_MOVE (10) -> TO_CART (11)
2026-05-15 04:09:05 CartMoveState: TO_CART (11) -> HOME_MOVE (12)
2026-05-15 04:09:05 CartMoveState: HOME_MOVE (12) -> HALT (13)
2026-05-15 04:09:05 CartMoveState: HALT (13) -> IDLE (1)
2026-05-15 04:09:05 Handler State: EXCHANGE_THREE (11) -> POST_PROCESS (12)
2026-05-15 04:09:05 Handler State: POST_PROCESS (12) -> MOVE_ARM_HOME (14)
2026-05-15 04:09:06 Handler State: MOVE_ARM_HOME (14) -> HANDLER_IDLE (1)
2026-05-15 04:09:11 Handler State: HANDLER_IDLE (1) -> HANDLER_START (2)
2026-05-15 04:09:12 Handler State: HANDLER_START (2) -> DECIDE_CART (3)
2026-05-15 04:09:12 Selection: Last resort, just pick the first IFS.
2026-05-15 04:09:12 Selection: Last resort, just pick the first cartridge.
2026-05-15 04:09:12 Selected Primary Cartridge: 1
2026-05-15 04:09:12 Selected Primary Station: 102
2026-05-15 04:09:12 Selected Secondary Cartridge: 0
2026-05-15 04:09:12 Selected Secondary Station: 0
2026-05-15 04:09:12 Selected Filling Volume: 345
2026-05-15 04:09:12 Handler State: DECIDE_CART (3) -> CHECK_SEC_CART (26)
2026-05-15 04:09:12 Handler State: CHECK_SEC_CART (26) -> PROBE_CART (24)
2026-05-15 04:09:12 CartMove: Exchange 1, from 102
2026-05-15 04:09:12 CartMoveState: IDLE (1) -> FROM_MOVE (3)
2026-05-15 04:09:13 CartMoveState: FROM_MOVE (3) -> FROM_PROBE (19)
2026-05-15 04:09:15 Handler State: PROBE_CART (24) -> PROCESS_CART (6)
2026-05-15 04:10:36 Setting CBS color valve (FillIFS): 2
2026-05-15 04:10:37 Primed volume (FillIFS): 3.96722
2026-05-15 04:10:37 Re-Calculated Filling Volume: 345
2026-05-15 04:10:37 Setting CBS color valve (FillCart): 2
2026-05-15 04:10:55 Handler State: PROCESS_CART (6) -> EXCHANGE_ONE (7)
2026-05-15 04:10:55 CartMove: Exchange 1, from 102
2026-05-15 04:10:55 CartMoveState: FROM_PROBE (19) -> FROM_CART (4)
2026-05-15 04:11:02 Setting CBS color valve (Finished): 0
2026-05-15 04:11:04 CartMoveState: FROM_CART (4) -> TO_MOVE (10)
2026-05-15 04:11:05 CartMoveState: TO_MOVE (10) -> EXCH_1_WAIT (14)
2026-05-15 04:11:05 Handler State: EXCHANGE_ONE (7) -> START_DCU (8)
2026-05-15 04:11:05 Handler State: START_DCU (8) -> EXCHANGE_TWO (9)
2026-05-15 04:11:05 CartMove: Exchange 2
2026-05-15 04:11:05 CartMoveState: EXCH_1_WAIT (14) -> EXCH_1_CART (15)
2026-05-15 04:11:08 CartMoveState: EXCH_1_CART (15) -> EXCH_2_MOVE (16)
2026-05-15 04:11:08 CartMoveState: EXCH_2_MOVE (16) -> EXCH_2_CART (17)
2026-05-15 04:11:10 CartMoveState: EXCH_2_CART (17) -> STORE_DECIDE (18)
2026-05-15 04:11:10 Used volume for last job: 137.834
2026-05-15 04:11:10 Handler State: EXCHANGE_TWO (9) -> WAIT_FOR_DCU (10)
2026-05-15 04:11:12 Handler State: WAIT_FOR_DCU (10) -> EXCHANGE_THREE (11)
2026-05-15 04:11:12 CartMove: Exchange 3
2026-05-15 04:11:12 CartMoveState: STORE_DECIDE (18) -> AUX_DECIDE (5)
2026-05-15 04:11:12 CartMoveState: AUX_DECIDE (5) -> TO_MOVE (10)
2026-05-15 04:11:14 CartMoveState: TO_MOVE (10) -> TO_CART (11)
2026-05-15 04:11:16 CartMoveState: TO_CART (11) -> HOME_MOVE (12)
2026-05-15 04:11:17 CartMoveState: HOME_MOVE (12) -> HALT (13)
2026-05-15 04:11:17 CartMoveState: HALT (13) -> IDLE (1)
2026-05-15 04:11:17 Handler State: EXCHANGE_THREE (11) -> POST_PROCESS (12)
2026-05-15 04:11:17 Handler State: POST_PROCESS (12) -> MOVE_ARM_HOME (14)
2026-05-15 04:11:17 Handler State: MOVE_ARM_HOME (14) -> HANDLER_IDLE (1)
2026-05-15 04:12:14 Handler State: HANDLER_IDLE (1) -> HANDLER_START (2)
2026-05-15 04:12:15 Handler State: HANDLER_START (2) -> DECIDE_CART (3)
2026-05-15 04:12:15 Selection: IFS has correct material.
2026-05-15 04:12:15 Selection: Last resort, just pick the first cartridge.
2026-05-15 04:12:15 Selected Primary Cartridge: 4
2026-05-15 04:12:15 Selected Primary Station: 102
2026-05-15 04:12:15 Selected Secondary Cartridge: 0
2026-05-15 04:12:15 Selected Secondary Station: 0
2026-05-15 04:12:15 Selected Filling Volume: 314
2026-05-15 04:12:15 Handler State: DECIDE_CART (3) -> PLACE_CART (5)
2026-05-15 04:12:15 CartMove: Move, from 105 to 102
2026-05-15 04:12:15 CartMoveState: IDLE (1) -> FROM_MOVE (3)
2026-05-15 04:12:16 CartMoveState: FROM_MOVE (3) -> FROM_CART (4)
2026-05-15 04:12:19 CartMoveState: FROM_CART (4) -> AUX_DECIDE (5)
2026-05-15 04:12:19 CartMoveState: AUX_DECIDE (5) -> TO_MOVE (10)
2026-05-15 04:12:20 CartMoveState: TO_MOVE (10) -> TO_CART (11)
2026-05-15 04:12:22 CartMoveState: TO_CART (11) -> HOME_MOVE (12)
2026-05-15 04:12:23 CartMoveState: HOME_MOVE (12) -> HALT (13)
2026-05-15 04:12:23 CartMoveState: HALT (13) -> IDLE (1)
2026-05-15 04:12:23 Handler State: PLACE_CART (5) -> CHECK_SEC_CART (26)
2026-05-15 04:12:23 Handler State: CHECK_SEC_CART (26) -> PROBE_CART (24)
2026-05-15 04:12:23 CartMove: Exchange 1, from 102
2026-05-15 04:12:23 CartMoveState: IDLE (1) -> FROM_MOVE (3)
2026-05-15 04:12:24 CartMoveState: FROM_MOVE (3) -> FROM_PROBE (19)
2026-05-15 04:12:26 Handler State: PROBE_CART (24) -> PROCESS_CART (6)
2026-05-15 04:13:55 Setting CBS color valve (FillGate): 2
2026-05-15 04:13:56 Primed volume (FillGate): 1.65707
2026-05-15 04:13:56 Re-Calculated Filling Volume: 314
2026-05-15 04:13:56 Setting CBS color valve (FillCart): 2
2026-05-15 04:14:13 Handler State: PROCESS_CART (6) -> EXCHANGE_ONE (7)
2026-05-15 04:14:13 CartMove: Exchange 1, from 102
2026-05-15 04:14:13 CartMoveState: FROM_PROBE (19) -> FROM_CART (4)
2026-05-15 04:14:20 Setting CBS color valve (Finished): 0
2026-05-15 04:14:22 CartMoveState: FROM_CART (4) -> TO_MOVE (10)
2026-05-15 04:14:23 CartMoveState: TO_MOVE (10) -> EXCH_1_WAIT (14)
2026-05-15 04:14:23 Handler State: EXCHANGE_ONE (7) -> START_DCU (8)
2026-05-15 04:14:23 Handler State: START_DCU (8) -> EXCHANGE_TWO (9)
2026-05-15 04:14:23 CartMove: Exchange 2
2026-05-15 04:14:23 CartMoveState: EXCH_1_WAIT (14) -> EXCH_1_CART (15)
2026-05-15 04:14:26 CartMoveState: EXCH_1_CART (15) -> EXCH_2_MOVE (16)
2026-05-15 04:14:28 CartMoveState: EXCH_2_MOVE (16) -> EXCH_2_CART (17)
2026-05-15 04:14:30 CartMoveState: EXCH_2_CART (17) -> STORE_DECIDE (18)
2026-05-15 04:14:30 Used volume for last job: 0
2026-05-15 04:14:30 Handler State: EXCHANGE_TWO (9) -> WAIT_FOR_DCU (10)
2026-05-15 04:14:31 Handler State: WAIT_FOR_DCU (10) -> EXCHANGE_THREE (11)
2026-05-15 04:14:31 CartMove: Exchange 3
2026-05-15 04:14:31 CartMoveState: STORE_DECIDE (18) -> AUX_DECIDE (5)
2026-05-15 04:14:31 CartMoveState: AUX_DECIDE (5) -> TO_MOVE (10)
2026-05-15 04:14:31 CartMoveState: TO_MOVE (10) -> TO_CART (11)
2026-05-15 04:14:34 CartMoveState: TO_CART (11) -> HOME_MOVE (12)
2026-05-15 04:14:34 CartMoveState: HOME_MOVE (12) -> HALT (13)
2026-05-15 04:14:34 CartMoveState: HALT (13) -> IDLE (1)
2026-05-15 04:14:34 Handler State: EXCHANGE_THREE (11) -> POST_PROCESS (12)
2026-05-15 04:14:34 Handler State: POST_PROCESS (12) -> MOVE_ARM_HOME (14)
2026-05-15 04:14:34 Handler State: MOVE_ARM_HOME (14) -> HANDLER_IDLE (1)
2026-05-15 04:16:08 Handler State: HANDLER_IDLE (1) -> SEMI_START (15)
2026-05-15 04:16:08 Handler State: SEMI_START (15) -> SEMI_PROBE_CART (25)
2026-05-15 04:16:11 Handler State: SEMI_PROBE_CART (25) -> SEMI_PROCESS (16)
2026-05-15 04:16:46 Re-Calculated Filling Volume: 0
2026-05-15 04:16:53 Setting CBS color valve (Finished): 0
2026-05-15 04:16:53 Handler State: SEMI_PROCESS (16) -> SEMI_WHAT_NEXT (21)
2026-05-15 04:16:53 Handler State: SEMI_WHAT_NEXT (21) -> SEMI_FINISHED (23)
2026-05-15 04:16:54 Handler State: SEMI_FINISHED (23) -> HANDLER_IDLE (1)
2026-05-15 04:17:16 Handler State: HANDLER_IDLE (1) -> HANDLER_START (2)
2026-05-15 04:17:17 Handler State: HANDLER_START (2) -> EXCHANGE_ONE (7)
2026-05-15 04:17:17 CartMove: Exchange 1, from 0
2026-05-15 04:17:17 CartMoveState: IDLE (1) -> TO_MOVE (10)
2026-05-15 04:17:18 CartMoveState: TO_MOVE (10) -> EXCH_1_WAIT (14)
2026-05-15 04:17:18 Handler State: EXCHANGE_ONE (7) -> START_DCU (8)
2026-05-15 04:17:19 Handler State: START_DCU (8) -> EXCHANGE_TWO (9)
2026-05-15 04:17:19 CartMove: Exchange 2
2026-05-15 04:17:27 CartMoveState: EXCH_1_WAIT (14) -> EXCH_1_CART (15)
2026-05-15 04:17:30 CartMoveState: EXCH_1_CART (15) -> STORE_DECIDE (18)
2026-05-15 04:17:30 Used volume for last job: 261.576
2026-05-15 04:17:30 Handler State: EXCHANGE_TWO (9) -> WAIT_FOR_DCU (10)
2026-05-15 04:17:32 Handler State: WAIT_FOR_DCU (10) -> EXCHANGE_THREE (11)
2026-05-15 04:17:32 CartMove: Exchange 3
2026-05-15 04:17:32 CartMoveState: STORE_DECIDE (18) -> AUX_DECIDE (5)
2026-05-15 04:17:32 CartMoveState: AUX_DECIDE (5) -> TO_MOVE (10)
2026-05-15 04:17:33 CartMoveState: TO_MOVE (10) -> TO_CART (11)
2026-05-15 04:17:35 CartMoveState: TO_CART (11) -> HOME_MOVE (12)
2026-05-15 04:17:37 CartMoveState: HOME_MOVE (12) -> HALT (13)
2026-05-15 04:17:37 CartMoveState: HALT (13) -> IDLE (1)
2026-05-15 04:17:37 Handler State: EXCHANGE_THREE (11) -> POST_PROCESS (12)
2026-05-15 04:17:37 Handler State: POST_PROCESS (12) -> MOVE_ARM_HOME (14)
2026-05-15 04:17:37 Handler State: MOVE_ARM_HOME (14) -> HANDLER_IDLE (1)
2026-05-15 04:17:48 Handler State: HANDLER_IDLE (1) -> SEMI_START (15)
2026-05-15 04:17:48 Handler State: SEMI_START (15) -> SEMI_PROBE_CART (25)
2026-05-15 04:17:51 Handler State: SEMI_PROBE_CART (25) -> SEMI_PROCESS (16)
2026-05-15 04:18:17 Re-Calculated Filling Volume: 0
2026-05-15 04:18:24 Setting CBS color valve (Finished): 0
2026-05-15 04:18:24 Handler State: SEMI_PROCESS (16) -> SEMI_WHAT_NEXT (21)
2026-05-15 04:18:24 Handler State: SEMI_WHAT_NEXT (21) -> SEMI_START (15)
2026-05-15 04:18:24 Handler State: SEMI_START (15) -> SEMI_PROBE_CART (25)
2026-05-15 04:18:28 Handler State: SEMI_PROBE_CART (25) -> SEMI_PROCESS (16)
2026-05-15 04:19:57 Re-Calculated Filling Volume: 0
2026-05-15 04:20:03 Setting CBS color valve (Finished): 0
2026-05-15 04:20:03 Handler State: SEMI_PROCESS (16) -> SEMI_WHAT_NEXT (21)
2026-05-15 04:20:03 Handler State: SEMI_WHAT_NEXT (21) -> SEMI_START (15)
2026-05-15 04:20:03 Handler State: SEMI_START (15) -> SEMI_TO_STORE (17)
2026-05-15 04:20:03 CartMove: Move, from 104 to 108
2026-05-15 04:20:03 CartMoveState: IDLE (1) -> FROM_MOVE (3)
2026-05-15 04:20:04 CartMoveState: FROM_MOVE (3) -> FROM_CART (4)
2026-05-15 04:20:07 CartMoveState: FROM_CART (4) -> AUX_DECIDE (5)
2026-05-15 04:20:07 CartMoveState: AUX_DECIDE (5) -> TO_MOVE (10)
2026-05-15 04:20:08 CartMoveState: TO_MOVE (10) -> TO_CART (11)
2026-05-15 04:20:10 CartMoveState: TO_CART (11) -> HOME_MOVE (12)
2026-05-15 04:20:12 CartMoveState: HOME_MOVE (12) -> HALT (13)
2026-05-15 04:20:12 CartMoveState: HALT (13) -> IDLE (1)
2026-05-15 04:20:12 Handler State: SEMI_TO_STORE (17) -> SEMI_TO_IFS (18)
2026-05-15 04:20:12 CartMove: Move, from 107 to 104
2026-05-15 04:20:12 CartMoveState: IDLE (1) -> FROM_MOVE (3)
2026-05-15 04:20:13 CartMoveState: FROM_MOVE (3) -> FROM_CART (4)
2026-05-15 04:20:16 CartMoveState: FROM_CART (4) -> AUX_DECIDE (5)
2026-05-15 04:20:16 CartMoveState: AUX_DECIDE (5) -> TO_MOVE (10)
2026-05-15 04:20:18 CartMoveState: TO_MOVE (10) -> TO_CART (11)
2026-05-15 04:20:20 CartMoveState: TO_CART (11) -> HOME_MOVE (12)
2026-05-15 04:20:21 CartMoveState: HOME_MOVE (12) -> HALT (13)
2026-05-15 04:20:21 CartMoveState: HALT (13) -> IDLE (1)
2026-05-15 04:20:21 Handler State: SEMI_TO_IFS (18) -> SEMI_PROBE_CART (25)
2026-05-15 04:20:24 Handler State: SEMI_PROBE_CART (25) -> SEMI_PROCESS (16)
2026-05-15 04:20:56 Re-Calculated Filling Volume: 0
2026-05-15 04:21:02 Setting CBS color valve (Finished): 0
2026-05-15 04:21:02 Handler State: SEMI_PROCESS (16) -> SEMI_FROM_IFS (20)
2026-05-15 04:21:02 CartMove: Move, from 104 to 107
2026-05-15 04:21:02 CartMoveState: IDLE (1) -> FROM_MOVE (3)
2026-05-15 04:21:02 CartMoveState: FROM_MOVE (3) -> FROM_CART (4)
2026-05-15 04:21:05 CartMoveState: FROM_CART (4) -> AUX_DECIDE (5)
2026-05-15 04:21:05 CartMoveState: AUX_DECIDE (5) -> TO_MOVE (10)
2026-05-15 04:21:07 CartMoveState: TO_MOVE (10) -> TO_CART (11)
2026-05-15 04:21:09 CartMoveState: TO_CART (11) -> HOME_MOVE (12)
2026-05-15 04:21:10 CartMoveState: HOME_MOVE (12) -> HALT (13)
2026-05-15 04:21:10 CartMoveState: HALT (13) -> IDLE (1)
2026-05-15 04:21:10 Handler State: SEMI_FROM_IFS (20) -> SEMI_FROM_STORE (19)
2026-05-15 04:21:10 CartMove: Move, from 108 to 104
2026-05-15 04:21:10 CartMoveState: IDLE (1) -> FROM_MOVE (3)
2026-05-15 04:21:12 CartMoveState: FROM_MOVE (3) -> FROM_CART (4)
2026-05-15 04:21:14 CartMoveState: FROM_CART (4) -> AUX_DECIDE (5)
2026-05-15 04:21:14 CartMoveState: AUX_DECIDE (5) -> TO_MOVE (10)
2026-05-15 04:21:16 CartMoveState: TO_MOVE (10) -> TO_CART (11)
2026-05-15 04:21:18 CartMoveState: TO_CART (11) -> HOME_MOVE (12)
2026-05-15 04:21:19 CartMoveState: HOME_MOVE (12) -> HALT (13)
2026-05-15 04:21:19 CartMoveState: HALT (13) -> IDLE (1)
2026-05-15 04:21:19 Handler State: SEMI_FROM_STORE (19) -> SEMI_WHAT_NEXT (21)
2026-05-15 04:21:19 Handler State: SEMI_WHAT_NEXT (21) -> SEMI_START (15)
2026-05-15 04:21:19 Handler State: SEMI_START (15) -> SEMI_TO_STORE (17)
2026-05-15 04:21:19 CartMove: Move, from 102 to 108
2026-05-15 04:21:19 CartMoveState: IDLE (1) -> FROM_MOVE (3)
2026-05-15 04:21:19 CartMoveState: FROM_MOVE (3) -> FROM_CART (4)
2026-05-15 04:21:22 CartMoveState: FROM_CART (4) -> AUX_DECIDE (5)
2026-05-15 04:21:22 CartMoveState: AUX_DECIDE (5) -> TO_MOVE (10)
2026-05-15 04:21:24 CartMoveState: TO_MOVE (10) -> TO_CART (11)
2026-05-15 04:21:26 CartMoveState: TO_CART (11) -> HOME_MOVE (12)
2026-05-15 04:21:28 CartMoveState: HOME_MOVE (12) -> HALT (13)
2026-05-15 04:21:28 CartMoveState: HALT (13) -> IDLE (1)
2026-05-15 04:21:28 Handler State: SEMI_TO_STORE (17) -> SEMI_TO_IFS (18)
2026-05-15 04:21:28 CartMove: Move, from 105 to 102
2026-05-15 04:21:28 CartMoveState: IDLE (1) -> FROM_MOVE (3)
2026-05-15 04:21:29 CartMoveState: FROM_MOVE (3) -> FROM_CART (4)
2026-05-15 04:21:32 CartMoveState: FROM_CART (4) -> AUX_DECIDE (5)
2026-05-15 04:21:32 CartMoveState: AUX_DECIDE (5) -> TO_MOVE (10)
2026-05-15 04:21:33 CartMoveState: TO_MOVE (10) -> TO_CART (11)
2026-05-15 04:21:35 CartMoveState: TO_CART (11) -> HOME_MOVE (12)
2026-05-15 04:21:36 CartMoveState: HOME_MOVE (12) -> HALT (13)
2026-05-15 04:21:36 CartMoveState: HALT (13) -> IDLE (1)
2026-05-15 04:21:36 Handler State: SEMI_TO_IFS (18) -> SEMI_PROBE_CART (25)
2026-05-15 04:21:40 Handler State: SEMI_PROBE_CART (25) -> SEMI_PROCESS (16)
2026-05-15 04:22:13 Re-Calculated Filling Volume: 0
2026-05-15 04:22:20 Setting CBS color valve (Finished): 0
2026-05-15 04:22:20 Handler State: SEMI_PROCESS (16) -> SEMI_FROM_IFS (20)
2026-05-15 04:22:20 CartMove: Move, from 102 to 105
2026-05-15 04:22:20 CartMoveState: IDLE (1) -> FROM_MOVE (3)
2026-05-15 04:22:20 CartMoveState: FROM_MOVE (3) -> FROM_CART (4)
2026-05-15 04:22:23 CartMoveState: FROM_CART (4) -> AUX_DECIDE (5)
2026-05-15 04:22:23 CartMoveState: AUX_DECIDE (5) -> TO_MOVE (10)
2026-05-15 04:22:25 CartMoveState: TO_MOVE (10) -> TO_CART (11)
2026-05-15 04:22:27 CartMoveState: TO_CART (11) -> HOME_MOVE (12)
2026-05-15 04:22:28 CartMoveState: HOME_MOVE (12) -> HALT (13)
2026-05-15 04:22:28 CartMoveState: HALT (13) -> IDLE (1)
2026-05-15 04:22:28 Handler State: SEMI_FROM_IFS (20) -> SEMI_FROM_STORE (19)
2026-05-15 04:22:28 CartMove: Move, from 108 to 102
2026-05-15 04:22:28 CartMoveState: IDLE (1) -> FROM_MOVE (3)
2026-05-15 04:22:30 CartMoveState: FROM_MOVE (3) -> FROM_CART (4)
2026-05-15 04:22:32 CartMoveState: FROM_CART (4) -> AUX_DECIDE (5)
2026-05-15 04:22:32 CartMoveState: AUX_DECIDE (5) -> TO_MOVE (10)
2026-05-15 04:22:34 CartMoveState: TO_MOVE (10) -> TO_CART (11)
2026-05-15 04:22:36 CartMoveState: TO_CART (11) -> HOME_MOVE (12)
2026-05-15 04:22:37 CartMoveState: HOME_MOVE (12) -> HALT (13)
2026-05-15 04:22:37 CartMoveState: HALT (13) -> IDLE (1)
2026-05-15 04:22:37 Handler State: SEMI_FROM_STORE (19) -> SEMI_WHAT_NEXT (21)
2026-05-15 04:22:37 Handler State: SEMI_WHAT_NEXT (21) -> SEMI_START (15)
2026-05-15 04:22:37 Handler State: SEMI_START (15) -> SEMI_TO_STORE (17)
2026-05-15 04:22:37 CartMove: Move, from 103 to 108
2026-05-15 04:22:37 CartMoveState: IDLE (1) -> FROM_MOVE (3)
2026-05-15 04:22:37 CartMoveState: FROM_MOVE (3) -> FROM_CART (4)
2026-05-15 04:22:40 CartMoveState: FROM_CART (4) -> AUX_DECIDE (5)
2026-05-15 04:22:40 CartMoveState: AUX_DECIDE (5) -> TO_MOVE (10)
2026-05-15 04:22:42 CartMoveState: TO_MOVE (10) -> TO_CART (11)
2026-05-15 04:22:44 CartMoveState: TO_CART (11) -> HOME_MOVE (12)
2026-05-15 04:22:46 CartMoveState: HOME_MOVE (12) -> HALT (13)
2026-05-15 04:22:46 CartMoveState: HALT (13) -> IDLE (1)
2026-05-15 04:22:46 Handler State: SEMI_TO_STORE (17) -> SEMI_TO_IFS (18)
2026-05-15 04:22:46 CartMove: Move, from 106 to 103
2026-05-15 04:22:46 CartMoveState: IDLE (1) -> FROM_MOVE (3)
2026-05-15 04:22:47 CartMoveState: FROM_MOVE (3) -> FROM_CART (4)
2026-05-15 04:22:50 CartMoveState: FROM_CART (4) -> AUX_DECIDE (5)
2026-05-15 04:22:50 CartMoveState: AUX_DECIDE (5) -> TO_MOVE (10)
2026-05-15 04:22:51 CartMoveState: TO_MOVE (10) -> TO_CART (11)
2026-05-15 04:22:54 CartMoveState: TO_CART (11) -> HOME_MOVE (12)
2026-05-15 04:22:54 CartMoveState: HOME_MOVE (12) -> HALT (13)
2026-05-15 04:22:54 CartMoveState: HALT (13) -> IDLE (1)
2026-05-15 04:22:54 Handler State: SEMI_TO_IFS (18) -> SEMI_PROBE_CART (25)
2026-05-15 04:22:56 Handler State: SEMI_PROBE_CART (25) -> SEMI_PROCESS (16)
2026-05-15 04:24:29 Re-Calculated Filling Volume: 0
2026-05-15 04:24:35 Setting CBS color valve (Finished): 0
2026-05-15 04:24:35 Handler State: SEMI_PROCESS (16) -> SEMI_FROM_IFS (20)
2026-05-15 04:24:35 CartMove: Move, from 103 to 106
2026-05-15 04:24:35 CartMoveState: IDLE (1) -> FROM_MOVE (3)
2026-05-15 04:24:35 CartMoveState: FROM_MOVE (3) -> FROM_CART (4)
2026-05-15 04:24:38 CartMoveState: FROM_CART (4) -> AUX_DECIDE (5)
2026-05-15 04:24:38 CartMoveState: AUX_DECIDE (5) -> TO_MOVE (10)
2026-05-15 04:24:39 CartMoveState: TO_MOVE (10) -> TO_CART (11)
2026-05-15 04:24:41 CartMoveState: TO_CART (11) -> HOME_MOVE (12)
2026-05-15 04:24:43 CartMoveState: HOME_MOVE (12) -> HALT (13)
2026-05-15 04:24:43 CartMoveState: HALT (13) -> IDLE (1)
2026-05-15 04:24:43 Handler State: SEMI_FROM_IFS (20) -> SEMI_FROM_STORE (19)
2026-05-15 04:24:43 CartMove: Move, from 108 to 103
2026-05-15 04:24:43 CartMoveState: IDLE (1) -> FROM_MOVE (3)
2026-05-15 04:24:44 CartMoveState: FROM_MOVE (3) -> FROM_CART (4)
2026-05-15 04:24:47 CartMoveState: FROM_CART (4) -> AUX_DECIDE (5)
2026-05-15 04:24:47 CartMoveState: AUX_DECIDE (5) -> TO_MOVE (10)
2026-05-15 04:24:49 CartMoveState: TO_MOVE (10) -> TO_CART (11)
2026-05-15 04:24:51 CartMoveState: TO_CART (11) -> HOME_MOVE (12)
2026-05-15 04:24:51 CartMoveState: HOME_MOVE (12) -> HALT (13)
2026-05-15 04:24:51 CartMoveState: HALT (13) -> IDLE (1)
2026-05-15 04:24:51 Handler State: SEMI_FROM_STORE (19) -> SEMI_WHAT_NEXT (21)
2026-05-15 04:24:51 Handler State: SEMI_WHAT_NEXT (21) -> SEMI_START (15)
2026-05-15 04:24:51 Handler State: SEMI_START (15) -> SEMI_PROBE_CART (25)
2026-05-15 04:24:55 Handler State: SEMI_PROBE_CART (25) -> SEMI_PROCESS (16)
2026-05-15 04:25:47 Re-Calculated Filling Volume: 0
2026-05-15 04:25:52 Setting CBS color valve (Finished): 0
2026-05-15 04:25:52 Handler State: SEMI_PROCESS (16) -> SEMI_WHAT_NEXT (21)
2026-05-15 04:25:52 Handler State: SEMI_WHAT_NEXT (21) -> SEMI_FINISHED (23)
2026-05-15 04:25:53 Handler State: SEMI_FINISHED (23) -> HANDLER_IDLE (1)
2026-05-15 05:27:50 Handler State: HANDLER_IDLE (1) -> HANDLER_START (2)
2026-05-15 05:27:51 Handler State: HANDLER_START (2) -> DECIDE_CART (3)
2026-05-15 05:27:51 Selection: IFS is clean and its cartridge is cleaned.
2026-05-15 05:27:51 Selected Primary Cartridge: 2
2026-05-15 05:27:51 Selected Primary Station: 103
2026-05-15 05:27:51 Selected Secondary Cartridge: 0
2026-05-15 05:27:51 Selected Secondary Station: 0
2026-05-15 05:27:51 Selected Filling Volume: 650
2026-05-15 05:27:51 Handler State: DECIDE_CART (3) -> CHECK_SEC_CART (26)
2026-05-15 05:27:51 Handler State: CHECK_SEC_CART (26) -> PROBE_CART (24)
2026-05-15 05:27:51 CartMove: Exchange 1, from 103
2026-05-15 05:27:51 CartMoveState: IDLE (1) -> FROM_MOVE (3)
2026-05-15 05:27:51 CartMoveState: FROM_MOVE (3) -> FROM_PROBE (19)
2026-05-15 05:27:53 Handler State: PROBE_CART (24) -> PROCESS_CART (6)
2026-05-15 05:27:53 Setting CBS color valve (FillIFS): 1
2026-05-15 05:27:55 Primed volume (FillIFS): 0.0801319
2026-05-15 05:27:55 Re-Calculated Filling Volume: 650
2026-05-15 05:27:55 Setting CBS color valve (FillCart): 1
2026-05-15 05:28:19 Handler State: PROCESS_CART (6) -> EXCHANGE_ONE (7)
2026-05-15 05:28:19 CartMove: Exchange 1, from 103
2026-05-15 05:28:19 CartMoveState: FROM_PROBE (19) -> FROM_CART (4)
2026-05-15 05:28:24 Setting CBS color valve (Finished): 0
2026-05-15 05:28:26 CartMoveState: FROM_CART (4) -> TO_MOVE (10)
2026-05-15 05:28:27 CartMoveState: TO_MOVE (10) -> EXCH_1_WAIT (14)
2026-05-15 05:28:27 Handler State: EXCHANGE_ONE (7) -> START_DCU (8)
2026-05-15 05:28:28 Handler State: START_DCU (8) -> EXCHANGE_TWO (9)
2026-05-15 05:28:28 CartMove: Exchange 2
2026-05-15 05:28:28 CartMoveState: EXCH_1_WAIT (14) -> EXCH_1_CART (15)
2026-05-15 05:28:30 CartMoveState: EXCH_1_CART (15) -> EXCH_2_MOVE (16)
2026-05-15 05:28:31 CartMoveState: EXCH_2_MOVE (16) -> EXCH_2_CART (17)
2026-05-15 05:28:33 CartMoveState: EXCH_2_CART (17) -> HOME_MOVE (12)
2026-05-15 05:28:33 Handler State: EXCHANGE_TWO (9) -> WAIT_FOR_DCU (10)
2026-05-15 05:28:34 Handler State: WAIT_FOR_DCU (10) -> EXCHANGE_THREE (11)
2026-05-15 05:28:35 CartMove: Exchange 3
2026-05-15 05:28:35 CartMoveState: HOME_MOVE (12) -> HALT (13)
2026-05-15 05:28:35 CartMoveState: HALT (13) -> IDLE (1)
2026-05-15 05:28:35 Handler State: EXCHANGE_THREE (11) -> POST_PROCESS (12)
2026-05-15 05:28:35 Handler State: POST_PROCESS (12) -> MOVE_ARM_HOME (14)
2026-05-15 05:28:41 Handler State: MOVE_ARM_HOME (14) -> HANDLER_IDLE (1)
2026-05-15 05:28:53 Handler State: HANDLER_IDLE (1) -> HANDLER_START (2)
2026-05-15 05:28:54 Handler State: HANDLER_START (2) -> DECIDE_CART (3)
2026-05-15 05:28:54 Selection: IFS has correct material.
2026-05-15 05:28:54 Selection: Cartridge is clean.
2026-05-15 05:28:54 Selected Primary Cartridge: 5
2026-05-15 05:28:54 Selected Primary Station: 103
2026-05-15 05:28:54 Selected Secondary Cartridge: 0
2026-05-15 05:28:54 Selected Secondary Station: 0
2026-05-15 05:28:54 Selected Filling Volume: 650
2026-05-15 05:28:54 Handler State: DECIDE_CART (3) -> PLACE_CART (5)
2026-05-15 05:28:54 CartMove: Move, from 106 to 103
2026-05-15 05:28:54 CartMoveState: IDLE (1) -> FROM_MOVE (3)
2026-05-15 05:28:56 CartMoveState: FROM_MOVE (3) -> FROM_CART (4)
2026-05-15 05:28:58 CartMoveState: FROM_CART (4) -> AUX_DECIDE (5)
2026-05-15 05:28:58 CartMoveState: AUX_DECIDE (5) -> TO_MOVE (10)
2026-05-15 05:29:00 CartMoveState: TO_MOVE (10) -> TO_CART (11)
2026-05-15 05:29:02 CartMoveState: TO_CART (11) -> HOME_MOVE (12)
2026-05-15 05:29:02 CartMoveState: HOME_MOVE (12) -> HALT (13)
2026-05-15 05:29:02 CartMoveState: HALT (13) -> IDLE (1)
2026-05-15 05:29:02 Handler State: PLACE_CART (5) -> CHECK_SEC_CART (26)
2026-05-15 05:29:02 Handler State: CHECK_SEC_CART (26) -> PROBE_CART (24)
2026-05-15 05:29:02 CartMove: Exchange 1, from 103
2026-05-15 05:29:02 CartMoveState: IDLE (1) -> FROM_MOVE (3)
2026-05-15 05:29:02 CartMoveState: FROM_MOVE (3) -> FROM_PROBE (19)
2026-05-15 05:29:04 Handler State: PROBE_CART (24) -> PROCESS_CART (6)
2026-05-15 05:29:04 Setting CBS color valve (FillGate): 1
2026-05-15 05:29:05 Primed volume (FillGate): 0.86931
2026-05-15 05:29:05 Re-Calculated Filling Volume: 650
2026-05-15 05:29:05 Setting CBS color valve (FillCart): 1
2026-05-15 05:29:24 Handler State: PROCESS_CART (6) -> EXCHANGE_ONE (7)
2026-05-15 05:29:24 CartMove: Exchange 1, from 103
2026-05-15 05:29:24 CartMoveState: FROM_PROBE (19) -> FROM_CART (4)
2026-05-15 05:29:29 Setting CBS color valve (Finished): 0
2026-05-15 05:29:31 CartMoveState: FROM_CART (4) -> TO_MOVE (10)
2026-05-15 05:29:33 CartMoveState: TO_MOVE (10) -> EXCH_1_WAIT (14)
2026-05-15 05:29:33 Handler State: EXCHANGE_ONE (7) -> START_DCU (8)
2026-05-15 05:30:42 Handler State: START_DCU (8) -> EXCHANGE_TWO (9)
2026-05-15 05:30:42 CartMove: Exchange 2
2026-05-15 05:30:43 CartMoveState: EXCH_1_WAIT (14) -> EXCH_1_CART (15)
2026-05-15 05:30:46 CartMoveState: EXCH_1_CART (15) -> EXCH_2_MOVE (16)
2026-05-15 05:30:47 CartMoveState: EXCH_2_MOVE (16) -> EXCH_2_CART (17)
2026-05-15 05:30:49 CartMoveState: EXCH_2_CART (17) -> STORE_DECIDE (18)
2026-05-15 05:30:49 Used volume for last job: 0
2026-05-15 05:30:49 Handler State: EXCHANGE_TWO (9) -> WAIT_FOR_DCU (10)
2026-05-15 05:30:50 Handler State: WAIT_FOR_DCU (10) -> EXCHANGE_THREE (11)
2026-05-15 05:30:50 CartMove: Exchange 3
2026-05-15 05:30:50 CartMoveState: STORE_DECIDE (18) -> AUX_DECIDE (5)
2026-05-15 05:30:50 CartMoveState: AUX_DECIDE (5) -> TO_MOVE (10)
2026-05-15 05:30:51 CartMoveState: TO_MOVE (10) -> TO_CART (11)
2026-05-15 05:30:53 CartMoveState: TO_CART (11) -> HOME_MOVE (12)
2026-05-15 05:30:54 CartMoveState: HOME_MOVE (12) -> HALT (13)
2026-05-15 05:30:54 CartMoveState: HALT (13) -> IDLE (1)
2026-05-15 05:30:54 Handler State: EXCHANGE_THREE (11) -> POST_PROCESS (12)
2026-05-15 05:30:54 Handler State: POST_PROCESS (12) -> MOVE_ARM_HOME (14)
2026-05-15 05:30:56 Handler State: MOVE_ARM_HOME (14) -> HANDLER_IDLE (1)
2026-05-15 05:36:15 Handler State: HANDLER_IDLE (1) -> SEMI_START (15)
2026-05-15 05:36:15 Handler State: SEMI_START (15) -> SEMI_PROBE_CART (25)
2026-05-15 05:36:18 Handler State: SEMI_PROBE_CART (25) -> SEMI_PROCESS (16)
2026-05-15 05:38:09 Re-Calculated Filling Volume: 0
2026-05-15 05:38:15 Setting CBS color valve (Finished): 0
2026-05-15 05:38:15 Handler State: SEMI_PROCESS (16) -> SEMI_WHAT_NEXT (21)
2026-05-15 05:38:15 Handler State: SEMI_WHAT_NEXT (21) -> SEMI_FINISHED (23)
2026-05-15 05:38:15 Handler State: SEMI_FINISHED (23) -> HANDLER_IDLE (1)
2026-05-15 05:38:25 Handler State: HANDLER_IDLE (1) -> HANDLER_START (2)
2026-05-15 05:38:26 Handler State: HANDLER_START (2) -> EXCHANGE_ONE (7)
2026-05-15 05:38:26 CartMove: Exchange 1, from 0
2026-05-15 05:38:26 CartMoveState: IDLE (1) -> TO_MOVE (10)
2026-05-15 05:38:27 CartMoveState: TO_MOVE (10) -> EXCH_1_WAIT (14)
2026-05-15 05:38:27 Handler State: EXCHANGE_ONE (7) -> START_DCU (8)
2026-05-15 05:38:27 Handler State: START_DCU (8) -> EXCHANGE_TWO (9)
2026-05-15 05:38:27 CartMove: Exchange 2
2026-05-15 05:38:36 CartMoveState: EXCH_1_WAIT (14) -> EXCH_1_CART (15)
2026-05-15 05:38:39 CartMoveState: EXCH_1_CART (15) -> STORE_DECIDE (18)
2026-05-15 05:38:39 Used volume for last job: 0
2026-05-15 05:38:39 Handler State: EXCHANGE_TWO (9) -> WAIT_FOR_DCU (10)
2026-05-15 05:38:40 Handler State: WAIT_FOR_DCU (10) -> EXCHANGE_THREE (11)
2026-05-15 05:38:40 CartMove: Exchange 3
2026-05-15 05:38:40 CartMoveState: STORE_DECIDE (18) -> AUX_DECIDE (5)
2026-05-15 05:38:40 CartMoveState: AUX_DECIDE (5) -> TO_MOVE (10)
2026-05-15 05:38:42 CartMoveState: TO_MOVE (10) -> TO_CART (11)
2026-05-15 05:38:44 CartMoveState: TO_CART (11) -> HOME_MOVE (12)
2026-05-15 05:38:45 CartMoveState: HOME_MOVE (12) -> HALT (13)
2026-05-15 05:38:45 CartMoveState: HALT (13) -> IDLE (1)
2026-05-15 05:38:45 Handler State: EXCHANGE_THREE (11) -> POST_PROCESS (12)
2026-05-15 05:38:45 Handler State: POST_PROCESS (12) -> MOVE_ARM_HOME (14)
2026-05-15 05:38:46 Handler State: MOVE_ARM_HOME (14) -> HANDLER_IDLE (1)
2026-05-15 05:40:06 Handler State: HANDLER_IDLE (1) -> SEMI_START (15)
2026-05-15 05:40:06 Handler State: SEMI_START (15) -> SEMI_TO_STORE (17)
2026-05-15 05:40:06 CartMove: Move, from 103 to 108
2026-05-15 05:40:06 CartMoveState: IDLE (1) -> FROM_MOVE (3)
2026-05-15 05:40:06 CartMoveState: FROM_MOVE (3) -> FROM_CART (4)
2026-05-15 05:40:09 CartMoveState: FROM_CART (4) -> AUX_DECIDE (5)
2026-05-15 05:40:09 CartMoveState: AUX_DECIDE (5) -> TO_MOVE (10)
2026-05-15 05:40:10 CartMoveState: TO_MOVE (10) -> TO_CART (11)
2026-05-15 05:40:12 CartMoveState: TO_CART (11) -> HOME_MOVE (12)
2026-05-15 05:40:14 CartMoveState: HOME_MOVE (12) -> HALT (13)
2026-05-15 05:40:14 CartMoveState: HALT (13) -> IDLE (1)
2026-05-15 05:40:14 Handler State: SEMI_TO_STORE (17) -> SEMI_TO_IFS (18)
2026-05-15 05:40:14 CartMove: Move, from 106 to 103
2026-05-15 05:40:14 CartMoveState: IDLE (1) -> FROM_MOVE (3)
2026-05-15 05:40:15 CartMoveState: FROM_MOVE (3) -> FROM_CART (4)
2026-05-15 05:40:18 CartMoveState: FROM_CART (4) -> AUX_DECIDE (5)
2026-05-15 05:40:18 CartMoveState: AUX_DECIDE (5) -> TO_MOVE (10)
2026-05-15 05:40:20 CartMoveState: TO_MOVE (10) -> TO_CART (11)
2026-05-15 05:40:22 CartMoveState: TO_CART (11) -> HOME_MOVE (12)
2026-05-15 05:40:22 CartMoveState: HOME_MOVE (12) -> HALT (13)
2026-05-15 05:40:22 CartMoveState: HALT (13) -> IDLE (1)
2026-05-15 05:40:22 Handler State: SEMI_TO_IFS (18) -> SEMI_PROBE_CART (25)
2026-05-15 05:40:25 Handler State: SEMI_PROBE_CART (25) -> SEMI_PROCESS (16)
2026-05-15 05:42:19 Re-Calculated Filling Volume: 0
2026-05-15 05:42:25 Setting CBS color valve (Finished): 0
2026-05-15 05:42:25 Handler State: SEMI_PROCESS (16) -> SEMI_FROM_IFS (20)
2026-05-15 05:42:25 CartMove: Move, from 103 to 106
2026-05-15 05:42:25 CartMoveState: IDLE (1) -> FROM_MOVE (3)
2026-05-15 05:42:25 CartMoveState: FROM_MOVE (3) -> FROM_CART (4)
2026-05-15 05:42:27 CartMoveState: FROM_CART (4) -> AUX_DECIDE (5)
2026-05-15 05:42:27 CartMoveState: AUX_DECIDE (5) -> TO_MOVE (10)
2026-05-15 05:42:29 CartMoveState: TO_MOVE (10) -> TO_CART (11)
2026-05-15 05:42:31 CartMoveState: TO_CART (11) -> HOME_MOVE (12)
2026-05-15 05:42:32 CartMoveState: HOME_MOVE (12) -> HALT (13)
2026-05-15 05:42:32 CartMoveState: HALT (13) -> IDLE (1)
2026-05-15 05:42:32 Handler State: SEMI_FROM_IFS (20) -> SEMI_FROM_STORE (19)
2026-05-15 05:42:32 CartMove: Move, from 108 to 103
2026-05-15 05:42:32 CartMoveState: IDLE (1) -> FROM_MOVE (3)
2026-05-15 05:42:34 CartMoveState: FROM_MOVE (3) -> FROM_CART (4)
2026-05-15 05:42:37 CartMoveState: FROM_CART (4) -> AUX_DECIDE (5)
2026-05-15 05:42:37 CartMoveState: AUX_DECIDE (5) -> TO_MOVE (10)
2026-05-15 05:42:38 CartMoveState: TO_MOVE (10) -> TO_CART (11)
2026-05-15 05:42:41 CartMoveState: TO_CART (11) -> HOME_MOVE (12)
2026-05-15 05:42:41 CartMoveState: HOME_MOVE (12) -> HALT (13)
2026-05-15 05:42:41 CartMoveState: HALT (13) -> IDLE (1)
2026-05-15 05:42:41 Handler State: SEMI_FROM_STORE (19) -> SEMI_WHAT_NEXT (21)
2026-05-15 05:42:41 Handler State: SEMI_WHAT_NEXT (21) -> SEMI_FINISHED (23)
2026-05-15 05:42:41 Handler State: SEMI_FINISHED (23) -> HANDLER_IDLE (1)
2026-05-15 05:47:18 Handler State: HANDLER_IDLE (1) -> HANDLER_START (2)
2026-05-15 05:47:19 Handler State: HANDLER_START (2) -> DECIDE_CART (3)
2026-05-15 05:47:19 Selection: IFS is clean and its cartridge is cleaned.
2026-05-15 05:47:19 Selected Primary Cartridge: 1
2026-05-15 05:47:19 Selected Primary Station: 102
2026-05-15 05:47:19 Selected Secondary Cartridge: 0
2026-05-15 05:47:19 Selected Secondary Station: 0
2026-05-15 05:47:19 Selected Filling Volume: 410
2026-05-15 05:47:19 Handler State: DECIDE_CART (3) -> CHECK_SEC_CART (26)
2026-05-15 05:47:19 Handler State: CHECK_SEC_CART (26) -> PROBE_CART (24)
2026-05-15 05:47:19 CartMove: Exchange 1, from 102
2026-05-15 05:47:19 CartMoveState: IDLE (1) -> FROM_MOVE (3)
2026-05-15 05:47:20 CartMoveState: FROM_MOVE (3) -> FROM_PROBE (19)
2026-05-15 05:47:22 Handler State: PROBE_CART (24) -> PROCESS_CART (6)
2026-05-15 05:47:22 Setting CBS color valve (FillIFS): 1
2026-05-15 05:47:23 Primed volume (FillIFS): 1.46532
2026-05-15 05:47:23 Re-Calculated Filling Volume: 410
2026-05-15 05:47:23 Setting CBS color valve (FillCart): 1
2026-05-15 05:47:42 Handler State: PROCESS_CART (6) -> EXCHANGE_ONE (7)
2026-05-15 05:47:42 CartMove: Exchange 1, from 102
2026-05-15 05:47:42 CartMoveState: FROM_PROBE (19) -> FROM_CART (4)
2026-05-15 05:47:49 Setting CBS color valve (Finished): 0
2026-05-15 05:47:51 CartMoveState: FROM_CART (4) -> TO_MOVE (10)
2026-05-15 05:47:51 CartMoveState: TO_MOVE (10) -> EXCH_1_WAIT (14)
2026-05-15 05:47:51 Handler State: EXCHANGE_ONE (7) -> START_DCU (8)
2026-05-15 05:47:52 Handler State: START_DCU (8) -> EXCHANGE_TWO (9)
2026-05-15 05:47:52 CartMove: Exchange 2
2026-05-15 05:47:52 CartMoveState: EXCH_1_WAIT (14) -> EXCH_1_CART (15)
2026-05-15 05:47:54 CartMoveState: EXCH_1_CART (15) -> EXCH_2_MOVE (16)
2026-05-15 05:47:55 CartMoveState: EXCH_2_MOVE (16) -> EXCH_2_CART (17)
2026-05-15 05:47:57 CartMoveState: EXCH_2_CART (17) -> HOME_MOVE (12)
2026-05-15 05:47:57 Handler State: EXCHANGE_TWO (9) -> WAIT_FOR_DCU (10)
2026-05-15 05:47:58 Handler State: WAIT_FOR_DCU (10) -> EXCHANGE_THREE (11)
2026-05-15 05:47:58 CartMove: Exchange 3
2026-05-15 05:47:58 CartMoveState: HOME_MOVE (12) -> HALT (13)
2026-05-15 05:47:58 CartMoveState: HALT (13) -> IDLE (1)
2026-05-15 05:47:58 Handler State: EXCHANGE_THREE (11) -> POST_PROCESS (12)
2026-05-15 05:47:58 Handler State: POST_PROCESS (12) -> MOVE_ARM_HOME (14)
2026-05-15 05:48:01 Handler State: MOVE_ARM_HOME (14) -> HANDLER_IDLE (1)
2026-05-15 05:52:45 Handler State: HANDLER_IDLE (1) -> HANDLER_START (2)
2026-05-15 05:52:46 Handler State: HANDLER_START (2) -> DECIDE_CART (3)
2026-05-15 05:52:46 Selection: IFS has correct material.
2026-05-15 05:52:46 Selection: Cartridge is clean.
2026-05-15 05:52:47 Selected Primary Cartridge: 4
2026-05-15 05:52:47 Selected Primary Station: 102
2026-05-15 05:52:47 Selected Secondary Cartridge: 0
2026-05-15 05:52:47 Selected Secondary Station: 0
2026-05-15 05:52:47 Selected Filling Volume: 348
2026-05-15 05:52:47 Handler State: DECIDE_CART (3) -> PLACE_CART (5)
2026-05-15 05:52:47 CartMove: Move, from 105 to 102
2026-05-15 05:52:47 CartMoveState: IDLE (1) -> FROM_MOVE (3)
2026-05-15 05:52:48 CartMoveState: FROM_MOVE (3) -> FROM_CART (4)
2026-05-15 05:52:50 CartMoveState: FROM_CART (4) -> AUX_DECIDE (5)
2026-05-15 05:52:50 CartMoveState: AUX_DECIDE (5) -> TO_MOVE (10)
2026-05-15 05:52:52 CartMoveState: TO_MOVE (10) -> TO_CART (11)
2026-05-15 05:52:54 CartMoveState: TO_CART (11) -> HOME_MOVE (12)
2026-05-15 05:52:55 CartMoveState: HOME_MOVE (12) -> HALT (13)
2026-05-15 05:52:55 CartMoveState: HALT (13) -> IDLE (1)
2026-05-15 05:52:55 Handler State: PLACE_CART (5) -> CHECK_SEC_CART (26)
2026-05-15 05:52:55 Handler State: CHECK_SEC_CART (26) -> PROBE_CART (24)
2026-05-15 05:52:55 CartMove: Exchange 1, from 102
2026-05-15 05:52:55 CartMoveState: IDLE (1) -> FROM_MOVE (3)
2026-05-15 05:52:56 CartMoveState: FROM_MOVE (3) -> FROM_PROBE (19)
2026-05-15 05:52:58 Handler State: PROBE_CART (24) -> PROCESS_CART (6)
2026-05-15 05:52:58 Setting CBS color valve (FillGate): 1
2026-05-15 05:52:59 Primed volume (FillGate): 1.37029
2026-05-15 05:52:59 Re-Calculated Filling Volume: 348
2026-05-15 05:52:59 Setting CBS color valve (FillCart): 1
2026-05-15 05:53:11 Handler State: PROCESS_CART (6) -> EXCHANGE_ONE (7)
2026-05-15 05:53:11 CartMove: Exchange 1, from 102
2026-05-15 05:53:11 CartMoveState: FROM_PROBE (19) -> FROM_CART (4)
2026-05-15 05:53:18 Setting CBS color valve (Finished): 0
2026-05-15 05:53:20 CartMoveState: FROM_CART (4) -> TO_MOVE (10)
2026-05-15 05:53:20 CartMoveState: TO_MOVE (10) -> EXCH_1_WAIT (14)
2026-05-15 05:53:21 Handler State: EXCHANGE_ONE (7) -> START_DCU (8)
2026-05-15 05:54:33 Handler State: START_DCU (8) -> EXCHANGE_TWO (9)
2026-05-15 05:54:33 CartMove: Exchange 2
2026-05-15 05:54:35 CartMoveState: EXCH_1_WAIT (14) -> EXCH_1_CART (15)
2026-05-15 05:54:37 CartMoveState: EXCH_1_CART (15) -> EXCH_2_MOVE (16)
2026-05-15 05:54:38 CartMoveState: EXCH_2_MOVE (16) -> EXCH_2_CART (17)
2026-05-15 05:54:40 CartMoveState: EXCH_2_CART (17) -> STORE_DECIDE (18)
2026-05-15 05:54:40 Used volume for last job: 0
2026-05-15 05:54:40 Handler State: EXCHANGE_TWO (9) -> WAIT_FOR_DCU (10)
2026-05-15 05:54:42 Handler State: WAIT_FOR_DCU (10) -> EXCHANGE_THREE (11)
2026-05-15 05:54:42 CartMove: Exchange 3
2026-05-15 05:54:42 CartMoveState: STORE_DECIDE (18) -> AUX_DECIDE (5)
2026-05-15 05:54:42 CartMoveState: AUX_DECIDE (5) -> TO_MOVE (10)
2026-05-15 05:54:42 CartMoveState: TO_MOVE (10) -> TO_CART (11)
2026-05-15 05:54:44 CartMoveState: TO_CART (11) -> HOME_MOVE (12)
2026-05-15 05:54:44 CartMoveState: HOME_MOVE (12) -> HALT (13)
2026-05-15 05:54:44 CartMoveState: HALT (13) -> IDLE (1)
2026-05-15 05:54:44 Handler State: EXCHANGE_THREE (11) -> POST_PROCESS (12)
2026-05-15 05:54:44 Handler State: POST_PROCESS (12) -> MOVE_ARM_HOME (14)
2026-05-15 05:54:44 Handler State: MOVE_ARM_HOME (14) -> HANDLER_IDLE (1)
2026-05-15 05:54:51 Handler State: HANDLER_IDLE (1) -> HANDLER_START (2)
2026-05-15 05:54:52 Handler State: HANDLER_START (2) -> DECIDE_CART (3)
2026-05-15 05:54:52 Selection: Last resort, just pick the first IFS.
2026-05-15 05:54:52 Selection: Last resort, just pick the first cartridge.
2026-05-15 05:54:52 Selected Primary Cartridge: 1
2026-05-15 05:54:52 Selected Primary Station: 102
2026-05-15 05:54:52 Selected Secondary Cartridge: 0
2026-05-15 05:54:52 Selected Secondary Station: 0
2026-05-15 05:54:52 Selected Filling Volume: 369
2026-05-15 05:54:52 Handler State: DECIDE_CART (3) -> CHECK_SEC_CART (26)
2026-05-15 05:54:52 Handler State: CHECK_SEC_CART (26) -> PROBE_CART (24)
2026-05-15 05:54:52 CartMove: Exchange 1, from 102
2026-05-15 05:54:52 CartMoveState: IDLE (1) -> FROM_MOVE (3)
2026-05-15 05:54:53 CartMoveState: FROM_MOVE (3) -> FROM_PROBE (19)
2026-05-15 05:54:54 Handler State: PROBE_CART (24) -> PROCESS_CART (6)
2026-05-15 05:55:31 Setting CBS color valve (FillIFS): 2
2026-05-15 05:55:32 Primed volume (FillIFS): 1.42312
2026-05-15 05:55:32 Re-Calculated Filling Volume: 369
2026-05-15 05:55:32 Setting CBS color valve (FillCart): 2
2026-05-15 05:55:50 Handler State: PROCESS_CART (6) -> EXCHANGE_ONE (7)
2026-05-15 05:55:50 CartMove: Exchange 1, from 102
2026-05-15 05:55:50 CartMoveState: FROM_PROBE (19) -> FROM_CART (4)
2026-05-15 05:55:57 Setting CBS color valve (Finished): 0
2026-05-15 05:55:58 CartMoveState: FROM_CART (4) -> TO_MOVE (10)
2026-05-15 05:55:59 CartMoveState: TO_MOVE (10) -> EXCH_1_WAIT (14)
2026-05-15 05:55:59 Handler State: EXCHANGE_ONE (7) -> START_DCU (8)
2026-05-15 05:56:14 Handler State: START_DCU (8) -> EXCHANGE_TWO (9)
2026-05-15 05:56:14 CartMove: Exchange 2
2026-05-15 05:56:25 CartMoveState: EXCH_1_WAIT (14) -> EXCH_1_CART (15)
2026-05-15 05:56:28 CartMoveState: EXCH_1_CART (15) -> EXCH_2_MOVE (16)
2026-05-15 05:56:29 CartMoveState: EXCH_2_MOVE (16) -> EXCH_2_CART (17)
2026-05-15 05:56:31 CartMoveState: EXCH_2_CART (17) -> STORE_DECIDE (18)
2026-05-15 05:56:31 Used volume for last job: 295.629
2026-05-15 05:56:31 Handler State: EXCHANGE_TWO (9) -> WAIT_FOR_DCU (10)
2026-05-15 05:56:33 Handler State: WAIT_FOR_DCU (10) -> EXCHANGE_THREE (11)
2026-05-15 05:56:33 CartMove: Exchange 3
2026-05-15 05:56:33 CartMoveState: STORE_DECIDE (18) -> AUX_DECIDE (5)
2026-05-15 05:56:33 CartMoveState: AUX_DECIDE (5) -> TO_MOVE (10)
2026-05-15 05:56:33 CartMoveState: TO_MOVE (10) -> TO_CART (11)
2026-05-15 05:56:35 CartMoveState: TO_CART (11) -> HOME_MOVE (12)
2026-05-15 05:56:35 CartMoveState: HOME_MOVE (12) -> HALT (13)
2026-05-15 05:56:35 CartMoveState: HALT (13) -> IDLE (1)
2026-05-15 05:56:35 Handler State: EXCHANGE_THREE (11) -> POST_PROCESS (12)
2026-05-15 05:56:35 Handler State: POST_PROCESS (12) -> MOVE_ARM_HOME (14)
2026-05-15 05:56:35 Handler State: MOVE_ARM_HOME (14) -> HANDLER_IDLE (1)
2026-05-15 05:56:50 Handler State: HANDLER_IDLE (1) -> HANDLER_START (2)
2026-05-15 05:56:51 Handler State: HANDLER_START (2) -> DECIDE_CART (3)
2026-05-15 05:56:51 Selection: IFS is clean and its cartridge is cleaned.
2026-05-15 05:56:51 Selected Primary Cartridge: 6
2026-05-15 05:56:51 Selected Primary Station: 104
2026-05-15 05:56:51 Selected Secondary Cartridge: 0
2026-05-15 05:56:51 Selected Secondary Station: 0
2026-05-15 05:56:51 Selected Filling Volume: 436
2026-05-15 05:56:51 Handler State: DECIDE_CART (3) -> CHECK_SEC_CART (26)
2026-05-15 05:56:51 Handler State: CHECK_SEC_CART (26) -> PROBE_CART (24)
2026-05-15 05:56:51 CartMove: Exchange 1, from 104
2026-05-15 05:56:51 CartMoveState: IDLE (1) -> FROM_MOVE (3)
2026-05-15 05:56:52 CartMoveState: FROM_MOVE (3) -> FROM_PROBE (19)
2026-05-15 05:56:54 Handler State: PROBE_CART (24) -> PROCESS_CART (6)
2026-05-15 05:56:54 Setting CBS color valve (FillIFS): 1
2026-05-15 05:56:56 Primed volume (FillIFS): 1.04319
2026-05-15 05:56:56 Re-Calculated Filling Volume: 436
2026-05-15 05:56:56 Setting CBS color valve (FillCart): 1
2026-05-15 05:57:19 Handler State: PROCESS_CART (6) -> EXCHANGE_ONE (7)
2026-05-15 05:57:19 CartMove: Exchange 1, from 104
2026-05-15 05:57:19 CartMoveState: FROM_PROBE (19) -> FROM_CART (4)
2026-05-15 05:57:24 Setting CBS color valve (Finished): 0
2026-05-15 05:57:26 CartMoveState: FROM_CART (4) -> TO_MOVE (10)
2026-05-15 05:57:28 CartMoveState: TO_MOVE (10) -> EXCH_1_WAIT (14)
2026-05-15 05:57:28 Handler State: EXCHANGE_ONE (7) -> START_DCU (8)
2026-05-15 06:00:34 Handler State: START_DCU (8) -> EXCHANGE_TWO (9)
2026-05-15 06:00:34 CartMove: Exchange 2
2026-05-15 06:00:46 CartMoveState: EXCH_1_WAIT (14) -> EXCH_1_CART (15)
2026-05-15 06:00:49 CartMoveState: EXCH_1_CART (15) -> EXCH_2_MOVE (16)
2026-05-15 06:00:50 CartMoveState: EXCH_2_MOVE (16) -> EXCH_2_CART (17)
2026-05-15 06:00:52 CartMoveState: EXCH_2_CART (17) -> STORE_DECIDE (18)
2026-05-15 06:00:52 Used volume for last job: 299.854
2026-05-15 06:00:52 Handler State: EXCHANGE_TWO (9) -> WAIT_FOR_DCU (10)
2026-05-15 06:00:53 Handler State: WAIT_FOR_DCU (10) -> EXCHANGE_THREE (11)
2026-05-15 06:00:54 CartMove: Exchange 3
2026-05-15 06:00:54 CartMoveState: STORE_DECIDE (18) -> AUX_DECIDE (5)
2026-05-15 06:00:54 CartMoveState: AUX_DECIDE (5) -> TO_MOVE (10)
2026-05-15 06:00:55 CartMoveState: TO_MOVE (10) -> TO_CART (11)
2026-05-15 06:00:57 CartMoveState: TO_CART (11) -> HOME_MOVE (12)
2026-05-15 06:00:59 CartMoveState: HOME_MOVE (12) -> HALT (13)
2026-05-15 06:00:59 CartMoveState: HALT (13) -> IDLE (1)
2026-05-15 06:00:59 Handler State: EXCHANGE_THREE (11) -> POST_PROCESS (12)
2026-05-15 06:00:59 Handler State: POST_PROCESS (12) -> MOVE_ARM_HOME (14)
2026-05-15 06:00:59 Handler State: MOVE_ARM_HOME (14) -> HANDLER_IDLE (1)
2026-05-15 06:02:05 Handler State: HANDLER_IDLE (1) -> HANDLER_START (2)
2026-05-15 06:02:06 Handler State: HANDLER_START (2) -> DECIDE_CART (3)
2026-05-15 06:02:06 Selection: IFS has correct material.
2026-05-15 06:02:06 Selection: Cartridge is clean.
2026-05-15 06:02:06 Selected Primary Cartridge: 3
2026-05-15 06:02:06 Selected Primary Station: 104
2026-05-15 06:02:06 Selected Secondary Cartridge: 0
2026-05-15 06:02:06 Selected Secondary Station: 0
2026-05-15 06:02:06 Selected Filling Volume: 477
2026-05-15 06:02:06 Handler State: DECIDE_CART (3) -> PLACE_CART (5)
2026-05-15 06:02:06 CartMove: Move, from 107 to 104
2026-05-15 06:02:06 CartMoveState: IDLE (1) -> FROM_MOVE (3)
2026-05-15 06:02:07 CartMoveState: FROM_MOVE (3) -> FROM_CART (4)
2026-05-15 06:02:10 CartMoveState: FROM_CART (4) -> AUX_DECIDE (5)
2026-05-15 06:02:10 CartMoveState: AUX_DECIDE (5) -> TO_MOVE (10)
2026-05-15 06:02:12 CartMoveState: TO_MOVE (10) -> TO_CART (11)
2026-05-15 06:02:14 CartMoveState: TO_CART (11) -> HOME_MOVE (12)
2026-05-15 06:02:15 CartMoveState: HOME_MOVE (12) -> HALT (13)
2026-05-15 06:02:15 CartMoveState: HALT (13) -> IDLE (1)
2026-05-15 06:02:15 Handler State: PLACE_CART (5) -> CHECK_SEC_CART (26)
2026-05-15 06:02:15 Handler State: CHECK_SEC_CART (26) -> PROBE_CART (24)
2026-05-15 06:02:15 CartMove: Exchange 1, from 104
2026-05-15 06:02:15 CartMoveState: IDLE (1) -> FROM_MOVE (3)
2026-05-15 06:02:16 CartMoveState: FROM_MOVE (3) -> FROM_PROBE (19)
2026-05-15 06:02:17 Handler State: PROBE_CART (24) -> PROCESS_CART (6)
2026-05-15 06:02:17 Setting CBS color valve (FillGate): 1
2026-05-15 06:02:18 Primed volume (FillGate): 0.733425
2026-05-15 06:02:18 Re-Calculated Filling Volume: 477
2026-05-15 06:02:18 Setting CBS color valve (FillCart): 1
2026-05-15 06:02:41 Handler State: PROCESS_CART (6) -> EXCHANGE_ONE (7)
2026-05-15 06:02:41 CartMove: Exchange 1, from 104
2026-05-15 06:02:41 CartMoveState: FROM_PROBE (19) -> FROM_CART (4)
2026-05-15 06:02:46 Setting CBS color valve (Finished): 0
2026-05-15 06:02:48 CartMoveState: FROM_CART (4) -> TO_MOVE (10)
2026-05-15 06:02:50 CartMoveState: TO_MOVE (10) -> EXCH_1_WAIT (14)
2026-05-15 06:02:50 Handler State: EXCHANGE_ONE (7) -> START_DCU (8)
2026-05-15 06:04:00 Handler State: START_DCU (8) -> EXCHANGE_TWO (9)
2026-05-15 06:04:00 CartMove: Exchange 2
2026-05-15 06:04:01 CartMoveState: EXCH_1_WAIT (14) -> EXCH_1_CART (15)
2026-05-15 06:04:04 CartMoveState: EXCH_1_CART (15) -> EXCH_2_MOVE (16)
2026-05-15 06:04:05 CartMoveState: EXCH_2_MOVE (16) -> EXCH_2_CART (17)
2026-05-15 06:04:07 CartMoveState: EXCH_2_CART (17) -> STORE_DECIDE (18)
2026-05-15 06:04:07 Used volume for last job: 0
2026-05-15 06:04:07 Handler State: EXCHANGE_TWO (9) -> WAIT_FOR_DCU (10)
2026-05-15 06:04:08 Handler State: WAIT_FOR_DCU (10) -> EXCHANGE_THREE (11)
2026-05-15 06:04:08 CartMove: Exchange 3
2026-05-15 06:04:09 CartMoveState: STORE_DECIDE (18) -> AUX_DECIDE (5)
2026-05-15 06:04:09 CartMoveState: AUX_DECIDE (5) -> TO_MOVE (10)
2026-05-15 06:04:09 CartMoveState: TO_MOVE (10) -> TO_CART (11)
2026-05-15 06:04:12 CartMoveState: TO_CART (11) -> HOME_MOVE (12)
2026-05-15 06:04:13 CartMoveState: HOME_MOVE (12) -> HALT (13)
2026-05-15 06:04:13 CartMoveState: HALT (13) -> IDLE (1)
2026-05-15 06:04:13 Handler State: EXCHANGE_THREE (11) -> POST_PROCESS (12)
2026-05-15 06:04:13 Handler State: POST_PROCESS (12) -> MOVE_ARM_HOME (14)
2026-05-15 06:04:13 Handler State: MOVE_ARM_HOME (14) -> HANDLER_IDLE (1)
2026-05-15 06:08:12 Handler State: HANDLER_IDLE (1) -> HANDLER_START (2)
2026-05-15 06:08:13 Handler State: HANDLER_START (2) -> DECIDE_CART (3)
2026-05-15 06:08:13 Selection: IFS is clean and its cartridge is cleaned.
2026-05-15 06:08:13 Selected Primary Cartridge: 2
2026-05-15 06:08:13 Selected Primary Station: 103
2026-05-15 06:08:13 Selected Secondary Cartridge: 0
2026-05-15 06:08:13 Selected Secondary Station: 0
2026-05-15 06:08:13 Selected Filling Volume: 124
2026-05-15 06:08:13 Handler State: DECIDE_CART (3) -> CHECK_SEC_CART (26)
2026-05-15 06:08:13 Handler State: CHECK_SEC_CART (26) -> PROBE_CART (24)
2026-05-15 06:08:13 CartMove: Exchange 1, from 103
2026-05-15 06:08:13 CartMoveState: IDLE (1) -> FROM_MOVE (3)
2026-05-15 06:08:13 CartMoveState: FROM_MOVE (3) -> FROM_PROBE (19)
2026-05-15 06:08:15 Handler State: PROBE_CART (24) -> PROCESS_CART (6)
2026-05-15 06:08:15 Setting CBS color valve (FillIFS): 1
2026-05-15 06:08:17 Primed volume (FillIFS): 1.59613
2026-05-15 06:08:17 Re-Calculated Filling Volume: 124
2026-05-15 06:08:17 Setting CBS color valve (FillCart): 1
2026-05-15 06:08:29 Handler State: PROCESS_CART (6) -> EXCHANGE_ONE (7)
2026-05-15 06:08:29 CartMove: Exchange 1, from 103
2026-05-15 06:08:29 CartMoveState: FROM_PROBE (19) -> FROM_CART (4)
2026-05-15 06:08:35 Setting CBS color valve (Finished): 0
2026-05-15 06:08:37 CartMoveState: FROM_CART (4) -> TO_MOVE (10)
2026-05-15 06:08:38 CartMoveState: TO_MOVE (10) -> EXCH_1_WAIT (14)
2026-05-15 06:08:38 Handler State: EXCHANGE_ONE (7) -> START_DCU (8)
2026-05-15 06:08:39 Handler State: START_DCU (8) -> EXCHANGE_TWO (9)
2026-05-15 06:08:39 CartMove: Exchange 2
2026-05-15 06:08:39 CartMoveState: EXCH_1_WAIT (14) -> EXCH_1_CART (15)
2026-05-15 06:08:41 CartMoveState: EXCH_1_CART (15) -> EXCH_2_MOVE (16)
2026-05-15 06:08:43 CartMoveState: EXCH_2_MOVE (16) -> EXCH_2_CART (17)
2026-05-15 06:08:45 CartMoveState: EXCH_2_CART (17) -> STORE_DECIDE (18)
2026-05-15 06:08:45 Used volume for last job: 425.174
2026-05-15 06:08:45 Handler State: EXCHANGE_TWO (9) -> WAIT_FOR_DCU (10)
2026-05-15 06:08:46 Handler State: WAIT_FOR_DCU (10) -> EXCHANGE_THREE (11)
2026-05-15 06:08:46 CartMove: Exchange 3
2026-05-15 06:08:46 CartMoveState: STORE_DECIDE (18) -> AUX_DECIDE (5)
2026-05-15 06:08:46 CartMoveState: AUX_DECIDE (5) -> TO_MOVE (10)
2026-05-15 06:08:48 CartMoveState: TO_MOVE (10) -> TO_CART (11)
2026-05-15 06:08:50 CartMoveState: TO_CART (11) -> HOME_MOVE (12)
2026-05-15 06:08:52 CartMoveState: HOME_MOVE (12) -> HALT (13)
2026-05-15 06:08:52 CartMoveState: HALT (13) -> IDLE (1)
2026-05-15 06:08:52 Handler State: EXCHANGE_THREE (11) -> POST_PROCESS (12)
2026-05-15 06:08:52 Handler State: POST_PROCESS (12) -> MOVE_ARM_HOME (14)
2026-05-15 06:08:52 Handler State: MOVE_ARM_HOME (14) -> HANDLER_IDLE (1)
2026-05-15 06:10:28 Handler State: HANDLER_IDLE (1) -> HANDLER_START (2)
2026-05-15 06:10:29 Handler State: HANDLER_START (2) -> DECIDE_CART (3)
2026-05-15 06:10:29 Selection: IFS has correct material.
2026-05-15 06:10:29 Selection: Cartridge is clean.
2026-05-15 06:10:29 Selected Primary Cartridge: 5
2026-05-15 06:10:29 Selected Primary Station: 103
2026-05-15 06:10:29 Selected Secondary Cartridge: 0
2026-05-15 06:10:29 Selected Secondary Station: 0
2026-05-15 06:10:29 Selected Filling Volume: 61
2026-05-15 06:10:29 Handler State: DECIDE_CART (3) -> PLACE_CART (5)
2026-05-15 06:10:29 CartMove: Move, from 106 to 103
2026-05-15 06:10:29 CartMoveState: IDLE (1) -> FROM_MOVE (3)
2026-05-15 06:10:30 CartMoveState: FROM_MOVE (3) -> FROM_CART (4)
2026-05-15 06:10:33 CartMoveState: FROM_CART (4) -> AUX_DECIDE (5)
2026-05-15 06:10:33 CartMoveState: AUX_DECIDE (5) -> TO_MOVE (10)
2026-05-15 06:10:35 CartMoveState: TO_MOVE (10) -> TO_CART (11)
2026-05-15 06:10:37 CartMoveState: TO_CART (11) -> HOME_MOVE (12)
2026-05-15 06:10:37 CartMoveState: HOME_MOVE (12) -> HALT (13)
2026-05-15 06:10:37 CartMoveState: HALT (13) -> IDLE (1)
2026-05-15 06:10:37 Handler State: PLACE_CART (5) -> CHECK_SEC_CART (26)
2026-05-15 06:10:37 Handler State: CHECK_SEC_CART (26) -> PROBE_CART (24)
2026-05-15 06:10:37 CartMove: Exchange 1, from 103
2026-05-15 06:10:37 CartMoveState: IDLE (1) -> FROM_MOVE (3)
2026-05-15 06:10:37 CartMoveState: FROM_MOVE (3) -> FROM_PROBE (19)
2026-05-15 06:10:39 Handler State: PROBE_CART (24) -> PROCESS_CART (6)
2026-05-15 06:10:39 Setting CBS color valve (FillGate): 1
2026-05-15 06:10:40 Primed volume (FillGate): 1.14341
2026-05-15 06:10:40 Re-Calculated Filling Volume: 61
2026-05-15 06:10:40 Setting CBS color valve (FillCart): 1
2026-05-15 06:10:51 Handler State: PROCESS_CART (6) -> EXCHANGE_ONE (7)
2026-05-15 06:10:51 CartMove: Exchange 1, from 103
2026-05-15 06:10:51 CartMoveState: FROM_PROBE (19) -> FROM_CART (4)
2026-05-15 06:10:57 Setting CBS color valve (Finished): 0
2026-05-15 06:10:59 CartMoveState: FROM_CART (4) -> TO_MOVE (10)
2026-05-15 06:11:00 CartMoveState: TO_MOVE (10) -> EXCH_1_WAIT (14)
2026-05-15 06:11:00 Handler State: EXCHANGE_ONE (7) -> START_DCU (8)
2026-05-15 06:11:07 Handler State: START_DCU (8) -> EXCHANGE_TWO (9)
2026-05-15 06:11:07 CartMove: Exchange 2
2026-05-15 06:11:08 CartMoveState: EXCH_1_WAIT (14) -> EXCH_1_CART (15)
2026-05-15 06:11:11 CartMoveState: EXCH_1_CART (15) -> EXCH_2_MOVE (16)
2026-05-15 06:11:12 CartMoveState: EXCH_2_MOVE (16) -> EXCH_2_CART (17)
2026-05-15 06:11:14 CartMoveState: EXCH_2_CART (17) -> STORE_DECIDE (18)
2026-05-15 06:11:14 Used volume for last job: 0
2026-05-15 06:11:14 Handler State: EXCHANGE_TWO (9) -> WAIT_FOR_DCU (10)
2026-05-15 06:11:15 Handler State: WAIT_FOR_DCU (10) -> EXCHANGE_THREE (11)
2026-05-15 06:11:16 CartMove: Exchange 3
2026-05-15 06:11:16 CartMoveState: STORE_DECIDE (18) -> AUX_DECIDE (5)
2026-05-15 06:11:16 CartMoveState: AUX_DECIDE (5) -> TO_MOVE (10)
2026-05-15 06:11:16 CartMoveState: TO_MOVE (10) -> TO_CART (11)
2026-05-15 06:11:19 CartMoveState: TO_CART (11) -> HOME_MOVE (12)
2026-05-15 06:11:19 CartMoveState: HOME_MOVE (12) -> HALT (13)
2026-05-15 06:11:19 CartMoveState: HALT (13) -> IDLE (1)
2026-05-15 06:11:19 Handler State: EXCHANGE_THREE (11) -> POST_PROCESS (12)
2026-05-15 06:11:19 Handler State: POST_PROCESS (12) -> MOVE_ARM_HOME (14)
2026-05-15 06:11:20 Handler State: MOVE_ARM_HOME (14) -> HANDLER_IDLE (1)
2026-05-15 06:12:16 Handler State: HANDLER_IDLE (1) -> SEMI_START (15)
2026-05-15 06:12:16 Handler State: SEMI_START (15) -> SEMI_PROBE_CART (25)
2026-05-15 06:12:19 Handler State: SEMI_PROBE_CART (25) -> SEMI_PROCESS (16)
2026-05-15 06:12:52 Re-Calculated Filling Volume: 0
2026-05-15 06:12:57 Setting CBS color valve (Finished): 0
2026-05-15 06:12:57 Handler State: SEMI_PROCESS (16) -> SEMI_WHAT_NEXT (21)
2026-05-15 06:12:57 Handler State: SEMI_WHAT_NEXT (21) -> SEMI_FINISHED (23)
2026-05-15 06:12:57 Handler State: SEMI_FINISHED (23) -> HANDLER_IDLE (1)
2026-05-15 06:14:52 Handler State: HANDLER_IDLE (1) -> HANDLER_START (2)
2026-05-15 06:14:53 Handler State: HANDLER_START (2) -> DECIDE_CART (3)
2026-05-15 06:14:53 Selection: IFS is clean and its cartridge is cleaned.
2026-05-15 06:14:53 Selected Primary Cartridge: 2
2026-05-15 06:14:53 Selected Primary Station: 103
2026-05-15 06:14:53 Selected Secondary Cartridge: 0
2026-05-15 06:14:53 Selected Secondary Station: 0
2026-05-15 06:14:53 Selected Filling Volume: 50
2026-05-15 06:14:53 Handler State: DECIDE_CART (3) -> CHECK_SEC_CART (26)
2026-05-15 06:14:53 Handler State: CHECK_SEC_CART (26) -> PROBE_CART (24)
2026-05-15 06:14:53 CartMove: Exchange 1, from 103
2026-05-15 06:14:53 CartMoveState: IDLE (1) -> FROM_MOVE (3)
2026-05-15 06:14:53 CartMoveState: FROM_MOVE (3) -> FROM_PROBE (19)
2026-05-15 06:14:55 Handler State: PROBE_CART (24) -> PROCESS_CART (6)
2026-05-15 06:14:55 Setting CBS color valve (FillIFS): 2
2026-05-15 06:14:56 Primed volume (FillIFS): 1.98924
2026-05-15 06:14:56 Re-Calculated Filling Volume: 50
2026-05-15 06:14:56 Setting CBS color valve (FillCart): 2
2026-05-15 06:15:07 Handler State: PROCESS_CART (6) -> EXCHANGE_ONE (7)
2026-05-15 06:15:07 CartMove: Exchange 1, from 103
2026-05-15 06:15:07 CartMoveState: FROM_PROBE (19) -> FROM_CART (4)
2026-05-15 06:15:12 Setting CBS color valve (Finished): 0
2026-05-15 06:15:14 CartMoveState: FROM_CART (4) -> TO_MOVE (10)
2026-05-15 06:15:16 CartMoveState: TO_MOVE (10) -> EXCH_1_WAIT (14)
2026-05-15 06:15:16 Handler State: EXCHANGE_ONE (7) -> START_DCU (8)
2026-05-15 06:15:16 Handler State: START_DCU (8) -> EXCHANGE_TWO (9)
2026-05-15 06:15:16 CartMove: Exchange 2
2026-05-15 06:15:16 CartMoveState: EXCH_1_WAIT (14) -> EXCH_1_CART (15)
2026-05-15 06:15:19 CartMoveState: EXCH_1_CART (15) -> EXCH_2_MOVE (16)
2026-05-15 06:15:20 CartMoveState: EXCH_2_MOVE (16) -> EXCH_2_CART (17)
2026-05-15 06:15:22 CartMoveState: EXCH_2_CART (17) -> STORE_DECIDE (18)
2026-05-15 06:15:22 Used volume for last job: 11.4624
2026-05-15 06:15:22 Handler State: EXCHANGE_TWO (9) -> WAIT_FOR_DCU (10)
2026-05-15 06:15:24 Handler State: WAIT_FOR_DCU (10) -> EXCHANGE_THREE (11)
2026-05-15 06:15:24 CartMove: Exchange 3
2026-05-15 06:15:24 CartMoveState: STORE_DECIDE (18) -> AUX_DECIDE (5)
2026-05-15 06:15:24 CartMoveState: AUX_DECIDE (5) -> TO_MOVE (10)
2026-05-15 06:15:24 CartMoveState: TO_MOVE (10) -> TO_CART (11)
2026-05-15 06:15:27 CartMoveState: TO_CART (11) -> HOME_MOVE (12)
2026-05-15 06:15:27 CartMoveState: HOME_MOVE (12) -> HALT (13)
2026-05-15 06:15:27 CartMoveState: HALT (13) -> IDLE (1)
2026-05-15 06:15:27 Handler State: EXCHANGE_THREE (11) -> POST_PROCESS (12)
2026-05-15 06:15:27 Handler State: POST_PROCESS (12) -> MOVE_ARM_HOME (14)
2026-05-15 06:15:28 Handler State: MOVE_ARM_HOME (14) -> HANDLER_IDLE (1)
2026-05-15 06:16:49 Handler State: HANDLER_IDLE (1) -> HANDLER_START (2)
2026-05-15 06:16:50 Handler State: HANDLER_START (2) -> DECIDE_CART (3)
2026-05-15 06:16:50 Selection: IFS has correct material.
2026-05-15 06:16:50 Selection: Last resort, just pick the first cartridge.
2026-05-15 06:16:50 Selected Primary Cartridge: 5
2026-05-15 06:16:50 Selected Primary Station: 103
2026-05-15 06:16:50 Selected Secondary Cartridge: 0
2026-05-15 06:16:50 Selected Secondary Station: 0
2026-05-15 06:16:50 Selected Filling Volume: 204
2026-05-15 06:16:50 Handler State: DECIDE_CART (3) -> CHECK_SEC_CART (26)
2026-05-15 06:16:50 Handler State: CHECK_SEC_CART (26) -> PROBE_CART (24)
2026-05-15 06:16:50 CartMove: Exchange 1, from 103
2026-05-15 06:16:50 CartMoveState: IDLE (1) -> FROM_MOVE (3)
2026-05-15 06:16:50 CartMoveState: FROM_MOVE (3) -> FROM_PROBE (19)
2026-05-15 06:16:52 Handler State: PROBE_CART (24) -> PROCESS_CART (6)
2026-05-15 06:17:22 Setting CBS color valve (FillGate): 2
2026-05-15 06:17:23 Primed volume (FillGate): 1.66597
2026-05-15 06:17:23 Re-Calculated Filling Volume: 204
2026-05-15 06:17:23 Setting CBS color valve (FillCart): 2
2026-05-15 06:17:37 Handler State: PROCESS_CART (6) -> EXCHANGE_ONE (7)
2026-05-15 06:17:37 CartMove: Exchange 1, from 103
2026-05-15 06:17:37 CartMoveState: FROM_PROBE (19) -> FROM_CART (4)
2026-05-15 06:17:43 Setting CBS color valve (Finished): 0
2026-05-15 06:17:45 CartMoveState: FROM_CART (4) -> TO_MOVE (10)
2026-05-15 06:17:46 CartMoveState: TO_MOVE (10) -> EXCH_1_WAIT (14)
2026-05-15 06:17:46 Handler State: EXCHANGE_ONE (7) -> START_DCU (8)
2026-05-15 06:17:47 Handler State: START_DCU (8) -> EXCHANGE_TWO (9)
2026-05-15 06:17:47 CartMove: Exchange 2
2026-05-15 06:17:47 CartMoveState: EXCH_1_WAIT (14) -> EXCH_1_CART (15)
2026-05-15 06:17:50 CartMoveState: EXCH_1_CART (15) -> EXCH_2_MOVE (16)
2026-05-15 06:17:50 CartMoveState: EXCH_2_MOVE (16) -> EXCH_2_CART (17)
2026-05-15 06:17:52 CartMoveState: EXCH_2_CART (17) -> STORE_DECIDE (18)
2026-05-15 06:17:52 Used volume for last job: 0
2026-05-15 06:17:52 Handler State: EXCHANGE_TWO (9) -> WAIT_FOR_DCU (10)
2026-05-15 06:17:54 Handler State: WAIT_FOR_DCU (10) -> EXCHANGE_THREE (11)
2026-05-15 06:17:54 CartMove: Exchange 3
2026-05-15 06:17:54 CartMoveState: STORE_DECIDE (18) -> AUX_DECIDE (5)
2026-05-15 06:17:54 CartMoveState: AUX_DECIDE (5) -> TO_MOVE (10)
2026-05-15 06:17:55 CartMoveState: TO_MOVE (10) -> TO_CART (11)
2026-05-15 06:17:57 CartMoveState: TO_CART (11) -> HOME_MOVE (12)
2026-05-15 06:17:58 CartMoveState: HOME_MOVE (12) -> HALT (13)
2026-05-15 06:17:58 CartMoveState: HALT (13) -> IDLE (1)
2026-05-15 06:17:58 Handler State: EXCHANGE_THREE (11) -> POST_PROCESS (12)
2026-05-15 06:17:58 Handler State: POST_PROCESS (12) -> MOVE_ARM_HOME (14)
2026-05-15 06:17:58 Handler State: MOVE_ARM_HOME (14) -> HANDLER_IDLE (1)
2026-05-15 06:27:28 Handler State: HANDLER_IDLE (1) -> SEMI_START (15)
2026-05-15 06:27:28 Handler State: SEMI_START (15) -> SEMI_PROBE_CART (25)
2026-05-15 06:27:31 Handler State: SEMI_PROBE_CART (25) -> SEMI_PROCESS (16)
2026-05-15 06:28:03 Re-Calculated Filling Volume: 0
2026-05-15 06:28:09 Setting CBS color valve (Finished): 0
2026-05-15 06:28:09 Handler State: SEMI_PROCESS (16) -> SEMI_WHAT_NEXT (21)
2026-05-15 06:28:09 Handler State: SEMI_WHAT_NEXT (21) -> SEMI_FINISHED (23)
2026-05-15 06:28:09 Handler State: SEMI_FINISHED (23) -> HANDLER_IDLE (1)
2026-05-15 06:37:19 Handler State: HANDLER_IDLE (1) -> SEMI_START (15)
2026-05-15 06:37:19 Handler State: SEMI_START (15) -> SEMI_PROBE_CART (25)
2026-05-15 06:37:23 Handler State: SEMI_PROBE_CART (25) -> SEMI_PROCESS (16)
2026-05-15 06:37:51 Re-Calculated Filling Volume: 0
2026-05-15 06:37:56 Setting CBS color valve (Finished): 0
2026-05-15 06:37:56 Handler State: SEMI_PROCESS (16) -> SEMI_WHAT_NEXT (21)
2026-05-15 06:37:56 Handler State: SEMI_WHAT_NEXT (21) -> SEMI_FINISHED (23)
2026-05-15 06:37:57 Handler State: SEMI_FINISHED (23) -> HANDLER_IDLE (1)
2026-05-15 06:42:01 Handler State: HANDLER_IDLE (1) -> HANDLER_START (2)
2026-05-15 06:42:02 Handler State: HANDLER_START (2) -> DECIDE_CART (3)
2026-05-15 06:42:02 Selection: IFS is clean and its cartridge is cleaned.
2026-05-15 06:42:02 Selected Primary Cartridge: 2
2026-05-15 06:42:02 Selected Primary Station: 103
2026-05-15 06:42:02 Selected Secondary Cartridge: 0
2026-05-15 06:42:02 Selected Secondary Station: 0
2026-05-15 06:42:02 Selected Filling Volume: 640
2026-05-15 06:42:02 Handler State: DECIDE_CART (3) -> CHECK_SEC_CART (26)
2026-05-15 06:42:02 Handler State: CHECK_SEC_CART (26) -> PROBE_CART (24)
2026-05-15 06:42:02 CartMove: Exchange 1, from 103
2026-05-15 06:42:02 CartMoveState: IDLE (1) -> FROM_MOVE (3)
2026-05-15 06:42:02 CartMoveState: FROM_MOVE (3) -> FROM_PROBE (19)
2026-05-15 06:42:04 Handler State: PROBE_CART (24) -> PROCESS_CART (6)
2026-05-15 06:42:04 Setting CBS color valve (FillIFS): 1
2026-05-15 06:42:06 Primed volume (FillIFS): 0.700811
2026-05-15 06:42:06 Re-Calculated Filling Volume: 640
2026-05-15 06:42:06 Setting CBS color valve (FillCart): 1
2026-05-15 06:42:25 Handler State: PROCESS_CART (6) -> EXCHANGE_ONE (7)
2026-05-15 06:42:25 CartMove: Exchange 1, from 103
2026-05-15 06:42:25 CartMoveState: FROM_PROBE (19) -> FROM_CART (4)
2026-05-15 06:42:31 Setting CBS color valve (Finished): 0
2026-05-15 06:42:33 CartMoveState: FROM_CART (4) -> TO_MOVE (10)
2026-05-15 06:42:34 CartMoveState: TO_MOVE (10) -> EXCH_1_WAIT (14)
2026-05-15 06:42:34 Handler State: EXCHANGE_ONE (7) -> START_DCU (8)
2026-05-15 06:42:35 Handler State: START_DCU (8) -> EXCHANGE_TWO (9)
2026-05-15 06:42:35 CartMove: Exchange 2
2026-05-15 06:42:35 CartMoveState: EXCH_1_WAIT (14) -> EXCH_1_CART (15)
2026-05-15 06:42:37 CartMoveState: EXCH_1_CART (15) -> EXCH_2_MOVE (16)
2026-05-15 06:42:38 CartMoveState: EXCH_2_MOVE (16) -> EXCH_2_CART (17)
2026-05-15 06:42:40 CartMoveState: EXCH_2_CART (17) -> STORE_DECIDE (18)
2026-05-15 06:42:40 Used volume for last job: 152.862
2026-05-15 06:42:40 Handler State: EXCHANGE_TWO (9) -> WAIT_FOR_DCU (10)
2026-05-15 06:42:42 Handler State: WAIT_FOR_DCU (10) -> EXCHANGE_THREE (11)
2026-05-15 06:42:42 CartMove: Exchange 3
2026-05-15 06:42:42 CartMoveState: STORE_DECIDE (18) -> AUX_DECIDE (5)
2026-05-15 06:42:42 CartMoveState: AUX_DECIDE (5) -> TO_MOVE (10)
2026-05-15 06:42:42 CartMoveState: TO_MOVE (10) -> TO_CART (11)
2026-05-15 06:42:45 CartMoveState: TO_CART (11) -> HOME_MOVE (12)
2026-05-15 06:42:46 CartMoveState: HOME_MOVE (12) -> HALT (13)
2026-05-15 06:42:46 CartMoveState: HALT (13) -> IDLE (1)
2026-05-15 06:42:46 Handler State: EXCHANGE_THREE (11) -> POST_PROCESS (12)
2026-05-15 06:42:46 Handler State: POST_PROCESS (12) -> MOVE_ARM_HOME (14)
2026-05-15 06:42:48 Handler State: MOVE_ARM_HOME (14) -> HANDLER_IDLE (1)
2026-05-15 06:43:50 Handler State: HANDLER_IDLE (1) -> HANDLER_START (2)
2026-05-15 06:43:51 Handler State: HANDLER_START (2) -> DECIDE_CART (3)
2026-05-15 06:43:51 Selection: IFS has correct material and its cartridge has correct material.
2026-05-15 06:43:51 Selected Primary Cartridge: 5
2026-05-15 06:43:51 Selected Primary Station: 103
2026-05-15 06:43:51 Selected Secondary Cartridge: 0
2026-05-15 06:43:51 Selected Secondary Station: 0
2026-05-15 06:43:51 Selected Filling Volume: 640
2026-05-15 06:43:51 Handler State: DECIDE_CART (3) -> CHECK_SEC_CART (26)
2026-05-15 06:43:51 Handler State: CHECK_SEC_CART (26) -> PROBE_CART (24)
2026-05-15 06:43:51 CartMove: Exchange 1, from 103
2026-05-15 06:43:51 CartMoveState: IDLE (1) -> FROM_MOVE (3)
2026-05-15 06:43:51 CartMoveState: FROM_MOVE (3) -> FROM_PROBE (19)
2026-05-15 06:43:53 Handler State: PROBE_CART (24) -> PROCESS_CART (6)
2026-05-15 06:44:24 Setting CBS color valve (FillGate): 1
2026-05-15 06:44:25 Primed volume (FillGate): 1.36861
2026-05-15 06:44:25 Re-Calculated Filling Volume: 640
2026-05-15 06:44:25 Setting CBS color valve (FillCart): 1
2026-05-15 06:44:49 Handler State: PROCESS_CART (6) -> EXCHANGE_ONE (7)
2026-05-15 06:44:49 CartMove: Exchange 1, from 103
2026-05-15 06:44:49 CartMoveState: FROM_PROBE (19) -> FROM_CART (4)
2026-05-15 06:44:54 Setting CBS color valve (Finished): 0
2026-05-15 06:44:56 CartMoveState: FROM_CART (4) -> TO_MOVE (10)
2026-05-15 06:44:58 CartMoveState: TO_MOVE (10) -> EXCH_1_WAIT (14)
2026-05-15 06:44:58 Handler State: EXCHANGE_ONE (7) -> START_DCU (8)
2026-05-15 06:44:58 Handler State: START_DCU (8) -> EXCHANGE_TWO (9)
2026-05-15 06:44:58 CartMove: Exchange 2
2026-05-15 06:44:58 CartMoveState: EXCH_1_WAIT (14) -> EXCH_1_CART (15)
2026-05-15 06:45:01 CartMoveState: EXCH_1_CART (15) -> EXCH_2_MOVE (16)
2026-05-15 06:45:01 CartMoveState: EXCH_2_MOVE (16) -> EXCH_2_CART (17)
2026-05-15 06:45:03 CartMoveState: EXCH_2_CART (17) -> STORE_DECIDE (18)
2026-05-15 06:45:03 Used volume for last job: 0
2026-05-15 06:45:03 Handler State: EXCHANGE_TWO (9) -> WAIT_FOR_DCU (10)
2026-05-15 06:45:05 Handler State: WAIT_FOR_DCU (10) -> EXCHANGE_THREE (11)
2026-05-15 06:45:05 CartMove: Exchange 3
2026-05-15 06:45:05 CartMoveState: STORE_DECIDE (18) -> AUX_DECIDE (5)
2026-05-15 06:45:05 CartMoveState: AUX_DECIDE (5) -> TO_MOVE (10)
2026-05-15 06:45:06 CartMoveState: TO_MOVE (10) -> TO_CART (11)
2026-05-15 06:45:08 CartMoveState: TO_CART (11) -> HOME_MOVE (12)
2026-05-15 06:45:09 CartMoveState: HOME_MOVE (12) -> HALT (13)
2026-05-15 06:45:09 CartMoveState: HALT (13) -> IDLE (1)
2026-05-15 06:45:09 Handler State: EXCHANGE_THREE (11) -> POST_PROCESS (12)
2026-05-15 06:45:09 Handler State: POST_PROCESS (12) -> MOVE_ARM_HOME (14)
2026-05-15 06:45:11 Handler State: MOVE_ARM_HOME (14) -> HANDLER_IDLE (1)
2026-05-15 06:45:27 Handler State: HANDLER_IDLE (1) -> HANDLER_START (2)
2026-05-15 06:45:28 Handler State: HANDLER_START (2) -> DECIDE_CART (3)
2026-05-15 06:45:28 Selection: IFS is clean and its cartridge is cleaned.
2026-05-15 06:45:28 Selected Primary Cartridge: 6
2026-05-15 06:45:28 Selected Primary Station: 104
2026-05-15 06:45:28 Selected Secondary Cartridge: 0
2026-05-15 06:45:28 Selected Secondary Station: 0
2026-05-15 06:45:28 Selected Filling Volume: 436
2026-05-15 06:45:28 Handler State: DECIDE_CART (3) -> CHECK_SEC_CART (26)
2026-05-15 06:45:28 Handler State: CHECK_SEC_CART (26) -> PROBE_CART (24)
2026-05-15 06:45:28 CartMove: Exchange 1, from 104
2026-05-15 06:45:28 CartMoveState: IDLE (1) -> FROM_MOVE (3)
2026-05-15 06:45:29 CartMoveState: FROM_MOVE (3) -> FROM_PROBE (19)
2026-05-15 06:45:31 Handler State: PROBE_CART (24) -> PROCESS_CART (6)
2026-05-15 06:45:31 Setting CBS color valve (FillIFS): 1
2026-05-15 06:45:32 Primed volume (FillIFS): 0.551207
2026-05-15 06:45:32 Re-Calculated Filling Volume: 436
2026-05-15 06:45:32 Setting CBS color valve (FillCart): 1
2026-05-15 06:45:55 Handler State: PROCESS_CART (6) -> EXCHANGE_ONE (7)
2026-05-15 06:45:55 CartMove: Exchange 1, from 104
2026-05-15 06:45:55 CartMoveState: FROM_PROBE (19) -> FROM_CART (4)
2026-05-15 06:46:01 Setting CBS color valve (Finished): 0
2026-05-15 06:46:03 CartMoveState: FROM_CART (4) -> TO_MOVE (10)
2026-05-15 06:46:04 CartMoveState: TO_MOVE (10) -> EXCH_1_WAIT (14)
2026-05-15 06:46:04 Handler State: EXCHANGE_ONE (7) -> START_DCU (8)
2026-05-15 06:46:12 Handler State: START_DCU (8) -> EXCHANGE_TWO (9)
2026-05-15 06:46:12 CartMove: Exchange 2
2026-05-15 06:46:22 CartMoveState: EXCH_1_WAIT (14) -> EXCH_1_CART (15)
2026-05-15 06:46:25 CartMoveState: EXCH_1_CART (15) -> EXCH_2_MOVE (16)
2026-05-15 06:46:27 CartMoveState: EXCH_2_MOVE (16) -> EXCH_2_CART (17)
2026-05-15 06:46:29 CartMoveState: EXCH_2_CART (17) -> STORE_DECIDE (18)
2026-05-15 06:46:29 Used volume for last job: 107.178
2026-05-15 06:46:29 Handler State: EXCHANGE_TWO (9) -> WAIT_FOR_DCU (10)
2026-05-15 06:46:30 Handler State: WAIT_FOR_DCU (10) -> EXCHANGE_THREE (11)
2026-05-15 06:46:30 CartMove: Exchange 3
2026-05-15 06:46:30 CartMoveState: STORE_DECIDE (18) -> AUX_DECIDE (5)
2026-05-15 06:46:31 CartMoveState: AUX_DECIDE (5) -> TO_MOVE (10)
2026-05-15 06:46:32 CartMoveState: TO_MOVE (10) -> TO_CART (11)
2026-05-15 06:46:34 CartMoveState: TO_CART (11) -> HOME_MOVE (12)
2026-05-15 06:46:36 CartMoveState: HOME_MOVE (12) -> HALT (13)
2026-05-15 06:46:36 CartMoveState: HALT (13) -> IDLE (1)
2026-05-15 06:46:36 Handler State: EXCHANGE_THREE (11) -> POST_PROCESS (12)
2026-05-15 06:46:36 Handler State: POST_PROCESS (12) -> MOVE_ARM_HOME (14)
2026-05-15 06:46:36 Handler State: MOVE_ARM_HOME (14) -> HANDLER_IDLE (1)
2026-05-15 06:50:44 Handler State: HANDLER_IDLE (1) -> HANDLER_START (2)
2026-05-15 06:50:45 Handler State: HANDLER_START (2) -> DECIDE_CART (3)
2026-05-15 06:50:45 Selection: IFS has correct material.
2026-05-15 06:50:45 Selection: Cartridge has correct material.
2026-05-15 06:50:45 Selected Primary Cartridge: 3
2026-05-15 06:50:45 Selected Primary Station: 104
2026-05-15 06:50:45 Selected Secondary Cartridge: 0
2026-05-15 06:50:45 Selected Secondary Station: 0
2026-05-15 06:50:45 Selected Filling Volume: 477
2026-05-15 06:50:45 Handler State: DECIDE_CART (3) -> PLACE_CART (5)
2026-05-15 06:50:45 CartMove: Move, from 107 to 104
2026-05-15 06:50:45 CartMoveState: IDLE (1) -> FROM_MOVE (3)
2026-05-15 06:50:46 CartMoveState: FROM_MOVE (3) -> FROM_CART (4)
2026-05-15 06:50:49 CartMoveState: FROM_CART (4) -> AUX_DECIDE (5)
2026-05-15 06:50:49 CartMoveState: AUX_DECIDE (5) -> TO_MOVE (10)
2026-05-15 06:50:51 CartMoveState: TO_MOVE (10) -> TO_CART (11)
2026-05-15 06:50:53 CartMoveState: TO_CART (11) -> HOME_MOVE (12)
2026-05-15 06:50:53 CartMoveState: HOME_MOVE (12) -> HALT (13)
2026-05-15 06:50:53 CartMoveState: HALT (13) -> IDLE (1)
2026-05-15 06:50:53 Handler State: PLACE_CART (5) -> CHECK_SEC_CART (26)
2026-05-15 06:50:53 Handler State: CHECK_SEC_CART (26) -> PROBE_CART (24)
2026-05-15 06:50:53 CartMove: Exchange 1, from 104
2026-05-15 06:50:53 CartMoveState: IDLE (1) -> FROM_MOVE (3)
2026-05-15 06:50:54 CartMoveState: FROM_MOVE (3) -> FROM_PROBE (19)
2026-05-15 06:50:56 Handler State: PROBE_CART (24) -> PROCESS_CART (6)
2026-05-15 06:51:27 Setting CBS color valve (FillGate): 1
2026-05-15 06:51:28 Primed volume (FillGate): 1.58156
2026-05-15 06:51:28 Re-Calculated Filling Volume: 477
2026-05-15 06:51:28 Setting CBS color valve (FillCart): 1
2026-05-15 06:51:51 Handler State: PROCESS_CART (6) -> EXCHANGE_ONE (7)
2026-05-15 06:51:51 CartMove: Exchange 1, from 104
2026-05-15 06:51:51 CartMoveState: FROM_PROBE (19) -> FROM_CART (4)
2026-05-15 06:51:56 Setting CBS color valve (Finished): 0
2026-05-15 06:51:58 CartMoveState: FROM_CART (4) -> TO_MOVE (10)
2026-05-15 06:52:00 CartMoveState: TO_MOVE (10) -> EXCH_1_WAIT (14)
2026-05-15 06:52:00 Handler State: EXCHANGE_ONE (7) -> START_DCU (8)
2026-05-15 06:52:39 Handler State: START_DCU (8) -> EXCHANGE_TWO (9)
2026-05-15 06:52:39 CartMove: Exchange 2
2026-05-15 06:52:40 CartMoveState: EXCH_1_WAIT (14) -> EXCH_1_CART (15)
2026-05-15 06:52:43 CartMoveState: EXCH_1_CART (15) -> EXCH_2_MOVE (16)
2026-05-15 06:52:43 CartMoveState: EXCH_2_MOVE (16) -> EXCH_2_CART (17)
2026-05-15 06:52:45 CartMoveState: EXCH_2_CART (17) -> STORE_DECIDE (18)
2026-05-15 06:52:45 Used volume for last job: 0
2026-05-15 06:52:45 Handler State: EXCHANGE_TWO (9) -> WAIT_FOR_DCU (10)
2026-05-15 06:52:47 Handler State: WAIT_FOR_DCU (10) -> EXCHANGE_THREE (11)
2026-05-15 06:52:47 CartMove: Exchange 3
2026-05-15 06:52:47 CartMoveState: STORE_DECIDE (18) -> AUX_DECIDE (5)
2026-05-15 06:52:47 CartMoveState: AUX_DECIDE (5) -> TO_MOVE (10)
2026-05-15 06:52:48 CartMoveState: TO_MOVE (10) -> TO_CART (11)
2026-05-15 06:52:51 CartMoveState: TO_CART (11) -> HOME_MOVE (12)
2026-05-15 06:52:52 CartMoveState: HOME_MOVE (12) -> HALT (13)
2026-05-15 06:52:52 CartMoveState: HALT (13) -> IDLE (1)
2026-05-15 06:52:52 Handler State: EXCHANGE_THREE (11) -> POST_PROCESS (12)
2026-05-15 06:52:52 Handler State: POST_PROCESS (12) -> MOVE_ARM_HOME (14)
2026-05-15 06:52:52 Handler State: MOVE_ARM_HOME (14) -> HANDLER_IDLE (1)
2026-05-15 06:57:40 Handler State: HANDLER_IDLE (1) -> SEMI_START (15)
2026-05-15 06:57:40 Handler State: SEMI_START (15) -> SEMI_PROBE_CART (25)
2026-05-15 06:57:43 Handler State: SEMI_PROBE_CART (25) -> SEMI_PROCESS (16)
2026-05-15 06:58:20 Re-Calculated Filling Volume: 0
2026-05-15 06:58:26 Setting CBS color valve (Finished): 0
2026-05-15 06:58:26 Handler State: SEMI_PROCESS (16) -> SEMI_WHAT_NEXT (21)
2026-05-15 06:58:26 Handler State: SEMI_WHAT_NEXT (21) -> SEMI_FINISHED (23)
2026-05-15 06:58:27 Handler State: SEMI_FINISHED (23) -> HANDLER_IDLE (1)
2026-05-15 07:10:23 Handler State: HANDLER_IDLE (1) -> HANDLER_START (2)
2026-05-15 07:10:24 Handler State: HANDLER_START (2) -> DECIDE_CART (3)
2026-05-15 07:10:24 Selection: IFS is clean and its cartridge is cleaned.
2026-05-15 07:10:24 Selected Primary Cartridge: 4
2026-05-15 07:10:24 Selected Primary Station: 102
2026-05-15 07:10:24 Selected Secondary Cartridge: 0
2026-05-15 07:10:24 Selected Secondary Station: 0
2026-05-15 07:10:24 Selected Filling Volume: 640
2026-05-15 07:10:24 Handler State: DECIDE_CART (3) -> CHECK_SEC_CART (26)
2026-05-15 07:10:24 Handler State: CHECK_SEC_CART (26) -> PROBE_CART (24)
2026-05-15 07:10:24 CartMove: Exchange 1, from 102
2026-05-15 07:10:24 CartMoveState: IDLE (1) -> FROM_MOVE (3)
2026-05-15 07:10:25 CartMoveState: FROM_MOVE (3) -> FROM_PROBE (19)
2026-05-15 07:10:27 Handler State: PROBE_CART (24) -> PROCESS_CART (6)
2026-05-15 07:10:27 Setting CBS color valve (FillIFS): 1
2026-05-15 07:10:28 Primed volume (FillIFS): 2.14602
2026-05-15 07:10:28 Re-Calculated Filling Volume: 640
2026-05-15 07:10:28 Setting CBS color valve (FillCart): 1
2026-05-15 07:10:53 Handler State: PROCESS_CART (6) -> EXCHANGE_ONE (7)
2026-05-15 07:10:53 CartMove: Exchange 1, from 102
2026-05-15 07:10:53 CartMoveState: FROM_PROBE (19) -> FROM_CART (4)
2026-05-15 07:11:00 Setting CBS color valve (Finished): 0
2026-05-15 07:11:01 CartMoveState: FROM_CART (4) -> TO_MOVE (10)
2026-05-15 07:11:02 CartMoveState: TO_MOVE (10) -> EXCH_1_WAIT (14)
2026-05-15 07:11:02 Handler State: EXCHANGE_ONE (7) -> START_DCU (8)
2026-05-15 07:11:02 Handler State: START_DCU (8) -> EXCHANGE_TWO (9)
2026-05-15 07:11:02 CartMove: Exchange 2
2026-05-15 07:11:02 CartMoveState: EXCH_1_WAIT (14) -> EXCH_1_CART (15)
2026-05-15 07:11:05 CartMoveState: EXCH_1_CART (15) -> EXCH_2_MOVE (16)
2026-05-15 07:11:06 CartMoveState: EXCH_2_MOVE (16) -> EXCH_2_CART (17)
2026-05-15 07:11:09 CartMoveState: EXCH_2_CART (17) -> STORE_DECIDE (18)
2026-05-15 07:11:09 Used volume for last job: 425.183
2026-05-15 07:11:09 Handler State: EXCHANGE_TWO (9) -> WAIT_FOR_DCU (10)
2026-05-15 07:11:10 Handler State: WAIT_FOR_DCU (10) -> EXCHANGE_THREE (11)
2026-05-15 07:11:10 CartMove: Exchange 3
2026-05-15 07:11:10 CartMoveState: STORE_DECIDE (18) -> AUX_DECIDE (5)
2026-05-15 07:11:10 CartMoveState: AUX_DECIDE (5) -> TO_MOVE (10)
2026-05-15 07:11:12 CartMoveState: TO_MOVE (10) -> TO_CART (11)
2026-05-15 07:11:14 CartMoveState: TO_CART (11) -> HOME_MOVE (12)
2026-05-15 07:11:16 CartMoveState: HOME_MOVE (12) -> HALT (13)
2026-05-15 07:11:16 CartMoveState: HALT (13) -> IDLE (1)
2026-05-15 07:11:16 Handler State: EXCHANGE_THREE (11) -> POST_PROCESS (12)
2026-05-15 07:11:16 Handler State: POST_PROCESS (12) -> MOVE_ARM_HOME (14)
2026-05-15 07:11:16 Handler State: MOVE_ARM_HOME (14) -> HANDLER_IDLE (1)
2026-05-15 07:14:48 Handler State: HANDLER_IDLE (1) -> HANDLER_START (2)
2026-05-15 07:14:49 Handler State: HANDLER_START (2) -> DECIDE_CART (3)
2026-05-15 07:14:49 Selection: IFS has correct material.
2026-05-15 07:14:49 Selection: Cartridge has correct material.
2026-05-15 07:14:49 Selected Primary Cartridge: 1
2026-05-15 07:14:49 Selected Primary Station: 102
2026-05-15 07:14:49 Selected Secondary Cartridge: 0
2026-05-15 07:14:49 Selected Secondary Station: 0
2026-05-15 07:14:49 Selected Filling Volume: 640
2026-05-15 07:14:49 Handler State: DECIDE_CART (3) -> PLACE_CART (5)
2026-05-15 07:14:49 CartMove: Move, from 105 to 102
2026-05-15 07:14:49 CartMoveState: IDLE (1) -> FROM_MOVE (3)
2026-05-15 07:14:50 CartMoveState: FROM_MOVE (3) -> FROM_CART (4)
2026-05-15 07:14:53 CartMoveState: FROM_CART (4) -> AUX_DECIDE (5)
2026-05-15 07:14:53 CartMoveState: AUX_DECIDE (5) -> TO_MOVE (10)
2026-05-15 07:14:54 CartMoveState: TO_MOVE (10) -> TO_CART (11)
2026-05-15 07:14:57 CartMoveState: TO_CART (11) -> HOME_MOVE (12)
2026-05-15 07:14:58 CartMoveState: HOME_MOVE (12) -> HALT (13)
2026-05-15 07:14:58 CartMoveState: HALT (13) -> IDLE (1)
2026-05-15 07:14:58 Handler State: PLACE_CART (5) -> CHECK_SEC_CART (26)
2026-05-15 07:14:58 Handler State: CHECK_SEC_CART (26) -> PROBE_CART (24)
2026-05-15 07:14:58 CartMove: Exchange 1, from 102
2026-05-15 07:14:58 CartMoveState: IDLE (1) -> FROM_MOVE (3)
2026-05-15 07:14:58 CartMoveState: FROM_MOVE (3) -> FROM_PROBE (19)
2026-05-15 07:15:00 Handler State: PROBE_CART (24) -> PROCESS_CART (6)
2026-05-15 07:15:36 Setting CBS color valve (FillGate): 1
2026-05-15 07:15:37 Primed volume (FillGate): 2.02769
2026-05-15 07:15:37 Re-Calculated Filling Volume: 640
2026-05-15 07:15:37 Setting CBS color valve (FillCart): 1
2026-05-15 07:16:01 Handler State: PROCESS_CART (6) -> EXCHANGE_ONE (7)
2026-05-15 07:16:01 CartMove: Exchange 1, from 102
2026-05-15 07:16:01 CartMoveState: FROM_PROBE (19) -> FROM_CART (4)
2026-05-15 07:16:08 Setting CBS color valve (Finished): 0
2026-05-15 07:16:09 CartMoveState: FROM_CART (4) -> TO_MOVE (10)
2026-05-15 07:16:10 CartMoveState: TO_MOVE (10) -> EXCH_1_WAIT (14)
2026-05-15 07:16:10 Handler State: EXCHANGE_ONE (7) -> START_DCU (8)
2026-05-15 07:17:15 Handler State: START_DCU (8) -> EXCHANGE_TWO (9)
2026-05-15 07:17:15 CartMove: Exchange 2
2026-05-15 07:17:16 CartMoveState: EXCH_1_WAIT (14) -> EXCH_1_CART (15)
2026-05-15 07:17:19 CartMoveState: EXCH_1_CART (15) -> EXCH_2_MOVE (16)
2026-05-15 07:17:20 CartMoveState: EXCH_2_MOVE (16) -> EXCH_2_CART (17)
2026-05-15 07:17:22 CartMoveState: EXCH_2_CART (17) -> STORE_DECIDE (18)
2026-05-15 07:17:22 Used volume for last job: 0
2026-05-15 07:17:22 Handler State: EXCHANGE_TWO (9) -> WAIT_FOR_DCU (10)
2026-05-15 07:17:24 Handler State: WAIT_FOR_DCU (10) -> EXCHANGE_THREE (11)
2026-05-15 07:17:24 CartMove: Exchange 3
2026-05-15 07:17:24 CartMoveState: STORE_DECIDE (18) -> AUX_DECIDE (5)
2026-05-15 07:17:24 CartMoveState: AUX_DECIDE (5) -> TO_MOVE (10)
2026-05-15 07:17:24 CartMoveState: TO_MOVE (10) -> TO_CART (11)
2026-05-15 07:17:27 CartMoveState: TO_CART (11) -> HOME_MOVE (12)
2026-05-15 07:17:27 CartMoveState: HOME_MOVE (12) -> HALT (13)
2026-05-15 07:17:27 CartMoveState: HALT (13) -> IDLE (1)
2026-05-15 07:17:27 Handler State: EXCHANGE_THREE (11) -> POST_PROCESS (12)
2026-05-15 07:17:27 Handler State: POST_PROCESS (12) -> MOVE_ARM_HOME (14)
2026-05-15 07:17:29 Handler State: MOVE_ARM_HOME (14) -> HANDLER_IDLE (1)
2026-05-15 07:17:34 Handler State: HANDLER_IDLE (1) -> HANDLER_START (2)
2026-05-15 07:17:35 Handler State: HANDLER_START (2) -> DECIDE_CART (3)
2026-05-15 07:17:35 Selection: Last resort, just pick the first IFS.
2026-05-15 07:17:35 Selection: Last resort, just pick the first cartridge.
2026-05-15 07:17:35 Selected Primary Cartridge: 4
2026-05-15 07:17:35 Selected Primary Station: 102
2026-05-15 07:17:35 Selected Secondary Cartridge: 0
2026-05-15 07:17:35 Selected Secondary Station: 0
2026-05-15 07:17:35 Selected Filling Volume: 348
2026-05-15 07:17:35 Handler State: DECIDE_CART (3) -> CHECK_SEC_CART (26)
2026-05-15 07:17:35 Handler State: CHECK_SEC_CART (26) -> PROBE_CART (24)
2026-05-15 07:17:35 CartMove: Exchange 1, from 102
2026-05-15 07:17:35 CartMoveState: IDLE (1) -> FROM_MOVE (3)
2026-05-15 07:17:36 CartMoveState: FROM_MOVE (3) -> FROM_PROBE (19)
2026-05-15 07:17:38 Handler State: PROBE_CART (24) -> PROCESS_CART (6)
2026-05-15 07:18:43 Setting CBS color valve (FillIFS): 2
2026-05-15 07:18:45 Primed volume (FillIFS): 3.99056
2026-05-15 07:18:45 Re-Calculated Filling Volume: 348
2026-05-15 07:18:45 Setting CBS color valve (FillCart): 2
2026-05-15 07:19:02 Handler State: PROCESS_CART (6) -> EXCHANGE_ONE (7)
2026-05-15 07:19:02 CartMove: Exchange 1, from 102
2026-05-15 07:19:02 CartMoveState: FROM_PROBE (19) -> FROM_CART (4)
2026-05-15 07:19:09 Setting CBS color valve (Finished): 0
2026-05-15 07:19:10 CartMoveState: FROM_CART (4) -> TO_MOVE (10)
2026-05-15 07:19:12 CartMoveState: TO_MOVE (10) -> EXCH_1_WAIT (14)
2026-05-15 07:19:12 Handler State: EXCHANGE_ONE (7) -> START_DCU (8)
2026-05-15 07:19:13 Handler State: START_DCU (8) -> EXCHANGE_TWO (9)
2026-05-15 07:19:13 CartMove: Exchange 2
2026-05-15 07:19:24 CartMoveState: EXCH_1_WAIT (14) -> EXCH_1_CART (15)
2026-05-15 07:19:27 CartMoveState: EXCH_1_CART (15) -> EXCH_2_MOVE (16)
2026-05-15 07:19:28 CartMoveState: EXCH_2_MOVE (16) -> EXCH_2_CART (17)
2026-05-15 07:19:30 CartMoveState: EXCH_2_CART (17) -> STORE_DECIDE (18)
2026-05-15 07:19:30 Used volume for last job: 196.807
2026-05-15 07:19:30 Handler State: EXCHANGE_TWO (9) -> WAIT_FOR_DCU (10)
2026-05-15 07:19:31 Handler State: WAIT_FOR_DCU (10) -> EXCHANGE_THREE (11)
2026-05-15 07:19:31 CartMove: Exchange 3
2026-05-15 07:19:31 CartMoveState: STORE_DECIDE (18) -> AUX_DECIDE (5)
2026-05-15 07:19:31 CartMoveState: AUX_DECIDE (5) -> TO_MOVE (10)
2026-05-15 07:19:32 CartMoveState: TO_MOVE (10) -> TO_CART (11)
2026-05-15 07:19:34 CartMoveState: TO_CART (11) -> HOME_MOVE (12)
2026-05-15 07:19:34 CartMoveState: HOME_MOVE (12) -> HALT (13)
2026-05-15 07:19:34 CartMoveState: HALT (13) -> IDLE (1)
2026-05-15 07:19:34 Handler State: EXCHANGE_THREE (11) -> POST_PROCESS (12)
2026-05-15 07:19:34 Handler State: POST_PROCESS (12) -> MOVE_ARM_HOME (14)
2026-05-15 07:19:34 Handler State: MOVE_ARM_HOME (14) -> HANDLER_IDLE (1)
2026-05-15 07:20:26 Handler State: HANDLER_IDLE (1) -> HANDLER_START (2)
2026-05-15 07:20:27 Handler State: HANDLER_START (2) -> DECIDE_CART (3)
2026-05-15 07:20:27 Selection: IFS has correct material.
2026-05-15 07:20:27 Selection: Last resort, just pick the first cartridge.
2026-05-15 07:20:27 Selected Primary Cartridge: 1
2026-05-15 07:20:27 Selected Primary Station: 102
2026-05-15 07:20:27 Selected Secondary Cartridge: 0
2026-05-15 07:20:27 Selected Secondary Station: 0
2026-05-15 07:20:27 Selected Filling Volume: 306
2026-05-15 07:20:27 Handler State: DECIDE_CART (3) -> CHECK_SEC_CART (26)
2026-05-15 07:20:27 Handler State: CHECK_SEC_CART (26) -> PROBE_CART (24)
2026-05-15 07:20:27 CartMove: Exchange 1, from 102
2026-05-15 07:20:27 CartMoveState: IDLE (1) -> FROM_MOVE (3)
2026-05-15 07:20:28 CartMoveState: FROM_MOVE (3) -> FROM_PROBE (19)
2026-05-15 07:20:30 Handler State: PROBE_CART (24) -> PROCESS_CART (6)
2026-05-15 07:21:58 Setting CBS color valve (FillGate): 2
2026-05-15 07:21:58 Primed volume (FillGate): 1.51748
2026-05-15 07:21:58 Re-Calculated Filling Volume: 306
2026-05-15 07:21:58 Setting CBS color valve (FillCart): 2
2026-05-15 07:22:15 Handler State: PROCESS_CART (6) -> EXCHANGE_ONE (7)
2026-05-15 07:22:15 CartMove: Exchange 1, from 102
2026-05-15 07:22:15 CartMoveState: FROM_PROBE (19) -> FROM_CART (4)
2026-05-15 07:22:22 Setting CBS color valve (Finished): 0
2026-05-15 07:22:23 CartMoveState: FROM_CART (4) -> TO_MOVE (10)
2026-05-15 07:22:24 CartMoveState: TO_MOVE (10) -> EXCH_1_WAIT (14)
2026-05-15 07:22:24 Handler State: EXCHANGE_ONE (7) -> START_DCU (8)
2026-05-15 07:22:24 Handler State: START_DCU (8) -> EXCHANGE_TWO (9)
2026-05-15 07:22:24 CartMove: Exchange 2
2026-05-15 07:22:24 CartMoveState: EXCH_1_WAIT (14) -> EXCH_1_CART (15)
2026-05-15 07:22:27 CartMoveState: EXCH_1_CART (15) -> EXCH_2_MOVE (16)
2026-05-15 07:22:28 CartMoveState: EXCH_2_MOVE (16) -> EXCH_2_CART (17)
2026-05-15 07:22:30 CartMoveState: EXCH_2_CART (17) -> STORE_DECIDE (18)
2026-05-15 07:22:30 Used volume for last job: 0
2026-05-15 07:22:30 Handler State: EXCHANGE_TWO (9) -> WAIT_FOR_DCU (10)
2026-05-15 07:22:32 Handler State: WAIT_FOR_DCU (10) -> EXCHANGE_THREE (11)
2026-05-15 07:22:32 CartMove: Exchange 3
2026-05-15 07:22:32 CartMoveState: STORE_DECIDE (18) -> AUX_DECIDE (5)
2026-05-15 07:22:32 CartMoveState: AUX_DECIDE (5) -> TO_MOVE (10)
2026-05-15 07:22:32 CartMoveState: TO_MOVE (10) -> TO_CART (11)
2026-05-15 07:22:35 CartMoveState: TO_CART (11) -> HOME_MOVE (12)
2026-05-15 07:22:35 CartMoveState: HOME_MOVE (12) -> HALT (13)
2026-05-15 07:22:35 CartMoveState: HALT (13) -> IDLE (1)
2026-05-15 07:22:35 Handler State: EXCHANGE_THREE (11) -> POST_PROCESS (12)
2026-05-15 07:22:35 Handler State: POST_PROCESS (12) -> MOVE_ARM_HOME (14)
2026-05-15 07:22:35 Handler State: MOVE_ARM_HOME (14) -> HANDLER_IDLE (1)
2026-05-15 07:22:41 Handler State: HANDLER_IDLE (1) -> HANDLER_START (2)
2026-05-15 07:22:42 Handler State: HANDLER_START (2) -> DECIDE_CART (3)
2026-05-15 07:22:42 Selection: IFS has correct material and its cartridge has correct material.
2026-05-15 07:22:42 Selected Primary Cartridge: 6
2026-05-15 07:22:42 Selected Primary Station: 104
2026-05-15 07:22:42 Selected Secondary Cartridge: 0
2026-05-15 07:22:42 Selected Secondary Station: 0
2026-05-15 07:22:42 Selected Filling Volume: 640
2026-05-15 07:22:42 Handler State: DECIDE_CART (3) -> CHECK_SEC_CART (26)
2026-05-15 07:22:42 Handler State: CHECK_SEC_CART (26) -> PROBE_CART (24)
2026-05-15 07:22:42 CartMove: Exchange 1, from 104
2026-05-15 07:22:42 CartMoveState: IDLE (1) -> FROM_MOVE (3)
2026-05-15 07:22:43 CartMoveState: FROM_MOVE (3) -> FROM_PROBE (19)
2026-05-15 07:22:45 Handler State: PROBE_CART (24) -> PROCESS_CART (6)
2026-05-15 07:23:13 Setting CBS color valve (FillGate): 1
2026-05-15 07:23:14 Primed volume (FillGate): 1.38977
2026-05-15 07:23:14 Re-Calculated Filling Volume: 640
2026-05-15 07:23:14 Setting CBS color valve (FillCart): 1
2026-05-15 07:23:41 Handler State: PROCESS_CART (6) -> EXCHANGE_ONE (7)
2026-05-15 07:23:41 CartMove: Exchange 1, from 104
2026-05-15 07:23:42 CartMoveState: FROM_PROBE (19) -> FROM_CART (4)
2026-05-15 07:23:47 Setting CBS color valve (Finished): 0
2026-05-15 07:23:49 CartMoveState: FROM_CART (4) -> TO_MOVE (10)
2026-05-15 07:23:51 CartMoveState: TO_MOVE (10) -> EXCH_1_WAIT (14)
2026-05-15 07:23:51 Handler State: EXCHANGE_ONE (7) -> START_DCU (8)
2026-05-15 07:24:05 Handler State: START_DCU (8) -> EXCHANGE_TWO (9)
2026-05-15 07:24:05 CartMove: Exchange 2
2026-05-15 07:24:15 CartMoveState: EXCH_1_WAIT (14) -> EXCH_1_CART (15)
2026-05-15 07:24:19 CartMoveState: EXCH_1_CART (15) -> EXCH_2_MOVE (16)
2026-05-15 07:24:19 CartMoveState: EXCH_2_MOVE (16) -> EXCH_2_CART (17)
2026-05-15 07:24:21 CartMoveState: EXCH_2_CART (17) -> STORE_DECIDE (18)
2026-05-15 07:24:21 Used volume for last job: 253.738
2026-05-15 07:24:21 Handler State: EXCHANGE_TWO (9) -> WAIT_FOR_DCU (10)
2026-05-15 07:24:23 Handler State: WAIT_FOR_DCU (10) -> EXCHANGE_THREE (11)
2026-05-15 07:24:23 CartMove: Exchange 3
2026-05-15 07:24:23 CartMoveState: STORE_DECIDE (18) -> AUX_DECIDE (5)
2026-05-15 07:24:23 CartMoveState: AUX_DECIDE (5) -> TO_MOVE (10)
2026-05-15 07:24:25 CartMoveState: TO_MOVE (10) -> TO_CART (11)
2026-05-15 07:24:27 CartMoveState: TO_CART (11) -> HOME_MOVE (12)
2026-05-15 07:24:28 CartMoveState: HOME_MOVE (12) -> HALT (13)
2026-05-15 07:24:28 CartMoveState: HALT (13) -> IDLE (1)
2026-05-15 07:24:28 Handler State: EXCHANGE_THREE (11) -> POST_PROCESS (12)
2026-05-15 07:24:28 Handler State: POST_PROCESS (12) -> MOVE_ARM_HOME (14)
2026-05-15 07:24:28 Handler State: MOVE_ARM_HOME (14) -> HANDLER_IDLE (1)
2026-05-15 07:26:46 Handler State: HANDLER_IDLE (1) -> SEMI_START (15)
2026-05-15 07:26:46 Handler State: SEMI_START (15) -> SEMI_PROBE_CART (25)
2026-05-15 07:26:49 Handler State: SEMI_PROBE_CART (25) -> SEMI_PROCESS (16)
2026-05-15 07:27:26 Re-Calculated Filling Volume: 0
2026-05-15 07:27:33 Setting CBS color valve (Finished): 0
2026-05-15 07:27:33 Handler State: SEMI_PROCESS (16) -> SEMI_WHAT_NEXT (21)
2026-05-15 07:27:33 Handler State: SEMI_WHAT_NEXT (21) -> SEMI_FINISHED (23)
2026-05-15 07:27:33 Handler State: SEMI_FINISHED (23) -> HANDLER_IDLE (1)
2026-05-15 07:34:27 Handler State: HANDLER_IDLE (1) -> HANDLER_START (2)
2026-05-15 07:34:28 Handler State: HANDLER_START (2) -> DECIDE_CART (3)
2026-05-15 07:34:28 Selection: IFS is clean and its cartridge is cleaned.
2026-05-15 07:34:28 Selected Primary Cartridge: 4
2026-05-15 07:34:28 Selected Primary Station: 102
2026-05-15 07:34:28 Selected Secondary Cartridge: 0
2026-05-15 07:34:28 Selected Secondary Station: 0
2026-05-15 07:34:28 Selected Filling Volume: 262
2026-05-15 07:34:28 Handler State: DECIDE_CART (3) -> CHECK_SEC_CART (26)
2026-05-15 07:34:28 Handler State: CHECK_SEC_CART (26) -> PROBE_CART (24)
2026-05-15 07:34:28 CartMove: Exchange 1, from 102
2026-05-15 07:34:28 CartMoveState: IDLE (1) -> FROM_MOVE (3)
2026-05-15 07:34:29 CartMoveState: FROM_MOVE (3) -> FROM_PROBE (19)
2026-05-15 07:34:31 Handler State: PROBE_CART (24) -> PROCESS_CART (6)
2026-05-15 07:34:31 Setting CBS color valve (FillIFS): 1
2026-05-15 07:34:32 Primed volume (FillIFS): 2.0812
2026-05-15 07:34:32 Re-Calculated Filling Volume: 262
2026-05-15 07:34:32 Setting CBS color valve (FillCart): 1
2026-05-15 07:34:49 Handler State: PROCESS_CART (6) -> EXCHANGE_ONE (7)
2026-05-15 07:34:49 CartMove: Exchange 1, from 102
2026-05-15 07:34:49 CartMoveState: FROM_PROBE (19) -> FROM_CART (4)
2026-05-15 07:34:56 Setting CBS color valve (Finished): 0
2026-05-15 07:34:58 CartMoveState: FROM_CART (4) -> TO_MOVE (10)
2026-05-15 07:34:59 CartMoveState: TO_MOVE (10) -> EXCH_1_WAIT (14)
2026-05-15 07:34:59 Handler State: EXCHANGE_ONE (7) -> START_DCU (8)
2026-05-15 07:34:59 Handler State: START_DCU (8) -> EXCHANGE_TWO (9)
2026-05-15 07:34:59 CartMove: Exchange 2
2026-05-15 07:34:59 CartMoveState: EXCH_1_WAIT (14) -> EXCH_1_CART (15)
2026-05-15 07:35:02 CartMoveState: EXCH_1_CART (15) -> EXCH_2_MOVE (16)
2026-05-15 07:35:03 CartMoveState: EXCH_2_MOVE (16) -> EXCH_2_CART (17)
2026-05-15 07:35:05 CartMoveState: EXCH_2_CART (17) -> STORE_DECIDE (18)
2026-05-15 07:35:05 Used volume for last job: 440.15
2026-05-15 07:35:05 Handler State: EXCHANGE_TWO (9) -> WAIT_FOR_DCU (10)
2026-05-15 07:35:07 Handler State: WAIT_FOR_DCU (10) -> EXCHANGE_THREE (11)
2026-05-15 07:35:07 CartMove: Exchange 3
2026-05-15 07:35:07 CartMoveState: STORE_DECIDE (18) -> AUX_DECIDE (5)
2026-05-15 07:35:07 CartMoveState: AUX_DECIDE (5) -> TO_MOVE (10)
2026-05-15 07:35:07 CartMoveState: TO_MOVE (10) -> TO_CART (11)
2026-05-15 07:35:10 CartMoveState: TO_CART (11) -> HOME_MOVE (12)
2026-05-15 07:35:11 CartMoveState: HOME_MOVE (12) -> HALT (13)
2026-05-15 07:35:11 CartMoveState: HALT (13) -> IDLE (1)
2026-05-15 07:35:11 Handler State: EXCHANGE_THREE (11) -> POST_PROCESS (12)
2026-05-15 07:35:11 Handler State: POST_PROCESS (12) -> MOVE_ARM_HOME (14)
2026-05-15 07:35:11 Handler State: MOVE_ARM_HOME (14) -> HANDLER_IDLE (1)
2026-05-15 07:35:22 Handler State: HANDLER_IDLE (1) -> HANDLER_START (2)
2026-05-15 07:35:23 Handler State: HANDLER_START (2) -> DECIDE_CART (3)
2026-05-15 07:35:23 Selection: IFS has correct material.
2026-05-15 07:35:23 Selection: Last resort, just pick the first cartridge.
2026-05-15 07:35:23 Selected Primary Cartridge: 1
2026-05-15 07:35:23 Selected Primary Station: 102
2026-05-15 07:35:23 Selected Secondary Cartridge: 0
2026-05-15 07:35:23 Selected Secondary Station: 0
2026-05-15 07:35:23 Selected Filling Volume: 640
2026-05-15 07:35:23 Handler State: DECIDE_CART (3) -> PLACE_CART (5)
2026-05-15 07:35:23 CartMove: Move, from 105 to 102
2026-05-15 07:35:23 CartMoveState: IDLE (1) -> FROM_MOVE (3)
2026-05-15 07:35:24 CartMoveState: FROM_MOVE (3) -> FROM_CART (4)
2026-05-15 07:35:27 CartMoveState: FROM_CART (4) -> AUX_DECIDE (5)
2026-05-15 07:35:27 CartMoveState: AUX_DECIDE (5) -> TO_MOVE (10)
2026-05-15 07:35:29 CartMoveState: TO_MOVE (10) -> TO_CART (11)
2026-05-15 07:35:31 CartMoveState: TO_CART (11) -> HOME_MOVE (12)
2026-05-15 07:35:32 CartMoveState: HOME_MOVE (12) -> HALT (13)
2026-05-15 07:35:32 CartMoveState: HALT (13) -> IDLE (1)
2026-05-15 07:35:32 Handler State: PLACE_CART (5) -> CHECK_SEC_CART (26)
2026-05-15 07:35:32 Handler State: CHECK_SEC_CART (26) -> PROBE_CART (24)
2026-05-15 07:35:32 CartMove: Exchange 1, from 102
2026-05-15 07:35:32 CartMoveState: IDLE (1) -> FROM_MOVE (3)
2026-05-15 07:35:32 CartMoveState: FROM_MOVE (3) -> FROM_PROBE (19)
2026-05-15 07:35:34 Handler State: PROBE_CART (24) -> PROCESS_CART (6)
2026-05-15 07:36:08 Setting CBS color valve (FillGate): 1
2026-05-15 07:36:09 Primed volume (FillGate): 1.23149
2026-05-15 07:36:09 Re-Calculated Filling Volume: 640
2026-05-15 07:36:09 Setting CBS color valve (FillCart): 1
2026-05-15 07:36:40 Handler State: PROCESS_CART (6) -> EXCHANGE_ONE (7)
2026-05-15 07:36:40 CartMove: Exchange 1, from 102
2026-05-15 07:36:40 CartMoveState: FROM_PROBE (19) -> FROM_CART (4)
2026-05-15 07:36:46 Setting CBS color valve (Finished): 0
2026-05-15 07:36:48 CartMoveState: FROM_CART (4) -> TO_MOVE (10)
2026-05-15 07:36:49 CartMoveState: TO_MOVE (10) -> EXCH_1_WAIT (14)
2026-05-15 07:36:49 Handler State: EXCHANGE_ONE (7) -> START_DCU (8)
2026-05-15 07:38:31 Handler State: START_DCU (8) -> EXCHANGE_TWO (9)
2026-05-15 07:38:31 CartMove: Exchange 2
2026-05-15 07:38:42 CartMoveState: EXCH_1_WAIT (14) -> EXCH_1_CART (15)
2026-05-15 07:38:45 CartMoveState: EXCH_1_CART (15) -> EXCH_2_MOVE (16)
2026-05-15 07:38:45 CartMoveState: EXCH_2_MOVE (16) -> EXCH_2_CART (17)
2026-05-15 07:38:47 CartMoveState: EXCH_2_CART (17) -> STORE_DECIDE (18)
2026-05-15 07:38:47 Used volume for last job: 148.172
2026-05-15 07:38:47 Handler State: EXCHANGE_TWO (9) -> WAIT_FOR_DCU (10)
2026-05-15 07:38:49 Handler State: WAIT_FOR_DCU (10) -> EXCHANGE_THREE (11)
2026-05-15 07:38:49 CartMove: Exchange 3
2026-05-15 07:38:49 CartMoveState: STORE_DECIDE (18) -> AUX_DECIDE (5)
2026-05-15 07:38:49 CartMoveState: AUX_DECIDE (5) -> TO_MOVE (10)
2026-05-15 07:38:49 CartMoveState: TO_MOVE (10) -> TO_CART (11)
2026-05-15 07:38:52 CartMoveState: TO_CART (11) -> HOME_MOVE (12)
2026-05-15 07:38:52 CartMoveState: HOME_MOVE (12) -> HALT (13)
2026-05-15 07:38:52 CartMoveState: HALT (13) -> IDLE (1)
2026-05-15 07:38:52 Handler State: EXCHANGE_THREE (11) -> POST_PROCESS (12)
2026-05-15 07:38:52 Handler State: POST_PROCESS (12) -> MOVE_ARM_HOME (14)
2026-05-15 07:38:52 Handler State: MOVE_ARM_HOME (14) -> HANDLER_IDLE (1)
2026-05-15 07:45:51 Handler State: HANDLER_IDLE (1) -> HANDLER_START (2)
2026-05-15 07:45:52 Handler State: HANDLER_START (2) -> DECIDE_CART (3)
2026-05-15 07:45:52 Selection: IFS has correct material and its cartridge has correct material.
2026-05-15 07:45:52 Selected Primary Cartridge: 4
2026-05-15 07:45:52 Selected Primary Station: 102
2026-05-15 07:45:52 Selected Secondary Cartridge: 0
2026-05-15 07:45:52 Selected Secondary Station: 0
2026-05-15 07:45:52 Selected Filling Volume: 640
2026-05-15 07:45:52 Handler State: DECIDE_CART (3) -> CHECK_SEC_CART (26)
2026-05-15 07:45:52 Handler State: CHECK_SEC_CART (26) -> PROBE_CART (24)
2026-05-15 07:45:52 CartMove: Exchange 1, from 102
2026-05-15 07:45:52 CartMoveState: IDLE (1) -> FROM_MOVE (3)
2026-05-15 07:45:53 CartMoveState: FROM_MOVE (3) -> FROM_PROBE (19)
2026-05-15 07:45:55 Handler State: PROBE_CART (24) -> PROCESS_CART (6)
2026-05-15 07:46:36 Setting CBS color valve (FillGate): 1
2026-05-15 07:46:37 Primed volume (FillGate): 2.04387
2026-05-15 07:46:37 Re-Calculated Filling Volume: 640
2026-05-15 07:46:37 Setting CBS color valve (FillCart): 1
2026-05-15 07:47:06 Handler State: PROCESS_CART (6) -> EXCHANGE_ONE (7)
2026-05-15 07:47:06 CartMove: Exchange 1, from 102
2026-05-15 07:47:06 CartMoveState: FROM_PROBE (19) -> FROM_CART (4)
2026-05-15 07:47:13 Setting CBS color valve (Finished): 0
2026-05-15 07:47:14 CartMoveState: FROM_CART (4) -> TO_MOVE (10)
2026-05-15 07:47:15 CartMoveState: TO_MOVE (10) -> EXCH_1_WAIT (14)
2026-05-15 07:47:15 Handler State: EXCHANGE_ONE (7) -> START_DCU (8)
2026-05-15 07:48:16 Handler State: START_DCU (8) -> EXCHANGE_TWO (9)
2026-05-15 07:48:16 CartMove: Exchange 2
2026-05-15 07:48:17 CartMoveState: EXCH_1_WAIT (14) -> EXCH_1_CART (15)
2026-05-15 07:48:20 CartMoveState: EXCH_1_CART (15) -> EXCH_2_MOVE (16)
2026-05-15 07:48:21 CartMoveState: EXCH_2_MOVE (16) -> EXCH_2_CART (17)
2026-05-15 07:48:23 CartMoveState: EXCH_2_CART (17) -> STORE_DECIDE (18)
2026-05-15 07:48:23 Used volume for last job: 0
2026-05-15 07:48:23 Handler State: EXCHANGE_TWO (9) -> WAIT_FOR_DCU (10)
2026-05-15 07:48:25 Handler State: WAIT_FOR_DCU (10) -> EXCHANGE_THREE (11)
2026-05-15 07:48:25 CartMove: Exchange 3
2026-05-15 07:48:25 CartMoveState: STORE_DECIDE (18) -> AUX_DECIDE (5)
2026-05-15 07:48:25 CartMoveState: AUX_DECIDE (5) -> TO_MOVE (10)
2026-05-15 07:48:25 CartMoveState: TO_MOVE (10) -> TO_CART (11)
2026-05-15 07:48:28 CartMoveState: TO_CART (11) -> HOME_MOVE (12)
2026-05-15 07:48:28 CartMoveState: HOME_MOVE (12) -> HALT (13)
2026-05-15 07:48:28 CartMoveState: HALT (13) -> IDLE (1)
2026-05-15 07:48:28 Handler State: EXCHANGE_THREE (11) -> POST_PROCESS (12)
2026-05-15 07:48:28 Handler State: POST_PROCESS (12) -> MOVE_ARM_HOME (14)
2026-05-15 07:48:29 Handler State: MOVE_ARM_HOME (14) -> HANDLER_IDLE (1)
2026-05-15 07:48:35 Handler State: HANDLER_IDLE (1) -> HANDLER_START (2)
2026-05-15 07:48:36 Handler State: HANDLER_START (2) -> DECIDE_CART (3)
2026-05-15 07:48:36 Selection: Last resort, just pick the first IFS.
2026-05-15 07:48:36 Selection: Last resort, just pick the first cartridge.
2026-05-15 07:48:36 Selected Primary Cartridge: 3
2026-05-15 07:48:36 Selected Primary Station: 104
2026-05-15 07:48:36 Selected Secondary Cartridge: 0
2026-05-15 07:48:36 Selected Secondary Station: 0
2026-05-15 07:48:36 Selected Filling Volume: 436
2026-05-15 07:48:36 Handler State: DECIDE_CART (3) -> REMOVE_CART (4)
2026-05-15 07:48:36 CartMove: Move, from 104 to 108
2026-05-15 07:48:36 CartMoveState: IDLE (1) -> FROM_MOVE (3)
2026-05-15 07:48:37 CartMoveState: FROM_MOVE (3) -> FROM_CART (4)
2026-05-15 07:48:40 CartMoveState: FROM_CART (4) -> AUX_DECIDE (5)
2026-05-15 07:48:40 CartMoveState: AUX_DECIDE (5) -> TO_MOVE (10)
2026-05-15 07:48:41 CartMoveState: TO_MOVE (10) -> TO_CART (11)
2026-05-15 07:48:43 CartMoveState: TO_CART (11) -> HOME_MOVE (12)
2026-05-15 07:48:45 CartMoveState: HOME_MOVE (12) -> HALT (13)
2026-05-15 07:48:45 CartMoveState: HALT (13) -> IDLE (1)
2026-05-15 07:48:45 Handler State: REMOVE_CART (4) -> PLACE_CART (5)
2026-05-15 07:48:45 CartMove: Move, from 107 to 104
2026-05-15 07:48:45 CartMoveState: IDLE (1) -> FROM_MOVE (3)
2026-05-15 07:48:46 CartMoveState: FROM_MOVE (3) -> FROM_CART (4)
2026-05-15 07:48:49 CartMoveState: FROM_CART (4) -> AUX_DECIDE (5)
2026-05-15 07:48:49 CartMoveState: AUX_DECIDE (5) -> TO_MOVE (10)
2026-05-15 07:48:51 CartMoveState: TO_MOVE (10) -> TO_CART (11)
2026-05-15 07:48:53 CartMoveState: TO_CART (11) -> HOME_MOVE (12)
2026-05-15 07:48:54 CartMoveState: HOME_MOVE (12) -> HALT (13)
2026-05-15 07:48:54 CartMoveState: HALT (13) -> IDLE (1)
2026-05-15 07:48:54 Handler State: PLACE_CART (5) -> CHECK_SEC_CART (26)
2026-05-15 07:48:54 Handler State: CHECK_SEC_CART (26) -> PROBE_CART (24)
2026-05-15 07:48:54 CartMove: Exchange 1, from 104
2026-05-15 07:48:54 CartMoveState: IDLE (1) -> FROM_MOVE (3)
2026-05-15 07:48:55 CartMoveState: FROM_MOVE (3) -> FROM_PROBE (19)
2026-05-15 07:48:56 Handler State: PROBE_CART (24) -> PROCESS_CART (6)
2026-05-15 07:49:29 Setting CBS color valve (FillIFS): 2
2026-05-15 07:49:30 Primed volume (FillIFS): 0.999158
2026-05-15 07:49:30 Re-Calculated Filling Volume: 436
2026-05-15 07:49:30 Setting CBS color valve (FillCart): 2
2026-05-15 07:49:53 Handler State: PROCESS_CART (6) -> EXCHANGE_ONE (7)
2026-05-15 07:49:53 CartMove: Exchange 1, from 104
2026-05-15 07:49:53 CartMoveState: FROM_PROBE (19) -> FROM_CART (4)
2026-05-15 07:49:59 Setting CBS color valve (Finished): 0
2026-05-15 07:50:01 CartMoveState: FROM_CART (4) -> TO_MOVE (10)
2026-05-15 07:50:02 CartMoveState: TO_MOVE (10) -> EXCH_1_WAIT (14)
2026-05-15 07:50:02 Handler State: EXCHANGE_ONE (7) -> START_DCU (8)
2026-05-15 07:50:14 Handler State: START_DCU (8) -> EXCHANGE_TWO (9)
2026-05-15 07:50:14 CartMove: Exchange 2
2026-05-15 07:50:25 CartMoveState: EXCH_1_WAIT (14) -> EXCH_1_CART (15)
2026-05-15 07:50:28 CartMoveState: EXCH_1_CART (15) -> EXCH_2_MOVE (16)
2026-05-15 07:50:29 CartMoveState: EXCH_2_MOVE (16) -> EXCH_2_CART (17)
2026-05-15 07:50:31 CartMoveState: EXCH_2_CART (17) -> STORE_DECIDE (18)
2026-05-15 07:50:31 Used volume for last job: 121.742
2026-05-15 07:50:31 Handler State: EXCHANGE_TWO (9) -> WAIT_FOR_DCU (10)
2026-05-15 07:50:32 Handler State: WAIT_FOR_DCU (10) -> EXCHANGE_THREE (11)
2026-05-15 07:50:32 CartMove: Exchange 3
2026-05-15 07:50:32 CartMoveState: STORE_DECIDE (18) -> AUX_DECIDE (5)
2026-05-15 07:50:32 CartMoveState: AUX_DECIDE (5) -> TO_MOVE (10)
2026-05-15 07:50:34 CartMoveState: TO_MOVE (10) -> TO_CART (11)
2026-05-15 07:50:36 CartMoveState: TO_CART (11) -> HOME_MOVE (12)
2026-05-15 07:50:38 CartMoveState: HOME_MOVE (12) -> HALT (13)
2026-05-15 07:50:38 CartMoveState: HALT (13) -> IDLE (1)
2026-05-15 07:50:38 Handler State: EXCHANGE_THREE (11) -> POST_PROCESS (12)
2026-05-15 07:50:38 Handler State: POST_PROCESS (12) -> EMPTY_AUX (13)
2026-05-15 07:50:38 CartMove: Move, from 108 to 104
2026-05-15 07:50:38 CartMoveState: IDLE (1) -> FROM_MOVE (3)
2026-05-15 07:50:39 CartMoveState: FROM_MOVE (3) -> FROM_CART (4)
2026-05-15 07:50:42 CartMoveState: FROM_CART (4) -> AUX_DECIDE (5)
2026-05-15 07:50:42 CartMoveState: AUX_DECIDE (5) -> TO_MOVE (10)
2026-05-15 07:50:44 CartMoveState: TO_MOVE (10) -> TO_CART (11)
2026-05-15 07:50:47 CartMoveState: TO_CART (11) -> HOME_MOVE (12)
2026-05-15 07:50:48 CartMoveState: HOME_MOVE (12) -> HALT (13)
2026-05-15 07:50:48 CartMoveState: HALT (13) -> IDLE (1)
2026-05-15 07:50:48 Handler State: EMPTY_AUX (13) -> MOVE_ARM_HOME (14)
2026-05-15 07:50:48 Handler State: MOVE_ARM_HOME (14) -> HANDLER_IDLE (1)
2026-05-15 07:50:53 Handler State: HANDLER_IDLE (1) -> HANDLER_START (2)
2026-05-15 07:50:54 Handler State: HANDLER_START (2) -> DECIDE_CART (3)
2026-05-15 07:50:54 Selection: IFS has correct material.
2026-05-15 07:50:54 Selection: Last resort, just pick the first cartridge.
2026-05-15 07:50:54 Selected Primary Cartridge: 6
2026-05-15 07:50:54 Selected Primary Station: 104
2026-05-15 07:50:54 Selected Secondary Cartridge: 0
2026-05-15 07:50:54 Selected Secondary Station: 0
2026-05-15 07:50:54 Selected Filling Volume: 477
2026-05-15 07:50:54 Handler State: DECIDE_CART (3) -> CHECK_SEC_CART (26)
2026-05-15 07:50:54 Handler State: CHECK_SEC_CART (26) -> PROBE_CART (24)
2026-05-15 07:50:54 CartMove: Exchange 1, from 104
2026-05-15 07:50:54 CartMoveState: IDLE (1) -> FROM_MOVE (3)
2026-05-15 07:50:55 CartMoveState: FROM_MOVE (3) -> FROM_PROBE (19)
2026-05-15 07:50:57 Handler State: PROBE_CART (24) -> PROCESS_CART (6)
2026-05-15 07:51:49 Setting CBS color valve (FillGate): 2
2026-05-15 07:51:50 Primed volume (FillGate): 1.75536
2026-05-15 07:51:50 Re-Calculated Filling Volume: 477
2026-05-15 07:51:50 Setting CBS color valve (FillCart): 2
2026-05-15 07:52:12 Handler State: PROCESS_CART (6) -> EXCHANGE_ONE (7)
2026-05-15 07:52:12 CartMove: Exchange 1, from 104
2026-05-15 07:52:12 CartMoveState: FROM_PROBE (19) -> FROM_CART (4)
2026-05-15 07:52:17 Setting CBS color valve (Finished): 0
2026-05-15 07:52:19 CartMoveState: FROM_CART (4) -> TO_MOVE (10)
2026-05-15 07:52:21 CartMoveState: TO_MOVE (10) -> EXCH_1_WAIT (14)
2026-05-15 07:52:21 Handler State: EXCHANGE_ONE (7) -> START_DCU (8)
2026-05-15 07:52:49 Handler State: START_DCU (8) -> EXCHANGE_TWO (9)
2026-05-15 07:52:49 CartMove: Exchange 2
2026-05-15 07:52:50 CartMoveState: EXCH_1_WAIT (14) -> EXCH_1_CART (15)
2026-05-15 07:52:52 CartMoveState: EXCH_1_CART (15) -> EXCH_2_MOVE (16)
2026-05-15 07:52:53 CartMoveState: EXCH_2_MOVE (16) -> EXCH_2_CART (17)
2026-05-15 07:52:55 CartMoveState: EXCH_2_CART (17) -> STORE_DECIDE (18)
2026-05-15 07:52:55 Used volume for last job: 0
2026-05-15 07:52:55 Handler State: EXCHANGE_TWO (9) -> WAIT_FOR_DCU (10)
2026-05-15 07:52:57 Handler State: WAIT_FOR_DCU (10) -> EXCHANGE_THREE (11)
2026-05-15 07:52:57 CartMove: Exchange 3
2026-05-15 07:52:57 CartMoveState: STORE_DECIDE (18) -> AUX_DECIDE (5)
2026-05-15 07:52:57 CartMoveState: AUX_DECIDE (5) -> TO_MOVE (10)
2026-05-15 07:52:58 CartMoveState: TO_MOVE (10) -> TO_CART (11)
2026-05-15 07:53:00 CartMoveState: TO_CART (11) -> HOME_MOVE (12)
2026-05-15 07:53:02 CartMoveState: HOME_MOVE (12) -> HALT (13)
2026-05-15 07:53:02 CartMoveState: HALT (13) -> IDLE (1)
2026-05-15 07:53:02 Handler State: EXCHANGE_THREE (11) -> POST_PROCESS (12)
2026-05-15 07:53:02 Handler State: POST_PROCESS (12) -> MOVE_ARM_HOME (14)
2026-05-15 07:53:02 Handler State: MOVE_ARM_HOME (14) -> HANDLER_IDLE (1)
2026-05-15 07:54:38 Handler State: HANDLER_IDLE (1) -> SEMI_START (15)
2026-05-15 07:54:38 Handler State: SEMI_START (15) -> SEMI_PROBE_CART (25)
2026-05-15 07:54:42 Handler State: SEMI_PROBE_CART (25) -> SEMI_PROCESS (16)
2026-05-15 07:56:15 Re-Calculated Filling Volume: 0
2026-05-15 07:56:22 Setting CBS color valve (Finished): 0
2026-05-15 07:56:22 Handler State: SEMI_PROCESS (16) -> SEMI_WHAT_NEXT (21)
2026-05-15 07:56:22 Handler State: SEMI_WHAT_NEXT (21) -> SEMI_FINISHED (23)
2026-05-15 07:56:23 Handler State: SEMI_FINISHED (23) -> HANDLER_IDLE (1)
2026-05-15 07:56:25 Handler State: HANDLER_IDLE (1) -> HANDLER_START (2)
2026-05-15 07:56:26 Handler State: HANDLER_START (2) -> DECIDE_CART (3)
2026-05-15 07:56:26 Selection: IFS is clean and its cartridge is cleaned.
2026-05-15 07:56:26 Selected Primary Cartridge: 1
2026-05-15 07:56:26 Selected Primary Station: 102
2026-05-15 07:56:26 Selected Secondary Cartridge: 0
2026-05-15 07:56:26 Selected Secondary Station: 0
2026-05-15 07:56:26 Selected Filling Volume: 258
2026-05-15 07:56:26 Handler State: DECIDE_CART (3) -> CHECK_SEC_CART (26)
2026-05-15 07:56:26 Handler State: CHECK_SEC_CART (26) -> PROBE_CART (24)
2026-05-15 07:56:26 CartMove: Exchange 1, from 102
2026-05-15 07:56:26 CartMoveState: IDLE (1) -> FROM_MOVE (3)
2026-05-15 07:56:27 CartMoveState: FROM_MOVE (3) -> FROM_PROBE (19)
2026-05-15 07:56:28 Handler State: PROBE_CART (24) -> PROCESS_CART (6)
2026-05-15 07:56:28 Setting CBS color valve (FillIFS): 2
2026-05-15 07:56:30 Primed volume (FillIFS): 4.54951
2026-05-15 07:56:30 Re-Calculated Filling Volume: 258
2026-05-15 07:56:30 Setting CBS color valve (FillCart): 2
2026-05-15 07:56:45 Handler State: PROCESS_CART (6) -> EXCHANGE_ONE (7)
2026-05-15 07:56:45 CartMove: Exchange 1, from 102
2026-05-15 07:56:45 CartMoveState: FROM_PROBE (19) -> FROM_CART (4)
2026-05-15 07:56:52 Setting CBS color valve (Finished): 0
2026-05-15 07:56:53 CartMoveState: FROM_CART (4) -> TO_MOVE (10)
2026-05-15 07:56:54 CartMoveState: TO_MOVE (10) -> EXCH_1_WAIT (14)
2026-05-15 07:56:54 Handler State: EXCHANGE_ONE (7) -> START_DCU (8)
2026-05-15 07:56:54 Handler State: START_DCU (8) -> EXCHANGE_TWO (9)
2026-05-15 07:56:54 CartMove: Exchange 2
2026-05-15 07:56:55 CartMoveState: EXCH_1_WAIT (14) -> EXCH_1_CART (15)
2026-05-15 07:56:58 CartMoveState: EXCH_1_CART (15) -> EXCH_2_MOVE (16)
2026-05-15 07:56:59 CartMoveState: EXCH_2_MOVE (16) -> EXCH_2_CART (17)
2026-05-15 07:57:01 CartMoveState: EXCH_2_CART (17) -> STORE_DECIDE (18)
2026-05-15 07:57:01 Used volume for last job: 425.174
2026-05-15 07:57:01 Handler State: EXCHANGE_TWO (9) -> WAIT_FOR_DCU (10)
2026-05-15 07:57:03 Handler State: WAIT_FOR_DCU (10) -> EXCHANGE_THREE (11)
2026-05-15 07:57:03 CartMove: Exchange 3
2026-05-15 07:57:03 CartMoveState: STORE_DECIDE (18) -> AUX_DECIDE (5)
2026-05-15 07:57:03 CartMoveState: AUX_DECIDE (5) -> TO_MOVE (10)
2026-05-15 07:57:05 CartMoveState: TO_MOVE (10) -> TO_CART (11)
2026-05-15 07:57:07 CartMoveState: TO_CART (11) -> HOME_MOVE (12)
2026-05-15 07:57:08 CartMoveState: HOME_MOVE (12) -> HALT (13)
2026-05-15 07:57:08 CartMoveState: HALT (13) -> IDLE (1)
2026-05-15 07:57:08 Handler State: EXCHANGE_THREE (11) -> POST_PROCESS (12)
2026-05-15 07:57:08 Handler State: POST_PROCESS (12) -> MOVE_ARM_HOME (14)
2026-05-15 07:57:08 Handler State: MOVE_ARM_HOME (14) -> HANDLER_IDLE (1)
2026-05-15 08:00:29 Handler State: HANDLER_IDLE (1) -> SEMI_START (15)
2026-05-15 08:00:29 Handler State: SEMI_START (15) -> SEMI_PROBE_CART (25)
2026-05-15 08:00:32 Handler State: SEMI_PROBE_CART (25) -> SEMI_PROCESS (16)
2026-05-15 08:02:02 Re-Calculated Filling Volume: 0
2026-05-15 08:02:08 Setting CBS color valve (Finished): 0
2026-05-15 08:02:08 Handler State: SEMI_PROCESS (16) -> SEMI_WHAT_NEXT (21)
2026-05-15 08:02:08 Handler State: SEMI_WHAT_NEXT (21) -> SEMI_FINISHED (23)
2026-05-15 08:02:08 Handler State: SEMI_FINISHED (23) -> HANDLER_IDLE (1)
2026-05-15 08:02:15 Handler State: HANDLER_IDLE (1) -> HANDLER_START (2)
2026-05-15 08:02:16 Handler State: HANDLER_START (2) -> DECIDE_CART (3)
2026-05-15 08:02:16 Selection: IFS is clean and its cartridge is cleaned.
2026-05-15 08:02:16 Selected Primary Cartridge: 2
2026-05-15 08:02:16 Selected Primary Station: 103
2026-05-15 08:02:16 Selected Secondary Cartridge: 0
2026-05-15 08:02:16 Selected Secondary Station: 0
2026-05-15 08:02:16 Selected Filling Volume: 303
2026-05-15 08:02:16 Handler State: DECIDE_CART (3) -> CHECK_SEC_CART (26)
2026-05-15 08:02:16 Handler State: CHECK_SEC_CART (26) -> PROBE_CART (24)
2026-05-15 08:02:16 CartMove: Exchange 1, from 103
2026-05-15 08:02:16 CartMoveState: IDLE (1) -> FROM_MOVE (3)
2026-05-15 08:02:16 CartMoveState: FROM_MOVE (3) -> FROM_PROBE (19)
2026-05-15 08:02:18 Handler State: PROBE_CART (24) -> PROCESS_CART (6)
2026-05-15 08:02:18 Setting CBS color valve (FillIFS): 1
2026-05-15 08:02:19 Primed volume (FillIFS): 4.06219
2026-05-15 08:02:19 Re-Calculated Filling Volume: 303
2026-05-15 08:02:19 Setting CBS color valve (FillCart): 1
2026-05-15 08:02:36 Handler State: PROCESS_CART (6) -> EXCHANGE_ONE (7)
2026-05-15 08:02:36 CartMove: Exchange 1, from 103
2026-05-15 08:02:36 CartMoveState: FROM_PROBE (19) -> FROM_CART (4)
2026-05-15 08:02:41 Setting CBS color valve (Finished): 0
2026-05-15 08:02:43 CartMoveState: FROM_CART (4) -> TO_MOVE (10)
2026-05-15 08:02:44 CartMoveState: TO_MOVE (10) -> EXCH_1_WAIT (14)
2026-05-15 08:02:44 Handler State: EXCHANGE_ONE (7) -> START_DCU (8)
2026-05-15 08:02:45 Handler State: START_DCU (8) -> EXCHANGE_TWO (9)
2026-05-15 08:02:45 CartMove: Exchange 2
2026-05-15 08:02:45 CartMoveState: EXCH_1_WAIT (14) -> EXCH_1_CART (15)
2026-05-15 08:02:48 CartMoveState: EXCH_1_CART (15) -> EXCH_2_MOVE (16)
2026-05-15 08:02:49 CartMoveState: EXCH_2_MOVE (16) -> EXCH_2_CART (17)
2026-05-15 08:02:51 CartMoveState: EXCH_2_CART (17) -> STORE_DECIDE (18)
2026-05-15 08:02:51 Used volume for last job: 205.031
2026-05-15 08:02:51 Handler State: EXCHANGE_TWO (9) -> WAIT_FOR_DCU (10)
2026-05-15 08:02:53 Handler State: WAIT_FOR_DCU (10) -> EXCHANGE_THREE (11)
2026-05-15 08:02:53 CartMove: Exchange 3
2026-05-15 08:02:53 CartMoveState: STORE_DECIDE (18) -> AUX_DECIDE (5)
2026-05-15 08:02:53 CartMoveState: AUX_DECIDE (5) -> TO_MOVE (10)
2026-05-15 08:02:53 CartMoveState: TO_MOVE (10) -> TO_CART (11)
2026-05-15 08:02:55 CartMoveState: TO_CART (11) -> HOME_MOVE (12)
2026-05-15 08:02:55 CartMoveState: HOME_MOVE (12) -> HALT (13)
2026-05-15 08:02:55 CartMoveState: HALT (13) -> IDLE (1)
2026-05-15 08:02:55 Handler State: EXCHANGE_THREE (11) -> POST_PROCESS (12)
2026-05-15 08:02:55 Handler State: POST_PROCESS (12) -> MOVE_ARM_HOME (14)
2026-05-15 08:02:55 Handler State: MOVE_ARM_HOME (14) -> HANDLER_IDLE (1)
2026-05-15 08:05:55 Handler State: HANDLER_IDLE (1) -> HANDLER_START (2)
2026-05-15 08:05:56 Handler State: HANDLER_START (2) -> DECIDE_CART (3)
2026-05-15 08:05:56 Selection: IFS has correct material.
2026-05-15 08:05:56 Selection: Last resort, just pick the first cartridge.
2026-05-15 08:05:56 Selected Primary Cartridge: 5
2026-05-15 08:05:56 Selected Primary Station: 103
2026-05-15 08:05:56 Selected Secondary Cartridge: 0
2026-05-15 08:05:56 Selected Secondary Station: 0
2026-05-15 08:05:56 Selected Filling Volume: 302
2026-05-15 08:05:56 Handler State: DECIDE_CART (3) -> PLACE_CART (5)
2026-05-15 08:05:56 CartMove: Move, from 106 to 103
2026-05-15 08:05:56 CartMoveState: IDLE (1) -> FROM_MOVE (3)
2026-05-15 08:05:57 CartMoveState: FROM_MOVE (3) -> FROM_CART (4)
2026-05-15 08:06:00 CartMoveState: FROM_CART (4) -> AUX_DECIDE (5)
2026-05-15 08:06:00 CartMoveState: AUX_DECIDE (5) -> TO_MOVE (10)
2026-05-15 08:06:02 CartMoveState: TO_MOVE (10) -> TO_CART (11)
2026-05-15 08:06:04 CartMoveState: TO_CART (11) -> HOME_MOVE (12)
2026-05-15 08:06:04 CartMoveState: HOME_MOVE (12) -> HALT (13)
2026-05-15 08:06:04 CartMoveState: HALT (13) -> IDLE (1)
2026-05-15 08:06:04 Handler State: PLACE_CART (5) -> CHECK_SEC_CART (26)
2026-05-15 08:06:04 Handler State: CHECK_SEC_CART (26) -> PROBE_CART (24)
2026-05-15 08:06:04 CartMove: Exchange 1, from 103
2026-05-15 08:06:04 CartMoveState: IDLE (1) -> FROM_MOVE (3)
2026-05-15 08:06:04 CartMoveState: FROM_MOVE (3) -> FROM_PROBE (19)
2026-05-15 08:06:06 Handler State: PROBE_CART (24) -> PROCESS_CART (6)
2026-05-15 08:07:43 Setting CBS color valve (FillGate): 1
2026-05-15 08:07:44 Primed volume (FillGate): 1.10654
2026-05-15 08:07:44 Re-Calculated Filling Volume: 302
2026-05-15 08:07:44 Setting CBS color valve (FillCart): 1
2026-05-15 08:08:00 Handler State: PROCESS_CART (6) -> EXCHANGE_ONE (7)
2026-05-15 08:08:00 CartMove: Exchange 1, from 103
2026-05-15 08:08:00 CartMoveState: FROM_PROBE (19) -> FROM_CART (4)
2026-05-15 08:08:06 Setting CBS color valve (Finished): 0
2026-05-15 08:08:07 CartMoveState: FROM_CART (4) -> TO_MOVE (10)
2026-05-15 08:08:09 CartMoveState: TO_MOVE (10) -> EXCH_1_WAIT (14)
2026-05-15 08:08:09 Handler State: EXCHANGE_ONE (7) -> START_DCU (8)
2026-05-15 08:08:09 Handler State: START_DCU (8) -> EXCHANGE_TWO (9)
2026-05-15 08:08:09 CartMove: Exchange 2
2026-05-15 08:08:09 CartMoveState: EXCH_1_WAIT (14) -> EXCH_1_CART (15)
2026-05-15 08:08:12 CartMoveState: EXCH_1_CART (15) -> EXCH_2_MOVE (16)
2026-05-15 08:08:13 CartMoveState: EXCH_2_MOVE (16) -> EXCH_2_CART (17)
2026-05-15 08:08:15 CartMoveState: EXCH_2_CART (17) -> STORE_DECIDE (18)
2026-05-15 08:08:15 Used volume for last job: 0
2026-05-15 08:08:15 Handler State: EXCHANGE_TWO (9) -> WAIT_FOR_DCU (10)
2026-05-15 08:08:17 Handler State: WAIT_FOR_DCU (10) -> EXCHANGE_THREE (11)
2026-05-15 08:08:17 CartMove: Exchange 3
2026-05-15 08:08:17 CartMoveState: STORE_DECIDE (18) -> AUX_DECIDE (5)
2026-05-15 08:08:17 CartMoveState: AUX_DECIDE (5) -> TO_MOVE (10)
2026-05-15 08:08:18 CartMoveState: TO_MOVE (10) -> TO_CART (11)
2026-05-15 08:08:20 CartMoveState: TO_CART (11) -> HOME_MOVE (12)
2026-05-15 08:08:21 CartMoveState: HOME_MOVE (12) -> HALT (13)
2026-05-15 08:08:21 CartMoveState: HALT (13) -> IDLE (1)
2026-05-15 08:08:21 Handler State: EXCHANGE_THREE (11) -> POST_PROCESS (12)
2026-05-15 08:08:21 Handler State: POST_PROCESS (12) -> MOVE_ARM_HOME (14)
2026-05-15 08:08:21 Handler State: MOVE_ARM_HOME (14) -> HANDLER_IDLE (1)
2026-05-15 08:08:26 Handler State: HANDLER_IDLE (1) -> HANDLER_START (2)
2026-05-15 08:08:27 Handler State: HANDLER_START (2) -> DECIDE_CART (3)
2026-05-15 08:08:27 Selection: Last resort, just pick the first IFS.
2026-05-15 08:08:27 Selection: Last resort, just pick the first cartridge.
2026-05-15 08:08:27 Selected Primary Cartridge: 3
2026-05-15 08:08:27 Selected Primary Station: 104
2026-05-15 08:08:27 Selected Secondary Cartridge: 0
2026-05-15 08:08:27 Selected Secondary Station: 0
2026-05-15 08:08:27 Selected Filling Volume: 640
2026-05-15 08:08:27 Handler State: DECIDE_CART (3) -> CHECK_SEC_CART (26)
2026-05-15 08:08:27 Handler State: CHECK_SEC_CART (26) -> PROBE_CART (24)
2026-05-15 08:08:27 CartMove: Exchange 1, from 104
2026-05-15 08:08:27 CartMoveState: IDLE (1) -> FROM_MOVE (3)
2026-05-15 08:08:28 CartMoveState: FROM_MOVE (3) -> FROM_PROBE (19)
2026-05-15 08:08:30 Handler State: PROBE_CART (24) -> PROCESS_CART (6)
2026-05-15 08:08:58 Setting CBS color valve (FillIFS): 1
2026-05-15 08:09:00 Primed volume (FillIFS): 4.68454
2026-05-15 08:09:00 Re-Calculated Filling Volume: 640
2026-05-15 08:09:00 Setting CBS color valve (FillCart): 1
2026-05-15 08:09:22 Handler State: PROCESS_CART (6) -> EXCHANGE_ONE (7)
2026-05-15 08:09:22 CartMove: Exchange 1, from 104
2026-05-15 08:09:22 CartMoveState: FROM_PROBE (19) -> FROM_CART (4)
2026-05-15 08:09:27 Setting CBS color valve (Finished): 0
2026-05-15 08:09:29 CartMoveState: FROM_CART (4) -> TO_MOVE (10)
2026-05-15 08:09:31 CartMoveState: TO_MOVE (10) -> EXCH_1_WAIT (14)
2026-05-15 08:09:31 Handler State: EXCHANGE_ONE (7) -> START_DCU (8)
2026-05-15 08:09:50 Handler State: START_DCU (8) -> EXCHANGE_TWO (9)
2026-05-15 08:09:50 CartMove: Exchange 2
2026-05-15 08:10:01 CartMoveState: EXCH_1_WAIT (14) -> EXCH_1_CART (15)
2026-05-15 08:10:03 CartMoveState: EXCH_1_CART (15) -> EXCH_2_MOVE (16)
2026-05-15 08:10:04 CartMoveState: EXCH_2_MOVE (16) -> EXCH_2_CART (17)
2026-05-15 08:10:06 CartMoveState: EXCH_2_CART (17) -> STORE_DECIDE (18)
2026-05-15 08:10:06 Used volume for last job: 250.559
2026-05-15 08:10:06 Handler State: EXCHANGE_TWO (9) -> WAIT_FOR_DCU (10)
2026-05-15 08:10:08 Handler State: WAIT_FOR_DCU (10) -> EXCHANGE_THREE (11)
2026-05-15 08:10:08 CartMove: Exchange 3
2026-05-15 08:10:08 CartMoveState: STORE_DECIDE (18) -> AUX_DECIDE (5)
2026-05-15 08:10:08 CartMoveState: AUX_DECIDE (5) -> TO_MOVE (10)
2026-05-15 08:10:09 CartMoveState: TO_MOVE (10) -> TO_CART (11)
2026-05-15 08:10:12 CartMoveState: TO_CART (11) -> HOME_MOVE (12)
2026-05-15 08:10:13 CartMoveState: HOME_MOVE (12) -> HALT (13)
2026-05-15 08:10:13 CartMoveState: HALT (13) -> IDLE (1)
2026-05-15 08:10:13 Handler State: EXCHANGE_THREE (11) -> POST_PROCESS (12)
2026-05-15 08:10:13 Handler State: POST_PROCESS (12) -> MOVE_ARM_HOME (14)
2026-05-15 08:10:13 Handler State: MOVE_ARM_HOME (14) -> HANDLER_IDLE (1)
2026-05-15 08:12:31 Handler State: HANDLER_IDLE (1) -> SEMI_START (15)
2026-05-15 08:12:31 Handler State: SEMI_START (15) -> SEMI_PROBE_CART (25)
2026-05-15 08:12:34 Handler State: SEMI_PROBE_CART (25) -> SEMI_PROCESS (16)
2026-05-15 08:13:10 Re-Calculated Filling Volume: 0
2026-05-15 08:13:17 Setting CBS color valve (Finished): 0
2026-05-15 08:13:17 Handler State: SEMI_PROCESS (16) -> SEMI_WHAT_NEXT (21)
2026-05-15 08:13:17 Handler State: SEMI_WHAT_NEXT (21) -> SEMI_FINISHED (23)
2026-05-15 08:13:18 Handler State: SEMI_FINISHED (23) -> HANDLER_IDLE (1)
2026-05-15 08:16:00 Handler State: HANDLER_IDLE (1) -> HANDLER_START (2)
2026-05-15 08:16:01 Handler State: HANDLER_START (2) -> DECIDE_CART (3)
2026-05-15 08:16:01 Selection: IFS is clean and its cartridge is cleaned.
2026-05-15 08:16:01 Selected Primary Cartridge: 1
2026-05-15 08:16:01 Selected Primary Station: 102
2026-05-15 08:16:01 Selected Secondary Cartridge: 0
2026-05-15 08:16:01 Selected Secondary Station: 0
2026-05-15 08:16:01 Selected Filling Volume: 247
2026-05-15 08:16:01 Handler State: DECIDE_CART (3) -> CHECK_SEC_CART (26)
2026-05-15 08:16:01 Handler State: CHECK_SEC_CART (26) -> PROBE_CART (24)
2026-05-15 08:16:01 CartMove: Exchange 1, from 102
2026-05-15 08:16:01 CartMoveState: IDLE (1) -> FROM_MOVE (3)
2026-05-15 08:16:02 CartMoveState: FROM_MOVE (3) -> FROM_PROBE (19)
2026-05-15 08:16:04 Handler State: PROBE_CART (24) -> PROCESS_CART (6)
2026-05-15 08:16:04 Setting CBS color valve (FillIFS): 1
2026-05-15 08:16:05 Primed volume (FillIFS): 1.03764
2026-05-15 08:16:05 Re-Calculated Filling Volume: 247
2026-05-15 08:16:05 Setting CBS color valve (FillCart): 1
2026-05-15 08:16:20 Handler State: PROCESS_CART (6) -> EXCHANGE_ONE (7)
2026-05-15 08:16:20 CartMove: Exchange 1, from 102
2026-05-15 08:16:20 CartMoveState: FROM_PROBE (19) -> FROM_CART (4)
2026-05-15 08:16:27 Setting CBS color valve (Finished): 0
2026-05-15 08:16:29 CartMoveState: FROM_CART (4) -> TO_MOVE (10)
2026-05-15 08:16:29 CartMoveState: TO_MOVE (10) -> EXCH_1_WAIT (14)
2026-05-15 08:16:29 Handler State: EXCHANGE_ONE (7) -> START_DCU (8)
2026-05-15 08:16:30 Handler State: START_DCU (8) -> EXCHANGE_TWO (9)
2026-05-15 08:16:30 CartMove: Exchange 2
2026-05-15 08:16:30 CartMoveState: EXCH_1_WAIT (14) -> EXCH_1_CART (15)
2026-05-15 08:16:32 CartMoveState: EXCH_1_CART (15) -> EXCH_2_MOVE (16)
2026-05-15 08:16:34 CartMoveState: EXCH_2_MOVE (16) -> EXCH_2_CART (17)
2026-05-15 08:16:36 CartMoveState: EXCH_2_CART (17) -> STORE_DECIDE (18)
2026-05-15 08:16:36 Used volume for last job: 440.043
2026-05-15 08:16:36 Handler State: EXCHANGE_TWO (9) -> WAIT_FOR_DCU (10)
2026-05-15 08:16:38 Handler State: WAIT_FOR_DCU (10) -> EXCHANGE_THREE (11)
2026-05-15 08:16:38 CartMove: Exchange 3
2026-05-15 08:16:38 CartMoveState: STORE_DECIDE (18) -> AUX_DECIDE (5)
2026-05-15 08:16:38 CartMoveState: AUX_DECIDE (5) -> TO_MOVE (10)
2026-05-15 08:16:38 CartMoveState: TO_MOVE (10) -> TO_CART (11)
2026-05-15 08:16:41 CartMoveState: TO_CART (11) -> HOME_MOVE (12)
2026-05-15 08:16:42 CartMoveState: HOME_MOVE (12) -> HALT (13)
2026-05-15 08:16:42 CartMoveState: HALT (13) -> IDLE (1)
2026-05-15 08:16:42 Handler State: EXCHANGE_THREE (11) -> POST_PROCESS (12)
2026-05-15 08:16:42 Handler State: POST_PROCESS (12) -> MOVE_ARM_HOME (14)
2026-05-15 08:16:42 Handler State: MOVE_ARM_HOME (14) -> HANDLER_IDLE (1)
2026-05-15 08:20:03 Handler State: HANDLER_IDLE (1) -> SEMI_START (15)
2026-05-15 08:20:03 Handler State: SEMI_START (15) -> SEMI_TO_IFS (18)
2026-05-15 08:20:03 CartMove: Move, from 105 to 102
2026-05-15 08:20:03 CartMoveState: IDLE (1) -> FROM_MOVE (3)
2026-05-15 08:20:04 CartMoveState: FROM_MOVE (3) -> FROM_CART (4)
2026-05-15 08:20:07 CartMoveState: FROM_CART (4) -> AUX_DECIDE (5)
2026-05-15 08:20:07 CartMoveState: AUX_DECIDE (5) -> TO_MOVE (10)
2026-05-15 08:20:08 CartMoveState: TO_MOVE (10) -> TO_CART (11)
2026-05-15 08:20:10 CartMoveState: TO_CART (11) -> HOME_MOVE (12)
2026-05-15 08:20:11 CartMoveState: HOME_MOVE (12) -> HALT (13)
2026-05-15 08:20:11 CartMoveState: HALT (13) -> IDLE (1)
2026-05-15 08:20:11 Handler State: SEMI_TO_IFS (18) -> SEMI_PROBE_CART (25)
2026-05-15 08:20:15 Handler State: SEMI_PROBE_CART (25) -> SEMI_PROCESS (16)
2026-05-15 08:21:54 Re-Calculated Filling Volume: 0
2026-05-15 08:22:01 Setting CBS color valve (Finished): 0
2026-05-15 08:22:01 Handler State: SEMI_PROCESS (16) -> SEMI_FROM_IFS (20)
2026-05-15 08:22:01 CartMove: Move, from 102 to 105
2026-05-15 08:22:01 CartMoveState: IDLE (1) -> FROM_MOVE (3)
2026-05-15 08:22:01 CartMoveState: FROM_MOVE (3) -> FROM_CART (4)
2026-05-15 08:22:04 CartMoveState: FROM_CART (4) -> AUX_DECIDE (5)
2026-05-15 08:22:04 CartMoveState: AUX_DECIDE (5) -> TO_MOVE (10)
2026-05-15 08:22:06 CartMoveState: TO_MOVE (10) -> TO_CART (11)
2026-05-15 08:22:08 CartMoveState: TO_CART (11) -> HOME_MOVE (12)
2026-05-15 08:22:09 CartMoveState: HOME_MOVE (12) -> HALT (13)
2026-05-15 08:22:09 CartMoveState: HALT (13) -> IDLE (1)
2026-05-15 08:22:09 Handler State: SEMI_FROM_IFS (20) -> SEMI_WHAT_NEXT (21)
2026-05-15 08:22:09 Handler State: SEMI_WHAT_NEXT (21) -> SEMI_FINISHED (23)
2026-05-15 08:22:09 Handler State: SEMI_FINISHED (23) -> HANDLER_IDLE (1)
2026-05-15 08:22:12 Handler State: HANDLER_IDLE (1) -> SEMI_START (15)
2026-05-15 08:22:12 Handler State: SEMI_START (15) -> SEMI_PROBE_CART (25)
2026-05-15 08:22:16 Handler State: SEMI_PROBE_CART (25) -> SEMI_PROCESS (16)
2026-05-15 08:23:09 Re-Calculated Filling Volume: 0
2026-05-15 08:23:15 Setting CBS color valve (Finished): 0
2026-05-15 08:23:15 Handler State: SEMI_PROCESS (16) -> SEMI_WHAT_NEXT (21)
2026-05-15 08:23:15 Handler State: SEMI_WHAT_NEXT (21) -> SEMI_FINISHED (23)
2026-05-15 08:23:16 Handler State: SEMI_FINISHED (23) -> HANDLER_IDLE (1)
2026-05-15 08:23:19 Handler State: HANDLER_IDLE (1) -> SEMI_START (15)
2026-05-15 08:23:19 Handler State: SEMI_START (15) -> SEMI_PROBE_CART (25)
2026-05-15 08:23:21 Handler State: SEMI_PROBE_CART (25) -> SEMI_PROCESS (16)
2026-05-15 08:23:53 Re-Calculated Filling Volume: 0
2026-05-15 08:23:59 Setting CBS color valve (Finished): 0
2026-05-15 08:23:59 Handler State: SEMI_PROCESS (16) -> SEMI_WHAT_NEXT (21)
2026-05-15 08:23:59 Handler State: SEMI_WHAT_NEXT (21) -> SEMI_FINISHED (23)
2026-05-15 08:23:59 Handler State: SEMI_FINISHED (23) -> HANDLER_IDLE (1)
2026-05-15 08:24:40 Handler State: HANDLER_IDLE (1) -> HANDLER_START (2)
2026-05-15 08:24:41 Handler State: HANDLER_START (2) -> DECIDE_CART (3)
2026-05-15 08:24:41 Selection: IFS is clean.
2026-05-15 08:24:41 Selection: Cartridge is clean.
2026-05-15 08:24:41 Selected Primary Cartridge: 4
2026-05-15 08:24:41 Selected Primary Station: 102
2026-05-15 08:24:41 Selected Secondary Cartridge: 0
2026-05-15 08:24:41 Selected Secondary Station: 0
2026-05-15 08:24:41 Selected Filling Volume: 316
2026-05-15 08:24:41 Handler State: DECIDE_CART (3) -> PLACE_CART (5)
2026-05-15 08:24:41 CartMove: Move, from 105 to 102
2026-05-15 08:24:41 CartMoveState: IDLE (1) -> FROM_MOVE (3)
2026-05-15 08:24:42 CartMoveState: FROM_MOVE (3) -> FROM_CART (4)
2026-05-15 08:24:45 CartMoveState: FROM_CART (4) -> AUX_DECIDE (5)
2026-05-15 08:24:45 CartMoveState: AUX_DECIDE (5) -> TO_MOVE (10)
2026-05-15 08:24:47 CartMoveState: TO_MOVE (10) -> TO_CART (11)
2026-05-15 08:24:49 CartMoveState: TO_CART (11) -> HOME_MOVE (12)
2026-05-15 08:24:50 CartMoveState: HOME_MOVE (12) -> HALT (13)
2026-05-15 08:24:50 CartMoveState: HALT (13) -> IDLE (1)
2026-05-15 08:24:50 Handler State: PLACE_CART (5) -> CHECK_SEC_CART (26)
2026-05-15 08:24:50 Handler State: CHECK_SEC_CART (26) -> PROBE_CART (24)
2026-05-15 08:24:50 CartMove: Exchange 1, from 102
2026-05-15 08:24:50 CartMoveState: IDLE (1) -> FROM_MOVE (3)
2026-05-15 08:24:51 CartMoveState: FROM_MOVE (3) -> FROM_PROBE (19)
2026-05-15 08:24:52 Handler State: PROBE_CART (24) -> PROCESS_CART (6)
2026-05-15 08:24:53 Setting CBS color valve (FillIFS): 2
2026-05-15 08:24:54 Primed volume (FillIFS): 1.89002
2026-05-15 08:24:54 Re-Calculated Filling Volume: 316
2026-05-15 08:24:54 Setting CBS color valve (FillCart): 2
2026-05-15 08:25:13 Handler State: PROCESS_CART (6) -> EXCHANGE_ONE (7)
2026-05-15 08:25:13 CartMove: Exchange 1, from 102
2026-05-15 08:25:13 CartMoveState: FROM_PROBE (19) -> FROM_CART (4)
2026-05-15 08:25:19 Setting CBS color valve (Finished): 0
2026-05-15 08:25:21 CartMoveState: FROM_CART (4) -> TO_MOVE (10)
2026-05-15 08:25:22 CartMoveState: TO_MOVE (10) -> EXCH_1_WAIT (14)
2026-05-15 08:25:22 Handler State: EXCHANGE_ONE (7) -> START_DCU (8)
2026-05-15 08:25:22 Handler State: START_DCU (8) -> EXCHANGE_TWO (9)
2026-05-15 08:25:22 CartMove: Exchange 2
2026-05-15 08:25:22 CartMoveState: EXCH_1_WAIT (14) -> EXCH_1_CART (15)
2026-05-15 08:25:25 CartMoveState: EXCH_1_CART (15) -> EXCH_2_MOVE (16)
2026-05-15 08:25:26 CartMoveState: EXCH_2_MOVE (16) -> EXCH_2_CART (17)
2026-05-15 08:25:28 CartMoveState: EXCH_2_CART (17) -> STORE_DECIDE (18)
2026-05-15 08:25:28 Used volume for last job: 193.163
2026-05-15 08:25:28 Handler State: EXCHANGE_TWO (9) -> WAIT_FOR_DCU (10)
2026-05-15 08:25:29 Handler State: WAIT_FOR_DCU (10) -> EXCHANGE_THREE (11)
2026-05-15 08:25:30 CartMove: Exchange 3
2026-05-15 08:25:30 CartMoveState: STORE_DECIDE (18) -> AUX_DECIDE (5)
2026-05-15 08:25:30 CartMoveState: AUX_DECIDE (5) -> TO_MOVE (10)
2026-05-15 08:25:30 CartMoveState: TO_MOVE (10) -> TO_CART (11)
2026-05-15 08:25:32 CartMoveState: TO_CART (11) -> HOME_MOVE (12)
2026-05-15 08:25:32 CartMoveState: HOME_MOVE (12) -> HALT (13)
2026-05-15 08:25:32 CartMoveState: HALT (13) -> IDLE (1)
2026-05-15 08:25:32 Handler State: EXCHANGE_THREE (11) -> POST_PROCESS (12)
2026-05-15 08:25:32 Handler State: POST_PROCESS (12) -> MOVE_ARM_HOME (14)
2026-05-15 08:25:32 Handler State: MOVE_ARM_HOME (14) -> HANDLER_IDLE (1)
2026-05-15 08:33:02 Handler State: HANDLER_IDLE (1) -> HANDLER_START (2)
2026-05-15 08:33:03 Handler State: HANDLER_START (2) -> DECIDE_CART (3)
2026-05-15 08:33:03 Selection: IFS is clean and its cartridge is cleaned.
2026-05-15 08:33:03 Selected Primary Cartridge: 3
2026-05-15 08:33:03 Selected Primary Station: 104
2026-05-15 08:33:03 Selected Secondary Cartridge: 0
2026-05-15 08:33:03 Selected Secondary Station: 0
2026-05-15 08:33:03 Selected Filling Volume: 436
2026-05-15 08:33:03 Handler State: DECIDE_CART (3) -> CHECK_SEC_CART (26)
2026-05-15 08:33:03 Handler State: CHECK_SEC_CART (26) -> PROBE_CART (24)
2026-05-15 08:33:03 CartMove: Exchange 1, from 104
2026-05-15 08:33:03 CartMoveState: IDLE (1) -> FROM_MOVE (3)
2026-05-15 08:33:03 CartMoveState: FROM_MOVE (3) -> FROM_PROBE (19)
2026-05-15 08:33:05 Handler State: PROBE_CART (24) -> PROCESS_CART (6)
2026-05-15 08:33:05 Setting CBS color valve (FillIFS): 1
2026-05-15 08:33:07 Primed volume (FillIFS): 2.28986
2026-05-15 08:33:07 Re-Calculated Filling Volume: 436
2026-05-15 08:33:07 Setting CBS color valve (FillCart): 1
2026-05-15 08:33:29 Handler State: PROCESS_CART (6) -> EXCHANGE_ONE (7)
2026-05-15 08:33:29 CartMove: Exchange 1, from 104
2026-05-15 08:33:29 CartMoveState: FROM_PROBE (19) -> FROM_CART (4)
2026-05-15 08:33:34 Setting CBS color valve (Finished): 0
2026-05-15 08:33:36 CartMoveState: FROM_CART (4) -> TO_MOVE (10)
2026-05-15 08:33:38 CartMoveState: TO_MOVE (10) -> EXCH_1_WAIT (14)
2026-05-15 08:33:38 Handler State: EXCHANGE_ONE (7) -> START_DCU (8)
2026-05-15 08:33:38 Handler State: START_DCU (8) -> EXCHANGE_TWO (9)
2026-05-15 08:33:38 CartMove: Exchange 2
2026-05-15 08:33:38 CartMoveState: EXCH_1_WAIT (14) -> EXCH_1_CART (15)
2026-05-15 08:33:41 CartMoveState: EXCH_1_CART (15) -> EXCH_2_MOVE (16)
2026-05-15 08:33:42 CartMoveState: EXCH_2_MOVE (16) -> EXCH_2_CART (17)
2026-05-15 08:33:44 CartMoveState: EXCH_2_CART (17) -> STORE_DECIDE (18)
2026-05-15 08:33:44 Used volume for last job: 262.372
2026-05-15 08:33:44 Handler State: EXCHANGE_TWO (9) -> WAIT_FOR_DCU (10)
2026-05-15 08:33:45 Handler State: WAIT_FOR_DCU (10) -> EXCHANGE_THREE (11)
2026-05-15 08:33:45 CartMove: Exchange 3
2026-05-15 08:33:45 CartMoveState: STORE_DECIDE (18) -> AUX_DECIDE (5)
2026-05-15 08:33:45 CartMoveState: AUX_DECIDE (5) -> TO_MOVE (10)
2026-05-15 08:33:47 CartMoveState: TO_MOVE (10) -> TO_CART (11)
2026-05-15 08:33:49 CartMoveState: TO_CART (11) -> HOME_MOVE (12)
2026-05-15 08:33:50 CartMoveState: HOME_MOVE (12) -> HALT (13)
2026-05-15 08:33:50 CartMoveState: HALT (13) -> IDLE (1)
2026-05-15 08:33:50 Handler State: EXCHANGE_THREE (11) -> POST_PROCESS (12)
2026-05-15 08:33:50 Handler State: POST_PROCESS (12) -> MOVE_ARM_HOME (14)
2026-05-15 08:33:51 Handler State: MOVE_ARM_HOME (14) -> HANDLER_IDLE (1)
2026-05-15 08:38:01 Handler State: HANDLER_IDLE (1) -> HANDLER_START (2)
2026-05-15 08:38:02 Handler State: HANDLER_START (2) -> DECIDE_CART (3)
2026-05-15 08:38:02 Selection: IFS has correct material.
2026-05-15 08:38:03 Selection: Last resort, just pick the first cartridge.
2026-05-15 08:38:03 Selected Primary Cartridge: 6
2026-05-15 08:38:03 Selected Primary Station: 104
2026-05-15 08:38:03 Selected Secondary Cartridge: 0
2026-05-15 08:38:03 Selected Secondary Station: 0
2026-05-15 08:38:03 Selected Filling Volume: 477
2026-05-15 08:38:03 Handler State: DECIDE_CART (3) -> PLACE_CART (5)
2026-05-15 08:38:03 CartMove: Move, from 107 to 104
2026-05-15 08:38:03 CartMoveState: IDLE (1) -> FROM_MOVE (3)
2026-05-15 08:38:04 CartMoveState: FROM_MOVE (3) -> FROM_CART (4)
2026-05-15 08:38:07 CartMoveState: FROM_CART (4) -> AUX_DECIDE (5)
2026-05-15 08:38:07 CartMoveState: AUX_DECIDE (5) -> TO_MOVE (10)
2026-05-15 08:38:08 CartMoveState: TO_MOVE (10) -> TO_CART (11)
2026-05-15 08:38:11 CartMoveState: TO_CART (11) -> HOME_MOVE (12)
2026-05-15 08:38:11 CartMoveState: HOME_MOVE (12) -> HALT (13)
2026-05-15 08:38:11 CartMoveState: HALT (13) -> IDLE (1)
2026-05-15 08:38:11 Handler State: PLACE_CART (5) -> CHECK_SEC_CART (26)
2026-05-15 08:38:11 Handler State: CHECK_SEC_CART (26) -> PROBE_CART (24)
2026-05-15 08:38:11 CartMove: Exchange 1, from 104
2026-05-15 08:38:11 CartMoveState: IDLE (1) -> FROM_MOVE (3)
2026-05-15 08:38:12 CartMoveState: FROM_MOVE (3) -> FROM_PROBE (19)
2026-05-15 08:38:14 Handler State: PROBE_CART (24) -> PROCESS_CART (6)
2026-05-15 08:38:45 Setting CBS color valve (FillGate): 1
2026-05-15 08:38:46 Primed volume (FillGate): 1.50177
2026-05-15 08:38:46 Re-Calculated Filling Volume: 477
2026-05-15 08:38:46 Setting CBS color valve (FillCart): 1
2026-05-15 08:39:09 Handler State: PROCESS_CART (6) -> EXCHANGE_ONE (7)
2026-05-15 08:39:09 CartMove: Exchange 1, from 104
2026-05-15 08:39:09 CartMoveState: FROM_PROBE (19) -> FROM_CART (4)
2026-05-15 08:39:14 Setting CBS color valve (Finished): 0
2026-05-15 08:39:16 CartMoveState: FROM_CART (4) -> TO_MOVE (10)
2026-05-15 08:39:18 CartMoveState: TO_MOVE (10) -> EXCH_1_WAIT (14)
2026-05-15 08:39:18 Handler State: EXCHANGE_ONE (7) -> START_DCU (8)
2026-05-15 08:39:57 Handler State: START_DCU (8) -> EXCHANGE_TWO (9)
2026-05-15 08:39:57 CartMove: Exchange 2
2026-05-15 08:39:58 CartMoveState: EXCH_1_WAIT (14) -> EXCH_1_CART (15)
2026-05-15 08:40:01 CartMoveState: EXCH_1_CART (15) -> EXCH_2_MOVE (16)
2026-05-15 08:40:02 CartMoveState: EXCH_2_MOVE (16) -> EXCH_2_CART (17)
2026-05-15 08:40:04 CartMoveState: EXCH_2_CART (17) -> STORE_DECIDE (18)
2026-05-15 08:40:04 Used volume for last job: 0
2026-05-15 08:40:04 Handler State: EXCHANGE_TWO (9) -> WAIT_FOR_DCU (10)
2026-05-15 08:40:05 Handler State: WAIT_FOR_DCU (10) -> EXCHANGE_THREE (11)
2026-05-15 08:40:05 CartMove: Exchange 3
2026-05-15 08:40:05 CartMoveState: STORE_DECIDE (18) -> AUX_DECIDE (5)
2026-05-15 08:40:05 CartMoveState: AUX_DECIDE (5) -> TO_MOVE (10)
2026-05-15 08:40:06 CartMoveState: TO_MOVE (10) -> TO_CART (11)
2026-05-15 08:40:08 CartMoveState: TO_CART (11) -> HOME_MOVE (12)
2026-05-15 08:40:09 CartMoveState: HOME_MOVE (12) -> HALT (13)
2026-05-15 08:40:09 CartMoveState: HALT (13) -> IDLE (1)
2026-05-15 08:40:09 Handler State: EXCHANGE_THREE (11) -> POST_PROCESS (12)
2026-05-15 08:40:09 Handler State: POST_PROCESS (12) -> MOVE_ARM_HOME (14)
2026-05-15 08:40:10 Handler State: MOVE_ARM_HOME (14) -> HANDLER_IDLE (1)
2026-05-15 08:40:15 Handler State: HANDLER_IDLE (1) -> HANDLER_START (2)
2026-05-15 08:40:16 Handler State: HANDLER_START (2) -> DECIDE_CART (3)
2026-05-15 08:40:16 Selection: IFS is clean and its cartridge is cleaned.
2026-05-15 08:40:16 Selected Primary Cartridge: 2
2026-05-15 08:40:16 Selected Primary Station: 103
2026-05-15 08:40:16 Selected Secondary Cartridge: 0
2026-05-15 08:40:16 Selected Secondary Station: 0
2026-05-15 08:40:16 Selected Filling Volume: 318
2026-05-15 08:40:16 Handler State: DECIDE_CART (3) -> CHECK_SEC_CART (26)
2026-05-15 08:40:16 Handler State: CHECK_SEC_CART (26) -> PROBE_CART (24)
2026-05-15 08:40:16 CartMove: Exchange 1, from 103
2026-05-15 08:40:16 CartMoveState: IDLE (1) -> FROM_MOVE (3)
2026-05-15 08:40:16 CartMoveState: FROM_MOVE (3) -> FROM_PROBE (19)
2026-05-15 08:40:18 Handler State: PROBE_CART (24) -> PROCESS_CART (6)
2026-05-15 08:40:18 Setting CBS color valve (FillIFS): 1
2026-05-15 08:40:19 Primed volume (FillIFS): 0.949048
2026-05-15 08:40:19 Re-Calculated Filling Volume: 318
2026-05-15 08:40:19 Setting CBS color valve (FillCart): 1
2026-05-15 08:40:37 Handler State: PROCESS_CART (6) -> EXCHANGE_ONE (7)
2026-05-15 08:40:37 CartMove: Exchange 1, from 103
2026-05-15 08:40:37 CartMoveState: FROM_PROBE (19) -> FROM_CART (4)
2026-05-15 08:40:42 Setting CBS color valve (Finished): 0
2026-05-15 08:40:44 CartMoveState: FROM_CART (4) -> TO_MOVE (10)
2026-05-15 08:40:46 CartMoveState: TO_MOVE (10) -> EXCH_1_WAIT (14)
2026-05-15 08:40:46 Handler State: EXCHANGE_ONE (7) -> START_DCU (8)
2026-05-15 08:41:43 Handler State: START_DCU (8) -> EXCHANGE_TWO (9)
2026-05-15 08:41:43 CartMove: Exchange 2
2026-05-15 08:41:54 CartMoveState: EXCH_1_WAIT (14) -> EXCH_1_CART (15)
2026-05-15 08:41:57 CartMoveState: EXCH_1_CART (15) -> EXCH_2_MOVE (16)
2026-05-15 08:41:57 CartMoveState: EXCH_2_MOVE (16) -> EXCH_2_CART (17)
2026-05-15 08:41:59 CartMoveState: EXCH_2_CART (17) -> STORE_DECIDE (18)
2026-05-15 08:41:59 Used volume for last job: 425.174
2026-05-15 08:41:59 Handler State: EXCHANGE_TWO (9) -> WAIT_FOR_DCU (10)
2026-05-15 08:42:01 Handler State: WAIT_FOR_DCU (10) -> EXCHANGE_THREE (11)
2026-05-15 08:42:01 CartMove: Exchange 3
2026-05-15 08:42:01 CartMoveState: STORE_DECIDE (18) -> AUX_DECIDE (5)
2026-05-15 08:42:01 CartMoveState: AUX_DECIDE (5) -> TO_MOVE (10)
2026-05-15 08:42:03 CartMoveState: TO_MOVE (10) -> TO_CART (11)
2026-05-15 08:42:05 CartMoveState: TO_CART (11) -> HOME_MOVE (12)
2026-05-15 08:42:07 CartMoveState: HOME_MOVE (12) -> HALT (13)
2026-05-15 08:42:07 CartMoveState: HALT (13) -> IDLE (1)
2026-05-15 08:42:07 Handler State: EXCHANGE_THREE (11) -> POST_PROCESS (12)
2026-05-15 08:42:07 Handler State: POST_PROCESS (12) -> MOVE_ARM_HOME (14)
2026-05-15 08:42:07 Handler State: MOVE_ARM_HOME (14) -> HANDLER_IDLE (1)
2026-05-15 08:42:21 Handler State: HANDLER_IDLE (1) -> HANDLER_START (2)
2026-05-15 08:42:22 Handler State: HANDLER_START (2) -> DECIDE_CART (3)
2026-05-15 08:42:22 Selection: IFS has correct material.
2026-05-15 08:42:22 Selection: Last resort, just pick the first cartridge.
2026-05-15 08:42:22 Selected Primary Cartridge: 5
2026-05-15 08:42:22 Selected Primary Station: 103
2026-05-15 08:42:22 Selected Secondary Cartridge: 0
2026-05-15 08:42:22 Selected Secondary Station: 0
2026-05-15 08:42:22 Selected Filling Volume: 441
2026-05-15 08:42:22 Handler State: DECIDE_CART (3) -> PLACE_CART (5)
2026-05-15 08:42:22 CartMove: Move, from 106 to 103
2026-05-15 08:42:22 CartMoveState: IDLE (1) -> FROM_MOVE (3)
2026-05-15 08:42:23 CartMoveState: FROM_MOVE (3) -> FROM_CART (4)
2026-05-15 08:42:26 CartMoveState: FROM_CART (4) -> AUX_DECIDE (5)
2026-05-15 08:42:26 CartMoveState: AUX_DECIDE (5) -> TO_MOVE (10)
2026-05-15 08:42:28 CartMoveState: TO_MOVE (10) -> TO_CART (11)
2026-05-15 08:42:30 CartMoveState: TO_CART (11) -> HOME_MOVE (12)
2026-05-15 08:42:30 CartMoveState: HOME_MOVE (12) -> HALT (13)
2026-05-15 08:42:30 CartMoveState: HALT (13) -> IDLE (1)
2026-05-15 08:42:30 Handler State: PLACE_CART (5) -> CHECK_SEC_CART (26)
2026-05-15 08:42:30 Handler State: CHECK_SEC_CART (26) -> PROBE_CART (24)
2026-05-15 08:42:30 CartMove: Exchange 1, from 103
2026-05-15 08:42:30 CartMoveState: IDLE (1) -> FROM_MOVE (3)
2026-05-15 08:42:30 CartMoveState: FROM_MOVE (3) -> FROM_PROBE (19)
2026-05-15 08:42:32 Handler State: PROBE_CART (24) -> PROCESS_CART (6)
2026-05-15 08:43:03 Setting CBS color valve (FillGate): 1
2026-05-15 08:43:04 Primed volume (FillGate): 2.06313
2026-05-15 08:43:04 Re-Calculated Filling Volume: 441
2026-05-15 08:43:04 Setting CBS color valve (FillCart): 1
2026-05-15 08:43:25 Handler State: PROCESS_CART (6) -> EXCHANGE_ONE (7)
2026-05-15 08:43:25 CartMove: Exchange 1, from 103
2026-05-15 08:43:25 CartMoveState: FROM_PROBE (19) -> FROM_CART (4)
2026-05-15 08:43:30 Setting CBS color valve (Finished): 0
2026-05-15 08:43:32 CartMoveState: FROM_CART (4) -> TO_MOVE (10)
2026-05-15 08:43:33 CartMoveState: TO_MOVE (10) -> EXCH_1_WAIT (14)
2026-05-15 08:43:33 Handler State: EXCHANGE_ONE (7) -> START_DCU (8)
2026-05-15 08:44:27 Handler State: START_DCU (8) -> EXCHANGE_TWO (9)
2026-05-15 08:44:27 CartMove: Exchange 2
2026-05-15 08:44:38 CartMoveState: EXCH_1_WAIT (14) -> EXCH_1_CART (15)
2026-05-15 08:44:41 CartMoveState: EXCH_1_CART (15) -> EXCH_2_MOVE (16)
2026-05-15 08:44:42 CartMoveState: EXCH_2_MOVE (16) -> EXCH_2_CART (17)
2026-05-15 08:44:44 CartMoveState: EXCH_2_CART (17) -> STORE_DECIDE (18)
2026-05-15 08:44:44 Used volume for last job: 265.187
2026-05-15 08:44:44 Handler State: EXCHANGE_TWO (9) -> WAIT_FOR_DCU (10)
2026-05-15 08:44:46 Handler State: WAIT_FOR_DCU (10) -> EXCHANGE_THREE (11)
2026-05-15 08:44:46 CartMove: Exchange 3
2026-05-15 08:44:46 CartMoveState: STORE_DECIDE (18) -> AUX_DECIDE (5)
2026-05-15 08:44:46 CartMoveState: AUX_DECIDE (5) -> TO_MOVE (10)
2026-05-15 08:44:46 CartMoveState: TO_MOVE (10) -> TO_CART (11)
2026-05-15 08:44:49 CartMoveState: TO_CART (11) -> HOME_MOVE (12)
2026-05-15 08:44:49 CartMoveState: HOME_MOVE (12) -> HALT (13)
2026-05-15 08:44:49 CartMoveState: HALT (13) -> IDLE (1)
2026-05-15 08:44:49 Handler State: EXCHANGE_THREE (11) -> POST_PROCESS (12)
2026-05-15 08:44:49 Handler State: POST_PROCESS (12) -> MOVE_ARM_HOME (14)
2026-05-15 08:44:49 Handler State: MOVE_ARM_HOME (14) -> HANDLER_IDLE (1)
2026-05-15 08:47:04 Handler State: HANDLER_IDLE (1) -> HANDLER_START (2)
2026-05-15 08:47:05 Handler State: HANDLER_START (2) -> DECIDE_CART (3)
2026-05-15 08:47:05 Selection: IFS has correct material and its cartridge has correct material.
2026-05-15 08:47:05 Selected Primary Cartridge: 2
2026-05-15 08:47:05 Selected Primary Station: 103
2026-05-15 08:47:05 Selected Secondary Cartridge: 0
2026-05-15 08:47:05 Selected Secondary Station: 0
2026-05-15 08:47:05 Selected Filling Volume: 443
2026-05-15 08:47:05 Handler State: DECIDE_CART (3) -> CHECK_SEC_CART (26)
2026-05-15 08:47:05 Handler State: CHECK_SEC_CART (26) -> PROBE_CART (24)
2026-05-15 08:47:05 CartMove: Exchange 1, from 103
2026-05-15 08:47:05 CartMoveState: IDLE (1) -> FROM_MOVE (3)
2026-05-15 08:47:05 CartMoveState: FROM_MOVE (3) -> FROM_PROBE (19)
2026-05-15 08:47:07 Handler State: PROBE_CART (24) -> PROCESS_CART (6)
2026-05-15 08:47:38 Setting CBS color valve (FillGate): 1
2026-05-15 08:47:39 Primed volume (FillGate): 1.38364
2026-05-15 08:47:39 Re-Calculated Filling Volume: 443
2026-05-15 08:47:39 Setting CBS color valve (FillCart): 1
2026-05-15 08:47:59 Handler State: PROCESS_CART (6) -> EXCHANGE_ONE (7)
2026-05-15 08:47:59 CartMove: Exchange 1, from 103
2026-05-15 08:47:59 CartMoveState: FROM_PROBE (19) -> FROM_CART (4)
2026-05-15 08:48:04 Setting CBS color valve (Finished): 0
2026-05-15 08:48:06 CartMoveState: FROM_CART (4) -> TO_MOVE (10)
2026-05-15 08:48:08 CartMoveState: TO_MOVE (10) -> EXCH_1_WAIT (14)
2026-05-15 08:48:08 Handler State: EXCHANGE_ONE (7) -> START_DCU (8)
2026-05-15 08:48:51 Handler State: START_DCU (8) -> EXCHANGE_TWO (9)
2026-05-15 08:48:51 CartMove: Exchange 2
2026-05-15 08:48:53 CartMoveState: EXCH_1_WAIT (14) -> EXCH_1_CART (15)
2026-05-15 08:48:55 CartMoveState: EXCH_1_CART (15) -> EXCH_2_MOVE (16)
2026-05-15 08:48:56 CartMoveState: EXCH_2_MOVE (16) -> EXCH_2_CART (17)
2026-05-15 08:48:58 CartMoveState: EXCH_2_CART (17) -> STORE_DECIDE (18)
2026-05-15 08:48:58 Used volume for last job: 0
2026-05-15 08:48:58 Handler State: EXCHANGE_TWO (9) -> WAIT_FOR_DCU (10)
2026-05-15 08:49:00 Handler State: WAIT_FOR_DCU (10) -> EXCHANGE_THREE (11)
2026-05-15 08:49:00 CartMove: Exchange 3
2026-05-15 08:49:00 CartMoveState: STORE_DECIDE (18) -> AUX_DECIDE (5)
2026-05-15 08:49:00 CartMoveState: AUX_DECIDE (5) -> TO_MOVE (10)
2026-05-15 08:49:01 CartMoveState: TO_MOVE (10) -> TO_CART (11)
2026-05-15 08:49:03 CartMoveState: TO_CART (11) -> HOME_MOVE (12)
2026-05-15 08:49:04 CartMoveState: HOME_MOVE (12) -> HALT (13)
2026-05-15 08:49:04 CartMoveState: HALT (13) -> IDLE (1)
2026-05-15 08:49:04 Handler State: EXCHANGE_THREE (11) -> POST_PROCESS (12)
2026-05-15 08:49:04 Handler State: POST_PROCESS (12) -> MOVE_ARM_HOME (14)
2026-05-15 08:49:04 Handler State: MOVE_ARM_HOME (14) -> HANDLER_IDLE (1)
2026-05-15 08:50:36 Handler State: HANDLER_IDLE (1) -> SEMI_START (15)
2026-05-15 08:50:36 Handler State: SEMI_START (15) -> SEMI_PROBE_CART (25)
2026-05-15 08:50:39 Handler State: SEMI_PROBE_CART (25) -> SEMI_PROCESS (16)
2026-05-15 08:51:12 Re-Calculated Filling Volume: 0
2026-05-15 08:51:18 Setting CBS color valve (Finished): 0
2026-05-15 08:51:18 Handler State: SEMI_PROCESS (16) -> SEMI_WHAT_NEXT (21)
2026-05-15 08:51:18 Handler State: SEMI_WHAT_NEXT (21) -> SEMI_FINISHED (23)
2026-05-15 08:51:18 Handler State: SEMI_FINISHED (23) -> HANDLER_IDLE (1)
2026-05-15 08:51:26 Handler State: HANDLER_IDLE (1) -> SEMI_START (15)
2026-05-15 08:51:26 Handler State: SEMI_START (15) -> SEMI_PROBE_CART (25)
2026-05-15 08:51:30 Handler State: SEMI_PROBE_CART (25) -> SEMI_PROCESS (16)
2026-05-15 08:51:59 Re-Calculated Filling Volume: 0
2026-05-15 08:52:04 Setting CBS color valve (Finished): 0
2026-05-15 08:52:04 Handler State: SEMI_PROCESS (16) -> SEMI_WHAT_NEXT (21)
2026-05-15 08:52:04 Handler State: SEMI_WHAT_NEXT (21) -> SEMI_FINISHED (23)
2026-05-15 08:52:05 Handler State: SEMI_FINISHED (23) -> HANDLER_IDLE (1)
2026-05-15 08:54:23 Handler State: HANDLER_IDLE (1) -> HANDLER_START (2)
2026-05-15 08:54:23 Handler State: HANDLER_START (2) -> DECIDE_CART (3)
2026-05-15 08:54:23 Selection: IFS is clean and its cartridge is cleaned.
2026-05-15 08:54:23 Selected Primary Cartridge: 5
2026-05-15 08:54:23 Selected Primary Station: 103
2026-05-15 08:54:23 Selected Secondary Cartridge: 0
2026-05-15 08:54:23 Selected Secondary Station: 0
2026-05-15 08:54:23 Selected Filling Volume: 468
2026-05-15 08:54:23 Handler State: DECIDE_CART (3) -> CHECK_SEC_CART (26)
2026-05-15 08:54:23 Handler State: CHECK_SEC_CART (26) -> PROBE_CART (24)
2026-05-15 08:54:23 CartMove: Exchange 1, from 103
2026-05-15 08:54:23 CartMoveState: IDLE (1) -> FROM_MOVE (3)
2026-05-15 08:54:24 CartMoveState: FROM_MOVE (3) -> FROM_PROBE (19)
2026-05-15 08:54:25 Handler State: PROBE_CART (24) -> PROCESS_CART (6)
2026-05-15 08:54:26 Setting CBS color valve (FillIFS): 2
2026-05-15 08:54:27 Primed volume (FillIFS): 2.13821
2026-05-15 08:54:27 Re-Calculated Filling Volume: 468
2026-05-15 08:54:27 Setting CBS color valve (FillCart): 2
2026-05-15 08:54:43 Handler State: PROCESS_CART (6) -> EXCHANGE_ONE (7)
2026-05-15 08:54:43 CartMove: Exchange 1, from 103
2026-05-15 08:54:43 CartMoveState: FROM_PROBE (19) -> FROM_CART (4)
2026-05-15 08:54:48 Setting CBS color valve (Finished): 0
2026-05-15 08:54:50 CartMoveState: FROM_CART (4) -> TO_MOVE (10)
2026-05-15 08:54:52 CartMoveState: TO_MOVE (10) -> EXCH_1_WAIT (14)
2026-05-15 08:54:52 Handler State: EXCHANGE_ONE (7) -> START_DCU (8)
2026-05-15 08:54:52 Handler State: START_DCU (8) -> EXCHANGE_TWO (9)
2026-05-15 08:54:52 CartMove: Exchange 2
2026-05-15 08:54:52 CartMoveState: EXCH_1_WAIT (14) -> EXCH_1_CART (15)
2026-05-15 08:54:55 CartMoveState: EXCH_1_CART (15) -> EXCH_2_MOVE (16)
2026-05-15 08:54:55 CartMoveState: EXCH_2_MOVE (16) -> EXCH_2_CART (17)
2026-05-15 08:54:57 CartMoveState: EXCH_2_CART (17) -> STORE_DECIDE (18)
2026-05-15 08:54:57 Used volume for last job: 390.514
2026-05-15 08:54:57 Handler State: EXCHANGE_TWO (9) -> WAIT_FOR_DCU (10)
2026-05-15 08:54:59 Handler State: WAIT_FOR_DCU (10) -> EXCHANGE_THREE (11)
2026-05-15 08:54:59 CartMove: Exchange 3
2026-05-15 08:54:59 CartMoveState: STORE_DECIDE (18) -> AUX_DECIDE (5)
2026-05-15 08:54:59 CartMoveState: AUX_DECIDE (5) -> TO_MOVE (10)
2026-05-15 08:55:00 CartMoveState: TO_MOVE (10) -> TO_CART (11)
2026-05-15 08:55:02 CartMoveState: TO_CART (11) -> HOME_MOVE (12)
2026-05-15 08:55:03 CartMoveState: HOME_MOVE (12) -> HALT (13)
2026-05-15 08:55:03 CartMoveState: HALT (13) -> IDLE (1)
2026-05-15 08:55:03 Handler State: EXCHANGE_THREE (11) -> POST_PROCESS (12)
2026-05-15 08:55:03 Handler State: POST_PROCESS (12) -> MOVE_ARM_HOME (14)
2026-05-15 08:55:03 Handler State: MOVE_ARM_HOME (14) -> HANDLER_IDLE (1)
2026-05-15 08:57:55 Handler State: HANDLER_IDLE (1) -> HANDLER_START (2)
2026-05-15 08:57:56 Handler State: HANDLER_START (2) -> DECIDE_CART (3)
2026-05-15 08:57:56 Selection: IFS has correct material.
2026-05-15 08:57:56 Selection: Last resort, just pick the first cartridge.
2026-05-15 08:57:56 Selected Primary Cartridge: 2
2026-05-15 08:57:56 Selected Primary Station: 103
2026-05-15 08:57:56 Selected Secondary Cartridge: 0
2026-05-15 08:57:56 Selected Secondary Station: 0
2026-05-15 08:57:56 Selected Filling Volume: 446
2026-05-15 08:57:56 Handler State: DECIDE_CART (3) -> CHECK_SEC_CART (26)
2026-05-15 08:57:56 Handler State: CHECK_SEC_CART (26) -> PROBE_CART (24)
2026-05-15 08:57:56 CartMove: Exchange 1, from 103
2026-05-15 08:57:56 CartMoveState: IDLE (1) -> FROM_MOVE (3)
2026-05-15 08:57:56 CartMoveState: FROM_MOVE (3) -> FROM_PROBE (19)
2026-05-15 08:57:58 Handler State: PROBE_CART (24) -> PROCESS_CART (6)
2026-05-15 08:58:29 Setting CBS color valve (FillGate): 2
2026-05-15 08:58:30 Primed volume (FillGate): 1.44285
2026-05-15 08:58:30 Re-Calculated Filling Volume: 446
2026-05-15 08:58:30 Setting CBS color valve (FillCart): 2
2026-05-15 08:58:49 Handler State: PROCESS_CART (6) -> EXCHANGE_ONE (7)
2026-05-15 08:58:49 CartMove: Exchange 1, from 103
2026-05-15 08:58:49 CartMoveState: FROM_PROBE (19) -> FROM_CART (4)
2026-05-15 08:58:55 Setting CBS color valve (Finished): 0
2026-05-15 08:58:57 CartMoveState: FROM_CART (4) -> TO_MOVE (10)
2026-05-15 08:58:58 CartMoveState: TO_MOVE (10) -> EXCH_1_WAIT (14)
2026-05-15 08:58:58 Handler State: EXCHANGE_ONE (7) -> START_DCU (8)
2026-05-15 08:59:44 Handler State: START_DCU (8) -> EXCHANGE_TWO (9)
2026-05-15 08:59:44 CartMove: Exchange 2
2026-05-15 08:59:45 CartMoveState: EXCH_1_WAIT (14) -> EXCH_1_CART (15)
2026-05-15 08:59:48 CartMoveState: EXCH_1_CART (15) -> EXCH_2_MOVE (16)
2026-05-15 08:59:48 CartMoveState: EXCH_2_MOVE (16) -> EXCH_2_CART (17)
2026-05-15 08:59:50 CartMoveState: EXCH_2_CART (17) -> STORE_DECIDE (18)
2026-05-15 08:59:50 Used volume for last job: 0
2026-05-15 08:59:50 Handler State: EXCHANGE_TWO (9) -> WAIT_FOR_DCU (10)
2026-05-15 08:59:52 Handler State: WAIT_FOR_DCU (10) -> EXCHANGE_THREE (11)
2026-05-15 08:59:52 CartMove: Exchange 3
2026-05-15 08:59:52 CartMoveState: STORE_DECIDE (18) -> AUX_DECIDE (5)
2026-05-15 08:59:52 CartMoveState: AUX_DECIDE (5) -> TO_MOVE (10)
2026-05-15 08:59:53 CartMoveState: TO_MOVE (10) -> TO_CART (11)
2026-05-15 08:59:55 CartMoveState: TO_CART (11) -> HOME_MOVE (12)
2026-05-15 08:59:56 CartMoveState: HOME_MOVE (12) -> HALT (13)
2026-05-15 08:59:56 CartMoveState: HALT (13) -> IDLE (1)
2026-05-15 08:59:56 Handler State: EXCHANGE_THREE (11) -> POST_PROCESS (12)
2026-05-15 08:59:56 Handler State: POST_PROCESS (12) -> MOVE_ARM_HOME (14)
2026-05-15 08:59:56 Handler State: MOVE_ARM_HOME (14) -> HANDLER_IDLE (1)
2026-05-15 09:00:01 Handler State: HANDLER_IDLE (1) -> HANDLER_START (2)
2026-05-15 09:00:02 Handler State: HANDLER_START (2) -> DECIDE_CART (3)
2026-05-15 09:00:02 Selection: IFS is clean and its cartridge is cleaned.
2026-05-15 09:00:02 Selected Primary Cartridge: 3
2026-05-15 09:00:02 Selected Primary Station: 104
2026-05-15 09:00:02 Selected Secondary Cartridge: 0
2026-05-15 09:00:02 Selected Secondary Station: 0
2026-05-15 09:00:02 Selected Filling Volume: 436
2026-05-15 09:00:02 Handler State: DECIDE_CART (3) -> CHECK_SEC_CART (26)
2026-05-15 09:00:02 Handler State: CHECK_SEC_CART (26) -> PROBE_CART (24)
2026-05-15 09:00:02 CartMove: Exchange 1, from 104
2026-05-15 09:00:02 CartMoveState: IDLE (1) -> FROM_MOVE (3)
2026-05-15 09:00:03 CartMoveState: FROM_MOVE (3) -> FROM_PROBE (19)
2026-05-15 09:00:05 Handler State: PROBE_CART (24) -> PROCESS_CART (6)
2026-05-15 09:00:05 Setting CBS color valve (FillIFS): 1
2026-05-15 09:00:07 Primed volume (FillIFS): 1.87532
2026-05-15 09:00:07 Re-Calculated Filling Volume: 436
2026-05-15 09:00:07 Setting CBS color valve (FillCart): 1
2026-05-15 09:00:25 Handler State: PROCESS_CART (6) -> EXCHANGE_ONE (7)
2026-05-15 09:00:25 CartMove: Exchange 1, from 104
2026-05-15 09:00:25 CartMoveState: FROM_PROBE (19) -> FROM_CART (4)
2026-05-15 09:00:31 Setting CBS color valve (Finished): 0
2026-05-15 09:00:32 CartMoveState: FROM_CART (4) -> TO_MOVE (10)
2026-05-15 09:00:34 CartMoveState: TO_MOVE (10) -> EXCH_1_WAIT (14)
2026-05-15 09:00:34 Handler State: EXCHANGE_ONE (7) -> START_DCU (8)
2026-05-15 09:01:25 Handler State: START_DCU (8) -> EXCHANGE_TWO (9)
2026-05-15 09:01:25 CartMove: Exchange 2
2026-05-15 09:01:36 CartMoveState: EXCH_1_WAIT (14) -> EXCH_1_CART (15)
2026-05-15 09:01:39 CartMoveState: EXCH_1_CART (15) -> EXCH_2_MOVE (16)
2026-05-15 09:01:40 CartMoveState: EXCH_2_MOVE (16) -> EXCH_2_CART (17)
2026-05-15 09:01:42 CartMoveState: EXCH_2_CART (17) -> STORE_DECIDE (18)
2026-05-15 09:01:42 Used volume for last job: 394.712
2026-05-15 09:01:42 Handler State: EXCHANGE_TWO (9) -> WAIT_FOR_DCU (10)
2026-05-15 09:01:44 Handler State: WAIT_FOR_DCU (10) -> EXCHANGE_THREE (11)
2026-05-15 09:01:44 CartMove: Exchange 3
2026-05-15 09:01:44 CartMoveState: STORE_DECIDE (18) -> AUX_DECIDE (5)
2026-05-15 09:01:44 CartMoveState: AUX_DECIDE (5) -> TO_MOVE (10)
2026-05-15 09:01:45 CartMoveState: TO_MOVE (10) -> TO_CART (11)
2026-05-15 09:01:48 CartMoveState: TO_CART (11) -> HOME_MOVE (12)
2026-05-15 09:01:49 CartMoveState: HOME_MOVE (12) -> HALT (13)
2026-05-15 09:01:49 CartMoveState: HALT (13) -> IDLE (1)
2026-05-15 09:01:49 Handler State: EXCHANGE_THREE (11) -> POST_PROCESS (12)
2026-05-15 09:01:49 Handler State: POST_PROCESS (12) -> MOVE_ARM_HOME (14)
2026-05-15 09:01:49 Handler State: MOVE_ARM_HOME (14) -> HANDLER_IDLE (1)
2026-05-15 09:02:56 Handler State: HANDLER_IDLE (1) -> HANDLER_START (2)
2026-05-15 09:02:57 Handler State: HANDLER_START (2) -> DECIDE_CART (3)
2026-05-15 09:02:57 Selection: IFS has correct material.
2026-05-15 09:02:57 Selection: Last resort, just pick the first cartridge.
2026-05-15 09:02:57 Selected Primary Cartridge: 6
2026-05-15 09:02:57 Selected Primary Station: 104
2026-05-15 09:02:57 Selected Secondary Cartridge: 0
2026-05-15 09:02:57 Selected Secondary Station: 0
2026-05-15 09:02:57 Selected Filling Volume: 477
2026-05-15 09:02:57 Handler State: DECIDE_CART (3) -> PLACE_CART (5)
2026-05-15 09:02:57 CartMove: Move, from 107 to 104
2026-05-15 09:02:57 CartMoveState: IDLE (1) -> FROM_MOVE (3)
2026-05-15 09:02:59 CartMoveState: FROM_MOVE (3) -> FROM_CART (4)
2026-05-15 09:03:01 CartMoveState: FROM_CART (4) -> AUX_DECIDE (5)
2026-05-15 09:03:01 CartMoveState: AUX_DECIDE (5) -> TO_MOVE (10)
2026-05-15 09:03:03 CartMoveState: TO_MOVE (10) -> TO_CART (11)
2026-05-15 09:03:05 CartMoveState: TO_CART (11) -> HOME_MOVE (12)
2026-05-15 09:03:06 CartMoveState: HOME_MOVE (12) -> HALT (13)
2026-05-15 09:03:06 CartMoveState: HALT (13) -> IDLE (1)
2026-05-15 09:03:06 Handler State: PLACE_CART (5) -> CHECK_SEC_CART (26)
2026-05-15 09:03:06 Handler State: CHECK_SEC_CART (26) -> PROBE_CART (24)
2026-05-15 09:03:06 CartMove: Exchange 1, from 104
2026-05-15 09:03:06 CartMoveState: IDLE (1) -> FROM_MOVE (3)
2026-05-15 09:03:07 CartMoveState: FROM_MOVE (3) -> FROM_PROBE (19)
2026-05-15 09:03:09 Handler State: PROBE_CART (24) -> PROCESS_CART (6)
2026-05-15 09:03:40 Setting CBS color valve (FillGate): 1
2026-05-15 09:03:41 Primed volume (FillGate): 1.46292
2026-05-15 09:03:41 Re-Calculated Filling Volume: 477
2026-05-15 09:03:41 Setting CBS color valve (FillCart): 1
2026-05-15 09:04:03 Handler State: PROCESS_CART (6) -> EXCHANGE_ONE (7)
2026-05-15 09:04:03 CartMove: Exchange 1, from 104
2026-05-15 09:04:03 CartMoveState: FROM_PROBE (19) -> FROM_CART (4)
2026-05-15 09:04:09 Setting CBS color valve (Finished): 0
2026-05-15 09:04:11 CartMoveState: FROM_CART (4) -> TO_MOVE (10)
2026-05-15 09:04:12 CartMoveState: TO_MOVE (10) -> EXCH_1_WAIT (14)
2026-05-15 09:04:12 Handler State: EXCHANGE_ONE (7) -> START_DCU (8)
2026-05-15 09:04:52 Handler State: START_DCU (8) -> EXCHANGE_TWO (9)
2026-05-15 09:04:52 CartMove: Exchange 2
2026-05-15 09:04:53 CartMoveState: EXCH_1_WAIT (14) -> EXCH_1_CART (15)
2026-05-15 09:04:56 CartMoveState: EXCH_1_CART (15) -> EXCH_2_MOVE (16)
2026-05-15 09:04:56 CartMoveState: EXCH_2_MOVE (16) -> EXCH_2_CART (17)
2026-05-15 09:04:58 CartMoveState: EXCH_2_CART (17) -> STORE_DECIDE (18)
2026-05-15 09:04:58 Used volume for last job: 0
2026-05-15 09:04:58 Handler State: EXCHANGE_TWO (9) -> WAIT_FOR_DCU (10)
2026-05-15 09:05:00 Handler State: WAIT_FOR_DCU (10) -> EXCHANGE_THREE (11)
2026-05-15 09:05:00 CartMove: Exchange 3
2026-05-15 09:05:00 CartMoveState: STORE_DECIDE (18) -> AUX_DECIDE (5)
2026-05-15 09:05:00 CartMoveState: AUX_DECIDE (5) -> TO_MOVE (10)
2026-05-15 09:05:01 CartMoveState: TO_MOVE (10) -> TO_CART (11)
2026-05-15 09:05:04 CartMoveState: TO_CART (11) -> HOME_MOVE (12)
2026-05-15 09:05:05 CartMoveState: HOME_MOVE (12) -> HALT (13)
2026-05-15 09:05:05 CartMoveState: HALT (13) -> IDLE (1)
2026-05-15 09:05:05 Handler State: EXCHANGE_THREE (11) -> POST_PROCESS (12)
2026-05-15 09:05:05 Handler State: POST_PROCESS (12) -> MOVE_ARM_HOME (14)
2026-05-15 09:05:05 Handler State: MOVE_ARM_HOME (14) -> HANDLER_IDLE (1)
2026-05-15 09:05:09 Handler State: HANDLER_IDLE (1) -> HANDLER_START (2)
2026-05-15 09:05:10 Handler State: HANDLER_START (2) -> DECIDE_CART (3)
2026-05-15 09:05:10 Selection: Last resort, just pick the first IFS.
2026-05-15 09:05:10 Selection: Last resort, just pick the first cartridge.
2026-05-15 09:05:10 Selected Primary Cartridge: 2
2026-05-15 09:05:10 Selected Primary Station: 103
2026-05-15 09:05:10 Selected Secondary Cartridge: 0
2026-05-15 09:05:10 Selected Secondary Station: 0
2026-05-15 09:05:10 Selected Filling Volume: 640
2026-05-15 09:05:10 Handler State: DECIDE_CART (3) -> REMOVE_CART (4)
2026-05-15 09:05:10 CartMove: Move, from 103 to 108
2026-05-15 09:05:10 CartMoveState: IDLE (1) -> FROM_MOVE (3)
2026-05-15 09:05:10 CartMoveState: FROM_MOVE (3) -> FROM_CART (4)
2026-05-15 09:05:13 CartMoveState: FROM_CART (4) -> AUX_DECIDE (5)
2026-05-15 09:05:13 CartMoveState: AUX_DECIDE (5) -> TO_MOVE (10)
2026-05-15 09:05:15 CartMoveState: TO_MOVE (10) -> TO_CART (11)
2026-05-15 09:05:17 CartMoveState: TO_CART (11) -> HOME_MOVE (12)
2026-05-15 09:05:19 CartMoveState: HOME_MOVE (12) -> HALT (13)
2026-05-15 09:05:19 CartMoveState: HALT (13) -> IDLE (1)
2026-05-15 09:05:19 Handler State: REMOVE_CART (4) -> PLACE_CART (5)
2026-05-15 09:05:19 CartMove: Move, from 106 to 103
2026-05-15 09:05:19 CartMoveState: IDLE (1) -> FROM_MOVE (3)
2026-05-15 09:05:20 CartMoveState: FROM_MOVE (3) -> FROM_CART (4)
2026-05-15 09:05:23 CartMoveState: FROM_CART (4) -> AUX_DECIDE (5)
2026-05-15 09:05:23 CartMoveState: AUX_DECIDE (5) -> TO_MOVE (10)
2026-05-15 09:05:25 CartMoveState: TO_MOVE (10) -> TO_CART (11)
2026-05-15 09:05:27 CartMoveState: TO_CART (11) -> HOME_MOVE (12)
2026-05-15 09:05:27 CartMoveState: HOME_MOVE (12) -> HALT (13)
2026-05-15 09:05:27 CartMoveState: HALT (13) -> IDLE (1)
2026-05-15 09:05:27 Handler State: PLACE_CART (5) -> CHECK_SEC_CART (26)
2026-05-15 09:05:27 Handler State: CHECK_SEC_CART (26) -> PROBE_CART (24)
2026-05-15 09:05:27 CartMove: Exchange 1, from 103
2026-05-15 09:05:27 CartMoveState: IDLE (1) -> FROM_MOVE (3)
2026-05-15 09:05:27 CartMoveState: FROM_MOVE (3) -> FROM_PROBE (19)
2026-05-15 09:05:29 Handler State: PROBE_CART (24) -> PROCESS_CART (6)
2026-05-15 09:06:01 Setting CBS color valve (FillIFS): 1
2026-05-15 09:06:03 Primed volume (FillIFS): 0.0198957
2026-05-15 09:06:03 Re-Calculated Filling Volume: 640
2026-05-15 09:06:03 Setting CBS color valve (FillCart): 1
2026-05-15 09:06:27 Handler State: PROCESS_CART (6) -> EXCHANGE_ONE (7)
2026-05-15 09:06:27 CartMove: Exchange 1, from 103
2026-05-15 09:06:27 CartMoveState: FROM_PROBE (19) -> FROM_CART (4)
2026-05-15 09:06:32 Setting CBS color valve (Finished): 0
2026-05-15 09:06:34 CartMoveState: FROM_CART (4) -> TO_MOVE (10)
2026-05-15 09:06:36 CartMoveState: TO_MOVE (10) -> EXCH_1_WAIT (14)
2026-05-15 09:06:36 Handler State: EXCHANGE_ONE (7) -> START_DCU (8)
2026-05-15 09:06:38 Handler State: START_DCU (8) -> EXCHANGE_TWO (9)
2026-05-15 09:06:38 CartMove: Exchange 2
2026-05-15 09:06:49 CartMoveState: EXCH_1_WAIT (14) -> EXCH_1_CART (15)
2026-05-15 09:06:51 CartMoveState: EXCH_1_CART (15) -> EXCH_2_MOVE (16)
2026-05-15 09:06:53 CartMoveState: EXCH_2_MOVE (16) -> EXCH_2_CART (17)
2026-05-15 09:06:55 CartMoveState: EXCH_2_CART (17) -> STORE_DECIDE (18)
2026-05-15 09:06:55 Used volume for last job: 425.177
2026-05-15 09:06:55 Handler State: EXCHANGE_TWO (9) -> WAIT_FOR_DCU (10)
2026-05-15 09:06:57 Handler State: WAIT_FOR_DCU (10) -> EXCHANGE_THREE (11)
2026-05-15 09:06:57 CartMove: Exchange 3
2026-05-15 09:06:57 CartMoveState: STORE_DECIDE (18) -> AUX_DECIDE (5)
2026-05-15 09:06:57 CartMoveState: AUX_DECIDE (5) -> TO_MOVE (10)
2026-05-15 09:06:59 CartMoveState: TO_MOVE (10) -> TO_CART (11)
2026-05-15 09:07:01 CartMoveState: TO_CART (11) -> HOME_MOVE (12)
2026-05-15 09:07:02 CartMoveState: HOME_MOVE (12) -> HALT (13)
2026-05-15 09:07:02 CartMoveState: HALT (13) -> IDLE (1)
2026-05-15 09:07:02 Handler State: EXCHANGE_THREE (11) -> POST_PROCESS (12)
2026-05-15 09:07:02 Handler State: POST_PROCESS (12) -> EMPTY_AUX (13)
2026-05-15 09:07:03 CartMove: Move, from 108 to 103
2026-05-15 09:07:03 CartMoveState: IDLE (1) -> FROM_MOVE (3)
2026-05-15 09:07:04 CartMoveState: FROM_MOVE (3) -> FROM_CART (4)
2026-05-15 09:07:07 CartMoveState: FROM_CART (4) -> AUX_DECIDE (5)
2026-05-15 09:07:07 CartMoveState: AUX_DECIDE (5) -> TO_MOVE (10)
2026-05-15 09:07:09 CartMoveState: TO_MOVE (10) -> TO_CART (11)
2026-05-15 09:07:11 CartMoveState: TO_CART (11) -> HOME_MOVE (12)
2026-05-15 09:07:11 CartMoveState: HOME_MOVE (12) -> HALT (13)
2026-05-15 09:07:11 CartMoveState: HALT (13) -> IDLE (1)
2026-05-15 09:07:11 Handler State: EMPTY_AUX (13) -> MOVE_ARM_HOME (14)
2026-05-15 09:07:11 Handler State: MOVE_ARM_HOME (14) -> HANDLER_IDLE (1)
2026-05-15 09:08:34 Handler State: HANDLER_IDLE (1) -> HANDLER_START (2)
2026-05-15 09:08:35 Handler State: HANDLER_START (2) -> DECIDE_CART (3)
2026-05-15 09:08:35 Selection: IFS has correct material.
2026-05-15 09:08:35 Selection: Last resort, just pick the first cartridge.
2026-05-15 09:08:36 Selected Primary Cartridge: 5
2026-05-15 09:08:36 Selected Primary Station: 103
2026-05-15 09:08:36 Selected Secondary Cartridge: 0
2026-05-15 09:08:36 Selected Secondary Station: 0
2026-05-15 09:08:36 Selected Filling Volume: 640
2026-05-15 09:08:36 Handler State: DECIDE_CART (3) -> CHECK_SEC_CART (26)
2026-05-15 09:08:36 Handler State: CHECK_SEC_CART (26) -> PROBE_CART (24)
2026-05-15 09:08:36 CartMove: Exchange 1, from 103
2026-05-15 09:08:36 CartMoveState: IDLE (1) -> FROM_MOVE (3)
2026-05-15 09:08:36 CartMoveState: FROM_MOVE (3) -> FROM_PROBE (19)
2026-05-15 09:08:37 Handler State: PROBE_CART (24) -> PROCESS_CART (6)
2026-05-15 09:09:09 Setting CBS color valve (FillGate): 1
2026-05-15 09:09:10 Primed volume (FillGate): 1.49118
2026-05-15 09:09:10 Re-Calculated Filling Volume: 640
2026-05-15 09:09:10 Setting CBS color valve (FillCart): 1
2026-05-15 09:09:33 Handler State: PROCESS_CART (6) -> EXCHANGE_ONE (7)
2026-05-15 09:09:33 CartMove: Exchange 1, from 103
2026-05-15 09:09:33 CartMoveState: FROM_PROBE (19) -> FROM_CART (4)
2026-05-15 09:09:39 Setting CBS color valve (Finished): 0
2026-05-15 09:09:41 CartMoveState: FROM_CART (4) -> TO_MOVE (10)
2026-05-15 09:09:42 CartMoveState: TO_MOVE (10) -> EXCH_1_WAIT (14)
2026-05-15 09:09:42 Handler State: EXCHANGE_ONE (7) -> START_DCU (8)
2026-05-15 09:10:44 Handler State: START_DCU (8) -> EXCHANGE_TWO (9)
2026-05-15 09:10:44 CartMove: Exchange 2
2026-05-15 09:10:45 CartMoveState: EXCH_1_WAIT (14) -> EXCH_1_CART (15)
2026-05-15 09:10:47 CartMoveState: EXCH_1_CART (15) -> EXCH_2_MOVE (16)
2026-05-15 09:10:49 CartMoveState: EXCH_2_MOVE (16) -> EXCH_2_CART (17)
2026-05-15 09:10:51 CartMoveState: EXCH_2_CART (17) -> STORE_DECIDE (18)
2026-05-15 09:10:51 Used volume for last job: 0
2026-05-15 09:10:51 Handler State: EXCHANGE_TWO (9) -> WAIT_FOR_DCU (10)
2026-05-15 09:10:52 Handler State: WAIT_FOR_DCU (10) -> EXCHANGE_THREE (11)
2026-05-15 09:10:52 CartMove: Exchange 3
2026-05-15 09:10:52 CartMoveState: STORE_DECIDE (18) -> AUX_DECIDE (5)
2026-05-15 09:10:52 CartMoveState: AUX_DECIDE (5) -> TO_MOVE (10)
2026-05-15 09:10:53 CartMoveState: TO_MOVE (10) -> TO_CART (11)
2026-05-15 09:10:55 CartMoveState: TO_CART (11) -> HOME_MOVE (12)
2026-05-15 09:10:56 CartMoveState: HOME_MOVE (12) -> HALT (13)
2026-05-15 09:10:56 CartMoveState: HALT (13) -> IDLE (1)
2026-05-15 09:10:56 Handler State: EXCHANGE_THREE (11) -> POST_PROCESS (12)
2026-05-15 09:10:56 Handler State: POST_PROCESS (12) -> MOVE_ARM_HOME (14)
2026-05-15 09:10:57 Handler State: MOVE_ARM_HOME (14) -> HANDLER_IDLE (1)
2026-05-15 09:11:02 Handler State: HANDLER_IDLE (1) -> HANDLER_START (2)
2026-05-15 09:11:03 Handler State: HANDLER_START (2) -> DECIDE_CART (3)
2026-05-15 09:11:03 Selection: Last resort, just pick the first IFS.
2026-05-15 09:11:03 Selection: Last resort, just pick the first cartridge.
2026-05-15 09:11:03 Selected Primary Cartridge: 2
2026-05-15 09:11:03 Selected Primary Station: 103
2026-05-15 09:11:03 Selected Secondary Cartridge: 0
2026-05-15 09:11:03 Selected Secondary Station: 0
2026-05-15 09:11:03 Selected Filling Volume: 515
2026-05-15 09:11:03 Handler State: DECIDE_CART (3) -> CHECK_SEC_CART (26)
2026-05-15 09:11:03 Handler State: CHECK_SEC_CART (26) -> PROBE_CART (24)
2026-05-15 09:11:03 CartMove: Exchange 1, from 103
2026-05-15 09:11:03 CartMoveState: IDLE (1) -> FROM_MOVE (3)
2026-05-15 09:11:03 CartMoveState: FROM_MOVE (3) -> FROM_PROBE (19)
2026-05-15 09:11:05 Handler State: PROBE_CART (24) -> PROCESS_CART (6)
2026-05-15 09:12:26 Setting CBS color valve (FillIFS): 2
2026-05-15 09:12:28 Primed volume (FillIFS): 4.44317
2026-05-15 09:12:28 Re-Calculated Filling Volume: 515
2026-05-15 09:12:28 Setting CBS color valve (FillCart): 2
2026-05-15 09:12:49 Handler State: PROCESS_CART (6) -> EXCHANGE_ONE (7)
2026-05-15 09:12:49 CartMove: Exchange 1, from 103
2026-05-15 09:12:49 CartMoveState: FROM_PROBE (19) -> FROM_CART (4)
2026-05-15 09:12:54 Setting CBS color valve (Finished): 0
2026-05-15 09:12:56 CartMoveState: FROM_CART (4) -> TO_MOVE (10)
2026-05-15 09:12:58 CartMoveState: TO_MOVE (10) -> EXCH_1_WAIT (14)
2026-05-15 09:12:58 Handler State: EXCHANGE_ONE (7) -> START_DCU (8)
2026-05-15 09:12:58 Handler State: START_DCU (8) -> EXCHANGE_TWO (9)
2026-05-15 09:12:58 CartMove: Exchange 2
2026-05-15 09:12:58 CartMoveState: EXCH_1_WAIT (14) -> EXCH_1_CART (15)
2026-05-15 09:13:01 CartMoveState: EXCH_1_CART (15) -> EXCH_2_MOVE (16)
2026-05-15 09:13:02 CartMoveState: EXCH_2_MOVE (16) -> EXCH_2_CART (17)
2026-05-15 09:13:04 CartMoveState: EXCH_2_CART (17) -> STORE_DECIDE (18)
2026-05-15 09:13:04 Used volume for last job: 101.705
2026-05-15 09:13:04 Handler State: EXCHANGE_TWO (9) -> WAIT_FOR_DCU (10)
2026-05-15 09:13:06 Handler State: WAIT_FOR_DCU (10) -> EXCHANGE_THREE (11)
2026-05-15 09:13:06 CartMove: Exchange 3
2026-05-15 09:13:06 CartMoveState: STORE_DECIDE (18) -> AUX_DECIDE (5)
2026-05-15 09:13:06 CartMoveState: AUX_DECIDE (5) -> TO_MOVE (10)
2026-05-15 09:13:06 CartMoveState: TO_MOVE (10) -> TO_CART (11)
2026-05-15 09:13:09 CartMoveState: TO_CART (11) -> HOME_MOVE (12)
2026-05-15 09:13:09 CartMoveState: HOME_MOVE (12) -> HALT (13)
2026-05-15 09:13:09 CartMoveState: HALT (13) -> IDLE (1)
2026-05-15 09:13:09 Handler State: EXCHANGE_THREE (11) -> POST_PROCESS (12)
2026-05-15 09:13:09 Handler State: POST_PROCESS (12) -> MOVE_ARM_HOME (14)
2026-05-15 09:13:10 Handler State: MOVE_ARM_HOME (14) -> HANDLER_IDLE (1)
2026-05-15 09:16:18 Handler State: HANDLER_IDLE (1) -> SEMI_START (15)
2026-05-15 09:16:18 Handler State: SEMI_START (15) -> SEMI_PROBE_CART (25)
2026-05-15 09:16:21 Handler State: SEMI_PROBE_CART (25) -> SEMI_PROCESS (16)
2026-05-15 09:16:58 Re-Calculated Filling Volume: 0
2026-05-15 09:17:04 Setting CBS color valve (Finished): 0
2026-05-15 09:17:04 Handler State: SEMI_PROCESS (16) -> SEMI_WHAT_NEXT (21)
2026-05-15 09:17:04 Handler State: SEMI_WHAT_NEXT (21) -> SEMI_FINISHED (23)
2026-05-15 09:17:05 Handler State: SEMI_FINISHED (23) -> HANDLER_IDLE (1)
2026-05-15 09:25:48 Handler State: HANDLER_IDLE (1) -> HANDLER_START (2)
2026-05-15 09:25:49 Handler State: HANDLER_START (2) -> DECIDE_CART (3)
2026-05-15 09:25:49 Selection: IFS is clean and its cartridge is cleaned.
2026-05-15 09:25:49 Selected Primary Cartridge: 1
2026-05-15 09:25:49 Selected Primary Station: 102
2026-05-15 09:25:49 Selected Secondary Cartridge: 0
2026-05-15 09:25:49 Selected Secondary Station: 0
2026-05-15 09:25:49 Selected Filling Volume: 143
2026-05-15 09:25:49 Handler State: DECIDE_CART (3) -> CHECK_SEC_CART (26)
2026-05-15 09:25:49 Handler State: CHECK_SEC_CART (26) -> PROBE_CART (24)
2026-05-15 09:25:49 CartMove: Exchange 1, from 102
2026-05-15 09:25:49 CartMoveState: IDLE (1) -> FROM_MOVE (3)
2026-05-15 09:25:50 CartMoveState: FROM_MOVE (3) -> FROM_PROBE (19)
2026-05-15 09:25:52 Handler State: PROBE_CART (24) -> PROCESS_CART (6)
2026-05-15 09:25:52 Setting CBS color valve (FillIFS): 1
2026-05-15 09:25:53 Primed volume (FillIFS): 0.680278
2026-05-15 09:25:53 Re-Calculated Filling Volume: 143
2026-05-15 09:25:53 Setting CBS color valve (FillCart): 1
2026-05-15 09:26:06 Handler State: PROCESS_CART (6) -> EXCHANGE_ONE (7)
2026-05-15 09:26:06 CartMove: Exchange 1, from 102
2026-05-15 09:26:06 CartMoveState: FROM_PROBE (19) -> FROM_CART (4)
2026-05-15 09:26:13 Setting CBS color valve (Finished): 0
2026-05-15 09:26:14 CartMoveState: FROM_CART (4) -> TO_MOVE (10)
2026-05-15 09:26:15 CartMoveState: TO_MOVE (10) -> EXCH_1_WAIT (14)
2026-05-15 09:26:15 Handler State: EXCHANGE_ONE (7) -> START_DCU (8)
2026-05-15 09:26:16 Handler State: START_DCU (8) -> EXCHANGE_TWO (9)
2026-05-15 09:26:16 CartMove: Exchange 2
2026-05-15 09:26:16 CartMoveState: EXCH_1_WAIT (14) -> EXCH_1_CART (15)
2026-05-15 09:26:18 CartMoveState: EXCH_1_CART (15) -> EXCH_2_MOVE (16)
2026-05-15 09:26:20 CartMoveState: EXCH_2_MOVE (16) -> EXCH_2_CART (17)
2026-05-15 09:26:22 CartMoveState: EXCH_2_CART (17) -> STORE_DECIDE (18)
2026-05-15 09:26:22 Used volume for last job: 314.964
2026-05-15 09:26:22 Handler State: EXCHANGE_TWO (9) -> WAIT_FOR_DCU (10)
2026-05-15 09:26:23 Handler State: WAIT_FOR_DCU (10) -> EXCHANGE_THREE (11)
2026-05-15 09:26:24 CartMove: Exchange 3
2026-05-15 09:26:24 CartMoveState: STORE_DECIDE (18) -> AUX_DECIDE (5)
2026-05-15 09:26:24 CartMoveState: AUX_DECIDE (5) -> TO_MOVE (10)
2026-05-15 09:26:25 CartMoveState: TO_MOVE (10) -> TO_CART (11)
2026-05-15 09:26:27 CartMoveState: TO_CART (11) -> HOME_MOVE (12)
2026-05-15 09:26:29 CartMoveState: HOME_MOVE (12) -> HALT (13)
2026-05-15 09:26:29 CartMoveState: HALT (13) -> IDLE (1)
2026-05-15 09:26:29 Handler State: EXCHANGE_THREE (11) -> POST_PROCESS (12)
2026-05-15 09:26:29 Handler State: POST_PROCESS (12) -> MOVE_ARM_HOME (14)
2026-05-15 09:26:29 Handler State: MOVE_ARM_HOME (14) -> HANDLER_IDLE (1)
2026-05-15 09:29:00 Handler State: HANDLER_IDLE (1) -> HANDLER_START (2)
2026-05-15 09:29:01 Handler State: HANDLER_START (2) -> DECIDE_CART (3)
2026-05-15 09:29:01 Selection: IFS has correct material.
2026-05-15 09:29:01 Selection: Last resort, just pick the first cartridge.
2026-05-15 09:29:01 Selected Primary Cartridge: 4
2026-05-15 09:29:01 Selected Primary Station: 102
2026-05-15 09:29:01 Selected Secondary Cartridge: 0
2026-05-15 09:29:01 Selected Secondary Station: 0
2026-05-15 09:29:01 Selected Filling Volume: 69
2026-05-15 09:29:01 Handler State: DECIDE_CART (3) -> PLACE_CART (5)
2026-05-15 09:29:01 CartMove: Move, from 105 to 102
2026-05-15 09:29:01 CartMoveState: IDLE (1) -> FROM_MOVE (3)
2026-05-15 09:29:02 CartMoveState: FROM_MOVE (3) -> FROM_CART (4)
2026-05-15 09:29:05 CartMoveState: FROM_CART (4) -> AUX_DECIDE (5)
2026-05-15 09:29:05 CartMoveState: AUX_DECIDE (5) -> TO_MOVE (10)
2026-05-15 09:29:07 CartMoveState: TO_MOVE (10) -> TO_CART (11)
2026-05-15 09:29:09 CartMoveState: TO_CART (11) -> HOME_MOVE (12)
2026-05-15 09:29:10 CartMoveState: HOME_MOVE (12) -> HALT (13)
2026-05-15 09:29:10 CartMoveState: HALT (13) -> IDLE (1)
2026-05-15 09:29:10 Handler State: PLACE_CART (5) -> CHECK_SEC_CART (26)
2026-05-15 09:29:10 Handler State: CHECK_SEC_CART (26) -> PROBE_CART (24)
2026-05-15 09:29:10 CartMove: Exchange 1, from 102
2026-05-15 09:29:10 CartMoveState: IDLE (1) -> FROM_MOVE (3)
2026-05-15 09:29:11 CartMoveState: FROM_MOVE (3) -> FROM_PROBE (19)
2026-05-15 09:29:12 Handler State: PROBE_CART (24) -> PROCESS_CART (6)
2026-05-15 09:29:46 Setting CBS color valve (FillGate): 1
2026-05-15 09:29:47 Primed volume (FillGate): 0.662212
2026-05-15 09:29:47 Re-Calculated Filling Volume: 69
2026-05-15 09:29:47 Setting CBS color valve (FillCart): 1
2026-05-15 09:29:58 Handler State: PROCESS_CART (6) -> EXCHANGE_ONE (7)
2026-05-15 09:29:58 CartMove: Exchange 1, from 102
2026-05-15 09:29:58 CartMoveState: FROM_PROBE (19) -> FROM_CART (4)
2026-05-15 09:30:05 Setting CBS color valve (Finished): 0
2026-05-15 09:30:06 CartMoveState: FROM_CART (4) -> TO_MOVE (10)
2026-05-15 09:30:07 CartMoveState: TO_MOVE (10) -> EXCH_1_WAIT (14)
2026-05-15 09:30:07 Handler State: EXCHANGE_ONE (7) -> START_DCU (8)
2026-05-15 09:30:07 Handler State: START_DCU (8) -> EXCHANGE_TWO (9)
2026-05-15 09:30:07 CartMove: Exchange 2
2026-05-15 09:30:07 CartMoveState: EXCH_1_WAIT (14) -> EXCH_1_CART (15)
2026-05-15 09:30:10 CartMoveState: EXCH_1_CART (15) -> EXCH_2_MOVE (16)
2026-05-15 09:30:11 CartMoveState: EXCH_2_MOVE (16) -> EXCH_2_CART (17)
2026-05-15 09:30:13 CartMoveState: EXCH_2_CART (17) -> STORE_DECIDE (18)
2026-05-15 09:30:13 Used volume for last job: 0
2026-05-15 09:30:13 Handler State: EXCHANGE_TWO (9) -> WAIT_FOR_DCU (10)
2026-05-15 09:30:15 Handler State: WAIT_FOR_DCU (10) -> EXCHANGE_THREE (11)
2026-05-15 09:30:15 CartMove: Exchange 3
2026-05-15 09:30:15 CartMoveState: STORE_DECIDE (18) -> AUX_DECIDE (5)
2026-05-15 09:30:15 CartMoveState: AUX_DECIDE (5) -> TO_MOVE (10)
2026-05-15 09:30:15 CartMoveState: TO_MOVE (10) -> TO_CART (11)
2026-05-15 09:30:17 CartMoveState: TO_CART (11) -> HOME_MOVE (12)
2026-05-15 09:30:17 CartMoveState: HOME_MOVE (12) -> HALT (13)
2026-05-15 09:30:17 CartMoveState: HALT (13) -> IDLE (1)
2026-05-15 09:30:17 Handler State: EXCHANGE_THREE (11) -> POST_PROCESS (12)
2026-05-15 09:30:17 Handler State: POST_PROCESS (12) -> MOVE_ARM_HOME (14)
2026-05-15 09:30:17 Handler State: MOVE_ARM_HOME (14) -> HANDLER_IDLE (1)
2026-05-15 09:30:24 Handler State: HANDLER_IDLE (1) -> HANDLER_START (2)
2026-05-15 09:30:25 Handler State: HANDLER_START (2) -> DECIDE_CART (3)
2026-05-15 09:30:25 Selection: Last resort, just pick the first IFS.
2026-05-15 09:30:25 Selection: Last resort, just pick the first cartridge.
2026-05-15 09:30:25 Selected Primary Cartridge: 3
2026-05-15 09:30:25 Selected Primary Station: 104
2026-05-15 09:30:25 Selected Secondary Cartridge: 0
2026-05-15 09:30:25 Selected Secondary Station: 0
2026-05-15 09:30:25 Selected Filling Volume: 419
2026-05-15 09:30:25 Handler State: DECIDE_CART (3) -> CHECK_SEC_CART (26)
2026-05-15 09:30:25 Handler State: CHECK_SEC_CART (26) -> PROBE_CART (24)
2026-05-15 09:30:25 CartMove: Exchange 1, from 104
2026-05-15 09:30:25 CartMoveState: IDLE (1) -> FROM_MOVE (3)
2026-05-15 09:30:26 CartMoveState: FROM_MOVE (3) -> FROM_PROBE (19)
2026-05-15 09:30:28 Handler State: PROBE_CART (24) -> PROCESS_CART (6)
2026-05-15 09:30:57 Setting CBS color valve (FillIFS): 1
2026-05-15 09:30:58 Primed volume (FillIFS): 3.82546
2026-05-15 09:30:58 Re-Calculated Filling Volume: 419
2026-05-15 09:30:58 Setting CBS color valve (FillCart): 1
2026-05-15 09:31:14 Handler State: PROCESS_CART (6) -> EXCHANGE_ONE (7)
2026-05-15 09:31:14 CartMove: Exchange 1, from 104
2026-05-15 09:31:14 CartMoveState: FROM_PROBE (19) -> FROM_CART (4)
2026-05-15 09:31:19 Setting CBS color valve (Finished): 0
2026-05-15 09:31:21 CartMoveState: FROM_CART (4) -> TO_MOVE (10)
2026-05-15 09:31:23 CartMoveState: TO_MOVE (10) -> EXCH_1_WAIT (14)
2026-05-15 09:31:23 Handler State: EXCHANGE_ONE (7) -> START_DCU (8)
2026-05-15 09:31:23 Handler State: START_DCU (8) -> EXCHANGE_TWO (9)
2026-05-15 09:31:23 CartMove: Exchange 2
2026-05-15 09:31:23 CartMoveState: EXCH_1_WAIT (14) -> EXCH_1_CART (15)
2026-05-15 09:31:26 CartMoveState: EXCH_1_CART (15) -> EXCH_2_MOVE (16)
2026-05-15 09:31:27 CartMoveState: EXCH_2_MOVE (16) -> EXCH_2_CART (17)
2026-05-15 09:31:29 CartMoveState: EXCH_2_CART (17) -> STORE_DECIDE (18)
2026-05-15 09:31:29 Used volume for last job: 18.9962
2026-05-15 09:31:29 Handler State: EXCHANGE_TWO (9) -> WAIT_FOR_DCU (10)
2026-05-15 09:31:31 Handler State: WAIT_FOR_DCU (10) -> EXCHANGE_THREE (11)
2026-05-15 09:31:31 CartMove: Exchange 3
2026-05-15 09:31:31 CartMoveState: STORE_DECIDE (18) -> AUX_DECIDE (5)
2026-05-15 09:31:31 CartMoveState: AUX_DECIDE (5) -> TO_MOVE (10)
2026-05-15 09:31:33 CartMoveState: TO_MOVE (10) -> TO_CART (11)
2026-05-15 09:31:35 CartMoveState: TO_CART (11) -> HOME_MOVE (12)
2026-05-15 09:31:36 CartMoveState: HOME_MOVE (12) -> HALT (13)
2026-05-15 09:31:36 CartMoveState: HALT (13) -> IDLE (1)
2026-05-15 09:31:36 Handler State: EXCHANGE_THREE (11) -> POST_PROCESS (12)
2026-05-15 09:31:36 Handler State: POST_PROCESS (12) -> MOVE_ARM_HOME (14)
2026-05-15 09:31:36 Handler State: MOVE_ARM_HOME (14) -> HANDLER_IDLE (1)
2026-05-15 09:34:02 Handler State: HANDLER_IDLE (1) -> HANDLER_START (2)
2026-05-15 09:34:03 Handler State: HANDLER_START (2) -> DECIDE_CART (3)
2026-05-15 09:34:03 Selection: IFS has correct material.
2026-05-15 09:34:03 Selection: Last resort, just pick the first cartridge.
2026-05-15 09:34:03 Selected Primary Cartridge: 6
2026-05-15 09:34:03 Selected Primary Station: 104
2026-05-15 09:34:03 Selected Secondary Cartridge: 0
2026-05-15 09:34:03 Selected Secondary Station: 0
2026-05-15 09:34:04 Selected Filling Volume: 443
2026-05-15 09:34:04 Handler State: DECIDE_CART (3) -> PLACE_CART (5)
2026-05-15 09:34:04 CartMove: Move, from 107 to 104
2026-05-15 09:34:04 CartMoveState: IDLE (1) -> FROM_MOVE (3)
2026-05-15 09:34:05 CartMoveState: FROM_MOVE (3) -> FROM_CART (4)
2026-05-15 09:34:08 CartMoveState: FROM_CART (4) -> AUX_DECIDE (5)
2026-05-15 09:34:08 CartMoveState: AUX_DECIDE (5) -> TO_MOVE (10)
2026-05-15 09:34:09 CartMoveState: TO_MOVE (10) -> TO_CART (11)
2026-05-15 09:34:12 CartMoveState: TO_CART (11) -> HOME_MOVE (12)
2026-05-15 09:34:12 CartMoveState: HOME_MOVE (12) -> HALT (13)
2026-05-15 09:34:12 CartMoveState: HALT (13) -> IDLE (1)
2026-05-15 09:34:12 Handler State: PLACE_CART (5) -> CHECK_SEC_CART (26)
2026-05-15 09:34:12 Handler State: CHECK_SEC_CART (26) -> PROBE_CART (24)
2026-05-15 09:34:12 CartMove: Exchange 1, from 104
2026-05-15 09:34:12 CartMoveState: IDLE (1) -> FROM_MOVE (3)
2026-05-15 09:34:13 CartMoveState: FROM_MOVE (3) -> FROM_PROBE (19)
2026-05-15 09:34:15 Handler State: PROBE_CART (24) -> PROCESS_CART (6)
2026-05-15 09:34:46 Setting CBS color valve (FillGate): 1
2026-05-15 09:34:47 Primed volume (FillGate): 1.54659
2026-05-15 09:34:47 Re-Calculated Filling Volume: 443
2026-05-15 09:34:47 Setting CBS color valve (FillCart): 1
2026-05-15 09:35:07 Handler State: PROCESS_CART (6) -> EXCHANGE_ONE (7)
2026-05-15 09:35:07 CartMove: Exchange 1, from 104
2026-05-15 09:35:07 CartMoveState: FROM_PROBE (19) -> FROM_CART (4)
2026-05-15 09:35:13 Setting CBS color valve (Finished): 0
2026-05-15 09:35:14 CartMoveState: FROM_CART (4) -> TO_MOVE (10)
2026-05-15 09:35:16 CartMoveState: TO_MOVE (10) -> EXCH_1_WAIT (14)
2026-05-15 09:35:16 Handler State: EXCHANGE_ONE (7) -> START_DCU (8)
2026-05-15 09:35:57 Handler State: START_DCU (8) -> EXCHANGE_TWO (9)
2026-05-15 09:35:57 CartMove: Exchange 2
2026-05-15 09:35:59 CartMoveState: EXCH_1_WAIT (14) -> EXCH_1_CART (15)
2026-05-15 09:36:01 CartMoveState: EXCH_1_CART (15) -> EXCH_2_MOVE (16)
2026-05-15 09:36:03 CartMoveState: EXCH_2_MOVE (16) -> EXCH_2_CART (17)
2026-05-15 09:36:04 CartMoveState: EXCH_2_CART (17) -> STORE_DECIDE (18)
2026-05-15 09:36:04 Used volume for last job: 0
2026-05-15 09:36:04 Handler State: EXCHANGE_TWO (9) -> WAIT_FOR_DCU (10)
2026-05-15 09:36:06 Handler State: WAIT_FOR_DCU (10) -> EXCHANGE_THREE (11)
2026-05-15 09:36:06 CartMove: Exchange 3
2026-05-15 09:36:06 CartMoveState: STORE_DECIDE (18) -> AUX_DECIDE (5)
2026-05-15 09:36:06 CartMoveState: AUX_DECIDE (5) -> TO_MOVE (10)
2026-05-15 09:36:07 CartMoveState: TO_MOVE (10) -> TO_CART (11)
2026-05-15 09:36:09 CartMoveState: TO_CART (11) -> HOME_MOVE (12)
2026-05-15 09:36:10 CartMoveState: HOME_MOVE (12) -> HALT (13)
2026-05-15 09:36:10 CartMoveState: HALT (13) -> IDLE (1)
2026-05-15 09:36:10 Handler State: EXCHANGE_THREE (11) -> POST_PROCESS (12)
2026-05-15 09:36:10 Handler State: POST_PROCESS (12) -> MOVE_ARM_HOME (14)
2026-05-15 09:36:11 Handler State: MOVE_ARM_HOME (14) -> HANDLER_IDLE (1)
2026-05-15 09:41:30 Handler State: HANDLER_IDLE (1) -> SEMI_START (15)
2026-05-15 09:41:30 Handler State: SEMI_START (15) -> SEMI_PROBE_CART (25)
2026-05-15 09:41:34 Handler State: SEMI_PROBE_CART (25) -> SEMI_PROCESS (16)
2026-05-15 09:42:01 Re-Calculated Filling Volume: 0
2026-05-15 09:42:07 Setting CBS color valve (Finished): 0
2026-05-15 09:42:07 Handler State: SEMI_PROCESS (16) -> SEMI_WHAT_NEXT (21)
2026-05-15 09:42:07 Handler State: SEMI_WHAT_NEXT (21) -> SEMI_FINISHED (23)
2026-05-15 09:42:08 Handler State: SEMI_FINISHED (23) -> HANDLER_IDLE (1)
2026-05-15 09:44:17 Handler State: HANDLER_IDLE (1) -> SEMI_START (15)
2026-05-15 09:44:17 Handler State: SEMI_START (15) -> SEMI_PROBE_CART (25)
2026-05-15 09:44:20 Handler State: SEMI_PROBE_CART (25) -> SEMI_PROCESS (16)
2026-05-15 09:46:00 Re-Calculated Filling Volume: 0
2026-05-15 09:46:06 Setting CBS color valve (Finished): 0
2026-05-15 09:46:06 Handler State: SEMI_PROCESS (16) -> SEMI_WHAT_NEXT (21)
2026-05-15 09:46:06 Handler State: SEMI_WHAT_NEXT (21) -> SEMI_FINISHED (23)
2026-05-15 09:46:06 Handler State: SEMI_FINISHED (23) -> HANDLER_IDLE (1)
2026-05-15 09:59:15 Handler State: HANDLER_IDLE (1) -> HANDLER_START (2)
2026-05-15 09:59:16 Handler State: HANDLER_START (2) -> DECIDE_CART (3)
2026-05-15 09:59:16 Selection: IFS is clean and its cartridge is cleaned.
2026-05-15 09:59:16 Selected Primary Cartridge: 3
2026-05-15 09:59:16 Selected Primary Station: 104
2026-05-15 09:59:16 Selected Secondary Cartridge: 0
2026-05-15 09:59:16 Selected Secondary Station: 0
2026-05-15 09:59:16 Selected Filling Volume: 640
2026-05-15 09:59:16 Handler State: DECIDE_CART (3) -> CHECK_SEC_CART (26)
2026-05-15 09:59:16 Handler State: CHECK_SEC_CART (26) -> PROBE_CART (24)
2026-05-15 09:59:16 CartMove: Exchange 1, from 104
2026-05-15 09:59:16 CartMoveState: IDLE (1) -> FROM_MOVE (3)
2026-05-15 09:59:17 CartMoveState: FROM_MOVE (3) -> FROM_PROBE (19)
2026-05-15 09:59:19 Handler State: PROBE_CART (24) -> PROCESS_CART (6)
2026-05-15 09:59:19 Setting CBS color valve (FillIFS): 1
2026-05-15 09:59:21 Primed volume (FillIFS): 2.22457
2026-05-15 09:59:21 Re-Calculated Filling Volume: 640
2026-05-15 09:59:21 Setting CBS color valve (FillCart): 1
2026-05-15 09:59:48 Handler State: PROCESS_CART (6) -> EXCHANGE_ONE (7)
2026-05-15 09:59:48 CartMove: Exchange 1, from 104
2026-05-15 09:59:48 CartMoveState: FROM_PROBE (19) -> FROM_CART (4)
2026-05-15 09:59:53 Setting CBS color valve (Finished): 0
2026-05-15 09:59:55 CartMoveState: FROM_CART (4) -> TO_MOVE (10)
2026-05-15 09:59:57 CartMoveState: TO_MOVE (10) -> EXCH_1_WAIT (14)
2026-05-15 09:59:57 Handler State: EXCHANGE_ONE (7) -> START_DCU (8)
2026-05-15 09:59:57 Handler State: START_DCU (8) -> EXCHANGE_TWO (9)
2026-05-15 09:59:57 CartMove: Exchange 2
2026-05-15 09:59:57 CartMoveState: EXCH_1_WAIT (14) -> EXCH_1_CART (15)
2026-05-15 10:00:00 CartMoveState: EXCH_1_CART (15) -> EXCH_2_MOVE (16)
2026-05-15 10:00:01 CartMoveState: EXCH_2_MOVE (16) -> EXCH_2_CART (17)
2026-05-15 10:00:03 CartMoveState: EXCH_2_CART (17) -> STORE_DECIDE (18)
2026-05-15 10:00:03 Used volume for last job: 391.732
2026-05-15 10:00:03 Handler State: EXCHANGE_TWO (9) -> WAIT_FOR_DCU (10)
2026-05-15 10:00:05 Handler State: WAIT_FOR_DCU (10) -> EXCHANGE_THREE (11)
2026-05-15 10:00:05 CartMove: Exchange 3
2026-05-15 10:00:05 CartMoveState: STORE_DECIDE (18) -> AUX_DECIDE (5)
2026-05-15 10:00:05 CartMoveState: AUX_DECIDE (5) -> TO_MOVE (10)
2026-05-15 10:00:06 CartMoveState: TO_MOVE (10) -> TO_CART (11)
2026-05-15 10:00:08 CartMoveState: TO_CART (11) -> HOME_MOVE (12)
2026-05-15 10:00:09 CartMoveState: HOME_MOVE (12) -> HALT (13)
2026-05-15 10:00:09 CartMoveState: HALT (13) -> IDLE (1)
2026-05-15 10:00:09 Handler State: EXCHANGE_THREE (11) -> POST_PROCESS (12)
2026-05-15 10:00:09 Handler State: POST_PROCESS (12) -> MOVE_ARM_HOME (14)
2026-05-15 10:00:10 Handler State: MOVE_ARM_HOME (14) -> HANDLER_IDLE (1)
2026-05-15 10:04:00 Handler State: HANDLER_IDLE (1) -> HANDLER_START (2)
2026-05-15 10:04:01 Handler State: HANDLER_START (2) -> DECIDE_CART (3)
2026-05-15 10:04:01 Selection: IFS is clean and its cartridge is cleaned.
2026-05-15 10:04:01 Selected Primary Cartridge: 5
2026-05-15 10:04:01 Selected Primary Station: 103
2026-05-15 10:04:01 Selected Secondary Cartridge: 0
2026-05-15 10:04:01 Selected Secondary Station: 0
2026-05-15 10:04:01 Selected Filling Volume: 372
2026-05-15 10:04:01 Handler State: DECIDE_CART (3) -> CHECK_SEC_CART (26)
2026-05-15 10:04:01 Handler State: CHECK_SEC_CART (26) -> PROBE_CART (24)
2026-05-15 10:04:01 CartMove: Exchange 1, from 103
2026-05-15 10:04:01 CartMoveState: IDLE (1) -> FROM_MOVE (3)
2026-05-15 10:04:01 CartMoveState: FROM_MOVE (3) -> FROM_PROBE (19)
2026-05-15 10:04:03 Handler State: PROBE_CART (24) -> PROCESS_CART (6)
2026-05-15 10:04:03 Setting CBS color valve (FillIFS): 1
2026-05-15 10:04:04 Primed volume (FillIFS): 1.4561
2026-05-15 10:04:04 Re-Calculated Filling Volume: 372
2026-05-15 10:04:04 Setting CBS color valve (FillCart): 1
2026-05-15 10:04:22 Handler State: PROCESS_CART (6) -> EXCHANGE_ONE (7)
2026-05-15 10:04:22 CartMove: Exchange 1, from 103
2026-05-15 10:04:22 CartMoveState: FROM_PROBE (19) -> FROM_CART (4)
2026-05-15 10:04:27 Setting CBS color valve (Finished): 0
2026-05-15 10:04:29 CartMoveState: FROM_CART (4) -> TO_MOVE (10)
2026-05-15 10:04:31 CartMoveState: TO_MOVE (10) -> EXCH_1_WAIT (14)
2026-05-15 10:04:31 Handler State: EXCHANGE_ONE (7) -> START_DCU (8)
2026-05-15 10:06:02 Handler State: START_DCU (8) -> EXCHANGE_TWO (9)
2026-05-15 10:06:02 CartMove: Exchange 2
2026-05-15 10:06:13 CartMoveState: EXCH_1_WAIT (14) -> EXCH_1_CART (15)
2026-05-15 10:06:16 CartMoveState: EXCH_1_CART (15) -> EXCH_2_MOVE (16)
2026-05-15 10:06:17 CartMoveState: EXCH_2_MOVE (16) -> EXCH_2_CART (17)
2026-05-15 10:06:19 CartMoveState: EXCH_2_CART (17) -> STORE_DECIDE (18)
2026-05-15 10:06:19 Used volume for last job: 439.53
2026-05-15 10:06:19 Handler State: EXCHANGE_TWO (9) -> WAIT_FOR_DCU (10)
2026-05-15 10:06:21 Handler State: WAIT_FOR_DCU (10) -> EXCHANGE_THREE (11)
2026-05-15 10:06:21 CartMove: Exchange 3
2026-05-15 10:06:21 CartMoveState: STORE_DECIDE (18) -> AUX_DECIDE (5)
2026-05-15 10:06:21 CartMoveState: AUX_DECIDE (5) -> TO_MOVE (10)
2026-05-15 10:06:23 CartMoveState: TO_MOVE (10) -> TO_CART (11)
2026-05-15 10:06:25 CartMoveState: TO_CART (11) -> HOME_MOVE (12)
2026-05-15 10:06:26 CartMoveState: HOME_MOVE (12) -> HALT (13)
2026-05-15 10:06:26 CartMoveState: HALT (13) -> IDLE (1)
2026-05-15 10:06:26 Handler State: EXCHANGE_THREE (11) -> POST_PROCESS (12)
2026-05-15 10:06:26 Handler State: POST_PROCESS (12) -> MOVE_ARM_HOME (14)
2026-05-15 10:06:26 Handler State: MOVE_ARM_HOME (14) -> HANDLER_IDLE (1)
2026-05-15 10:06:39 Handler State: HANDLER_IDLE (1) -> HANDLER_START (2)
2026-05-15 10:06:40 Handler State: HANDLER_START (2) -> DECIDE_CART (3)
2026-05-15 10:06:40 Selection: IFS has correct material.
2026-05-15 10:06:40 Selection: Last resort, just pick the first cartridge.
2026-05-15 10:06:40 Selected Primary Cartridge: 2
2026-05-15 10:06:40 Selected Primary Station: 103
2026-05-15 10:06:40 Selected Secondary Cartridge: 0
2026-05-15 10:06:40 Selected Secondary Station: 0
2026-05-15 10:06:40 Selected Filling Volume: 306
2026-05-15 10:06:40 Handler State: DECIDE_CART (3) -> PLACE_CART (5)
2026-05-15 10:06:40 CartMove: Move, from 106 to 103
2026-05-15 10:06:40 CartMoveState: IDLE (1) -> FROM_MOVE (3)
2026-05-15 10:06:42 CartMoveState: FROM_MOVE (3) -> FROM_CART (4)
2026-05-15 10:06:44 CartMoveState: FROM_CART (4) -> AUX_DECIDE (5)
2026-05-15 10:06:44 CartMoveState: AUX_DECIDE (5) -> TO_MOVE (10)
2026-05-15 10:06:46 CartMoveState: TO_MOVE (10) -> TO_CART (11)
2026-05-15 10:06:48 CartMoveState: TO_CART (11) -> HOME_MOVE (12)
2026-05-15 10:06:48 CartMoveState: HOME_MOVE (12) -> HALT (13)
2026-05-15 10:06:48 CartMoveState: HALT (13) -> IDLE (1)
2026-05-15 10:06:48 Handler State: PLACE_CART (5) -> CHECK_SEC_CART (26)
2026-05-15 10:06:48 Handler State: CHECK_SEC_CART (26) -> PROBE_CART (24)
2026-05-15 10:06:48 CartMove: Exchange 1, from 103
2026-05-15 10:06:48 CartMoveState: IDLE (1) -> FROM_MOVE (3)
2026-05-15 10:06:49 CartMoveState: FROM_MOVE (3) -> FROM_PROBE (19)
2026-05-15 10:06:50 Handler State: PROBE_CART (24) -> PROCESS_CART (6)
2026-05-15 10:07:41 Setting CBS color valve (FillGate): 1
2026-05-15 10:07:42 Primed volume (FillGate): 1.71538
2026-05-15 10:07:42 Re-Calculated Filling Volume: 306
2026-05-15 10:07:42 Setting CBS color valve (FillCart): 1
2026-05-15 10:07:59 Handler State: PROCESS_CART (6) -> EXCHANGE_ONE (7)
2026-05-15 10:07:59 CartMove: Exchange 1, from 103
2026-05-15 10:07:59 CartMoveState: FROM_PROBE (19) -> FROM_CART (4)
2026-05-15 10:08:04 Setting CBS color valve (Finished): 0
2026-05-15 10:08:06 CartMoveState: FROM_CART (4) -> TO_MOVE (10)
2026-05-15 10:08:08 CartMoveState: TO_MOVE (10) -> EXCH_1_WAIT (14)
2026-05-15 10:08:08 Handler State: EXCHANGE_ONE (7) -> START_DCU (8)
2026-05-15 10:08:25 Handler State: START_DCU (8) -> EXCHANGE_TWO (9)
2026-05-15 10:08:25 CartMove: Exchange 2
2026-05-15 10:08:26 CartMoveState: EXCH_1_WAIT (14) -> EXCH_1_CART (15)
2026-05-15 10:08:29 CartMoveState: EXCH_1_CART (15) -> EXCH_2_MOVE (16)
2026-05-15 10:08:30 CartMoveState: EXCH_2_MOVE (16) -> EXCH_2_CART (17)
2026-05-15 10:08:32 CartMoveState: EXCH_2_CART (17) -> STORE_DECIDE (18)
2026-05-15 10:08:32 Used volume for last job: 0
2026-05-15 10:08:32 Handler State: EXCHANGE_TWO (9) -> WAIT_FOR_DCU (10)
2026-05-15 10:08:34 Handler State: WAIT_FOR_DCU (10) -> EXCHANGE_THREE (11)
2026-05-15 10:08:34 CartMove: Exchange 3
2026-05-15 10:08:34 CartMoveState: STORE_DECIDE (18) -> AUX_DECIDE (5)
2026-05-15 10:08:34 CartMoveState: AUX_DECIDE (5) -> TO_MOVE (10)
2026-05-15 10:08:35 CartMoveState: TO_MOVE (10) -> TO_CART (11)
2026-05-15 10:08:37 CartMoveState: TO_CART (11) -> HOME_MOVE (12)
2026-05-15 10:08:38 CartMoveState: HOME_MOVE (12) -> HALT (13)
2026-05-15 10:08:38 CartMoveState: HALT (13) -> IDLE (1)
2026-05-15 10:08:38 Handler State: EXCHANGE_THREE (11) -> POST_PROCESS (12)
2026-05-15 10:08:38 Handler State: POST_PROCESS (12) -> MOVE_ARM_HOME (14)
2026-05-15 10:08:38 Handler State: MOVE_ARM_HOME (14) -> HANDLER_IDLE (1)
2026-05-15 10:10:10 Handler State: HANDLER_IDLE (1) -> SEMI_START (15)
2026-05-15 10:10:10 Handler State: SEMI_START (15) -> SEMI_PROBE_CART (25)
2026-05-15 10:10:14 Handler State: SEMI_PROBE_CART (25) -> SEMI_PROCESS (16)
2026-05-15 10:10:51 Re-Calculated Filling Volume: 0
2026-05-15 10:10:58 Setting CBS color valve (Finished): 0
2026-05-15 10:10:58 Handler State: SEMI_PROCESS (16) -> SEMI_WHAT_NEXT (21)
2026-05-15 10:10:58 Handler State: SEMI_WHAT_NEXT (21) -> SEMI_FINISHED (23)
2026-05-15 10:10:58 Handler State: SEMI_FINISHED (23) -> HANDLER_IDLE (1)
2026-05-15 10:16:14 Handler State: HANDLER_IDLE (1) -> HANDLER_START (2)
2026-05-15 10:16:15 Handler State: HANDLER_START (2) -> DECIDE_CART (3)
2026-05-15 10:16:15 Selection: IFS is clean and its cartridge is cleaned.
2026-05-15 10:16:15 Selected Primary Cartridge: 1
2026-05-15 10:16:15 Selected Primary Station: 102
2026-05-15 10:16:15 Selected Secondary Cartridge: 0
2026-05-15 10:16:15 Selected Secondary Station: 0
2026-05-15 10:16:15 Selected Filling Volume: 348
2026-05-15 10:16:15 Handler State: DECIDE_CART (3) -> CHECK_SEC_CART (26)
2026-05-15 10:16:15 Handler State: CHECK_SEC_CART (26) -> PROBE_CART (24)
2026-05-15 10:16:15 CartMove: Exchange 1, from 102
2026-05-15 10:16:15 CartMoveState: IDLE (1) -> FROM_MOVE (3)
2026-05-15 10:16:16 CartMoveState: FROM_MOVE (3) -> FROM_PROBE (19)
2026-05-15 10:16:17 Handler State: PROBE_CART (24) -> PROCESS_CART (6)
2026-05-15 10:16:17 Setting CBS color valve (FillIFS): 1
2026-05-15 10:16:19 Primed volume (FillIFS): 2.1367
2026-05-15 10:16:19 Re-Calculated Filling Volume: 348
2026-05-15 10:16:19 Setting CBS color valve (FillCart): 1
2026-05-15 10:16:36 Handler State: PROCESS_CART (6) -> EXCHANGE_ONE (7)
2026-05-15 10:16:36 CartMove: Exchange 1, from 102
2026-05-15 10:16:36 CartMoveState: FROM_PROBE (19) -> FROM_CART (4)
2026-05-15 10:16:43 Setting CBS color valve (Finished): 0
2026-05-15 10:16:45 CartMoveState: FROM_CART (4) -> TO_MOVE (10)
2026-05-15 10:16:46 CartMoveState: TO_MOVE (10) -> EXCH_1_WAIT (14)
2026-05-15 10:16:46 Handler State: EXCHANGE_ONE (7) -> START_DCU (8)
2026-05-15 10:16:46 Handler State: START_DCU (8) -> EXCHANGE_TWO (9)
2026-05-15 10:16:46 CartMove: Exchange 2
2026-05-15 10:16:46 CartMoveState: EXCH_1_WAIT (14) -> EXCH_1_CART (15)
2026-05-15 10:16:49 CartMoveState: EXCH_1_CART (15) -> EXCH_2_MOVE (16)
2026-05-15 10:16:50 CartMoveState: EXCH_2_MOVE (16) -> EXCH_2_CART (17)
2026-05-15 10:16:52 CartMoveState: EXCH_2_CART (17) -> STORE_DECIDE (18)
2026-05-15 10:16:52 Used volume for last job: 253.741
2026-05-15 10:16:52 Handler State: EXCHANGE_TWO (9) -> WAIT_FOR_DCU (10)
2026-05-15 10:16:54 Handler State: WAIT_FOR_DCU (10) -> EXCHANGE_THREE (11)
2026-05-15 10:16:54 CartMove: Exchange 3
2026-05-15 10:16:54 CartMoveState: STORE_DECIDE (18) -> AUX_DECIDE (5)
2026-05-15 10:16:54 CartMoveState: AUX_DECIDE (5) -> TO_MOVE (10)
2026-05-15 10:16:56 CartMoveState: TO_MOVE (10) -> TO_CART (11)
2026-05-15 10:16:58 CartMoveState: TO_CART (11) -> HOME_MOVE (12)
2026-05-15 10:16:59 CartMoveState: HOME_MOVE (12) -> HALT (13)
2026-05-15 10:16:59 CartMoveState: HALT (13) -> IDLE (1)
2026-05-15 10:16:59 Handler State: EXCHANGE_THREE (11) -> POST_PROCESS (12)
2026-05-15 10:16:59 Handler State: POST_PROCESS (12) -> MOVE_ARM_HOME (14)
2026-05-15 10:16:59 Handler State: MOVE_ARM_HOME (14) -> HANDLER_IDLE (1)
2026-05-15 10:21:19 Handler State: HANDLER_IDLE (1) -> HANDLER_START (2)
2026-05-15 10:21:20 Handler State: HANDLER_START (2) -> DECIDE_CART (3)
2026-05-15 10:21:20 Selection: IFS has correct material.
2026-05-15 10:21:20 Selection: Last resort, just pick the first cartridge.
2026-05-15 10:21:20 Selected Primary Cartridge: 4
2026-05-15 10:21:20 Selected Primary Station: 102
2026-05-15 10:21:20 Selected Secondary Cartridge: 0
2026-05-15 10:21:20 Selected Secondary Station: 0
2026-05-15 10:21:20 Selected Filling Volume: 306
2026-05-15 10:21:20 Handler State: DECIDE_CART (3) -> PLACE_CART (5)
2026-05-15 10:21:20 CartMove: Move, from 105 to 102
2026-05-15 10:21:20 CartMoveState: IDLE (1) -> FROM_MOVE (3)
2026-05-15 10:21:21 CartMoveState: FROM_MOVE (3) -> FROM_CART (4)
2026-05-15 10:21:24 CartMoveState: FROM_CART (4) -> AUX_DECIDE (5)
2026-05-15 10:21:24 CartMoveState: AUX_DECIDE (5) -> TO_MOVE (10)
2026-05-15 10:21:25 CartMoveState: TO_MOVE (10) -> TO_CART (11)
2026-05-15 10:21:28 CartMoveState: TO_CART (11) -> HOME_MOVE (12)
2026-05-15 10:21:28 CartMoveState: HOME_MOVE (12) -> HALT (13)
2026-05-15 10:21:28 CartMoveState: HALT (13) -> IDLE (1)
2026-05-15 10:21:28 Handler State: PLACE_CART (5) -> CHECK_SEC_CART (26)
2026-05-15 10:21:28 Handler State: CHECK_SEC_CART (26) -> PROBE_CART (24)
2026-05-15 10:21:28 CartMove: Exchange 1, from 102
2026-05-15 10:21:29 CartMoveState: IDLE (1) -> FROM_MOVE (3)
2026-05-15 10:21:29 CartMoveState: FROM_MOVE (3) -> FROM_PROBE (19)
2026-05-15 10:21:31 Handler State: PROBE_CART (24) -> PROCESS_CART (6)
2026-05-15 10:22:05 Setting CBS color valve (FillGate): 1
2026-05-15 10:22:06 Primed volume (FillGate): 1.27283
2026-05-15 10:22:06 Re-Calculated Filling Volume: 306
2026-05-15 10:22:06 Setting CBS color valve (FillCart): 1
2026-05-15 10:22:21 Handler State: PROCESS_CART (6) -> EXCHANGE_ONE (7)
2026-05-15 10:22:22 CartMove: Exchange 1, from 102
2026-05-15 10:22:22 CartMoveState: FROM_PROBE (19) -> FROM_CART (4)
2026-05-15 10:22:28 Setting CBS color valve (Finished): 0
2026-05-15 10:22:30 CartMoveState: FROM_CART (4) -> TO_MOVE (10)
2026-05-15 10:22:31 CartMoveState: TO_MOVE (10) -> EXCH_1_WAIT (14)
2026-05-15 10:22:31 Handler State: EXCHANGE_ONE (7) -> START_DCU (8)
2026-05-15 10:23:12 Handler State: START_DCU (8) -> EXCHANGE_TWO (9)
2026-05-15 10:23:12 CartMove: Exchange 2
2026-05-15 10:23:14 CartMoveState: EXCH_1_WAIT (14) -> EXCH_1_CART (15)
2026-05-15 10:23:16 CartMoveState: EXCH_1_CART (15) -> EXCH_2_MOVE (16)
2026-05-15 10:23:18 CartMoveState: EXCH_2_MOVE (16) -> EXCH_2_CART (17)
2026-05-15 10:23:20 CartMoveState: EXCH_2_CART (17) -> STORE_DECIDE (18)
2026-05-15 10:23:20 Used volume for last job: 0
2026-05-15 10:23:20 Handler State: EXCHANGE_TWO (9) -> WAIT_FOR_DCU (10)
2026-05-15 10:23:21 Handler State: WAIT_FOR_DCU (10) -> EXCHANGE_THREE (11)
2026-05-15 10:23:21 CartMove: Exchange 3
2026-05-15 10:23:21 CartMoveState: STORE_DECIDE (18) -> AUX_DECIDE (5)
2026-05-15 10:23:21 CartMoveState: AUX_DECIDE (5) -> TO_MOVE (10)
2026-05-15 10:23:22 CartMoveState: TO_MOVE (10) -> TO_CART (11)
2026-05-15 10:23:24 CartMoveState: TO_CART (11) -> HOME_MOVE (12)
2026-05-15 10:23:24 CartMoveState: HOME_MOVE (12) -> HALT (13)
2026-05-15 10:23:24 CartMoveState: HALT (13) -> IDLE (1)
2026-05-15 10:23:24 Handler State: EXCHANGE_THREE (11) -> POST_PROCESS (12)
2026-05-15 10:23:24 Handler State: POST_PROCESS (12) -> MOVE_ARM_HOME (14)
2026-05-15 10:23:24 Handler State: MOVE_ARM_HOME (14) -> HANDLER_IDLE (1)
2026-05-15 10:34:49 Handler State: HANDLER_IDLE (1) -> SEMI_START (15)
2026-05-15 10:34:49 Handler State: SEMI_START (15) -> SEMI_PROBE_CART (25)
2026-05-15 10:34:53 Handler State: SEMI_PROBE_CART (25) -> SEMI_PROCESS (16)
2026-05-15 10:35:29 Re-Calculated Filling Volume: 0
2026-05-15 10:35:35 Setting CBS color valve (Finished): 0
2026-05-15 10:35:35 Handler State: SEMI_PROCESS (16) -> SEMI_WHAT_NEXT (21)
2026-05-15 10:35:36 Handler State: SEMI_WHAT_NEXT (21) -> SEMI_FINISHED (23)
2026-05-15 10:35:36 Handler State: SEMI_FINISHED (23) -> HANDLER_IDLE (1)
2026-05-15 10:45:14 Handler State: HANDLER_IDLE (1) -> HANDLER_START (2)
2026-05-15 10:45:15 Handler State: HANDLER_START (2) -> DECIDE_CART (3)
2026-05-15 10:45:15 Selection: IFS is clean and its cartridge is cleaned.
2026-05-15 10:45:15 Selected Primary Cartridge: 1
2026-05-15 10:45:15 Selected Primary Station: 102
2026-05-15 10:45:15 Selected Secondary Cartridge: 0
2026-05-15 10:45:15 Selected Secondary Station: 0
2026-05-15 10:45:15 Selected Filling Volume: 348
2026-05-15 10:45:15 Handler State: DECIDE_CART (3) -> CHECK_SEC_CART (26)
2026-05-15 10:45:15 Handler State: CHECK_SEC_CART (26) -> PROBE_CART (24)
2026-05-15 10:45:15 CartMove: Exchange 1, from 102
2026-05-15 10:45:15 CartMoveState: IDLE (1) -> FROM_MOVE (3)
2026-05-15 10:45:16 CartMoveState: FROM_MOVE (3) -> FROM_PROBE (19)
2026-05-15 10:45:18 Handler State: PROBE_CART (24) -> PROCESS_CART (6)
2026-05-15 10:45:18 Setting CBS color valve (FillIFS): 1
2026-05-15 10:45:19 Primed volume (FillIFS): 0.677241
2026-05-15 10:45:19 Re-Calculated Filling Volume: 348
2026-05-15 10:45:19 Setting CBS color valve (FillCart): 1
2026-05-15 10:45:36 Handler State: PROCESS_CART (6) -> EXCHANGE_ONE (7)
2026-05-15 10:45:37 CartMove: Exchange 1, from 102
2026-05-15 10:45:37 CartMoveState: FROM_PROBE (19) -> FROM_CART (4)
2026-05-15 10:45:43 Setting CBS color valve (Finished): 0
2026-05-15 10:45:45 CartMoveState: FROM_CART (4) -> TO_MOVE (10)
2026-05-15 10:45:46 CartMoveState: TO_MOVE (10) -> EXCH_1_WAIT (14)
2026-05-15 10:45:46 Handler State: EXCHANGE_ONE (7) -> START_DCU (8)
2026-05-15 10:45:46 Handler State: START_DCU (8) -> EXCHANGE_TWO (9)
2026-05-15 10:45:46 CartMove: Exchange 2
2026-05-15 10:45:46 CartMoveState: EXCH_1_WAIT (14) -> EXCH_1_CART (15)
2026-05-15 10:45:49 CartMoveState: EXCH_1_CART (15) -> EXCH_2_MOVE (16)
2026-05-15 10:45:50 CartMoveState: EXCH_2_MOVE (16) -> EXCH_2_CART (17)
2026-05-15 10:45:52 CartMoveState: EXCH_2_CART (17) -> STORE_DECIDE (18)
2026-05-15 10:45:52 Used volume for last job: 253.743
2026-05-15 10:45:52 Handler State: EXCHANGE_TWO (9) -> WAIT_FOR_DCU (10)
2026-05-15 10:45:53 Handler State: WAIT_FOR_DCU (10) -> EXCHANGE_THREE (11)
2026-05-15 10:45:53 CartMove: Exchange 3
2026-05-15 10:45:53 CartMoveState: STORE_DECIDE (18) -> AUX_DECIDE (5)
2026-05-15 10:45:53 CartMoveState: AUX_DECIDE (5) -> TO_MOVE (10)
2026-05-15 10:45:54 CartMoveState: TO_MOVE (10) -> TO_CART (11)
2026-05-15 10:45:56 CartMoveState: TO_CART (11) -> HOME_MOVE (12)
2026-05-15 10:45:56 CartMoveState: HOME_MOVE (12) -> HALT (13)
2026-05-15 10:45:56 CartMoveState: HALT (13) -> IDLE (1)
2026-05-15 10:45:56 Handler State: EXCHANGE_THREE (11) -> POST_PROCESS (12)
2026-05-15 10:45:56 Handler State: POST_PROCESS (12) -> MOVE_ARM_HOME (14)
2026-05-15 10:45:56 Handler State: MOVE_ARM_HOME (14) -> HANDLER_IDLE (1)
2026-05-15 10:50:28 Handler State: HANDLER_IDLE (1) -> HANDLER_START (2)
2026-05-15 10:50:29 Handler State: HANDLER_START (2) -> DECIDE_CART (3)
2026-05-15 10:50:29 Selection: IFS has correct material and its cartridge has correct material.
2026-05-15 10:50:29 Selected Primary Cartridge: 4
2026-05-15 10:50:29 Selected Primary Station: 102
2026-05-15 10:50:29 Selected Secondary Cartridge: 0
2026-05-15 10:50:29 Selected Secondary Station: 0
2026-05-15 10:50:29 Selected Filling Volume: 306
2026-05-15 10:50:29 Handler State: DECIDE_CART (3) -> CHECK_SEC_CART (26)
2026-05-15 10:50:29 Handler State: CHECK_SEC_CART (26) -> PROBE_CART (24)
2026-05-15 10:50:29 CartMove: Exchange 1, from 102
2026-05-15 10:50:29 CartMoveState: IDLE (1) -> FROM_MOVE (3)
2026-05-15 10:50:30 CartMoveState: FROM_MOVE (3) -> FROM_PROBE (19)
2026-05-15 10:50:32 Handler State: PROBE_CART (24) -> PROCESS_CART (6)
2026-05-15 10:51:05 Setting CBS color valve (FillGate): 1
2026-05-15 10:51:06 Primed volume (FillGate): 1.94579
2026-05-15 10:51:06 Re-Calculated Filling Volume: 306
2026-05-15 10:51:06 Setting CBS color valve (FillCart): 1
2026-05-15 10:51:23 Handler State: PROCESS_CART (6) -> EXCHANGE_ONE (7)
2026-05-15 10:51:23 CartMove: Exchange 1, from 102
2026-05-15 10:51:23 CartMoveState: FROM_PROBE (19) -> FROM_CART (4)
2026-05-15 10:51:30 Setting CBS color valve (Finished): 0
2026-05-15 10:51:32 CartMoveState: FROM_CART (4) -> TO_MOVE (10)
2026-05-15 10:51:33 CartMoveState: TO_MOVE (10) -> EXCH_1_WAIT (14)
2026-05-15 10:51:33 Handler State: EXCHANGE_ONE (7) -> START_DCU (8)
2026-05-15 10:52:18 Handler State: START_DCU (8) -> EXCHANGE_TWO (9)
2026-05-15 10:52:18 CartMove: Exchange 2
2026-05-15 10:52:19 CartMoveState: EXCH_1_WAIT (14) -> EXCH_1_CART (15)
2026-05-15 10:52:21 CartMoveState: EXCH_1_CART (15) -> EXCH_2_MOVE (16)
2026-05-15 10:52:22 CartMoveState: EXCH_2_MOVE (16) -> EXCH_2_CART (17)
2026-05-15 10:52:24 CartMoveState: EXCH_2_CART (17) -> STORE_DECIDE (18)
2026-05-15 10:52:24 Used volume for last job: 0
2026-05-15 10:52:24 Handler State: EXCHANGE_TWO (9) -> WAIT_FOR_DCU (10)
2026-05-15 10:52:26 Handler State: WAIT_FOR_DCU (10) -> EXCHANGE_THREE (11)
2026-05-15 10:52:26 CartMove: Exchange 3
2026-05-15 10:52:26 CartMoveState: STORE_DECIDE (18) -> AUX_DECIDE (5)
2026-05-15 10:52:26 CartMoveState: AUX_DECIDE (5) -> TO_MOVE (10)
2026-05-15 10:52:26 CartMoveState: TO_MOVE (10) -> TO_CART (11)
2026-05-15 10:52:28 CartMoveState: TO_CART (11) -> HOME_MOVE (12)
2026-05-15 10:52:28 CartMoveState: HOME_MOVE (12) -> HALT (13)
2026-05-15 10:52:28 CartMoveState: HALT (13) -> IDLE (1)
2026-05-15 10:52:28 Handler State: EXCHANGE_THREE (11) -> POST_PROCESS (12)
2026-05-15 10:52:28 Handler State: POST_PROCESS (12) -> MOVE_ARM_HOME (14)
2026-05-15 10:52:28 Handler State: MOVE_ARM_HOME (14) -> HANDLER_IDLE (1)
2026-05-15 10:52:35 Handler State: HANDLER_IDLE (1) -> HANDLER_START (2)
2026-05-15 10:52:36 Handler State: HANDLER_START (2) -> DECIDE_CART (3)
2026-05-15 10:52:36 Selection: Last resort, just pick the first IFS.
2026-05-15 10:52:36 Selection: Last resort, just pick the first cartridge.
2026-05-15 10:52:36 Selected Primary Cartridge: 1
2026-05-15 10:52:36 Selected Primary Station: 102
2026-05-15 10:52:36 Selected Secondary Cartridge: 0
2026-05-15 10:52:36 Selected Secondary Station: 0
2026-05-15 10:52:36 Selected Filling Volume: 302
2026-05-15 10:52:36 Handler State: DECIDE_CART (3) -> CHECK_SEC_CART (26)
2026-05-15 10:52:36 Handler State: CHECK_SEC_CART (26) -> PROBE_CART (24)
2026-05-15 10:52:36 CartMove: Exchange 1, from 102
2026-05-15 10:52:36 CartMoveState: IDLE (1) -> FROM_MOVE (3)
2026-05-15 10:52:37 CartMoveState: FROM_MOVE (3) -> FROM_PROBE (19)
2026-05-15 10:52:38 Handler State: PROBE_CART (24) -> PROCESS_CART (6)
2026-05-15 10:53:15 Setting CBS color valve (FillIFS): 2
2026-05-15 10:53:16 Primed volume (FillIFS): 4.75235
2026-05-15 10:53:16 Re-Calculated Filling Volume: 302
2026-05-15 10:53:16 Setting CBS color valve (FillCart): 2
2026-05-15 10:53:32 Handler State: PROCESS_CART (6) -> EXCHANGE_ONE (7)
2026-05-15 10:53:32 CartMove: Exchange 1, from 102
2026-05-15 10:53:32 CartMoveState: FROM_PROBE (19) -> FROM_CART (4)
2026-05-15 10:53:39 Setting CBS color valve (Finished): 0
2026-05-15 10:53:41 CartMoveState: FROM_CART (4) -> TO_MOVE (10)
2026-05-15 10:53:42 CartMoveState: TO_MOVE (10) -> EXCH_1_WAIT (14)
2026-05-15 10:53:42 Handler State: EXCHANGE_ONE (7) -> START_DCU (8)
2026-05-15 10:53:58 Handler State: START_DCU (8) -> EXCHANGE_TWO (9)
2026-05-15 10:53:58 CartMove: Exchange 2
2026-05-15 10:54:09 CartMoveState: EXCH_1_WAIT (14) -> EXCH_1_CART (15)
2026-05-15 10:54:12 CartMoveState: EXCH_1_CART (15) -> EXCH_2_MOVE (16)
2026-05-15 10:54:13 CartMoveState: EXCH_2_MOVE (16) -> EXCH_2_CART (17)
2026-05-15 10:54:15 CartMoveState: EXCH_2_CART (17) -> STORE_DECIDE (18)
2026-05-15 10:54:15 Used volume for last job: 253.738
2026-05-15 10:54:15 Handler State: EXCHANGE_TWO (9) -> WAIT_FOR_DCU (10)
2026-05-15 10:54:17 Handler State: WAIT_FOR_DCU (10) -> EXCHANGE_THREE (11)
2026-05-15 10:54:17 CartMove: Exchange 3
2026-05-15 10:54:17 CartMoveState: STORE_DECIDE (18) -> AUX_DECIDE (5)
2026-05-15 10:54:17 CartMoveState: AUX_DECIDE (5) -> TO_MOVE (10)
2026-05-15 10:54:17 CartMoveState: TO_MOVE (10) -> TO_CART (11)
2026-05-15 10:54:19 CartMoveState: TO_CART (11) -> HOME_MOVE (12)
2026-05-15 10:54:19 CartMoveState: HOME_MOVE (12) -> HALT (13)
2026-05-15 10:54:19 CartMoveState: HALT (13) -> IDLE (1)
2026-05-15 10:54:19 Handler State: EXCHANGE_THREE (11) -> POST_PROCESS (12)
2026-05-15 10:54:19 Handler State: POST_PROCESS (12) -> MOVE_ARM_HOME (14)
2026-05-15 10:54:19 Handler State: MOVE_ARM_HOME (14) -> HANDLER_IDLE (1)
2026-05-15 10:56:42 Handler State: HANDLER_IDLE (1) -> SEMI_START (15)
2026-05-15 10:56:42 Handler State: SEMI_START (15) -> SEMI_PROBE_CART (25)
2026-05-15 10:56:46 Handler State: SEMI_PROBE_CART (25) -> SEMI_PROCESS (16)
2026-05-15 10:57:22 Re-Calculated Filling Volume: 0
2026-05-15 10:57:29 Setting CBS color valve (Finished): 0
2026-05-15 10:57:29 Handler State: SEMI_PROCESS (16) -> SEMI_WHAT_NEXT (21)
2026-05-15 10:57:29 Handler State: SEMI_WHAT_NEXT (21) -> SEMI_FINISHED (23)
2026-05-15 10:57:29 Handler State: SEMI_FINISHED (23) -> HANDLER_IDLE (1)
2026-05-15 10:57:53 Handler State: HANDLER_IDLE (1) -> HANDLER_START (2)
2026-05-15 10:57:54 Handler State: HANDLER_START (2) -> DECIDE_CART (3)
2026-05-15 10:57:54 Selection: IFS is clean and its cartridge is cleaned.
2026-05-15 10:57:54 Selected Primary Cartridge: 4
2026-05-15 10:57:54 Selected Primary Station: 102
2026-05-15 10:57:54 Selected Secondary Cartridge: 0
2026-05-15 10:57:54 Selected Secondary Station: 0
2026-05-15 10:57:54 Selected Filling Volume: 355
2026-05-15 10:57:54 Handler State: DECIDE_CART (3) -> CHECK_SEC_CART (26)
2026-05-15 10:57:54 Handler State: CHECK_SEC_CART (26) -> PROBE_CART (24)
2026-05-15 10:57:54 CartMove: Exchange 1, from 102
2026-05-15 10:57:54 CartMoveState: IDLE (1) -> FROM_MOVE (3)
2026-05-15 10:57:54 CartMoveState: FROM_MOVE (3) -> FROM_PROBE (19)
2026-05-15 10:57:56 Handler State: PROBE_CART (24) -> PROCESS_CART (6)
2026-05-15 10:57:56 Setting CBS color valve (FillIFS): 1
2026-05-15 10:57:58 Primed volume (FillIFS): 4.30991
2026-05-15 10:57:58 Re-Calculated Filling Volume: 355
2026-05-15 10:57:58 Setting CBS color valve (FillCart): 1
2026-05-15 10:58:15 Handler State: PROCESS_CART (6) -> EXCHANGE_ONE (7)
2026-05-15 10:58:15 CartMove: Exchange 1, from 102
2026-05-15 10:58:15 CartMoveState: FROM_PROBE (19) -> FROM_CART (4)
2026-05-15 10:58:22 Setting CBS color valve (Finished): 0
2026-05-15 10:58:24 CartMoveState: FROM_CART (4) -> TO_MOVE (10)
2026-05-15 10:58:25 CartMoveState: TO_MOVE (10) -> EXCH_1_WAIT (14)
2026-05-15 10:58:25 Handler State: EXCHANGE_ONE (7) -> START_DCU (8)
2026-05-15 10:58:25 Handler State: START_DCU (8) -> EXCHANGE_TWO (9)
2026-05-15 10:58:25 CartMove: Exchange 2
2026-05-15 10:58:25 CartMoveState: EXCH_1_WAIT (14) -> EXCH_1_CART (15)
2026-05-15 10:58:28 CartMoveState: EXCH_1_CART (15) -> EXCH_2_MOVE (16)
2026-05-15 10:58:28 CartMoveState: EXCH_2_MOVE (16) -> EXCH_2_CART (17)
2026-05-15 10:58:30 CartMoveState: EXCH_2_CART (17) -> STORE_DECIDE (18)
2026-05-15 10:58:30 Used volume for last job: 238.492
2026-05-15 10:58:30 Handler State: EXCHANGE_TWO (9) -> WAIT_FOR_DCU (10)
2026-05-15 10:58:32 Handler State: WAIT_FOR_DCU (10) -> EXCHANGE_THREE (11)
2026-05-15 10:58:32 CartMove: Exchange 3
2026-05-15 10:58:32 CartMoveState: STORE_DECIDE (18) -> AUX_DECIDE (5)
2026-05-15 10:58:32 CartMoveState: AUX_DECIDE (5) -> TO_MOVE (10)
2026-05-15 10:58:32 CartMoveState: TO_MOVE (10) -> TO_CART (11)
2026-05-15 10:58:35 CartMoveState: TO_CART (11) -> HOME_MOVE (12)
2026-05-15 10:58:35 CartMoveState: HOME_MOVE (12) -> HALT (13)
2026-05-15 10:58:35 CartMoveState: HALT (13) -> IDLE (1)
2026-05-15 10:58:35 Handler State: EXCHANGE_THREE (11) -> POST_PROCESS (12)
2026-05-15 10:58:35 Handler State: POST_PROCESS (12) -> MOVE_ARM_HOME (14)
2026-05-15 10:58:35 Handler State: MOVE_ARM_HOME (14) -> HANDLER_IDLE (1)
2026-05-15 10:58:52 Handler State: HANDLER_IDLE (1) -> HANDLER_START (2)
2026-05-15 10:58:53 Handler State: HANDLER_START (2) -> DECIDE_CART (3)
2026-05-15 10:58:53 Selection: Last resort, just pick the first IFS.
2026-05-15 10:58:53 Selection: Last resort, just pick the first cartridge.
2026-05-15 10:58:53 Selected Primary Cartridge: 2
2026-05-15 10:58:53 Selected Primary Station: 103
2026-05-15 10:58:53 Selected Secondary Cartridge: 0
2026-05-15 10:58:53 Selected Secondary Station: 0
2026-05-15 10:58:53 Selected Filling Volume: 228
2026-05-15 10:58:53 Handler State: DECIDE_CART (3) -> REMOVE_CART (4)
2026-05-15 10:58:53 CartMove: Move, from 103 to 108
2026-05-15 10:58:53 CartMoveState: IDLE (1) -> FROM_MOVE (3)
2026-05-15 10:58:53 CartMoveState: FROM_MOVE (3) -> FROM_CART (4)
2026-05-15 10:58:56 CartMoveState: FROM_CART (4) -> AUX_DECIDE (5)
2026-05-15 10:58:56 CartMoveState: AUX_DECIDE (5) -> TO_MOVE (10)
2026-05-15 10:58:58 CartMoveState: TO_MOVE (10) -> TO_CART (11)
2026-05-15 10:59:00 CartMoveState: TO_CART (11) -> HOME_MOVE (12)
2026-05-15 10:59:02 CartMoveState: HOME_MOVE (12) -> HALT (13)
2026-05-15 10:59:02 CartMoveState: HALT (13) -> IDLE (1)
2026-05-15 10:59:02 Handler State: REMOVE_CART (4) -> PLACE_CART (5)
2026-05-15 10:59:02 CartMove: Move, from 106 to 103
2026-05-15 10:59:02 CartMoveState: IDLE (1) -> FROM_MOVE (3)
2026-05-15 10:59:03 CartMoveState: FROM_MOVE (3) -> FROM_CART (4)
2026-05-15 10:59:06 CartMoveState: FROM_CART (4) -> AUX_DECIDE (5)
2026-05-15 10:59:06 CartMoveState: AUX_DECIDE (5) -> TO_MOVE (10)
2026-05-15 10:59:07 CartMoveState: TO_MOVE (10) -> TO_CART (11)
2026-05-15 10:59:10 CartMoveState: TO_CART (11) -> HOME_MOVE (12)
2026-05-15 10:59:10 CartMoveState: HOME_MOVE (12) -> HALT (13)
2026-05-15 10:59:10 CartMoveState: HALT (13) -> IDLE (1)
2026-05-15 10:59:10 Handler State: PLACE_CART (5) -> CHECK_SEC_CART (26)
2026-05-15 10:59:10 Handler State: CHECK_SEC_CART (26) -> PROBE_CART (24)
2026-05-15 10:59:10 CartMove: Exchange 1, from 103
2026-05-15 10:59:10 CartMoveState: IDLE (1) -> FROM_MOVE (3)
2026-05-15 10:59:10 CartMoveState: FROM_MOVE (3) -> FROM_PROBE (19)
2026-05-15 10:59:12 Handler State: PROBE_CART (24) -> PROCESS_CART (6)
2026-05-15 10:59:43 Setting CBS color valve (FillIFS): 1
2026-05-15 10:59:44 Primed volume (FillIFS): 1.24655
2026-05-15 10:59:44 Re-Calculated Filling Volume: 228
2026-05-15 10:59:44 Setting CBS color valve (FillCart): 1
2026-05-15 10:59:55 Handler State: PROCESS_CART (6) -> EXCHANGE_ONE (7)
2026-05-15 10:59:55 CartMove: Exchange 1, from 103
2026-05-15 10:59:55 CartMoveState: FROM_PROBE (19) -> FROM_CART (4)
2026-05-15 11:00:01 Setting CBS color valve (Finished): 0
2026-05-15 11:00:02 CartMoveState: FROM_CART (4) -> TO_MOVE (10)
2026-05-15 11:00:04 CartMoveState: TO_MOVE (10) -> EXCH_1_WAIT (14)
2026-05-15 11:00:04 Handler State: EXCHANGE_ONE (7) -> START_DCU (8)
2026-05-15 11:02:47 Handler State: START_DCU (8) -> EXCHANGE_TWO (9)
2026-05-15 11:02:47 CartMove: Exchange 2
2026-05-15 11:02:57 CartMoveState: EXCH_1_WAIT (14) -> EXCH_1_CART (15)
2026-05-15 11:03:00 CartMoveState: EXCH_1_CART (15) -> EXCH_2_MOVE (16)
2026-05-15 11:03:01 CartMoveState: EXCH_2_MOVE (16) -> EXCH_2_CART (17)
2026-05-15 11:03:03 CartMoveState: EXCH_2_CART (17) -> STORE_DECIDE (18)
2026-05-15 11:03:03 Used volume for last job: 299.627
2026-05-15 11:03:03 Handler State: EXCHANGE_TWO (9) -> WAIT_FOR_DCU (10)
2026-05-15 11:03:05 Handler State: WAIT_FOR_DCU (10) -> EXCHANGE_THREE (11)
2026-05-15 11:03:05 CartMove: Exchange 3
2026-05-15 11:03:05 CartMoveState: STORE_DECIDE (18) -> AUX_DECIDE (5)
2026-05-15 11:03:05 CartMoveState: AUX_DECIDE (5) -> TO_MOVE (10)
2026-05-15 11:03:06 CartMoveState: TO_MOVE (10) -> TO_CART (11)
2026-05-15 11:03:08 CartMoveState: TO_CART (11) -> HOME_MOVE (12)
2026-05-15 11:03:10 CartMoveState: HOME_MOVE (12) -> HALT (13)
2026-05-15 11:03:10 CartMoveState: HALT (13) -> IDLE (1)
2026-05-15 11:03:10 Handler State: EXCHANGE_THREE (11) -> POST_PROCESS (12)
2026-05-15 11:03:10 Handler State: POST_PROCESS (12) -> EMPTY_AUX (13)
2026-05-15 11:03:10 CartMove: Move, from 108 to 103
2026-05-15 11:03:10 CartMoveState: IDLE (1) -> FROM_MOVE (3)
2026-05-15 11:03:11 CartMoveState: FROM_MOVE (3) -> FROM_CART (4)
2026-05-15 11:03:14 CartMoveState: FROM_CART (4) -> AUX_DECIDE (5)
2026-05-15 11:03:14 CartMoveState: AUX_DECIDE (5) -> TO_MOVE (10)
2026-05-15 11:03:16 CartMoveState: TO_MOVE (10) -> TO_CART (11)
2026-05-15 11:03:18 CartMoveState: TO_CART (11) -> HOME_MOVE (12)
2026-05-15 11:03:18 CartMoveState: HOME_MOVE (12) -> HALT (13)
2026-05-15 11:03:18 CartMoveState: HALT (13) -> IDLE (1)
2026-05-15 11:03:18 Handler State: EMPTY_AUX (13) -> MOVE_ARM_HOME (14)
2026-05-15 11:03:18 Handler State: MOVE_ARM_HOME (14) -> HANDLER_IDLE (1)
2026-05-15 11:05:18 Handler State: HANDLER_IDLE (1) -> HANDLER_START (2)
2026-05-15 11:05:19 Handler State: HANDLER_START (2) -> DECIDE_CART (3)
2026-05-15 11:05:19 Selection: IFS has correct material.
2026-05-15 11:05:19 Selection: Cartridge has correct material.
2026-05-15 11:05:19 Selected Primary Cartridge: 3
2026-05-15 11:05:19 Selected Primary Station: 104
2026-05-15 11:05:19 Selected Secondary Cartridge: 0
2026-05-15 11:05:19 Selected Secondary Station: 0
2026-05-15 11:05:19 Selected Filling Volume: 436
2026-05-15 11:05:19 Handler State: DECIDE_CART (3) -> REMOVE_CART (4)
2026-05-15 11:05:19 CartMove: Move, from 104 to 108
2026-05-15 11:05:19 CartMoveState: IDLE (1) -> FROM_MOVE (3)
2026-05-15 11:05:20 CartMoveState: FROM_MOVE (3) -> FROM_CART (4)
2026-05-15 11:05:23 CartMoveState: FROM_CART (4) -> AUX_DECIDE (5)
2026-05-15 11:05:23 CartMoveState: AUX_DECIDE (5) -> TO_MOVE (10)
2026-05-15 11:05:25 CartMoveState: TO_MOVE (10) -> TO_CART (11)
2026-05-15 11:05:27 CartMoveState: TO_CART (11) -> HOME_MOVE (12)
2026-05-15 11:05:28 CartMoveState: HOME_MOVE (12) -> HALT (13)
2026-05-15 11:05:28 CartMoveState: HALT (13) -> IDLE (1)
2026-05-15 11:05:28 Handler State: REMOVE_CART (4) -> PLACE_CART (5)
2026-05-15 11:05:28 CartMove: Move, from 107 to 104
2026-05-15 11:05:28 CartMoveState: IDLE (1) -> FROM_MOVE (3)
2026-05-15 11:05:30 CartMoveState: FROM_MOVE (3) -> FROM_CART (4)
2026-05-15 11:05:32 CartMoveState: FROM_CART (4) -> AUX_DECIDE (5)
2026-05-15 11:05:32 CartMoveState: AUX_DECIDE (5) -> TO_MOVE (10)
2026-05-15 11:05:34 CartMoveState: TO_MOVE (10) -> TO_CART (11)
2026-05-15 11:05:36 CartMoveState: TO_CART (11) -> HOME_MOVE (12)
2026-05-15 11:05:37 CartMoveState: HOME_MOVE (12) -> HALT (13)
2026-05-15 11:05:37 CartMoveState: HALT (13) -> IDLE (1)
2026-05-15 11:05:37 Handler State: PLACE_CART (5) -> CHECK_SEC_CART (26)
2026-05-15 11:05:37 Handler State: CHECK_SEC_CART (26) -> PROBE_CART (24)
2026-05-15 11:05:37 CartMove: Exchange 1, from 104
2026-05-15 11:05:37 CartMoveState: IDLE (1) -> FROM_MOVE (3)
2026-05-15 11:05:38 CartMoveState: FROM_MOVE (3) -> FROM_PROBE (19)
2026-05-15 11:05:40 Handler State: PROBE_CART (24) -> PROCESS_CART (6)
2026-05-15 11:06:31 Setting CBS color valve (FillGate): 1
2026-05-15 11:06:33 Primed volume (FillGate): 1.13278
2026-05-15 11:06:33 Re-Calculated Filling Volume: 436
2026-05-15 11:06:33 Setting CBS color valve (FillCart): 1
2026-05-15 11:06:56 Handler State: PROCESS_CART (6) -> EXCHANGE_ONE (7)
2026-05-15 11:06:56 CartMove: Exchange 1, from 104
2026-05-15 11:06:56 CartMoveState: FROM_PROBE (19) -> FROM_CART (4)
2026-05-15 11:07:01 Setting CBS color valve (Finished): 0
2026-05-15 11:07:03 CartMoveState: FROM_CART (4) -> TO_MOVE (10)
2026-05-15 11:07:05 CartMoveState: TO_MOVE (10) -> EXCH_1_WAIT (14)
2026-05-15 11:07:05 Handler State: EXCHANGE_ONE (7) -> START_DCU (8)
2026-05-15 11:07:24 Handler State: START_DCU (8) -> EXCHANGE_TWO (9)
2026-05-15 11:07:24 CartMove: Exchange 2
2026-05-15 11:07:35 CartMoveState: EXCH_1_WAIT (14) -> EXCH_1_CART (15)
2026-05-15 11:07:38 CartMoveState: EXCH_1_CART (15) -> EXCH_2_MOVE (16)
2026-05-15 11:07:38 CartMoveState: EXCH_2_MOVE (16) -> EXCH_2_CART (17)
2026-05-15 11:07:40 CartMoveState: EXCH_2_CART (17) -> STORE_DECIDE (18)
2026-05-15 11:07:40 Used volume for last job: 174.192
2026-05-15 11:07:40 Handler State: EXCHANGE_TWO (9) -> WAIT_FOR_DCU (10)
2026-05-15 11:07:42 Handler State: WAIT_FOR_DCU (10) -> EXCHANGE_THREE (11)
2026-05-15 11:07:42 CartMove: Exchange 3
2026-05-15 11:07:42 CartMoveState: STORE_DECIDE (18) -> AUX_DECIDE (5)
2026-05-15 11:07:42 CartMoveState: AUX_DECIDE (5) -> TO_MOVE (10)
2026-05-15 11:07:44 CartMoveState: TO_MOVE (10) -> TO_CART (11)
2026-05-15 11:07:46 CartMoveState: TO_CART (11) -> HOME_MOVE (12)
2026-05-15 11:07:47 CartMoveState: HOME_MOVE (12) -> HALT (13)
2026-05-15 11:07:47 CartMoveState: HALT (13) -> IDLE (1)
2026-05-15 11:07:47 Handler State: EXCHANGE_THREE (11) -> POST_PROCESS (12)
2026-05-15 11:07:47 Handler State: POST_PROCESS (12) -> EMPTY_AUX (13)
2026-05-15 11:07:47 CartMove: Move, from 108 to 104
2026-05-15 11:07:47 CartMoveState: IDLE (1) -> FROM_MOVE (3)
2026-05-15 11:07:49 CartMoveState: FROM_MOVE (3) -> FROM_CART (4)
2026-05-15 11:07:51 CartMoveState: FROM_CART (4) -> AUX_DECIDE (5)
2026-05-15 11:07:51 CartMoveState: AUX_DECIDE (5) -> TO_MOVE (10)
2026-05-15 11:07:53 CartMoveState: TO_MOVE (10) -> TO_CART (11)
2026-05-15 11:07:55 CartMoveState: TO_CART (11) -> HOME_MOVE (12)
2026-05-15 11:07:56 CartMoveState: HOME_MOVE (12) -> HALT (13)
2026-05-15 11:07:56 CartMoveState: HALT (13) -> IDLE (1)
2026-05-15 11:07:56 Handler State: EMPTY_AUX (13) -> MOVE_ARM_HOME (14)
2026-05-15 11:07:56 Handler State: MOVE_ARM_HOME (14) -> HANDLER_IDLE (1)
2026-05-15 11:10:05 Handler State: HANDLER_IDLE (1) -> HANDLER_START (2)
2026-05-15 11:10:06 Handler State: HANDLER_START (2) -> DECIDE_CART (3)
2026-05-15 11:10:06 Selection: IFS has correct material.
2026-05-15 11:10:06 Selection: Last resort, just pick the first cartridge.
2026-05-15 11:10:06 Selected Primary Cartridge: 6
2026-05-15 11:10:06 Selected Primary Station: 104
2026-05-15 11:10:06 Selected Secondary Cartridge: 0
2026-05-15 11:10:06 Selected Secondary Station: 0
2026-05-15 11:10:06 Selected Filling Volume: 477
2026-05-15 11:10:06 Handler State: DECIDE_CART (3) -> CHECK_SEC_CART (26)
2026-05-15 11:10:06 Handler State: CHECK_SEC_CART (26) -> PROBE_CART (24)
2026-05-15 11:10:06 CartMove: Exchange 1, from 104
2026-05-15 11:10:06 CartMoveState: IDLE (1) -> FROM_MOVE (3)
2026-05-15 11:10:07 CartMoveState: FROM_MOVE (3) -> FROM_PROBE (19)
2026-05-15 11:10:08 Handler State: PROBE_CART (24) -> PROCESS_CART (6)
2026-05-15 11:10:40 Setting CBS color valve (FillGate): 1
2026-05-15 11:10:41 Primed volume (FillGate): 1.44166
2026-05-15 11:10:41 Re-Calculated Filling Volume: 477
2026-05-15 11:10:41 Setting CBS color valve (FillCart): 1
2026-05-15 11:11:03 Handler State: PROCESS_CART (6) -> EXCHANGE_ONE (7)
2026-05-15 11:11:03 CartMove: Exchange 1, from 104
2026-05-15 11:11:03 CartMoveState: FROM_PROBE (19) -> FROM_CART (4)
2026-05-15 11:11:09 Setting CBS color valve (Finished): 0
2026-05-15 11:11:11 CartMoveState: FROM_CART (4) -> TO_MOVE (10)
2026-05-15 11:11:12 CartMoveState: TO_MOVE (10) -> EXCH_1_WAIT (14)
2026-05-15 11:11:12 Handler State: EXCHANGE_ONE (7) -> START_DCU (8)
2026-05-15 11:12:00 Handler State: START_DCU (8) -> EXCHANGE_TWO (9)
2026-05-15 11:12:00 CartMove: Exchange 2
2026-05-15 11:12:01 CartMoveState: EXCH_1_WAIT (14) -> EXCH_1_CART (15)
2026-05-15 11:12:04 CartMoveState: EXCH_1_CART (15) -> EXCH_2_MOVE (16)
2026-05-15 11:12:04 CartMoveState: EXCH_2_MOVE (16) -> EXCH_2_CART (17)
2026-05-15 11:12:06 CartMoveState: EXCH_2_CART (17) -> STORE_DECIDE (18)
2026-05-15 11:12:06 Used volume for last job: 0
2026-05-15 11:12:06 Handler State: EXCHANGE_TWO (9) -> WAIT_FOR_DCU (10)
2026-05-15 11:12:08 Handler State: WAIT_FOR_DCU (10) -> EXCHANGE_THREE (11)
2026-05-15 11:12:08 CartMove: Exchange 3
2026-05-15 11:12:08 CartMoveState: STORE_DECIDE (18) -> AUX_DECIDE (5)
2026-05-15 11:12:08 CartMoveState: AUX_DECIDE (5) -> TO_MOVE (10)
2026-05-15 11:12:09 CartMoveState: TO_MOVE (10) -> TO_CART (11)
2026-05-15 11:12:11 CartMoveState: TO_CART (11) -> HOME_MOVE (12)
2026-05-15 11:12:12 CartMoveState: HOME_MOVE (12) -> HALT (13)
2026-05-15 11:12:12 CartMoveState: HALT (13) -> IDLE (1)
2026-05-15 11:12:12 Handler State: EXCHANGE_THREE (11) -> POST_PROCESS (12)
2026-05-15 11:12:12 Handler State: POST_PROCESS (12) -> MOVE_ARM_HOME (14)
2026-05-15 11:12:13 Handler State: MOVE_ARM_HOME (14) -> HANDLER_IDLE (1)
2026-05-15 11:13:50 Handler State: HANDLER_IDLE (1) -> SEMI_START (15)
2026-05-15 11:13:50 Handler State: SEMI_START (15) -> SEMI_PROBE_CART (25)
2026-05-15 11:13:54 Handler State: SEMI_PROBE_CART (25) -> SEMI_PROCESS (16)
2026-05-15 11:14:22 Re-Calculated Filling Volume: 0
2026-05-15 11:14:27 Setting CBS color valve (Finished): 0
2026-05-15 11:14:27 Handler State: SEMI_PROCESS (16) -> SEMI_WHAT_NEXT (21)
2026-05-15 11:14:27 Handler State: SEMI_WHAT_NEXT (21) -> SEMI_FINISHED (23)
2026-05-15 11:14:28 Handler State: SEMI_FINISHED (23) -> HANDLER_IDLE (1)
2026-05-15 11:20:17 Handler State: HANDLER_IDLE (1) -> HANDLER_START (2)
2026-05-15 11:20:18 Handler State: HANDLER_START (2) -> DECIDE_CART (3)
2026-05-15 11:20:18 Selection: IFS is clean and its cartridge is cleaned.
2026-05-15 11:20:18 Selected Primary Cartridge: 3
2026-05-15 11:20:18 Selected Primary Station: 104
2026-05-15 11:20:18 Selected Secondary Cartridge: 0
2026-05-15 11:20:18 Selected Secondary Station: 0
2026-05-15 11:20:18 Selected Filling Volume: 436
2026-05-15 11:20:18 Handler State: DECIDE_CART (3) -> CHECK_SEC_CART (26)
2026-05-15 11:20:18 Handler State: CHECK_SEC_CART (26) -> PROBE_CART (24)
2026-05-15 11:20:18 CartMove: Exchange 1, from 104
2026-05-15 11:20:18 CartMoveState: IDLE (1) -> FROM_MOVE (3)
2026-05-15 11:20:19 CartMoveState: FROM_MOVE (3) -> FROM_PROBE (19)
2026-05-15 11:20:21 Handler State: PROBE_CART (24) -> PROCESS_CART (6)
2026-05-15 11:20:21 Setting CBS color valve (FillIFS): 2
2026-05-15 11:20:22 Primed volume (FillIFS): 0.970307
2026-05-15 11:20:23 Re-Calculated Filling Volume: 436
2026-05-15 11:20:23 Setting CBS color valve (FillCart): 2
2026-05-15 11:20:44 Handler State: PROCESS_CART (6) -> EXCHANGE_ONE (7)
2026-05-15 11:20:44 CartMove: Exchange 1, from 104
2026-05-15 11:20:44 CartMoveState: FROM_PROBE (19) -> FROM_CART (4)
2026-05-15 11:20:49 Setting CBS color valve (Finished): 0
2026-05-15 11:20:51 CartMoveState: FROM_CART (4) -> TO_MOVE (10)
2026-05-15 11:20:53 CartMoveState: TO_MOVE (10) -> EXCH_1_WAIT (14)
2026-05-15 11:20:53 Handler State: EXCHANGE_ONE (7) -> START_DCU (8)
2026-05-15 11:20:53 Handler State: START_DCU (8) -> EXCHANGE_TWO (9)
2026-05-15 11:20:53 CartMove: Exchange 2
2026-05-15 11:20:53 CartMoveState: EXCH_1_WAIT (14) -> EXCH_1_CART (15)
2026-05-15 11:20:56 CartMoveState: EXCH_1_CART (15) -> EXCH_2_MOVE (16)
2026-05-15 11:20:57 CartMoveState: EXCH_2_MOVE (16) -> EXCH_2_CART (17)
2026-05-15 11:20:59 CartMoveState: EXCH_2_CART (17) -> STORE_DECIDE (18)
2026-05-15 11:20:59 Used volume for last job: 425.165
2026-05-15 11:20:59 Handler State: EXCHANGE_TWO (9) -> WAIT_FOR_DCU (10)
2026-05-15 11:21:01 Handler State: WAIT_FOR_DCU (10) -> EXCHANGE_THREE (11)
2026-05-15 11:21:01 CartMove: Exchange 3
2026-05-15 11:21:01 CartMoveState: STORE_DECIDE (18) -> AUX_DECIDE (5)
2026-05-15 11:21:01 CartMoveState: AUX_DECIDE (5) -> TO_MOVE (10)
2026-05-15 11:21:01 CartMoveState: TO_MOVE (10) -> TO_CART (11)
2026-05-15 11:21:04 CartMoveState: TO_CART (11) -> HOME_MOVE (12)
2026-05-15 11:21:05 CartMoveState: HOME_MOVE (12) -> HALT (13)
2026-05-15 11:21:05 CartMoveState: HALT (13) -> IDLE (1)
2026-05-15 11:21:05 Handler State: EXCHANGE_THREE (11) -> POST_PROCESS (12)
2026-05-15 11:21:05 Handler State: POST_PROCESS (12) -> MOVE_ARM_HOME (14)
2026-05-15 11:21:05 Handler State: MOVE_ARM_HOME (14) -> HANDLER_IDLE (1)
2026-05-15 11:21:20 Handler State: HANDLER_IDLE (1) -> HANDLER_START (2)
2026-05-15 11:21:21 Handler State: HANDLER_START (2) -> DECIDE_CART (3)
2026-05-15 11:21:21 Selection: IFS has correct material and its cartridge has correct material.
2026-05-15 11:21:21 Selected Primary Cartridge: 6
2026-05-15 11:21:21 Selected Primary Station: 104
2026-05-15 11:21:21 Selected Secondary Cartridge: 0
2026-05-15 11:21:21 Selected Secondary Station: 0
2026-05-15 11:21:21 Selected Filling Volume: 477
2026-05-15 11:21:21 Handler State: DECIDE_CART (3) -> CHECK_SEC_CART (26)
2026-05-15 11:21:21 Handler State: CHECK_SEC_CART (26) -> PROBE_CART (24)
2026-05-15 11:21:21 CartMove: Exchange 1, from 104
2026-05-15 11:21:21 CartMoveState: IDLE (1) -> FROM_MOVE (3)
2026-05-15 11:21:22 CartMoveState: FROM_MOVE (3) -> FROM_PROBE (19)
2026-05-15 11:21:24 Handler State: PROBE_CART (24) -> PROCESS_CART (6)
2026-05-15 11:21:55 Setting CBS color valve (FillGate): 2
2026-05-15 11:21:56 Primed volume (FillGate): 0.0296957
2026-05-15 11:21:56 Re-Calculated Filling Volume: 477
2026-05-15 11:21:56 Setting CBS color valve (FillCart): 2
2026-05-15 11:22:21 Handler State: PROCESS_CART (6) -> EXCHANGE_ONE (7)
2026-05-15 11:22:21 CartMove: Exchange 1, from 104
2026-05-15 11:22:21 CartMoveState: FROM_PROBE (19) -> FROM_CART (4)
2026-05-15 11:22:27 Setting CBS color valve (Finished): 0
2026-05-15 11:22:28 CartMoveState: FROM_CART (4) -> TO_MOVE (10)
2026-05-15 11:22:30 CartMoveState: TO_MOVE (10) -> EXCH_1_WAIT (14)
2026-05-15 11:22:30 Handler State: EXCHANGE_ONE (7) -> START_DCU (8)
2026-05-15 11:23:14 Handler State: START_DCU (8) -> EXCHANGE_TWO (9)
2026-05-15 11:23:14 CartMove: Exchange 2
2026-05-15 11:23:15 CartMoveState: EXCH_1_WAIT (14) -> EXCH_1_CART (15)
2026-05-15 11:23:18 CartMoveState: EXCH_1_CART (15) -> EXCH_2_MOVE (16)
2026-05-15 11:23:20 CartMoveState: EXCH_2_MOVE (16) -> EXCH_2_CART (17)
2026-05-15 11:23:22 CartMoveState: EXCH_2_CART (17) -> STORE_DECIDE (18)
2026-05-15 11:23:22 Used volume for last job: 0
2026-05-15 11:23:22 Handler State: EXCHANGE_TWO (9) -> WAIT_FOR_DCU (10)
2026-05-15 11:23:23 Handler State: WAIT_FOR_DCU (10) -> EXCHANGE_THREE (11)
2026-05-15 11:23:23 CartMove: Exchange 3
2026-05-15 11:23:23 CartMoveState: STORE_DECIDE (18) -> AUX_DECIDE (5)
2026-05-15 11:23:23 CartMoveState: AUX_DECIDE (5) -> TO_MOVE (10)
2026-05-15 11:23:24 CartMoveState: TO_MOVE (10) -> TO_CART (11)
2026-05-15 11:23:26 CartMoveState: TO_CART (11) -> HOME_MOVE (12)
2026-05-15 11:23:28 CartMoveState: HOME_MOVE (12) -> HALT (13)
2026-05-15 11:23:28 CartMoveState: HALT (13) -> IDLE (1)
2026-05-15 11:23:28 Handler State: EXCHANGE_THREE (11) -> POST_PROCESS (12)
2026-05-15 11:23:28 Handler State: POST_PROCESS (12) -> MOVE_ARM_HOME (14)
2026-05-15 11:23:28 Handler State: MOVE_ARM_HOME (14) -> HANDLER_IDLE (1)
2026-05-15 11:23:33 Handler State: HANDLER_IDLE (1) -> HANDLER_START (2)
2026-05-15 11:23:33 Handler State: HANDLER_START (2) -> DECIDE_CART (3)
2026-05-15 11:23:34 Selection: Last resort, just pick the first IFS.
2026-05-15 11:23:34 Selection: Last resort, just pick the first cartridge.
2026-05-15 11:23:34 Selected Primary Cartridge: 1
2026-05-15 11:23:34 Selected Primary Station: 102
2026-05-15 11:23:34 Selected Secondary Cartridge: 0
2026-05-15 11:23:34 Selected Secondary Station: 0
2026-05-15 11:23:34 Selected Filling Volume: 305
2026-05-15 11:23:34 Handler State: DECIDE_CART (3) -> CHECK_SEC_CART (26)
2026-05-15 11:23:34 Handler State: CHECK_SEC_CART (26) -> PROBE_CART (24)
2026-05-15 11:23:34 CartMove: Exchange 1, from 102
2026-05-15 11:23:34 CartMoveState: IDLE (1) -> FROM_MOVE (3)
2026-05-15 11:23:34 CartMoveState: FROM_MOVE (3) -> FROM_PROBE (19)
2026-05-15 11:23:36 Handler State: PROBE_CART (24) -> PROCESS_CART (6)
2026-05-15 11:24:14 Setting CBS color valve (FillIFS): 1
2026-05-15 11:24:15 Primed volume (FillIFS): 4.90772
2026-05-15 11:24:15 Re-Calculated Filling Volume: 305
2026-05-15 11:24:15 Setting CBS color valve (FillCart): 1
2026-05-15 11:24:33 Handler State: PROCESS_CART (6) -> EXCHANGE_ONE (7)
2026-05-15 11:24:33 CartMove: Exchange 1, from 102
2026-05-15 11:24:33 CartMoveState: FROM_PROBE (19) -> FROM_CART (4)
2026-05-15 11:24:39 Setting CBS color valve (Finished): 0
2026-05-15 11:24:41 CartMoveState: FROM_CART (4) -> TO_MOVE (10)
2026-05-15 11:24:42 CartMoveState: TO_MOVE (10) -> EXCH_1_WAIT (14)
2026-05-15 11:24:42 Handler State: EXCHANGE_ONE (7) -> START_DCU (8)
2026-05-15 11:25:00 Handler State: START_DCU (8) -> EXCHANGE_TWO (9)
2026-05-15 11:25:00 CartMove: Exchange 2
2026-05-15 11:25:11 CartMoveState: EXCH_1_WAIT (14) -> EXCH_1_CART (15)
2026-05-15 11:25:14 CartMoveState: EXCH_1_CART (15) -> EXCH_2_MOVE (16)
2026-05-15 11:25:15 CartMoveState: EXCH_2_MOVE (16) -> EXCH_2_CART (17)
2026-05-15 11:25:17 CartMoveState: EXCH_2_CART (17) -> STORE_DECIDE (18)
2026-05-15 11:25:17 Used volume for last job: 425.175
2026-05-15 11:25:17 Handler State: EXCHANGE_TWO (9) -> WAIT_FOR_DCU (10)
2026-05-15 11:25:19 Handler State: WAIT_FOR_DCU (10) -> EXCHANGE_THREE (11)
2026-05-15 11:25:19 CartMove: Exchange 3
2026-05-15 11:25:19 CartMoveState: STORE_DECIDE (18) -> AUX_DECIDE (5)
2026-05-15 11:25:19 CartMoveState: AUX_DECIDE (5) -> TO_MOVE (10)
2026-05-15 11:25:21 CartMoveState: TO_MOVE (10) -> TO_CART (11)
2026-05-15 11:25:23 CartMoveState: TO_CART (11) -> HOME_MOVE (12)
2026-05-15 11:25:25 CartMoveState: HOME_MOVE (12) -> HALT (13)
2026-05-15 11:25:25 CartMoveState: HALT (13) -> IDLE (1)
2026-05-15 11:25:25 Handler State: EXCHANGE_THREE (11) -> POST_PROCESS (12)
2026-05-15 11:25:25 Handler State: POST_PROCESS (12) -> MOVE_ARM_HOME (14)
2026-05-15 11:25:25 Handler State: MOVE_ARM_HOME (14) -> HANDLER_IDLE (1)
2026-05-15 11:25:37 Handler State: HANDLER_IDLE (1) -> HANDLER_START (2)
2026-05-15 11:25:38 Handler State: HANDLER_START (2) -> DECIDE_CART (3)
2026-05-15 11:25:38 Selection: IFS has correct material.
2026-05-15 11:25:38 Selection: Last resort, just pick the first cartridge.
2026-05-15 11:25:38 Selected Primary Cartridge: 4
2026-05-15 11:25:38 Selected Primary Station: 102
2026-05-15 11:25:38 Selected Secondary Cartridge: 0
2026-05-15 11:25:38 Selected Secondary Station: 0
2026-05-15 11:25:38 Selected Filling Volume: 292
2026-05-15 11:25:38 Handler State: DECIDE_CART (3) -> PLACE_CART (5)
2026-05-15 11:25:38 CartMove: Move, from 105 to 102
2026-05-15 11:25:38 CartMoveState: IDLE (1) -> FROM_MOVE (3)
2026-05-15 11:25:39 CartMoveState: FROM_MOVE (3) -> FROM_CART (4)
2026-05-15 11:25:42 CartMoveState: FROM_CART (4) -> AUX_DECIDE (5)
2026-05-15 11:25:42 CartMoveState: AUX_DECIDE (5) -> TO_MOVE (10)
2026-05-15 11:25:43 CartMoveState: TO_MOVE (10) -> TO_CART (11)
2026-05-15 11:25:45 CartMoveState: TO_CART (11) -> HOME_MOVE (12)
2026-05-15 11:25:47 CartMoveState: HOME_MOVE (12) -> HALT (13)
2026-05-15 11:25:47 CartMoveState: HALT (13) -> IDLE (1)
2026-05-15 11:25:47 Handler State: PLACE_CART (5) -> CHECK_SEC_CART (26)
2026-05-15 11:25:47 Handler State: CHECK_SEC_CART (26) -> PROBE_CART (24)
2026-05-15 11:25:47 CartMove: Exchange 1, from 102
2026-05-15 11:25:47 CartMoveState: IDLE (1) -> FROM_MOVE (3)
2026-05-15 11:25:48 CartMoveState: FROM_MOVE (3) -> FROM_PROBE (19)
2026-05-15 11:25:49 Handler State: PROBE_CART (24) -> PROCESS_CART (6)
2026-05-15 11:26:23 Setting CBS color valve (FillGate): 1
2026-05-15 11:26:24 Primed volume (FillGate): 1.55803
2026-05-15 11:26:24 Re-Calculated Filling Volume: 292
2026-05-15 11:26:24 Setting CBS color valve (FillCart): 1
2026-05-15 11:26:41 Handler State: PROCESS_CART (6) -> EXCHANGE_ONE (7)
2026-05-15 11:26:41 CartMove: Exchange 1, from 102
2026-05-15 11:26:41 CartMoveState: FROM_PROBE (19) -> FROM_CART (4)
2026-05-15 11:26:48 Setting CBS color valve (Finished): 0
2026-05-15 11:26:50 CartMoveState: FROM_CART (4) -> TO_MOVE (10)
2026-05-15 11:26:50 CartMoveState: TO_MOVE (10) -> EXCH_1_WAIT (14)
2026-05-15 11:26:50 Handler State: EXCHANGE_ONE (7) -> START_DCU (8)
2026-05-15 11:27:26 Handler State: START_DCU (8) -> EXCHANGE_TWO (9)
2026-05-15 11:27:26 CartMove: Exchange 2
2026-05-15 11:27:27 CartMoveState: EXCH_1_WAIT (14) -> EXCH_1_CART (15)
2026-05-15 11:27:30 CartMoveState: EXCH_1_CART (15) -> EXCH_2_MOVE (16)
2026-05-15 11:27:30 CartMoveState: EXCH_2_MOVE (16) -> EXCH_2_CART (17)
2026-05-15 11:27:32 CartMoveState: EXCH_2_CART (17) -> STORE_DECIDE (18)
2026-05-15 11:27:32 Used volume for last job: 0
2026-05-15 11:27:32 Handler State: EXCHANGE_TWO (9) -> WAIT_FOR_DCU (10)
2026-05-15 11:27:34 Handler State: WAIT_FOR_DCU (10) -> EXCHANGE_THREE (11)
2026-05-15 11:27:34 CartMove: Exchange 3
2026-05-15 11:27:34 CartMoveState: STORE_DECIDE (18) -> AUX_DECIDE (5)
2026-05-15 11:27:34 CartMoveState: AUX_DECIDE (5) -> TO_MOVE (10)
2026-05-15 11:27:34 CartMoveState: TO_MOVE (10) -> TO_CART (11)
2026-05-15 11:27:36 CartMoveState: TO_CART (11) -> HOME_MOVE (12)
2026-05-15 11:27:36 CartMoveState: HOME_MOVE (12) -> HALT (13)
2026-05-15 11:27:37 CartMoveState: HALT (13) -> IDLE (1)
2026-05-15 11:27:37 Handler State: EXCHANGE_THREE (11) -> POST_PROCESS (12)
2026-05-15 11:27:37 Handler State: POST_PROCESS (12) -> MOVE_ARM_HOME (14)
2026-05-15 11:27:37 Handler State: MOVE_ARM_HOME (14) -> HANDLER_IDLE (1)
2026-05-15 11:29:10 Handler State: HANDLER_IDLE (1) -> SEMI_START (15)
2026-05-15 11:29:10 Handler State: SEMI_START (15) -> SEMI_PROBE_CART (25)
2026-05-15 11:29:13 Handler State: SEMI_PROBE_CART (25) -> SEMI_PROCESS (16)
2026-05-15 11:29:46 Re-Calculated Filling Volume: 0
2026-05-15 11:29:52 Setting CBS color valve (Finished): 0
2026-05-15 11:29:52 Handler State: SEMI_PROCESS (16) -> SEMI_WHAT_NEXT (21)
2026-05-15 11:29:52 Handler State: SEMI_WHAT_NEXT (21) -> SEMI_FINISHED (23)
2026-05-15 11:29:52 Handler State: SEMI_FINISHED (23) -> HANDLER_IDLE (1)
2026-05-15 11:29:54 Handler State: HANDLER_IDLE (1) -> HANDLER_START (2)
2026-05-15 11:29:55 Handler State: HANDLER_START (2) -> DECIDE_CART (3)
2026-05-15 11:29:55 Selection: IFS is clean and its cartridge is cleaned.
2026-05-15 11:29:55 Selected Primary Cartridge: 5
2026-05-15 11:29:55 Selected Primary Station: 103
2026-05-15 11:29:55 Selected Secondary Cartridge: 0
2026-05-15 11:29:55 Selected Secondary Station: 0
2026-05-15 11:29:55 Selected Filling Volume: 640
2026-05-15 11:29:55 Handler State: DECIDE_CART (3) -> CHECK_SEC_CART (26)
2026-05-15 11:29:55 Handler State: CHECK_SEC_CART (26) -> PROBE_CART (24)
2026-05-15 11:29:55 CartMove: Exchange 1, from 103
2026-05-15 11:29:55 CartMoveState: IDLE (1) -> FROM_MOVE (3)
2026-05-15 11:29:55 CartMoveState: FROM_MOVE (3) -> FROM_PROBE (19)
2026-05-15 11:29:57 Handler State: PROBE_CART (24) -> PROCESS_CART (6)
2026-05-15 11:29:57 Setting CBS color valve (FillIFS): 1
2026-05-15 11:29:58 Primed volume (FillIFS): 4.23902
2026-05-15 11:29:58 Re-Calculated Filling Volume: 640
2026-05-15 11:29:58 Setting CBS color valve (FillCart): 1
2026-05-15 11:30:23 Handler State: PROCESS_CART (6) -> EXCHANGE_ONE (7)
2026-05-15 11:30:23 CartMove: Exchange 1, from 103
2026-05-15 11:30:23 CartMoveState: FROM_PROBE (19) -> FROM_CART (4)
2026-05-15 11:30:29 Setting CBS color valve (Finished): 0
2026-05-15 11:30:31 CartMoveState: FROM_CART (4) -> TO_MOVE (10)
2026-05-15 11:30:32 CartMoveState: TO_MOVE (10) -> EXCH_1_WAIT (14)
2026-05-15 11:30:32 Handler State: EXCHANGE_ONE (7) -> START_DCU (8)
2026-05-15 11:30:32 Handler State: START_DCU (8) -> EXCHANGE_TWO (9)
2026-05-15 11:30:32 CartMove: Exchange 2
2026-05-15 11:30:32 CartMoveState: EXCH_1_WAIT (14) -> EXCH_1_CART (15)
2026-05-15 11:30:36 CartMoveState: EXCH_1_CART (15) -> EXCH_2_MOVE (16)
2026-05-15 11:30:37 CartMoveState: EXCH_2_MOVE (16) -> EXCH_2_CART (17)
2026-05-15 11:30:39 CartMoveState: EXCH_2_CART (17) -> STORE_DECIDE (18)
2026-05-15 11:30:39 Used volume for last job: 241.283
2026-05-15 11:30:39 Handler State: EXCHANGE_TWO (9) -> WAIT_FOR_DCU (10)
2026-05-15 11:30:41 Handler State: WAIT_FOR_DCU (10) -> EXCHANGE_THREE (11)
2026-05-15 11:30:41 CartMove: Exchange 3
2026-05-15 11:30:41 CartMoveState: STORE_DECIDE (18) -> AUX_DECIDE (5)
2026-05-15 11:30:41 CartMoveState: AUX_DECIDE (5) -> TO_MOVE (10)
2026-05-15 11:30:42 CartMoveState: TO_MOVE (10) -> TO_CART (11)
2026-05-15 11:30:44 CartMoveState: TO_CART (11) -> HOME_MOVE (12)
2026-05-15 11:30:46 CartMoveState: HOME_MOVE (12) -> HALT (13)
2026-05-15 11:30:46 CartMoveState: HALT (13) -> IDLE (1)
2026-05-15 11:30:46 Handler State: EXCHANGE_THREE (11) -> POST_PROCESS (12)
2026-05-15 11:30:46 Handler State: POST_PROCESS (12) -> MOVE_ARM_HOME (14)
2026-05-15 11:30:46 Handler State: MOVE_ARM_HOME (14) -> HANDLER_IDLE (1)
2026-05-15 11:34:03 Handler State: HANDLER_IDLE (1) -> HANDLER_START (2)
2026-05-15 11:34:04 Handler State: HANDLER_START (2) -> DECIDE_CART (3)
2026-05-15 11:34:04 Selection: IFS has correct material.
2026-05-15 11:34:04 Selection: Last resort, just pick the first cartridge.
2026-05-15 11:34:04 Selected Primary Cartridge: 2
2026-05-15 11:34:04 Selected Primary Station: 103
2026-05-15 11:34:04 Selected Secondary Cartridge: 0
2026-05-15 11:34:04 Selected Secondary Station: 0
2026-05-15 11:34:04 Selected Filling Volume: 640
2026-05-15 11:34:04 Handler State: DECIDE_CART (3) -> PLACE_CART (5)
2026-05-15 11:34:05 CartMove: Move, from 106 to 103
2026-05-15 11:34:05 CartMoveState: IDLE (1) -> FROM_MOVE (3)
2026-05-15 11:34:06 CartMoveState: FROM_MOVE (3) -> FROM_CART (4)
2026-05-15 11:34:09 CartMoveState: FROM_CART (4) -> AUX_DECIDE (5)
2026-05-15 11:34:09 CartMoveState: AUX_DECIDE (5) -> TO_MOVE (10)
2026-05-15 11:34:10 CartMoveState: TO_MOVE (10) -> TO_CART (11)
2026-05-15 11:34:12 CartMoveState: TO_CART (11) -> HOME_MOVE (12)
2026-05-15 11:34:13 CartMoveState: HOME_MOVE (12) -> HALT (13)
2026-05-15 11:34:13 CartMoveState: HALT (13) -> IDLE (1)
2026-05-15 11:34:13 Handler State: PLACE_CART (5) -> CHECK_SEC_CART (26)
2026-05-15 11:34:13 Handler State: CHECK_SEC_CART (26) -> PROBE_CART (24)
2026-05-15 11:34:13 CartMove: Exchange 1, from 103
2026-05-15 11:34:13 CartMoveState: IDLE (1) -> FROM_MOVE (3)
2026-05-15 11:34:13 CartMoveState: FROM_MOVE (3) -> FROM_PROBE (19)
2026-05-15 11:34:14 Handler State: PROBE_CART (24) -> PROCESS_CART (6)
2026-05-15 11:34:46 Setting CBS color valve (FillGate): 1
2026-05-15 11:34:48 Primed volume (FillGate): 1.27248
2026-05-15 11:34:48 Re-Calculated Filling Volume: 640
2026-05-15 11:34:48 Setting CBS color valve (FillCart): 1
2026-05-15 11:35:12 Handler State: PROCESS_CART (6) -> EXCHANGE_ONE (7)
2026-05-15 11:35:12 CartMove: Exchange 1, from 103
2026-05-15 11:35:12 CartMoveState: FROM_PROBE (19) -> FROM_CART (4)
2026-05-15 11:35:17 Setting CBS color valve (Finished): 0
2026-05-15 11:35:19 CartMoveState: FROM_CART (4) -> TO_MOVE (10)
2026-05-15 11:35:21 CartMoveState: TO_MOVE (10) -> EXCH_1_WAIT (14)
2026-05-15 11:35:21 Handler State: EXCHANGE_ONE (7) -> START_DCU (8)
2026-05-15 11:36:30 Handler State: START_DCU (8) -> EXCHANGE_TWO (9)
2026-05-15 11:36:30 CartMove: Exchange 2
2026-05-15 11:36:31 CartMoveState: EXCH_1_WAIT (14) -> EXCH_1_CART (15)
2026-05-15 11:36:34 CartMoveState: EXCH_1_CART (15) -> EXCH_2_MOVE (16)
2026-05-15 11:36:35 CartMoveState: EXCH_2_MOVE (16) -> EXCH_2_CART (17)
2026-05-15 11:36:37 CartMoveState: EXCH_2_CART (17) -> STORE_DECIDE (18)
2026-05-15 11:36:37 Used volume for last job: 0
2026-05-15 11:36:37 Handler State: EXCHANGE_TWO (9) -> WAIT_FOR_DCU (10)
2026-05-15 11:36:38 Handler State: WAIT_FOR_DCU (10) -> EXCHANGE_THREE (11)
2026-05-15 11:36:39 CartMove: Exchange 3
2026-05-15 11:36:39 CartMoveState: STORE_DECIDE (18) -> AUX_DECIDE (5)
2026-05-15 11:36:39 CartMoveState: AUX_DECIDE (5) -> TO_MOVE (10)
2026-05-15 11:36:39 CartMoveState: TO_MOVE (10) -> TO_CART (11)
2026-05-15 11:36:41 CartMoveState: TO_CART (11) -> HOME_MOVE (12)
2026-05-15 11:36:42 CartMoveState: HOME_MOVE (12) -> HALT (13)
2026-05-15 11:36:42 CartMoveState: HALT (13) -> IDLE (1)
2026-05-15 11:36:42 Handler State: EXCHANGE_THREE (11) -> POST_PROCESS (12)
2026-05-15 11:36:42 Handler State: POST_PROCESS (12) -> MOVE_ARM_HOME (14)
2026-05-15 11:36:44 Handler State: MOVE_ARM_HOME (14) -> HANDLER_IDLE (1)
2026-05-15 11:36:49 Handler State: HANDLER_IDLE (1) -> HANDLER_START (2)
2026-05-15 11:36:50 Handler State: HANDLER_START (2) -> DECIDE_CART (3)
2026-05-15 11:36:50 Selection: IFS has correct material and its cartridge has correct material.
2026-05-15 11:36:50 Selected Primary Cartridge: 3
2026-05-15 11:36:50 Selected Primary Station: 104
2026-05-15 11:36:50 Selected Secondary Cartridge: 0
2026-05-15 11:36:50 Selected Secondary Station: 0
2026-05-15 11:36:50 Selected Filling Volume: 640
2026-05-15 11:36:50 Handler State: DECIDE_CART (3) -> CHECK_SEC_CART (26)
2026-05-15 11:36:50 Handler State: CHECK_SEC_CART (26) -> PROBE_CART (24)
2026-05-15 11:36:50 CartMove: Exchange 1, from 104
2026-05-15 11:36:50 CartMoveState: IDLE (1) -> FROM_MOVE (3)
2026-05-15 11:36:51 CartMoveState: FROM_MOVE (3) -> FROM_PROBE (19)
2026-05-15 11:36:52 Handler State: PROBE_CART (24) -> PROCESS_CART (6)
2026-05-15 11:37:19 Setting CBS color valve (FillGate): 1
2026-05-15 11:37:20 Primed volume (FillGate): 1.09786
2026-05-15 11:37:20 Re-Calculated Filling Volume: 640
2026-05-15 11:37:20 Setting CBS color valve (FillCart): 1
2026-05-15 11:37:43 Handler State: PROCESS_CART (6) -> EXCHANGE_ONE (7)
2026-05-15 11:37:43 CartMove: Exchange 1, from 104
2026-05-15 11:37:43 CartMoveState: FROM_PROBE (19) -> FROM_CART (4)
2026-05-15 11:37:49 Setting CBS color valve (Finished): 0
2026-05-15 11:37:50 CartMoveState: FROM_CART (4) -> TO_MOVE (10)
2026-05-15 11:37:52 CartMoveState: TO_MOVE (10) -> EXCH_1_WAIT (14)
2026-05-15 11:37:52 Handler State: EXCHANGE_ONE (7) -> START_DCU (8)
2026-05-15 11:38:28 Handler State: START_DCU (8) -> EXCHANGE_TWO (9)
2026-05-15 11:38:28 CartMove: Exchange 2
2026-05-15 11:38:39 CartMoveState: EXCH_1_WAIT (14) -> EXCH_1_CART (15)
2026-05-15 11:38:42 CartMoveState: EXCH_1_CART (15) -> EXCH_2_MOVE (16)
2026-05-15 11:38:43 CartMoveState: EXCH_2_MOVE (16) -> EXCH_2_CART (17)
2026-05-15 11:38:45 CartMoveState: EXCH_2_CART (17) -> STORE_DECIDE (18)
2026-05-15 11:38:45 Used volume for last job: 321.831
2026-05-15 11:38:45 Handler State: EXCHANGE_TWO (9) -> WAIT_FOR_DCU (10)
2026-05-15 11:38:47 Handler State: WAIT_FOR_DCU (10) -> EXCHANGE_THREE (11)
2026-05-15 11:38:47 CartMove: Exchange 3
2026-05-15 11:38:47 CartMoveState: STORE_DECIDE (18) -> AUX_DECIDE (5)
2026-05-15 11:38:47 CartMoveState: AUX_DECIDE (5) -> TO_MOVE (10)
2026-05-15 11:38:49 CartMoveState: TO_MOVE (10) -> TO_CART (11)
2026-05-15 11:38:51 CartMoveState: TO_CART (11) -> HOME_MOVE (12)
2026-05-15 11:38:52 CartMoveState: HOME_MOVE (12) -> HALT (13)
2026-05-15 11:38:52 CartMoveState: HALT (13) -> IDLE (1)
2026-05-15 11:38:52 Handler State: EXCHANGE_THREE (11) -> POST_PROCESS (12)
2026-05-15 11:38:52 Handler State: POST_PROCESS (12) -> MOVE_ARM_HOME (14)
2026-05-15 11:38:52 Handler State: MOVE_ARM_HOME (14) -> HANDLER_IDLE (1)
2026-05-15 11:50:08 Handler State: HANDLER_IDLE (1) -> HANDLER_START (2)
2026-05-15 11:50:09 Handler State: HANDLER_START (2) -> EXCHANGE_ONE (7)
2026-05-15 11:50:09 CartMove: Exchange 1, from 0
2026-05-15 11:50:09 CartMoveState: IDLE (1) -> TO_MOVE (10)
2026-05-15 11:50:10 CartMoveState: TO_MOVE (10) -> EXCH_1_WAIT (14)
2026-05-15 11:50:10 Handler State: EXCHANGE_ONE (7) -> START_DCU (8)
2026-05-15 11:50:10 Handler State: START_DCU (8) -> EXCHANGE_TWO (9)
2026-05-15 11:50:10 CartMove: Exchange 2
2026-05-15 11:50:10 CartMoveState: EXCH_1_WAIT (14) -> EXCH_1_CART (15)
2026-05-15 11:50:13 CartMoveState: EXCH_1_CART (15) -> STORE_DECIDE (18)
2026-05-15 11:50:13 Used volume for last job: 440.135
2026-05-15 11:50:13 Handler State: EXCHANGE_TWO (9) -> WAIT_FOR_DCU (10)
2026-05-15 11:50:15 Handler State: WAIT_FOR_DCU (10) -> EXCHANGE_THREE (11)
2026-05-15 11:50:15 CartMove: Exchange 3
2026-05-15 11:50:15 CartMoveState: STORE_DECIDE (18) -> AUX_DECIDE (5)
2026-05-15 11:50:15 CartMoveState: AUX_DECIDE (5) -> TO_MOVE (10)
2026-05-15 11:50:16 CartMoveState: TO_MOVE (10) -> TO_CART (11)
2026-05-15 11:50:18 CartMoveState: TO_CART (11) -> HOME_MOVE (12)
2026-05-15 11:50:19 CartMoveState: HOME_MOVE (12) -> HALT (13)
2026-05-15 11:50:19 CartMoveState: HALT (13) -> IDLE (1)
2026-05-15 11:50:19 Handler State: EXCHANGE_THREE (11) -> POST_PROCESS (12)
2026-05-15 11:50:19 Handler State: POST_PROCESS (12) -> MOVE_ARM_HOME (14)
2026-05-15 11:50:20 Handler State: MOVE_ARM_HOME (14) -> HANDLER_IDLE (1)
2026-05-15 11:50:34 Handler State: HANDLER_IDLE (1) -> SEMI_START (15)
2026-05-15 11:50:34 Handler State: SEMI_START (15) -> SEMI_PROBE_CART (25)
2026-05-15 11:50:38 Handler State: SEMI_PROBE_CART (25) -> SEMI_PROCESS (16)
2026-05-15 11:51:13 Re-Calculated Filling Volume: 0
2026-05-15 11:51:20 Setting CBS color valve (Finished): 0
2026-05-15 11:51:20 Handler State: SEMI_PROCESS (16) -> SEMI_WHAT_NEXT (21)
2026-05-15 11:51:20 Handler State: SEMI_WHAT_NEXT (21) -> SEMI_FINISHED (23)
2026-05-15 11:51:21 Handler State: SEMI_FINISHED (23) -> HANDLER_IDLE (1)
2026-05-15 11:51:28 Handler State: HANDLER_IDLE (1) -> SEMI_START (15)
2026-05-15 11:51:28 Handler State: SEMI_START (15) -> SEMI_PROBE_CART (25)
2026-05-15 11:51:31 Handler State: SEMI_PROBE_CART (25) -> SEMI_PROCESS (16)
2026-05-15 11:52:24 Re-Calculated Filling Volume: 0
2026-05-15 11:52:30 Setting CBS color valve (Finished): 0
2026-05-15 11:52:30 Handler State: SEMI_PROCESS (16) -> SEMI_WHAT_NEXT (21)
2026-05-15 11:52:30 Handler State: SEMI_WHAT_NEXT (21) -> SEMI_FINISHED (23)
2026-05-15 11:52:31 Handler State: SEMI_FINISHED (23) -> HANDLER_IDLE (1)
2026-05-15 11:53:18 Handler State: HANDLER_IDLE (1) -> HANDLER_START (2)
2026-05-15 11:53:19 Handler State: HANDLER_START (2) -> DECIDE_CART (3)
2026-05-15 11:53:19 Selection: IFS is clean and its cartridge is cleaned.
2026-05-15 11:53:19 Selected Primary Cartridge: 1
2026-05-15 11:53:19 Selected Primary Station: 102
2026-05-15 11:53:19 Selected Secondary Cartridge: 0
2026-05-15 11:53:19 Selected Secondary Station: 0
2026-05-15 11:53:19 Selected Filling Volume: 640
2026-05-15 11:53:19 Handler State: DECIDE_CART (3) -> CHECK_SEC_CART (26)
2026-05-15 11:53:19 Handler State: CHECK_SEC_CART (26) -> PROBE_CART (24)
2026-05-15 11:53:19 CartMove: Exchange 1, from 102
2026-05-15 11:53:19 CartMoveState: IDLE (1) -> FROM_MOVE (3)
2026-05-15 11:53:19 CartMoveState: FROM_MOVE (3) -> FROM_PROBE (19)
2026-05-15 11:53:21 Handler State: PROBE_CART (24) -> PROCESS_CART (6)
2026-05-15 11:53:21 Setting CBS color valve (FillIFS): 1
2026-05-15 11:53:23 Primed volume (FillIFS): 4.2691
2026-05-15 11:53:23 Re-Calculated Filling Volume: 640
2026-05-15 11:53:23 Setting CBS color valve (FillCart): 1
2026-05-15 11:53:47 Handler State: PROCESS_CART (6) -> EXCHANGE_ONE (7)
2026-05-15 11:53:47 CartMove: Exchange 1, from 102
2026-05-15 11:53:47 CartMoveState: FROM_PROBE (19) -> FROM_CART (4)
2026-05-15 11:53:54 Setting CBS color valve (Finished): 0
2026-05-15 11:53:56 CartMoveState: FROM_CART (4) -> TO_MOVE (10)
2026-05-15 11:53:57 CartMoveState: TO_MOVE (10) -> EXCH_1_WAIT (14)
2026-05-15 11:53:57 Handler State: EXCHANGE_ONE (7) -> START_DCU (8)
2026-05-15 11:53:57 Handler State: START_DCU (8) -> EXCHANGE_TWO (9)
2026-05-15 11:53:57 CartMove: Exchange 2
2026-05-15 11:53:57 CartMoveState: EXCH_1_WAIT (14) -> EXCH_1_CART (15)
2026-05-15 11:54:00 CartMoveState: EXCH_1_CART (15) -> EXCH_2_MOVE (16)
2026-05-15 11:54:00 CartMoveState: EXCH_2_MOVE (16) -> EXCH_2_CART (17)
2026-05-15 11:54:02 CartMoveState: EXCH_2_CART (17) -> HOME_MOVE (12)
2026-05-15 11:54:02 Handler State: EXCHANGE_TWO (9) -> WAIT_FOR_DCU (10)
2026-05-15 11:54:04 Handler State: WAIT_FOR_DCU (10) -> EXCHANGE_THREE (11)
2026-05-15 11:54:04 CartMove: Exchange 3
2026-05-15 11:54:04 CartMoveState: HOME_MOVE (12) -> HALT (13)
2026-05-15 11:54:04 CartMoveState: HALT (13) -> IDLE (1)
2026-05-15 11:54:04 Handler State: EXCHANGE_THREE (11) -> POST_PROCESS (12)
2026-05-15 11:54:04 Handler State: POST_PROCESS (12) -> MOVE_ARM_HOME (14)
2026-05-15 11:54:10 Handler State: MOVE_ARM_HOME (14) -> HANDLER_IDLE (1)
2026-05-15 11:55:23 Handler State: HANDLER_IDLE (1) -> HANDLER_START (2)
2026-05-15 11:55:24 Handler State: HANDLER_START (2) -> DECIDE_CART (3)
2026-05-15 11:55:24 Selection: IFS has correct material.
2026-05-15 11:55:24 Selection: Last resort, just pick the first cartridge.
2026-05-15 11:55:24 Selected Primary Cartridge: 4
2026-05-15 11:55:24 Selected Primary Station: 102
2026-05-15 11:55:24 Selected Secondary Cartridge: 0
2026-05-15 11:55:24 Selected Secondary Station: 0
2026-05-15 11:55:24 Selected Filling Volume: 640
2026-05-15 11:55:24 Handler State: DECIDE_CART (3) -> PLACE_CART (5)
2026-05-15 11:55:24 CartMove: Move, from 105 to 102
2026-05-15 11:55:24 CartMoveState: IDLE (1) -> FROM_MOVE (3)
2026-05-15 11:55:25 CartMoveState: FROM_MOVE (3) -> FROM_CART (4)
2026-05-15 11:55:28 CartMoveState: FROM_CART (4) -> AUX_DECIDE (5)
2026-05-15 11:55:28 CartMoveState: AUX_DECIDE (5) -> TO_MOVE (10)
2026-05-15 11:55:30 CartMoveState: TO_MOVE (10) -> TO_CART (11)
2026-05-15 11:55:32 CartMoveState: TO_CART (11) -> HOME_MOVE (12)
2026-05-15 11:55:33 CartMoveState: HOME_MOVE (12) -> HALT (13)
2026-05-15 11:55:33 CartMoveState: HALT (13) -> IDLE (1)
2026-05-15 11:55:33 Handler State: PLACE_CART (5) -> CHECK_SEC_CART (26)
2026-05-15 11:55:33 Handler State: CHECK_SEC_CART (26) -> PROBE_CART (24)
2026-05-15 11:55:33 CartMove: Exchange 1, from 102
2026-05-15 11:55:33 CartMoveState: IDLE (1) -> FROM_MOVE (3)
2026-05-15 11:55:34 CartMoveState: FROM_MOVE (3) -> FROM_PROBE (19)
2026-05-15 11:55:35 Handler State: PROBE_CART (24) -> PROCESS_CART (6)
2026-05-15 11:56:08 Setting CBS color valve (FillGate): 1
2026-05-15 11:56:09 Primed volume (FillGate): 0.610428
2026-05-15 11:56:09 Re-Calculated Filling Volume: 640
2026-05-15 11:56:09 Setting CBS color valve (FillCart): 1
2026-05-15 11:56:33 Handler State: PROCESS_CART (6) -> EXCHANGE_ONE (7)
2026-05-15 11:56:33 CartMove: Exchange 1, from 102
2026-05-15 11:56:33 CartMoveState: FROM_PROBE (19) -> FROM_CART (4)
2026-05-15 11:56:40 Setting CBS color valve (Finished): 0
2026-05-15 11:56:42 CartMoveState: FROM_CART (4) -> TO_MOVE (10)
2026-05-15 11:56:43 CartMoveState: TO_MOVE (10) -> EXCH_1_WAIT (14)
2026-05-15 11:56:43 Handler State: EXCHANGE_ONE (7) -> START_DCU (8)
2026-05-15 11:56:43 Handler State: START_DCU (8) -> EXCHANGE_TWO (9)
2026-05-15 11:56:43 CartMove: Exchange 2
2026-05-15 11:56:43 CartMoveState: EXCH_1_WAIT (14) -> EXCH_1_CART (15)
2026-05-15 11:56:46 CartMoveState: EXCH_1_CART (15) -> EXCH_2_MOVE (16)
2026-05-15 11:56:47 CartMoveState: EXCH_2_MOVE (16) -> EXCH_2_CART (17)
2026-05-15 11:56:49 CartMoveState: EXCH_2_CART (17) -> STORE_DECIDE (18)
2026-05-15 11:56:49 Used volume for last job: 0
2026-05-15 11:56:49 Handler State: EXCHANGE_TWO (9) -> WAIT_FOR_DCU (10)
2026-05-15 11:56:50 Handler State: WAIT_FOR_DCU (10) -> EXCHANGE_THREE (11)
2026-05-15 11:56:50 CartMove: Exchange 3
2026-05-15 11:56:50 CartMoveState: STORE_DECIDE (18) -> AUX_DECIDE (5)
2026-05-15 11:56:50 CartMoveState: AUX_DECIDE (5) -> TO_MOVE (10)
2026-05-15 11:56:50 CartMoveState: TO_MOVE (10) -> TO_CART (11)
2026-05-15 11:56:53 CartMoveState: TO_CART (11) -> HOME_MOVE (12)
2026-05-15 11:56:53 CartMoveState: HOME_MOVE (12) -> HALT (13)
2026-05-15 11:56:53 CartMoveState: HALT (13) -> IDLE (1)
2026-05-15 11:56:53 Handler State: EXCHANGE_THREE (11) -> POST_PROCESS (12)
2026-05-15 11:56:53 Handler State: POST_PROCESS (12) -> MOVE_ARM_HOME (14)
2026-05-15 11:56:56 Handler State: MOVE_ARM_HOME (14) -> HANDLER_IDLE (1)
2026-05-15 11:57:02 Handler State: HANDLER_IDLE (1) -> HANDLER_START (2)
2026-05-15 11:57:03 Handler State: HANDLER_START (2) -> DECIDE_CART (3)
2026-05-15 11:57:03 Selection: IFS is clean and its cartridge is cleaned.
2026-05-15 11:57:03 Selected Primary Cartridge: 3
2026-05-15 11:57:03 Selected Primary Station: 104
2026-05-15 11:57:03 Selected Secondary Cartridge: 0
2026-05-15 11:57:03 Selected Secondary Station: 0
2026-05-15 11:57:03 Selected Filling Volume: 436
2026-05-15 11:57:03 Handler State: DECIDE_CART (3) -> CHECK_SEC_CART (26)
2026-05-15 11:57:03 Handler State: CHECK_SEC_CART (26) -> PROBE_CART (24)
2026-05-15 11:57:03 CartMove: Exchange 1, from 104
2026-05-15 11:57:03 CartMoveState: IDLE (1) -> FROM_MOVE (3)
2026-05-15 11:57:04 CartMoveState: FROM_MOVE (3) -> FROM_PROBE (19)
2026-05-15 11:57:05 Handler State: PROBE_CART (24) -> PROCESS_CART (6)
2026-05-15 11:57:06 Setting CBS color valve (FillIFS): 1
2026-05-15 11:57:07 Primed volume (FillIFS): 1.98769
2026-05-15 11:57:07 Re-Calculated Filling Volume: 436
2026-05-15 11:57:07 Setting CBS color valve (FillCart): 1
2026-05-15 11:57:25 Handler State: PROCESS_CART (6) -> EXCHANGE_ONE (7)
2026-05-15 11:57:25 CartMove: Exchange 1, from 104
2026-05-15 11:57:25 CartMoveState: FROM_PROBE (19) -> FROM_CART (4)
2026-05-15 11:57:31 Setting CBS color valve (Finished): 0
2026-05-15 11:57:33 CartMoveState: FROM_CART (4) -> TO_MOVE (10)
2026-05-15 11:57:34 CartMoveState: TO_MOVE (10) -> EXCH_1_WAIT (14)
2026-05-15 11:57:34 Handler State: EXCHANGE_ONE (7) -> START_DCU (8)
2026-05-15 11:57:35 Handler State: START_DCU (8) -> EXCHANGE_TWO (9)
2026-05-15 11:57:35 CartMove: Exchange 2
2026-05-15 11:57:35 CartMoveState: EXCH_1_WAIT (14) -> EXCH_1_CART (15)
2026-05-15 11:57:38 CartMoveState: EXCH_1_CART (15) -> EXCH_2_MOVE (16)
2026-05-15 11:57:39 CartMoveState: EXCH_2_MOVE (16) -> EXCH_2_CART (17)
2026-05-15 11:57:41 CartMoveState: EXCH_2_CART (17) -> STORE_DECIDE (18)
2026-05-15 11:57:41 Used volume for last job: 0
2026-05-15 11:57:41 Handler State: EXCHANGE_TWO (9) -> WAIT_FOR_DCU (10)
2026-05-15 11:57:42 Handler State: WAIT_FOR_DCU (10) -> EXCHANGE_THREE (11)
2026-05-15 11:57:43 CartMove: Exchange 3
2026-05-15 11:57:43 CartMoveState: STORE_DECIDE (18) -> AUX_DECIDE (5)
2026-05-15 11:57:43 CartMoveState: AUX_DECIDE (5) -> TO_MOVE (10)
2026-05-15 11:57:44 CartMoveState: TO_MOVE (10) -> TO_CART (11)
2026-05-15 11:57:46 CartMoveState: TO_CART (11) -> HOME_MOVE (12)
2026-05-15 11:57:48 CartMoveState: HOME_MOVE (12) -> HALT (13)
2026-05-15 11:57:48 CartMoveState: HALT (13) -> IDLE (1)
2026-05-15 11:57:48 Handler State: EXCHANGE_THREE (11) -> POST_PROCESS (12)
2026-05-15 11:57:48 Handler State: POST_PROCESS (12) -> MOVE_ARM_HOME (14)
2026-05-15 11:57:48 Handler State: MOVE_ARM_HOME (14) -> HANDLER_IDLE (1)
2026-05-15 12:01:10 Handler State: HANDLER_IDLE (1) -> HANDLER_START (2)
2026-05-15 12:01:11 Handler State: HANDLER_START (2) -> DECIDE_CART (3)
2026-05-15 12:01:11 Selection: IFS has correct material.
2026-05-15 12:01:11 Selection: Cartridge has correct material.
2026-05-15 12:01:11 Selected Primary Cartridge: 6
2026-05-15 12:01:11 Selected Primary Station: 104
2026-05-15 12:01:11 Selected Secondary Cartridge: 0
2026-05-15 12:01:11 Selected Secondary Station: 0
2026-05-15 12:01:11 Selected Filling Volume: 477
2026-05-15 12:01:11 Handler State: DECIDE_CART (3) -> PLACE_CART (5)
2026-05-15 12:01:11 CartMove: Move, from 107 to 104
2026-05-15 12:01:11 CartMoveState: IDLE (1) -> FROM_MOVE (3)
2026-05-15 12:01:12 CartMoveState: FROM_MOVE (3) -> FROM_CART (4)
2026-05-15 12:01:15 CartMoveState: FROM_CART (4) -> AUX_DECIDE (5)
2026-05-15 12:01:15 CartMoveState: AUX_DECIDE (5) -> TO_MOVE (10)
2026-05-15 12:01:17 CartMoveState: TO_MOVE (10) -> TO_CART (11)
2026-05-15 12:01:19 CartMoveState: TO_CART (11) -> HOME_MOVE (12)
2026-05-15 12:01:20 CartMoveState: HOME_MOVE (12) -> HALT (13)
2026-05-15 12:01:20 CartMoveState: HALT (13) -> IDLE (1)
2026-05-15 12:01:20 Handler State: PLACE_CART (5) -> CHECK_SEC_CART (26)
2026-05-15 12:01:20 Handler State: CHECK_SEC_CART (26) -> PROBE_CART (24)
2026-05-15 12:01:20 CartMove: Exchange 1, from 104
2026-05-15 12:01:20 CartMoveState: IDLE (1) -> FROM_MOVE (3)
2026-05-15 12:01:21 CartMoveState: FROM_MOVE (3) -> FROM_PROBE (19)
2026-05-15 12:01:23 Handler State: PROBE_CART (24) -> PROCESS_CART (6)
2026-05-15 12:01:54 Setting CBS color valve (FillGate): 1
2026-05-15 12:01:55 Primed volume (FillGate): 1.36359
2026-05-15 12:01:55 Re-Calculated Filling Volume: 477
2026-05-15 12:01:55 Setting CBS color valve (FillCart): 1
2026-05-15 12:02:17 Handler State: PROCESS_CART (6) -> EXCHANGE_ONE (7)
2026-05-15 12:02:17 CartMove: Exchange 1, from 104
2026-05-15 12:02:17 CartMoveState: FROM_PROBE (19) -> FROM_CART (4)
2026-05-15 12:02:22 Setting CBS color valve (Finished): 0
2026-05-15 12:02:24 CartMoveState: FROM_CART (4) -> TO_MOVE (10)
2026-05-15 12:02:26 CartMoveState: TO_MOVE (10) -> EXCH_1_WAIT (14)
2026-05-15 12:02:26 Handler State: EXCHANGE_ONE (7) -> START_DCU (8)
2026-05-15 12:03:05 Handler State: START_DCU (8) -> EXCHANGE_TWO (9)
2026-05-15 12:03:05 CartMove: Exchange 2
2026-05-15 12:03:06 CartMoveState: EXCH_1_WAIT (14) -> EXCH_1_CART (15)
2026-05-15 12:03:09 CartMoveState: EXCH_1_CART (15) -> EXCH_2_MOVE (16)
2026-05-15 12:03:10 CartMoveState: EXCH_2_MOVE (16) -> EXCH_2_CART (17)
2026-05-15 12:03:12 CartMoveState: EXCH_2_CART (17) -> STORE_DECIDE (18)
2026-05-15 12:03:12 Used volume for last job: 0
2026-05-15 12:03:12 Handler State: EXCHANGE_TWO (9) -> WAIT_FOR_DCU (10)
2026-05-15 12:03:14 Handler State: WAIT_FOR_DCU (10) -> EXCHANGE_THREE (11)
2026-05-15 12:03:14 CartMove: Exchange 3
2026-05-15 12:03:14 CartMoveState: STORE_DECIDE (18) -> AUX_DECIDE (5)
2026-05-15 12:03:14 CartMoveState: AUX_DECIDE (5) -> TO_MOVE (10)
2026-05-15 12:03:15 CartMoveState: TO_MOVE (10) -> TO_CART (11)
2026-05-15 12:03:17 CartMoveState: TO_CART (11) -> HOME_MOVE (12)
2026-05-15 12:03:18 CartMoveState: HOME_MOVE (12) -> HALT (13)
2026-05-15 12:03:18 CartMoveState: HALT (13) -> IDLE (1)
2026-05-15 12:03:18 Handler State: EXCHANGE_THREE (11) -> POST_PROCESS (12)
2026-05-15 12:03:18 Handler State: POST_PROCESS (12) -> MOVE_ARM_HOME (14)
2026-05-15 12:03:19 Handler State: MOVE_ARM_HOME (14) -> HANDLER_IDLE (1)
2026-05-15 12:04:55 Handler State: HANDLER_IDLE (1) -> SEMI_START (15)
2026-05-15 12:04:55 Handler State: SEMI_START (15) -> SEMI_PROBE_CART (25)
2026-05-15 12:04:59 Handler State: SEMI_PROBE_CART (25) -> SEMI_PROCESS (16)
2026-05-15 12:06:46 Re-Calculated Filling Volume: 0
2026-05-15 12:06:53 Setting CBS color valve (Finished): 0
2026-05-15 12:06:53 Handler State: SEMI_PROCESS (16) -> SEMI_WHAT_NEXT (21)
2026-05-15 12:06:53 Handler State: SEMI_WHAT_NEXT (21) -> SEMI_FINISHED (23)
2026-05-15 12:06:53 Handler State: SEMI_FINISHED (23) -> HANDLER_IDLE (1)
2026-05-15 12:09:24 Handler State: HANDLER_IDLE (1) -> HANDLER_START (2)
2026-05-15 12:09:25 Handler State: HANDLER_START (2) -> DECIDE_CART (3)
2026-05-15 12:09:25 Selection: IFS is clean and its cartridge is cleaned.
2026-05-15 12:09:25 Selected Primary Cartridge: 1
2026-05-15 12:09:25 Selected Primary Station: 102
2026-05-15 12:09:25 Selected Secondary Cartridge: 0
2026-05-15 12:09:25 Selected Secondary Station: 0
2026-05-15 12:09:25 Selected Filling Volume: 469
2026-05-15 12:09:25 Handler State: DECIDE_CART (3) -> CHECK_SEC_CART (26)
2026-05-15 12:09:25 Handler State: CHECK_SEC_CART (26) -> PROBE_CART (24)
2026-05-15 12:09:25 CartMove: Exchange 1, from 102
2026-05-15 12:09:25 CartMoveState: IDLE (1) -> FROM_MOVE (3)
2026-05-15 12:09:26 CartMoveState: FROM_MOVE (3) -> FROM_PROBE (19)
2026-05-15 12:09:28 Handler State: PROBE_CART (24) -> PROCESS_CART (6)
2026-05-15 12:09:28 Setting CBS color valve (FillIFS): 1
2026-05-15 12:09:30 Primed volume (FillIFS): 1.69007
2026-05-15 12:09:30 Re-Calculated Filling Volume: 469
2026-05-15 12:09:30 Setting CBS color valve (FillCart): 1
2026-05-15 12:09:56 Handler State: PROCESS_CART (6) -> EXCHANGE_ONE (7)
2026-05-15 12:09:56 CartMove: Exchange 1, from 102
2026-05-15 12:09:56 CartMoveState: FROM_PROBE (19) -> FROM_CART (4)
2026-05-15 12:10:03 Setting CBS color valve (Finished): 0
2026-05-15 12:10:04 CartMoveState: FROM_CART (4) -> TO_MOVE (10)
2026-05-15 12:10:06 CartMoveState: TO_MOVE (10) -> EXCH_1_WAIT (14)
2026-05-15 12:10:06 Handler State: EXCHANGE_ONE (7) -> START_DCU (8)
2026-05-15 12:10:06 Handler State: START_DCU (8) -> EXCHANGE_TWO (9)
2026-05-15 12:10:06 CartMove: Exchange 2
2026-05-15 12:10:06 CartMoveState: EXCH_1_WAIT (14) -> EXCH_1_CART (15)
2026-05-15 12:10:09 CartMoveState: EXCH_1_CART (15) -> EXCH_2_MOVE (16)
2026-05-15 12:10:10 CartMoveState: EXCH_2_MOVE (16) -> EXCH_2_CART (17)
2026-05-15 12:10:12 CartMoveState: EXCH_2_CART (17) -> STORE_DECIDE (18)
2026-05-15 12:10:12 Used volume for last job: 425.189
2026-05-15 12:10:12 Handler State: EXCHANGE_TWO (9) -> WAIT_FOR_DCU (10)
2026-05-15 12:10:14 Handler State: WAIT_FOR_DCU (10) -> EXCHANGE_THREE (11)
2026-05-15 12:10:14 CartMove: Exchange 3
2026-05-15 12:10:14 CartMoveState: STORE_DECIDE (18) -> AUX_DECIDE (5)
2026-05-15 12:10:14 CartMoveState: AUX_DECIDE (5) -> TO_MOVE (10)
2026-05-15 12:10:16 CartMoveState: TO_MOVE (10) -> TO_CART (11)
2026-05-15 12:10:18 CartMoveState: TO_CART (11) -> HOME_MOVE (12)
2026-05-15 12:10:19 CartMoveState: HOME_MOVE (12) -> HALT (13)
2026-05-15 12:10:19 CartMoveState: HALT (13) -> IDLE (1)
2026-05-15 12:10:19 Handler State: EXCHANGE_THREE (11) -> POST_PROCESS (12)
2026-05-15 12:10:19 Handler State: POST_PROCESS (12) -> MOVE_ARM_HOME (14)
2026-05-15 12:10:20 Handler State: MOVE_ARM_HOME (14) -> HANDLER_IDLE (1)
2026-05-15 12:10:30 Handler State: HANDLER_IDLE (1) -> HANDLER_START (2)
2026-05-15 12:10:31 Handler State: HANDLER_START (2) -> DECIDE_CART (3)
2026-05-15 12:10:31 Selection: IFS has correct material.
2026-05-15 12:10:31 Selection: Last resort, just pick the first cartridge.
2026-05-15 12:10:31 Selected Primary Cartridge: 4
2026-05-15 12:10:31 Selected Primary Station: 102
2026-05-15 12:10:31 Selected Secondary Cartridge: 0
2026-05-15 12:10:32 Selected Secondary Station: 0
2026-05-15 12:10:32 Selected Filling Volume: 640
2026-05-15 12:10:32 Handler State: DECIDE_CART (3) -> PLACE_CART (5)
2026-05-15 12:10:32 CartMove: Move, from 105 to 102
2026-05-15 12:10:32 CartMoveState: IDLE (1) -> FROM_MOVE (3)
2026-05-15 12:10:33 CartMoveState: FROM_MOVE (3) -> FROM_CART (4)
2026-05-15 12:10:36 CartMoveState: FROM_CART (4) -> AUX_DECIDE (5)
2026-05-15 12:10:36 CartMoveState: AUX_DECIDE (5) -> TO_MOVE (10)
2026-05-15 12:10:37 CartMoveState: TO_MOVE (10) -> TO_CART (11)
2026-05-15 12:10:40 CartMoveState: TO_CART (11) -> HOME_MOVE (12)
2026-05-15 12:10:40 CartMoveState: HOME_MOVE (12) -> HALT (13)
2026-05-15 12:10:40 CartMoveState: HALT (13) -> IDLE (1)
2026-05-15 12:10:40 Handler State: PLACE_CART (5) -> CHECK_SEC_CART (26)
2026-05-15 12:10:40 Handler State: CHECK_SEC_CART (26) -> PROBE_CART (24)
2026-05-15 12:10:40 CartMove: Exchange 1, from 102
2026-05-15 12:10:40 CartMoveState: IDLE (1) -> FROM_MOVE (3)
2026-05-15 12:10:41 CartMoveState: FROM_MOVE (3) -> FROM_PROBE (19)
2026-05-15 12:10:43 Handler State: PROBE_CART (24) -> PROCESS_CART (6)
2026-05-15 12:12:37 Setting CBS color valve (FillGate): 1
2026-05-15 12:12:38 Primed volume (FillGate): 0.0111995
2026-05-15 12:12:38 Re-Calculated Filling Volume: 640
2026-05-15 12:12:38 Setting CBS color valve (FillCart): 1
2026-05-15 12:13:09 Handler State: PROCESS_CART (6) -> EXCHANGE_ONE (7)
2026-05-15 12:13:09 CartMove: Exchange 1, from 102
2026-05-15 12:13:09 CartMoveState: FROM_PROBE (19) -> FROM_CART (4)
2026-05-15 12:13:16 Setting CBS color valve (Finished): 0
2026-05-15 12:13:18 CartMoveState: FROM_CART (4) -> TO_MOVE (10)
2026-05-15 12:13:18 CartMoveState: TO_MOVE (10) -> EXCH_1_WAIT (14)
2026-05-15 12:13:18 Handler State: EXCHANGE_ONE (7) -> START_DCU (8)
2026-05-15 12:14:02 Handler State: START_DCU (8) -> EXCHANGE_TWO (9)
2026-05-15 12:14:02 CartMove: Exchange 2
2026-05-15 12:14:12 CartMoveState: EXCH_1_WAIT (14) -> EXCH_1_CART (15)
2026-05-15 12:14:15 CartMoveState: EXCH_1_CART (15) -> EXCH_2_MOVE (16)
2026-05-15 12:14:16 CartMoveState: EXCH_2_MOVE (16) -> EXCH_2_CART (17)
2026-05-15 12:14:18 CartMoveState: EXCH_2_CART (17) -> STORE_DECIDE (18)
2026-05-15 12:14:18 Used volume for last job: 302.979
2026-05-15 12:14:18 Handler State: EXCHANGE_TWO (9) -> WAIT_FOR_DCU (10)
2026-05-15 12:14:20 Handler State: WAIT_FOR_DCU (10) -> EXCHANGE_THREE (11)
2026-05-15 12:14:20 CartMove: Exchange 3
2026-05-15 12:14:20 CartMoveState: STORE_DECIDE (18) -> AUX_DECIDE (5)
2026-05-15 12:14:20 CartMoveState: AUX_DECIDE (5) -> TO_MOVE (10)
2026-05-15 12:14:20 CartMoveState: TO_MOVE (10) -> TO_CART (11)
2026-05-15 12:14:22 CartMoveState: TO_CART (11) -> HOME_MOVE (12)
2026-05-15 12:14:22 CartMoveState: HOME_MOVE (12) -> HALT (13)
2026-05-15 12:14:22 CartMoveState: HALT (13) -> IDLE (1)
2026-05-15 12:14:22 Handler State: EXCHANGE_THREE (11) -> POST_PROCESS (12)
2026-05-15 12:14:22 Handler State: POST_PROCESS (12) -> MOVE_ARM_HOME (14)
2026-05-15 12:14:22 Handler State: MOVE_ARM_HOME (14) -> HANDLER_IDLE (1)
2026-05-15 12:17:05 Handler State: HANDLER_IDLE (1) -> HANDLER_START (2)
2026-05-15 12:17:06 Handler State: HANDLER_START (2) -> DECIDE_CART (3)
2026-05-15 12:17:06 Selection: IFS has correct material and its cartridge has correct material.
2026-05-15 12:17:06 Selected Primary Cartridge: 1
2026-05-15 12:17:06 Selected Primary Station: 102
2026-05-15 12:17:06 Selected Secondary Cartridge: 0
2026-05-15 12:17:06 Selected Secondary Station: 0
2026-05-15 12:17:06 Selected Filling Volume: 640
2026-05-15 12:17:06 Handler State: DECIDE_CART (3) -> CHECK_SEC_CART (26)
2026-05-15 12:17:06 Handler State: CHECK_SEC_CART (26) -> PROBE_CART (24)
2026-05-15 12:17:06 CartMove: Exchange 1, from 102
2026-05-15 12:17:06 CartMoveState: IDLE (1) -> FROM_MOVE (3)
2026-05-15 12:17:07 CartMoveState: FROM_MOVE (3) -> FROM_PROBE (19)
2026-05-15 12:17:08 Handler State: PROBE_CART (24) -> PROCESS_CART (6)
2026-05-15 12:17:57 Setting CBS color valve (FillGate): 1
2026-05-15 12:17:58 Primed volume (FillGate): 1.58529
2026-05-15 12:17:58 Re-Calculated Filling Volume: 640
2026-05-15 12:17:58 Setting CBS color valve (FillCart): 1
2026-05-15 12:18:27 Handler State: PROCESS_CART (6) -> EXCHANGE_ONE (7)
2026-05-15 12:18:27 CartMove: Exchange 1, from 102
2026-05-15 12:18:27 CartMoveState: FROM_PROBE (19) -> FROM_CART (4)
2026-05-15 12:18:33 Setting CBS color valve (Finished): 0
2026-05-15 12:18:35 CartMoveState: FROM_CART (4) -> TO_MOVE (10)
2026-05-15 12:18:36 CartMoveState: TO_MOVE (10) -> EXCH_1_WAIT (14)
2026-05-15 12:18:36 Handler State: EXCHANGE_ONE (7) -> START_DCU (8)
2026-05-15 12:19:33 Handler State: START_DCU (8) -> EXCHANGE_TWO (9)
2026-05-15 12:19:33 CartMove: Exchange 2
2026-05-15 12:19:34 CartMoveState: EXCH_1_WAIT (14) -> EXCH_1_CART (15)
2026-05-15 12:19:37 CartMoveState: EXCH_1_CART (15) -> EXCH_2_MOVE (16)
2026-05-15 12:19:38 CartMoveState: EXCH_2_MOVE (16) -> EXCH_2_CART (17)
2026-05-15 12:19:40 CartMoveState: EXCH_2_CART (17) -> STORE_DECIDE (18)
2026-05-15 12:19:40 Used volume for last job: 0
2026-05-15 12:19:40 Handler State: EXCHANGE_TWO (9) -> WAIT_FOR_DCU (10)
2026-05-15 12:19:42 Handler State: WAIT_FOR_DCU (10) -> EXCHANGE_THREE (11)
2026-05-15 12:19:42 CartMove: Exchange 3
2026-05-15 12:19:42 CartMoveState: STORE_DECIDE (18) -> AUX_DECIDE (5)
2026-05-15 12:19:42 CartMoveState: AUX_DECIDE (5) -> TO_MOVE (10)
2026-05-15 12:19:42 CartMoveState: TO_MOVE (10) -> TO_CART (11)
2026-05-15 12:19:44 CartMoveState: TO_CART (11) -> HOME_MOVE (12)
2026-05-15 12:19:44 CartMoveState: HOME_MOVE (12) -> HALT (13)
2026-05-15 12:19:44 CartMoveState: HALT (13) -> IDLE (1)
2026-05-15 12:19:44 Handler State: EXCHANGE_THREE (11) -> POST_PROCESS (12)
2026-05-15 12:19:44 Handler State: POST_PROCESS (12) -> MOVE_ARM_HOME (14)
2026-05-15 12:19:46 Handler State: MOVE_ARM_HOME (14) -> HANDLER_IDLE (1)
2026-05-15 12:21:36 Handler State: HANDLER_IDLE (1) -> SEMI_START (15)
2026-05-15 12:21:36 Handler State: SEMI_START (15) -> SEMI_PROBE_CART (25)
2026-05-15 12:21:39 Handler State: SEMI_PROBE_CART (25) -> SEMI_PROCESS (16)
2026-05-15 12:22:27 Re-Calculated Filling Volume: 0
2026-05-15 12:22:33 Setting CBS color valve (Finished): 0
2026-05-15 12:22:33 Handler State: SEMI_PROCESS (16) -> SEMI_WHAT_NEXT (21)
2026-05-15 12:22:33 Handler State: SEMI_WHAT_NEXT (21) -> SEMI_FINISHED (23)
2026-05-15 12:22:33 Handler State: SEMI_FINISHED (23) -> HANDLER_IDLE (1)
2026-05-15 12:25:14 Handler State: HANDLER_IDLE (1) -> SEMI_START (15)
2026-05-15 12:25:14 Handler State: SEMI_START (15) -> SEMI_PROBE_CART (25)
2026-05-15 12:25:17 Handler State: SEMI_PROBE_CART (25) -> SEMI_PROCESS (16)
2026-05-15 12:25:46 Re-Calculated Filling Volume: 0
2026-05-15 12:25:51 Setting CBS color valve (Finished): 0
2026-05-15 12:25:51 Handler State: SEMI_PROCESS (16) -> SEMI_WHAT_NEXT (21)
2026-05-15 12:25:51 Handler State: SEMI_WHAT_NEXT (21) -> SEMI_FINISHED (23)
2026-05-15 12:25:52 Handler State: SEMI_FINISHED (23) -> HANDLER_IDLE (1)
2026-05-15 12:30:11 Handler State: HANDLER_IDLE (1) -> HANDLER_START (2)
2026-05-15 12:30:12 Handler State: HANDLER_START (2) -> DECIDE_CART (3)
2026-05-15 12:30:12 Selection: IFS is clean and its cartridge is cleaned.
2026-05-15 12:30:12 Selected Primary Cartridge: 5
2026-05-15 12:30:12 Selected Primary Station: 103
2026-05-15 12:30:12 Selected Secondary Cartridge: 0
2026-05-15 12:30:12 Selected Secondary Station: 0
2026-05-15 12:30:12 Selected Filling Volume: 364
2026-05-15 12:30:12 Handler State: DECIDE_CART (3) -> CHECK_SEC_CART (26)
2026-05-15 12:30:12 Handler State: CHECK_SEC_CART (26) -> PROBE_CART (24)
2026-05-15 12:30:12 CartMove: Exchange 1, from 103
2026-05-15 12:30:12 CartMoveState: IDLE (1) -> FROM_MOVE (3)
2026-05-15 12:30:12 CartMoveState: FROM_MOVE (3) -> FROM_PROBE (19)
2026-05-15 12:30:14 Handler State: PROBE_CART (24) -> PROCESS_CART (6)
2026-05-15 12:30:14 Setting CBS color valve (FillIFS): 1
2026-05-15 12:30:16 Primed volume (FillIFS): 1.24791
2026-05-15 12:30:16 Re-Calculated Filling Volume: 364
2026-05-15 12:30:16 Setting CBS color valve (FillCart): 1
2026-05-15 12:30:28 Handler State: PROCESS_CART (6) -> EXCHANGE_ONE (7)
2026-05-15 12:30:28 CartMove: Exchange 1, from 103
2026-05-15 12:30:28 CartMoveState: FROM_PROBE (19) -> FROM_CART (4)
2026-05-15 12:30:34 Setting CBS color valve (Finished): 0
2026-05-15 12:30:36 CartMoveState: FROM_CART (4) -> TO_MOVE (10)
2026-05-15 12:30:37 CartMoveState: TO_MOVE (10) -> EXCH_1_WAIT (14)
2026-05-15 12:30:37 Handler State: EXCHANGE_ONE (7) -> START_DCU (8)
2026-05-15 12:30:38 Handler State: START_DCU (8) -> EXCHANGE_TWO (9)
2026-05-15 12:30:38 CartMove: Exchange 2
2026-05-15 12:30:38 CartMoveState: EXCH_1_WAIT (14) -> EXCH_1_CART (15)
2026-05-15 12:30:40 CartMoveState: EXCH_1_CART (15) -> EXCH_2_MOVE (16)
2026-05-15 12:30:41 CartMoveState: EXCH_2_MOVE (16) -> EXCH_2_CART (17)
2026-05-15 12:30:43 CartMoveState: EXCH_2_CART (17) -> STORE_DECIDE (18)
2026-05-15 12:30:43 Used volume for last job: 228.067
2026-05-15 12:30:43 Handler State: EXCHANGE_TWO (9) -> WAIT_FOR_DCU (10)
2026-05-15 12:30:45 Handler State: WAIT_FOR_DCU (10) -> EXCHANGE_THREE (11)
2026-05-15 12:30:45 CartMove: Exchange 3
2026-05-15 12:30:45 CartMoveState: STORE_DECIDE (18) -> AUX_DECIDE (5)
2026-05-15 12:30:45 CartMoveState: AUX_DECIDE (5) -> TO_MOVE (10)
2026-05-15 12:30:46 CartMoveState: TO_MOVE (10) -> TO_CART (11)
2026-05-15 12:30:48 CartMoveState: TO_CART (11) -> HOME_MOVE (12)
2026-05-15 12:30:50 CartMoveState: HOME_MOVE (12) -> HALT (13)
2026-05-15 12:30:50 CartMoveState: HALT (13) -> IDLE (1)
2026-05-15 12:30:50 Handler State: EXCHANGE_THREE (11) -> POST_PROCESS (12)
2026-05-15 12:30:50 Handler State: POST_PROCESS (12) -> MOVE_ARM_HOME (14)
2026-05-15 12:30:50 Handler State: MOVE_ARM_HOME (14) -> HANDLER_IDLE (1)
2026-05-15 12:34:09 Handler State: HANDLER_IDLE (1) -> HANDLER_START (2)
2026-05-15 12:34:10 Handler State: HANDLER_START (2) -> DECIDE_CART (3)
2026-05-15 12:34:10 Selection: IFS is clean and its cartridge is cleaned.
2026-05-15 12:34:10 Selected Primary Cartridge: 3
2026-05-15 12:34:10 Selected Primary Station: 104
2026-05-15 12:34:10 Selected Secondary Cartridge: 0
2026-05-15 12:34:10 Selected Secondary Station: 0
2026-05-15 12:34:10 Selected Filling Volume: 436
2026-05-15 12:34:10 Handler State: DECIDE_CART (3) -> CHECK_SEC_CART (26)
2026-05-15 12:34:10 Handler State: CHECK_SEC_CART (26) -> PROBE_CART (24)
2026-05-15 12:34:10 CartMove: Exchange 1, from 104
2026-05-15 12:34:10 CartMoveState: IDLE (1) -> FROM_MOVE (3)
2026-05-15 12:34:11 CartMoveState: FROM_MOVE (3) -> FROM_PROBE (19)
2026-05-15 12:34:13 Handler State: PROBE_CART (24) -> PROCESS_CART (6)
2026-05-15 12:34:13 Setting CBS color valve (FillIFS): 1
2026-05-15 12:34:14 Primed volume (FillIFS): 1.95884
2026-05-15 12:34:14 Re-Calculated Filling Volume: 436
2026-05-15 12:34:14 Setting CBS color valve (FillCart): 1
2026-05-15 12:34:33 Handler State: PROCESS_CART (6) -> EXCHANGE_ONE (7)
2026-05-15 12:34:33 CartMove: Exchange 1, from 104
2026-05-15 12:34:33 CartMoveState: FROM_PROBE (19) -> FROM_CART (4)
2026-05-15 12:34:38 Setting CBS color valve (Finished): 0
2026-05-15 12:34:40 CartMoveState: FROM_CART (4) -> TO_MOVE (10)
2026-05-15 12:34:42 CartMoveState: TO_MOVE (10) -> EXCH_1_WAIT (14)
2026-05-15 12:34:42 Handler State: EXCHANGE_ONE (7) -> START_DCU (8)
2026-05-15 12:34:42 Handler State: START_DCU (8) -> EXCHANGE_TWO (9)
2026-05-15 12:34:42 CartMove: Exchange 2
2026-05-15 12:34:42 CartMoveState: EXCH_1_WAIT (14) -> EXCH_1_CART (15)
2026-05-15 12:34:45 CartMoveState: EXCH_1_CART (15) -> EXCH_2_MOVE (16)
2026-05-15 12:34:46 CartMoveState: EXCH_2_MOVE (16) -> EXCH_2_CART (17)
2026-05-15 12:34:48 CartMoveState: EXCH_2_CART (17) -> STORE_DECIDE (18)
2026-05-15 12:34:48 Used volume for last job: 223.073
2026-05-15 12:34:48 Handler State: EXCHANGE_TWO (9) -> WAIT_FOR_DCU (10)
2026-05-15 12:34:49 Handler State: WAIT_FOR_DCU (10) -> EXCHANGE_THREE (11)
2026-05-15 12:34:49 CartMove: Exchange 3
2026-05-15 12:34:49 CartMoveState: STORE_DECIDE (18) -> AUX_DECIDE (5)
2026-05-15 12:34:49 CartMoveState: AUX_DECIDE (5) -> TO_MOVE (10)
2026-05-15 12:34:50 CartMoveState: TO_MOVE (10) -> TO_CART (11)
2026-05-15 12:34:52 CartMoveState: TO_CART (11) -> HOME_MOVE (12)
2026-05-15 12:34:53 CartMoveState: HOME_MOVE (12) -> HALT (13)
2026-05-15 12:34:53 CartMoveState: HALT (13) -> IDLE (1)
2026-05-15 12:34:53 Handler State: EXCHANGE_THREE (11) -> POST_PROCESS (12)
2026-05-15 12:34:53 Handler State: POST_PROCESS (12) -> MOVE_ARM_HOME (14)
2026-05-15 12:34:53 Handler State: MOVE_ARM_HOME (14) -> HANDLER_IDLE (1)
2026-05-15 12:39:26 Handler State: HANDLER_IDLE (1) -> HANDLER_START (2)
2026-05-15 12:39:27 Handler State: HANDLER_START (2) -> DECIDE_CART (3)
2026-05-15 12:39:27 Selection: IFS has correct material.
2026-05-15 12:39:27 Selection: Cartridge has correct material.
2026-05-15 12:39:27 Selected Primary Cartridge: 6
2026-05-15 12:39:27 Selected Primary Station: 104
2026-05-15 12:39:27 Selected Secondary Cartridge: 0
2026-05-15 12:39:27 Selected Secondary Station: 0
2026-05-15 12:39:27 Selected Filling Volume: 477
2026-05-15 12:39:27 Handler State: DECIDE_CART (3) -> PLACE_CART (5)
2026-05-15 12:39:27 CartMove: Move, from 107 to 104
2026-05-15 12:39:27 CartMoveState: IDLE (1) -> FROM_MOVE (3)
2026-05-15 12:39:28 CartMoveState: FROM_MOVE (3) -> FROM_CART (4)
2026-05-15 12:39:31 CartMoveState: FROM_CART (4) -> AUX_DECIDE (5)
2026-05-15 12:39:31 CartMoveState: AUX_DECIDE (5) -> TO_MOVE (10)
2026-05-15 12:39:33 CartMoveState: TO_MOVE (10) -> TO_CART (11)
2026-05-15 12:39:35 CartMoveState: TO_CART (11) -> HOME_MOVE (12)
2026-05-15 12:39:36 CartMoveState: HOME_MOVE (12) -> HALT (13)
2026-05-15 12:39:36 CartMoveState: HALT (13) -> IDLE (1)
2026-05-15 12:39:36 Handler State: PLACE_CART (5) -> CHECK_SEC_CART (26)
2026-05-15 12:39:36 Handler State: CHECK_SEC_CART (26) -> PROBE_CART (24)
2026-05-15 12:39:36 CartMove: Exchange 1, from 104
2026-05-15 12:39:36 CartMoveState: IDLE (1) -> FROM_MOVE (3)
2026-05-15 12:39:37 CartMoveState: FROM_MOVE (3) -> FROM_PROBE (19)
2026-05-15 12:39:38 Handler State: PROBE_CART (24) -> PROCESS_CART (6)
2026-05-15 12:40:09 Setting CBS color valve (FillGate): 1
2026-05-15 12:40:11 Primed volume (FillGate): 1.30667
2026-05-15 12:40:11 Re-Calculated Filling Volume: 477
2026-05-15 12:40:11 Setting CBS color valve (FillCart): 1
2026-05-15 12:40:33 Handler State: PROCESS_CART (6) -> EXCHANGE_ONE (7)
2026-05-15 12:40:33 CartMove: Exchange 1, from 104
2026-05-15 12:40:33 CartMoveState: FROM_PROBE (19) -> FROM_CART (4)
2026-05-15 12:40:39 Setting CBS color valve (Finished): 0
2026-05-15 12:40:40 CartMoveState: FROM_CART (4) -> TO_MOVE (10)
2026-05-15 12:40:42 CartMoveState: TO_MOVE (10) -> EXCH_1_WAIT (14)
2026-05-15 12:40:42 Handler State: EXCHANGE_ONE (7) -> START_DCU (8)
2026-05-15 12:41:21 Handler State: START_DCU (8) -> EXCHANGE_TWO (9)
2026-05-15 12:41:21 CartMove: Exchange 2
2026-05-15 12:41:22 CartMoveState: EXCH_1_WAIT (14) -> EXCH_1_CART (15)
2026-05-15 12:41:25 CartMoveState: EXCH_1_CART (15) -> EXCH_2_MOVE (16)
2026-05-15 12:41:26 CartMoveState: EXCH_2_MOVE (16) -> EXCH_2_CART (17)
2026-05-15 12:41:28 CartMoveState: EXCH_2_CART (17) -> STORE_DECIDE (18)
2026-05-15 12:41:28 Used volume for last job: 0
2026-05-15 12:41:28 Handler State: EXCHANGE_TWO (9) -> WAIT_FOR_DCU (10)
2026-05-15 12:41:30 Handler State: WAIT_FOR_DCU (10) -> EXCHANGE_THREE (11)
2026-05-15 12:41:30 CartMove: Exchange 3
2026-05-15 12:41:30 CartMoveState: STORE_DECIDE (18) -> AUX_DECIDE (5)
2026-05-15 12:41:30 CartMoveState: AUX_DECIDE (5) -> TO_MOVE (10)
2026-05-15 12:41:30 CartMoveState: TO_MOVE (10) -> TO_CART (11)
2026-05-15 12:41:33 CartMoveState: TO_CART (11) -> HOME_MOVE (12)
2026-05-15 12:41:34 CartMoveState: HOME_MOVE (12) -> HALT (13)
2026-05-15 12:41:34 CartMoveState: HALT (13) -> IDLE (1)
2026-05-15 12:41:34 Handler State: EXCHANGE_THREE (11) -> POST_PROCESS (12)
2026-05-15 12:41:34 Handler State: POST_PROCESS (12) -> MOVE_ARM_HOME (14)
2026-05-15 12:41:34 Handler State: MOVE_ARM_HOME (14) -> HANDLER_IDLE (1)
2026-05-15 12:43:11 Handler State: HANDLER_IDLE (1) -> SEMI_START (15)
2026-05-15 12:43:11 Handler State: SEMI_START (15) -> SEMI_PROBE_CART (25)
2026-05-15 12:43:15 Handler State: SEMI_PROBE_CART (25) -> SEMI_PROCESS (16)
2026-05-15 12:43:43 Re-Calculated Filling Volume: 0
2026-05-15 12:43:48 Setting CBS color valve (Finished): 0
2026-05-15 12:43:48 Handler State: SEMI_PROCESS (16) -> SEMI_WHAT_NEXT (21)
2026-05-15 12:43:48 Handler State: SEMI_WHAT_NEXT (21) -> SEMI_FINISHED (23)
2026-05-15 12:43:49 Handler State: SEMI_FINISHED (23) -> HANDLER_IDLE (1)
2026-05-15 12:44:23 Handler State: HANDLER_IDLE (1) -> HANDLER_START (2)
2026-05-15 12:44:25 Handler State: HANDLER_START (2) -> DECIDE_CART (3)
2026-05-15 12:44:25 Selection: IFS is clean and its cartridge is cleaned.
2026-05-15 12:44:25 Selected Primary Cartridge: 3
2026-05-15 12:44:25 Selected Primary Station: 104
2026-05-15 12:44:25 Selected Secondary Cartridge: 0
2026-05-15 12:44:25 Selected Secondary Station: 0
2026-05-15 12:44:25 Selected Filling Volume: 640
2026-05-15 12:44:25 Handler State: DECIDE_CART (3) -> CHECK_SEC_CART (26)
2026-05-15 12:44:25 Handler State: CHECK_SEC_CART (26) -> PROBE_CART (24)
2026-05-15 12:44:25 CartMove: Exchange 1, from 104
2026-05-15 12:44:25 CartMoveState: IDLE (1) -> FROM_MOVE (3)
2026-05-15 12:44:25 CartMoveState: FROM_MOVE (3) -> FROM_PROBE (19)
2026-05-15 12:44:27 Handler State: PROBE_CART (24) -> PROCESS_CART (6)
2026-05-15 12:44:27 Setting CBS color valve (FillIFS): 2
2026-05-15 12:44:29 Primed volume (FillIFS): 0.356842
2026-05-15 12:44:29 Re-Calculated Filling Volume: 640
2026-05-15 12:44:29 Setting CBS color valve (FillCart): 2
2026-05-15 12:44:54 Handler State: PROCESS_CART (6) -> EXCHANGE_ONE (7)
2026-05-15 12:44:54 CartMove: Exchange 1, from 104
2026-05-15 12:44:54 CartMoveState: FROM_PROBE (19) -> FROM_CART (4)
2026-05-15 12:45:00 Setting CBS color valve (Finished): 0
2026-05-15 12:45:02 CartMoveState: FROM_CART (4) -> TO_MOVE (10)
2026-05-15 12:45:03 CartMoveState: TO_MOVE (10) -> EXCH_1_WAIT (14)
2026-05-15 12:45:03 Handler State: EXCHANGE_ONE (7) -> START_DCU (8)
2026-05-15 12:45:04 Handler State: START_DCU (8) -> EXCHANGE_TWO (9)
2026-05-15 12:45:04 CartMove: Exchange 2
2026-05-15 12:45:04 CartMoveState: EXCH_1_WAIT (14) -> EXCH_1_CART (15)
2026-05-15 12:45:06 CartMoveState: EXCH_1_CART (15) -> EXCH_2_MOVE (16)
2026-05-15 12:45:08 CartMoveState: EXCH_2_MOVE (16) -> EXCH_2_CART (17)
2026-05-15 12:45:10 CartMoveState: EXCH_2_CART (17) -> STORE_DECIDE (18)
2026-05-15 12:45:10 Used volume for last job: 425.184
2026-05-15 12:45:10 Handler State: EXCHANGE_TWO (9) -> WAIT_FOR_DCU (10)
2026-05-15 12:45:11 Handler State: WAIT_FOR_DCU (10) -> EXCHANGE_THREE (11)
2026-05-15 12:45:11 CartMove: Exchange 3
2026-05-15 12:45:11 CartMoveState: STORE_DECIDE (18) -> AUX_DECIDE (5)
2026-05-15 12:45:11 CartMoveState: AUX_DECIDE (5) -> TO_MOVE (10)
2026-05-15 12:45:12 CartMoveState: TO_MOVE (10) -> TO_CART (11)
2026-05-15 12:45:14 CartMoveState: TO_CART (11) -> HOME_MOVE (12)
2026-05-15 12:45:15 CartMoveState: HOME_MOVE (12) -> HALT (13)
2026-05-15 12:45:15 CartMoveState: HALT (13) -> IDLE (1)
2026-05-15 12:45:15 Handler State: EXCHANGE_THREE (11) -> POST_PROCESS (12)
2026-05-15 12:45:15 Handler State: POST_PROCESS (12) -> MOVE_ARM_HOME (14)
2026-05-15 12:45:16 Handler State: MOVE_ARM_HOME (14) -> HANDLER_IDLE (1)
2026-05-15 12:53:57 Handler State: HANDLER_IDLE (1) -> SEMI_START (15)
2026-05-15 12:53:57 Handler State: SEMI_START (15) -> SEMI_PROBE_CART (25)
2026-05-15 12:54:00 Handler State: SEMI_PROBE_CART (25) -> SEMI_PROCESS (16)
2026-05-15 12:54:33 Re-Calculated Filling Volume: 0
2026-05-15 12:54:38 Setting CBS color valve (Finished): 0
2026-05-15 12:54:38 Handler State: SEMI_PROCESS (16) -> SEMI_WHAT_NEXT (21)
2026-05-15 12:54:38 Handler State: SEMI_WHAT_NEXT (21) -> SEMI_FINISHED (23)
2026-05-15 12:54:39 Handler State: SEMI_FINISHED (23) -> HANDLER_IDLE (1)
2026-05-15 13:02:18 Handler State: HANDLER_IDLE (1) -> HANDLER_START (2)
2026-05-15 13:02:19 Handler State: HANDLER_START (2) -> DECIDE_CART (3)
2026-05-15 13:02:19 Selection: IFS is clean and its cartridge is cleaned.
2026-05-15 13:02:19 Selected Primary Cartridge: 6
2026-05-15 13:02:19 Selected Primary Station: 104
2026-05-15 13:02:19 Selected Secondary Cartridge: 0
2026-05-15 13:02:19 Selected Secondary Station: 0
2026-05-15 13:02:19 Selected Filling Volume: 436
2026-05-15 13:02:19 Handler State: DECIDE_CART (3) -> CHECK_SEC_CART (26)
2026-05-15 13:02:19 Handler State: CHECK_SEC_CART (26) -> PROBE_CART (24)
2026-05-15 13:02:19 CartMove: Exchange 1, from 104
2026-05-15 13:02:19 CartMoveState: IDLE (1) -> FROM_MOVE (3)
2026-05-15 13:02:20 CartMoveState: FROM_MOVE (3) -> FROM_PROBE (19)
2026-05-15 13:02:22 Handler State: PROBE_CART (24) -> PROCESS_CART (6)
2026-05-15 13:02:22 Setting CBS color valve (FillIFS): 1
2026-05-15 13:02:24 Primed volume (FillIFS): 0.382656
2026-05-15 13:02:24 Re-Calculated Filling Volume: 436
2026-05-15 13:02:24 Setting CBS color valve (FillCart): 1
2026-05-15 13:02:46 Handler State: PROCESS_CART (6) -> EXCHANGE_ONE (7)
2026-05-15 13:02:46 CartMove: Exchange 1, from 104
2026-05-15 13:02:46 CartMoveState: FROM_PROBE (19) -> FROM_CART (4)
2026-05-15 13:02:52 Setting CBS color valve (Finished): 0
2026-05-15 13:02:54 CartMoveState: FROM_CART (4) -> TO_MOVE (10)
2026-05-15 13:02:55 CartMoveState: TO_MOVE (10) -> EXCH_1_WAIT (14)
2026-05-15 13:02:55 Handler State: EXCHANGE_ONE (7) -> START_DCU (8)
2026-05-15 13:02:56 Handler State: START_DCU (8) -> EXCHANGE_TWO (9)
2026-05-15 13:02:56 CartMove: Exchange 2
2026-05-15 13:02:56 CartMoveState: EXCH_1_WAIT (14) -> EXCH_1_CART (15)
2026-05-15 13:02:59 CartMoveState: EXCH_1_CART (15) -> EXCH_2_MOVE (16)
2026-05-15 13:03:00 CartMoveState: EXCH_2_MOVE (16) -> EXCH_2_CART (17)
2026-05-15 13:03:02 CartMoveState: EXCH_2_CART (17) -> STORE_DECIDE (18)
2026-05-15 13:03:02 Used volume for last job: 440.1
2026-05-15 13:03:02 Handler State: EXCHANGE_TWO (9) -> WAIT_FOR_DCU (10)
2026-05-15 13:03:03 Handler State: WAIT_FOR_DCU (10) -> EXCHANGE_THREE (11)
2026-05-15 13:03:04 CartMove: Exchange 3
2026-05-15 13:03:04 CartMoveState: STORE_DECIDE (18) -> AUX_DECIDE (5)
2026-05-15 13:03:04 CartMoveState: AUX_DECIDE (5) -> TO_MOVE (10)
2026-05-15 13:03:04 CartMoveState: TO_MOVE (10) -> TO_CART (11)
2026-05-15 13:03:07 CartMoveState: TO_CART (11) -> HOME_MOVE (12)
2026-05-15 13:03:08 CartMoveState: HOME_MOVE (12) -> HALT (13)
2026-05-15 13:03:08 CartMoveState: HALT (13) -> IDLE (1)
2026-05-15 13:03:08 Handler State: EXCHANGE_THREE (11) -> POST_PROCESS (12)
2026-05-15 13:03:08 Handler State: POST_PROCESS (12) -> MOVE_ARM_HOME (14)
2026-05-15 13:03:08 Handler State: MOVE_ARM_HOME (14) -> HANDLER_IDLE (1)
2026-05-15 13:07:34 Handler State: HANDLER_IDLE (1) -> HANDLER_START (2)
2026-05-15 13:07:35 Handler State: HANDLER_START (2) -> DECIDE_CART (3)
2026-05-15 13:07:35 Selection: IFS has correct material and its cartridge has correct material.
2026-05-15 13:07:35 Selected Primary Cartridge: 3
2026-05-15 13:07:35 Selected Primary Station: 104
2026-05-15 13:07:35 Selected Secondary Cartridge: 0
2026-05-15 13:07:35 Selected Secondary Station: 0
2026-05-15 13:07:35 Selected Filling Volume: 477
2026-05-15 13:07:35 Handler State: DECIDE_CART (3) -> CHECK_SEC_CART (26)
2026-05-15 13:07:35 Handler State: CHECK_SEC_CART (26) -> PROBE_CART (24)
2026-05-15 13:07:35 CartMove: Exchange 1, from 104
2026-05-15 13:07:35 CartMoveState: IDLE (1) -> FROM_MOVE (3)
2026-05-15 13:07:36 CartMoveState: FROM_MOVE (3) -> FROM_PROBE (19)
2026-05-15 13:07:37 Handler State: PROBE_CART (24) -> PROCESS_CART (6)
2026-05-15 13:08:30 Setting CBS color valve (FillGate): 1
2026-05-15 13:08:31 Primed volume (FillGate): 0.659019
2026-05-15 13:08:31 Re-Calculated Filling Volume: 477
2026-05-15 13:08:31 Setting CBS color valve (FillCart): 1
2026-05-15 13:08:53 Handler State: PROCESS_CART (6) -> EXCHANGE_ONE (7)
2026-05-15 13:08:53 CartMove: Exchange 1, from 104
2026-05-15 13:08:53 CartMoveState: FROM_PROBE (19) -> FROM_CART (4)
2026-05-15 13:08:58 Setting CBS color valve (Finished): 0
2026-05-15 13:09:00 CartMoveState: FROM_CART (4) -> TO_MOVE (10)
2026-05-15 13:09:02 CartMoveState: TO_MOVE (10) -> EXCH_1_WAIT (14)
2026-05-15 13:09:02 Handler State: EXCHANGE_ONE (7) -> START_DCU (8)
2026-05-15 13:09:28 Handler State: START_DCU (8) -> EXCHANGE_TWO (9)
2026-05-15 13:09:28 CartMove: Exchange 2
2026-05-15 13:09:29 CartMoveState: EXCH_1_WAIT (14) -> EXCH_1_CART (15)
2026-05-15 13:09:31 CartMoveState: EXCH_1_CART (15) -> EXCH_2_MOVE (16)
2026-05-15 13:09:33 CartMoveState: EXCH_2_MOVE (16) -> EXCH_2_CART (17)
2026-05-15 13:09:35 CartMoveState: EXCH_2_CART (17) -> STORE_DECIDE (18)
2026-05-15 13:09:35 Used volume for last job: 0
2026-05-15 13:09:35 Handler State: EXCHANGE_TWO (9) -> WAIT_FOR_DCU (10)
2026-05-15 13:09:36 Handler State: WAIT_FOR_DCU (10) -> EXCHANGE_THREE (11)
2026-05-15 13:09:37 CartMove: Exchange 3
2026-05-15 13:09:37 CartMoveState: STORE_DECIDE (18) -> AUX_DECIDE (5)
2026-05-15 13:09:37 CartMoveState: AUX_DECIDE (5) -> TO_MOVE (10)
2026-05-15 13:09:37 CartMoveState: TO_MOVE (10) -> TO_CART (11)
2026-05-15 13:09:40 CartMoveState: TO_CART (11) -> HOME_MOVE (12)
2026-05-15 13:09:41 CartMoveState: HOME_MOVE (12) -> HALT (13)
2026-05-15 13:09:41 CartMoveState: HALT (13) -> IDLE (1)
2026-05-15 13:09:41 Handler State: EXCHANGE_THREE (11) -> POST_PROCESS (12)
2026-05-15 13:09:41 Handler State: POST_PROCESS (12) -> MOVE_ARM_HOME (14)
2026-05-15 13:09:41 Handler State: MOVE_ARM_HOME (14) -> HANDLER_IDLE (1)
2026-05-15 13:12:58 Handler State: HANDLER_IDLE (1) -> HANDLER_START (2)
2026-05-15 13:12:59 Handler State: HANDLER_START (2) -> EXCHANGE_ONE (7)
2026-05-15 13:12:59 CartMove: Exchange 1, from 0
2026-05-15 13:12:59 CartMoveState: IDLE (1) -> TO_MOVE (10)
2026-05-15 13:13:00 CartMoveState: TO_MOVE (10) -> EXCH_1_WAIT (14)
2026-05-15 13:13:00 Handler State: EXCHANGE_ONE (7) -> START_DCU (8)
2026-05-15 13:13:01 Handler State: START_DCU (8) -> EXCHANGE_TWO (9)
2026-05-15 13:13:01 CartMove: Exchange 2
2026-05-15 13:13:09 CartMoveState: EXCH_1_WAIT (14) -> EXCH_1_CART (15)
2026-05-15 13:13:12 CartMoveState: EXCH_1_CART (15) -> STORE_DECIDE (18)
2026-05-15 13:13:12 Used volume for last job: 425.175
2026-05-15 13:13:12 Handler State: EXCHANGE_TWO (9) -> WAIT_FOR_DCU (10)
2026-05-15 13:13:13 Handler State: WAIT_FOR_DCU (10) -> EXCHANGE_THREE (11)
2026-05-15 13:13:13 CartMove: Exchange 3
2026-05-15 13:13:13 CartMoveState: STORE_DECIDE (18) -> AUX_DECIDE (5)
2026-05-15 13:13:13 CartMoveState: AUX_DECIDE (5) -> TO_MOVE (10)
2026-05-15 13:13:15 CartMoveState: TO_MOVE (10) -> TO_CART (11)
2026-05-15 13:13:17 CartMoveState: TO_CART (11) -> HOME_MOVE (12)
2026-05-15 13:13:19 CartMoveState: HOME_MOVE (12) -> HALT (13)
2026-05-15 13:13:19 CartMoveState: HALT (13) -> IDLE (1)
2026-05-15 13:13:19 Handler State: EXCHANGE_THREE (11) -> POST_PROCESS (12)
2026-05-15 13:13:19 Handler State: POST_PROCESS (12) -> MOVE_ARM_HOME (14)
2026-05-15 13:13:19 Handler State: MOVE_ARM_HOME (14) -> HANDLER_IDLE (1)
2026-05-15 13:13:40 Handler State: HANDLER_IDLE (1) -> SEMI_START (15)
2026-05-15 13:13:40 Handler State: SEMI_START (15) -> SEMI_TO_STORE (17)
2026-05-15 13:13:40 CartMove: Move, from 102 to 108
2026-05-15 13:13:40 CartMoveState: IDLE (1) -> FROM_MOVE (3)
2026-05-15 13:13:40 CartMoveState: FROM_MOVE (3) -> FROM_CART (4)
2026-05-15 13:13:43 CartMoveState: FROM_CART (4) -> AUX_DECIDE (5)
2026-05-15 13:13:43 CartMoveState: AUX_DECIDE (5) -> TO_MOVE (10)
2026-05-15 13:13:45 CartMoveState: TO_MOVE (10) -> TO_CART (11)
2026-05-15 13:13:47 CartMoveState: TO_CART (11) -> HOME_MOVE (12)
2026-05-15 13:13:49 CartMoveState: HOME_MOVE (12) -> HALT (13)
2026-05-15 13:13:49 CartMoveState: HALT (13) -> IDLE (1)
2026-05-15 13:13:49 Handler State: SEMI_TO_STORE (17) -> SEMI_TO_IFS (18)
2026-05-15 13:13:49 CartMove: Move, from 105 to 102
2026-05-15 13:13:49 CartMoveState: IDLE (1) -> FROM_MOVE (3)
2026-05-15 13:13:50 CartMoveState: FROM_MOVE (3) -> FROM_CART (4)
2026-05-15 13:13:53 CartMoveState: FROM_CART (4) -> AUX_DECIDE (5)
2026-05-15 13:13:53 CartMoveState: AUX_DECIDE (5) -> TO_MOVE (10)
2026-05-15 13:13:54 CartMoveState: TO_MOVE (10) -> TO_CART (11)
2026-05-15 13:13:57 CartMoveState: TO_CART (11) -> HOME_MOVE (12)
2026-05-15 13:13:57 CartMoveState: HOME_MOVE (12) -> HALT (13)
2026-05-15 13:13:57 CartMoveState: HALT (13) -> IDLE (1)
2026-05-15 13:13:57 Handler State: SEMI_TO_IFS (18) -> SEMI_PROBE_CART (25)
2026-05-15 13:14:01 Handler State: SEMI_PROBE_CART (25) -> SEMI_PROCESS (16)
2026-05-15 13:15:27 Re-Calculated Filling Volume: 0
2026-05-15 13:15:34 Setting CBS color valve (Finished): 0
2026-05-15 13:15:34 Handler State: SEMI_PROCESS (16) -> SEMI_FROM_IFS (20)
2026-05-15 13:15:34 CartMove: Move, from 102 to 105
2026-05-15 13:15:34 CartMoveState: IDLE (1) -> FROM_MOVE (3)
2026-05-15 13:15:34 CartMoveState: FROM_MOVE (3) -> FROM_CART (4)
2026-05-15 13:15:37 CartMoveState: FROM_CART (4) -> AUX_DECIDE (5)
2026-05-15 13:15:37 CartMoveState: AUX_DECIDE (5) -> TO_MOVE (10)
2026-05-15 13:15:39 CartMoveState: TO_MOVE (10) -> TO_CART (11)
2026-05-15 13:15:41 CartMoveState: TO_CART (11) -> HOME_MOVE (12)
2026-05-15 13:15:42 CartMoveState: HOME_MOVE (12) -> HALT (13)
2026-05-15 13:15:42 CartMoveState: HALT (13) -> IDLE (1)
2026-05-15 13:15:42 Handler State: SEMI_FROM_IFS (20) -> SEMI_FROM_STORE (19)
2026-05-15 13:15:42 CartMove: Move, from 108 to 102
2026-05-15 13:15:42 CartMoveState: IDLE (1) -> FROM_MOVE (3)
2026-05-15 13:15:44 CartMoveState: FROM_MOVE (3) -> FROM_CART (4)
2026-05-15 13:15:46 CartMoveState: FROM_CART (4) -> AUX_DECIDE (5)
2026-05-15 13:15:46 CartMoveState: AUX_DECIDE (5) -> TO_MOVE (10)
2026-05-15 13:15:48 CartMoveState: TO_MOVE (10) -> TO_CART (11)
2026-05-15 13:15:50 CartMoveState: TO_CART (11) -> HOME_MOVE (12)
2026-05-15 13:15:51 CartMoveState: HOME_MOVE (12) -> HALT (13)
2026-05-15 13:15:51 CartMoveState: HALT (13) -> IDLE (1)
2026-05-15 13:15:51 Handler State: SEMI_FROM_STORE (19) -> SEMI_WHAT_NEXT (21)
2026-05-15 13:15:51 Handler State: SEMI_WHAT_NEXT (21) -> SEMI_START (15)
2026-05-15 13:15:51 Handler State: SEMI_START (15) -> SEMI_TO_STORE (17)
2026-05-15 13:15:51 CartMove: Move, from 103 to 108
2026-05-15 13:15:51 CartMoveState: IDLE (1) -> FROM_MOVE (3)
2026-05-15 13:15:51 CartMoveState: FROM_MOVE (3) -> FROM_CART (4)
2026-05-15 13:15:54 CartMoveState: FROM_CART (4) -> AUX_DECIDE (5)
2026-05-15 13:15:54 CartMoveState: AUX_DECIDE (5) -> TO_MOVE (10)
2026-05-15 13:15:56 CartMoveState: TO_MOVE (10) -> TO_CART (11)
2026-05-15 13:15:58 CartMoveState: TO_CART (11) -> HOME_MOVE (12)
2026-05-15 13:16:00 CartMoveState: HOME_MOVE (12) -> HALT (13)
2026-05-15 13:16:00 CartMoveState: HALT (13) -> IDLE (1)
2026-05-15 13:16:00 Handler State: SEMI_TO_STORE (17) -> SEMI_TO_IFS (18)
2026-05-15 13:16:00 CartMove: Move, from 106 to 103
2026-05-15 13:16:00 CartMoveState: IDLE (1) -> FROM_MOVE (3)
2026-05-15 13:16:01 CartMoveState: FROM_MOVE (3) -> FROM_CART (4)
2026-05-15 13:16:04 CartMoveState: FROM_CART (4) -> AUX_DECIDE (5)
2026-05-15 13:16:04 CartMoveState: AUX_DECIDE (5) -> TO_MOVE (10)
2026-05-15 13:16:05 CartMoveState: TO_MOVE (10) -> TO_CART (11)
2026-05-15 13:16:08 CartMoveState: TO_CART (11) -> HOME_MOVE (12)
2026-05-15 13:16:08 CartMoveState: HOME_MOVE (12) -> HALT (13)
2026-05-15 13:16:08 CartMoveState: HALT (13) -> IDLE (1)
2026-05-15 13:16:08 Handler State: SEMI_TO_IFS (18) -> SEMI_PROBE_CART (25)
2026-05-15 13:16:10 Handler State: SEMI_PROBE_CART (25) -> SEMI_PROCESS (16)
2026-05-15 13:17:20 Re-Calculated Filling Volume: 0
2026-05-15 13:17:25 Setting CBS color valve (Finished): 0
2026-05-15 13:17:25 Handler State: SEMI_PROCESS (16) -> SEMI_FROM_IFS (20)
2026-05-15 13:17:25 CartMove: Move, from 103 to 106
2026-05-15 13:17:25 CartMoveState: IDLE (1) -> FROM_MOVE (3)
2026-05-15 13:17:25 CartMoveState: FROM_MOVE (3) -> FROM_CART (4)
2026-05-15 13:17:28 CartMoveState: FROM_CART (4) -> AUX_DECIDE (5)
2026-05-15 13:17:28 CartMoveState: AUX_DECIDE (5) -> TO_MOVE (10)
2026-05-15 13:17:30 CartMoveState: TO_MOVE (10) -> TO_CART (11)
2026-05-15 13:17:32 CartMoveState: TO_CART (11) -> HOME_MOVE (12)
2026-05-15 13:17:33 CartMoveState: HOME_MOVE (12) -> HALT (13)
2026-05-15 13:17:33 CartMoveState: HALT (13) -> IDLE (1)
2026-05-15 13:17:33 Handler State: SEMI_FROM_IFS (20) -> SEMI_FROM_STORE (19)
2026-05-15 13:17:33 CartMove: Move, from 108 to 103
2026-05-15 13:17:33 CartMoveState: IDLE (1) -> FROM_MOVE (3)
2026-05-15 13:17:35 CartMoveState: FROM_MOVE (3) -> FROM_CART (4)
2026-05-15 13:17:37 CartMoveState: FROM_CART (4) -> AUX_DECIDE (5)
2026-05-15 13:17:37 CartMoveState: AUX_DECIDE (5) -> TO_MOVE (10)
2026-05-15 13:17:39 CartMoveState: TO_MOVE (10) -> TO_CART (11)
2026-05-15 13:17:42 CartMoveState: TO_CART (11) -> HOME_MOVE (12)
2026-05-15 13:17:42 CartMoveState: HOME_MOVE (12) -> HALT (13)
2026-05-15 13:17:42 CartMoveState: HALT (13) -> IDLE (1)
2026-05-15 13:17:42 Handler State: SEMI_FROM_STORE (19) -> SEMI_WHAT_NEXT (21)
2026-05-15 13:17:42 Handler State: SEMI_WHAT_NEXT (21) -> SEMI_START (15)
2026-05-15 13:17:42 Handler State: SEMI_START (15) -> SEMI_TO_STORE (17)
2026-05-15 13:17:42 CartMove: Move, from 104 to 108
2026-05-15 13:17:42 CartMoveState: IDLE (1) -> FROM_MOVE (3)
2026-05-15 13:17:42 CartMoveState: FROM_MOVE (3) -> FROM_CART (4)
2026-05-15 13:17:45 CartMoveState: FROM_CART (4) -> AUX_DECIDE (5)
2026-05-15 13:17:45 CartMoveState: AUX_DECIDE (5) -> TO_MOVE (10)
2026-05-15 13:17:47 CartMoveState: TO_MOVE (10) -> TO_CART (11)
2026-05-15 13:17:49 CartMoveState: TO_CART (11) -> HOME_MOVE (12)
2026-05-15 13:17:51 CartMoveState: HOME_MOVE (12) -> HALT (13)
2026-05-15 13:17:51 CartMoveState: HALT (13) -> IDLE (1)
2026-05-15 13:17:51 Handler State: SEMI_TO_STORE (17) -> SEMI_TO_IFS (18)
2026-05-15 13:17:51 CartMove: Move, from 107 to 104
2026-05-15 13:17:51 CartMoveState: IDLE (1) -> FROM_MOVE (3)
2026-05-15 13:17:52 CartMoveState: FROM_MOVE (3) -> FROM_CART (4)
2026-05-15 13:17:55 CartMoveState: FROM_CART (4) -> AUX_DECIDE (5)
2026-05-15 13:17:55 CartMoveState: AUX_DECIDE (5) -> TO_MOVE (10)
2026-05-15 13:17:56 CartMoveState: TO_MOVE (10) -> TO_CART (11)
2026-05-15 13:17:59 CartMoveState: TO_CART (11) -> HOME_MOVE (12)
2026-05-15 13:17:59 CartMoveState: HOME_MOVE (12) -> HALT (13)
2026-05-15 13:17:59 CartMoveState: HALT (13) -> IDLE (1)
2026-05-15 13:17:59 Handler State: SEMI_TO_IFS (18) -> SEMI_PROBE_CART (25)
2026-05-15 13:18:03 Handler State: SEMI_PROBE_CART (25) -> SEMI_PROCESS (16)
2026-05-15 13:18:36 Re-Calculated Filling Volume: 0
2026-05-15 13:18:41 Setting CBS color valve (Finished): 0
2026-05-15 13:18:41 Handler State: SEMI_PROCESS (16) -> SEMI_FROM_IFS (20)
2026-05-15 13:18:41 CartMove: Move, from 104 to 107
2026-05-15 13:18:41 CartMoveState: IDLE (1) -> FROM_MOVE (3)
2026-05-15 13:18:41 CartMoveState: FROM_MOVE (3) -> FROM_CART (4)
2026-05-15 13:18:44 CartMoveState: FROM_CART (4) -> AUX_DECIDE (5)
2026-05-15 13:18:44 CartMoveState: AUX_DECIDE (5) -> TO_MOVE (10)
2026-05-15 13:18:46 CartMoveState: TO_MOVE (10) -> TO_CART (11)
2026-05-15 13:18:48 CartMoveState: TO_CART (11) -> HOME_MOVE (12)
2026-05-15 13:18:49 CartMoveState: HOME_MOVE (12) -> HALT (13)
2026-05-15 13:18:49 CartMoveState: HALT (13) -> IDLE (1)
2026-05-15 13:18:49 Handler State: SEMI_FROM_IFS (20) -> SEMI_FROM_STORE (19)
2026-05-15 13:18:49 CartMove: Move, from 108 to 104
2026-05-15 13:18:49 CartMoveState: IDLE (1) -> FROM_MOVE (3)
2026-05-15 13:18:51 CartMoveState: FROM_MOVE (3) -> FROM_CART (4)
2026-05-15 13:18:53 CartMoveState: FROM_CART (4) -> AUX_DECIDE (5)
2026-05-15 13:18:53 CartMoveState: AUX_DECIDE (5) -> TO_MOVE (10)
2026-05-15 13:18:55 CartMoveState: TO_MOVE (10) -> TO_CART (11)
2026-05-15 13:18:57 CartMoveState: TO_CART (11) -> HOME_MOVE (12)
2026-05-15 13:18:58 CartMoveState: HOME_MOVE (12) -> HALT (13)
2026-05-15 13:18:58 CartMoveState: HALT (13) -> IDLE (1)
2026-05-15 13:18:58 Handler State: SEMI_FROM_STORE (19) -> SEMI_WHAT_NEXT (21)
2026-05-15 13:18:58 Handler State: SEMI_WHAT_NEXT (21) -> SEMI_START (15)
2026-05-15 13:18:58 Handler State: SEMI_START (15) -> SEMI_PROBE_CART (25)
2026-05-15 13:19:02 Handler State: SEMI_PROBE_CART (25) -> SEMI_PROCESS (16)
2026-05-15 13:20:14 Re-Calculated Filling Volume: 0
2026-05-15 13:20:21 Setting CBS color valve (Finished): 0
2026-05-15 13:20:21 Handler State: SEMI_PROCESS (16) -> SEMI_WHAT_NEXT (21)
2026-05-15 13:20:21 Handler State: SEMI_WHAT_NEXT (21) -> SEMI_START (15)
2026-05-15 13:20:21 Handler State: SEMI_START (15) -> SEMI_PROBE_CART (25)
2026-05-15 13:20:24 Handler State: SEMI_PROBE_CART (25) -> SEMI_PROCESS (16)
2026-05-15 13:21:08 Re-Calculated Filling Volume: 0
2026-05-15 13:21:13 Setting CBS color valve (Finished): 0
2026-05-15 13:21:13 Handler State: SEMI_PROCESS (16) -> SEMI_WHAT_NEXT (21)
2026-05-15 13:21:13 Handler State: SEMI_WHAT_NEXT (21) -> SEMI_START (15)
2026-05-15 13:21:13 Handler State: SEMI_START (15) -> SEMI_PROBE_CART (25)
2026-05-15 13:21:17 Handler State: SEMI_PROBE_CART (25) -> SEMI_PROCESS (16)
2026-05-15 13:21:44 Re-Calculated Filling Volume: 0
2026-05-15 13:21:50 Setting CBS color valve (Finished): 0
2026-05-15 13:21:50 Handler State: SEMI_PROCESS (16) -> SEMI_WHAT_NEXT (21)
2026-05-15 13:21:50 Handler State: SEMI_WHAT_NEXT (21) -> SEMI_FINISHED (23)
2026-05-15 13:21:50 Handler State: SEMI_FINISHED (23) -> HANDLER_IDLE (1)
2026-05-18 00:58:42 Handler State: HANDLER_IDLE (1) -> HANDLER_START (2)
2026-05-18 00:58:43 Handler State: HANDLER_START (2) -> DECIDE_CART (3)
2026-05-18 00:58:43 Selection: IFS is clean and its cartridge is cleaned.
2026-05-18 00:58:43 Selected Primary Cartridge: 4
2026-05-18 00:58:43 Selected Primary Station: 102
2026-05-18 00:58:43 Selected Secondary Cartridge: 0
2026-05-18 00:58:43 Selected Secondary Station: 0
2026-05-18 00:58:43 Selected Filling Volume: 650
2026-05-18 00:58:43 Handler State: DECIDE_CART (3) -> CHECK_SEC_CART (26)
2026-05-18 00:58:43 Handler State: CHECK_SEC_CART (26) -> PROBE_CART (24)
2026-05-18 00:58:43 CartMove: Exchange 1, from 102
2026-05-18 00:58:43 CartMoveState: IDLE (1) -> FROM_MOVE (3)
2026-05-18 00:58:44 CartMoveState: FROM_MOVE (3) -> FROM_PROBE (19)
2026-05-18 00:58:46 Handler State: PROBE_CART (24) -> PROCESS_CART (6)
2026-05-18 00:58:46 Setting CBS color valve (FillIFS): 1
2026-05-18 00:58:47 Primed volume (FillIFS): 0.662056
2026-05-18 00:58:47 Re-Calculated Filling Volume: 650
2026-05-18 00:58:47 Setting CBS color valve (FillCart): 1
2026-05-18 00:59:09 Handler State: PROCESS_CART (6) -> EXCHANGE_ONE (7)
2026-05-18 00:59:09 CartMove: Exchange 1, from 102
2026-05-18 00:59:09 CartMoveState: FROM_PROBE (19) -> FROM_CART (4)
2026-05-18 00:59:16 Setting CBS color valve (Finished): 0
2026-05-18 00:59:17 CartMoveState: FROM_CART (4) -> TO_MOVE (10)
2026-05-18 00:59:18 CartMoveState: TO_MOVE (10) -> EXCH_1_WAIT (14)
2026-05-18 00:59:18 Handler State: EXCHANGE_ONE (7) -> START_DCU (8)
2026-05-18 00:59:18 Handler State: START_DCU (8) -> EXCHANGE_TWO (9)
2026-05-18 00:59:18 CartMove: Exchange 2
2026-05-18 00:59:18 CartMoveState: EXCH_1_WAIT (14) -> EXCH_1_CART (15)
2026-05-18 00:59:21 CartMoveState: EXCH_1_CART (15) -> EXCH_2_MOVE (16)
2026-05-18 00:59:21 CartMoveState: EXCH_2_MOVE (16) -> EXCH_2_CART (17)
2026-05-18 00:59:23 CartMoveState: EXCH_2_CART (17) -> HOME_MOVE (12)
2026-05-18 00:59:23 Handler State: EXCHANGE_TWO (9) -> WAIT_FOR_DCU (10)
2026-05-18 00:59:25 Handler State: WAIT_FOR_DCU (10) -> EXCHANGE_THREE (11)
2026-05-18 00:59:25 CartMove: Exchange 3
2026-05-18 00:59:25 CartMoveState: HOME_MOVE (12) -> HALT (13)
2026-05-18 00:59:25 CartMoveState: HALT (13) -> IDLE (1)
2026-05-18 00:59:25 Handler State: EXCHANGE_THREE (11) -> POST_PROCESS (12)
2026-05-18 00:59:25 Handler State: POST_PROCESS (12) -> MOVE_ARM_HOME (14)
2026-05-18 00:59:31 Handler State: MOVE_ARM_HOME (14) -> HANDLER_IDLE (1)
2026-05-18 03:50:11 Handler State: HANDLER_IDLE (1) -> HANDLER_START (2)
2026-05-18 03:50:12 Handler State: HANDLER_START (2) -> DECIDE_CART (3)
2026-05-18 03:50:12 Selection: IFS has correct material.
2026-05-18 03:50:12 Selection: Cartridge is clean.
2026-05-18 03:50:12 Selected Primary Cartridge: 1
2026-05-18 03:50:12 Selected Primary Station: 102
2026-05-18 03:50:12 Selected Secondary Cartridge: 0
2026-05-18 03:50:12 Selected Secondary Station: 0
2026-05-18 03:50:12 Selected Filling Volume: 650
2026-05-18 03:50:12 Handler State: DECIDE_CART (3) -> PLACE_CART (5)
2026-05-18 03:50:12 CartMove: Move, from 105 to 102
2026-05-18 03:50:12 CartMoveState: IDLE (1) -> FROM_MOVE (3)
2026-05-18 03:50:13 CartMoveState: FROM_MOVE (3) -> FROM_CART (4)
2026-05-18 03:50:16 CartMoveState: FROM_CART (4) -> AUX_DECIDE (5)
2026-05-18 03:50:16 CartMoveState: AUX_DECIDE (5) -> TO_MOVE (10)
2026-05-18 03:50:17 CartMoveState: TO_MOVE (10) -> TO_CART (11)
2026-05-18 03:50:19 CartMoveState: TO_CART (11) -> HOME_MOVE (12)
2026-05-18 03:50:20 CartMoveState: HOME_MOVE (12) -> HALT (13)
2026-05-18 03:50:20 CartMoveState: HALT (13) -> IDLE (1)
2026-05-18 03:50:20 Handler State: PLACE_CART (5) -> CHECK_SEC_CART (26)
2026-05-18 03:50:20 Handler State: CHECK_SEC_CART (26) -> PROBE_CART (24)
2026-05-18 03:50:20 CartMove: Exchange 1, from 102
2026-05-18 03:50:20 CartMoveState: IDLE (1) -> FROM_MOVE (3)
2026-05-18 03:50:21 CartMoveState: FROM_MOVE (3) -> FROM_PROBE (19)
2026-05-18 03:50:23 Handler State: PROBE_CART (24) -> PROCESS_CART (6)
2026-05-18 03:50:23 Setting CBS color valve (FillGate): 1
2026-05-18 03:50:24 Primed volume (FillGate): 0.816946
2026-05-18 03:50:24 Re-Calculated Filling Volume: 650
2026-05-18 03:50:24 Setting CBS color valve (FillCart): 1
2026-05-18 03:50:49 Handler State: PROCESS_CART (6) -> EXCHANGE_ONE (7)
2026-05-18 03:50:49 CartMove: Exchange 1, from 102
2026-05-18 03:50:49 CartMoveState: FROM_PROBE (19) -> FROM_CART (4)
2026-05-18 03:50:56 Setting CBS color valve (Finished): 0
2026-05-18 03:50:58 CartMoveState: FROM_CART (4) -> TO_MOVE (10)
2026-05-18 03:50:59 CartMoveState: TO_MOVE (10) -> EXCH_1_WAIT (14)
2026-05-18 03:50:59 Handler State: EXCHANGE_ONE (7) -> START_DCU (8)
2026-05-18 03:50:59 Handler State: START_DCU (8) -> EXCHANGE_TWO (9)
2026-05-18 03:50:59 CartMove: Exchange 2
2026-05-18 03:50:59 CartMoveState: EXCH_1_WAIT (14) -> EXCH_1_CART (15)
2026-05-18 03:51:02 CartMoveState: EXCH_1_CART (15) -> EXCH_2_MOVE (16)
2026-05-18 03:51:03 CartMoveState: EXCH_2_MOVE (16) -> EXCH_2_CART (17)
2026-05-18 03:51:05 CartMoveState: EXCH_2_CART (17) -> STORE_DECIDE (18)
2026-05-18 03:51:05 Used volume for last job: 0
2026-05-18 03:51:05 Handler State: EXCHANGE_TWO (9) -> WAIT_FOR_DCU (10)
2026-05-18 03:51:06 Handler State: WAIT_FOR_DCU (10) -> EXCHANGE_THREE (11)
2026-05-18 03:51:06 CartMove: Exchange 3
2026-05-18 03:51:06 CartMoveState: STORE_DECIDE (18) -> AUX_DECIDE (5)
2026-05-18 03:51:06 CartMoveState: AUX_DECIDE (5) -> TO_MOVE (10)
2026-05-18 03:51:07 CartMoveState: TO_MOVE (10) -> TO_CART (11)
2026-05-18 03:51:09 CartMoveState: TO_CART (11) -> HOME_MOVE (12)
2026-05-18 03:51:09 CartMoveState: HOME_MOVE (12) -> HALT (13)
2026-05-18 03:51:09 CartMoveState: HALT (13) -> IDLE (1)
2026-05-18 03:51:09 Handler State: EXCHANGE_THREE (11) -> POST_PROCESS (12)
2026-05-18 03:51:09 Handler State: POST_PROCESS (12) -> MOVE_ARM_HOME (14)
2026-05-18 03:51:12 Handler State: MOVE_ARM_HOME (14) -> HANDLER_IDLE (1)
2026-05-18 03:51:24 Handler State: HANDLER_IDLE (1) -> HANDLER_START (2)
2026-05-18 03:51:25 Handler State: HANDLER_START (2) -> DECIDE_CART (3)
2026-05-18 03:51:25 Selection: IFS has correct material and its cartridge has correct material.
2026-05-18 03:51:25 Selected Primary Cartridge: 4
2026-05-18 03:51:25 Selected Primary Station: 102
2026-05-18 03:51:25 Selected Secondary Cartridge: 0
2026-05-18 03:51:25 Selected Secondary Station: 0
2026-05-18 03:51:25 Selected Filling Volume: 650
2026-05-18 03:51:25 Handler State: DECIDE_CART (3) -> CHECK_SEC_CART (26)
2026-05-18 03:51:25 Handler State: CHECK_SEC_CART (26) -> PROBE_CART (24)
2026-05-18 03:51:25 CartMove: Exchange 1, from 102
2026-05-18 03:51:25 CartMoveState: IDLE (1) -> FROM_MOVE (3)
2026-05-18 03:51:26 CartMoveState: FROM_MOVE (3) -> FROM_PROBE (19)
2026-05-18 03:51:28 Handler State: PROBE_CART (24) -> PROCESS_CART (6)
2026-05-18 03:53:21 Setting CBS color valve (FillGate): 1
2026-05-18 03:53:21 Primed volume (FillGate): 1.56434
2026-05-18 03:53:21 Re-Calculated Filling Volume: 650
2026-05-18 03:53:21 Setting CBS color valve (FillCart): 1
2026-05-18 03:53:44 Handler State: PROCESS_CART (6) -> EXCHANGE_ONE (7)
2026-05-18 03:53:44 CartMove: Exchange 1, from 102
2026-05-18 03:53:44 CartMoveState: FROM_PROBE (19) -> FROM_CART (4)
2026-05-18 03:53:51 Setting CBS color valve (Finished): 0
2026-05-18 03:53:53 CartMoveState: FROM_CART (4) -> TO_MOVE (10)
2026-05-18 03:53:53 CartMoveState: TO_MOVE (10) -> EXCH_1_WAIT (14)
2026-05-18 03:53:53 Handler State: EXCHANGE_ONE (7) -> START_DCU (8)
2026-05-18 03:53:54 Handler State: START_DCU (8) -> EXCHANGE_TWO (9)
2026-05-18 03:53:54 CartMove: Exchange 2
2026-05-18 03:53:54 CartMoveState: EXCH_1_WAIT (14) -> EXCH_1_CART (15)
2026-05-18 03:53:57 CartMoveState: EXCH_1_CART (15) -> EXCH_2_MOVE (16)
2026-05-18 03:53:58 CartMoveState: EXCH_2_MOVE (16) -> EXCH_2_CART (17)
2026-05-18 03:54:00 CartMoveState: EXCH_2_CART (17) -> STORE_DECIDE (18)
2026-05-18 03:54:00 Used volume for last job: 0
2026-05-18 03:54:00 Handler State: EXCHANGE_TWO (9) -> WAIT_FOR_DCU (10)
2026-05-18 03:54:01 Handler State: WAIT_FOR_DCU (10) -> EXCHANGE_THREE (11)
2026-05-18 03:54:02 CartMove: Exchange 3
2026-05-18 03:54:02 CartMoveState: STORE_DECIDE (18) -> AUX_DECIDE (5)
2026-05-18 03:54:02 CartMoveState: AUX_DECIDE (5) -> TO_MOVE (10)
2026-05-18 03:54:02 CartMoveState: TO_MOVE (10) -> TO_CART (11)
2026-05-18 03:54:04 CartMoveState: TO_CART (11) -> HOME_MOVE (12)
2026-05-18 03:54:04 CartMoveState: HOME_MOVE (12) -> HALT (13)
2026-05-18 03:54:04 CartMoveState: HALT (13) -> IDLE (1)
2026-05-18 03:54:04 Handler State: EXCHANGE_THREE (11) -> POST_PROCESS (12)
2026-05-18 03:54:04 Handler State: POST_PROCESS (12) -> MOVE_ARM_HOME (14)
2026-05-18 03:54:07 Handler State: MOVE_ARM_HOME (14) -> HANDLER_IDLE (1)
2026-05-18 04:07:49 Handler State: HANDLER_IDLE (1) -> HANDLER_START (2)
2026-05-18 04:07:50 Handler State: HANDLER_START (2) -> EXCHANGE_ONE (7)
2026-05-18 04:07:50 CartMove: Exchange 1, from 0
2026-05-18 04:07:50 CartMoveState: IDLE (1) -> TO_MOVE (10)
2026-05-18 04:07:51 CartMoveState: TO_MOVE (10) -> EXCH_1_WAIT (14)
2026-05-18 04:07:51 Handler State: EXCHANGE_ONE (7) -> START_DCU (8)
2026-05-18 04:07:51 Handler State: START_DCU (8) -> EXCHANGE_TWO (9)
2026-05-18 04:07:51 CartMove: Exchange 2
2026-05-18 04:08:00 CartMoveState: EXCH_1_WAIT (14) -> EXCH_1_CART (15)
2026-05-18 04:08:02 CartMoveState: EXCH_1_CART (15) -> STORE_DECIDE (18)
2026-05-18 04:08:02 Used volume for last job: 18.9855
2026-05-18 04:08:02 Handler State: EXCHANGE_TWO (9) -> WAIT_FOR_DCU (10)
2026-05-18 04:08:04 Handler State: WAIT_FOR_DCU (10) -> EXCHANGE_THREE (11)
2026-05-18 04:08:04 CartMove: Exchange 3
2026-05-18 04:08:04 CartMoveState: STORE_DECIDE (18) -> AUX_DECIDE (5)
2026-05-18 04:08:04 CartMoveState: AUX_DECIDE (5) -> TO_MOVE (10)
2026-05-18 04:08:05 CartMoveState: TO_MOVE (10) -> TO_CART (11)
2026-05-18 04:08:07 CartMoveState: TO_CART (11) -> HOME_MOVE (12)
2026-05-18 04:08:09 CartMoveState: HOME_MOVE (12) -> HALT (13)
2026-05-18 04:08:09 CartMoveState: HALT (13) -> IDLE (1)
2026-05-18 04:08:09 Handler State: EXCHANGE_THREE (11) -> POST_PROCESS (12)
2026-05-18 04:08:09 Handler State: POST_PROCESS (12) -> MOVE_ARM_HOME (14)
2026-05-18 04:08:09 Handler State: MOVE_ARM_HOME (14) -> HANDLER_IDLE (1)
2026-05-18 04:08:13 Handler State: HANDLER_IDLE (1) -> SEMI_START (15)
2026-05-18 04:08:13 Handler State: SEMI_START (15) -> SEMI_PROBE_CART (25)
2026-05-18 04:08:16 Handler State: SEMI_PROBE_CART (25) -> SEMI_PROCESS (16)
2026-05-18 04:09:34 Re-Calculated Filling Volume: 0
2026-05-18 04:09:41 Setting CBS color valve (Finished): 0
2026-05-18 04:09:41 Handler State: SEMI_PROCESS (16) -> SEMI_WHAT_NEXT (21)
2026-05-18 04:09:41 Handler State: SEMI_WHAT_NEXT (21) -> SEMI_START (15)
2026-05-18 04:09:41 Handler State: SEMI_START (15) -> SEMI_TO_STORE (17)
2026-05-18 04:09:41 CartMove: Move, from 103 to 108
2026-05-18 04:09:41 CartMoveState: IDLE (1) -> FROM_MOVE (3)
2026-05-18 04:09:41 CartMoveState: FROM_MOVE (3) -> FROM_CART (4)
2026-05-18 04:09:44 CartMoveState: FROM_CART (4) -> AUX_DECIDE (5)
2026-05-18 04:09:44 CartMoveState: AUX_DECIDE (5) -> TO_MOVE (10)
2026-05-18 04:09:46 CartMoveState: TO_MOVE (10) -> TO_CART (11)
2026-05-18 04:09:48 CartMoveState: TO_CART (11) -> HOME_MOVE (12)
2026-05-18 04:09:50 CartMoveState: HOME_MOVE (12) -> HALT (13)
2026-05-18 04:09:50 CartMoveState: HALT (13) -> IDLE (1)
2026-05-18 04:09:50 Handler State: SEMI_TO_STORE (17) -> SEMI_TO_IFS (18)
2026-05-18 04:09:50 CartMove: Move, from 106 to 103
2026-05-18 04:09:50 CartMoveState: IDLE (1) -> FROM_MOVE (3)
2026-05-18 04:09:51 CartMoveState: FROM_MOVE (3) -> FROM_CART (4)
2026-05-18 04:09:54 CartMoveState: FROM_CART (4) -> AUX_DECIDE (5)
2026-05-18 04:09:54 CartMoveState: AUX_DECIDE (5) -> TO_MOVE (10)
2026-05-18 04:09:55 CartMoveState: TO_MOVE (10) -> TO_CART (11)
2026-05-18 04:09:57 CartMoveState: TO_CART (11) -> HOME_MOVE (12)
2026-05-18 04:09:57 CartMoveState: HOME_MOVE (12) -> HALT (13)
2026-05-18 04:09:57 CartMoveState: HALT (13) -> IDLE (1)
2026-05-18 04:09:57 Handler State: SEMI_TO_IFS (18) -> SEMI_PROBE_CART (25)
2026-05-18 04:10:00 Handler State: SEMI_PROBE_CART (25) -> SEMI_PROCESS (16)
2026-05-18 04:10:24 Re-Calculated Filling Volume: 0
2026-05-18 04:10:30 Setting CBS color valve (Finished): 0
2026-05-18 04:10:30 Handler State: SEMI_PROCESS (16) -> SEMI_FROM_IFS (20)
2026-05-18 04:10:30 CartMove: Move, from 103 to 106
2026-05-18 04:10:30 CartMoveState: IDLE (1) -> FROM_MOVE (3)
2026-05-18 04:10:30 CartMoveState: FROM_MOVE (3) -> FROM_CART (4)
2026-05-18 04:10:33 CartMoveState: FROM_CART (4) -> AUX_DECIDE (5)
2026-05-18 04:10:33 CartMoveState: AUX_DECIDE (5) -> TO_MOVE (10)
2026-05-18 04:10:34 CartMoveState: TO_MOVE (10) -> TO_CART (11)
2026-05-18 04:10:37 CartMoveState: TO_CART (11) -> HOME_MOVE (12)
2026-05-18 04:10:38 CartMoveState: HOME_MOVE (12) -> HALT (13)
2026-05-18 04:10:38 CartMoveState: HALT (13) -> IDLE (1)
2026-05-18 04:10:38 Handler State: SEMI_FROM_IFS (20) -> SEMI_FROM_STORE (19)
2026-05-18 04:10:38 CartMove: Move, from 108 to 103
2026-05-18 04:10:38 CartMoveState: IDLE (1) -> FROM_MOVE (3)
2026-05-18 04:10:39 CartMoveState: FROM_MOVE (3) -> FROM_CART (4)
2026-05-18 04:10:42 CartMoveState: FROM_CART (4) -> AUX_DECIDE (5)
2026-05-18 04:10:42 CartMoveState: AUX_DECIDE (5) -> TO_MOVE (10)
2026-05-18 04:10:44 CartMoveState: TO_MOVE (10) -> TO_CART (11)
2026-05-18 04:10:46 CartMoveState: TO_CART (11) -> HOME_MOVE (12)
2026-05-18 04:10:46 CartMoveState: HOME_MOVE (12) -> HALT (13)
2026-05-18 04:10:46 CartMoveState: HALT (13) -> IDLE (1)
2026-05-18 04:10:46 Handler State: SEMI_FROM_STORE (19) -> SEMI_WHAT_NEXT (21)
2026-05-18 04:10:46 Handler State: SEMI_WHAT_NEXT (21) -> SEMI_START (15)
2026-05-18 04:10:46 Handler State: SEMI_START (15) -> SEMI_TO_STORE (17)
2026-05-18 04:10:46 CartMove: Move, from 104 to 108
2026-05-18 04:10:46 CartMoveState: IDLE (1) -> FROM_MOVE (3)
2026-05-18 04:10:47 CartMoveState: FROM_MOVE (3) -> FROM_CART (4)
2026-05-18 04:10:50 CartMoveState: FROM_CART (4) -> AUX_DECIDE (5)
2026-05-18 04:10:50 CartMoveState: AUX_DECIDE (5) -> TO_MOVE (10)
2026-05-18 04:10:51 CartMoveState: TO_MOVE (10) -> TO_CART (11)
2026-05-18 04:10:53 CartMoveState: TO_CART (11) -> HOME_MOVE (12)
2026-05-18 04:10:55 CartMoveState: HOME_MOVE (12) -> HALT (13)
2026-05-18 04:10:55 CartMoveState: HALT (13) -> IDLE (1)
2026-05-18 04:10:55 Handler State: SEMI_TO_STORE (17) -> SEMI_TO_IFS (18)
2026-05-18 04:10:55 CartMove: Move, from 107 to 104
2026-05-18 04:10:55 CartMoveState: IDLE (1) -> FROM_MOVE (3)
2026-05-18 04:10:56 CartMoveState: FROM_MOVE (3) -> FROM_CART (4)
2026-05-18 04:10:59 CartMoveState: FROM_CART (4) -> AUX_DECIDE (5)
2026-05-18 04:10:59 CartMoveState: AUX_DECIDE (5) -> TO_MOVE (10)
2026-05-18 04:11:00 CartMoveState: TO_MOVE (10) -> TO_CART (11)
2026-05-18 04:11:03 CartMoveState: TO_CART (11) -> HOME_MOVE (12)
2026-05-18 04:11:03 CartMoveState: HOME_MOVE (12) -> HALT (13)
2026-05-18 04:11:03 CartMoveState: HALT (13) -> IDLE (1)
2026-05-18 04:11:03 Handler State: SEMI_TO_IFS (18) -> SEMI_PROBE_CART (25)
2026-05-18 04:11:07 Handler State: SEMI_PROBE_CART (25) -> SEMI_PROCESS (16)
2026-05-18 04:11:30 Re-Calculated Filling Volume: 0
2026-05-18 04:11:36 Setting CBS color valve (Finished): 0
2026-05-18 04:11:36 Handler State: SEMI_PROCESS (16) -> SEMI_FROM_IFS (20)
2026-05-18 04:11:36 CartMove: Move, from 104 to 107
2026-05-18 04:11:36 CartMoveState: IDLE (1) -> FROM_MOVE (3)
2026-05-18 04:11:36 CartMoveState: FROM_MOVE (3) -> FROM_CART (4)
2026-05-18 04:11:39 CartMoveState: FROM_CART (4) -> AUX_DECIDE (5)
2026-05-18 04:11:39 CartMoveState: AUX_DECIDE (5) -> TO_MOVE (10)
2026-05-18 04:11:40 CartMoveState: TO_MOVE (10) -> TO_CART (11)
2026-05-18 04:11:42 CartMoveState: TO_CART (11) -> HOME_MOVE (12)
2026-05-18 04:11:44 CartMoveState: HOME_MOVE (12) -> HALT (13)
2026-05-18 04:11:44 CartMoveState: HALT (13) -> IDLE (1)
2026-05-18 04:11:44 Handler State: SEMI_FROM_IFS (20) -> SEMI_FROM_STORE (19)
2026-05-18 04:11:44 CartMove: Move, from 108 to 104
2026-05-18 04:11:44 CartMoveState: IDLE (1) -> FROM_MOVE (3)
2026-05-18 04:11:45 CartMoveState: FROM_MOVE (3) -> FROM_CART (4)
2026-05-18 04:11:48 CartMoveState: FROM_CART (4) -> AUX_DECIDE (5)
2026-05-18 04:11:48 CartMoveState: AUX_DECIDE (5) -> TO_MOVE (10)
2026-05-18 04:11:50 CartMoveState: TO_MOVE (10) -> TO_CART (11)
2026-05-18 04:11:52 CartMoveState: TO_CART (11) -> HOME_MOVE (12)
2026-05-18 04:11:53 CartMoveState: HOME_MOVE (12) -> HALT (13)
2026-05-18 04:11:53 CartMoveState: HALT (13) -> IDLE (1)
2026-05-18 04:11:53 Handler State: SEMI_FROM_STORE (19) -> SEMI_WHAT_NEXT (21)
2026-05-18 04:11:53 Handler State: SEMI_WHAT_NEXT (21) -> SEMI_START (15)
2026-05-18 04:11:53 Handler State: SEMI_START (15) -> SEMI_TO_STORE (17)
2026-05-18 04:11:53 CartMove: Move, from 102 to 108
2026-05-18 04:11:53 CartMoveState: IDLE (1) -> FROM_MOVE (3)
2026-05-18 04:11:53 CartMoveState: FROM_MOVE (3) -> FROM_CART (4)
2026-05-18 04:11:56 CartMoveState: FROM_CART (4) -> AUX_DECIDE (5)
2026-05-18 04:11:56 CartMoveState: AUX_DECIDE (5) -> TO_MOVE (10)
2026-05-18 04:11:58 CartMoveState: TO_MOVE (10) -> TO_CART (11)
2026-05-18 04:12:00 CartMoveState: TO_CART (11) -> HOME_MOVE (12)
2026-05-18 04:12:01 CartMoveState: HOME_MOVE (12) -> HALT (13)
2026-05-18 04:12:01 CartMoveState: HALT (13) -> IDLE (1)
2026-05-18 04:12:01 Handler State: SEMI_TO_STORE (17) -> SEMI_TO_IFS (18)
2026-05-18 04:12:01 CartMove: Move, from 105 to 102
2026-05-18 04:12:01 CartMoveState: IDLE (1) -> FROM_MOVE (3)
2026-05-18 04:12:02 CartMoveState: FROM_MOVE (3) -> FROM_CART (4)
2026-05-18 04:12:05 CartMoveState: FROM_CART (4) -> AUX_DECIDE (5)
2026-05-18 04:12:05 CartMoveState: AUX_DECIDE (5) -> TO_MOVE (10)
2026-05-18 04:12:07 CartMoveState: TO_MOVE (10) -> TO_CART (11)
2026-05-18 04:12:09 CartMoveState: TO_CART (11) -> HOME_MOVE (12)
2026-05-18 04:12:09 CartMoveState: HOME_MOVE (12) -> HALT (13)
2026-05-18 04:12:09 CartMoveState: HALT (13) -> IDLE (1)
2026-05-18 04:12:09 Handler State: SEMI_TO_IFS (18) -> SEMI_PROBE_CART (25)
2026-05-18 04:12:13 Handler State: SEMI_PROBE_CART (25) -> SEMI_PROCESS (16)
2026-05-18 04:14:06 Re-Calculated Filling Volume: 0
2026-05-18 04:14:13 Setting CBS color valve (Finished): 0
2026-05-18 04:14:13 Handler State: SEMI_PROCESS (16) -> SEMI_FROM_IFS (20)
2026-05-18 04:14:13 CartMove: Move, from 102 to 105
2026-05-18 04:14:13 CartMoveState: IDLE (1) -> FROM_MOVE (3)
2026-05-18 04:14:13 CartMoveState: FROM_MOVE (3) -> FROM_CART (4)
2026-05-18 04:14:16 CartMoveState: FROM_CART (4) -> AUX_DECIDE (5)
2026-05-18 04:14:16 CartMoveState: AUX_DECIDE (5) -> TO_MOVE (10)
2026-05-18 04:14:18 CartMoveState: TO_MOVE (10) -> TO_CART (11)
2026-05-18 04:14:20 CartMoveState: TO_CART (11) -> HOME_MOVE (12)
2026-05-18 04:14:21 CartMoveState: HOME_MOVE (12) -> HALT (13)
2026-05-18 04:14:21 CartMoveState: HALT (13) -> IDLE (1)
2026-05-18 04:14:21 Handler State: SEMI_FROM_IFS (20) -> SEMI_FROM_STORE (19)
2026-05-18 04:14:21 CartMove: Move, from 108 to 102
2026-05-18 04:14:21 CartMoveState: IDLE (1) -> FROM_MOVE (3)
2026-05-18 04:14:22 CartMoveState: FROM_MOVE (3) -> FROM_CART (4)
2026-05-18 04:14:25 CartMoveState: FROM_CART (4) -> AUX_DECIDE (5)
2026-05-18 04:14:25 CartMoveState: AUX_DECIDE (5) -> TO_MOVE (10)
2026-05-18 04:14:27 CartMoveState: TO_MOVE (10) -> TO_CART (11)
2026-05-18 04:14:29 CartMoveState: TO_CART (11) -> HOME_MOVE (12)
2026-05-18 04:14:30 CartMoveState: HOME_MOVE (12) -> HALT (13)
2026-05-18 04:14:30 CartMoveState: HALT (13) -> IDLE (1)
2026-05-18 04:14:30 Handler State: SEMI_FROM_STORE (19) -> SEMI_WHAT_NEXT (21)
2026-05-18 04:14:30 Handler State: SEMI_WHAT_NEXT (21) -> SEMI_START (15)
2026-05-18 04:14:30 Handler State: SEMI_START (15) -> SEMI_PROBE_CART (25)
2026-05-18 04:14:32 Handler State: SEMI_PROBE_CART (25) -> SEMI_PROCESS (16)
2026-05-18 04:14:56 Re-Calculated Filling Volume: 0
2026-05-18 04:15:01 Setting CBS color valve (Finished): 0
2026-05-18 04:15:01 Handler State: SEMI_PROCESS (16) -> SEMI_WHAT_NEXT (21)
2026-05-18 04:15:02 Handler State: SEMI_WHAT_NEXT (21) -> SEMI_START (15)
2026-05-18 04:15:02 Handler State: SEMI_START (15) -> SEMI_PROBE_CART (25)
2026-05-18 04:15:05 Handler State: SEMI_PROBE_CART (25) -> SEMI_PROCESS (16)
2026-05-18 04:15:28 Re-Calculated Filling Volume: 0
2026-05-18 04:15:34 Setting CBS color valve (Finished): 0
2026-05-18 04:15:34 Handler State: SEMI_PROCESS (16) -> SEMI_WHAT_NEXT (21)
2026-05-18 04:15:34 Handler State: SEMI_WHAT_NEXT (21) -> SEMI_FINISHED (23)
2026-05-18 04:15:35 Handler State: SEMI_FINISHED (23) -> HANDLER_IDLE (1)
2026-05-18 06:12:42 Handler State: HANDLER_IDLE (1) -> HANDLER_START (2)
2026-05-18 06:12:43 Handler State: HANDLER_START (2) -> DECIDE_CART (3)
2026-05-18 06:12:43 Selection: IFS is clean and its cartridge is cleaned.
2026-05-18 06:12:43 Selected Primary Cartridge: 1
2026-05-18 06:12:43 Selected Primary Station: 102
2026-05-18 06:12:43 Selected Secondary Cartridge: 0
2026-05-18 06:12:43 Selected Secondary Station: 0
2026-05-18 06:12:43 Selected Filling Volume: 230
2026-05-18 06:12:43 Handler State: DECIDE_CART (3) -> CHECK_SEC_CART (26)
2026-05-18 06:12:43 Handler State: CHECK_SEC_CART (26) -> PROBE_CART (24)
2026-05-18 06:12:43 CartMove: Exchange 1, from 102
2026-05-18 06:12:43 CartMoveState: IDLE (1) -> FROM_MOVE (3)
2026-05-18 06:12:44 CartMoveState: FROM_MOVE (3) -> FROM_PROBE (19)
2026-05-18 06:12:45 Handler State: PROBE_CART (24) -> PROCESS_CART (6)
2026-05-18 06:12:46 Setting CBS color valve (FillIFS): 1
2026-05-18 06:12:47 Primed volume (FillIFS): 1.42419
2026-05-18 06:12:47 Re-Calculated Filling Volume: 230
2026-05-18 06:12:47 Setting CBS color valve (FillCart): 1
2026-05-18 06:13:02 Handler State: PROCESS_CART (6) -> EXCHANGE_ONE (7)
2026-05-18 06:13:02 CartMove: Exchange 1, from 102
2026-05-18 06:13:02 CartMoveState: FROM_PROBE (19) -> FROM_CART (4)
2026-05-18 06:13:08 Setting CBS color valve (Finished): 0
2026-05-18 06:13:10 CartMoveState: FROM_CART (4) -> TO_MOVE (10)
2026-05-18 06:13:11 CartMoveState: TO_MOVE (10) -> EXCH_1_WAIT (14)
2026-05-18 06:13:11 Handler State: EXCHANGE_ONE (7) -> START_DCU (8)
2026-05-18 06:13:11 Handler State: START_DCU (8) -> EXCHANGE_TWO (9)
2026-05-18 06:13:11 CartMove: Exchange 2
2026-05-18 06:13:11 CartMoveState: EXCH_1_WAIT (14) -> EXCH_1_CART (15)
2026-05-18 06:13:14 CartMoveState: EXCH_1_CART (15) -> EXCH_2_MOVE (16)
2026-05-18 06:13:14 CartMoveState: EXCH_2_MOVE (16) -> EXCH_2_CART (17)
2026-05-18 06:13:16 CartMoveState: EXCH_2_CART (17) -> HOME_MOVE (12)
2026-05-18 06:13:16 Handler State: EXCHANGE_TWO (9) -> WAIT_FOR_DCU (10)
2026-05-18 06:13:18 Handler State: WAIT_FOR_DCU (10) -> EXCHANGE_THREE (11)
2026-05-18 06:13:18 CartMove: Exchange 3
2026-05-18 06:13:18 CartMoveState: HOME_MOVE (12) -> HALT (13)
2026-05-18 06:13:18 CartMoveState: HALT (13) -> IDLE (1)
2026-05-18 06:13:18 Handler State: EXCHANGE_THREE (11) -> POST_PROCESS (12)
2026-05-18 06:13:18 Handler State: POST_PROCESS (12) -> MOVE_ARM_HOME (14)
2026-05-18 06:13:18 Handler State: MOVE_ARM_HOME (14) -> HANDLER_IDLE (1)
2026-05-18 06:17:50 Handler State: HANDLER_IDLE (1) -> HANDLER_START (2)
2026-05-18 06:17:51 Handler State: HANDLER_START (2) -> DECIDE_CART (3)
2026-05-18 06:17:51 Selection: IFS has correct material.
2026-05-18 06:17:51 Selection: Cartridge is clean.
2026-05-18 06:17:51 Selected Primary Cartridge: 4
2026-05-18 06:17:51 Selected Primary Station: 102
2026-05-18 06:17:51 Selected Secondary Cartridge: 0
2026-05-18 06:17:51 Selected Secondary Station: 0
2026-05-18 06:17:51 Selected Filling Volume: 194
2026-05-18 06:17:51 Handler State: DECIDE_CART (3) -> PLACE_CART (5)
2026-05-18 06:17:51 CartMove: Move, from 105 to 102
2026-05-18 06:17:51 CartMoveState: IDLE (1) -> FROM_MOVE (3)
2026-05-18 06:17:52 CartMoveState: FROM_MOVE (3) -> FROM_CART (4)
2026-05-18 06:17:55 CartMoveState: FROM_CART (4) -> AUX_DECIDE (5)
2026-05-18 06:17:55 CartMoveState: AUX_DECIDE (5) -> TO_MOVE (10)
2026-05-18 06:17:56 CartMoveState: TO_MOVE (10) -> TO_CART (11)
2026-05-18 06:17:59 CartMoveState: TO_CART (11) -> HOME_MOVE (12)
2026-05-18 06:17:59 CartMoveState: HOME_MOVE (12) -> HALT (13)
2026-05-18 06:17:59 CartMoveState: HALT (13) -> IDLE (1)
2026-05-18 06:17:59 Handler State: PLACE_CART (5) -> CHECK_SEC_CART (26)
2026-05-18 06:17:59 Handler State: CHECK_SEC_CART (26) -> PROBE_CART (24)
2026-05-18 06:17:59 CartMove: Exchange 1, from 102
2026-05-18 06:17:59 CartMoveState: IDLE (1) -> FROM_MOVE (3)
2026-05-18 06:18:00 CartMoveState: FROM_MOVE (3) -> FROM_PROBE (19)
2026-05-18 06:18:02 Handler State: PROBE_CART (24) -> PROCESS_CART (6)
2026-05-18 06:18:02 Setting CBS color valve (FillGate): 1
2026-05-18 06:18:03 Primed volume (FillGate): 0.981595
2026-05-18 06:18:03 Re-Calculated Filling Volume: 194
2026-05-18 06:18:03 Setting CBS color valve (FillCart): 1
2026-05-18 06:18:12 Handler State: PROCESS_CART (6) -> EXCHANGE_ONE (7)
2026-05-18 06:18:12 CartMove: Exchange 1, from 102
2026-05-18 06:18:12 CartMoveState: FROM_PROBE (19) -> FROM_CART (4)
2026-05-18 06:18:19 Setting CBS color valve (Finished): 0
2026-05-18 06:18:21 CartMoveState: FROM_CART (4) -> TO_MOVE (10)
2026-05-18 06:18:22 CartMoveState: TO_MOVE (10) -> EXCH_1_WAIT (14)
2026-05-18 06:18:22 Handler State: EXCHANGE_ONE (7) -> START_DCU (8)
2026-05-18 06:19:39 Handler State: START_DCU (8) -> EXCHANGE_TWO (9)
2026-05-18 06:19:39 CartMove: Exchange 2
2026-05-18 06:19:40 CartMoveState: EXCH_1_WAIT (14) -> EXCH_1_CART (15)
2026-05-18 06:19:43 CartMoveState: EXCH_1_CART (15) -> EXCH_2_MOVE (16)
2026-05-18 06:19:44 CartMoveState: EXCH_2_MOVE (16) -> EXCH_2_CART (17)
2026-05-18 06:19:46 CartMoveState: EXCH_2_CART (17) -> STORE_DECIDE (18)
2026-05-18 06:19:46 Used volume for last job: 0
2026-05-18 06:19:46 Handler State: EXCHANGE_TWO (9) -> WAIT_FOR_DCU (10)
2026-05-18 06:19:48 Handler State: WAIT_FOR_DCU (10) -> EXCHANGE_THREE (11)
2026-05-18 06:19:48 CartMove: Exchange 3
2026-05-18 06:19:48 CartMoveState: STORE_DECIDE (18) -> AUX_DECIDE (5)
2026-05-18 06:19:48 CartMoveState: AUX_DECIDE (5) -> TO_MOVE (10)
2026-05-18 06:19:48 CartMoveState: TO_MOVE (10) -> TO_CART (11)
2026-05-18 06:19:50 CartMoveState: TO_CART (11) -> HOME_MOVE (12)
2026-05-18 06:19:50 CartMoveState: HOME_MOVE (12) -> HALT (13)
2026-05-18 06:19:50 CartMoveState: HALT (13) -> IDLE (1)
2026-05-18 06:19:50 Handler State: EXCHANGE_THREE (11) -> POST_PROCESS (12)
2026-05-18 06:19:50 Handler State: POST_PROCESS (12) -> MOVE_ARM_HOME (14)
2026-05-18 06:19:51 Handler State: MOVE_ARM_HOME (14) -> HANDLER_IDLE (1)
2026-05-18 06:21:24 Handler State: HANDLER_IDLE (1) -> SEMI_START (15)
2026-05-18 06:21:24 Handler State: SEMI_START (15) -> SEMI_PROBE_CART (25)
2026-05-18 06:21:28 Handler State: SEMI_PROBE_CART (25) -> SEMI_PROCESS (16)
2026-05-18 06:22:04 Re-Calculated Filling Volume: 0
2026-05-18 06:22:11 Setting CBS color valve (Finished): 0
2026-05-18 06:22:11 Handler State: SEMI_PROCESS (16) -> SEMI_WHAT_NEXT (21)
2026-05-18 06:22:11 Handler State: SEMI_WHAT_NEXT (21) -> SEMI_FINISHED (23)
2026-05-18 06:22:12 Handler State: SEMI_FINISHED (23) -> HANDLER_IDLE (1)
2026-05-18 06:23:13 Handler State: HANDLER_IDLE (1) -> HANDLER_START (2)
2026-05-18 06:23:14 Handler State: HANDLER_START (2) -> DECIDE_CART (3)
2026-05-18 06:23:14 Selection: IFS is clean and its cartridge is cleaned.
2026-05-18 06:23:14 Selected Primary Cartridge: 1
2026-05-18 06:23:14 Selected Primary Station: 102
2026-05-18 06:23:14 Selected Secondary Cartridge: 0
2026-05-18 06:23:14 Selected Secondary Station: 0
2026-05-18 06:23:14 Selected Filling Volume: 462
2026-05-18 06:23:14 Handler State: DECIDE_CART (3) -> CHECK_SEC_CART (26)
2026-05-18 06:23:14 Handler State: CHECK_SEC_CART (26) -> PROBE_CART (24)
2026-05-18 06:23:14 CartMove: Exchange 1, from 102
2026-05-18 06:23:14 CartMoveState: IDLE (1) -> FROM_MOVE (3)
2026-05-18 06:23:15 CartMoveState: FROM_MOVE (3) -> FROM_PROBE (19)
2026-05-18 06:23:16 Handler State: PROBE_CART (24) -> PROCESS_CART (6)
2026-05-18 06:23:16 Setting CBS color valve (FillIFS): 2
2026-05-18 06:23:18 Primed volume (FillIFS): 1.77054
2026-05-18 06:23:18 Re-Calculated Filling Volume: 462
2026-05-18 06:23:18 Setting CBS color valve (FillCart): 2
2026-05-18 06:23:43 Handler State: PROCESS_CART (6) -> EXCHANGE_ONE (7)
2026-05-18 06:23:43 CartMove: Exchange 1, from 102
2026-05-18 06:23:43 CartMoveState: FROM_PROBE (19) -> FROM_CART (4)
2026-05-18 06:23:50 Setting CBS color valve (Finished): 0
2026-05-18 06:23:51 CartMoveState: FROM_CART (4) -> TO_MOVE (10)
2026-05-18 06:23:52 CartMoveState: TO_MOVE (10) -> EXCH_1_WAIT (14)
2026-05-18 06:23:52 Handler State: EXCHANGE_ONE (7) -> START_DCU (8)
2026-05-18 06:23:52 Handler State: START_DCU (8) -> EXCHANGE_TWO (9)
2026-05-18 06:23:52 CartMove: Exchange 2
2026-05-18 06:23:52 CartMoveState: EXCH_1_WAIT (14) -> EXCH_1_CART (15)
2026-05-18 06:23:55 CartMoveState: EXCH_1_CART (15) -> EXCH_2_MOVE (16)
2026-05-18 06:23:56 CartMoveState: EXCH_2_MOVE (16) -> EXCH_2_CART (17)
2026-05-18 06:23:58 CartMoveState: EXCH_2_CART (17) -> STORE_DECIDE (18)
2026-05-18 06:23:58 Used volume for last job: 142.338
2026-05-18 06:23:58 Handler State: EXCHANGE_TWO (9) -> WAIT_FOR_DCU (10)
2026-05-18 06:24:00 Handler State: WAIT_FOR_DCU (10) -> EXCHANGE_THREE (11)
2026-05-18 06:24:00 CartMove: Exchange 3
2026-05-18 06:24:00 CartMoveState: STORE_DECIDE (18) -> AUX_DECIDE (5)
2026-05-18 06:24:00 CartMoveState: AUX_DECIDE (5) -> TO_MOVE (10)
2026-05-18 06:24:00 CartMoveState: TO_MOVE (10) -> TO_CART (11)
2026-05-18 06:24:03 CartMoveState: TO_CART (11) -> HOME_MOVE (12)
2026-05-18 06:24:03 CartMoveState: HOME_MOVE (12) -> HALT (13)
2026-05-18 06:24:03 CartMoveState: HALT (13) -> IDLE (1)
2026-05-18 06:24:03 Handler State: EXCHANGE_THREE (11) -> POST_PROCESS (12)
2026-05-18 06:24:03 Handler State: POST_PROCESS (12) -> MOVE_ARM_HOME (14)
2026-05-18 06:24:03 Handler State: MOVE_ARM_HOME (14) -> HANDLER_IDLE (1)
2026-05-18 06:26:38 Handler State: HANDLER_IDLE (1) -> HANDLER_START (2)
2026-05-18 06:26:39 Handler State: HANDLER_START (2) -> DECIDE_CART (3)
2026-05-18 06:26:39 Selection: IFS has correct material.
2026-05-18 06:26:39 Selection: Last resort, just pick the first cartridge.
2026-05-18 06:26:39 Selected Primary Cartridge: 4
2026-05-18 06:26:39 Selected Primary Station: 102
2026-05-18 06:26:39 Selected Secondary Cartridge: 0
2026-05-18 06:26:39 Selected Secondary Station: 0
2026-05-18 06:26:39 Selected Filling Volume: 470
2026-05-18 06:26:39 Handler State: DECIDE_CART (3) -> CHECK_SEC_CART (26)
2026-05-18 06:26:39 Handler State: CHECK_SEC_CART (26) -> PROBE_CART (24)
2026-05-18 06:26:39 CartMove: Exchange 1, from 102
2026-05-18 06:26:39 CartMoveState: IDLE (1) -> FROM_MOVE (3)
2026-05-18 06:26:39 CartMoveState: FROM_MOVE (3) -> FROM_PROBE (19)
2026-05-18 06:26:41 Handler State: PROBE_CART (24) -> PROCESS_CART (6)
2026-05-18 06:27:15 Setting CBS color valve (FillGate): 2
2026-05-18 06:27:16 Primed volume (FillGate): 2.30619
2026-05-18 06:27:16 Re-Calculated Filling Volume: 470
2026-05-18 06:27:16 Setting CBS color valve (FillCart): 2
2026-05-18 06:27:40 Handler State: PROCESS_CART (6) -> EXCHANGE_ONE (7)
2026-05-18 06:27:40 CartMove: Exchange 1, from 102
2026-05-18 06:27:40 CartMoveState: FROM_PROBE (19) -> FROM_CART (4)
2026-05-18 06:27:47 Setting CBS color valve (Finished): 0
2026-05-18 06:27:48 CartMoveState: FROM_CART (4) -> TO_MOVE (10)
2026-05-18 06:27:49 CartMoveState: TO_MOVE (10) -> EXCH_1_WAIT (14)
2026-05-18 06:27:49 Handler State: EXCHANGE_ONE (7) -> START_DCU (8)
2026-05-18 06:28:27 Handler State: START_DCU (8) -> EXCHANGE_TWO (9)
2026-05-18 06:28:27 CartMove: Exchange 2
2026-05-18 06:28:28 CartMoveState: EXCH_1_WAIT (14) -> EXCH_1_CART (15)
2026-05-18 06:28:31 CartMoveState: EXCH_1_CART (15) -> EXCH_2_MOVE (16)
2026-05-18 06:28:31 CartMoveState: EXCH_2_MOVE (16) -> EXCH_2_CART (17)
2026-05-18 06:28:33 CartMoveState: EXCH_2_CART (17) -> STORE_DECIDE (18)
2026-05-18 06:28:33 Used volume for last job: 0
2026-05-18 06:28:33 Handler State: EXCHANGE_TWO (9) -> WAIT_FOR_DCU (10)
2026-05-18 06:28:35 Handler State: WAIT_FOR_DCU (10) -> EXCHANGE_THREE (11)
2026-05-18 06:28:35 CartMove: Exchange 3
2026-05-18 06:28:35 CartMoveState: STORE_DECIDE (18) -> AUX_DECIDE (5)
2026-05-18 06:28:35 CartMoveState: AUX_DECIDE (5) -> TO_MOVE (10)
2026-05-18 06:28:35 CartMoveState: TO_MOVE (10) -> TO_CART (11)
2026-05-18 06:28:37 CartMoveState: TO_CART (11) -> HOME_MOVE (12)
2026-05-18 06:28:38 CartMoveState: HOME_MOVE (12) -> HALT (13)
2026-05-18 06:28:38 CartMoveState: HALT (13) -> IDLE (1)
2026-05-18 06:28:38 Handler State: EXCHANGE_THREE (11) -> POST_PROCESS (12)
2026-05-18 06:28:38 Handler State: POST_PROCESS (12) -> MOVE_ARM_HOME (14)
2026-05-18 06:28:38 Handler State: MOVE_ARM_HOME (14) -> HANDLER_IDLE (1)
2026-05-18 06:28:44 Handler State: HANDLER_IDLE (1) -> HANDLER_START (2)
2026-05-18 06:28:45 Handler State: HANDLER_START (2) -> DECIDE_CART (3)
2026-05-18 06:28:45 Selection: Last resort, just pick the first IFS.
2026-05-18 06:28:45 Selection: Last resort, just pick the first cartridge.
2026-05-18 06:28:45 Selected Primary Cartridge: 1
2026-05-18 06:28:45 Selected Primary Station: 102
2026-05-18 06:28:45 Selected Secondary Cartridge: 0
2026-05-18 06:28:45 Selected Secondary Station: 0
2026-05-18 06:28:45 Selected Filling Volume: 348
2026-05-18 06:28:45 Handler State: DECIDE_CART (3) -> CHECK_SEC_CART (26)
2026-05-18 06:28:46 Handler State: CHECK_SEC_CART (26) -> PROBE_CART (24)
2026-05-18 06:28:46 CartMove: Exchange 1, from 102
2026-05-18 06:28:46 CartMoveState: IDLE (1) -> FROM_MOVE (3)
2026-05-18 06:28:46 CartMoveState: FROM_MOVE (3) -> FROM_PROBE (19)
2026-05-18 06:28:48 Handler State: PROBE_CART (24) -> PROCESS_CART (6)
2026-05-18 06:29:24 Setting CBS color valve (FillIFS): 1
2026-05-18 06:29:26 Primed volume (FillIFS): 4.7899
2026-05-18 06:29:26 Re-Calculated Filling Volume: 348
2026-05-18 06:29:26 Setting CBS color valve (FillCart): 1
2026-05-18 06:29:44 Handler State: PROCESS_CART (6) -> EXCHANGE_ONE (7)
2026-05-18 06:29:44 CartMove: Exchange 1, from 102
2026-05-18 06:29:44 CartMoveState: FROM_PROBE (19) -> FROM_CART (4)
2026-05-18 06:29:50 Setting CBS color valve (Finished): 0
2026-05-18 06:29:52 CartMoveState: FROM_CART (4) -> TO_MOVE (10)
2026-05-18 06:29:53 CartMoveState: TO_MOVE (10) -> EXCH_1_WAIT (14)
2026-05-18 06:29:53 Handler State: EXCHANGE_ONE (7) -> START_DCU (8)
2026-05-18 06:30:08 Handler State: START_DCU (8) -> EXCHANGE_TWO (9)
2026-05-18 06:30:08 CartMove: Exchange 2
2026-05-18 06:30:19 CartMoveState: EXCH_1_WAIT (14) -> EXCH_1_CART (15)
2026-05-18 06:30:22 CartMoveState: EXCH_1_CART (15) -> EXCH_2_MOVE (16)
2026-05-18 06:30:23 CartMoveState: EXCH_2_MOVE (16) -> EXCH_2_CART (17)
2026-05-18 06:30:25 CartMoveState: EXCH_2_CART (17) -> STORE_DECIDE (18)
2026-05-18 06:30:25 Used volume for last job: 419.057
2026-05-18 06:30:25 Handler State: EXCHANGE_TWO (9) -> WAIT_FOR_DCU (10)
2026-05-18 06:30:26 Handler State: WAIT_FOR_DCU (10) -> EXCHANGE_THREE (11)
2026-05-18 06:30:26 CartMove: Exchange 3
2026-05-18 06:30:26 CartMoveState: STORE_DECIDE (18) -> AUX_DECIDE (5)
2026-05-18 06:30:26 CartMoveState: AUX_DECIDE (5) -> TO_MOVE (10)
2026-05-18 06:30:27 CartMoveState: TO_MOVE (10) -> TO_CART (11)
2026-05-18 06:30:29 CartMoveState: TO_CART (11) -> HOME_MOVE (12)
2026-05-18 06:30:29 CartMoveState: HOME_MOVE (12) -> HALT (13)
2026-05-18 06:30:29 CartMoveState: HALT (13) -> IDLE (1)
2026-05-18 06:30:29 Handler State: EXCHANGE_THREE (11) -> POST_PROCESS (12)
2026-05-18 06:30:29 Handler State: POST_PROCESS (12) -> MOVE_ARM_HOME (14)
2026-05-18 06:30:29 Handler State: MOVE_ARM_HOME (14) -> HANDLER_IDLE (1)
2026-05-18 06:31:55 Handler State: HANDLER_IDLE (1) -> HANDLER_START (2)
2026-05-18 06:31:56 Handler State: HANDLER_START (2) -> DECIDE_CART (3)
2026-05-18 06:31:56 Selection: IFS has correct material.
2026-05-18 06:31:56 Selection: Last resort, just pick the first cartridge.
2026-05-18 06:31:56 Selected Primary Cartridge: 4
2026-05-18 06:31:56 Selected Primary Station: 102
2026-05-18 06:31:56 Selected Secondary Cartridge: 0
2026-05-18 06:31:56 Selected Secondary Station: 0
2026-05-18 06:31:56 Selected Filling Volume: 306
2026-05-18 06:31:56 Handler State: DECIDE_CART (3) -> CHECK_SEC_CART (26)
2026-05-18 06:31:56 Handler State: CHECK_SEC_CART (26) -> PROBE_CART (24)
2026-05-18 06:31:56 CartMove: Exchange 1, from 102
2026-05-18 06:31:56 CartMoveState: IDLE (1) -> FROM_MOVE (3)
2026-05-18 06:31:57 CartMoveState: FROM_MOVE (3) -> FROM_PROBE (19)
2026-05-18 06:31:58 Handler State: PROBE_CART (24) -> PROCESS_CART (6)
2026-05-18 06:32:31 Setting CBS color valve (FillGate): 1
2026-05-18 06:32:32 Primed volume (FillGate): 1.34599
2026-05-18 06:32:32 Re-Calculated Filling Volume: 306
2026-05-18 06:32:32 Setting CBS color valve (FillCart): 1
2026-05-18 06:32:49 Handler State: PROCESS_CART (6) -> EXCHANGE_ONE (7)
2026-05-18 06:32:49 CartMove: Exchange 1, from 102
2026-05-18 06:32:49 CartMoveState: FROM_PROBE (19) -> FROM_CART (4)
2026-05-18 06:32:56 Setting CBS color valve (Finished): 0
2026-05-18 06:32:58 CartMoveState: FROM_CART (4) -> TO_MOVE (10)
2026-05-18 06:32:59 CartMoveState: TO_MOVE (10) -> EXCH_1_WAIT (14)
2026-05-18 06:32:59 Handler State: EXCHANGE_ONE (7) -> START_DCU (8)
2026-05-18 06:33:44 Handler State: START_DCU (8) -> EXCHANGE_TWO (9)
2026-05-18 06:33:44 CartMove: Exchange 2
2026-05-18 06:33:45 CartMoveState: EXCH_1_WAIT (14) -> EXCH_1_CART (15)
2026-05-18 06:33:48 CartMoveState: EXCH_1_CART (15) -> EXCH_2_MOVE (16)
2026-05-18 06:33:49 CartMoveState: EXCH_2_MOVE (16) -> EXCH_2_CART (17)
2026-05-18 06:33:51 CartMoveState: EXCH_2_CART (17) -> STORE_DECIDE (18)
2026-05-18 06:33:51 Used volume for last job: 0
2026-05-18 06:33:51 Handler State: EXCHANGE_TWO (9) -> WAIT_FOR_DCU (10)
2026-05-18 06:33:53 Handler State: WAIT_FOR_DCU (10) -> EXCHANGE_THREE (11)
2026-05-18 06:33:53 CartMove: Exchange 3
2026-05-18 06:33:53 CartMoveState: STORE_DECIDE (18) -> AUX_DECIDE (5)
2026-05-18 06:33:53 CartMoveState: AUX_DECIDE (5) -> TO_MOVE (10)
2026-05-18 06:33:53 CartMoveState: TO_MOVE (10) -> TO_CART (11)
2026-05-18 06:33:55 CartMoveState: TO_CART (11) -> HOME_MOVE (12)
2026-05-18 06:33:55 CartMoveState: HOME_MOVE (12) -> HALT (13)
2026-05-18 06:33:55 CartMoveState: HALT (13) -> IDLE (1)
2026-05-18 06:33:55 Handler State: EXCHANGE_THREE (11) -> POST_PROCESS (12)
2026-05-18 06:33:55 Handler State: POST_PROCESS (12) -> MOVE_ARM_HOME (14)
2026-05-18 06:33:55 Handler State: MOVE_ARM_HOME (14) -> HANDLER_IDLE (1)
2026-05-18 06:34:02 Handler State: HANDLER_IDLE (1) -> HANDLER_START (2)
2026-05-18 06:34:03 Handler State: HANDLER_START (2) -> DECIDE_CART (3)
2026-05-18 06:34:03 Selection: IFS is clean and its cartridge is cleaned.
2026-05-18 06:34:03 Selected Primary Cartridge: 6
2026-05-18 06:34:03 Selected Primary Station: 104
2026-05-18 06:34:03 Selected Secondary Cartridge: 0
2026-05-18 06:34:03 Selected Secondary Station: 0
2026-05-18 06:34:03 Selected Filling Volume: 436
2026-05-18 06:34:03 Handler State: DECIDE_CART (3) -> CHECK_SEC_CART (26)
2026-05-18 06:34:03 Handler State: CHECK_SEC_CART (26) -> PROBE_CART (24)
2026-05-18 06:34:03 CartMove: Exchange 1, from 104
2026-05-18 06:34:03 CartMoveState: IDLE (1) -> FROM_MOVE (3)
2026-05-18 06:34:04 CartMoveState: FROM_MOVE (3) -> FROM_PROBE (19)
2026-05-18 06:34:05 Handler State: PROBE_CART (24) -> PROCESS_CART (6)
2026-05-18 06:34:06 Setting CBS color valve (FillIFS): 1
2026-05-18 06:34:07 Primed volume (FillIFS): 0.487431
2026-05-18 06:34:07 Re-Calculated Filling Volume: 436
2026-05-18 06:34:07 Setting CBS color valve (FillCart): 1
2026-05-18 06:34:26 Handler State: PROCESS_CART (6) -> EXCHANGE_ONE (7)
2026-05-18 06:34:26 CartMove: Exchange 1, from 104
2026-05-18 06:34:26 CartMoveState: FROM_PROBE (19) -> FROM_CART (4)
2026-05-18 06:34:31 Setting CBS color valve (Finished): 0
2026-05-18 06:34:33 CartMoveState: FROM_CART (4) -> TO_MOVE (10)
2026-05-18 06:34:35 CartMoveState: TO_MOVE (10) -> EXCH_1_WAIT (14)
2026-05-18 06:34:35 Handler State: EXCHANGE_ONE (7) -> START_DCU (8)
2026-05-18 06:35:25 Handler State: START_DCU (8) -> EXCHANGE_TWO (9)
2026-05-18 06:35:25 CartMove: Exchange 2
2026-05-18 06:35:36 CartMoveState: EXCH_1_WAIT (14) -> EXCH_1_CART (15)
2026-05-18 06:35:39 CartMoveState: EXCH_1_CART (15) -> EXCH_2_MOVE (16)
2026-05-18 06:35:40 CartMoveState: EXCH_2_MOVE (16) -> EXCH_2_CART (17)
2026-05-18 06:35:42 CartMoveState: EXCH_2_CART (17) -> STORE_DECIDE (18)
2026-05-18 06:35:42 Used volume for last job: 253.736
2026-05-18 06:35:42 Handler State: EXCHANGE_TWO (9) -> WAIT_FOR_DCU (10)
2026-05-18 06:35:44 Handler State: WAIT_FOR_DCU (10) -> EXCHANGE_THREE (11)
2026-05-18 06:35:44 CartMove: Exchange 3
2026-05-18 06:35:44 CartMoveState: STORE_DECIDE (18) -> AUX_DECIDE (5)
2026-05-18 06:35:44 CartMoveState: AUX_DECIDE (5) -> TO_MOVE (10)
2026-05-18 06:35:45 CartMoveState: TO_MOVE (10) -> TO_CART (11)
2026-05-18 06:35:47 CartMoveState: TO_CART (11) -> HOME_MOVE (12)
2026-05-18 06:35:48 CartMoveState: HOME_MOVE (12) -> HALT (13)
2026-05-18 06:35:48 CartMoveState: HALT (13) -> IDLE (1)
2026-05-18 06:35:48 Handler State: EXCHANGE_THREE (11) -> POST_PROCESS (12)
2026-05-18 06:35:48 Handler State: POST_PROCESS (12) -> MOVE_ARM_HOME (14)
2026-05-18 06:35:49 Handler State: MOVE_ARM_HOME (14) -> HANDLER_IDLE (1)
2026-05-18 06:42:19 Handler State: HANDLER_IDLE (1) -> HANDLER_START (2)
2026-05-18 06:42:20 Handler State: HANDLER_START (2) -> DECIDE_CART (3)
2026-05-18 06:42:20 Selection: IFS has correct material.
2026-05-18 06:42:20 Selection: Cartridge is clean.
2026-05-18 06:42:20 Selected Primary Cartridge: 3
2026-05-18 06:42:20 Selected Primary Station: 104
2026-05-18 06:42:20 Selected Secondary Cartridge: 0
2026-05-18 06:42:20 Selected Secondary Station: 0
2026-05-18 06:42:20 Selected Filling Volume: 477
2026-05-18 06:42:20 Handler State: DECIDE_CART (3) -> PLACE_CART (5)
2026-05-18 06:42:20 CartMove: Move, from 107 to 104
2026-05-18 06:42:20 CartMoveState: IDLE (1) -> FROM_MOVE (3)
2026-05-18 06:42:22 CartMoveState: FROM_MOVE (3) -> FROM_CART (4)
2026-05-18 06:42:25 CartMoveState: FROM_CART (4) -> AUX_DECIDE (5)
2026-05-18 06:42:25 CartMoveState: AUX_DECIDE (5) -> TO_MOVE (10)
2026-05-18 06:42:26 CartMoveState: TO_MOVE (10) -> TO_CART (11)
2026-05-18 06:42:28 CartMoveState: TO_CART (11) -> HOME_MOVE (12)
2026-05-18 06:42:29 CartMoveState: HOME_MOVE (12) -> HALT (13)
2026-05-18 06:42:29 CartMoveState: HALT (13) -> IDLE (1)
2026-05-18 06:42:29 Handler State: PLACE_CART (5) -> CHECK_SEC_CART (26)
2026-05-18 06:42:29 Handler State: CHECK_SEC_CART (26) -> PROBE_CART (24)
2026-05-18 06:42:29 CartMove: Exchange 1, from 104
2026-05-18 06:42:29 CartMoveState: IDLE (1) -> FROM_MOVE (3)
2026-05-18 06:42:30 CartMoveState: FROM_MOVE (3) -> FROM_PROBE (19)
2026-05-18 06:42:31 Handler State: PROBE_CART (24) -> PROCESS_CART (6)
2026-05-18 06:42:32 Setting CBS color valve (FillGate): 1
2026-05-18 06:42:33 Primed volume (FillGate): 0.204994
2026-05-18 06:42:33 Re-Calculated Filling Volume: 477
2026-05-18 06:42:33 Setting CBS color valve (FillCart): 1
2026-05-18 06:42:55 Handler State: PROCESS_CART (6) -> EXCHANGE_ONE (7)
2026-05-18 06:42:55 CartMove: Exchange 1, from 104
2026-05-18 06:42:55 CartMoveState: FROM_PROBE (19) -> FROM_CART (4)
2026-05-18 06:43:01 Setting CBS color valve (Finished): 0
2026-05-18 06:43:02 CartMoveState: FROM_CART (4) -> TO_MOVE (10)
2026-05-18 06:43:04 CartMoveState: TO_MOVE (10) -> EXCH_1_WAIT (14)
2026-05-18 06:43:04 Handler State: EXCHANGE_ONE (7) -> START_DCU (8)
2026-05-18 06:44:14 Handler State: START_DCU (8) -> EXCHANGE_TWO (9)
2026-05-18 06:44:14 CartMove: Exchange 2
2026-05-18 06:44:15 CartMoveState: EXCH_1_WAIT (14) -> EXCH_1_CART (15)
2026-05-18 06:44:18 CartMoveState: EXCH_1_CART (15) -> EXCH_2_MOVE (16)
2026-05-18 06:44:19 CartMoveState: EXCH_2_MOVE (16) -> EXCH_2_CART (17)
2026-05-18 06:44:21 CartMoveState: EXCH_2_CART (17) -> STORE_DECIDE (18)
2026-05-18 06:44:21 Used volume for last job: 0
2026-05-18 06:44:21 Handler State: EXCHANGE_TWO (9) -> WAIT_FOR_DCU (10)
2026-05-18 06:44:23 Handler State: WAIT_FOR_DCU (10) -> EXCHANGE_THREE (11)
2026-05-18 06:44:23 CartMove: Exchange 3
2026-05-18 06:44:23 CartMoveState: STORE_DECIDE (18) -> AUX_DECIDE (5)
2026-05-18 06:44:23 CartMoveState: AUX_DECIDE (5) -> TO_MOVE (10)
2026-05-18 06:44:24 CartMoveState: TO_MOVE (10) -> TO_CART (11)
2026-05-18 06:44:26 CartMoveState: TO_CART (11) -> HOME_MOVE (12)
2026-05-18 06:44:27 CartMoveState: HOME_MOVE (12) -> HALT (13)
2026-05-18 06:44:27 CartMoveState: HALT (13) -> IDLE (1)
2026-05-18 06:44:27 Handler State: EXCHANGE_THREE (11) -> POST_PROCESS (12)
2026-05-18 06:44:27 Handler State: POST_PROCESS (12) -> MOVE_ARM_HOME (14)
2026-05-18 06:44:27 Handler State: MOVE_ARM_HOME (14) -> HANDLER_IDLE (1)
2026-05-18 06:44:32 Handler State: HANDLER_IDLE (1) -> HANDLER_START (2)
2026-05-18 06:44:33 Handler State: HANDLER_START (2) -> DECIDE_CART (3)
2026-05-18 06:44:33 Selection: IFS is clean and its cartridge is cleaned.
2026-05-18 06:44:33 Selected Primary Cartridge: 5
2026-05-18 06:44:33 Selected Primary Station: 103
2026-05-18 06:44:33 Selected Secondary Cartridge: 0
2026-05-18 06:44:33 Selected Secondary Station: 0
2026-05-18 06:44:33 Selected Filling Volume: 351
2026-05-18 06:44:33 Handler State: DECIDE_CART (3) -> CHECK_SEC_CART (26)
2026-05-18 06:44:33 Handler State: CHECK_SEC_CART (26) -> PROBE_CART (24)
2026-05-18 06:44:33 CartMove: Exchange 1, from 103
2026-05-18 06:44:33 CartMoveState: IDLE (1) -> FROM_MOVE (3)
2026-05-18 06:44:34 CartMoveState: FROM_MOVE (3) -> FROM_PROBE (19)
2026-05-18 06:44:35 Handler State: PROBE_CART (24) -> PROCESS_CART (6)
2026-05-18 06:44:36 Setting CBS color valve (FillIFS): 1
2026-05-18 06:44:37 Primed volume (FillIFS): 0.406366
2026-05-18 06:44:37 Re-Calculated Filling Volume: 351
2026-05-18 06:44:37 Setting CBS color valve (FillCart): 1
2026-05-18 06:44:50 Handler State: PROCESS_CART (6) -> EXCHANGE_ONE (7)
2026-05-18 06:44:50 CartMove: Exchange 1, from 103
2026-05-18 06:44:50 CartMoveState: FROM_PROBE (19) -> FROM_CART (4)
2026-05-18 06:44:55 Setting CBS color valve (Finished): 0
2026-05-18 06:44:57 CartMoveState: FROM_CART (4) -> TO_MOVE (10)
2026-05-18 06:44:59 CartMoveState: TO_MOVE (10) -> EXCH_1_WAIT (14)
2026-05-18 06:44:59 Handler State: EXCHANGE_ONE (7) -> START_DCU (8)
2026-05-18 06:46:00 Handler State: START_DCU (8) -> EXCHANGE_TWO (9)
2026-05-18 06:46:00 CartMove: Exchange 2
2026-05-18 06:46:11 CartMoveState: EXCH_1_WAIT (14) -> EXCH_1_CART (15)
2026-05-18 06:46:14 CartMoveState: EXCH_1_CART (15) -> EXCH_2_MOVE (16)
2026-05-18 06:46:15 CartMoveState: EXCH_2_MOVE (16) -> EXCH_2_CART (17)
2026-05-18 06:46:17 CartMoveState: EXCH_2_CART (17) -> STORE_DECIDE (18)
2026-05-18 06:46:17 Used volume for last job: 425.177
2026-05-18 06:46:17 Handler State: EXCHANGE_TWO (9) -> WAIT_FOR_DCU (10)
2026-05-18 06:46:19 Handler State: WAIT_FOR_DCU (10) -> EXCHANGE_THREE (11)
2026-05-18 06:46:19 CartMove: Exchange 3
2026-05-18 06:46:19 CartMoveState: STORE_DECIDE (18) -> AUX_DECIDE (5)
2026-05-18 06:46:19 CartMoveState: AUX_DECIDE (5) -> TO_MOVE (10)
2026-05-18 06:46:21 CartMoveState: TO_MOVE (10) -> TO_CART (11)
2026-05-18 06:46:23 CartMoveState: TO_CART (11) -> HOME_MOVE (12)
2026-05-18 06:46:24 CartMoveState: HOME_MOVE (12) -> HALT (13)
2026-05-18 06:46:24 CartMoveState: HALT (13) -> IDLE (1)
2026-05-18 06:46:24 Handler State: EXCHANGE_THREE (11) -> POST_PROCESS (12)
2026-05-18 06:46:24 Handler State: POST_PROCESS (12) -> MOVE_ARM_HOME (14)
2026-05-18 06:46:24 Handler State: MOVE_ARM_HOME (14) -> HANDLER_IDLE (1)
2026-05-18 06:48:33 Handler State: HANDLER_IDLE (1) -> HANDLER_START (2)
2026-05-18 06:48:34 Handler State: HANDLER_START (2) -> DECIDE_CART (3)
2026-05-18 06:48:34 Selection: IFS has correct material.
2026-05-18 06:48:34 Selection: Cartridge is clean.
2026-05-18 06:48:34 Selected Primary Cartridge: 2
2026-05-18 06:48:34 Selected Primary Station: 103
2026-05-18 06:48:34 Selected Secondary Cartridge: 0
2026-05-18 06:48:34 Selected Secondary Station: 0
2026-05-18 06:48:34 Selected Filling Volume: 306
2026-05-18 06:48:34 Handler State: DECIDE_CART (3) -> PLACE_CART (5)
2026-05-18 06:48:34 CartMove: Move, from 106 to 103
2026-05-18 06:48:34 CartMoveState: IDLE (1) -> FROM_MOVE (3)
2026-05-18 06:48:35 CartMoveState: FROM_MOVE (3) -> FROM_CART (4)
2026-05-18 06:48:38 CartMoveState: FROM_CART (4) -> AUX_DECIDE (5)
2026-05-18 06:48:38 CartMoveState: AUX_DECIDE (5) -> TO_MOVE (10)
2026-05-18 06:48:39 CartMoveState: TO_MOVE (10) -> TO_CART (11)
2026-05-18 06:48:42 CartMoveState: TO_CART (11) -> HOME_MOVE (12)
2026-05-18 06:48:42 CartMoveState: HOME_MOVE (12) -> HALT (13)
2026-05-18 06:48:42 CartMoveState: HALT (13) -> IDLE (1)
2026-05-18 06:48:42 Handler State: PLACE_CART (5) -> CHECK_SEC_CART (26)
2026-05-18 06:48:42 Handler State: CHECK_SEC_CART (26) -> PROBE_CART (24)
2026-05-18 06:48:42 CartMove: Exchange 1, from 103
2026-05-18 06:48:42 CartMoveState: IDLE (1) -> FROM_MOVE (3)
2026-05-18 06:48:42 CartMoveState: FROM_MOVE (3) -> FROM_PROBE (19)
2026-05-18 06:48:44 Handler State: PROBE_CART (24) -> PROCESS_CART (6)
2026-05-18 06:48:44 Setting CBS color valve (FillGate): 1
2026-05-18 06:48:45 Primed volume (FillGate): 1.94446
2026-05-18 06:48:45 Re-Calculated Filling Volume: 306
2026-05-18 06:48:45 Setting CBS color valve (FillCart): 1
2026-05-18 06:48:57 Handler State: PROCESS_CART (6) -> EXCHANGE_ONE (7)
2026-05-18 06:48:57 CartMove: Exchange 1, from 103
2026-05-18 06:48:57 CartMoveState: FROM_PROBE (19) -> FROM_CART (4)
2026-05-18 06:49:02 Setting CBS color valve (Finished): 0
2026-05-18 06:49:04 CartMoveState: FROM_CART (4) -> TO_MOVE (10)
2026-05-18 06:49:05 CartMoveState: TO_MOVE (10) -> EXCH_1_WAIT (14)
2026-05-18 06:49:05 Handler State: EXCHANGE_ONE (7) -> START_DCU (8)
2026-05-18 06:50:22 Handler State: START_DCU (8) -> EXCHANGE_TWO (9)
2026-05-18 06:50:22 CartMove: Exchange 2
2026-05-18 06:50:23 CartMoveState: EXCH_1_WAIT (14) -> EXCH_1_CART (15)
2026-05-18 06:50:26 CartMoveState: EXCH_1_CART (15) -> EXCH_2_MOVE (16)
2026-05-18 06:50:27 CartMoveState: EXCH_2_MOVE (16) -> EXCH_2_CART (17)
2026-05-18 06:50:29 CartMoveState: EXCH_2_CART (17) -> STORE_DECIDE (18)
2026-05-18 06:50:29 Used volume for last job: 0
2026-05-18 06:50:29 Handler State: EXCHANGE_TWO (9) -> WAIT_FOR_DCU (10)
2026-05-18 06:50:31 Handler State: WAIT_FOR_DCU (10) -> EXCHANGE_THREE (11)
2026-05-18 06:50:31 CartMove: Exchange 3
2026-05-18 06:50:31 CartMoveState: STORE_DECIDE (18) -> AUX_DECIDE (5)
2026-05-18 06:50:31 CartMoveState: AUX_DECIDE (5) -> TO_MOVE (10)
2026-05-18 06:50:31 CartMoveState: TO_MOVE (10) -> TO_CART (11)
2026-05-18 06:50:34 CartMoveState: TO_CART (11) -> HOME_MOVE (12)
2026-05-18 06:50:34 CartMoveState: HOME_MOVE (12) -> HALT (13)
2026-05-18 06:50:34 CartMoveState: HALT (13) -> IDLE (1)
2026-05-18 06:50:34 Handler State: EXCHANGE_THREE (11) -> POST_PROCESS (12)
2026-05-18 06:50:34 Handler State: POST_PROCESS (12) -> MOVE_ARM_HOME (14)
2026-05-18 06:50:34 Handler State: MOVE_ARM_HOME (14) -> HANDLER_IDLE (1)
2026-05-18 06:50:40 Handler State: HANDLER_IDLE (1) -> HANDLER_START (2)
2026-05-18 06:50:41 Handler State: HANDLER_START (2) -> DECIDE_CART (3)
2026-05-18 06:50:41 Selection: Last resort, just pick the first IFS.
2026-05-18 06:50:41 Selection: Last resort, just pick the first cartridge.
2026-05-18 06:50:41 Selected Primary Cartridge: 1
2026-05-18 06:50:41 Selected Primary Station: 102
2026-05-18 06:50:41 Selected Secondary Cartridge: 0
2026-05-18 06:50:41 Selected Secondary Station: 0
2026-05-18 06:50:41 Selected Filling Volume: 358
2026-05-18 06:50:41 Handler State: DECIDE_CART (3) -> CHECK_SEC_CART (26)
2026-05-18 06:50:41 Handler State: CHECK_SEC_CART (26) -> PROBE_CART (24)
2026-05-18 06:50:41 CartMove: Exchange 1, from 102
2026-05-18 06:50:41 CartMoveState: IDLE (1) -> FROM_MOVE (3)
2026-05-18 06:50:42 CartMoveState: FROM_MOVE (3) -> FROM_PROBE (19)
2026-05-18 06:50:43 Handler State: PROBE_CART (24) -> PROCESS_CART (6)
2026-05-18 06:51:20 Setting CBS color valve (FillIFS): 1
2026-05-18 06:51:21 Primed volume (FillIFS): 4.87649
2026-05-18 06:51:21 Re-Calculated Filling Volume: 358
2026-05-18 06:51:21 Setting CBS color valve (FillCart): 1
2026-05-18 06:51:38 Handler State: PROCESS_CART (6) -> EXCHANGE_ONE (7)
2026-05-18 06:51:38 CartMove: Exchange 1, from 102
2026-05-18 06:51:38 CartMoveState: FROM_PROBE (19) -> FROM_CART (4)
2026-05-18 06:51:45 Setting CBS color valve (Finished): 0
2026-05-18 06:51:47 CartMoveState: FROM_CART (4) -> TO_MOVE (10)
2026-05-18 06:51:48 CartMoveState: TO_MOVE (10) -> EXCH_1_WAIT (14)
2026-05-18 06:51:48 Handler State: EXCHANGE_ONE (7) -> START_DCU (8)
2026-05-18 06:52:03 Handler State: START_DCU (8) -> EXCHANGE_TWO (9)
2026-05-18 06:52:03 CartMove: Exchange 2
2026-05-18 06:52:14 CartMoveState: EXCH_1_WAIT (14) -> EXCH_1_CART (15)
2026-05-18 06:52:17 CartMoveState: EXCH_1_CART (15) -> EXCH_2_MOVE (16)
2026-05-18 06:52:18 CartMoveState: EXCH_2_MOVE (16) -> EXCH_2_CART (17)
2026-05-18 06:52:20 CartMoveState: EXCH_2_CART (17) -> STORE_DECIDE (18)
2026-05-18 06:52:20 Used volume for last job: 253.724
2026-05-18 06:52:20 Handler State: EXCHANGE_TWO (9) -> WAIT_FOR_DCU (10)
2026-05-18 06:52:22 Handler State: WAIT_FOR_DCU (10) -> EXCHANGE_THREE (11)
2026-05-18 06:52:22 CartMove: Exchange 3
2026-05-18 06:52:22 CartMoveState: STORE_DECIDE (18) -> AUX_DECIDE (5)
2026-05-18 06:52:22 CartMoveState: AUX_DECIDE (5) -> TO_MOVE (10)
2026-05-18 06:52:24 CartMoveState: TO_MOVE (10) -> TO_CART (11)
2026-05-18 06:52:26 CartMoveState: TO_CART (11) -> HOME_MOVE (12)
2026-05-18 06:52:27 CartMoveState: HOME_MOVE (12) -> HALT (13)
2026-05-18 06:52:27 CartMoveState: HALT (13) -> IDLE (1)
2026-05-18 06:52:27 Handler State: EXCHANGE_THREE (11) -> POST_PROCESS (12)
2026-05-18 06:52:27 Handler State: POST_PROCESS (12) -> MOVE_ARM_HOME (14)
2026-05-18 06:52:27 Handler State: MOVE_ARM_HOME (14) -> HANDLER_IDLE (1)
2026-05-18 07:18:01 Handler State: HANDLER_IDLE (1) -> HANDLER_START (2)
2026-05-18 07:18:02 Handler State: HANDLER_START (2) -> DECIDE_CART (3)
2026-05-18 07:18:02 Selection: Last resort, just pick the first IFS.
2026-05-18 07:18:02 Selection: Last resort, just pick the first cartridge.
2026-05-18 07:18:02 Selected Primary Cartridge: 3
2026-05-18 07:18:02 Selected Primary Station: 104
2026-05-18 07:18:02 Selected Secondary Cartridge: 0
2026-05-18 07:18:02 Selected Secondary Station: 0
2026-05-18 07:18:02 Selected Filling Volume: 640
2026-05-18 07:18:02 Handler State: DECIDE_CART (3) -> REMOVE_CART (4)
2026-05-18 07:18:02 CartMove: Move, from 104 to 108
2026-05-18 07:18:02 CartMoveState: IDLE (1) -> FROM_MOVE (3)
2026-05-18 07:18:03 CartMoveState: FROM_MOVE (3) -> FROM_CART (4)
2026-05-18 07:18:06 CartMoveState: FROM_CART (4) -> AUX_DECIDE (5)
2026-05-18 07:18:06 CartMoveState: AUX_DECIDE (5) -> TO_MOVE (10)
2026-05-18 07:18:08 CartMoveState: TO_MOVE (10) -> TO_CART (11)
2026-05-18 07:18:10 CartMoveState: TO_CART (11) -> HOME_MOVE (12)
2026-05-18 07:18:11 CartMoveState: HOME_MOVE (12) -> HALT (13)
2026-05-18 07:18:11 CartMoveState: HALT (13) -> IDLE (1)
2026-05-18 07:18:11 Handler State: REMOVE_CART (4) -> PLACE_CART (5)
2026-05-18 07:18:11 CartMove: Move, from 107 to 104
2026-05-18 07:18:11 CartMoveState: IDLE (1) -> FROM_MOVE (3)
2026-05-18 07:18:13 CartMoveState: FROM_MOVE (3) -> FROM_CART (4)
2026-05-18 07:18:15 CartMoveState: FROM_CART (4) -> AUX_DECIDE (5)
2026-05-18 07:18:15 CartMoveState: AUX_DECIDE (5) -> TO_MOVE (10)
2026-05-18 07:18:17 CartMoveState: TO_MOVE (10) -> TO_CART (11)
2026-05-18 07:18:19 CartMoveState: TO_CART (11) -> HOME_MOVE (12)
2026-05-18 07:18:20 CartMoveState: HOME_MOVE (12) -> HALT (13)
2026-05-18 07:18:20 CartMoveState: HALT (13) -> IDLE (1)
2026-05-18 07:18:20 Handler State: PLACE_CART (5) -> CHECK_SEC_CART (26)
2026-05-18 07:18:20 Handler State: CHECK_SEC_CART (26) -> PROBE_CART (24)
2026-05-18 07:18:20 CartMove: Exchange 1, from 104
2026-05-18 07:18:20 CartMoveState: IDLE (1) -> FROM_MOVE (3)
2026-05-18 07:18:21 CartMoveState: FROM_MOVE (3) -> FROM_PROBE (19)
2026-05-18 07:18:22 Handler State: PROBE_CART (24) -> PROCESS_CART (6)
2026-05-18 07:18:56 Setting CBS color valve (FillIFS): 2
2026-05-18 07:18:57 Primed volume (FillIFS): 4.98023
2026-05-18 07:18:57 Re-Calculated Filling Volume: 640
2026-05-18 07:18:57 Setting CBS color valve (FillCart): 2
2026-05-18 07:19:22 Handler State: PROCESS_CART (6) -> EXCHANGE_ONE (7)
2026-05-18 07:19:22 CartMove: Exchange 1, from 104
2026-05-18 07:19:22 CartMoveState: FROM_PROBE (19) -> FROM_CART (4)
2026-05-18 07:19:28 Setting CBS color valve (Finished): 0
2026-05-18 07:19:30 CartMoveState: FROM_CART (4) -> TO_MOVE (10)
2026-05-18 07:19:31 CartMoveState: TO_MOVE (10) -> EXCH_1_WAIT (14)
2026-05-18 07:19:31 Handler State: EXCHANGE_ONE (7) -> START_DCU (8)
2026-05-18 07:21:05 Handler State: START_DCU (8) -> EXCHANGE_TWO (9)
2026-05-18 07:21:05 CartMove: Exchange 2
2026-05-18 07:21:15 CartMoveState: EXCH_1_WAIT (14) -> EXCH_1_CART (15)
2026-05-18 07:21:18 CartMoveState: EXCH_1_CART (15) -> EXCH_2_MOVE (16)
2026-05-18 07:21:19 CartMoveState: EXCH_2_MOVE (16) -> EXCH_2_CART (17)
2026-05-18 07:21:21 CartMoveState: EXCH_2_CART (17) -> STORE_DECIDE (18)
2026-05-18 07:21:21 Used volume for last job: 301.503
2026-05-18 07:21:21 Handler State: EXCHANGE_TWO (9) -> WAIT_FOR_DCU (10)
2026-05-18 07:21:23 Handler State: WAIT_FOR_DCU (10) -> EXCHANGE_THREE (11)
2026-05-18 07:21:23 CartMove: Exchange 3
2026-05-18 07:21:23 CartMoveState: STORE_DECIDE (18) -> AUX_DECIDE (5)
2026-05-18 07:21:23 CartMoveState: AUX_DECIDE (5) -> TO_MOVE (10)
2026-05-18 07:21:23 CartMoveState: TO_MOVE (10) -> TO_CART (11)
2026-05-18 07:21:25 CartMoveState: TO_CART (11) -> HOME_MOVE (12)
2026-05-18 07:21:25 CartMoveState: HOME_MOVE (12) -> HALT (13)
2026-05-18 07:21:25 CartMoveState: HALT (13) -> IDLE (1)
2026-05-18 07:21:25 Handler State: EXCHANGE_THREE (11) -> POST_PROCESS (12)
2026-05-18 07:21:25 Handler State: POST_PROCESS (12) -> EMPTY_AUX (13)
2026-05-18 07:21:25 CartMove: Move, from 108 to 104
2026-05-18 07:21:25 CartMoveState: IDLE (1) -> FROM_MOVE (3)
2026-05-18 07:21:27 CartMoveState: FROM_MOVE (3) -> FROM_CART (4)
2026-05-18 07:21:30 CartMoveState: FROM_CART (4) -> AUX_DECIDE (5)
2026-05-18 07:21:30 CartMoveState: AUX_DECIDE (5) -> TO_MOVE (10)
2026-05-18 07:21:31 CartMoveState: TO_MOVE (10) -> TO_CART (11)
2026-05-18 07:21:34 CartMoveState: TO_CART (11) -> HOME_MOVE (12)
2026-05-18 07:21:34 CartMoveState: HOME_MOVE (12) -> HALT (13)
2026-05-18 07:21:34 CartMoveState: HALT (13) -> IDLE (1)
2026-05-18 07:21:34 Handler State: EMPTY_AUX (13) -> MOVE_ARM_HOME (14)
2026-05-18 07:21:34 Handler State: MOVE_ARM_HOME (14) -> HANDLER_IDLE (1)
2026-05-18 07:46:01 Handler State: HANDLER_IDLE (1) -> HANDLER_START (2)
2026-05-18 07:46:02 Handler State: HANDLER_START (2) -> DECIDE_CART (3)
2026-05-18 07:46:02 Selection: IFS has correct material and its cartridge has correct material.
2026-05-18 07:46:02 Selected Primary Cartridge: 5
2026-05-18 07:46:02 Selected Primary Station: 103
2026-05-18 07:46:02 Selected Secondary Cartridge: 0
2026-05-18 07:46:02 Selected Secondary Station: 0
2026-05-18 07:46:02 Selected Filling Volume: 640
2026-05-18 07:46:02 Handler State: DECIDE_CART (3) -> CHECK_SEC_CART (26)
2026-05-18 07:46:02 Handler State: CHECK_SEC_CART (26) -> PROBE_CART (24)
2026-05-18 07:46:02 CartMove: Exchange 1, from 103
2026-05-18 07:46:02 CartMoveState: IDLE (1) -> FROM_MOVE (3)
2026-05-18 07:46:02 CartMoveState: FROM_MOVE (3) -> FROM_PROBE (19)
2026-05-18 07:46:04 Handler State: PROBE_CART (24) -> PROCESS_CART (6)
2026-05-18 07:46:36 Setting CBS color valve (FillGate): 2
2026-05-18 07:46:37 Primed volume (FillGate): 2.94666
2026-05-18 07:46:37 Re-Calculated Filling Volume: 640
2026-05-18 07:46:37 Setting CBS color valve (FillCart): 2
2026-05-18 07:47:01 Handler State: PROCESS_CART (6) -> EXCHANGE_ONE (7)
2026-05-18 07:47:01 CartMove: Exchange 1, from 103
2026-05-18 07:47:01 CartMoveState: FROM_PROBE (19) -> FROM_CART (4)
2026-05-18 07:47:07 Setting CBS color valve (Finished): 0
2026-05-18 07:47:09 CartMoveState: FROM_CART (4) -> TO_MOVE (10)
2026-05-18 07:47:10 CartMoveState: TO_MOVE (10) -> EXCH_1_WAIT (14)
2026-05-18 07:47:10 Handler State: EXCHANGE_ONE (7) -> START_DCU (8)
2026-05-18 07:48:05 Handler State: START_DCU (8) -> EXCHANGE_TWO (9)
2026-05-18 07:48:05 CartMove: Exchange 2
2026-05-18 07:48:16 CartMoveState: EXCH_1_WAIT (14) -> EXCH_1_CART (15)
2026-05-18 07:48:18 CartMoveState: EXCH_1_CART (15) -> EXCH_2_MOVE (16)
2026-05-18 07:48:19 CartMoveState: EXCH_2_MOVE (16) -> EXCH_2_CART (17)
2026-05-18 07:48:21 CartMoveState: EXCH_2_CART (17) -> STORE_DECIDE (18)
2026-05-18 07:48:21 Used volume for last job: 437.607
2026-05-18 07:48:21 Handler State: EXCHANGE_TWO (9) -> WAIT_FOR_DCU (10)
2026-05-18 07:48:23 Handler State: WAIT_FOR_DCU (10) -> EXCHANGE_THREE (11)
2026-05-18 07:48:23 CartMove: Exchange 3
2026-05-18 07:48:23 CartMoveState: STORE_DECIDE (18) -> AUX_DECIDE (5)
2026-05-18 07:48:23 CartMoveState: AUX_DECIDE (5) -> TO_MOVE (10)
2026-05-18 07:48:25 CartMoveState: TO_MOVE (10) -> TO_CART (11)
2026-05-18 07:48:27 CartMoveState: TO_CART (11) -> HOME_MOVE (12)
2026-05-18 07:48:28 CartMoveState: HOME_MOVE (12) -> HALT (13)
2026-05-18 07:48:28 CartMoveState: HALT (13) -> IDLE (1)
2026-05-18 07:48:28 Handler State: EXCHANGE_THREE (11) -> POST_PROCESS (12)
2026-05-18 07:48:29 Handler State: POST_PROCESS (12) -> MOVE_ARM_HOME (14)
2026-05-18 07:48:29 Handler State: MOVE_ARM_HOME (14) -> HANDLER_IDLE (1)
2026-05-18 07:52:42 Handler State: HANDLER_IDLE (1) -> HANDLER_START (2)
2026-05-18 07:52:43 Handler State: HANDLER_START (2) -> DECIDE_CART (3)
2026-05-18 07:52:43 Selection: IFS has correct material.
2026-05-18 07:52:43 Selection: Cartridge has correct material.
2026-05-18 07:52:43 Selected Primary Cartridge: 2
2026-05-18 07:52:43 Selected Primary Station: 103
2026-05-18 07:52:43 Selected Secondary Cartridge: 0
2026-05-18 07:52:43 Selected Secondary Station: 0
2026-05-18 07:52:43 Selected Filling Volume: 640
2026-05-18 07:52:43 Handler State: DECIDE_CART (3) -> PLACE_CART (5)
2026-05-18 07:52:43 CartMove: Move, from 106 to 103
2026-05-18 07:52:43 CartMoveState: IDLE (1) -> FROM_MOVE (3)
2026-05-18 07:52:45 CartMoveState: FROM_MOVE (3) -> FROM_CART (4)
2026-05-18 07:52:47 CartMoveState: FROM_CART (4) -> AUX_DECIDE (5)
2026-05-18 07:52:47 CartMoveState: AUX_DECIDE (5) -> TO_MOVE (10)
2026-05-18 07:52:49 CartMoveState: TO_MOVE (10) -> TO_CART (11)
2026-05-18 07:52:51 CartMoveState: TO_CART (11) -> HOME_MOVE (12)
2026-05-18 07:52:51 CartMoveState: HOME_MOVE (12) -> HALT (13)
2026-05-18 07:52:51 CartMoveState: HALT (13) -> IDLE (1)
2026-05-18 07:52:51 Handler State: PLACE_CART (5) -> CHECK_SEC_CART (26)
2026-05-18 07:52:51 Handler State: CHECK_SEC_CART (26) -> PROBE_CART (24)
2026-05-18 07:52:51 CartMove: Exchange 1, from 103
2026-05-18 07:52:51 CartMoveState: IDLE (1) -> FROM_MOVE (3)
2026-05-18 07:52:51 CartMoveState: FROM_MOVE (3) -> FROM_PROBE (19)
2026-05-18 07:52:53 Handler State: PROBE_CART (24) -> PROCESS_CART (6)
2026-05-18 07:53:24 Setting CBS color valve (FillGate): 2
2026-05-18 07:53:25 Primed volume (FillGate): 1.19714
2026-05-18 07:53:25 Re-Calculated Filling Volume: 640
2026-05-18 07:53:25 Setting CBS color valve (FillCart): 2
2026-05-18 07:53:49 Handler State: PROCESS_CART (6) -> EXCHANGE_ONE (7)
2026-05-18 07:53:49 CartMove: Exchange 1, from 103
2026-05-18 07:53:49 CartMoveState: FROM_PROBE (19) -> FROM_CART (4)
2026-05-18 07:53:55 Setting CBS color valve (Finished): 0
2026-05-18 07:53:57 CartMoveState: FROM_CART (4) -> TO_MOVE (10)
2026-05-18 07:53:58 CartMoveState: TO_MOVE (10) -> EXCH_1_WAIT (14)
2026-05-18 07:53:58 Handler State: EXCHANGE_ONE (7) -> START_DCU (8)
2026-05-18 07:53:58 Handler State: START_DCU (8) -> EXCHANGE_TWO (9)
2026-05-18 07:53:58 CartMove: Exchange 2
2026-05-18 07:53:58 CartMoveState: EXCH_1_WAIT (14) -> EXCH_1_CART (15)
2026-05-18 07:54:01 CartMoveState: EXCH_1_CART (15) -> EXCH_2_MOVE (16)
2026-05-18 07:54:02 CartMoveState: EXCH_2_MOVE (16) -> EXCH_2_CART (17)
2026-05-18 07:54:04 CartMoveState: EXCH_2_CART (17) -> STORE_DECIDE (18)
2026-05-18 07:54:04 Used volume for last job: 0
2026-05-18 07:54:04 Handler State: EXCHANGE_TWO (9) -> WAIT_FOR_DCU (10)
2026-05-18 07:54:06 Handler State: WAIT_FOR_DCU (10) -> EXCHANGE_THREE (11)
2026-05-18 07:54:06 CartMove: Exchange 3
2026-05-18 07:54:06 CartMoveState: STORE_DECIDE (18) -> AUX_DECIDE (5)
2026-05-18 07:54:06 CartMoveState: AUX_DECIDE (5) -> TO_MOVE (10)
2026-05-18 07:54:06 CartMoveState: TO_MOVE (10) -> TO_CART (11)
2026-05-18 07:54:08 CartMoveState: TO_CART (11) -> HOME_MOVE (12)
2026-05-18 07:54:09 CartMoveState: HOME_MOVE (12) -> HALT (13)
2026-05-18 07:54:09 CartMoveState: HALT (13) -> IDLE (1)
2026-05-18 07:54:09 Handler State: EXCHANGE_THREE (11) -> POST_PROCESS (12)
2026-05-18 07:54:09 Handler State: POST_PROCESS (12) -> MOVE_ARM_HOME (14)
2026-05-18 07:54:11 Handler State: MOVE_ARM_HOME (14) -> HANDLER_IDLE (1)
2026-05-18 07:55:17 Handler State: HANDLER_IDLE (1) -> SEMI_START (15)
2026-05-18 07:55:17 Handler State: SEMI_START (15) -> SEMI_PROBE_CART (25)
2026-05-18 07:55:20 Handler State: SEMI_PROBE_CART (25) -> SEMI_PROCESS (16)
2026-05-18 07:55:56 Re-Calculated Filling Volume: 0
2026-05-18 07:56:03 Setting CBS color valve (Finished): 0
2026-05-18 07:56:03 Handler State: SEMI_PROCESS (16) -> SEMI_WHAT_NEXT (21)
2026-05-18 07:56:03 Handler State: SEMI_WHAT_NEXT (21) -> SEMI_FINISHED (23)
2026-05-18 07:56:04 Handler State: SEMI_FINISHED (23) -> HANDLER_IDLE (1)
2026-05-18 08:44:03 Handler State: HANDLER_IDLE (1) -> HANDLER_START (2)
2026-05-18 08:44:04 Handler State: HANDLER_START (2) -> DECIDE_CART (3)
2026-05-18 08:44:04 Selection: IFS is clean and its cartridge is cleaned.
2026-05-18 08:44:04 Selected Primary Cartridge: 1
2026-05-18 08:44:04 Selected Primary Station: 102
2026-05-18 08:44:04 Selected Secondary Cartridge: 0
2026-05-18 08:44:04 Selected Secondary Station: 0
2026-05-18 08:44:04 Selected Filling Volume: 395
2026-05-18 08:44:04 Handler State: DECIDE_CART (3) -> CHECK_SEC_CART (26)
2026-05-18 08:44:04 Handler State: CHECK_SEC_CART (26) -> PROBE_CART (24)
2026-05-18 08:44:04 CartMove: Exchange 1, from 102
2026-05-18 08:44:04 CartMoveState: IDLE (1) -> FROM_MOVE (3)
2026-05-18 08:44:05 CartMoveState: FROM_MOVE (3) -> FROM_PROBE (19)
2026-05-18 08:44:07 Handler State: PROBE_CART (24) -> PROCESS_CART (6)
2026-05-18 08:44:07 Setting CBS color valve (FillIFS): 1
2026-05-18 08:44:08 Primed volume (FillIFS): 1.09175
2026-05-18 08:44:08 Re-Calculated Filling Volume: 395
2026-05-18 08:44:08 Setting CBS color valve (FillCart): 1
2026-05-18 08:44:27 Handler State: PROCESS_CART (6) -> EXCHANGE_ONE (7)
2026-05-18 08:44:27 CartMove: Exchange 1, from 102
2026-05-18 08:44:27 CartMoveState: FROM_PROBE (19) -> FROM_CART (4)
2026-05-18 08:44:34 Setting CBS color valve (Finished): 0
2026-05-18 08:44:36 CartMoveState: FROM_CART (4) -> TO_MOVE (10)
2026-05-18 08:44:37 CartMoveState: TO_MOVE (10) -> EXCH_1_WAIT (14)
2026-05-18 08:44:37 Handler State: EXCHANGE_ONE (7) -> START_DCU (8)
2026-05-18 08:44:37 Handler State: START_DCU (8) -> EXCHANGE_TWO (9)
2026-05-18 08:44:37 CartMove: Exchange 2
2026-05-18 08:44:37 CartMoveState: EXCH_1_WAIT (14) -> EXCH_1_CART (15)
2026-05-18 08:44:40 CartMoveState: EXCH_1_CART (15) -> EXCH_2_MOVE (16)
2026-05-18 08:44:40 CartMoveState: EXCH_2_MOVE (16) -> EXCH_2_CART (17)
2026-05-18 08:44:42 CartMoveState: EXCH_2_CART (17) -> STORE_DECIDE (18)
2026-05-18 08:44:42 Used volume for last job: 108.043
2026-05-18 08:44:42 Handler State: EXCHANGE_TWO (9) -> WAIT_FOR_DCU (10)
2026-05-18 08:44:44 Handler State: WAIT_FOR_DCU (10) -> EXCHANGE_THREE (11)
2026-05-18 08:44:44 CartMove: Exchange 3
2026-05-18 08:44:44 CartMoveState: STORE_DECIDE (18) -> AUX_DECIDE (5)
2026-05-18 08:44:44 CartMoveState: AUX_DECIDE (5) -> TO_MOVE (10)
2026-05-18 08:44:46 CartMoveState: TO_MOVE (10) -> TO_CART (11)
2026-05-18 08:44:48 CartMoveState: TO_CART (11) -> HOME_MOVE (12)
2026-05-18 08:44:49 CartMoveState: HOME_MOVE (12) -> HALT (13)
2026-05-18 08:44:49 CartMoveState: HALT (13) -> IDLE (1)
2026-05-18 08:44:49 Handler State: EXCHANGE_THREE (11) -> POST_PROCESS (12)
2026-05-18 08:44:49 Handler State: POST_PROCESS (12) -> MOVE_ARM_HOME (14)
2026-05-18 08:44:49 Handler State: MOVE_ARM_HOME (14) -> HANDLER_IDLE (1)
2026-05-18 08:48:56 Handler State: HANDLER_IDLE (1) -> HANDLER_START (2)
2026-05-18 08:48:57 Handler State: HANDLER_START (2) -> DECIDE_CART (3)
2026-05-18 08:48:57 Selection: IFS has correct material.
2026-05-18 08:48:57 Selection: Last resort, just pick the first cartridge.
2026-05-18 08:48:57 Selected Primary Cartridge: 4
2026-05-18 08:48:57 Selected Primary Station: 102
2026-05-18 08:48:57 Selected Secondary Cartridge: 0
2026-05-18 08:48:57 Selected Secondary Station: 0
2026-05-18 08:48:57 Selected Filling Volume: 323
2026-05-18 08:48:57 Handler State: DECIDE_CART (3) -> PLACE_CART (5)
2026-05-18 08:48:57 CartMove: Move, from 105 to 102
2026-05-18 08:48:57 CartMoveState: IDLE (1) -> FROM_MOVE (3)
2026-05-18 08:48:58 CartMoveState: FROM_MOVE (3) -> FROM_CART (4)
2026-05-18 08:49:01 CartMoveState: FROM_CART (4) -> AUX_DECIDE (5)
2026-05-18 08:49:01 CartMoveState: AUX_DECIDE (5) -> TO_MOVE (10)
2026-05-18 08:49:02 CartMoveState: TO_MOVE (10) -> TO_CART (11)
2026-05-18 08:49:05 CartMoveState: TO_CART (11) -> HOME_MOVE (12)
2026-05-18 08:49:05 CartMoveState: HOME_MOVE (12) -> HALT (13)
2026-05-18 08:49:05 CartMoveState: HALT (13) -> IDLE (1)
2026-05-18 08:49:05 Handler State: PLACE_CART (5) -> CHECK_SEC_CART (26)
2026-05-18 08:49:05 Handler State: CHECK_SEC_CART (26) -> PROBE_CART (24)
2026-05-18 08:49:05 CartMove: Exchange 1, from 102
2026-05-18 08:49:05 CartMoveState: IDLE (1) -> FROM_MOVE (3)
2026-05-18 08:49:06 CartMoveState: FROM_MOVE (3) -> FROM_PROBE (19)
2026-05-18 08:49:08 Handler State: PROBE_CART (24) -> PROCESS_CART (6)
2026-05-18 08:49:41 Setting CBS color valve (FillGate): 1
2026-05-18 08:49:42 Primed volume (FillGate): 2.04596
2026-05-18 08:49:42 Re-Calculated Filling Volume: 323
2026-05-18 08:49:42 Setting CBS color valve (FillCart): 1
2026-05-18 08:49:59 Handler State: PROCESS_CART (6) -> EXCHANGE_ONE (7)
2026-05-18 08:49:59 CartMove: Exchange 1, from 102
2026-05-18 08:49:59 CartMoveState: FROM_PROBE (19) -> FROM_CART (4)
2026-05-18 08:50:06 Setting CBS color valve (Finished): 0
2026-05-18 08:50:08 CartMoveState: FROM_CART (4) -> TO_MOVE (10)
2026-05-18 08:50:09 CartMoveState: TO_MOVE (10) -> EXCH_1_WAIT (14)
2026-05-18 08:50:09 Handler State: EXCHANGE_ONE (7) -> START_DCU (8)
2026-05-18 08:50:45 Handler State: START_DCU (8) -> EXCHANGE_TWO (9)
2026-05-18 08:50:45 CartMove: Exchange 2
2026-05-18 08:50:46 CartMoveState: EXCH_1_WAIT (14) -> EXCH_1_CART (15)
2026-05-18 08:50:49 CartMoveState: EXCH_1_CART (15) -> EXCH_2_MOVE (16)
2026-05-18 08:50:50 CartMoveState: EXCH_2_MOVE (16) -> EXCH_2_CART (17)
2026-05-18 08:50:52 CartMoveState: EXCH_2_CART (17) -> STORE_DECIDE (18)
2026-05-18 08:50:52 Used volume for last job: 0
2026-05-18 08:50:52 Handler State: EXCHANGE_TWO (9) -> WAIT_FOR_DCU (10)
2026-05-18 08:50:53 Handler State: WAIT_FOR_DCU (10) -> EXCHANGE_THREE (11)
2026-05-18 08:50:53 CartMove: Exchange 3
2026-05-18 08:50:53 CartMoveState: STORE_DECIDE (18) -> AUX_DECIDE (5)
2026-05-18 08:50:53 CartMoveState: AUX_DECIDE (5) -> TO_MOVE (10)
2026-05-18 08:50:53 CartMoveState: TO_MOVE (10) -> TO_CART (11)
2026-05-18 08:50:56 CartMoveState: TO_CART (11) -> HOME_MOVE (12)
2026-05-18 08:50:56 CartMoveState: HOME_MOVE (12) -> HALT (13)
2026-05-18 08:50:56 CartMoveState: HALT (13) -> IDLE (1)
2026-05-18 08:50:56 Handler State: EXCHANGE_THREE (11) -> POST_PROCESS (12)
2026-05-18 08:50:56 Handler State: POST_PROCESS (12) -> MOVE_ARM_HOME (14)
2026-05-18 08:50:56 Handler State: MOVE_ARM_HOME (14) -> HANDLER_IDLE (1)
2026-05-18 08:51:02 Handler State: HANDLER_IDLE (1) -> HANDLER_START (2)
2026-05-18 08:51:03 Handler State: HANDLER_START (2) -> DECIDE_CART (3)
2026-05-18 08:51:03 Selection: Last resort, just pick the first IFS.
2026-05-18 08:51:03 Selection: Last resort, just pick the first cartridge.
2026-05-18 08:51:03 Selected Primary Cartridge: 1
2026-05-18 08:51:03 Selected Primary Station: 102
2026-05-18 08:51:03 Selected Secondary Cartridge: 0
2026-05-18 08:51:03 Selected Secondary Station: 0
2026-05-18 08:51:03 Selected Filling Volume: 271
2026-05-18 08:51:03 Handler State: DECIDE_CART (3) -> CHECK_SEC_CART (26)
2026-05-18 08:51:03 Handler State: CHECK_SEC_CART (26) -> PROBE_CART (24)
2026-05-18 08:51:03 CartMove: Exchange 1, from 102
2026-05-18 08:51:03 CartMoveState: IDLE (1) -> FROM_MOVE (3)
2026-05-18 08:51:04 CartMoveState: FROM_MOVE (3) -> FROM_PROBE (19)
2026-05-18 08:51:06 Handler State: PROBE_CART (24) -> PROCESS_CART (6)
2026-05-18 08:51:42 Setting CBS color valve (FillIFS): 2
2026-05-18 08:51:43 Primed volume (FillIFS): 4.49804
2026-05-18 08:51:43 Re-Calculated Filling Volume: 271
2026-05-18 08:51:43 Setting CBS color valve (FillCart): 2
2026-05-18 08:51:59 Handler State: PROCESS_CART (6) -> EXCHANGE_ONE (7)
2026-05-18 08:51:59 CartMove: Exchange 1, from 102
2026-05-18 08:51:59 CartMoveState: FROM_PROBE (19) -> FROM_CART (4)
2026-05-18 08:52:06 Setting CBS color valve (Finished): 0
2026-05-18 08:52:08 CartMoveState: FROM_CART (4) -> TO_MOVE (10)
2026-05-18 08:52:09 CartMoveState: TO_MOVE (10) -> EXCH_1_WAIT (14)
2026-05-18 08:52:09 Handler State: EXCHANGE_ONE (7) -> START_DCU (8)
2026-05-18 08:52:26 Handler State: START_DCU (8) -> EXCHANGE_TWO (9)
2026-05-18 08:52:26 CartMove: Exchange 2
2026-05-18 08:52:37 CartMoveState: EXCH_1_WAIT (14) -> EXCH_1_CART (15)
2026-05-18 08:52:39 CartMoveState: EXCH_1_CART (15) -> EXCH_2_MOVE (16)
2026-05-18 08:52:40 CartMoveState: EXCH_2_MOVE (16) -> EXCH_2_CART (17)
2026-05-18 08:52:42 CartMoveState: EXCH_2_CART (17) -> STORE_DECIDE (18)
2026-05-18 08:52:42 Used volume for last job: 271.073
2026-05-18 08:52:42 Handler State: EXCHANGE_TWO (9) -> WAIT_FOR_DCU (10)
2026-05-18 08:52:44 Handler State: WAIT_FOR_DCU (10) -> EXCHANGE_THREE (11)
2026-05-18 08:52:44 CartMove: Exchange 3
2026-05-18 08:52:44 CartMoveState: STORE_DECIDE (18) -> AUX_DECIDE (5)
2026-05-18 08:52:44 CartMoveState: AUX_DECIDE (5) -> TO_MOVE (10)
2026-05-18 08:52:44 CartMoveState: TO_MOVE (10) -> TO_CART (11)
2026-05-18 08:52:47 CartMoveState: TO_CART (11) -> HOME_MOVE (12)
2026-05-18 08:52:47 CartMoveState: HOME_MOVE (12) -> HALT (13)
2026-05-18 08:52:47 CartMoveState: HALT (13) -> IDLE (1)
2026-05-18 08:52:47 Handler State: EXCHANGE_THREE (11) -> POST_PROCESS (12)
2026-05-18 08:52:47 Handler State: POST_PROCESS (12) -> MOVE_ARM_HOME (14)
2026-05-18 08:52:47 Handler State: MOVE_ARM_HOME (14) -> HANDLER_IDLE (1)
2026-05-18 08:53:49 Handler State: HANDLER_IDLE (1) -> HANDLER_START (2)
2026-05-18 08:53:50 Handler State: HANDLER_START (2) -> DECIDE_CART (3)
2026-05-18 08:53:50 Selection: IFS has correct material.
2026-05-18 08:53:50 Selection: Last resort, just pick the first cartridge.
2026-05-18 08:53:50 Selected Primary Cartridge: 4
2026-05-18 08:53:50 Selected Primary Station: 102
2026-05-18 08:53:50 Selected Secondary Cartridge: 0
2026-05-18 08:53:50 Selected Secondary Station: 0
2026-05-18 08:53:50 Selected Filling Volume: 243
2026-05-18 08:53:50 Handler State: DECIDE_CART (3) -> CHECK_SEC_CART (26)
2026-05-18 08:53:50 Handler State: CHECK_SEC_CART (26) -> PROBE_CART (24)
2026-05-18 08:53:50 CartMove: Exchange 1, from 102
2026-05-18 08:53:50 CartMoveState: IDLE (1) -> FROM_MOVE (3)
2026-05-18 08:53:51 CartMoveState: FROM_MOVE (3) -> FROM_PROBE (19)
2026-05-18 08:53:52 Handler State: PROBE_CART (24) -> PROCESS_CART (6)
2026-05-18 08:54:25 Setting CBS color valve (FillGate): 2
2026-05-18 08:54:26 Primed volume (FillGate): 2.30843
2026-05-18 08:54:26 Re-Calculated Filling Volume: 243
2026-05-18 08:54:26 Setting CBS color valve (FillCart): 2
2026-05-18 08:54:41 Handler State: PROCESS_CART (6) -> EXCHANGE_ONE (7)
2026-05-18 08:54:41 CartMove: Exchange 1, from 102
2026-05-18 08:54:41 CartMoveState: FROM_PROBE (19) -> FROM_CART (4)
2026-05-18 08:54:48 Setting CBS color valve (Finished): 0
2026-05-18 08:54:50 CartMoveState: FROM_CART (4) -> TO_MOVE (10)
2026-05-18 08:54:51 CartMoveState: TO_MOVE (10) -> EXCH_1_WAIT (14)
2026-05-18 08:54:51 Handler State: EXCHANGE_ONE (7) -> START_DCU (8)
2026-05-18 08:55:38 Handler State: START_DCU (8) -> EXCHANGE_TWO (9)
2026-05-18 08:55:38 CartMove: Exchange 2
2026-05-18 08:55:39 CartMoveState: EXCH_1_WAIT (14) -> EXCH_1_CART (15)
2026-05-18 08:55:42 CartMoveState: EXCH_1_CART (15) -> EXCH_2_MOVE (16)
2026-05-18 08:55:42 CartMoveState: EXCH_2_MOVE (16) -> EXCH_2_CART (17)
2026-05-18 08:55:44 CartMoveState: EXCH_2_CART (17) -> STORE_DECIDE (18)
2026-05-18 08:55:44 Used volume for last job: 0
2026-05-18 08:55:44 Handler State: EXCHANGE_TWO (9) -> WAIT_FOR_DCU (10)
2026-05-18 08:55:46 Handler State: WAIT_FOR_DCU (10) -> EXCHANGE_THREE (11)
2026-05-18 08:55:46 CartMove: Exchange 3
2026-05-18 08:55:46 CartMoveState: STORE_DECIDE (18) -> AUX_DECIDE (5)
2026-05-18 08:55:46 CartMoveState: AUX_DECIDE (5) -> TO_MOVE (10)
2026-05-18 08:55:46 CartMoveState: TO_MOVE (10) -> TO_CART (11)
2026-05-18 08:55:49 CartMoveState: TO_CART (11) -> HOME_MOVE (12)
2026-05-18 08:55:49 CartMoveState: HOME_MOVE (12) -> HALT (13)
2026-05-18 08:55:49 CartMoveState: HALT (13) -> IDLE (1)
2026-05-18 08:55:49 Handler State: EXCHANGE_THREE (11) -> POST_PROCESS (12)
2026-05-18 08:55:49 Handler State: POST_PROCESS (12) -> MOVE_ARM_HOME (14)
2026-05-18 08:55:49 Handler State: MOVE_ARM_HOME (14) -> HANDLER_IDLE (1)
2026-05-18 08:57:23 Handler State: HANDLER_IDLE (1) -> SEMI_START (15)
2026-05-18 08:57:23 Handler State: SEMI_START (15) -> SEMI_PROBE_CART (25)
2026-05-18 08:57:26 Handler State: SEMI_PROBE_CART (25) -> SEMI_PROCESS (16)
2026-05-18 08:58:02 Re-Calculated Filling Volume: 0
2026-05-18 08:58:09 Setting CBS color valve (Finished): 0
2026-05-18 08:58:09 Handler State: SEMI_PROCESS (16) -> SEMI_WHAT_NEXT (21)
2026-05-18 08:58:09 Handler State: SEMI_WHAT_NEXT (21) -> SEMI_FINISHED (23)
2026-05-18 08:58:09 Handler State: SEMI_FINISHED (23) -> HANDLER_IDLE (1)
2026-05-18 08:58:16 Handler State: HANDLER_IDLE (1) -> SEMI_START (15)
2026-05-18 08:58:16 Handler State: SEMI_START (15) -> SEMI_PROBE_CART (25)
2026-05-18 08:58:19 Handler State: SEMI_PROBE_CART (25) -> SEMI_PROCESS (16)
2026-05-18 08:58:48 Re-Calculated Filling Volume: 0
2026-05-18 08:58:53 Setting CBS color valve (Finished): 0
2026-05-18 08:58:53 Handler State: SEMI_PROCESS (16) -> SEMI_WHAT_NEXT (21)
2026-05-18 08:58:53 Handler State: SEMI_WHAT_NEXT (21) -> SEMI_FINISHED (23)
2026-05-18 08:58:54 Handler State: SEMI_FINISHED (23) -> HANDLER_IDLE (1)
2026-05-18 08:59:05 Handler State: HANDLER_IDLE (1) -> SEMI_START (15)
2026-05-18 08:59:05 Handler State: SEMI_START (15) -> SEMI_PROBE_CART (25)
2026-05-18 08:59:08 Handler State: SEMI_PROBE_CART (25) -> SEMI_PROCESS (16)
2026-05-18 09:00:38 Re-Calculated Filling Volume: 0
2026-05-18 09:00:44 Setting CBS color valve (Finished): 0
2026-05-18 09:00:44 Handler State: SEMI_PROCESS (16) -> SEMI_WHAT_NEXT (21)
2026-05-18 09:00:44 Handler State: SEMI_WHAT_NEXT (21) -> SEMI_FINISHED (23)
2026-05-18 09:00:44 Handler State: SEMI_FINISHED (23) -> HANDLER_IDLE (1)
2026-05-18 09:01:38 Handler State: HANDLER_IDLE (1) -> HANDLER_START (2)
2026-05-18 09:01:39 Handler State: HANDLER_START (2) -> DECIDE_CART (3)
2026-05-18 09:01:39 Selection: IFS is clean and its cartridge is cleaned.
2026-05-18 09:01:39 Selected Primary Cartridge: 1
2026-05-18 09:01:39 Selected Primary Station: 102
2026-05-18 09:01:39 Selected Secondary Cartridge: 0
2026-05-18 09:01:39 Selected Secondary Station: 0
2026-05-18 09:01:39 Selected Filling Volume: 50
2026-05-18 09:01:39 Handler State: DECIDE_CART (3) -> CHECK_SEC_CART (26)
2026-05-18 09:01:39 Handler State: CHECK_SEC_CART (26) -> PROBE_CART (24)
2026-05-18 09:01:39 CartMove: Exchange 1, from 102
2026-05-18 09:01:39 CartMoveState: IDLE (1) -> FROM_MOVE (3)
2026-05-18 09:01:39 CartMoveState: FROM_MOVE (3) -> FROM_PROBE (19)
2026-05-18 09:01:41 Handler State: PROBE_CART (24) -> PROCESS_CART (6)
2026-05-18 09:01:41 Setting CBS color valve (FillIFS): 1
2026-05-18 09:01:43 Primed volume (FillIFS): 2.0172
2026-05-18 09:01:43 Re-Calculated Filling Volume: 50
2026-05-18 09:01:43 Setting CBS color valve (FillCart): 1
2026-05-18 09:01:54 Handler State: PROCESS_CART (6) -> EXCHANGE_ONE (7)
2026-05-18 09:01:54 CartMove: Exchange 1, from 102
2026-05-18 09:01:54 CartMoveState: FROM_PROBE (19) -> FROM_CART (4)
2026-05-18 09:02:00 Setting CBS color valve (Finished): 0
2026-05-18 09:02:02 CartMoveState: FROM_CART (4) -> TO_MOVE (10)
2026-05-18 09:02:03 CartMoveState: TO_MOVE (10) -> EXCH_1_WAIT (14)
2026-05-18 09:02:03 Handler State: EXCHANGE_ONE (7) -> START_DCU (8)
2026-05-18 09:02:03 Handler State: START_DCU (8) -> EXCHANGE_TWO (9)
2026-05-18 09:02:03 CartMove: Exchange 2
2026-05-18 09:02:03 CartMoveState: EXCH_1_WAIT (14) -> EXCH_1_CART (15)
2026-05-18 09:02:06 CartMoveState: EXCH_1_CART (15) -> EXCH_2_MOVE (16)
2026-05-18 09:02:07 CartMoveState: EXCH_2_MOVE (16) -> EXCH_2_CART (17)
2026-05-18 09:02:09 CartMoveState: EXCH_2_CART (17) -> STORE_DECIDE (18)
2026-05-18 09:02:09 Used volume for last job: 192.021
2026-05-18 09:02:09 Handler State: EXCHANGE_TWO (9) -> WAIT_FOR_DCU (10)
2026-05-18 09:02:10 Handler State: WAIT_FOR_DCU (10) -> EXCHANGE_THREE (11)
2026-05-18 09:02:10 CartMove: Exchange 3
2026-05-18 09:02:10 CartMoveState: STORE_DECIDE (18) -> AUX_DECIDE (5)
2026-05-18 09:02:10 CartMoveState: AUX_DECIDE (5) -> TO_MOVE (10)
2026-05-18 09:02:11 CartMoveState: TO_MOVE (10) -> TO_CART (11)
2026-05-18 09:02:13 CartMoveState: TO_CART (11) -> HOME_MOVE (12)
2026-05-18 09:02:13 CartMoveState: HOME_MOVE (12) -> HALT (13)
2026-05-18 09:02:13 CartMoveState: HALT (13) -> IDLE (1)
2026-05-18 09:02:13 Handler State: EXCHANGE_THREE (11) -> POST_PROCESS (12)
2026-05-18 09:02:13 Handler State: POST_PROCESS (12) -> MOVE_ARM_HOME (14)
2026-05-18 09:02:13 Handler State: MOVE_ARM_HOME (14) -> HANDLER_IDLE (1)
2026-05-18 09:05:43 Handler State: HANDLER_IDLE (1) -> HANDLER_START (2)
2026-05-18 09:05:44 Handler State: HANDLER_START (2) -> DECIDE_CART (3)
2026-05-18 09:05:44 Selection: IFS has correct material.
2026-05-18 09:05:45 Selection: Last resort, just pick the first cartridge.
2026-05-18 09:05:45 Selected Primary Cartridge: 4
2026-05-18 09:05:45 Selected Primary Station: 102
2026-05-18 09:05:45 Selected Secondary Cartridge: 0
2026-05-18 09:05:45 Selected Secondary Station: 0
2026-05-18 09:05:45 Selected Filling Volume: 291
2026-05-18 09:05:45 Handler State: DECIDE_CART (3) -> CHECK_SEC_CART (26)
2026-05-18 09:05:45 Handler State: CHECK_SEC_CART (26) -> PROBE_CART (24)
2026-05-18 09:05:45 CartMove: Exchange 1, from 102
2026-05-18 09:05:45 CartMoveState: IDLE (1) -> FROM_MOVE (3)
2026-05-18 09:05:45 CartMoveState: FROM_MOVE (3) -> FROM_PROBE (19)
2026-05-18 09:05:47 Handler State: PROBE_CART (24) -> PROCESS_CART (6)
2026-05-18 09:06:20 Setting CBS color valve (FillGate): 1
2026-05-18 09:06:21 Primed volume (FillGate): 1.93477
2026-05-18 09:06:21 Re-Calculated Filling Volume: 291
2026-05-18 09:06:21 Setting CBS color valve (FillCart): 1
2026-05-18 09:06:37 Handler State: PROCESS_CART (6) -> EXCHANGE_ONE (7)
2026-05-18 09:06:37 CartMove: Exchange 1, from 102
2026-05-18 09:06:37 CartMoveState: FROM_PROBE (19) -> FROM_CART (4)
2026-05-18 09:06:44 Setting CBS color valve (Finished): 0
2026-05-18 09:06:45 CartMoveState: FROM_CART (4) -> TO_MOVE (10)
2026-05-18 09:06:46 CartMoveState: TO_MOVE (10) -> EXCH_1_WAIT (14)
2026-05-18 09:06:46 Handler State: EXCHANGE_ONE (7) -> START_DCU (8)
2026-05-18 09:06:46 Handler State: START_DCU (8) -> EXCHANGE_TWO (9)
2026-05-18 09:06:46 CartMove: Exchange 2
2026-05-18 09:06:47 CartMoveState: EXCH_1_WAIT (14) -> EXCH_1_CART (15)
2026-05-18 09:06:49 CartMoveState: EXCH_1_CART (15) -> EXCH_2_MOVE (16)
2026-05-18 09:06:50 CartMoveState: EXCH_2_MOVE (16) -> EXCH_2_CART (17)
2026-05-18 09:06:52 CartMoveState: EXCH_2_CART (17) -> STORE_DECIDE (18)
2026-05-18 09:06:52 Used volume for last job: 0
2026-05-18 09:06:52 Handler State: EXCHANGE_TWO (9) -> WAIT_FOR_DCU (10)
2026-05-18 09:06:53 Handler State: WAIT_FOR_DCU (10) -> EXCHANGE_THREE (11)
2026-05-18 09:06:54 CartMove: Exchange 3
2026-05-18 09:06:54 CartMoveState: STORE_DECIDE (18) -> AUX_DECIDE (5)
2026-05-18 09:06:54 CartMoveState: AUX_DECIDE (5) -> TO_MOVE (10)
2026-05-18 09:06:54 CartMoveState: TO_MOVE (10) -> TO_CART (11)
2026-05-18 09:06:56 CartMoveState: TO_CART (11) -> HOME_MOVE (12)
2026-05-18 09:06:56 CartMoveState: HOME_MOVE (12) -> HALT (13)
2026-05-18 09:06:56 CartMoveState: HALT (13) -> IDLE (1)
2026-05-18 09:06:56 Handler State: EXCHANGE_THREE (11) -> POST_PROCESS (12)
2026-05-18 09:06:56 Handler State: POST_PROCESS (12) -> MOVE_ARM_HOME (14)
2026-05-18 09:06:56 Handler State: MOVE_ARM_HOME (14) -> HANDLER_IDLE (1)
2026-05-18 09:07:04 Handler State: HANDLER_IDLE (1) -> HANDLER_START (2)
2026-05-18 09:07:05 Handler State: HANDLER_START (2) -> DECIDE_CART (3)
2026-05-18 09:07:05 Selection: IFS is clean and its cartridge is cleaned.
2026-05-18 09:07:05 Selected Primary Cartridge: 6
2026-05-18 09:07:05 Selected Primary Station: 104
2026-05-18 09:07:05 Selected Secondary Cartridge: 0
2026-05-18 09:07:05 Selected Secondary Station: 0
2026-05-18 09:07:05 Selected Filling Volume: 436
2026-05-18 09:07:05 Handler State: DECIDE_CART (3) -> CHECK_SEC_CART (26)
2026-05-18 09:07:05 Handler State: CHECK_SEC_CART (26) -> PROBE_CART (24)
2026-05-18 09:07:05 CartMove: Exchange 1, from 104
2026-05-18 09:07:05 CartMoveState: IDLE (1) -> FROM_MOVE (3)
2026-05-18 09:07:06 CartMoveState: FROM_MOVE (3) -> FROM_PROBE (19)
2026-05-18 09:07:07 Handler State: PROBE_CART (24) -> PROCESS_CART (6)
2026-05-18 09:07:08 Setting CBS color valve (FillIFS): 1
2026-05-18 09:07:09 Primed volume (FillIFS): 1.89962
2026-05-18 09:07:09 Re-Calculated Filling Volume: 436
2026-05-18 09:07:09 Setting CBS color valve (FillCart): 1
2026-05-18 09:07:32 Handler State: PROCESS_CART (6) -> EXCHANGE_ONE (7)
2026-05-18 09:07:32 CartMove: Exchange 1, from 104
2026-05-18 09:07:32 CartMoveState: FROM_PROBE (19) -> FROM_CART (4)
2026-05-18 09:07:38 Setting CBS color valve (Finished): 0
2026-05-18 09:07:40 CartMoveState: FROM_CART (4) -> TO_MOVE (10)
2026-05-18 09:07:41 CartMoveState: TO_MOVE (10) -> EXCH_1_WAIT (14)
2026-05-18 09:07:41 Handler State: EXCHANGE_ONE (7) -> START_DCU (8)
2026-05-18 09:08:25 Handler State: START_DCU (8) -> EXCHANGE_TWO (9)
2026-05-18 09:08:25 CartMove: Exchange 2
2026-05-18 09:08:36 CartMoveState: EXCH_1_WAIT (14) -> EXCH_1_CART (15)
2026-05-18 09:08:39 CartMoveState: EXCH_1_CART (15) -> EXCH_2_MOVE (16)
2026-05-18 09:08:40 CartMoveState: EXCH_2_MOVE (16) -> EXCH_2_CART (17)
2026-05-18 09:08:42 CartMoveState: EXCH_2_CART (17) -> STORE_DECIDE (18)
2026-05-18 09:08:42 Used volume for last job: 239.288
2026-05-18 09:08:42 Handler State: EXCHANGE_TWO (9) -> WAIT_FOR_DCU (10)
2026-05-18 09:08:44 Handler State: WAIT_FOR_DCU (10) -> EXCHANGE_THREE (11)
2026-05-18 09:08:44 CartMove: Exchange 3
2026-05-18 09:08:44 CartMoveState: STORE_DECIDE (18) -> AUX_DECIDE (5)
2026-05-18 09:08:44 CartMoveState: AUX_DECIDE (5) -> TO_MOVE (10)
2026-05-18 09:08:46 CartMoveState: TO_MOVE (10) -> TO_CART (11)
2026-05-18 09:08:48 CartMoveState: TO_CART (11) -> HOME_MOVE (12)
2026-05-18 09:08:49 CartMoveState: HOME_MOVE (12) -> HALT (13)
2026-05-18 09:08:49 CartMoveState: HALT (13) -> IDLE (1)
2026-05-18 09:08:49 Handler State: EXCHANGE_THREE (11) -> POST_PROCESS (12)
2026-05-18 09:08:49 Handler State: POST_PROCESS (12) -> MOVE_ARM_HOME (14)
2026-05-18 09:08:49 Handler State: MOVE_ARM_HOME (14) -> HANDLER_IDLE (1)
2026-05-18 09:10:46 Handler State: HANDLER_IDLE (1) -> HANDLER_START (2)
2026-05-18 09:10:47 Handler State: HANDLER_START (2) -> DECIDE_CART (3)
2026-05-18 09:10:47 Selection: IFS has correct material.
2026-05-18 09:10:47 Selection: Last resort, just pick the first cartridge.
2026-05-18 09:10:47 Selected Primary Cartridge: 3
2026-05-18 09:10:47 Selected Primary Station: 104
2026-05-18 09:10:47 Selected Secondary Cartridge: 0
2026-05-18 09:10:47 Selected Secondary Station: 0
2026-05-18 09:10:47 Selected Filling Volume: 477
2026-05-18 09:10:47 Handler State: DECIDE_CART (3) -> PLACE_CART (5)
2026-05-18 09:10:47 CartMove: Move, from 107 to 104
2026-05-18 09:10:47 CartMoveState: IDLE (1) -> FROM_MOVE (3)
2026-05-18 09:10:48 CartMoveState: FROM_MOVE (3) -> FROM_CART (4)
2026-05-18 09:10:51 CartMoveState: FROM_CART (4) -> AUX_DECIDE (5)
2026-05-18 09:10:51 CartMoveState: AUX_DECIDE (5) -> TO_MOVE (10)
2026-05-18 09:10:52 CartMoveState: TO_MOVE (10) -> TO_CART (11)
2026-05-18 09:10:55 CartMoveState: TO_CART (11) -> HOME_MOVE (12)
2026-05-18 09:10:55 CartMoveState: HOME_MOVE (12) -> HALT (13)
2026-05-18 09:10:55 CartMoveState: HALT (13) -> IDLE (1)
2026-05-18 09:10:55 Handler State: PLACE_CART (5) -> CHECK_SEC_CART (26)
2026-05-18 09:10:55 Handler State: CHECK_SEC_CART (26) -> PROBE_CART (24)
2026-05-18 09:10:55 CartMove: Exchange 1, from 104
2026-05-18 09:10:55 CartMoveState: IDLE (1) -> FROM_MOVE (3)
2026-05-18 09:10:56 CartMoveState: FROM_MOVE (3) -> FROM_PROBE (19)
2026-05-18 09:10:58 Handler State: PROBE_CART (24) -> PROCESS_CART (6)
2026-05-18 09:11:50 Setting CBS color valve (FillGate): 1
2026-05-18 09:11:51 Primed volume (FillGate): 1.45432
2026-05-18 09:11:51 Re-Calculated Filling Volume: 477
2026-05-18 09:11:51 Setting CBS color valve (FillCart): 1
2026-05-18 09:12:13 Handler State: PROCESS_CART (6) -> EXCHANGE_ONE (7)
2026-05-18 09:12:13 CartMove: Exchange 1, from 104
2026-05-18 09:12:13 CartMoveState: FROM_PROBE (19) -> FROM_CART (4)
2026-05-18 09:12:19 Setting CBS color valve (Finished): 0
2026-05-18 09:12:21 CartMoveState: FROM_CART (4) -> TO_MOVE (10)
2026-05-18 09:12:22 CartMoveState: TO_MOVE (10) -> EXCH_1_WAIT (14)
2026-05-18 09:12:22 Handler State: EXCHANGE_ONE (7) -> START_DCU (8)
2026-05-18 09:12:41 Handler State: START_DCU (8) -> EXCHANGE_TWO (9)
2026-05-18 09:12:41 CartMove: Exchange 2
2026-05-18 09:12:42 CartMoveState: EXCH_1_WAIT (14) -> EXCH_1_CART (15)
2026-05-18 09:12:44 CartMoveState: EXCH_1_CART (15) -> EXCH_2_MOVE (16)
2026-05-18 09:12:45 CartMoveState: EXCH_2_MOVE (16) -> EXCH_2_CART (17)
2026-05-18 09:12:48 CartMoveState: EXCH_2_CART (17) -> STORE_DECIDE (18)
2026-05-18 09:12:48 Used volume for last job: 0
2026-05-18 09:12:48 Handler State: EXCHANGE_TWO (9) -> WAIT_FOR_DCU (10)
2026-05-18 09:12:49 Handler State: WAIT_FOR_DCU (10) -> EXCHANGE_THREE (11)
2026-05-18 09:12:49 CartMove: Exchange 3
2026-05-18 09:12:49 CartMoveState: STORE_DECIDE (18) -> AUX_DECIDE (5)
2026-05-18 09:12:49 CartMoveState: AUX_DECIDE (5) -> TO_MOVE (10)
2026-05-18 09:12:50 CartMoveState: TO_MOVE (10) -> TO_CART (11)
2026-05-18 09:12:52 CartMoveState: TO_CART (11) -> HOME_MOVE (12)
2026-05-18 09:12:53 CartMoveState: HOME_MOVE (12) -> HALT (13)
2026-05-18 09:12:53 CartMoveState: HALT (13) -> IDLE (1)
2026-05-18 09:12:53 Handler State: EXCHANGE_THREE (11) -> POST_PROCESS (12)
2026-05-18 09:12:53 Handler State: POST_PROCESS (12) -> MOVE_ARM_HOME (14)
2026-05-18 09:12:54 Handler State: MOVE_ARM_HOME (14) -> HANDLER_IDLE (1)
2026-05-18 09:12:58 Handler State: HANDLER_IDLE (1) -> HANDLER_START (2)
2026-05-18 09:12:59 Handler State: HANDLER_START (2) -> DECIDE_CART (3)
2026-05-18 09:12:59 Selection: IFS is clean and its cartridge is cleaned.
2026-05-18 09:12:59 Selected Primary Cartridge: 5
2026-05-18 09:12:59 Selected Primary Station: 103
2026-05-18 09:12:59 Selected Secondary Cartridge: 0
2026-05-18 09:12:59 Selected Secondary Station: 0
2026-05-18 09:12:59 Selected Filling Volume: 640
2026-05-18 09:12:59 Handler State: DECIDE_CART (3) -> CHECK_SEC_CART (26)
2026-05-18 09:12:59 Handler State: CHECK_SEC_CART (26) -> PROBE_CART (24)
2026-05-18 09:12:59 CartMove: Exchange 1, from 103
2026-05-18 09:12:59 CartMoveState: IDLE (1) -> FROM_MOVE (3)
2026-05-18 09:13:00 CartMoveState: FROM_MOVE (3) -> FROM_PROBE (19)
2026-05-18 09:13:01 Handler State: PROBE_CART (24) -> PROCESS_CART (6)
2026-05-18 09:13:02 Setting CBS color valve (FillIFS): 1
2026-05-18 09:13:03 Primed volume (FillIFS): 1.47126
2026-05-18 09:13:03 Re-Calculated Filling Volume: 640
2026-05-18 09:13:03 Setting CBS color valve (FillCart): 1
2026-05-18 09:13:23 Handler State: PROCESS_CART (6) -> EXCHANGE_ONE (7)
2026-05-18 09:13:23 CartMove: Exchange 1, from 103
2026-05-18 09:13:23 CartMoveState: FROM_PROBE (19) -> FROM_CART (4)
2026-05-18 09:13:28 Setting CBS color valve (Finished): 0
2026-05-18 09:13:30 CartMoveState: FROM_CART (4) -> TO_MOVE (10)
2026-05-18 09:13:31 CartMoveState: TO_MOVE (10) -> EXCH_1_WAIT (14)
2026-05-18 09:13:31 Handler State: EXCHANGE_ONE (7) -> START_DCU (8)
2026-05-18 09:14:27 Handler State: START_DCU (8) -> EXCHANGE_TWO (9)
2026-05-18 09:14:27 CartMove: Exchange 2
2026-05-18 09:14:38 CartMoveState: EXCH_1_WAIT (14) -> EXCH_1_CART (15)
2026-05-18 09:14:40 CartMoveState: EXCH_1_CART (15) -> EXCH_2_MOVE (16)
2026-05-18 09:14:41 CartMoveState: EXCH_2_MOVE (16) -> EXCH_2_CART (17)
2026-05-18 09:14:43 CartMoveState: EXCH_2_CART (17) -> STORE_DECIDE (18)
2026-05-18 09:14:43 Used volume for last job: 425.171
2026-05-18 09:14:43 Handler State: EXCHANGE_TWO (9) -> WAIT_FOR_DCU (10)
2026-05-18 09:14:45 Handler State: WAIT_FOR_DCU (10) -> EXCHANGE_THREE (11)
2026-05-18 09:14:45 CartMove: Exchange 3
2026-05-18 09:14:45 CartMoveState: STORE_DECIDE (18) -> AUX_DECIDE (5)
2026-05-18 09:14:45 CartMoveState: AUX_DECIDE (5) -> TO_MOVE (10)
2026-05-18 09:14:47 CartMoveState: TO_MOVE (10) -> TO_CART (11)
2026-05-18 09:14:49 CartMoveState: TO_CART (11) -> HOME_MOVE (12)
2026-05-18 09:14:50 CartMoveState: HOME_MOVE (12) -> HALT (13)
2026-05-18 09:14:50 CartMoveState: HALT (13) -> IDLE (1)
2026-05-18 09:14:50 Handler State: EXCHANGE_THREE (11) -> POST_PROCESS (12)
2026-05-18 09:14:50 Handler State: POST_PROCESS (12) -> MOVE_ARM_HOME (14)
2026-05-18 09:14:50 Handler State: MOVE_ARM_HOME (14) -> HANDLER_IDLE (1)
2026-05-18 09:15:50 Handler State: HANDLER_IDLE (1) -> HANDLER_START (2)
2026-05-18 09:15:51 Handler State: HANDLER_START (2) -> DECIDE_CART (3)
2026-05-18 09:15:51 Selection: IFS has correct material.
2026-05-18 09:15:51 Selection: Cartridge has correct material.
2026-05-18 09:15:51 Selected Primary Cartridge: 2
2026-05-18 09:15:51 Selected Primary Station: 103
2026-05-18 09:15:51 Selected Secondary Cartridge: 0
2026-05-18 09:15:51 Selected Secondary Station: 0
2026-05-18 09:15:51 Selected Filling Volume: 640
2026-05-18 09:15:51 Handler State: DECIDE_CART (3) -> PLACE_CART (5)
2026-05-18 09:15:51 CartMove: Move, from 106 to 103
2026-05-18 09:15:51 CartMoveState: IDLE (1) -> FROM_MOVE (3)
2026-05-18 09:15:52 CartMoveState: FROM_MOVE (3) -> FROM_CART (4)
2026-05-18 09:15:55 CartMoveState: FROM_CART (4) -> AUX_DECIDE (5)
2026-05-18 09:15:55 CartMoveState: AUX_DECIDE (5) -> TO_MOVE (10)
2026-05-18 09:15:56 CartMoveState: TO_MOVE (10) -> TO_CART (11)
2026-05-18 09:15:59 CartMoveState: TO_CART (11) -> HOME_MOVE (12)
2026-05-18 09:15:59 CartMoveState: HOME_MOVE (12) -> HALT (13)
2026-05-18 09:15:59 CartMoveState: HALT (13) -> IDLE (1)
2026-05-18 09:15:59 Handler State: PLACE_CART (5) -> CHECK_SEC_CART (26)
2026-05-18 09:15:59 Handler State: CHECK_SEC_CART (26) -> PROBE_CART (24)
2026-05-18 09:15:59 CartMove: Exchange 1, from 103
2026-05-18 09:15:59 CartMoveState: IDLE (1) -> FROM_MOVE (3)
2026-05-18 09:15:59 CartMoveState: FROM_MOVE (3) -> FROM_PROBE (19)
2026-05-18 09:16:01 Handler State: PROBE_CART (24) -> PROCESS_CART (6)
2026-05-18 09:17:38 Setting CBS color valve (FillGate): 1
2026-05-18 09:17:39 Primed volume (FillGate): 2.05298
2026-05-18 09:17:39 Re-Calculated Filling Volume: 640
2026-05-18 09:17:39 Setting CBS color valve (FillCart): 1
2026-05-18 09:18:02 Handler State: PROCESS_CART (6) -> EXCHANGE_ONE (7)
2026-05-18 09:18:02 CartMove: Exchange 1, from 103
2026-05-18 09:18:02 CartMoveState: FROM_PROBE (19) -> FROM_CART (4)
2026-05-18 09:18:08 Setting CBS color valve (Finished): 0
2026-05-18 09:18:09 CartMoveState: FROM_CART (4) -> TO_MOVE (10)
2026-05-18 09:18:10 CartMoveState: TO_MOVE (10) -> EXCH_1_WAIT (14)
2026-05-18 09:18:10 Handler State: EXCHANGE_ONE (7) -> START_DCU (8)
2026-05-18 09:18:11 Handler State: START_DCU (8) -> EXCHANGE_TWO (9)
2026-05-18 09:18:11 CartMove: Exchange 2
2026-05-18 09:18:11 CartMoveState: EXCH_1_WAIT (14) -> EXCH_1_CART (15)
2026-05-18 09:18:13 CartMoveState: EXCH_1_CART (15) -> EXCH_2_MOVE (16)
2026-05-18 09:18:14 CartMoveState: EXCH_2_MOVE (16) -> EXCH_2_CART (17)
2026-05-18 09:18:16 CartMoveState: EXCH_2_CART (17) -> STORE_DECIDE (18)
2026-05-18 09:18:16 Used volume for last job: 0
2026-05-18 09:18:16 Handler State: EXCHANGE_TWO (9) -> WAIT_FOR_DCU (10)
2026-05-18 09:18:18 Handler State: WAIT_FOR_DCU (10) -> EXCHANGE_THREE (11)
2026-05-18 09:18:18 CartMove: Exchange 3
2026-05-18 09:18:18 CartMoveState: STORE_DECIDE (18) -> AUX_DECIDE (5)
2026-05-18 09:18:18 CartMoveState: AUX_DECIDE (5) -> TO_MOVE (10)
2026-05-18 09:18:18 CartMoveState: TO_MOVE (10) -> TO_CART (11)
2026-05-18 09:18:21 CartMoveState: TO_CART (11) -> HOME_MOVE (12)
2026-05-18 09:18:22 CartMoveState: HOME_MOVE (12) -> HALT (13)
2026-05-18 09:18:22 CartMoveState: HALT (13) -> IDLE (1)
2026-05-18 09:18:22 Handler State: EXCHANGE_THREE (11) -> POST_PROCESS (12)
2026-05-18 09:18:22 Handler State: POST_PROCESS (12) -> MOVE_ARM_HOME (14)
2026-05-18 09:18:24 Handler State: MOVE_ARM_HOME (14) -> HANDLER_IDLE (1)
2026-05-18 09:18:29 Handler State: HANDLER_IDLE (1) -> HANDLER_START (2)
2026-05-18 09:18:30 Handler State: HANDLER_START (2) -> DECIDE_CART (3)
2026-05-18 09:18:30 Selection: Last resort, just pick the first IFS.
2026-05-18 09:18:30 Selection: Last resort, just pick the first cartridge.
2026-05-18 09:18:30 Selected Primary Cartridge: 5
2026-05-18 09:18:30 Selected Primary Station: 103
2026-05-18 09:18:30 Selected Secondary Cartridge: 0
2026-05-18 09:18:30 Selected Secondary Station: 0
2026-05-18 09:18:30 Selected Filling Volume: 249
2026-05-18 09:18:30 Handler State: DECIDE_CART (3) -> CHECK_SEC_CART (26)
2026-05-18 09:18:30 Handler State: CHECK_SEC_CART (26) -> PROBE_CART (24)
2026-05-18 09:18:30 CartMove: Exchange 1, from 103
2026-05-18 09:18:30 CartMoveState: IDLE (1) -> FROM_MOVE (3)
2026-05-18 09:18:30 CartMoveState: FROM_MOVE (3) -> FROM_PROBE (19)
2026-05-18 09:18:32 Handler State: PROBE_CART (24) -> PROCESS_CART (6)
2026-05-18 09:20:03 Setting CBS color valve (FillIFS): 2
2026-05-18 09:20:04 Primed volume (FillIFS): 4.56956
2026-05-18 09:20:04 Re-Calculated Filling Volume: 249
2026-05-18 09:20:04 Setting CBS color valve (FillCart): 2
2026-05-18 09:20:20 Handler State: PROCESS_CART (6) -> EXCHANGE_ONE (7)
2026-05-18 09:20:20 CartMove: Exchange 1, from 103
2026-05-18 09:20:20 CartMoveState: FROM_PROBE (19) -> FROM_CART (4)
2026-05-18 09:20:25 Setting CBS color valve (Finished): 0
2026-05-18 09:20:27 CartMoveState: FROM_CART (4) -> TO_MOVE (10)
2026-05-18 09:20:29 CartMoveState: TO_MOVE (10) -> EXCH_1_WAIT (14)
2026-05-18 09:20:29 Handler State: EXCHANGE_ONE (7) -> START_DCU (8)
2026-05-18 09:20:29 Handler State: START_DCU (8) -> EXCHANGE_TWO (9)
2026-05-18 09:20:29 CartMove: Exchange 2
2026-05-18 09:20:29 CartMoveState: EXCH_1_WAIT (14) -> EXCH_1_CART (15)
2026-05-18 09:20:32 CartMoveState: EXCH_1_CART (15) -> EXCH_2_MOVE (16)
2026-05-18 09:20:33 CartMoveState: EXCH_2_MOVE (16) -> EXCH_2_CART (17)
2026-05-18 09:20:35 CartMoveState: EXCH_2_CART (17) -> STORE_DECIDE (18)
2026-05-18 09:20:35 Used volume for last job: 55.9547
2026-05-18 09:20:35 Handler State: EXCHANGE_TWO (9) -> WAIT_FOR_DCU (10)
2026-05-18 09:20:37 Handler State: WAIT_FOR_DCU (10) -> EXCHANGE_THREE (11)
2026-05-18 09:20:37 CartMove: Exchange 3
2026-05-18 09:20:37 CartMoveState: STORE_DECIDE (18) -> AUX_DECIDE (5)
2026-05-18 09:20:37 CartMoveState: AUX_DECIDE (5) -> TO_MOVE (10)
2026-05-18 09:20:37 CartMoveState: TO_MOVE (10) -> TO_CART (11)
2026-05-18 09:20:40 CartMoveState: TO_CART (11) -> HOME_MOVE (12)
2026-05-18 09:20:40 CartMoveState: HOME_MOVE (12) -> HALT (13)
2026-05-18 09:20:40 CartMoveState: HALT (13) -> IDLE (1)
2026-05-18 09:20:40 Handler State: EXCHANGE_THREE (11) -> POST_PROCESS (12)
2026-05-18 09:20:40 Handler State: POST_PROCESS (12) -> MOVE_ARM_HOME (14)
2026-05-18 09:20:41 Handler State: MOVE_ARM_HOME (14) -> HANDLER_IDLE (1)
2026-05-18 09:20:52 Handler State: HANDLER_IDLE (1) -> HANDLER_START (2)
2026-05-18 09:20:53 Handler State: HANDLER_START (2) -> DECIDE_CART (3)
2026-05-18 09:20:53 Selection: IFS has correct material.
2026-05-18 09:20:53 Selection: Last resort, just pick the first cartridge.
2026-05-18 09:20:53 Selected Primary Cartridge: 2
2026-05-18 09:20:53 Selected Primary Station: 103
2026-05-18 09:20:53 Selected Secondary Cartridge: 0
2026-05-18 09:20:53 Selected Secondary Station: 0
2026-05-18 09:20:53 Selected Filling Volume: 286
2026-05-18 09:20:53 Handler State: DECIDE_CART (3) -> CHECK_SEC_CART (26)
2026-05-18 09:20:53 Handler State: CHECK_SEC_CART (26) -> PROBE_CART (24)
2026-05-18 09:20:53 CartMove: Exchange 1, from 103
2026-05-18 09:20:53 CartMoveState: IDLE (1) -> FROM_MOVE (3)
2026-05-18 09:20:53 CartMoveState: FROM_MOVE (3) -> FROM_PROBE (19)
2026-05-18 09:20:55 Handler State: PROBE_CART (24) -> PROCESS_CART (6)
2026-05-18 09:22:39 Setting CBS color valve (FillGate): 2
2026-05-18 09:22:40 Primed volume (FillGate): 2.35254
2026-05-18 09:22:40 Re-Calculated Filling Volume: 286
2026-05-18 09:22:40 Setting CBS color valve (FillCart): 2
2026-05-18 09:22:57 Handler State: PROCESS_CART (6) -> EXCHANGE_ONE (7)
2026-05-18 09:22:57 CartMove: Exchange 1, from 103
2026-05-18 09:22:57 CartMoveState: FROM_PROBE (19) -> FROM_CART (4)
2026-05-18 09:23:02 Setting CBS color valve (Finished): 0
2026-05-18 09:23:04 CartMoveState: FROM_CART (4) -> TO_MOVE (10)
2026-05-18 09:23:06 CartMoveState: TO_MOVE (10) -> EXCH_1_WAIT (14)
2026-05-18 09:23:06 Handler State: EXCHANGE_ONE (7) -> START_DCU (8)
2026-05-18 09:23:06 Handler State: START_DCU (8) -> EXCHANGE_TWO (9)
2026-05-18 09:23:06 CartMove: Exchange 2
2026-05-18 09:23:06 CartMoveState: EXCH_1_WAIT (14) -> EXCH_1_CART (15)
2026-05-18 09:23:09 CartMoveState: EXCH_1_CART (15) -> EXCH_2_MOVE (16)
2026-05-18 09:23:10 CartMoveState: EXCH_2_MOVE (16) -> EXCH_2_CART (17)
2026-05-18 09:23:12 CartMoveState: EXCH_2_CART (17) -> STORE_DECIDE (18)
2026-05-18 09:23:12 Used volume for last job: 0
2026-05-18 09:23:12 Handler State: EXCHANGE_TWO (9) -> WAIT_FOR_DCU (10)
2026-05-18 09:23:14 Handler State: WAIT_FOR_DCU (10) -> EXCHANGE_THREE (11)
2026-05-18 09:23:14 CartMove: Exchange 3
2026-05-18 09:23:14 CartMoveState: STORE_DECIDE (18) -> AUX_DECIDE (5)
2026-05-18 09:23:14 CartMoveState: AUX_DECIDE (5) -> TO_MOVE (10)
2026-05-18 09:23:14 CartMoveState: TO_MOVE (10) -> TO_CART (11)
2026-05-18 09:23:17 CartMoveState: TO_CART (11) -> HOME_MOVE (12)
2026-05-18 09:23:17 CartMoveState: HOME_MOVE (12) -> HALT (13)
2026-05-18 09:23:17 CartMoveState: HALT (13) -> IDLE (1)
2026-05-18 09:23:17 Handler State: EXCHANGE_THREE (11) -> POST_PROCESS (12)
2026-05-18 09:23:17 Handler State: POST_PROCESS (12) -> MOVE_ARM_HOME (14)
2026-05-18 09:23:17 Handler State: MOVE_ARM_HOME (14) -> HANDLER_IDLE (1)
2026-05-18 09:23:25 Handler State: HANDLER_IDLE (1) -> HANDLER_START (2)
2026-05-18 09:23:26 Handler State: HANDLER_START (2) -> DECIDE_CART (3)
2026-05-18 09:23:26 Selection: Last resort, just pick the first IFS.
2026-05-18 09:23:26 Selection: Last resort, just pick the first cartridge.
2026-05-18 09:23:26 Selected Primary Cartridge: 3
2026-05-18 09:23:26 Selected Primary Station: 104
2026-05-18 09:23:26 Selected Secondary Cartridge: 0
2026-05-18 09:23:26 Selected Secondary Station: 0
2026-05-18 09:23:26 Selected Filling Volume: 436
2026-05-18 09:23:26 Handler State: DECIDE_CART (3) -> REMOVE_CART (4)
2026-05-18 09:23:26 CartMove: Move, from 104 to 108
2026-05-18 09:23:26 CartMoveState: IDLE (1) -> FROM_MOVE (3)
2026-05-18 09:23:27 CartMoveState: FROM_MOVE (3) -> FROM_CART (4)
2026-05-18 09:23:30 CartMoveState: FROM_CART (4) -> AUX_DECIDE (5)
2026-05-18 09:23:30 CartMoveState: AUX_DECIDE (5) -> TO_MOVE (10)
2026-05-18 09:23:32 CartMoveState: TO_MOVE (10) -> TO_CART (11)
2026-05-18 09:23:34 CartMoveState: TO_CART (11) -> HOME_MOVE (12)
2026-05-18 09:23:35 CartMoveState: HOME_MOVE (12) -> HALT (13)
2026-05-18 09:23:35 CartMoveState: HALT (13) -> IDLE (1)
2026-05-18 09:23:35 Handler State: REMOVE_CART (4) -> PLACE_CART (5)
2026-05-18 09:23:35 CartMove: Move, from 107 to 104
2026-05-18 09:23:35 CartMoveState: IDLE (1) -> FROM_MOVE (3)
2026-05-18 09:23:37 CartMoveState: FROM_MOVE (3) -> FROM_CART (4)
2026-05-18 09:23:39 CartMoveState: FROM_CART (4) -> AUX_DECIDE (5)
2026-05-18 09:23:39 CartMoveState: AUX_DECIDE (5) -> TO_MOVE (10)
2026-05-18 09:23:41 CartMoveState: TO_MOVE (10) -> TO_CART (11)
2026-05-18 09:23:43 CartMoveState: TO_CART (11) -> HOME_MOVE (12)
2026-05-18 09:23:44 CartMoveState: HOME_MOVE (12) -> HALT (13)
2026-05-18 09:23:44 CartMoveState: HALT (13) -> IDLE (1)
2026-05-18 09:23:44 Handler State: PLACE_CART (5) -> CHECK_SEC_CART (26)
2026-05-18 09:23:44 Handler State: CHECK_SEC_CART (26) -> PROBE_CART (24)
2026-05-18 09:23:44 CartMove: Exchange 1, from 104
2026-05-18 09:23:44 CartMoveState: IDLE (1) -> FROM_MOVE (3)
2026-05-18 09:23:45 CartMoveState: FROM_MOVE (3) -> FROM_PROBE (19)
2026-05-18 09:23:46 Handler State: PROBE_CART (24) -> PROCESS_CART (6)
2026-05-18 09:24:19 Setting CBS color valve (FillIFS): 2
2026-05-18 09:24:20 Primed volume (FillIFS): 1.00675
2026-05-18 09:24:20 Re-Calculated Filling Volume: 436
2026-05-18 09:24:20 Setting CBS color valve (FillCart): 2
2026-05-18 09:24:44 Handler State: PROCESS_CART (6) -> EXCHANGE_ONE (7)
2026-05-18 09:24:44 CartMove: Exchange 1, from 104
2026-05-18 09:24:44 CartMoveState: FROM_PROBE (19) -> FROM_CART (4)
2026-05-18 09:24:50 Setting CBS color valve (Finished): 0
2026-05-18 09:24:52 CartMoveState: FROM_CART (4) -> TO_MOVE (10)
2026-05-18 09:24:53 CartMoveState: TO_MOVE (10) -> EXCH_1_WAIT (14)
2026-05-18 09:24:53 Handler State: EXCHANGE_ONE (7) -> START_DCU (8)
2026-05-18 09:24:54 Handler State: START_DCU (8) -> EXCHANGE_TWO (9)
2026-05-18 09:24:54 CartMove: Exchange 2
2026-05-18 09:24:57 CartMoveState: EXCH_1_WAIT (14) -> EXCH_1_CART (15)
2026-05-18 09:25:00 CartMoveState: EXCH_1_CART (15) -> EXCH_2_MOVE (16)
2026-05-18 09:25:01 CartMoveState: EXCH_2_MOVE (16) -> EXCH_2_CART (17)
2026-05-18 09:25:03 CartMoveState: EXCH_2_CART (17) -> STORE_DECIDE (18)
2026-05-18 09:25:03 Used volume for last job: 234.155
2026-05-18 09:25:03 Handler State: EXCHANGE_TWO (9) -> WAIT_FOR_DCU (10)
2026-05-18 09:25:05 Handler State: WAIT_FOR_DCU (10) -> EXCHANGE_THREE (11)
2026-05-18 09:25:05 CartMove: Exchange 3
2026-05-18 09:25:05 CartMoveState: STORE_DECIDE (18) -> AUX_DECIDE (5)
2026-05-18 09:25:05 CartMoveState: AUX_DECIDE (5) -> TO_MOVE (10)
2026-05-18 09:25:07 CartMoveState: TO_MOVE (10) -> TO_CART (11)
2026-05-18 09:25:09 CartMoveState: TO_CART (11) -> HOME_MOVE (12)
2026-05-18 09:25:10 CartMoveState: HOME_MOVE (12) -> HALT (13)
2026-05-18 09:25:10 CartMoveState: HALT (13) -> IDLE (1)
2026-05-18 09:25:10 Handler State: EXCHANGE_THREE (11) -> POST_PROCESS (12)
2026-05-18 09:25:10 Handler State: POST_PROCESS (12) -> EMPTY_AUX (13)
2026-05-18 09:25:10 CartMove: Move, from 108 to 104
2026-05-18 09:25:10 CartMoveState: IDLE (1) -> FROM_MOVE (3)
2026-05-18 09:25:12 CartMoveState: FROM_MOVE (3) -> FROM_CART (4)
2026-05-18 09:25:14 CartMoveState: FROM_CART (4) -> AUX_DECIDE (5)
2026-05-18 09:25:14 CartMoveState: AUX_DECIDE (5) -> TO_MOVE (10)
2026-05-18 09:25:16 CartMoveState: TO_MOVE (10) -> TO_CART (11)
2026-05-18 09:25:18 CartMoveState: TO_CART (11) -> HOME_MOVE (12)
2026-05-18 09:25:19 CartMoveState: HOME_MOVE (12) -> HALT (13)
2026-05-18 09:25:19 CartMoveState: HALT (13) -> IDLE (1)
2026-05-18 09:25:19 Handler State: EMPTY_AUX (13) -> MOVE_ARM_HOME (14)
2026-05-18 09:25:19 Handler State: MOVE_ARM_HOME (14) -> HANDLER_IDLE (1)
2026-05-18 09:25:26 Handler State: HANDLER_IDLE (1) -> HANDLER_START (2)
2026-05-18 09:25:27 Handler State: HANDLER_START (2) -> DECIDE_CART (3)
2026-05-18 09:25:27 Selection: IFS has correct material.
2026-05-18 09:25:27 Selection: Last resort, just pick the first cartridge.
2026-05-18 09:25:27 Selected Primary Cartridge: 6
2026-05-18 09:25:27 Selected Primary Station: 104
2026-05-18 09:25:27 Selected Secondary Cartridge: 0
2026-05-18 09:25:27 Selected Secondary Station: 0
2026-05-18 09:25:27 Selected Filling Volume: 477
2026-05-18 09:25:27 Handler State: DECIDE_CART (3) -> CHECK_SEC_CART (26)
2026-05-18 09:25:27 Handler State: CHECK_SEC_CART (26) -> PROBE_CART (24)
2026-05-18 09:25:27 CartMove: Exchange 1, from 104
2026-05-18 09:25:27 CartMoveState: IDLE (1) -> FROM_MOVE (3)
2026-05-18 09:25:28 CartMoveState: FROM_MOVE (3) -> FROM_PROBE (19)
2026-05-18 09:25:30 Handler State: PROBE_CART (24) -> PROCESS_CART (6)
2026-05-18 09:25:57 Setting CBS color valve (FillGate): 2
2026-05-18 09:25:58 Primed volume (FillGate): 0.680381
2026-05-18 09:25:58 Re-Calculated Filling Volume: 477
2026-05-18 09:25:58 Setting CBS color valve (FillCart): 2
2026-05-18 09:26:16 Handler State: PROCESS_CART (6) -> EXCHANGE_ONE (7)
2026-05-18 09:26:16 CartMove: Exchange 1, from 104
2026-05-18 09:26:16 CartMoveState: FROM_PROBE (19) -> FROM_CART (4)
2026-05-18 09:26:21 Setting CBS color valve (Finished): 0
2026-05-18 09:26:23 CartMoveState: FROM_CART (4) -> TO_MOVE (10)
2026-05-18 09:26:25 CartMoveState: TO_MOVE (10) -> EXCH_1_WAIT (14)
2026-05-18 09:26:25 Handler State: EXCHANGE_ONE (7) -> START_DCU (8)
2026-05-18 09:27:21 Handler State: START_DCU (8) -> EXCHANGE_TWO (9)
2026-05-18 09:27:21 CartMove: Exchange 2
2026-05-18 09:27:22 CartMoveState: EXCH_1_WAIT (14) -> EXCH_1_CART (15)
2026-05-18 09:27:25 CartMoveState: EXCH_1_CART (15) -> EXCH_2_MOVE (16)
2026-05-18 09:27:27 CartMoveState: EXCH_2_MOVE (16) -> EXCH_2_CART (17)
2026-05-18 09:27:29 CartMoveState: EXCH_2_CART (17) -> STORE_DECIDE (18)
2026-05-18 09:27:29 Used volume for last job: 0
2026-05-18 09:27:29 Handler State: EXCHANGE_TWO (9) -> WAIT_FOR_DCU (10)
2026-05-18 09:27:30 Handler State: WAIT_FOR_DCU (10) -> EXCHANGE_THREE (11)
2026-05-18 09:27:31 CartMove: Exchange 3
2026-05-18 09:27:31 CartMoveState: STORE_DECIDE (18) -> AUX_DECIDE (5)
2026-05-18 09:27:31 CartMoveState: AUX_DECIDE (5) -> TO_MOVE (10)
2026-05-18 09:27:31 CartMoveState: TO_MOVE (10) -> TO_CART (11)
2026-05-18 09:27:34 CartMoveState: TO_CART (11) -> HOME_MOVE (12)
2026-05-18 09:27:35 CartMoveState: HOME_MOVE (12) -> HALT (13)
2026-05-18 09:27:35 CartMoveState: HALT (13) -> IDLE (1)
2026-05-18 09:27:35 Handler State: EXCHANGE_THREE (11) -> POST_PROCESS (12)
2026-05-18 09:27:35 Handler State: POST_PROCESS (12) -> MOVE_ARM_HOME (14)
2026-05-18 09:27:35 Handler State: MOVE_ARM_HOME (14) -> HANDLER_IDLE (1)
2026-05-18 09:29:11 Handler State: HANDLER_IDLE (1) -> SEMI_START (15)
2026-05-18 09:29:11 Handler State: SEMI_START (15) -> SEMI_PROBE_CART (25)
2026-05-18 09:29:14 Handler State: SEMI_PROBE_CART (25) -> SEMI_PROCESS (16)
2026-05-18 09:29:42 Re-Calculated Filling Volume: 0
2026-05-18 09:29:48 Setting CBS color valve (Finished): 0
2026-05-18 09:29:48 Handler State: SEMI_PROCESS (16) -> SEMI_WHAT_NEXT (21)
2026-05-18 09:29:48 Handler State: SEMI_WHAT_NEXT (21) -> SEMI_FINISHED (23)
2026-05-18 09:29:48 Handler State: SEMI_FINISHED (23) -> HANDLER_IDLE (1)
2026-05-18 09:33:55 Handler State: HANDLER_IDLE (1) -> SEMI_START (15)
2026-05-18 09:33:55 Handler State: SEMI_START (15) -> SEMI_PROBE_CART (25)
2026-05-18 09:33:58 Handler State: SEMI_PROBE_CART (25) -> SEMI_PROCESS (16)
2026-05-18 09:34:31 Re-Calculated Filling Volume: 0
2026-05-18 09:34:36 Setting CBS color valve (Finished): 0
2026-05-18 09:34:36 Handler State: SEMI_PROCESS (16) -> SEMI_WHAT_NEXT (21)
2026-05-18 09:34:36 Handler State: SEMI_WHAT_NEXT (21) -> SEMI_FINISHED (23)
2026-05-18 09:34:37 Handler State: SEMI_FINISHED (23) -> HANDLER_IDLE (1)
2026-05-18 09:37:15 Handler State: HANDLER_IDLE (1) -> HANDLER_START (2)
2026-05-18 09:37:16 Handler State: HANDLER_START (2) -> DECIDE_CART (3)
2026-05-18 09:37:16 Selection: IFS is clean and its cartridge is cleaned.
2026-05-18 09:37:16 Selected Primary Cartridge: 3
2026-05-18 09:37:16 Selected Primary Station: 104
2026-05-18 09:37:16 Selected Secondary Cartridge: 0
2026-05-18 09:37:16 Selected Secondary Station: 0
2026-05-18 09:37:16 Selected Filling Volume: 419
2026-05-18 09:37:16 Handler State: DECIDE_CART (3) -> CHECK_SEC_CART (26)
2026-05-18 09:37:16 Handler State: CHECK_SEC_CART (26) -> PROBE_CART (24)
2026-05-18 09:37:16 CartMove: Exchange 1, from 104
2026-05-18 09:37:16 CartMoveState: IDLE (1) -> FROM_MOVE (3)
2026-05-18 09:37:17 CartMoveState: FROM_MOVE (3) -> FROM_PROBE (19)
2026-05-18 09:37:18 Handler State: PROBE_CART (24) -> PROCESS_CART (6)
2026-05-18 09:37:19 Setting CBS color valve (FillIFS): 1
2026-05-18 09:37:20 Primed volume (FillIFS): 1.10241
2026-05-18 09:37:20 Re-Calculated Filling Volume: 419
2026-05-18 09:37:20 Setting CBS color valve (FillCart): 1
2026-05-18 09:37:41 Handler State: PROCESS_CART (6) -> EXCHANGE_ONE (7)
2026-05-18 09:37:41 CartMove: Exchange 1, from 104
2026-05-18 09:37:41 CartMoveState: FROM_PROBE (19) -> FROM_CART (4)
2026-05-18 09:37:47 Setting CBS color valve (Finished): 0
2026-05-18 09:37:48 CartMoveState: FROM_CART (4) -> TO_MOVE (10)
2026-05-18 09:37:50 CartMoveState: TO_MOVE (10) -> EXCH_1_WAIT (14)
2026-05-18 09:37:50 Handler State: EXCHANGE_ONE (7) -> START_DCU (8)
2026-05-18 09:37:50 Handler State: START_DCU (8) -> EXCHANGE_TWO (9)
2026-05-18 09:37:50 CartMove: Exchange 2
2026-05-18 09:37:50 CartMoveState: EXCH_1_WAIT (14) -> EXCH_1_CART (15)
2026-05-18 09:37:53 CartMoveState: EXCH_1_CART (15) -> EXCH_2_MOVE (16)
2026-05-18 09:37:54 CartMoveState: EXCH_2_MOVE (16) -> EXCH_2_CART (17)
2026-05-18 09:37:56 CartMoveState: EXCH_2_CART (17) -> STORE_DECIDE (18)
2026-05-18 09:37:56 Used volume for last job: 425.177
2026-05-18 09:37:56 Handler State: EXCHANGE_TWO (9) -> WAIT_FOR_DCU (10)
2026-05-18 09:37:58 Handler State: WAIT_FOR_DCU (10) -> EXCHANGE_THREE (11)
2026-05-18 09:37:58 CartMove: Exchange 3
2026-05-18 09:37:58 CartMoveState: STORE_DECIDE (18) -> AUX_DECIDE (5)
2026-05-18 09:37:58 CartMoveState: AUX_DECIDE (5) -> TO_MOVE (10)
2026-05-18 09:37:59 CartMoveState: TO_MOVE (10) -> TO_CART (11)
2026-05-18 09:38:01 CartMoveState: TO_CART (11) -> HOME_MOVE (12)
2026-05-18 09:38:02 CartMoveState: HOME_MOVE (12) -> HALT (13)
2026-05-18 09:38:02 CartMoveState: HALT (13) -> IDLE (1)
2026-05-18 09:38:02 Handler State: EXCHANGE_THREE (11) -> POST_PROCESS (12)
2026-05-18 09:38:02 Handler State: POST_PROCESS (12) -> MOVE_ARM_HOME (14)
2026-05-18 09:38:02 Handler State: MOVE_ARM_HOME (14) -> HANDLER_IDLE (1)
2026-05-18 09:43:32 Handler State: HANDLER_IDLE (1) -> HANDLER_START (2)
2026-05-18 09:43:33 Handler State: HANDLER_START (2) -> DECIDE_CART (3)
2026-05-18 09:43:33 Selection: IFS has correct material.
2026-05-18 09:43:33 Selection: Last resort, just pick the first cartridge.
2026-05-18 09:43:33 Selected Primary Cartridge: 6
2026-05-18 09:43:33 Selected Primary Station: 104
2026-05-18 09:43:33 Selected Secondary Cartridge: 0
2026-05-18 09:43:33 Selected Secondary Station: 0
2026-05-18 09:43:33 Selected Filling Volume: 443
2026-05-18 09:43:33 Handler State: DECIDE_CART (3) -> CHECK_SEC_CART (26)
2026-05-18 09:43:33 Handler State: CHECK_SEC_CART (26) -> PROBE_CART (24)
2026-05-18 09:43:33 CartMove: Exchange 1, from 104
2026-05-18 09:43:33 CartMoveState: IDLE (1) -> FROM_MOVE (3)
2026-05-18 09:43:33 CartMoveState: FROM_MOVE (3) -> FROM_PROBE (19)
2026-05-18 09:43:35 Handler State: PROBE_CART (24) -> PROCESS_CART (6)
2026-05-18 09:44:07 Setting CBS color valve (FillGate): 1
2026-05-18 09:44:07 Primed volume (FillGate): 0.82757
2026-05-18 09:44:07 Re-Calculated Filling Volume: 443
2026-05-18 09:44:07 Setting CBS color valve (FillCart): 1
2026-05-18 09:44:28 Handler State: PROCESS_CART (6) -> EXCHANGE_ONE (7)
2026-05-18 09:44:28 CartMove: Exchange 1, from 104
2026-05-18 09:44:28 CartMoveState: FROM_PROBE (19) -> FROM_CART (4)
2026-05-18 09:44:33 Setting CBS color valve (Finished): 0
2026-05-18 09:44:35 CartMoveState: FROM_CART (4) -> TO_MOVE (10)
2026-05-18 09:44:37 CartMoveState: TO_MOVE (10) -> EXCH_1_WAIT (14)
2026-05-18 09:44:37 Handler State: EXCHANGE_ONE (7) -> START_DCU (8)
2026-05-18 09:45:26 Handler State: START_DCU (8) -> EXCHANGE_TWO (9)
2026-05-18 09:45:26 CartMove: Exchange 2
2026-05-18 09:45:27 CartMoveState: EXCH_1_WAIT (14) -> EXCH_1_CART (15)
2026-05-18 09:45:30 CartMoveState: EXCH_1_CART (15) -> EXCH_2_MOVE (16)
2026-05-18 09:45:31 CartMoveState: EXCH_2_MOVE (16) -> EXCH_2_CART (17)
2026-05-18 09:45:33 CartMoveState: EXCH_2_CART (17) -> STORE_DECIDE (18)
2026-05-18 09:45:33 Used volume for last job: 0
2026-05-18 09:45:33 Handler State: EXCHANGE_TWO (9) -> WAIT_FOR_DCU (10)
2026-05-18 09:45:35 Handler State: WAIT_FOR_DCU (10) -> EXCHANGE_THREE (11)
2026-05-18 09:45:35 CartMove: Exchange 3
2026-05-18 09:45:35 CartMoveState: STORE_DECIDE (18) -> AUX_DECIDE (5)
2026-05-18 09:45:35 CartMoveState: AUX_DECIDE (5) -> TO_MOVE (10)
2026-05-18 09:45:36 CartMoveState: TO_MOVE (10) -> TO_CART (11)
2026-05-18 09:45:38 CartMoveState: TO_CART (11) -> HOME_MOVE (12)
2026-05-18 09:45:39 CartMoveState: HOME_MOVE (12) -> HALT (13)
2026-05-18 09:45:39 CartMoveState: HALT (13) -> IDLE (1)
2026-05-18 09:45:39 Handler State: EXCHANGE_THREE (11) -> POST_PROCESS (12)
2026-05-18 09:45:39 Handler State: POST_PROCESS (12) -> MOVE_ARM_HOME (14)
2026-05-18 09:45:39 Handler State: MOVE_ARM_HOME (14) -> HANDLER_IDLE (1)
2026-05-18 09:45:44 Handler State: HANDLER_IDLE (1) -> HANDLER_START (2)
2026-05-18 09:45:45 Handler State: HANDLER_START (2) -> DECIDE_CART (3)
2026-05-18 09:45:45 Selection: IFS is clean and its cartridge is cleaned.
2026-05-18 09:45:45 Selected Primary Cartridge: 5
2026-05-18 09:45:45 Selected Primary Station: 103
2026-05-18 09:45:45 Selected Secondary Cartridge: 0
2026-05-18 09:45:45 Selected Secondary Station: 0
2026-05-18 09:45:45 Selected Filling Volume: 311
2026-05-18 09:45:45 Handler State: DECIDE_CART (3) -> CHECK_SEC_CART (26)
2026-05-18 09:45:45 Handler State: CHECK_SEC_CART (26) -> PROBE_CART (24)
2026-05-18 09:45:45 CartMove: Exchange 1, from 103
2026-05-18 09:45:45 CartMoveState: IDLE (1) -> FROM_MOVE (3)
2026-05-18 09:45:45 CartMoveState: FROM_MOVE (3) -> FROM_PROBE (19)
2026-05-18 09:45:47 Handler State: PROBE_CART (24) -> PROCESS_CART (6)
2026-05-18 09:45:47 Setting CBS color valve (FillIFS): 1
2026-05-18 09:45:48 Primed volume (FillIFS): 2.09115
2026-05-18 09:45:48 Re-Calculated Filling Volume: 311
2026-05-18 09:45:48 Setting CBS color valve (FillCart): 1
2026-05-18 09:46:05 Handler State: PROCESS_CART (6) -> EXCHANGE_ONE (7)
2026-05-18 09:46:05 CartMove: Exchange 1, from 103
2026-05-18 09:46:05 CartMoveState: FROM_PROBE (19) -> FROM_CART (4)
2026-05-18 09:46:10 Setting CBS color valve (Finished): 0
2026-05-18 09:46:12 CartMoveState: FROM_CART (4) -> TO_MOVE (10)
2026-05-18 09:46:13 CartMoveState: TO_MOVE (10) -> EXCH_1_WAIT (14)
2026-05-18 09:46:13 Handler State: EXCHANGE_ONE (7) -> START_DCU (8)
2026-05-18 09:47:11 Handler State: START_DCU (8) -> EXCHANGE_TWO (9)
2026-05-18 09:47:11 CartMove: Exchange 2
2026-05-18 09:47:22 CartMoveState: EXCH_1_WAIT (14) -> EXCH_1_CART (15)
2026-05-18 09:47:25 CartMoveState: EXCH_1_CART (15) -> EXCH_2_MOVE (16)
2026-05-18 09:47:26 CartMoveState: EXCH_2_MOVE (16) -> EXCH_2_CART (17)
2026-05-18 09:47:28 CartMoveState: EXCH_2_CART (17) -> STORE_DECIDE (18)
2026-05-18 09:47:28 Used volume for last job: 391.708
2026-05-18 09:47:28 Handler State: EXCHANGE_TWO (9) -> WAIT_FOR_DCU (10)
2026-05-18 09:47:29 Handler State: WAIT_FOR_DCU (10) -> EXCHANGE_THREE (11)
2026-05-18 09:47:29 CartMove: Exchange 3
2026-05-18 09:47:29 CartMoveState: STORE_DECIDE (18) -> AUX_DECIDE (5)
2026-05-18 09:47:29 CartMoveState: AUX_DECIDE (5) -> TO_MOVE (10)
2026-05-18 09:47:31 CartMoveState: TO_MOVE (10) -> TO_CART (11)
2026-05-18 09:47:33 CartMoveState: TO_CART (11) -> HOME_MOVE (12)
2026-05-18 09:47:35 CartMoveState: HOME_MOVE (12) -> HALT (13)
2026-05-18 09:47:35 CartMoveState: HALT (13) -> IDLE (1)
2026-05-18 09:47:35 Handler State: EXCHANGE_THREE (11) -> POST_PROCESS (12)
2026-05-18 09:47:35 Handler State: POST_PROCESS (12) -> MOVE_ARM_HOME (14)
2026-05-18 09:47:35 Handler State: MOVE_ARM_HOME (14) -> HANDLER_IDLE (1)
2026-05-18 09:50:25 Handler State: HANDLER_IDLE (1) -> SEMI_START (15)
2026-05-18 09:50:25 Handler State: SEMI_START (15) -> SEMI_PROBE_CART (25)
2026-05-18 09:50:29 Handler State: SEMI_PROBE_CART (25) -> SEMI_PROCESS (16)
2026-05-18 09:50:57 Re-Calculated Filling Volume: 0
2026-05-18 09:51:03 Setting CBS color valve (Finished): 0
2026-05-18 09:51:03 Handler State: SEMI_PROCESS (16) -> SEMI_WHAT_NEXT (21)
2026-05-18 09:51:03 Handler State: SEMI_WHAT_NEXT (21) -> SEMI_FINISHED (23)
2026-05-18 09:51:03 Handler State: SEMI_FINISHED (23) -> HANDLER_IDLE (1)
2026-05-18 09:51:16 Handler State: HANDLER_IDLE (1) -> SEMI_START (15)
2026-05-18 09:51:16 Handler State: SEMI_START (15) -> SEMI_PROBE_CART (25)
2026-05-18 09:51:19 Handler State: SEMI_PROBE_CART (25) -> SEMI_PROCESS (16)
2026-05-18 09:51:56 Re-Calculated Filling Volume: 0
2026-05-18 09:52:03 Setting CBS color valve (Finished): 0
2026-05-18 09:52:03 Handler State: SEMI_PROCESS (16) -> SEMI_WHAT_NEXT (21)
2026-05-18 09:52:03 Handler State: SEMI_WHAT_NEXT (21) -> SEMI_FINISHED (23)
2026-05-18 09:52:03 Handler State: SEMI_FINISHED (23) -> HANDLER_IDLE (1)
2026-05-18 10:01:55 Handler State: HANDLER_IDLE (1) -> HANDLER_START (2)
2026-05-18 10:01:56 Handler State: HANDLER_START (2) -> DECIDE_CART (3)
2026-05-18 10:01:56 Selection: IFS is clean and its cartridge is cleaned.
2026-05-18 10:01:56 Selected Primary Cartridge: 3
2026-05-18 10:01:56 Selected Primary Station: 104
2026-05-18 10:01:56 Selected Secondary Cartridge: 0
2026-05-18 10:01:56 Selected Secondary Station: 0
2026-05-18 10:01:56 Selected Filling Volume: 640
2026-05-18 10:01:56 Handler State: DECIDE_CART (3) -> CHECK_SEC_CART (26)
2026-05-18 10:01:56 Handler State: CHECK_SEC_CART (26) -> PROBE_CART (24)
2026-05-18 10:01:56 CartMove: Exchange 1, from 104
2026-05-18 10:01:56 CartMoveState: IDLE (1) -> FROM_MOVE (3)
2026-05-18 10:01:57 CartMoveState: FROM_MOVE (3) -> FROM_PROBE (19)
2026-05-18 10:01:58 Handler State: PROBE_CART (24) -> PROCESS_CART (6)
2026-05-18 10:01:58 Setting CBS color valve (FillIFS): 2
2026-05-18 10:02:00 Primed volume (FillIFS): 1.71058
2026-05-18 10:02:00 Re-Calculated Filling Volume: 640
2026-05-18 10:02:00 Setting CBS color valve (FillCart): 2
2026-05-18 10:02:25 Handler State: PROCESS_CART (6) -> EXCHANGE_ONE (7)
2026-05-18 10:02:25 CartMove: Exchange 1, from 104
2026-05-18 10:02:25 CartMoveState: FROM_PROBE (19) -> FROM_CART (4)
2026-05-18 10:02:31 Setting CBS color valve (Finished): 0
2026-05-18 10:02:33 CartMoveState: FROM_CART (4) -> TO_MOVE (10)
2026-05-18 10:02:34 CartMoveState: TO_MOVE (10) -> EXCH_1_WAIT (14)
2026-05-18 10:02:34 Handler State: EXCHANGE_ONE (7) -> START_DCU (8)
2026-05-18 10:02:35 Handler State: START_DCU (8) -> EXCHANGE_TWO (9)
2026-05-18 10:02:35 CartMove: Exchange 2
2026-05-18 10:02:35 CartMoveState: EXCH_1_WAIT (14) -> EXCH_1_CART (15)
2026-05-18 10:02:38 CartMoveState: EXCH_1_CART (15) -> EXCH_2_MOVE (16)
2026-05-18 10:02:39 CartMoveState: EXCH_2_MOVE (16) -> EXCH_2_CART (17)
2026-05-18 10:02:41 CartMoveState: EXCH_2_CART (17) -> STORE_DECIDE (18)
2026-05-18 10:02:41 Used volume for last job: 257.061
2026-05-18 10:02:41 Handler State: EXCHANGE_TWO (9) -> WAIT_FOR_DCU (10)
2026-05-18 10:02:43 Handler State: WAIT_FOR_DCU (10) -> EXCHANGE_THREE (11)
2026-05-18 10:02:43 CartMove: Exchange 3
2026-05-18 10:02:43 CartMoveState: STORE_DECIDE (18) -> AUX_DECIDE (5)
2026-05-18 10:02:43 CartMoveState: AUX_DECIDE (5) -> TO_MOVE (10)
2026-05-18 10:02:43 CartMoveState: TO_MOVE (10) -> TO_CART (11)
2026-05-18 10:02:46 CartMoveState: TO_CART (11) -> HOME_MOVE (12)
2026-05-18 10:02:46 CartMoveState: HOME_MOVE (12) -> HALT (13)
2026-05-18 10:02:46 CartMoveState: HALT (13) -> IDLE (1)
2026-05-18 10:02:46 Handler State: EXCHANGE_THREE (11) -> POST_PROCESS (12)
2026-05-18 10:02:46 Handler State: POST_PROCESS (12) -> MOVE_ARM_HOME (14)
2026-05-18 10:02:48 Handler State: MOVE_ARM_HOME (14) -> HANDLER_IDLE (1)
2026-05-18 10:05:32 Handler State: HANDLER_IDLE (1) -> HANDLER_START (2)
2026-05-18 10:05:33 Handler State: HANDLER_START (2) -> DECIDE_CART (3)
2026-05-18 10:05:33 Selection: IFS is clean and its cartridge is cleaned.
2026-05-18 10:05:33 Selected Primary Cartridge: 1
2026-05-18 10:05:33 Selected Primary Station: 102
2026-05-18 10:05:33 Selected Secondary Cartridge: 0
2026-05-18 10:05:33 Selected Secondary Station: 0
2026-05-18 10:05:33 Selected Filling Volume: 640
2026-05-18 10:05:33 Handler State: DECIDE_CART (3) -> CHECK_SEC_CART (26)
2026-05-18 10:05:33 Handler State: CHECK_SEC_CART (26) -> PROBE_CART (24)
2026-05-18 10:05:33 CartMove: Exchange 1, from 102
2026-05-18 10:05:33 CartMoveState: IDLE (1) -> FROM_MOVE (3)
2026-05-18 10:05:34 CartMoveState: FROM_MOVE (3) -> FROM_PROBE (19)
2026-05-18 10:05:35 Handler State: PROBE_CART (24) -> PROCESS_CART (6)
2026-05-18 10:05:35 Setting CBS color valve (FillIFS): 1
2026-05-18 10:05:37 Primed volume (FillIFS): 0.835644
2026-05-18 10:05:37 Re-Calculated Filling Volume: 640
2026-05-18 10:05:37 Setting CBS color valve (FillCart): 1
2026-05-18 10:05:58 Handler State: PROCESS_CART (6) -> EXCHANGE_ONE (7)
2026-05-18 10:05:58 CartMove: Exchange 1, from 102
2026-05-18 10:05:58 CartMoveState: FROM_PROBE (19) -> FROM_CART (4)
2026-05-18 10:06:05 Setting CBS color valve (Finished): 0
2026-05-18 10:06:07 CartMoveState: FROM_CART (4) -> TO_MOVE (10)
2026-05-18 10:06:08 CartMoveState: TO_MOVE (10) -> EXCH_1_WAIT (14)
2026-05-18 10:06:08 Handler State: EXCHANGE_ONE (7) -> START_DCU (8)
2026-05-18 10:07:35 Handler State: START_DCU (8) -> EXCHANGE_TWO (9)
2026-05-18 10:07:35 CartMove: Exchange 2
2026-05-18 10:07:46 CartMoveState: EXCH_1_WAIT (14) -> EXCH_1_CART (15)
2026-05-18 10:07:49 CartMoveState: EXCH_1_CART (15) -> EXCH_2_MOVE (16)
2026-05-18 10:07:50 CartMoveState: EXCH_2_MOVE (16) -> EXCH_2_CART (17)
2026-05-18 10:07:52 CartMoveState: EXCH_2_CART (17) -> STORE_DECIDE (18)
2026-05-18 10:07:52 Used volume for last job: 439.884
2026-05-18 10:07:52 Handler State: EXCHANGE_TWO (9) -> WAIT_FOR_DCU (10)
2026-05-18 10:07:54 Handler State: WAIT_FOR_DCU (10) -> EXCHANGE_THREE (11)
2026-05-18 10:07:54 CartMove: Exchange 3
2026-05-18 10:07:54 CartMoveState: STORE_DECIDE (18) -> AUX_DECIDE (5)
