2026-05-13 17:28:33 CartMoveState: AUX_DECIDE (5) -> TO_MOVE (10)
2026-05-13 17:28:35 CartMoveState: TO_MOVE (10) -> TO_CART (11)
2026-05-13 17:28:37 CartMoveState: TO_CART (11) -> HOME_MOVE (12)
2026-05-13 17:28:38 CartMoveState: HOME_MOVE (12) -> HALT (13)
2026-05-13 17:28:38 CartMoveState: HALT (13) -> IDLE (1)
2026-05-13 17:28:38 Handler State: REMOVE_CART (4) -> PLACE_CART (5)
2026-05-13 17:28:38 CartMove: Move, from 106 to 103
2026-05-13 17:28:38 CartMoveState: IDLE (1) -> FROM_MOVE (3)
2026-05-13 17:28:40 CartMoveState: FROM_MOVE (3) -> FROM_CART (4)
2026-05-13 17:28:42 CartMoveState: FROM_CART (4) -> AUX_DECIDE (5)
2026-05-13 17:28:42 CartMoveState: AUX_DECIDE (5) -> TO_MOVE (10)
2026-05-13 17:28:44 CartMoveState: TO_MOVE (10) -> TO_CART (11)
2026-05-13 17:28:46 CartMoveState: TO_CART (11) -> HOME_MOVE (12)
2026-05-13 17:28:46 CartMoveState: HOME_MOVE (12) -> HALT (13)
2026-05-13 17:28:46 CartMoveState: HALT (13) -> IDLE (1)
2026-05-13 17:28:46 Handler State: PLACE_CART (5) -> CHECK_SEC_CART (26)
2026-05-13 17:28:46 Handler State: CHECK_SEC_CART (26) -> PROBE_CART (24)
2026-05-13 17:28:46 CartMove: Exchange 1, from 103
2026-05-13 17:28:46 CartMoveState: IDLE (1) -> FROM_MOVE (3)
2026-05-13 17:28:46 CartMoveState: FROM_MOVE (3) -> FROM_PROBE (19)
2026-05-13 17:28:48 Handler State: PROBE_CART (24) -> PROCESS_CART (6)
2026-05-13 17:29:22 Setting CBS color valve (FillIFS): 1
2026-05-13 17:29:23 Primed volume (FillIFS): 4.94128
2026-05-13 17:29:23 Re-Calculated Filling Volume: 562
2026-05-13 17:29:23 Setting CBS color valve (FillCart): 1
2026-05-13 17:29:45 Handler State: PROCESS_CART (6) -> EXCHANGE_ONE (7)
2026-05-13 17:29:45 CartMove: Exchange 1, from 103
2026-05-13 17:29:45 CartMoveState: FROM_PROBE (19) -> FROM_CART (4)
2026-05-13 17:29:50 Setting CBS color valve (Finished): 0
2026-05-13 17:29:52 CartMoveState: FROM_CART (4) -> TO_MOVE (10)
2026-05-13 17:29:54 CartMoveState: TO_MOVE (10) -> EXCH_1_WAIT (14)
2026-05-13 17:29:54 Handler State: EXCHANGE_ONE (7) -> START_DCU (8)
2026-05-13 17:29:54 Handler State: START_DCU (8) -> EXCHANGE_TWO (9)
2026-05-13 17:29:54 CartMove: Exchange 2
2026-05-13 17:29:54 CartMoveState: EXCH_1_WAIT (14) -> EXCH_1_CART (15)
2026-05-13 17:29:57 CartMoveState: EXCH_1_CART (15) -> EXCH_2_MOVE (16)
2026-05-13 17:29:58 CartMoveState: EXCH_2_MOVE (16) -> EXCH_2_CART (17)
2026-05-13 17:30:00 CartMoveState: EXCH_2_CART (17) -> STORE_DECIDE (18)
2026-05-13 17:30:00 Used volume for last job: 264.2
2026-05-13 17:30:00 Handler State: EXCHANGE_TWO (9) -> WAIT_FOR_DCU (10)
2026-05-13 17:30:02 Handler State: WAIT_FOR_DCU (10) -> EXCHANGE_THREE (11)
2026-05-13 17:30:02 CartMove: Exchange 3
2026-05-13 17:30:02 CartMoveState: STORE_DECIDE (18) -> AUX_DECIDE (5)
2026-05-13 17:30:02 CartMoveState: AUX_DECIDE (5) -> TO_MOVE (10)
2026-05-13 17:30:03 CartMoveState: TO_MOVE (10) -> TO_CART (11)
2026-05-13 17:30:05 CartMoveState: TO_CART (11) -> HOME_MOVE (12)
2026-05-13 17:30:07 CartMoveState: HOME_MOVE (12) -> HALT (13)
2026-05-13 17:30:07 CartMoveState: HALT (13) -> IDLE (1)
2026-05-13 17:30:07 Handler State: EXCHANGE_THREE (11) -> POST_PROCESS (12)
2026-05-13 17:30:07 Handler State: POST_PROCESS (12) -> EMPTY_AUX (13)
2026-05-13 17:30:07 CartMove: Move, from 108 to 103
2026-05-13 17:30:07 CartMoveState: IDLE (1) -> FROM_MOVE (3)
2026-05-13 17:30:09 CartMoveState: FROM_MOVE (3) -> FROM_CART (4)
2026-05-13 17:30:11 CartMoveState: FROM_CART (4) -> AUX_DECIDE (5)
2026-05-13 17:30:11 CartMoveState: AUX_DECIDE (5) -> TO_MOVE (10)
2026-05-13 17:30:13 CartMoveState: TO_MOVE (10) -> TO_CART (11)
2026-05-13 17:30:15 CartMoveState: TO_CART (11) -> HOME_MOVE (12)
2026-05-13 17:30:15 CartMoveState: HOME_MOVE (12) -> HALT (13)
2026-05-13 17:30:15 CartMoveState: HALT (13) -> IDLE (1)
2026-05-13 17:30:15 Handler State: EMPTY_AUX (13) -> MOVE_ARM_HOME (14)
2026-05-13 17:30:16 Handler State: MOVE_ARM_HOME (14) -> HANDLER_IDLE (1)
2026-05-13 17:35:57 Handler State: HANDLER_IDLE (1) -> SEMI_START (15)
2026-05-13 17:35:57 Handler State: SEMI_START (15) -> SEMI_PROBE_CART (25)
2026-05-13 17:36:00 Handler State: SEMI_PROBE_CART (25) -> SEMI_PROCESS (16)
2026-05-13 17:37:18 Re-Calculated Filling Volume: 0
2026-05-13 17:37:23 Setting CBS color valve (Finished): 0
2026-05-13 17:37:23 Handler State: SEMI_PROCESS (16) -> SEMI_WHAT_NEXT (21)
2026-05-13 17:37:23 Handler State: SEMI_WHAT_NEXT (21) -> SEMI_FINISHED (23)
2026-05-13 17:37:24 Handler State: SEMI_FINISHED (23) -> HANDLER_IDLE (1)
2026-05-13 17:37:26 Handler State: HANDLER_IDLE (1) -> SEMI_START (15)
2026-05-13 17:37:26 Handler State: SEMI_START (15) -> SEMI_PROBE_CART (25)
2026-05-13 17:37:29 Handler State: SEMI_PROBE_CART (25) -> SEMI_PROCESS (16)
2026-05-13 17:37:59 Re-Calculated Filling Volume: 0
2026-05-13 17:38:06 Setting CBS color valve (Finished): 0
2026-05-13 17:38:06 Handler State: SEMI_PROCESS (16) -> SEMI_WHAT_NEXT (21)
2026-05-13 17:38:06 Handler State: SEMI_WHAT_NEXT (21) -> SEMI_FINISHED (23)
2026-05-13 17:38:07 Handler State: SEMI_FINISHED (23) -> HANDLER_IDLE (1)
2026-05-13 17:50:52 Handler State: HANDLER_IDLE (1) -> SEMI_START (15)
2026-05-13 17:50:52 Handler State: SEMI_START (15) -> SEMI_PROBE_CART (25)
2026-05-13 17:50:55 Handler State: SEMI_PROBE_CART (25) -> SEMI_PROCESS (16)
2026-05-13 17:52:09 Re-Calculated Filling Volume: 0
2026-05-13 17:52:15 Setting CBS color valve (Finished): 0
2026-05-13 17:52:15 Handler State: SEMI_PROCESS (16) -> SEMI_WHAT_NEXT (21)
2026-05-13 17:52:15 Handler State: SEMI_WHAT_NEXT (21) -> SEMI_FINISHED (23)
2026-05-13 17:52:15 Handler State: SEMI_FINISHED (23) -> HANDLER_IDLE (1)
2026-05-13 17:52:56 Handler State: HANDLER_IDLE (1) -> HANDLER_START (2)
2026-05-13 17:52:57 Handler State: HANDLER_START (2) -> DECIDE_CART (3)
2026-05-13 17:52:57 Selection: IFS is clean and its cartridge is cleaned.
2026-05-13 17:52:57 Selected Primary Cartridge: 6
2026-05-13 17:52:57 Selected Primary Station: 104
2026-05-13 17:52:57 Selected Secondary Cartridge: 0
2026-05-13 17:52:57 Selected Secondary Station: 0
2026-05-13 17:52:57 Selected Filling Volume: 562
2026-05-13 17:52:57 Handler State: DECIDE_CART (3) -> CHECK_SEC_CART (26)
2026-05-13 17:52:57 Handler State: CHECK_SEC_CART (26) -> PROBE_CART (24)
2026-05-13 17:52:57 CartMove: Exchange 1, from 104
2026-05-13 17:52:57 CartMoveState: IDLE (1) -> FROM_MOVE (3)
2026-05-13 17:52:58 CartMoveState: FROM_MOVE (3) -> FROM_PROBE (19)
2026-05-13 17:52:59 Handler State: PROBE_CART (24) -> PROCESS_CART (6)
2026-05-13 17:53:00 Setting CBS color valve (FillIFS): 1
2026-05-13 17:53:01 Primed volume (FillIFS): 1.28615
2026-05-13 17:53:01 Re-Calculated Filling Volume: 562
2026-05-13 17:53:01 Setting CBS color valve (FillCart): 1
2026-05-13 17:53:24 Handler State: PROCESS_CART (6) -> EXCHANGE_ONE (7)
2026-05-13 17:53:24 CartMove: Exchange 1, from 104
2026-05-13 17:53:24 CartMoveState: FROM_PROBE (19) -> FROM_CART (4)
2026-05-13 17:53:29 Setting CBS color valve (Finished): 0
2026-05-13 17:53:31 CartMoveState: FROM_CART (4) -> TO_MOVE (10)
2026-05-13 17:53:33 CartMoveState: TO_MOVE (10) -> EXCH_1_WAIT (14)
2026-05-13 17:53:33 Handler State: EXCHANGE_ONE (7) -> START_DCU (8)
2026-05-13 17:53:33 Handler State: START_DCU (8) -> EXCHANGE_TWO (9)
2026-05-13 17:53:33 CartMove: Exchange 2
2026-05-13 17:53:33 CartMoveState: EXCH_1_WAIT (14) -> EXCH_1_CART (15)
2026-05-13 17:53:36 CartMoveState: EXCH_1_CART (15) -> EXCH_2_MOVE (16)
2026-05-13 17:53:37 CartMoveState: EXCH_2_MOVE (16) -> EXCH_2_CART (17)
2026-05-13 17:53:39 CartMoveState: EXCH_2_CART (17) -> STORE_DECIDE (18)
2026-05-13 17:53:39 Used volume for last job: 508.254
2026-05-13 17:53:39 Handler State: EXCHANGE_TWO (9) -> WAIT_FOR_DCU (10)
2026-05-13 17:53:41 Handler State: WAIT_FOR_DCU (10) -> EXCHANGE_THREE (11)
2026-05-13 17:53:41 CartMove: Exchange 3
2026-05-13 17:53:41 CartMoveState: STORE_DECIDE (18) -> AUX_DECIDE (5)
2026-05-13 17:53:41 CartMoveState: AUX_DECIDE (5) -> TO_MOVE (10)
2026-05-13 17:53:43 CartMoveState: TO_MOVE (10) -> TO_CART (11)
2026-05-13 17:53:45 CartMoveState: TO_CART (11) -> HOME_MOVE (12)
2026-05-13 17:53:46 CartMoveState: HOME_MOVE (12) -> HALT (13)
2026-05-13 17:53:46 CartMoveState: HALT (13) -> IDLE (1)
2026-05-13 17:53:46 Handler State: EXCHANGE_THREE (11) -> POST_PROCESS (12)
2026-05-13 17:53:46 Handler State: POST_PROCESS (12) -> MOVE_ARM_HOME (14)
2026-05-13 17:53:46 Handler State: MOVE_ARM_HOME (14) -> HANDLER_IDLE (1)
2026-05-13 17:59:19 Handler State: HANDLER_IDLE (1) -> HANDLER_START (2)
2026-05-13 17:59:20 Handler State: HANDLER_START (2) -> DECIDE_CART (3)
2026-05-13 17:59:20 Selection: IFS is clean and its cartridge is cleaned.
2026-05-13 17:59:20 Selected Primary Cartridge: 1
2026-05-13 17:59:20 Selected Primary Station: 102
2026-05-13 17:59:20 Selected Secondary Cartridge: 0
2026-05-13 17:59:20 Selected Secondary Station: 0
2026-05-13 17:59:20 Selected Filling Volume: 640
2026-05-13 17:59:20 Handler State: DECIDE_CART (3) -> CHECK_SEC_CART (26)
2026-05-13 17:59:20 Handler State: CHECK_SEC_CART (26) -> PROBE_CART (24)
2026-05-13 17:59:20 CartMove: Exchange 1, from 102
2026-05-13 17:59:20 CartMoveState: IDLE (1) -> FROM_MOVE (3)
2026-05-13 17:59:20 CartMoveState: FROM_MOVE (3) -> FROM_PROBE (19)
2026-05-13 17:59:22 Handler State: PROBE_CART (24) -> PROCESS_CART (6)
2026-05-13 17:59:22 Setting CBS color valve (FillIFS): 1
2026-05-13 17:59:23 Primed volume (FillIFS): 1.94108
2026-05-13 17:59:23 Re-Calculated Filling Volume: 640
2026-05-13 17:59:23 Setting CBS color valve (FillCart): 1
2026-05-13 17:59:47 Handler State: PROCESS_CART (6) -> EXCHANGE_ONE (7)
2026-05-13 17:59:47 CartMove: Exchange 1, from 102
2026-05-13 17:59:47 CartMoveState: FROM_PROBE (19) -> FROM_CART (4)
2026-05-13 17:59:54 Setting CBS color valve (Finished): 0
2026-05-13 17:59:56 CartMoveState: FROM_CART (4) -> TO_MOVE (10)
2026-05-13 17:59:57 CartMoveState: TO_MOVE (10) -> EXCH_1_WAIT (14)
2026-05-13 17:59:57 Handler State: EXCHANGE_ONE (7) -> START_DCU (8)
2026-05-13 17:59:57 Handler State: START_DCU (8) -> EXCHANGE_TWO (9)
2026-05-13 17:59:57 CartMove: Exchange 2
2026-05-13 17:59:57 CartMoveState: EXCH_1_WAIT (14) -> EXCH_1_CART (15)
2026-05-13 18:00:00 CartMoveState: EXCH_1_CART (15) -> EXCH_2_MOVE (16)
2026-05-13 18:00:01 CartMoveState: EXCH_2_MOVE (16) -> EXCH_2_CART (17)
2026-05-13 18:00:03 CartMoveState: EXCH_2_CART (17) -> STORE_DECIDE (18)
2026-05-13 18:00:03 Used volume for last job: 508.734
2026-05-13 18:00:03 Handler State: EXCHANGE_TWO (9) -> WAIT_FOR_DCU (10)
2026-05-13 18:00:05 Handler State: WAIT_FOR_DCU (10) -> EXCHANGE_THREE (11)
2026-05-13 18:00:05 CartMove: Exchange 3
2026-05-13 18:00:05 CartMoveState: STORE_DECIDE (18) -> AUX_DECIDE (5)
2026-05-13 18:00:05 CartMoveState: AUX_DECIDE (5) -> TO_MOVE (10)
2026-05-13 18:00:06 CartMoveState: TO_MOVE (10) -> TO_CART (11)
2026-05-13 18:00:08 CartMoveState: TO_CART (11) -> HOME_MOVE (12)
2026-05-13 18:00:09 CartMoveState: HOME_MOVE (12) -> HALT (13)
2026-05-13 18:00:09 CartMoveState: HALT (13) -> IDLE (1)
2026-05-13 18:00:09 Handler State: EXCHANGE_THREE (11) -> POST_PROCESS (12)
2026-05-13 18:00:09 Handler State: POST_PROCESS (12) -> MOVE_ARM_HOME (14)
2026-05-13 18:00:10 Handler State: MOVE_ARM_HOME (14) -> HANDLER_IDLE (1)
2026-05-13 18:08:28 Handler State: HANDLER_IDLE (1) -> HANDLER_START (2)
2026-05-13 18:08:29 Handler State: HANDLER_START (2) -> DECIDE_CART (3)
2026-05-13 18:08:29 Selection: IFS is clean and its cartridge is cleaned.
2026-05-13 18:08:29 Selected Primary Cartridge: 5
2026-05-13 18:08:29 Selected Primary Station: 103
2026-05-13 18:08:29 Selected Secondary Cartridge: 0
2026-05-13 18:08:29 Selected Secondary Station: 0
2026-05-13 18:08:29 Selected Filling Volume: 640
2026-05-13 18:08:29 Handler State: DECIDE_CART (3) -> CHECK_SEC_CART (26)
2026-05-13 18:08:29 Handler State: CHECK_SEC_CART (26) -> PROBE_CART (24)
2026-05-13 18:08:29 CartMove: Exchange 1, from 103
2026-05-13 18:08:29 CartMoveState: IDLE (1) -> FROM_MOVE (3)
2026-05-13 18:08:29 CartMoveState: FROM_MOVE (3) -> FROM_PROBE (19)
2026-05-13 18:08:31 Handler State: PROBE_CART (24) -> PROCESS_CART (6)
2026-05-13 18:08:31 Setting CBS color valve (FillIFS): 1
2026-05-13 18:08:32 Primed volume (FillIFS): 1.55392
2026-05-13 18:08:32 Re-Calculated Filling Volume: 640
2026-05-13 18:08:32 Setting CBS color valve (FillCart): 1
2026-05-13 18:08:57 Handler State: PROCESS_CART (6) -> EXCHANGE_ONE (7)
2026-05-13 18:08:57 CartMove: Exchange 1, from 103
2026-05-13 18:08:57 CartMoveState: FROM_PROBE (19) -> FROM_CART (4)
2026-05-13 18:09:02 Setting CBS color valve (Finished): 0
2026-05-13 18:09:04 CartMoveState: FROM_CART (4) -> TO_MOVE (10)
2026-05-13 18:09:06 CartMoveState: TO_MOVE (10) -> EXCH_1_WAIT (14)
2026-05-13 18:09:06 Handler State: EXCHANGE_ONE (7) -> START_DCU (8)
2026-05-13 18:09:06 Handler State: START_DCU (8) -> EXCHANGE_TWO (9)
2026-05-13 18:09:06 CartMove: Exchange 2
2026-05-13 18:09:06 CartMoveState: EXCH_1_WAIT (14) -> EXCH_1_CART (15)
2026-05-13 18:09:09 CartMoveState: EXCH_1_CART (15) -> EXCH_2_MOVE (16)
2026-05-13 18:09:10 CartMoveState: EXCH_2_MOVE (16) -> EXCH_2_CART (17)
2026-05-13 18:09:12 CartMoveState: EXCH_2_CART (17) -> STORE_DECIDE (18)
2026-05-13 18:09:12 Used volume for last job: 318.525
2026-05-13 18:09:12 Handler State: EXCHANGE_TWO (9) -> WAIT_FOR_DCU (10)
2026-05-13 18:09:13 Handler State: WAIT_FOR_DCU (10) -> EXCHANGE_THREE (11)
2026-05-13 18:09:13 CartMove: Exchange 3
2026-05-13 18:09:13 CartMoveState: STORE_DECIDE (18) -> AUX_DECIDE (5)
2026-05-13 18:09:13 CartMoveState: AUX_DECIDE (5) -> TO_MOVE (10)
2026-05-13 18:09:14 CartMoveState: TO_MOVE (10) -> TO_CART (11)
2026-05-13 18:09:16 CartMoveState: TO_CART (11) -> HOME_MOVE (12)
2026-05-13 18:09:16 CartMoveState: HOME_MOVE (12) -> HALT (13)
2026-05-13 18:09:16 CartMoveState: HALT (13) -> IDLE (1)
2026-05-13 18:09:16 Handler State: EXCHANGE_THREE (11) -> POST_PROCESS (12)
2026-05-13 18:09:16 Handler State: POST_PROCESS (12) -> MOVE_ARM_HOME (14)
2026-05-13 18:09:19 Handler State: MOVE_ARM_HOME (14) -> HANDLER_IDLE (1)
2026-05-13 18:12:37 Handler State: HANDLER_IDLE (1) -> SEMI_START (15)
2026-05-13 18:12:37 Handler State: SEMI_START (15) -> SEMI_PROBE_CART (25)
2026-05-13 18:12:40 Handler State: SEMI_PROBE_CART (25) -> SEMI_PROCESS (16)
2026-05-13 18:13:14 Re-Calculated Filling Volume: 0
2026-05-13 18:13:20 Setting CBS color valve (Finished): 0
2026-05-13 18:13:20 Handler State: SEMI_PROCESS (16) -> SEMI_WHAT_NEXT (21)
2026-05-13 18:13:20 Handler State: SEMI_WHAT_NEXT (21) -> SEMI_FINISHED (23)
2026-05-13 18:13:20 Handler State: SEMI_FINISHED (23) -> HANDLER_IDLE (1)
2026-05-13 18:15:04 Handler State: HANDLER_IDLE (1) -> HANDLER_START (2)
2026-05-13 18:15:04 Handler State: HANDLER_START (2) -> DECIDE_CART (3)
2026-05-13 18:15:04 Selection: IFS is clean and its cartridge is cleaned.
2026-05-13 18:15:04 Selected Primary Cartridge: 6
2026-05-13 18:15:04 Selected Primary Station: 104
2026-05-13 18:15:04 Selected Secondary Cartridge: 0
2026-05-13 18:15:04 Selected Secondary Station: 0
2026-05-13 18:15:04 Selected Filling Volume: 551
2026-05-13 18:15:04 Handler State: DECIDE_CART (3) -> CHECK_SEC_CART (26)
2026-05-13 18:15:04 Handler State: CHECK_SEC_CART (26) -> PROBE_CART (24)
2026-05-13 18:15:04 CartMove: Exchange 1, from 104
2026-05-13 18:15:04 CartMoveState: IDLE (1) -> FROM_MOVE (3)
2026-05-13 18:15:05 CartMoveState: FROM_MOVE (3) -> FROM_PROBE (19)
2026-05-13 18:15:07 Handler State: PROBE_CART (24) -> PROCESS_CART (6)
2026-05-13 18:15:07 Setting CBS color valve (FillIFS): 1
2026-05-13 18:15:08 Primed volume (FillIFS): 1.7994
2026-05-13 18:15:08 Re-Calculated Filling Volume: 551
2026-05-13 18:15:08 Setting CBS color valve (FillCart): 1
2026-05-13 18:15:31 Handler State: PROCESS_CART (6) -> EXCHANGE_ONE (7)
2026-05-13 18:15:31 CartMove: Exchange 1, from 104
2026-05-13 18:15:31 CartMoveState: FROM_PROBE (19) -> FROM_CART (4)
2026-05-13 18:15:37 Setting CBS color valve (Finished): 0
2026-05-13 18:15:38 CartMoveState: FROM_CART (4) -> TO_MOVE (10)
2026-05-13 18:15:40 CartMoveState: TO_MOVE (10) -> EXCH_1_WAIT (14)
2026-05-13 18:15:40 Handler State: EXCHANGE_ONE (7) -> START_DCU (8)
2026-05-13 18:15:40 Handler State: START_DCU (8) -> EXCHANGE_TWO (9)
2026-05-13 18:15:40 CartMove: Exchange 2
2026-05-13 18:15:40 CartMoveState: EXCH_1_WAIT (14) -> EXCH_1_CART (15)
2026-05-13 18:15:43 CartMoveState: EXCH_1_CART (15) -> EXCH_2_MOVE (16)
2026-05-13 18:15:44 CartMoveState: EXCH_2_MOVE (16) -> EXCH_2_CART (17)
2026-05-13 18:15:46 CartMoveState: EXCH_2_CART (17) -> STORE_DECIDE (18)
2026-05-13 18:15:46 Used volume for last job: 298.189
2026-05-13 18:15:46 Handler State: EXCHANGE_TWO (9) -> WAIT_FOR_DCU (10)
2026-05-13 18:15:48 Handler State: WAIT_FOR_DCU (10) -> EXCHANGE_THREE (11)
2026-05-13 18:15:48 CartMove: Exchange 3
2026-05-13 18:15:48 CartMoveState: STORE_DECIDE (18) -> AUX_DECIDE (5)
2026-05-13 18:15:48 CartMoveState: AUX_DECIDE (5) -> TO_MOVE (10)
2026-05-13 18:15:49 CartMoveState: TO_MOVE (10) -> TO_CART (11)
2026-05-13 18:15:51 CartMoveState: TO_CART (11) -> HOME_MOVE (12)
2026-05-13 18:15:51 CartMoveState: HOME_MOVE (12) -> HALT (13)
2026-05-13 18:15:51 CartMoveState: HALT (13) -> IDLE (1)
2026-05-13 18:15:51 Handler State: EXCHANGE_THREE (11) -> POST_PROCESS (12)
2026-05-13 18:15:51 Handler State: POST_PROCESS (12) -> MOVE_ARM_HOME (14)
2026-05-13 18:15:52 Handler State: MOVE_ARM_HOME (14) -> HANDLER_IDLE (1)
2026-05-13 18:26:20 Handler State: HANDLER_IDLE (1) -> SEMI_START (15)
2026-05-13 18:26:20 Handler State: SEMI_START (15) -> SEMI_PROBE_CART (25)
2026-05-13 18:26:22 Handler State: SEMI_PROBE_CART (25) -> SEMI_PROCESS (16)
2026-05-13 18:27:36 Re-Calculated Filling Volume: 0
2026-05-13 18:27:41 Setting CBS color valve (Finished): 0
2026-05-13 18:27:41 Handler State: SEMI_PROCESS (16) -> SEMI_WHAT_NEXT (21)
2026-05-13 18:27:41 Handler State: SEMI_WHAT_NEXT (21) -> SEMI_FINISHED (23)
2026-05-13 18:27:41 Handler State: SEMI_FINISHED (23) -> HANDLER_IDLE (1)
2026-05-13 18:30:08 Handler State: HANDLER_IDLE (1) -> SEMI_START (15)
2026-05-13 18:30:08 Handler State: SEMI_START (15) -> SEMI_PROBE_CART (25)
2026-05-13 18:30:11 Handler State: SEMI_PROBE_CART (25) -> SEMI_PROCESS (16)
2026-05-13 18:31:25 Re-Calculated Filling Volume: 0
2026-05-13 18:31:32 Setting CBS color valve (Finished): 0
2026-05-13 18:31:32 Handler State: SEMI_PROCESS (16) -> SEMI_WHAT_NEXT (21)
2026-05-13 18:31:32 Handler State: SEMI_WHAT_NEXT (21) -> SEMI_FINISHED (23)
2026-05-13 18:31:32 Handler State: SEMI_FINISHED (23) -> HANDLER_IDLE (1)
2026-05-13 18:35:33 Handler State: HANDLER_IDLE (1) -> SEMI_START (15)
2026-05-13 18:35:33 Handler State: SEMI_START (15) -> SEMI_TO_IFS (18)
2026-05-13 18:35:33 CartMove: Move, from 107 to 104
2026-05-13 18:35:33 CartMoveState: IDLE (1) -> FROM_MOVE (3)
2026-05-13 18:35:35 CartMoveState: FROM_MOVE (3) -> FROM_CART (4)
2026-05-13 18:35:38 CartMoveState: FROM_CART (4) -> AUX_DECIDE (5)
2026-05-13 18:35:38 CartMoveState: AUX_DECIDE (5) -> TO_MOVE (10)
2026-05-13 18:35:39 CartMoveState: TO_MOVE (10) -> TO_CART (11)
2026-05-13 18:35:41 CartMoveState: TO_CART (11) -> HOME_MOVE (12)
2026-05-13 18:35:42 CartMoveState: HOME_MOVE (12) -> HALT (13)
2026-05-13 18:35:42 CartMoveState: HALT (13) -> IDLE (1)
2026-05-13 18:35:42 Handler State: SEMI_TO_IFS (18) -> SEMI_PROBE_CART (25)
2026-05-13 18:35:45 Handler State: SEMI_PROBE_CART (25) -> SEMI_PROCESS (16)
2026-05-13 18:37:03 Re-Calculated Filling Volume: 0
2026-05-13 18:37:09 Setting CBS color valve (Finished): 0
2026-05-13 18:37:09 Handler State: SEMI_PROCESS (16) -> SEMI_FROM_IFS (20)
2026-05-13 18:37:09 CartMove: Move, from 104 to 107
2026-05-13 18:37:09 CartMoveState: IDLE (1) -> FROM_MOVE (3)
2026-05-13 18:37:09 CartMoveState: FROM_MOVE (3) -> FROM_CART (4)
2026-05-13 18:37:12 CartMoveState: FROM_CART (4) -> AUX_DECIDE (5)
2026-05-13 18:37:12 CartMoveState: AUX_DECIDE (5) -> TO_MOVE (10)
2026-05-13 18:37:13 CartMoveState: TO_MOVE (10) -> TO_CART (11)
2026-05-13 18:37:15 CartMoveState: TO_CART (11) -> HOME_MOVE (12)
2026-05-13 18:37:17 CartMoveState: HOME_MOVE (12) -> HALT (13)
2026-05-13 18:37:17 CartMoveState: HALT (13) -> IDLE (1)
2026-05-13 18:37:17 Handler State: SEMI_FROM_IFS (20) -> SEMI_WHAT_NEXT (21)
2026-05-13 18:37:17 Handler State: SEMI_WHAT_NEXT (21) -> SEMI_FINISHED (23)
2026-05-13 18:37:17 Handler State: SEMI_FINISHED (23) -> HANDLER_IDLE (1)
2026-05-13 18:38:09 Handler State: HANDLER_IDLE (1) -> HANDLER_START (2)
2026-05-13 18:38:10 Handler State: HANDLER_START (2) -> DECIDE_CART (3)
2026-05-13 18:38:10 Selection: IFS is clean and its cartridge is cleaned.
2026-05-13 18:38:10 Selected Primary Cartridge: 5
2026-05-13 18:38:10 Selected Primary Station: 103
2026-05-13 18:38:10 Selected Secondary Cartridge: 0
2026-05-13 18:38:10 Selected Secondary Station: 0
2026-05-13 18:38:10 Selected Filling Volume: 640
2026-05-13 18:38:10 Handler State: DECIDE_CART (3) -> CHECK_SEC_CART (26)
2026-05-13 18:38:10 Handler State: CHECK_SEC_CART (26) -> PROBE_CART (24)
2026-05-13 18:38:10 CartMove: Exchange 1, from 103
2026-05-13 18:38:10 CartMoveState: IDLE (1) -> FROM_MOVE (3)
2026-05-13 18:38:10 CartMoveState: FROM_MOVE (3) -> FROM_PROBE (19)
2026-05-13 18:38:12 Handler State: PROBE_CART (24) -> PROCESS_CART (6)
2026-05-13 18:38:12 Setting CBS color valve (FillIFS): 1
2026-05-13 18:38:13 Primed volume (FillIFS): 1.36285
2026-05-13 18:38:13 Re-Calculated Filling Volume: 640
2026-05-13 18:38:13 Setting CBS color valve (FillCart): 1
2026-05-13 18:38:37 Handler State: PROCESS_CART (6) -> EXCHANGE_ONE (7)
2026-05-13 18:38:37 CartMove: Exchange 1, from 103
2026-05-13 18:38:37 CartMoveState: FROM_PROBE (19) -> FROM_CART (4)
2026-05-13 18:38:42 Setting CBS color valve (Finished): 0
2026-05-13 18:38:44 CartMoveState: FROM_CART (4) -> TO_MOVE (10)
2026-05-13 18:38:46 CartMoveState: TO_MOVE (10) -> EXCH_1_WAIT (14)
2026-05-13 18:38:46 Handler State: EXCHANGE_ONE (7) -> START_DCU (8)
2026-05-13 18:38:46 Handler State: START_DCU (8) -> EXCHANGE_TWO (9)
2026-05-13 18:38:46 CartMove: Exchange 2
2026-05-13 18:38:46 CartMoveState: EXCH_1_WAIT (14) -> EXCH_1_CART (15)
2026-05-13 18:38:49 CartMoveState: EXCH_1_CART (15) -> EXCH_2_MOVE (16)
2026-05-13 18:38:50 CartMoveState: EXCH_2_MOVE (16) -> EXCH_2_CART (17)
2026-05-13 18:38:52 CartMoveState: EXCH_2_CART (17) -> STORE_DECIDE (18)
2026-05-13 18:38:52 Used volume for last job: 497.535
2026-05-13 18:38:52 Handler State: EXCHANGE_TWO (9) -> WAIT_FOR_DCU (10)
2026-05-13 18:38:54 Handler State: WAIT_FOR_DCU (10) -> EXCHANGE_THREE (11)
2026-05-13 18:38:54 CartMove: Exchange 3
2026-05-13 18:38:54 CartMoveState: STORE_DECIDE (18) -> AUX_DECIDE (5)
2026-05-13 18:38:54 CartMoveState: AUX_DECIDE (5) -> TO_MOVE (10)
2026-05-13 18:38:54 CartMoveState: TO_MOVE (10) -> TO_CART (11)
2026-05-13 18:38:57 CartMoveState: TO_CART (11) -> HOME_MOVE (12)
2026-05-13 18:38:58 CartMoveState: HOME_MOVE (12) -> HALT (13)
2026-05-13 18:38:58 CartMoveState: HALT (13) -> IDLE (1)
2026-05-13 18:38:58 Handler State: EXCHANGE_THREE (11) -> POST_PROCESS (12)
2026-05-13 18:38:58 Handler State: POST_PROCESS (12) -> MOVE_ARM_HOME (14)
2026-05-13 18:38:59 Handler State: MOVE_ARM_HOME (14) -> HANDLER_IDLE (1)
2026-05-13 18:42:53 Handler State: HANDLER_IDLE (1) -> SEMI_START (15)
2026-05-13 18:42:53 Handler State: SEMI_START (15) -> SEMI_TO_IFS (18)
2026-05-13 18:42:53 CartMove: Move, from 106 to 103
2026-05-13 18:42:53 CartMoveState: IDLE (1) -> FROM_MOVE (3)
2026-05-13 18:42:54 CartMoveState: FROM_MOVE (3) -> FROM_CART (4)
2026-05-13 18:42:57 CartMoveState: FROM_CART (4) -> AUX_DECIDE (5)
2026-05-13 18:42:57 CartMoveState: AUX_DECIDE (5) -> TO_MOVE (10)
2026-05-13 18:42:58 CartMoveState: TO_MOVE (10) -> TO_CART (11)
2026-05-13 18:43:01 CartMoveState: TO_CART (11) -> HOME_MOVE (12)
2026-05-13 18:43:01 CartMoveState: HOME_MOVE (12) -> HALT (13)
2026-05-13 18:43:01 CartMoveState: HALT (13) -> IDLE (1)
2026-05-13 18:43:01 Handler State: SEMI_TO_IFS (18) -> SEMI_PROBE_CART (25)
2026-05-13 18:43:03 Handler State: SEMI_PROBE_CART (25) -> SEMI_PROCESS (16)
2026-05-13 18:43:36 Re-Calculated Filling Volume: 0
2026-05-13 18:43:42 Setting CBS color valve (Finished): 0
2026-05-13 18:43:42 Handler State: SEMI_PROCESS (16) -> SEMI_FROM_IFS (20)
2026-05-13 18:43:42 CartMove: Move, from 103 to 106
2026-05-13 18:43:42 CartMoveState: IDLE (1) -> FROM_MOVE (3)
2026-05-13 18:43:42 CartMoveState: FROM_MOVE (3) -> FROM_CART (4)
2026-05-13 18:43:45 CartMoveState: FROM_CART (4) -> AUX_DECIDE (5)
2026-05-13 18:43:45 CartMoveState: AUX_DECIDE (5) -> TO_MOVE (10)
2026-05-13 18:43:46 CartMoveState: TO_MOVE (10) -> TO_CART (11)
2026-05-13 18:43:48 CartMoveState: TO_CART (11) -> HOME_MOVE (12)
2026-05-13 18:43:50 CartMoveState: HOME_MOVE (12) -> HALT (13)
2026-05-13 18:43:50 CartMoveState: HALT (13) -> IDLE (1)
2026-05-13 18:43:50 Handler State: SEMI_FROM_IFS (20) -> SEMI_WHAT_NEXT (21)
2026-05-13 18:43:50 Handler State: SEMI_WHAT_NEXT (21) -> SEMI_FINISHED (23)
2026-05-13 18:43:50 Handler State: SEMI_FINISHED (23) -> HANDLER_IDLE (1)
2026-05-13 18:43:51 Handler State: HANDLER_IDLE (1) -> HANDLER_START (2)
2026-05-13 18:43:52 Handler State: HANDLER_START (2) -> DECIDE_CART (3)
2026-05-13 18:43:52 Selection: IFS is clean and its cartridge is cleaned.
2026-05-13 18:43:52 Selected Primary Cartridge: 1
2026-05-13 18:43:52 Selected Primary Station: 102
2026-05-13 18:43:52 Selected Secondary Cartridge: 0
2026-05-13 18:43:52 Selected Secondary Station: 0
2026-05-13 18:43:52 Selected Filling Volume: 640
2026-05-13 18:43:52 Handler State: DECIDE_CART (3) -> CHECK_SEC_CART (26)
2026-05-13 18:43:52 Handler State: CHECK_SEC_CART (26) -> PROBE_CART (24)
2026-05-13 18:43:52 CartMove: Exchange 1, from 102
2026-05-13 18:43:52 CartMoveState: IDLE (1) -> FROM_MOVE (3)
2026-05-13 18:43:52 CartMoveState: FROM_MOVE (3) -> FROM_PROBE (19)
2026-05-13 18:43:54 Handler State: PROBE_CART (24) -> PROCESS_CART (6)
2026-05-13 18:43:54 Setting CBS color valve (FillIFS): 1
2026-05-13 18:43:56 Primed volume (FillIFS): 4.18096
2026-05-13 18:43:56 Re-Calculated Filling Volume: 640
2026-05-13 18:43:56 Setting CBS color valve (FillCart): 1
2026-05-13 18:44:18 Handler State: PROCESS_CART (6) -> EXCHANGE_ONE (7)
2026-05-13 18:44:18 CartMove: Exchange 1, from 102
2026-05-13 18:44:18 CartMoveState: FROM_PROBE (19) -> FROM_CART (4)
2026-05-13 18:44:25 Setting CBS color valve (Finished): 0
2026-05-13 18:44:27 CartMoveState: FROM_CART (4) -> TO_MOVE (10)
2026-05-13 18:44:27 CartMoveState: TO_MOVE (10) -> EXCH_1_WAIT (14)
2026-05-13 18:44:27 Handler State: EXCHANGE_ONE (7) -> START_DCU (8)
2026-05-13 18:44:28 Handler State: START_DCU (8) -> EXCHANGE_TWO (9)
2026-05-13 18:44:28 CartMove: Exchange 2
2026-05-13 18:44:28 CartMoveState: EXCH_1_WAIT (14) -> EXCH_1_CART (15)
2026-05-13 18:44:30 CartMoveState: EXCH_1_CART (15) -> EXCH_2_MOVE (16)
2026-05-13 18:44:32 CartMoveState: EXCH_2_MOVE (16) -> EXCH_2_CART (17)
2026-05-13 18:44:34 CartMoveState: EXCH_2_CART (17) -> STORE_DECIDE (18)
2026-05-13 18:44:34 Used volume for last job: 291.595
2026-05-13 18:44:34 Handler State: EXCHANGE_TWO (9) -> WAIT_FOR_DCU (10)
2026-05-13 18:44:35 Handler State: WAIT_FOR_DCU (10) -> EXCHANGE_THREE (11)
2026-05-13 18:44:35 CartMove: Exchange 3
2026-05-13 18:44:35 CartMoveState: STORE_DECIDE (18) -> AUX_DECIDE (5)
2026-05-13 18:44:35 CartMoveState: AUX_DECIDE (5) -> TO_MOVE (10)
2026-05-13 18:44:36 CartMoveState: TO_MOVE (10) -> TO_CART (11)
2026-05-13 18:44:38 CartMoveState: TO_CART (11) -> HOME_MOVE (12)
2026-05-13 18:44:39 CartMoveState: HOME_MOVE (12) -> HALT (13)
2026-05-13 18:44:39 CartMoveState: HALT (13) -> IDLE (1)
2026-05-13 18:44:39 Handler State: EXCHANGE_THREE (11) -> POST_PROCESS (12)
2026-05-13 18:44:39 Handler State: POST_PROCESS (12) -> MOVE_ARM_HOME (14)
2026-05-13 18:44:41 Handler State: MOVE_ARM_HOME (14) -> HANDLER_IDLE (1)
2026-05-13 18:47:51 Handler State: HANDLER_IDLE (1) -> HANDLER_START (2)
2026-05-13 18:47:52 Handler State: HANDLER_START (2) -> DECIDE_CART (3)
2026-05-13 18:47:52 Selection: IFS is clean.
2026-05-13 18:47:52 Selection: Cartridge is clean.
2026-05-13 18:47:52 Selected Primary Cartridge: 3
2026-05-13 18:47:52 Selected Primary Station: 104
2026-05-13 18:47:52 Selected Secondary Cartridge: 0
2026-05-13 18:47:52 Selected Secondary Station: 0
2026-05-13 18:47:52 Selected Filling Volume: 640
2026-05-13 18:47:52 Handler State: DECIDE_CART (3) -> REMOVE_CART (4)
2026-05-13 18:47:52 CartMove: Move, from 104 to 108
2026-05-13 18:47:52 CartMoveState: IDLE (1) -> FROM_MOVE (3)
2026-05-13 18:47:52 CartMoveState: FROM_MOVE (3) -> FROM_CART (4)
2026-05-13 18:47:55 CartMoveState: FROM_CART (4) -> AUX_DECIDE (5)
2026-05-13 18:47:55 CartMoveState: AUX_DECIDE (5) -> TO_MOVE (10)
2026-05-13 18:47:57 CartMoveState: TO_MOVE (10) -> TO_CART (11)
2026-05-13 18:47:59 CartMoveState: TO_CART (11) -> HOME_MOVE (12)
2026-05-13 18:48:00 CartMoveState: HOME_MOVE (12) -> HALT (13)
2026-05-13 18:48:00 CartMoveState: HALT (13) -> IDLE (1)
2026-05-13 18:48:00 Handler State: REMOVE_CART (4) -> PLACE_CART (5)
2026-05-13 18:48:00 CartMove: Move, from 107 to 104
2026-05-13 18:48:00 CartMoveState: IDLE (1) -> FROM_MOVE (3)
2026-05-13 18:48:02 CartMoveState: FROM_MOVE (3) -> FROM_CART (4)
2026-05-13 18:48:04 CartMoveState: FROM_CART (4) -> AUX_DECIDE (5)
2026-05-13 18:48:04 CartMoveState: AUX_DECIDE (5) -> TO_MOVE (10)
2026-05-13 18:48:06 CartMoveState: TO_MOVE (10) -> TO_CART (11)
2026-05-13 18:48:08 CartMoveState: TO_CART (11) -> HOME_MOVE (12)
2026-05-13 18:48:09 CartMoveState: HOME_MOVE (12) -> HALT (13)
2026-05-13 18:48:09 CartMoveState: HALT (13) -> IDLE (1)
2026-05-13 18:48:09 Handler State: PLACE_CART (5) -> CHECK_SEC_CART (26)
2026-05-13 18:48:09 Handler State: CHECK_SEC_CART (26) -> PROBE_CART (24)
2026-05-13 18:48:09 CartMove: Exchange 1, from 104
2026-05-13 18:48:09 CartMoveState: IDLE (1) -> FROM_MOVE (3)
2026-05-13 18:48:10 CartMoveState: FROM_MOVE (3) -> FROM_PROBE (19)
2026-05-13 18:48:11 Handler State: PROBE_CART (24) -> PROCESS_CART (6)
2026-05-13 18:48:12 Setting CBS color valve (FillIFS): 1
2026-05-13 18:48:13 Primed volume (FillIFS): 1.98648
2026-05-13 18:48:13 Re-Calculated Filling Volume: 640
2026-05-13 18:48:13 Setting CBS color valve (FillCart): 1
2026-05-13 18:48:38 Handler State: PROCESS_CART (6) -> EXCHANGE_ONE (7)
2026-05-13 18:48:38 CartMove: Exchange 1, from 104
2026-05-13 18:48:38 CartMoveState: FROM_PROBE (19) -> FROM_CART (4)
2026-05-13 18:48:44 Setting CBS color valve (Finished): 0
2026-05-13 18:48:45 CartMoveState: FROM_CART (4) -> TO_MOVE (10)
2026-05-13 18:48:47 CartMoveState: TO_MOVE (10) -> EXCH_1_WAIT (14)
2026-05-13 18:48:47 Handler State: EXCHANGE_ONE (7) -> START_DCU (8)
2026-05-13 18:48:48 Handler State: START_DCU (8) -> EXCHANGE_TWO (9)
2026-05-13 18:48:48 CartMove: Exchange 2
2026-05-13 18:48:48 CartMoveState: EXCH_1_WAIT (14) -> EXCH_1_CART (15)
2026-05-13 18:48:50 CartMoveState: EXCH_1_CART (15) -> EXCH_2_MOVE (16)
2026-05-13 18:48:51 CartMoveState: EXCH_2_MOVE (16) -> EXCH_2_CART (17)
2026-05-13 18:48:53 CartMoveState: EXCH_2_CART (17) -> STORE_DECIDE (18)
2026-05-13 18:48:53 Used volume for last job: 260.214
2026-05-13 18:48:53 Handler State: EXCHANGE_TWO (9) -> WAIT_FOR_DCU (10)
2026-05-13 18:48:55 Handler State: WAIT_FOR_DCU (10) -> EXCHANGE_THREE (11)
2026-05-13 18:48:55 CartMove: Exchange 3
2026-05-13 18:48:55 CartMoveState: STORE_DECIDE (18) -> AUX_DECIDE (5)
2026-05-13 18:48:55 CartMoveState: AUX_DECIDE (5) -> TO_MOVE (10)
2026-05-13 18:48:55 CartMoveState: TO_MOVE (10) -> TO_CART (11)
2026-05-13 18:48:57 CartMoveState: TO_CART (11) -> HOME_MOVE (12)
2026-05-13 18:48:57 CartMoveState: HOME_MOVE (12) -> HALT (13)
2026-05-13 18:48:57 CartMoveState: HALT (13) -> IDLE (1)
2026-05-13 18:48:57 Handler State: EXCHANGE_THREE (11) -> POST_PROCESS (12)
2026-05-13 18:48:57 Handler State: POST_PROCESS (12) -> EMPTY_AUX (13)
2026-05-13 18:48:57 CartMove: Move, from 108 to 104
2026-05-13 18:48:57 CartMoveState: IDLE (1) -> FROM_MOVE (3)
2026-05-13 18:48:59 CartMoveState: FROM_MOVE (3) -> FROM_CART (4)
2026-05-13 18:49:02 CartMoveState: FROM_CART (4) -> AUX_DECIDE (5)
2026-05-13 18:49:02 CartMoveState: AUX_DECIDE (5) -> TO_MOVE (10)
2026-05-13 18:49:03 CartMoveState: TO_MOVE (10) -> TO_CART (11)
2026-05-13 18:49:06 CartMoveState: TO_CART (11) -> HOME_MOVE (12)
2026-05-13 18:49:06 CartMoveState: HOME_MOVE (12) -> HALT (13)
2026-05-13 18:49:06 CartMoveState: HALT (13) -> IDLE (1)
2026-05-13 18:49:06 Handler State: EMPTY_AUX (13) -> MOVE_ARM_HOME (14)
2026-05-13 18:49:06 Handler State: MOVE_ARM_HOME (14) -> HANDLER_IDLE (1)
2026-05-13 18:49:42 Handler State: HANDLER_IDLE (1) -> HANDLER_START (2)
2026-05-13 18:49:43 Handler State: HANDLER_START (2) -> DECIDE_CART (3)
2026-05-13 18:49:43 Selection: IFS is clean.
2026-05-13 18:49:43 Selection: Cartridge is clean.
2026-05-13 18:49:43 Selected Primary Cartridge: 2
2026-05-13 18:49:43 Selected Primary Station: 103
2026-05-13 18:49:43 Selected Secondary Cartridge: 0
2026-05-13 18:49:43 Selected Secondary Station: 0
2026-05-13 18:49:43 Selected Filling Volume: 216
2026-05-13 18:49:43 Handler State: DECIDE_CART (3) -> REMOVE_CART (4)
2026-05-13 18:49:43 CartMove: Move, from 103 to 108
2026-05-13 18:49:43 CartMoveState: IDLE (1) -> FROM_MOVE (3)
2026-05-13 18:49:43 CartMoveState: FROM_MOVE (3) -> FROM_CART (4)
2026-05-13 18:49:45 CartMoveState: FROM_CART (4) -> AUX_DECIDE (5)
2026-05-13 18:49:45 CartMoveState: AUX_DECIDE (5) -> TO_MOVE (10)
2026-05-13 18:49:47 CartMoveState: TO_MOVE (10) -> TO_CART (11)
2026-05-13 18:49:49 CartMoveState: TO_CART (11) -> HOME_MOVE (12)
2026-05-13 18:49:51 CartMoveState: HOME_MOVE (12) -> HALT (13)
2026-05-13 18:49:51 CartMoveState: HALT (13) -> IDLE (1)
2026-05-13 18:49:51 Handler State: REMOVE_CART (4) -> PLACE_CART (5)
2026-05-13 18:49:51 CartMove: Move, from 106 to 103
2026-05-13 18:49:51 CartMoveState: IDLE (1) -> FROM_MOVE (3)
2026-05-13 18:49:52 CartMoveState: FROM_MOVE (3) -> FROM_CART (4)
2026-05-13 18:49:55 CartMoveState: FROM_CART (4) -> AUX_DECIDE (5)
2026-05-13 18:49:55 CartMoveState: AUX_DECIDE (5) -> TO_MOVE (10)
2026-05-13 18:49:56 CartMoveState: TO_MOVE (10) -> TO_CART (11)
2026-05-13 18:49:58 CartMoveState: TO_CART (11) -> HOME_MOVE (12)
2026-05-13 18:49:59 CartMoveState: HOME_MOVE (12) -> HALT (13)
2026-05-13 18:49:59 CartMoveState: HALT (13) -> IDLE (1)
2026-05-13 18:49:59 Handler State: PLACE_CART (5) -> CHECK_SEC_CART (26)
2026-05-13 18:49:59 Handler State: CHECK_SEC_CART (26) -> PROBE_CART (24)
2026-05-13 18:49:59 CartMove: Exchange 1, from 103
2026-05-13 18:49:59 CartMoveState: IDLE (1) -> FROM_MOVE (3)
2026-05-13 18:49:59 CartMoveState: FROM_MOVE (3) -> FROM_PROBE (19)
2026-05-13 18:50:00 Handler State: PROBE_CART (24) -> PROCESS_CART (6)
2026-05-13 18:50:00 Setting CBS color valve (FillIFS): 1
2026-05-13 18:50:02 Primed volume (FillIFS): 1.62629
2026-05-13 18:50:02 Re-Calculated Filling Volume: 216
2026-05-13 18:50:02 Setting CBS color valve (FillCart): 1
2026-05-13 18:50:16 Handler State: PROCESS_CART (6) -> EXCHANGE_ONE (7)
2026-05-13 18:50:16 CartMove: Exchange 1, from 103
2026-05-13 18:50:16 CartMoveState: FROM_PROBE (19) -> FROM_CART (4)
2026-05-13 18:50:21 Setting CBS color valve (Finished): 0
2026-05-13 18:50:23 CartMoveState: FROM_CART (4) -> TO_MOVE (10)
2026-05-13 18:50:25 CartMoveState: TO_MOVE (10) -> EXCH_1_WAIT (14)
2026-05-13 18:50:25 Handler State: EXCHANGE_ONE (7) -> START_DCU (8)
2026-05-13 18:52:02 Handler State: START_DCU (8) -> EXCHANGE_TWO (9)
2026-05-13 18:52:02 CartMove: Exchange 2
2026-05-13 18:52:13 CartMoveState: EXCH_1_WAIT (14) -> EXCH_1_CART (15)
2026-05-13 18:52:15 CartMoveState: EXCH_1_CART (15) -> EXCH_2_MOVE (16)
2026-05-13 18:52:16 CartMoveState: EXCH_2_MOVE (16) -> EXCH_2_CART (17)
2026-05-13 18:52:18 CartMoveState: EXCH_2_CART (17) -> STORE_DECIDE (18)
2026-05-13 18:52:18 Used volume for last job: 264.156
2026-05-13 18:52:18 Handler State: EXCHANGE_TWO (9) -> WAIT_FOR_DCU (10)
2026-05-13 18:52:20 Handler State: WAIT_FOR_DCU (10) -> EXCHANGE_THREE (11)
2026-05-13 18:52:20 CartMove: Exchange 3
2026-05-13 18:52:20 CartMoveState: STORE_DECIDE (18) -> AUX_DECIDE (5)
2026-05-13 18:52:20 CartMoveState: AUX_DECIDE (5) -> TO_MOVE (10)
2026-05-13 18:52:22 CartMoveState: TO_MOVE (10) -> TO_CART (11)
2026-05-13 18:52:24 CartMoveState: TO_CART (11) -> HOME_MOVE (12)
2026-05-13 18:52:26 CartMoveState: HOME_MOVE (12) -> HALT (13)
2026-05-13 18:52:26 CartMoveState: HALT (13) -> IDLE (1)
2026-05-13 18:52:26 Handler State: EXCHANGE_THREE (11) -> POST_PROCESS (12)
2026-05-13 18:52:26 Handler State: POST_PROCESS (12) -> EMPTY_AUX (13)
2026-05-13 18:52:26 CartMove: Move, from 108 to 103
2026-05-13 18:52:26 CartMoveState: IDLE (1) -> FROM_MOVE (3)
2026-05-13 18:52:27 CartMoveState: FROM_MOVE (3) -> FROM_CART (4)
2026-05-13 18:52:30 CartMoveState: FROM_CART (4) -> AUX_DECIDE (5)
2026-05-13 18:52:30 CartMoveState: AUX_DECIDE (5) -> TO_MOVE (10)
2026-05-13 18:52:32 CartMoveState: TO_MOVE (10) -> TO_CART (11)
2026-05-13 18:52:34 CartMoveState: TO_CART (11) -> HOME_MOVE (12)
2026-05-13 18:52:34 CartMoveState: HOME_MOVE (12) -> HALT (13)
2026-05-13 18:52:34 CartMoveState: HALT (13) -> IDLE (1)
2026-05-13 18:52:34 Handler State: EMPTY_AUX (13) -> MOVE_ARM_HOME (14)
2026-05-13 18:52:34 Handler State: MOVE_ARM_HOME (14) -> HANDLER_IDLE (1)
2026-05-13 18:56:53 Handler State: HANDLER_IDLE (1) -> SEMI_START (15)
2026-05-13 18:56:53 Handler State: SEMI_START (15) -> SEMI_PROBE_CART (25)
2026-05-13 18:56:56 Handler State: SEMI_PROBE_CART (25) -> SEMI_PROCESS (16)
2026-05-13 18:58:10 Re-Calculated Filling Volume: 0
2026-05-13 18:58:15 Setting CBS color valve (Finished): 0
2026-05-13 18:58:15 Handler State: SEMI_PROCESS (16) -> SEMI_WHAT_NEXT (21)
2026-05-13 18:58:15 Handler State: SEMI_WHAT_NEXT (21) -> SEMI_FINISHED (23)
2026-05-13 18:58:15 Handler State: SEMI_FINISHED (23) -> HANDLER_IDLE (1)
2026-05-13 19:01:44 Handler State: HANDLER_IDLE (1) -> HANDLER_START (2)
2026-05-13 19:01:45 Handler State: HANDLER_START (2) -> DECIDE_CART (3)
2026-05-13 19:01:45 Selection: IFS is clean and its cartridge is cleaned.
2026-05-13 19:01:45 Selected Primary Cartridge: 5
2026-05-13 19:01:45 Selected Primary Station: 103
2026-05-13 19:01:45 Selected Secondary Cartridge: 0
2026-05-13 19:01:45 Selected Secondary Station: 0
2026-05-13 19:01:45 Selected Filling Volume: 577
2026-05-13 19:01:45 Handler State: DECIDE_CART (3) -> CHECK_SEC_CART (26)
2026-05-13 19:01:45 Handler State: CHECK_SEC_CART (26) -> PROBE_CART (24)
2026-05-13 19:01:45 CartMove: Exchange 1, from 103
2026-05-13 19:01:45 CartMoveState: IDLE (1) -> FROM_MOVE (3)
2026-05-13 19:01:45 CartMoveState: FROM_MOVE (3) -> FROM_PROBE (19)
2026-05-13 19:01:47 Handler State: PROBE_CART (24) -> PROCESS_CART (6)
2026-05-13 19:01:47 Setting CBS color valve (FillIFS): 2
2026-05-13 19:01:48 Primed volume (FillIFS): 1.53877
2026-05-13 19:01:48 Re-Calculated Filling Volume: 577
2026-05-13 19:01:48 Setting CBS color valve (FillCart): 2
2026-05-13 19:02:12 Handler State: PROCESS_CART (6) -> EXCHANGE_ONE (7)
2026-05-13 19:02:12 CartMove: Exchange 1, from 103
2026-05-13 19:02:12 CartMoveState: FROM_PROBE (19) -> FROM_CART (4)
2026-05-13 19:02:18 Setting CBS color valve (Finished): 0
2026-05-13 19:02:20 CartMoveState: FROM_CART (4) -> TO_MOVE (10)
2026-05-13 19:02:21 CartMoveState: TO_MOVE (10) -> EXCH_1_WAIT (14)
2026-05-13 19:02:21 Handler State: EXCHANGE_ONE (7) -> START_DCU (8)
2026-05-13 19:02:21 Handler State: START_DCU (8) -> EXCHANGE_TWO (9)
2026-05-13 19:02:21 CartMove: Exchange 2
2026-05-13 19:02:21 CartMoveState: EXCH_1_WAIT (14) -> EXCH_1_CART (15)
2026-05-13 19:02:24 CartMoveState: EXCH_1_CART (15) -> EXCH_2_MOVE (16)
2026-05-13 19:02:25 CartMoveState: EXCH_2_MOVE (16) -> EXCH_2_CART (17)
2026-05-13 19:02:27 CartMoveState: EXCH_2_CART (17) -> STORE_DECIDE (18)
2026-05-13 19:02:27 Used volume for last job: 165.427
2026-05-13 19:02:27 Handler State: EXCHANGE_TWO (9) -> WAIT_FOR_DCU (10)
2026-05-13 19:02:28 Handler State: WAIT_FOR_DCU (10) -> EXCHANGE_THREE (11)
2026-05-13 19:02:28 CartMove: Exchange 3
2026-05-13 19:02:28 CartMoveState: STORE_DECIDE (18) -> AUX_DECIDE (5)
2026-05-13 19:02:28 CartMoveState: AUX_DECIDE (5) -> TO_MOVE (10)
2026-05-13 19:02:29 CartMoveState: TO_MOVE (10) -> TO_CART (11)
2026-05-13 19:02:31 CartMoveState: TO_CART (11) -> HOME_MOVE (12)
2026-05-13 19:02:32 CartMoveState: HOME_MOVE (12) -> HALT (13)
2026-05-13 19:02:32 CartMoveState: HALT (13) -> IDLE (1)
2026-05-13 19:02:32 Handler State: EXCHANGE_THREE (11) -> POST_PROCESS (12)
2026-05-13 19:02:32 Handler State: POST_PROCESS (12) -> MOVE_ARM_HOME (14)
2026-05-13 19:02:33 Handler State: MOVE_ARM_HOME (14) -> HANDLER_IDLE (1)
2026-05-13 19:05:03 Handler State: HANDLER_IDLE (1) -> HANDLER_START (2)
2026-05-13 19:05:04 Handler State: HANDLER_START (2) -> DECIDE_CART (3)
2026-05-13 19:05:04 Selection: Last resort, just pick the first IFS.
2026-05-13 19:05:04 Selection: Last resort, just pick the first cartridge.
2026-05-13 19:05:04 Selected Primary Cartridge: 3
2026-05-13 19:05:04 Selected Primary Station: 104
2026-05-13 19:05:04 Selected Secondary Cartridge: 0
2026-05-13 19:05:04 Selected Secondary Station: 0
2026-05-13 19:05:04 Selected Filling Volume: 554
2026-05-13 19:05:04 Handler State: DECIDE_CART (3) -> REMOVE_CART (4)
2026-05-13 19:05:04 CartMove: Move, from 104 to 108
2026-05-13 19:05:04 CartMoveState: IDLE (1) -> FROM_MOVE (3)
2026-05-13 19:05:05 CartMoveState: FROM_MOVE (3) -> FROM_CART (4)
2026-05-13 19:05:08 CartMoveState: FROM_CART (4) -> AUX_DECIDE (5)
2026-05-13 19:05:08 CartMoveState: AUX_DECIDE (5) -> TO_MOVE (10)
2026-05-13 19:05:10 CartMoveState: TO_MOVE (10) -> TO_CART (11)
2026-05-13 19:05:12 CartMoveState: TO_CART (11) -> HOME_MOVE (12)
2026-05-13 19:05:13 CartMoveState: HOME_MOVE (12) -> HALT (13)
2026-05-13 19:05:13 CartMoveState: HALT (13) -> IDLE (1)
2026-05-13 19:05:13 Handler State: REMOVE_CART (4) -> PLACE_CART (5)
2026-05-13 19:05:13 CartMove: Move, from 107 to 104
2026-05-13 19:05:13 CartMoveState: IDLE (1) -> FROM_MOVE (3)
2026-05-13 19:05:15 CartMoveState: FROM_MOVE (3) -> FROM_CART (4)
2026-05-13 19:05:17 CartMoveState: FROM_CART (4) -> AUX_DECIDE (5)
2026-05-13 19:05:17 CartMoveState: AUX_DECIDE (5) -> TO_MOVE (10)
2026-05-13 19:05:19 CartMoveState: TO_MOVE (10) -> TO_CART (11)
2026-05-13 19:05:21 CartMoveState: TO_CART (11) -> HOME_MOVE (12)
2026-05-13 19:05:22 CartMoveState: HOME_MOVE (12) -> HALT (13)
2026-05-13 19:05:22 CartMoveState: HALT (13) -> IDLE (1)
2026-05-13 19:05:22 Handler State: PLACE_CART (5) -> CHECK_SEC_CART (26)
2026-05-13 19:05:22 Handler State: CHECK_SEC_CART (26) -> PROBE_CART (24)
2026-05-13 19:05:22 CartMove: Exchange 1, from 104
2026-05-13 19:05:22 CartMoveState: IDLE (1) -> FROM_MOVE (3)
2026-05-13 19:05:22 CartMoveState: FROM_MOVE (3) -> FROM_PROBE (19)
2026-05-13 19:05:24 Handler State: PROBE_CART (24) -> PROCESS_CART (6)
2026-05-13 19:06:42 Setting CBS color valve (FillIFS): 2
2026-05-13 19:06:44 Primed volume (FillIFS): 4.20042
2026-05-13 19:06:44 Re-Calculated Filling Volume: 554
2026-05-13 19:06:44 Setting CBS color valve (FillCart): 2
2026-05-13 19:07:05 Handler State: PROCESS_CART (6) -> EXCHANGE_ONE (7)
2026-05-13 19:07:05 CartMove: Exchange 1, from 104
2026-05-13 19:07:05 CartMoveState: FROM_PROBE (19) -> FROM_CART (4)
2026-05-13 19:07:10 Setting CBS color valve (Finished): 0
2026-05-13 19:07:12 CartMoveState: FROM_CART (4) -> TO_MOVE (10)
2026-05-13 19:07:14 CartMoveState: TO_MOVE (10) -> EXCH_1_WAIT (14)
2026-05-13 19:07:14 Handler State: EXCHANGE_ONE (7) -> START_DCU (8)
2026-05-13 19:07:14 Handler State: START_DCU (8) -> EXCHANGE_TWO (9)
2026-05-13 19:07:14 CartMove: Exchange 2
2026-05-13 19:07:14 CartMoveState: EXCH_1_WAIT (14) -> EXCH_1_CART (15)
2026-05-13 19:07:17 CartMoveState: EXCH_1_CART (15) -> EXCH_2_MOVE (16)
2026-05-13 19:07:18 CartMoveState: EXCH_2_MOVE (16) -> EXCH_2_CART (17)
2026-05-13 19:07:20 CartMoveState: EXCH_2_CART (17) -> STORE_DECIDE (18)
2026-05-13 19:07:20 Used volume for last job: 523.96
2026-05-13 19:07:20 Handler State: EXCHANGE_TWO (9) -> WAIT_FOR_DCU (10)
2026-05-13 19:07:22 Handler State: WAIT_FOR_DCU (10) -> EXCHANGE_THREE (11)
2026-05-13 19:07:22 CartMove: Exchange 3
2026-05-13 19:07:22 CartMoveState: STORE_DECIDE (18) -> AUX_DECIDE (5)
2026-05-13 19:07:22 CartMoveState: AUX_DECIDE (5) -> TO_MOVE (10)
2026-05-13 19:07:23 CartMoveState: TO_MOVE (10) -> TO_CART (11)
2026-05-13 19:07:25 CartMoveState: TO_CART (11) -> HOME_MOVE (12)
2026-05-13 19:07:27 CartMoveState: HOME_MOVE (12) -> HALT (13)
2026-05-13 19:07:27 CartMoveState: HALT (13) -> IDLE (1)
2026-05-13 19:07:27 Handler State: EXCHANGE_THREE (11) -> POST_PROCESS (12)
2026-05-13 19:07:27 Handler State: POST_PROCESS (12) -> EMPTY_AUX (13)
2026-05-13 19:07:27 CartMove: Move, from 108 to 104
2026-05-13 19:07:27 CartMoveState: IDLE (1) -> FROM_MOVE (3)
2026-05-13 19:07:28 CartMoveState: FROM_MOVE (3) -> FROM_CART (4)
2026-05-13 19:07:31 CartMoveState: FROM_CART (4) -> AUX_DECIDE (5)
2026-05-13 19:07:31 CartMoveState: AUX_DECIDE (5) -> TO_MOVE (10)
2026-05-13 19:07:33 CartMoveState: TO_MOVE (10) -> TO_CART (11)
2026-05-13 19:07:35 CartMoveState: TO_CART (11) -> HOME_MOVE (12)
2026-05-13 19:07:36 CartMoveState: HOME_MOVE (12) -> HALT (13)
2026-05-13 19:07:36 CartMoveState: HALT (13) -> IDLE (1)
2026-05-13 19:07:36 Handler State: EMPTY_AUX (13) -> MOVE_ARM_HOME (14)
2026-05-13 19:07:36 Handler State: MOVE_ARM_HOME (14) -> HANDLER_IDLE (1)
2026-05-13 19:17:40 Handler State: HANDLER_IDLE (1) -> SEMI_START (15)
2026-05-13 19:17:40 Handler State: SEMI_START (15) -> SEMI_PROBE_CART (25)
2026-05-13 19:17:44 Handler State: SEMI_PROBE_CART (25) -> SEMI_PROCESS (16)
2026-05-13 19:19:05 Re-Calculated Filling Volume: 0
2026-05-13 19:19:12 Setting CBS color valve (Finished): 0
2026-05-13 19:19:12 Handler State: SEMI_PROCESS (16) -> SEMI_WHAT_NEXT (21)
2026-05-13 19:19:12 Handler State: SEMI_WHAT_NEXT (21) -> SEMI_FINISHED (23)
2026-05-13 19:19:12 Handler State: SEMI_FINISHED (23) -> HANDLER_IDLE (1)
2026-05-13 19:28:38 Handler State: HANDLER_IDLE (1) -> SEMI_START (15)
2026-05-13 19:28:38 Handler State: SEMI_START (15) -> SEMI_PROBE_CART (25)
2026-05-13 19:28:42 Handler State: SEMI_PROBE_CART (25) -> SEMI_PROCESS (16)
2026-05-13 19:29:15 Re-Calculated Filling Volume: 0
2026-05-13 19:29:20 Setting CBS color valve (Finished): 0
2026-05-13 19:29:20 Handler State: SEMI_PROCESS (16) -> SEMI_WHAT_NEXT (21)
2026-05-13 19:29:20 Handler State: SEMI_WHAT_NEXT (21) -> SEMI_FINISHED (23)
2026-05-13 19:29:21 Handler State: SEMI_FINISHED (23) -> HANDLER_IDLE (1)
2026-05-13 19:30:13 Handler State: HANDLER_IDLE (1) -> HANDLER_START (2)
2026-05-13 19:30:14 Handler State: HANDLER_START (2) -> DECIDE_CART (3)
2026-05-13 19:30:14 Selection: IFS is clean and its cartridge is cleaned.
2026-05-13 19:30:14 Selected Primary Cartridge: 1
2026-05-13 19:30:14 Selected Primary Station: 102
2026-05-13 19:30:14 Selected Secondary Cartridge: 0
2026-05-13 19:30:14 Selected Secondary Station: 0
2026-05-13 19:30:14 Selected Filling Volume: 640
2026-05-13 19:30:14 Handler State: DECIDE_CART (3) -> CHECK_SEC_CART (26)
2026-05-13 19:30:14 Handler State: CHECK_SEC_CART (26) -> PROBE_CART (24)
2026-05-13 19:30:14 CartMove: Exchange 1, from 102
2026-05-13 19:30:14 CartMoveState: IDLE (1) -> FROM_MOVE (3)
2026-05-13 19:30:14 CartMoveState: FROM_MOVE (3) -> FROM_PROBE (19)
2026-05-13 19:30:16 Handler State: PROBE_CART (24) -> PROCESS_CART (6)
2026-05-13 19:30:16 Setting CBS color valve (FillIFS): 1
2026-05-13 19:30:17 Primed volume (FillIFS): 1.2552
2026-05-13 19:30:17 Re-Calculated Filling Volume: 640
2026-05-13 19:30:17 Setting CBS color valve (FillCart): 1
2026-05-13 19:30:41 Handler State: PROCESS_CART (6) -> EXCHANGE_ONE (7)
2026-05-13 19:30:41 CartMove: Exchange 1, from 102
2026-05-13 19:30:41 CartMoveState: FROM_PROBE (19) -> FROM_CART (4)
2026-05-13 19:30:47 Setting CBS color valve (Finished): 0
2026-05-13 19:30:49 CartMoveState: FROM_CART (4) -> TO_MOVE (10)
2026-05-13 19:30:50 CartMoveState: TO_MOVE (10) -> EXCH_1_WAIT (14)
2026-05-13 19:30:50 Handler State: EXCHANGE_ONE (7) -> START_DCU (8)
2026-05-13 19:30:51 Handler State: START_DCU (8) -> EXCHANGE_TWO (9)
2026-05-13 19:30:51 CartMove: Exchange 2
2026-05-13 19:30:51 CartMoveState: EXCH_1_WAIT (14) -> EXCH_1_CART (15)
2026-05-13 19:30:53 CartMoveState: EXCH_1_CART (15) -> EXCH_2_MOVE (16)
2026-05-13 19:30:54 CartMoveState: EXCH_2_MOVE (16) -> EXCH_2_CART (17)
2026-05-13 19:30:56 CartMoveState: EXCH_2_CART (17) -> STORE_DECIDE (18)
2026-05-13 19:30:56 Used volume for last job: 500.307
2026-05-13 19:30:56 Handler State: EXCHANGE_TWO (9) -> WAIT_FOR_DCU (10)
2026-05-13 19:30:58 Handler State: WAIT_FOR_DCU (10) -> EXCHANGE_THREE (11)
2026-05-13 19:30:58 CartMove: Exchange 3
2026-05-13 19:30:58 CartMoveState: STORE_DECIDE (18) -> AUX_DECIDE (5)
2026-05-13 19:30:58 CartMoveState: AUX_DECIDE (5) -> TO_MOVE (10)
2026-05-13 19:31:00 CartMoveState: TO_MOVE (10) -> TO_CART (11)
2026-05-13 19:31:02 CartMoveState: TO_CART (11) -> HOME_MOVE (12)
2026-05-13 19:31:04 CartMoveState: HOME_MOVE (12) -> HALT (13)
2026-05-13 19:31:04 CartMoveState: HALT (13) -> IDLE (1)
2026-05-13 19:31:04 Handler State: EXCHANGE_THREE (11) -> POST_PROCESS (12)
2026-05-13 19:31:04 Handler State: POST_PROCESS (12) -> MOVE_ARM_HOME (14)
2026-05-13 19:31:04 Handler State: MOVE_ARM_HOME (14) -> HANDLER_IDLE (1)
2026-05-13 19:38:02 Handler State: HANDLER_IDLE (1) -> HANDLER_START (2)
2026-05-13 19:38:03 Handler State: HANDLER_START (2) -> DECIDE_CART (3)
2026-05-13 19:38:03 Selection: IFS is clean and its cartridge is cleaned.
2026-05-13 19:38:03 Selected Primary Cartridge: 6
2026-05-13 19:38:03 Selected Primary Station: 104
2026-05-13 19:38:03 Selected Secondary Cartridge: 0
2026-05-13 19:38:03 Selected Secondary Station: 0
2026-05-13 19:38:03 Selected Filling Volume: 551
2026-05-13 19:38:03 Handler State: DECIDE_CART (3) -> CHECK_SEC_CART (26)
2026-05-13 19:38:03 Handler State: CHECK_SEC_CART (26) -> PROBE_CART (24)
2026-05-13 19:38:03 CartMove: Exchange 1, from 104
2026-05-13 19:38:03 CartMoveState: IDLE (1) -> FROM_MOVE (3)
2026-05-13 19:38:04 CartMoveState: FROM_MOVE (3) -> FROM_PROBE (19)
2026-05-13 19:38:06 Handler State: PROBE_CART (24) -> PROCESS_CART (6)
2026-05-13 19:38:06 Setting CBS color valve (FillIFS): 1
2026-05-13 19:38:07 Primed volume (FillIFS): 2.1933
2026-05-13 19:38:07 Re-Calculated Filling Volume: 551
2026-05-13 19:38:07 Setting CBS color valve (FillCart): 1
2026-05-13 19:38:30 Handler State: PROCESS_CART (6) -> EXCHANGE_ONE (7)
2026-05-13 19:38:30 CartMove: Exchange 1, from 104
2026-05-13 19:38:30 CartMoveState: FROM_PROBE (19) -> FROM_CART (4)
2026-05-13 19:38:35 Setting CBS color valve (Finished): 0
2026-05-13 19:38:37 CartMoveState: FROM_CART (4) -> TO_MOVE (10)
2026-05-13 19:38:39 CartMoveState: TO_MOVE (10) -> EXCH_1_WAIT (14)
2026-05-13 19:38:39 Handler State: EXCHANGE_ONE (7) -> START_DCU (8)
2026-05-13 19:38:39 Handler State: START_DCU (8) -> EXCHANGE_TWO (9)
2026-05-13 19:38:39 CartMove: Exchange 2
2026-05-13 19:38:39 CartMoveState: EXCH_1_WAIT (14) -> EXCH_1_CART (15)
2026-05-13 19:38:42 CartMoveState: EXCH_1_CART (15) -> EXCH_2_MOVE (16)
2026-05-13 19:38:43 CartMoveState: EXCH_2_MOVE (16) -> EXCH_2_CART (17)
2026-05-13 19:38:45 CartMoveState: EXCH_2_CART (17) -> STORE_DECIDE (18)
2026-05-13 19:38:45 Used volume for last job: 264.738
2026-05-13 19:38:45 Handler State: EXCHANGE_TWO (9) -> WAIT_FOR_DCU (10)
2026-05-13 19:38:47 Handler State: WAIT_FOR_DCU (10) -> EXCHANGE_THREE (11)
2026-05-13 19:38:47 CartMove: Exchange 3
2026-05-13 19:38:47 CartMoveState: STORE_DECIDE (18) -> AUX_DECIDE (5)
2026-05-13 19:38:47 CartMoveState: AUX_DECIDE (5) -> TO_MOVE (10)
2026-05-13 19:38:47 CartMoveState: TO_MOVE (10) -> TO_CART (11)
2026-05-13 19:38:49 CartMoveState: TO_CART (11) -> HOME_MOVE (12)
2026-05-13 19:38:49 CartMoveState: HOME_MOVE (12) -> HALT (13)
2026-05-13 19:38:49 CartMoveState: HALT (13) -> IDLE (1)
2026-05-13 19:38:49 Handler State: EXCHANGE_THREE (11) -> POST_PROCESS (12)
2026-05-13 19:38:49 Handler State: POST_PROCESS (12) -> MOVE_ARM_HOME (14)
2026-05-13 19:38:51 Handler State: MOVE_ARM_HOME (14) -> HANDLER_IDLE (1)
2026-05-13 19:45:10 Handler State: HANDLER_IDLE (1) -> SEMI_START (15)
2026-05-13 19:45:10 Handler State: SEMI_START (15) -> SEMI_TO_IFS (18)
2026-05-13 19:45:10 CartMove: Move, from 107 to 104
2026-05-13 19:45:10 CartMoveState: IDLE (1) -> FROM_MOVE (3)
2026-05-13 19:45:12 CartMoveState: FROM_MOVE (3) -> FROM_CART (4)
2026-05-13 19:45:15 CartMoveState: FROM_CART (4) -> AUX_DECIDE (5)
2026-05-13 19:45:15 CartMoveState: AUX_DECIDE (5) -> TO_MOVE (10)
2026-05-13 19:45:16 CartMoveState: TO_MOVE (10) -> TO_CART (11)
2026-05-13 19:45:18 CartMoveState: TO_CART (11) -> HOME_MOVE (12)
2026-05-13 19:45:19 CartMoveState: HOME_MOVE (12) -> HALT (13)
2026-05-13 19:45:19 CartMoveState: HALT (13) -> IDLE (1)
2026-05-13 19:45:19 Handler State: SEMI_TO_IFS (18) -> SEMI_PROBE_CART (25)
2026-05-13 19:45:22 Handler State: SEMI_PROBE_CART (25) -> SEMI_PROCESS (16)
2026-05-13 19:45:56 Re-Calculated Filling Volume: 0
2026-05-13 19:46:01 Setting CBS color valve (Finished): 0
2026-05-13 19:46:01 Handler State: SEMI_PROCESS (16) -> SEMI_FROM_IFS (20)
2026-05-13 19:46:01 CartMove: Move, from 104 to 107
2026-05-13 19:46:01 CartMoveState: IDLE (1) -> FROM_MOVE (3)
2026-05-13 19:46:01 CartMoveState: FROM_MOVE (3) -> FROM_CART (4)
2026-05-13 19:46:04 CartMoveState: FROM_CART (4) -> AUX_DECIDE (5)
2026-05-13 19:46:04 CartMoveState: AUX_DECIDE (5) -> TO_MOVE (10)
2026-05-13 19:46:06 CartMoveState: TO_MOVE (10) -> TO_CART (11)
2026-05-13 19:46:08 CartMoveState: TO_CART (11) -> HOME_MOVE (12)
2026-05-13 19:46:09 CartMoveState: HOME_MOVE (12) -> HALT (13)
2026-05-13 19:46:09 CartMoveState: HALT (13) -> IDLE (1)
2026-05-13 19:46:09 Handler State: SEMI_FROM_IFS (20) -> SEMI_WHAT_NEXT (21)
2026-05-13 19:46:09 Handler State: SEMI_WHAT_NEXT (21) -> SEMI_FINISHED (23)
2026-05-13 19:46:10 Handler State: SEMI_FINISHED (23) -> HANDLER_IDLE (1)
2026-05-13 19:46:11 Handler State: HANDLER_IDLE (1) -> SEMI_START (15)
2026-05-13 19:46:11 Handler State: SEMI_START (15) -> SEMI_PROBE_CART (25)
2026-05-13 19:46:15 Handler State: SEMI_PROBE_CART (25) -> SEMI_PROCESS (16)
2026-05-13 19:47:36 Re-Calculated Filling Volume: 0
2026-05-13 19:47:43 Setting CBS color valve (Finished): 0
2026-05-13 19:47:43 Handler State: SEMI_PROCESS (16) -> SEMI_WHAT_NEXT (21)
2026-05-13 19:47:43 Handler State: SEMI_WHAT_NEXT (21) -> SEMI_FINISHED (23)
2026-05-13 19:47:43 Handler State: SEMI_FINISHED (23) -> HANDLER_IDLE (1)
2026-05-13 19:50:34 Handler State: HANDLER_IDLE (1) -> HANDLER_START (2)
2026-05-13 19:50:35 Handler State: HANDLER_START (2) -> DECIDE_CART (3)
2026-05-13 19:50:35 Selection: IFS is clean.
2026-05-13 19:50:35 Selection: Cartridge is clean.
2026-05-13 19:50:35 Selected Primary Cartridge: 3
2026-05-13 19:50:35 Selected Primary Station: 104
2026-05-13 19:50:35 Selected Secondary Cartridge: 0
2026-05-13 19:50:35 Selected Secondary Station: 0
2026-05-13 19:50:35 Selected Filling Volume: 640
2026-05-13 19:50:35 Handler State: DECIDE_CART (3) -> PLACE_CART (5)
2026-05-13 19:50:35 CartMove: Move, from 107 to 104
2026-05-13 19:50:35 CartMoveState: IDLE (1) -> FROM_MOVE (3)
2026-05-13 19:50:36 CartMoveState: FROM_MOVE (3) -> FROM_CART (4)
2026-05-13 19:50:39 CartMoveState: FROM_CART (4) -> AUX_DECIDE (5)
2026-05-13 19:50:39 CartMoveState: AUX_DECIDE (5) -> TO_MOVE (10)
2026-05-13 19:50:40 CartMoveState: TO_MOVE (10) -> TO_CART (11)
2026-05-13 19:50:43 CartMoveState: TO_CART (11) -> HOME_MOVE (12)
2026-05-13 19:50:43 CartMoveState: HOME_MOVE (12) -> HALT (13)
2026-05-13 19:50:43 CartMoveState: HALT (13) -> IDLE (1)
2026-05-13 19:50:43 Handler State: PLACE_CART (5) -> CHECK_SEC_CART (26)
2026-05-13 19:50:43 Handler State: CHECK_SEC_CART (26) -> PROBE_CART (24)
2026-05-13 19:50:43 CartMove: Exchange 1, from 104
2026-05-13 19:50:43 CartMoveState: IDLE (1) -> FROM_MOVE (3)
2026-05-13 19:50:44 CartMoveState: FROM_MOVE (3) -> FROM_PROBE (19)
2026-05-13 19:50:46 Handler State: PROBE_CART (24) -> PROCESS_CART (6)
2026-05-13 19:50:46 Setting CBS color valve (FillIFS): 2
2026-05-13 19:50:47 Primed volume (FillIFS): 1.57942
2026-05-13 19:50:47 Re-Calculated Filling Volume: 640
2026-05-13 19:50:47 Setting CBS color valve (FillCart): 2
2026-05-13 19:51:12 Handler State: PROCESS_CART (6) -> EXCHANGE_ONE (7)
2026-05-13 19:51:12 CartMove: Exchange 1, from 104
2026-05-13 19:51:12 CartMoveState: FROM_PROBE (19) -> FROM_CART (4)
2026-05-13 19:51:17 Setting CBS color valve (Finished): 0
2026-05-13 19:51:19 CartMoveState: FROM_CART (4) -> TO_MOVE (10)
2026-05-13 19:51:21 CartMoveState: TO_MOVE (10) -> EXCH_1_WAIT (14)
2026-05-13 19:51:21 Handler State: EXCHANGE_ONE (7) -> START_DCU (8)
2026-05-13 19:51:21 Handler State: START_DCU (8) -> EXCHANGE_TWO (9)
2026-05-13 19:51:21 CartMove: Exchange 2
2026-05-13 19:51:21 CartMoveState: EXCH_1_WAIT (14) -> EXCH_1_CART (15)
2026-05-13 19:51:24 CartMoveState: EXCH_1_CART (15) -> EXCH_2_MOVE (16)
2026-05-13 19:51:25 CartMoveState: EXCH_2_MOVE (16) -> EXCH_2_CART (17)
2026-05-13 19:51:27 CartMoveState: EXCH_2_CART (17) -> STORE_DECIDE (18)
2026-05-13 19:51:27 Used volume for last job: 497.043
2026-05-13 19:51:27 Handler State: EXCHANGE_TWO (9) -> WAIT_FOR_DCU (10)
2026-05-13 19:51:29 Handler State: WAIT_FOR_DCU (10) -> EXCHANGE_THREE (11)
2026-05-13 19:51:29 CartMove: Exchange 3
2026-05-13 19:51:29 CartMoveState: STORE_DECIDE (18) -> AUX_DECIDE (5)
2026-05-13 19:51:29 CartMoveState: AUX_DECIDE (5) -> TO_MOVE (10)
2026-05-13 19:51:29 CartMoveState: TO_MOVE (10) -> TO_CART (11)
2026-05-13 19:51:32 CartMoveState: TO_CART (11) -> HOME_MOVE (12)
2026-05-13 19:51:33 CartMoveState: HOME_MOVE (12) -> HALT (13)
2026-05-13 19:51:33 CartMoveState: HALT (13) -> IDLE (1)
2026-05-13 19:51:33 Handler State: EXCHANGE_THREE (11) -> POST_PROCESS (12)
2026-05-13 19:51:33 Handler State: POST_PROCESS (12) -> MOVE_ARM_HOME (14)
2026-05-13 19:51:34 Handler State: MOVE_ARM_HOME (14) -> HANDLER_IDLE (1)
2026-05-13 19:56:28 Handler State: HANDLER_IDLE (1) -> HANDLER_START (2)
2026-05-13 19:56:29 Handler State: HANDLER_START (2) -> DECIDE_CART (3)
2026-05-13 19:56:29 Selection: IFS is clean and its cartridge is cleaned.
2026-05-13 19:56:29 Selected Primary Cartridge: 1
2026-05-13 19:56:29 Selected Primary Station: 102
2026-05-13 19:56:29 Selected Secondary Cartridge: 0
2026-05-13 19:56:29 Selected Secondary Station: 0
2026-05-13 19:56:29 Selected Filling Volume: 640
2026-05-13 19:56:29 Handler State: DECIDE_CART (3) -> CHECK_SEC_CART (26)
2026-05-13 19:56:29 Handler State: CHECK_SEC_CART (26) -> PROBE_CART (24)
2026-05-13 19:56:29 CartMove: Exchange 1, from 102
2026-05-13 19:56:29 CartMoveState: IDLE (1) -> FROM_MOVE (3)
2026-05-13 19:56:30 CartMoveState: FROM_MOVE (3) -> FROM_PROBE (19)
2026-05-13 19:56:31 Handler State: PROBE_CART (24) -> PROCESS_CART (6)
2026-05-13 19:56:32 Setting CBS color valve (FillIFS): 1
2026-05-13 19:56:33 Primed volume (FillIFS): 1.91635
2026-05-13 19:56:33 Re-Calculated Filling Volume: 640
2026-05-13 19:56:33 Setting CBS color valve (FillCart): 1
2026-05-13 19:56:58 Handler State: PROCESS_CART (6) -> EXCHANGE_ONE (7)
2026-05-13 19:56:58 CartMove: Exchange 1, from 102
2026-05-13 19:56:58 CartMoveState: FROM_PROBE (19) -> FROM_CART (4)
2026-05-13 19:57:05 Setting CBS color valve (Finished): 0
2026-05-13 19:57:07 CartMoveState: FROM_CART (4) -> TO_MOVE (10)
2026-05-13 19:57:08 CartMoveState: TO_MOVE (10) -> EXCH_1_WAIT (14)
2026-05-13 19:57:08 Handler State: EXCHANGE_ONE (7) -> START_DCU (8)
2026-05-13 19:57:08 Handler State: START_DCU (8) -> EXCHANGE_TWO (9)
2026-05-13 19:57:08 CartMove: Exchange 2
2026-05-13 19:57:08 CartMoveState: EXCH_1_WAIT (14) -> EXCH_1_CART (15)
2026-05-13 19:57:11 CartMoveState: EXCH_1_CART (15) -> EXCH_2_MOVE (16)
2026-05-13 19:57:12 CartMoveState: EXCH_2_MOVE (16) -> EXCH_2_CART (17)
2026-05-13 19:57:14 CartMoveState: EXCH_2_CART (17) -> STORE_DECIDE (18)
2026-05-13 19:57:14 Used volume for last job: 263.972
2026-05-13 19:57:14 Handler State: EXCHANGE_TWO (9) -> WAIT_FOR_DCU (10)
2026-05-13 19:57:16 Handler State: WAIT_FOR_DCU (10) -> EXCHANGE_THREE (11)
2026-05-13 19:57:16 CartMove: Exchange 3
2026-05-13 19:57:16 CartMoveState: STORE_DECIDE (18) -> AUX_DECIDE (5)
2026-05-13 19:57:16 CartMoveState: AUX_DECIDE (5) -> TO_MOVE (10)
2026-05-13 19:57:18 CartMoveState: TO_MOVE (10) -> TO_CART (11)
2026-05-13 19:57:20 CartMoveState: TO_CART (11) -> HOME_MOVE (12)
2026-05-13 19:57:21 CartMoveState: HOME_MOVE (12) -> HALT (13)
2026-05-13 19:57:21 CartMoveState: HALT (13) -> IDLE (1)
2026-05-13 19:57:21 Handler State: EXCHANGE_THREE (11) -> POST_PROCESS (12)
2026-05-13 19:57:21 Handler State: POST_PROCESS (12) -> MOVE_ARM_HOME (14)
2026-05-13 19:57:21 Handler State: MOVE_ARM_HOME (14) -> HANDLER_IDLE (1)
2026-05-13 20:00:39 Handler State: HANDLER_IDLE (1) -> SEMI_START (15)
2026-05-13 20:00:39 Handler State: SEMI_START (15) -> SEMI_TO_IFS (18)
2026-05-13 20:00:39 CartMove: Move, from 105 to 102
2026-05-13 20:00:39 CartMoveState: IDLE (1) -> FROM_MOVE (3)
2026-05-13 20:00:40 CartMoveState: FROM_MOVE (3) -> FROM_CART (4)
2026-05-13 20:00:43 CartMoveState: FROM_CART (4) -> AUX_DECIDE (5)
2026-05-13 20:00:43 CartMoveState: AUX_DECIDE (5) -> TO_MOVE (10)
2026-05-13 20:00:44 CartMoveState: TO_MOVE (10) -> TO_CART (11)
2026-05-13 20:00:46 CartMoveState: TO_CART (11) -> HOME_MOVE (12)
2026-05-13 20:00:47 CartMoveState: HOME_MOVE (12) -> HALT (13)
2026-05-13 20:00:47 CartMoveState: HALT (13) -> IDLE (1)
2026-05-13 20:00:47 Handler State: SEMI_TO_IFS (18) -> SEMI_PROBE_CART (25)
2026-05-13 20:00:50 Handler State: SEMI_PROBE_CART (25) -> SEMI_PROCESS (16)
2026-05-13 20:02:12 Re-Calculated Filling Volume: 0
2026-05-13 20:02:19 Setting CBS color valve (Finished): 0
2026-05-13 20:02:19 Handler State: SEMI_PROCESS (16) -> SEMI_FROM_IFS (20)
2026-05-13 20:02:19 CartMove: Move, from 102 to 105
2026-05-13 20:02:19 CartMoveState: IDLE (1) -> FROM_MOVE (3)
2026-05-13 20:02:19 CartMoveState: FROM_MOVE (3) -> FROM_CART (4)
2026-05-13 20:02:22 CartMoveState: FROM_CART (4) -> AUX_DECIDE (5)
2026-05-13 20:02:22 CartMoveState: AUX_DECIDE (5) -> TO_MOVE (10)
2026-05-13 20:02:23 CartMoveState: TO_MOVE (10) -> TO_CART (11)
2026-05-13 20:02:25 CartMoveState: TO_CART (11) -> HOME_MOVE (12)
2026-05-13 20:02:26 CartMoveState: HOME_MOVE (12) -> HALT (13)
2026-05-13 20:02:26 CartMoveState: HALT (13) -> IDLE (1)
2026-05-13 20:02:26 Handler State: SEMI_FROM_IFS (20) -> SEMI_WHAT_NEXT (21)
2026-05-13 20:02:26 Handler State: SEMI_WHAT_NEXT (21) -> SEMI_FINISHED (23)
2026-05-13 20:02:27 Handler State: SEMI_FINISHED (23) -> HANDLER_IDLE (1)
2026-05-13 20:04:50 Handler State: HANDLER_IDLE (1) -> SEMI_START (15)
2026-05-13 20:04:50 Handler State: SEMI_START (15) -> SEMI_PROBE_CART (25)
2026-05-13 20:04:53 Handler State: SEMI_PROBE_CART (25) -> SEMI_PROCESS (16)
2026-05-13 20:05:27 Re-Calculated Filling Volume: 0
2026-05-13 20:05:32 Setting CBS color valve (Finished): 0
2026-05-13 20:05:32 Handler State: SEMI_PROCESS (16) -> SEMI_WHAT_NEXT (21)
2026-05-13 20:05:32 Handler State: SEMI_WHAT_NEXT (21) -> SEMI_FINISHED (23)
2026-05-13 20:05:33 Handler State: SEMI_FINISHED (23) -> HANDLER_IDLE (1)
2026-05-13 20:13:44 Handler State: HANDLER_IDLE (1) -> HANDLER_START (2)
2026-05-13 20:13:45 Handler State: HANDLER_START (2) -> DECIDE_CART (3)
2026-05-13 20:13:45 Selection: IFS is clean.
2026-05-13 20:13:45 Selection: Cartridge is clean.
2026-05-13 20:13:45 Selected Primary Cartridge: 4
2026-05-13 20:13:45 Selected Primary Station: 102
2026-05-13 20:13:45 Selected Secondary Cartridge: 0
2026-05-13 20:13:45 Selected Secondary Station: 0
2026-05-13 20:13:45 Selected Filling Volume: 597
2026-05-13 20:13:45 Handler State: DECIDE_CART (3) -> PLACE_CART (5)
2026-05-13 20:13:45 CartMove: Move, from 105 to 102
2026-05-13 20:13:45 CartMoveState: IDLE (1) -> FROM_MOVE (3)
2026-05-13 20:13:46 CartMoveState: FROM_MOVE (3) -> FROM_CART (4)
2026-05-13 20:13:49 CartMoveState: FROM_CART (4) -> AUX_DECIDE (5)
2026-05-13 20:13:49 CartMoveState: AUX_DECIDE (5) -> TO_MOVE (10)
2026-05-13 20:13:50 CartMoveState: TO_MOVE (10) -> TO_CART (11)
2026-05-13 20:13:53 CartMoveState: TO_CART (11) -> HOME_MOVE (12)
2026-05-13 20:13:53 CartMoveState: HOME_MOVE (12) -> HALT (13)
2026-05-13 20:13:53 CartMoveState: HALT (13) -> IDLE (1)
2026-05-13 20:13:53 Handler State: PLACE_CART (5) -> CHECK_SEC_CART (26)
2026-05-13 20:13:53 Handler State: CHECK_SEC_CART (26) -> PROBE_CART (24)
2026-05-13 20:13:53 CartMove: Exchange 1, from 102
2026-05-13 20:13:53 CartMoveState: IDLE (1) -> FROM_MOVE (3)
2026-05-13 20:13:54 CartMoveState: FROM_MOVE (3) -> FROM_PROBE (19)
2026-05-13 20:13:56 Handler State: PROBE_CART (24) -> PROCESS_CART (6)
2026-05-13 20:13:56 Setting CBS color valve (FillIFS): 2
2026-05-13 20:13:57 Primed volume (FillIFS): 1.61496
2026-05-13 20:13:57 Re-Calculated Filling Volume: 597
2026-05-13 20:13:57 Setting CBS color valve (FillCart): 2
2026-05-13 20:14:20 Handler State: PROCESS_CART (6) -> EXCHANGE_ONE (7)
2026-05-13 20:14:20 CartMove: Exchange 1, from 102
2026-05-13 20:14:20 CartMoveState: FROM_PROBE (19) -> FROM_CART (4)
2026-05-13 20:14:27 Setting CBS color valve (Finished): 0
2026-05-13 20:14:28 CartMoveState: FROM_CART (4) -> TO_MOVE (10)
2026-05-13 20:14:29 CartMoveState: TO_MOVE (10) -> EXCH_1_WAIT (14)
2026-05-13 20:14:29 Handler State: EXCHANGE_ONE (7) -> START_DCU (8)
2026-05-13 20:14:29 Handler State: START_DCU (8) -> EXCHANGE_TWO (9)
2026-05-13 20:14:29 CartMove: Exchange 2
2026-05-13 20:14:29 CartMoveState: EXCH_1_WAIT (14) -> EXCH_1_CART (15)
2026-05-13 20:14:32 CartMoveState: EXCH_1_CART (15) -> EXCH_2_MOVE (16)
2026-05-13 20:14:33 CartMoveState: EXCH_2_MOVE (16) -> EXCH_2_CART (17)
2026-05-13 20:14:35 CartMoveState: EXCH_2_CART (17) -> STORE_DECIDE (18)
2026-05-13 20:14:35 Used volume for last job: 248.064
2026-05-13 20:14:35 Handler State: EXCHANGE_TWO (9) -> WAIT_FOR_DCU (10)
2026-05-13 20:14:36 Handler State: WAIT_FOR_DCU (10) -> EXCHANGE_THREE (11)
2026-05-13 20:14:36 CartMove: Exchange 3
2026-05-13 20:14:36 CartMoveState: STORE_DECIDE (18) -> AUX_DECIDE (5)
2026-05-13 20:14:36 CartMoveState: AUX_DECIDE (5) -> TO_MOVE (10)
2026-05-13 20:14:36 CartMoveState: TO_MOVE (10) -> TO_CART (11)
2026-05-13 20:14:39 CartMoveState: TO_CART (11) -> HOME_MOVE (12)
2026-05-13 20:14:39 CartMoveState: HOME_MOVE (12) -> HALT (13)
2026-05-13 20:14:39 CartMoveState: HALT (13) -> IDLE (1)
2026-05-13 20:14:39 Handler State: EXCHANGE_THREE (11) -> POST_PROCESS (12)
2026-05-13 20:14:39 Handler State: POST_PROCESS (12) -> MOVE_ARM_HOME (14)
2026-05-13 20:14:42 Handler State: MOVE_ARM_HOME (14) -> HANDLER_IDLE (1)
2026-05-13 20:14:50 Handler State: HANDLER_IDLE (1) -> HANDLER_START (2)
2026-05-13 20:14:51 Handler State: HANDLER_START (2) -> DECIDE_CART (3)
2026-05-13 20:14:51 Selection: IFS is clean and its cartridge is cleaned.
2026-05-13 20:14:51 Selected Primary Cartridge: 6
2026-05-13 20:14:51 Selected Primary Station: 104
2026-05-13 20:14:51 Selected Secondary Cartridge: 0
2026-05-13 20:14:51 Selected Secondary Station: 0
2026-05-13 20:14:51 Selected Filling Volume: 561
2026-05-13 20:14:51 Handler State: DECIDE_CART (3) -> CHECK_SEC_CART (26)
2026-05-13 20:14:51 Handler State: CHECK_SEC_CART (26) -> PROBE_CART (24)
2026-05-13 20:14:51 CartMove: Exchange 1, from 104
2026-05-13 20:14:51 CartMoveState: IDLE (1) -> FROM_MOVE (3)
2026-05-13 20:14:52 CartMoveState: FROM_MOVE (3) -> FROM_PROBE (19)
2026-05-13 20:14:54 Handler State: PROBE_CART (24) -> PROCESS_CART (6)
2026-05-13 20:14:54 Setting CBS color valve (FillIFS): 1
2026-05-13 20:14:55 Primed volume (FillIFS): 2.60136
2026-05-13 20:14:55 Re-Calculated Filling Volume: 561
2026-05-13 20:14:55 Setting CBS color valve (FillCart): 1
2026-05-13 20:15:18 Handler State: PROCESS_CART (6) -> EXCHANGE_ONE (7)
2026-05-13 20:15:18 CartMove: Exchange 1, from 104
2026-05-13 20:15:18 CartMoveState: FROM_PROBE (19) -> FROM_CART (4)
2026-05-13 20:15:24 Setting CBS color valve (Finished): 0
2026-05-13 20:15:25 CartMoveState: FROM_CART (4) -> TO_MOVE (10)
2026-05-13 20:15:27 CartMoveState: TO_MOVE (10) -> EXCH_1_WAIT (14)
2026-05-13 20:15:27 Handler State: EXCHANGE_ONE (7) -> START_DCU (8)
2026-05-13 20:19:00 Handler State: START_DCU (8) -> EXCHANGE_TWO (9)
2026-05-13 20:19:00 CartMove: Exchange 2
2026-05-13 20:19:11 CartMoveState: EXCH_1_WAIT (14) -> EXCH_1_CART (15)
2026-05-13 20:19:14 CartMoveState: EXCH_1_CART (15) -> EXCH_2_MOVE (16)
2026-05-13 20:19:15 CartMoveState: EXCH_2_MOVE (16) -> EXCH_2_CART (17)
2026-05-13 20:19:17 CartMoveState: EXCH_2_CART (17) -> STORE_DECIDE (18)
2026-05-13 20:19:17 Used volume for last job: 543.695
2026-05-13 20:19:17 Handler State: EXCHANGE_TWO (9) -> WAIT_FOR_DCU (10)
2026-05-13 20:19:19 Handler State: WAIT_FOR_DCU (10) -> EXCHANGE_THREE (11)
2026-05-13 20:19:19 CartMove: Exchange 3
2026-05-13 20:19:19 CartMoveState: STORE_DECIDE (18) -> AUX_DECIDE (5)
2026-05-13 20:19:19 CartMoveState: AUX_DECIDE (5) -> TO_MOVE (10)
2026-05-13 20:19:20 CartMoveState: TO_MOVE (10) -> TO_CART (11)
2026-05-13 20:19:22 CartMoveState: TO_CART (11) -> HOME_MOVE (12)
2026-05-13 20:19:24 CartMoveState: HOME_MOVE (12) -> HALT (13)
2026-05-13 20:19:24 CartMoveState: HALT (13) -> IDLE (1)
2026-05-13 20:19:24 Handler State: EXCHANGE_THREE (11) -> POST_PROCESS (12)
2026-05-13 20:19:24 Handler State: POST_PROCESS (12) -> MOVE_ARM_HOME (14)
2026-05-13 20:19:24 Handler State: MOVE_ARM_HOME (14) -> HANDLER_IDLE (1)
2026-05-13 20:24:32 Handler State: HANDLER_IDLE (1) -> HANDLER_START (2)
2026-05-13 20:24:33 Handler State: HANDLER_START (2) -> DECIDE_CART (3)
2026-05-13 20:24:33 Selection: Last resort, just pick the first IFS.
2026-05-13 20:24:33 Selection: Last resort, just pick the first cartridge.
2026-05-13 20:24:33 Selected Primary Cartridge: 1
2026-05-13 20:24:33 Selected Primary Station: 102
2026-05-13 20:24:33 Selected Secondary Cartridge: 0
2026-05-13 20:24:33 Selected Secondary Station: 0
2026-05-13 20:24:33 Selected Filling Volume: 534
2026-05-13 20:24:33 Handler State: DECIDE_CART (3) -> CHECK_SEC_CART (26)
2026-05-13 20:24:33 Handler State: CHECK_SEC_CART (26) -> PROBE_CART (24)
2026-05-13 20:24:33 CartMove: Exchange 1, from 102
2026-05-13 20:24:33 CartMoveState: IDLE (1) -> FROM_MOVE (3)
2026-05-13 20:24:34 CartMoveState: FROM_MOVE (3) -> FROM_PROBE (19)
2026-05-13 20:24:35 Handler State: PROBE_CART (24) -> PROCESS_CART (6)
2026-05-13 20:25:59 Setting CBS color valve (FillIFS): 1
2026-05-13 20:26:00 Primed volume (FillIFS): 4.61617
2026-05-13 20:26:00 Re-Calculated Filling Volume: 534
2026-05-13 20:26:00 Setting CBS color valve (FillCart): 1
2026-05-13 20:26:24 Handler State: PROCESS_CART (6) -> EXCHANGE_ONE (7)
2026-05-13 20:26:24 CartMove: Exchange 1, from 102
2026-05-13 20:26:24 CartMoveState: FROM_PROBE (19) -> FROM_CART (4)
2026-05-13 20:26:30 Setting CBS color valve (Finished): 0
2026-05-13 20:26:32 CartMoveState: FROM_CART (4) -> TO_MOVE (10)
2026-05-13 20:26:33 CartMoveState: TO_MOVE (10) -> EXCH_1_WAIT (14)
2026-05-13 20:26:33 Handler State: EXCHANGE_ONE (7) -> START_DCU (8)
2026-05-13 20:26:33 Handler State: START_DCU (8) -> EXCHANGE_TWO (9)
2026-05-13 20:26:33 CartMove: Exchange 2
2026-05-13 20:26:33 CartMoveState: EXCH_1_WAIT (14) -> EXCH_1_CART (15)
2026-05-13 20:26:36 CartMoveState: EXCH_1_CART (15) -> EXCH_2_MOVE (16)
2026-05-13 20:26:37 CartMoveState: EXCH_2_MOVE (16) -> EXCH_2_CART (17)
2026-05-13 20:26:39 CartMoveState: EXCH_2_CART (17) -> STORE_DECIDE (18)
2026-05-13 20:26:39 Used volume for last job: 507.796
2026-05-13 20:26:39 Handler State: EXCHANGE_TWO (9) -> WAIT_FOR_DCU (10)
2026-05-13 20:26:41 Handler State: WAIT_FOR_DCU (10) -> EXCHANGE_THREE (11)
2026-05-13 20:26:41 CartMove: Exchange 3
2026-05-13 20:26:41 CartMoveState: STORE_DECIDE (18) -> AUX_DECIDE (5)
2026-05-13 20:26:41 CartMoveState: AUX_DECIDE (5) -> TO_MOVE (10)
2026-05-13 20:26:41 CartMoveState: TO_MOVE (10) -> TO_CART (11)
2026-05-13 20:26:44 CartMoveState: TO_CART (11) -> HOME_MOVE (12)
2026-05-13 20:26:45 CartMoveState: HOME_MOVE (12) -> HALT (13)
2026-05-13 20:26:45 CartMoveState: HALT (13) -> IDLE (1)
2026-05-13 20:26:45 Handler State: EXCHANGE_THREE (11) -> POST_PROCESS (12)
2026-05-13 20:26:45 Handler State: POST_PROCESS (12) -> MOVE_ARM_HOME (14)
2026-05-13 20:26:45 Handler State: MOVE_ARM_HOME (14) -> HANDLER_IDLE (1)
2026-05-13 20:34:31 Handler State: HANDLER_IDLE (1) -> HANDLER_START (2)
2026-05-13 20:34:32 Handler State: HANDLER_START (2) -> DECIDE_CART (3)
2026-05-13 20:34:32 Selection: Last resort, just pick the first IFS.
2026-05-13 20:34:32 Selection: Last resort, just pick the first cartridge.
2026-05-13 20:34:32 Selected Primary Cartridge: 3
2026-05-13 20:34:32 Selected Primary Station: 104
2026-05-13 20:34:32 Selected Secondary Cartridge: 0
2026-05-13 20:34:32 Selected Secondary Station: 0
2026-05-13 20:34:32 Selected Filling Volume: 640
2026-05-13 20:34:32 Handler State: DECIDE_CART (3) -> REMOVE_CART (4)
2026-05-13 20:34:32 CartMove: Move, from 104 to 108
2026-05-13 20:34:32 CartMoveState: IDLE (1) -> FROM_MOVE (3)
2026-05-13 20:34:33 CartMoveState: FROM_MOVE (3) -> FROM_CART (4)
2026-05-13 20:34:36 CartMoveState: FROM_CART (4) -> AUX_DECIDE (5)
2026-05-13 20:34:36 CartMoveState: AUX_DECIDE (5) -> TO_MOVE (10)
2026-05-13 20:34:37 CartMoveState: TO_MOVE (10) -> TO_CART (11)
2026-05-13 20:34:39 CartMoveState: TO_CART (11) -> HOME_MOVE (12)
2026-05-13 20:34:41 CartMoveState: HOME_MOVE (12) -> HALT (13)
2026-05-13 20:34:41 CartMoveState: HALT (13) -> IDLE (1)
2026-05-13 20:34:41 Handler State: REMOVE_CART (4) -> PLACE_CART (5)
2026-05-13 20:34:41 CartMove: Move, from 107 to 104
2026-05-13 20:34:41 CartMoveState: IDLE (1) -> FROM_MOVE (3)
2026-05-13 20:34:42 CartMoveState: FROM_MOVE (3) -> FROM_CART (4)
2026-05-13 20:34:45 CartMoveState: FROM_CART (4) -> AUX_DECIDE (5)
2026-05-13 20:34:45 CartMoveState: AUX_DECIDE (5) -> TO_MOVE (10)
2026-05-13 20:34:47 CartMoveState: TO_MOVE (10) -> TO_CART (11)
2026-05-13 20:34:49 CartMoveState: TO_CART (11) -> HOME_MOVE (12)
2026-05-13 20:34:50 CartMoveState: HOME_MOVE (12) -> HALT (13)
2026-05-13 20:34:50 CartMoveState: HALT (13) -> IDLE (1)
2026-05-13 20:34:50 Handler State: PLACE_CART (5) -> CHECK_SEC_CART (26)
2026-05-13 20:34:50 Handler State: CHECK_SEC_CART (26) -> PROBE_CART (24)
2026-05-13 20:34:50 CartMove: Exchange 1, from 104
2026-05-13 20:34:50 CartMoveState: IDLE (1) -> FROM_MOVE (3)
2026-05-13 20:34:50 CartMoveState: FROM_MOVE (3) -> FROM_PROBE (19)
2026-05-13 20:34:52 Handler State: PROBE_CART (24) -> PROCESS_CART (6)
2026-05-13 20:36:10 Setting CBS color valve (FillIFS): 2
2026-05-13 20:36:12 Primed volume (FillIFS): 4.97757
2026-05-13 20:36:12 Re-Calculated Filling Volume: 640
2026-05-13 20:36:12 Setting CBS color valve (FillCart): 2
2026-05-13 20:36:42 Handler State: PROCESS_CART (6) -> EXCHANGE_ONE (7)
2026-05-13 20:36:42 CartMove: Exchange 1, from 104
2026-05-13 20:36:42 CartMoveState: FROM_PROBE (19) -> FROM_CART (4)
2026-05-13 20:36:47 Setting CBS color valve (Finished): 0
2026-05-13 20:36:49 CartMoveState: FROM_CART (4) -> TO_MOVE (10)
2026-05-13 20:36:51 CartMoveState: TO_MOVE (10) -> EXCH_1_WAIT (14)
2026-05-13 20:36:51 Handler State: EXCHANGE_ONE (7) -> START_DCU (8)
2026-05-13 20:38:10 Handler State: START_DCU (8) -> EXCHANGE_TWO (9)
2026-05-13 20:38:10 CartMove: Exchange 2
2026-05-13 20:38:21 CartMoveState: EXCH_1_WAIT (14) -> EXCH_1_CART (15)
2026-05-13 20:38:23 CartMoveState: EXCH_1_CART (15) -> EXCH_2_MOVE (16)
2026-05-13 20:38:24 CartMoveState: EXCH_2_MOVE (16) -> EXCH_2_CART (17)
2026-05-13 20:38:26 CartMoveState: EXCH_2_CART (17) -> STORE_DECIDE (18)
2026-05-13 20:38:26 Used volume for last job: 481.623
2026-05-13 20:38:26 Handler State: EXCHANGE_TWO (9) -> WAIT_FOR_DCU (10)
2026-05-13 20:38:28 Handler State: WAIT_FOR_DCU (10) -> EXCHANGE_THREE (11)
2026-05-13 20:38:28 CartMove: Exchange 3
2026-05-13 20:38:28 CartMoveState: STORE_DECIDE (18) -> AUX_DECIDE (5)
2026-05-13 20:38:28 CartMoveState: AUX_DECIDE (5) -> TO_MOVE (10)
2026-05-13 20:38:28 CartMoveState: TO_MOVE (10) -> TO_CART (11)
2026-05-13 20:38:30 CartMoveState: TO_CART (11) -> HOME_MOVE (12)
2026-05-13 20:38:30 CartMoveState: HOME_MOVE (12) -> HALT (13)
2026-05-13 20:38:30 CartMoveState: HALT (13) -> IDLE (1)
2026-05-13 20:38:30 Handler State: EXCHANGE_THREE (11) -> POST_PROCESS (12)
2026-05-13 20:38:30 Handler State: POST_PROCESS (12) -> EMPTY_AUX (13)
2026-05-13 20:38:30 CartMove: Move, from 108 to 104
2026-05-13 20:38:30 CartMoveState: IDLE (1) -> FROM_MOVE (3)
2026-05-13 20:38:32 CartMoveState: FROM_MOVE (3) -> FROM_CART (4)
2026-05-13 20:38:35 CartMoveState: FROM_CART (4) -> AUX_DECIDE (5)
2026-05-13 20:38:35 CartMoveState: AUX_DECIDE (5) -> TO_MOVE (10)
2026-05-13 20:38:36 CartMoveState: TO_MOVE (10) -> TO_CART (11)
2026-05-13 20:38:39 CartMoveState: TO_CART (11) -> HOME_MOVE (12)
2026-05-13 20:38:39 CartMoveState: HOME_MOVE (12) -> HALT (13)
2026-05-13 20:38:39 CartMoveState: HALT (13) -> IDLE (1)
2026-05-13 20:38:39 Handler State: EMPTY_AUX (13) -> MOVE_ARM_HOME (14)
2026-05-13 20:38:39 Handler State: MOVE_ARM_HOME (14) -> HANDLER_IDLE (1)
2026-05-13 20:39:56 Handler State: HANDLER_IDLE (1) -> HANDLER_START (2)
2026-05-13 20:39:57 Handler State: HANDLER_START (2) -> DECIDE_CART (3)
2026-05-13 20:39:57 Selection: IFS has correct material.
2026-05-13 20:39:57 Selection: Last resort, just pick the first cartridge.
2026-05-13 20:39:57 Selected Primary Cartridge: 6
2026-05-13 20:39:57 Selected Primary Station: 104
2026-05-13 20:39:57 Selected Secondary Cartridge: 0
2026-05-13 20:39:57 Selected Secondary Station: 0
2026-05-13 20:39:57 Selected Filling Volume: 640
2026-05-13 20:39:57 Handler State: DECIDE_CART (3) -> CHECK_SEC_CART (26)
2026-05-13 20:39:57 Handler State: CHECK_SEC_CART (26) -> PROBE_CART (24)
2026-05-13 20:39:57 CartMove: Exchange 1, from 104
2026-05-13 20:39:57 CartMoveState: IDLE (1) -> FROM_MOVE (3)
2026-05-13 20:39:58 CartMoveState: FROM_MOVE (3) -> FROM_PROBE (19)
2026-05-13 20:40:00 Handler State: PROBE_CART (24) -> PROCESS_CART (6)
2026-05-13 20:40:32 Setting CBS color valve (FillGate): 2
2026-05-13 20:40:33 Primed volume (FillGate): 1.14493
2026-05-13 20:40:33 Re-Calculated Filling Volume: 640
2026-05-13 20:40:33 Setting CBS color valve (FillCart): 2
2026-05-13 20:40:59 Handler State: PROCESS_CART (6) -> EXCHANGE_ONE (7)
2026-05-13 20:40:59 CartMove: Exchange 1, from 104
2026-05-13 20:40:59 CartMoveState: FROM_PROBE (19) -> FROM_CART (4)
2026-05-13 20:41:05 Setting CBS color valve (Finished): 0
2026-05-13 20:41:07 CartMoveState: FROM_CART (4) -> TO_MOVE (10)
2026-05-13 20:41:08 CartMoveState: TO_MOVE (10) -> EXCH_1_WAIT (14)
2026-05-13 20:41:08 Handler State: EXCHANGE_ONE (7) -> START_DCU (8)
2026-05-13 20:41:27 Handler State: START_DCU (8) -> EXCHANGE_TWO (9)
2026-05-13 20:41:27 CartMove: Exchange 2
2026-05-13 20:41:28 CartMoveState: EXCH_1_WAIT (14) -> EXCH_1_CART (15)
2026-05-13 20:41:30 CartMoveState: EXCH_1_CART (15) -> EXCH_2_MOVE (16)
2026-05-13 20:41:32 CartMoveState: EXCH_2_MOVE (16) -> EXCH_2_CART (17)
2026-05-13 20:41:34 CartMoveState: EXCH_2_CART (17) -> STORE_DECIDE (18)
2026-05-13 20:41:34 Used volume for last job: 0
2026-05-13 20:41:34 Handler State: EXCHANGE_TWO (9) -> WAIT_FOR_DCU (10)
2026-05-13 20:41:35 Handler State: WAIT_FOR_DCU (10) -> EXCHANGE_THREE (11)
2026-05-13 20:41:35 CartMove: Exchange 3
2026-05-13 20:41:35 CartMoveState: STORE_DECIDE (18) -> AUX_DECIDE (5)
2026-05-13 20:41:35 CartMoveState: AUX_DECIDE (5) -> TO_MOVE (10)
2026-05-13 20:41:37 CartMoveState: TO_MOVE (10) -> TO_CART (11)
2026-05-13 20:41:39 CartMoveState: TO_CART (11) -> HOME_MOVE (12)
2026-05-13 20:41:40 CartMoveState: HOME_MOVE (12) -> HALT (13)
2026-05-13 20:41:40 CartMoveState: HALT (13) -> IDLE (1)
2026-05-13 20:41:40 Handler State: EXCHANGE_THREE (11) -> POST_PROCESS (12)
2026-05-13 20:41:40 Handler State: POST_PROCESS (12) -> MOVE_ARM_HOME (14)
2026-05-13 20:41:40 Handler State: MOVE_ARM_HOME (14) -> HANDLER_IDLE (1)
2026-05-13 20:43:11 Handler State: HANDLER_IDLE (1) -> SEMI_START (15)
2026-05-13 20:43:11 Handler State: SEMI_START (15) -> SEMI_PROBE_CART (25)
2026-05-13 20:43:14 Handler State: SEMI_PROBE_CART (25) -> SEMI_PROCESS (16)
2026-05-13 20:43:50 Re-Calculated Filling Volume: 0
2026-05-13 20:43:57 Setting CBS color valve (Finished): 0
2026-05-13 20:43:57 Handler State: SEMI_PROCESS (16) -> SEMI_WHAT_NEXT (21)
2026-05-13 20:43:57 Handler State: SEMI_WHAT_NEXT (21) -> SEMI_FINISHED (23)
2026-05-13 20:43:57 Handler State: SEMI_FINISHED (23) -> HANDLER_IDLE (1)
2026-05-13 20:47:12 Handler State: HANDLER_IDLE (1) -> HANDLER_START (2)
2026-05-13 20:47:12 Handler State: HANDLER_START (2) -> DECIDE_CART (3)
2026-05-13 20:47:12 Selection: IFS is clean and its cartridge is cleaned.
2026-05-13 20:47:12 Selected Primary Cartridge: 1
2026-05-13 20:47:12 Selected Primary Station: 102
2026-05-13 20:47:12 Selected Secondary Cartridge: 0
2026-05-13 20:47:12 Selected Secondary Station: 0
2026-05-13 20:47:12 Selected Filling Volume: 640
2026-05-13 20:47:12 Handler State: DECIDE_CART (3) -> CHECK_SEC_CART (26)
2026-05-13 20:47:12 Handler State: CHECK_SEC_CART (26) -> PROBE_CART (24)
2026-05-13 20:47:12 CartMove: Exchange 1, from 102
2026-05-13 20:47:12 CartMoveState: IDLE (1) -> FROM_MOVE (3)
2026-05-13 20:47:13 CartMoveState: FROM_MOVE (3) -> FROM_PROBE (19)
2026-05-13 20:47:15 Handler State: PROBE_CART (24) -> PROCESS_CART (6)
2026-05-13 20:47:15 Setting CBS color valve (FillIFS): 2
2026-05-13 20:47:16 Primed volume (FillIFS): 1.59788
2026-05-13 20:47:16 Re-Calculated Filling Volume: 640
2026-05-13 20:47:16 Setting CBS color valve (FillCart): 2
2026-05-13 20:47:39 Handler State: PROCESS_CART (6) -> EXCHANGE_ONE (7)
2026-05-13 20:47:39 CartMove: Exchange 1, from 102
2026-05-13 20:47:39 CartMoveState: FROM_PROBE (19) -> FROM_CART (4)
2026-05-13 20:47:46 Setting CBS color valve (Finished): 0
2026-05-13 20:47:48 CartMoveState: FROM_CART (4) -> TO_MOVE (10)
2026-05-13 20:47:49 CartMoveState: TO_MOVE (10) -> EXCH_1_WAIT (14)
2026-05-13 20:47:49 Handler State: EXCHANGE_ONE (7) -> START_DCU (8)
2026-05-13 20:47:49 Handler State: START_DCU (8) -> EXCHANGE_TWO (9)
2026-05-13 20:47:49 CartMove: Exchange 2
2026-05-13 20:47:49 CartMoveState: EXCH_1_WAIT (14) -> EXCH_1_CART (15)
2026-05-13 20:47:52 CartMoveState: EXCH_1_CART (15) -> EXCH_2_MOVE (16)
2026-05-13 20:47:53 CartMoveState: EXCH_2_MOVE (16) -> EXCH_2_CART (17)
2026-05-13 20:47:55 CartMoveState: EXCH_2_CART (17) -> STORE_DECIDE (18)
2026-05-13 20:47:55 Used volume for last job: 504.513
2026-05-13 20:47:55 Handler State: EXCHANGE_TWO (9) -> WAIT_FOR_DCU (10)
2026-05-13 20:47:57 Handler State: WAIT_FOR_DCU (10) -> EXCHANGE_THREE (11)
2026-05-13 20:47:57 CartMove: Exchange 3
2026-05-13 20:47:57 CartMoveState: STORE_DECIDE (18) -> AUX_DECIDE (5)
2026-05-13 20:47:57 CartMoveState: AUX_DECIDE (5) -> TO_MOVE (10)
2026-05-13 20:47:59 CartMoveState: TO_MOVE (10) -> TO_CART (11)
2026-05-13 20:48:01 CartMoveState: TO_CART (11) -> HOME_MOVE (12)
2026-05-13 20:48:02 CartMoveState: HOME_MOVE (12) -> HALT (13)
2026-05-13 20:48:02 CartMoveState: HALT (13) -> IDLE (1)
2026-05-13 20:48:02 Handler State: EXCHANGE_THREE (11) -> POST_PROCESS (12)
2026-05-13 20:48:02 Handler State: POST_PROCESS (12) -> MOVE_ARM_HOME (14)
2026-05-13 20:48:02 Handler State: MOVE_ARM_HOME (14) -> HANDLER_IDLE (1)
2026-05-13 20:52:52 Handler State: HANDLER_IDLE (1) -> SEMI_START (15)
2026-05-13 20:52:52 Handler State: SEMI_START (15) -> SEMI_PROBE_CART (25)
2026-05-13 20:52:55 Handler State: SEMI_PROBE_CART (25) -> SEMI_PROCESS (16)
2026-05-13 20:53:40 Re-Calculated Filling Volume: 0
2026-05-13 20:53:45 Setting CBS color valve (Finished): 0
2026-05-13 20:53:45 Handler State: SEMI_PROCESS (16) -> SEMI_WHAT_NEXT (21)
2026-05-13 20:53:45 Handler State: SEMI_WHAT_NEXT (21) -> SEMI_FINISHED (23)
2026-05-13 20:53:46 Handler State: SEMI_FINISHED (23) -> HANDLER_IDLE (1)
2026-05-13 20:53:52 Handler State: HANDLER_IDLE (1) -> HANDLER_START (2)
2026-05-13 20:53:53 Handler State: HANDLER_START (2) -> DECIDE_CART (3)
2026-05-13 20:53:53 Selection: IFS is clean and its cartridge is cleaned.
2026-05-13 20:53:53 Selected Primary Cartridge: 3
2026-05-13 20:53:53 Selected Primary Station: 104
2026-05-13 20:53:53 Selected Secondary Cartridge: 0
2026-05-13 20:53:53 Selected Secondary Station: 0
2026-05-13 20:53:53 Selected Filling Volume: 551
2026-05-13 20:53:53 Handler State: DECIDE_CART (3) -> CHECK_SEC_CART (26)
2026-05-13 20:53:53 Handler State: CHECK_SEC_CART (26) -> PROBE_CART (24)
2026-05-13 20:53:53 CartMove: Exchange 1, from 104
2026-05-13 20:53:53 CartMoveState: IDLE (1) -> FROM_MOVE (3)
2026-05-13 20:53:54 CartMoveState: FROM_MOVE (3) -> FROM_PROBE (19)
2026-05-13 20:53:56 Handler State: PROBE_CART (24) -> PROCESS_CART (6)
2026-05-13 20:53:56 Setting CBS color valve (FillIFS): 1
2026-05-13 20:53:57 Primed volume (FillIFS): 4.87347
2026-05-13 20:53:57 Re-Calculated Filling Volume: 551
2026-05-13 20:53:57 Setting CBS color valve (FillCart): 1
2026-05-13 20:54:20 Handler State: PROCESS_CART (6) -> EXCHANGE_ONE (7)
2026-05-13 20:54:20 CartMove: Exchange 1, from 104
2026-05-13 20:54:20 CartMoveState: FROM_PROBE (19) -> FROM_CART (4)
2026-05-13 20:54:25 Setting CBS color valve (Finished): 0
2026-05-13 20:54:27 CartMoveState: FROM_CART (4) -> TO_MOVE (10)
2026-05-13 20:54:29 CartMoveState: TO_MOVE (10) -> EXCH_1_WAIT (14)
2026-05-13 20:54:29 Handler State: EXCHANGE_ONE (7) -> START_DCU (8)
2026-05-13 20:54:29 Handler State: START_DCU (8) -> EXCHANGE_TWO (9)
2026-05-13 20:54:29 CartMove: Exchange 2
2026-05-13 20:54:29 CartMoveState: EXCH_1_WAIT (14) -> EXCH_1_CART (15)
2026-05-13 20:54:32 CartMoveState: EXCH_1_CART (15) -> EXCH_2_MOVE (16)
2026-05-13 20:54:33 CartMoveState: EXCH_2_MOVE (16) -> EXCH_2_CART (17)
2026-05-13 20:54:35 CartMoveState: EXCH_2_CART (17) -> STORE_DECIDE (18)
2026-05-13 20:54:35 Used volume for last job: 263.669
2026-05-13 20:54:35 Handler State: EXCHANGE_TWO (9) -> WAIT_FOR_DCU (10)
2026-05-13 20:54:37 Handler State: WAIT_FOR_DCU (10) -> EXCHANGE_THREE (11)
2026-05-13 20:54:37 CartMove: Exchange 3
2026-05-13 20:54:37 CartMoveState: STORE_DECIDE (18) -> AUX_DECIDE (5)
2026-05-13 20:54:37 CartMoveState: AUX_DECIDE (5) -> TO_MOVE (10)
2026-05-13 20:54:37 CartMoveState: TO_MOVE (10) -> TO_CART (11)
2026-05-13 20:54:39 CartMoveState: TO_CART (11) -> HOME_MOVE (12)
2026-05-13 20:54:39 CartMoveState: HOME_MOVE (12) -> HALT (13)
2026-05-13 20:54:39 CartMoveState: HALT (13) -> IDLE (1)
2026-05-13 20:54:39 Handler State: EXCHANGE_THREE (11) -> POST_PROCESS (12)
2026-05-13 20:54:39 Handler State: POST_PROCESS (12) -> MOVE_ARM_HOME (14)
2026-05-13 20:54:41 Handler State: MOVE_ARM_HOME (14) -> HANDLER_IDLE (1)
2026-05-13 21:02:48 Handler State: HANDLER_IDLE (1) -> SEMI_START (15)
2026-05-13 21:02:48 Handler State: SEMI_START (15) -> SEMI_PROBE_CART (25)
2026-05-13 21:02:51 Handler State: SEMI_PROBE_CART (25) -> SEMI_PROCESS (16)
2026-05-13 21:04:12 Re-Calculated Filling Volume: 0
2026-05-13 21:04:19 Setting CBS color valve (Finished): 0
2026-05-13 21:04:19 Handler State: SEMI_PROCESS (16) -> SEMI_WHAT_NEXT (21)
2026-05-13 21:04:19 Handler State: SEMI_WHAT_NEXT (21) -> SEMI_FINISHED (23)
2026-05-13 21:04:20 Handler State: SEMI_FINISHED (23) -> HANDLER_IDLE (1)
2026-05-13 21:07:23 Handler State: HANDLER_IDLE (1) -> HANDLER_START (2)
2026-05-13 21:07:24 Handler State: HANDLER_START (2) -> DECIDE_CART (3)
2026-05-13 21:07:24 Selection: IFS is clean and its cartridge is cleaned.
2026-05-13 21:07:24 Selected Primary Cartridge: 1
2026-05-13 21:07:24 Selected Primary Station: 102
2026-05-13 21:07:24 Selected Secondary Cartridge: 0
2026-05-13 21:07:24 Selected Secondary Station: 0
2026-05-13 21:07:24 Selected Filling Volume: 640
2026-05-13 21:07:24 Handler State: DECIDE_CART (3) -> CHECK_SEC_CART (26)
2026-05-13 21:07:24 Handler State: CHECK_SEC_CART (26) -> PROBE_CART (24)
2026-05-13 21:07:24 CartMove: Exchange 1, from 102
2026-05-13 21:07:24 CartMoveState: IDLE (1) -> FROM_MOVE (3)
2026-05-13 21:07:24 CartMoveState: FROM_MOVE (3) -> FROM_PROBE (19)
2026-05-13 21:07:26 Handler State: PROBE_CART (24) -> PROCESS_CART (6)
2026-05-13 21:07:26 Setting CBS color valve (FillIFS): 1
2026-05-13 21:07:28 Primed volume (FillIFS): 1.45774
2026-05-13 21:07:28 Re-Calculated Filling Volume: 640
2026-05-13 21:07:28 Setting CBS color valve (FillCart): 1
2026-05-13 21:07:57 Handler State: PROCESS_CART (6) -> EXCHANGE_ONE (7)
2026-05-13 21:07:57 CartMove: Exchange 1, from 102
2026-05-13 21:07:57 CartMoveState: FROM_PROBE (19) -> FROM_CART (4)
2026-05-13 21:08:03 Setting CBS color valve (Finished): 0
2026-05-13 21:08:05 CartMoveState: FROM_CART (4) -> TO_MOVE (10)
2026-05-13 21:08:06 CartMoveState: TO_MOVE (10) -> EXCH_1_WAIT (14)
2026-05-13 21:08:06 Handler State: EXCHANGE_ONE (7) -> START_DCU (8)
2026-05-13 21:08:06 Handler State: START_DCU (8) -> EXCHANGE_TWO (9)
2026-05-13 21:08:06 CartMove: Exchange 2
2026-05-13 21:08:06 CartMoveState: EXCH_1_WAIT (14) -> EXCH_1_CART (15)
2026-05-13 21:08:09 CartMoveState: EXCH_1_CART (15) -> EXCH_2_MOVE (16)
2026-05-13 21:08:10 CartMoveState: EXCH_2_MOVE (16) -> EXCH_2_CART (17)
2026-05-13 21:08:12 CartMoveState: EXCH_2_CART (17) -> STORE_DECIDE (18)
2026-05-13 21:08:12 Used volume for last job: 496.339
2026-05-13 21:08:12 Handler State: EXCHANGE_TWO (9) -> WAIT_FOR_DCU (10)
2026-05-13 21:08:14 Handler State: WAIT_FOR_DCU (10) -> EXCHANGE_THREE (11)
2026-05-13 21:08:14 CartMove: Exchange 3
2026-05-13 21:08:14 CartMoveState: STORE_DECIDE (18) -> AUX_DECIDE (5)
2026-05-13 21:08:14 CartMoveState: AUX_DECIDE (5) -> TO_MOVE (10)
2026-05-13 21:08:15 CartMoveState: TO_MOVE (10) -> TO_CART (11)
2026-05-13 21:08:17 CartMoveState: TO_CART (11) -> HOME_MOVE (12)
2026-05-13 21:08:18 CartMoveState: HOME_MOVE (12) -> HALT (13)
2026-05-13 21:08:18 CartMoveState: HALT (13) -> IDLE (1)
2026-05-13 21:08:18 Handler State: EXCHANGE_THREE (11) -> POST_PROCESS (12)
2026-05-13 21:08:18 Handler State: POST_PROCESS (12) -> MOVE_ARM_HOME (14)
2026-05-13 21:08:19 Handler State: MOVE_ARM_HOME (14) -> HANDLER_IDLE (1)
2026-05-13 21:11:51 Handler State: HANDLER_IDLE (1) -> SEMI_START (15)
2026-05-13 21:11:51 Handler State: SEMI_START (15) -> SEMI_TO_IFS (18)
2026-05-13 21:11:51 CartMove: Move, from 105 to 102
2026-05-13 21:11:51 CartMoveState: IDLE (1) -> FROM_MOVE (3)
2026-05-13 21:11:52 CartMoveState: FROM_MOVE (3) -> FROM_CART (4)
2026-05-13 21:11:55 CartMoveState: FROM_CART (4) -> AUX_DECIDE (5)
2026-05-13 21:11:55 CartMoveState: AUX_DECIDE (5) -> TO_MOVE (10)
2026-05-13 21:11:56 CartMoveState: TO_MOVE (10) -> TO_CART (11)
2026-05-13 21:11:59 CartMoveState: TO_CART (11) -> HOME_MOVE (12)
2026-05-13 21:11:59 CartMoveState: HOME_MOVE (12) -> HALT (13)
2026-05-13 21:11:59 CartMoveState: HALT (13) -> IDLE (1)
2026-05-13 21:11:59 Handler State: SEMI_TO_IFS (18) -> SEMI_PROBE_CART (25)
2026-05-13 21:12:03 Handler State: SEMI_PROBE_CART (25) -> SEMI_PROCESS (16)
2026-05-13 21:12:39 Re-Calculated Filling Volume: 0
2026-05-13 21:12:46 Setting CBS color valve (Finished): 0
2026-05-13 21:12:46 Handler State: SEMI_PROCESS (16) -> SEMI_FROM_IFS (20)
2026-05-13 21:12:46 CartMove: Move, from 102 to 105
2026-05-13 21:12:46 CartMoveState: IDLE (1) -> FROM_MOVE (3)
2026-05-13 21:12:46 CartMoveState: FROM_MOVE (3) -> FROM_CART (4)
2026-05-13 21:12:49 CartMoveState: FROM_CART (4) -> AUX_DECIDE (5)
2026-05-13 21:12:49 CartMoveState: AUX_DECIDE (5) -> TO_MOVE (10)
2026-05-13 21:12:51 CartMoveState: TO_MOVE (10) -> TO_CART (11)
2026-05-13 21:12:53 CartMoveState: TO_CART (11) -> HOME_MOVE (12)
2026-05-13 21:12:54 CartMoveState: HOME_MOVE (12) -> HALT (13)
2026-05-13 21:12:54 CartMoveState: HALT (13) -> IDLE (1)
2026-05-13 21:12:54 Handler State: SEMI_FROM_IFS (20) -> SEMI_WHAT_NEXT (21)
2026-05-13 21:12:54 Handler State: SEMI_WHAT_NEXT (21) -> SEMI_FINISHED (23)
2026-05-13 21:12:54 Handler State: SEMI_FINISHED (23) -> HANDLER_IDLE (1)
2026-05-13 21:15:39 Handler State: HANDLER_IDLE (1) -> HANDLER_START (2)
2026-05-13 21:15:40 Handler State: HANDLER_START (2) -> DECIDE_CART (3)
2026-05-13 21:15:40 Selection: IFS is clean.
2026-05-13 21:15:40 Selection: Cartridge is clean.
2026-05-13 21:15:40 Selected Primary Cartridge: 4
2026-05-13 21:15:40 Selected Primary Station: 102
2026-05-13 21:15:40 Selected Secondary Cartridge: 0
2026-05-13 21:15:40 Selected Secondary Station: 0
2026-05-13 21:15:40 Selected Filling Volume: 461
2026-05-13 21:15:40 Handler State: DECIDE_CART (3) -> PLACE_CART (5)
2026-05-13 21:15:40 CartMove: Move, from 105 to 102
2026-05-13 21:15:40 CartMoveState: IDLE (1) -> FROM_MOVE (3)
2026-05-13 21:15:41 CartMoveState: FROM_MOVE (3) -> FROM_CART (4)
2026-05-13 21:15:44 CartMoveState: FROM_CART (4) -> AUX_DECIDE (5)
2026-05-13 21:15:44 CartMoveState: AUX_DECIDE (5) -> TO_MOVE (10)
2026-05-13 21:15:45 CartMoveState: TO_MOVE (10) -> TO_CART (11)
2026-05-13 21:15:47 CartMoveState: TO_CART (11) -> HOME_MOVE (12)
2026-05-13 21:15:48 CartMoveState: HOME_MOVE (12) -> HALT (13)
2026-05-13 21:15:48 CartMoveState: HALT (13) -> IDLE (1)
2026-05-13 21:15:48 Handler State: PLACE_CART (5) -> CHECK_SEC_CART (26)
2026-05-13 21:15:48 Handler State: CHECK_SEC_CART (26) -> PROBE_CART (24)
2026-05-13 21:15:48 CartMove: Exchange 1, from 102
2026-05-13 21:15:48 CartMoveState: IDLE (1) -> FROM_MOVE (3)
2026-05-13 21:15:49 CartMoveState: FROM_MOVE (3) -> FROM_PROBE (19)
2026-05-13 21:15:50 Handler State: PROBE_CART (24) -> PROCESS_CART (6)
2026-05-13 21:15:50 Setting CBS color valve (FillIFS): 2
2026-05-13 21:15:52 Primed volume (FillIFS): 1.89893
2026-05-13 21:15:52 Re-Calculated Filling Volume: 461
2026-05-13 21:15:52 Setting CBS color valve (FillCart): 2
2026-05-13 21:16:12 Handler State: PROCESS_CART (6) -> EXCHANGE_ONE (7)
2026-05-13 21:16:12 CartMove: Exchange 1, from 102
2026-05-13 21:16:12 CartMoveState: FROM_PROBE (19) -> FROM_CART (4)
2026-05-13 21:16:19 Setting CBS color valve (Finished): 0
2026-05-13 21:16:21 CartMoveState: FROM_CART (4) -> TO_MOVE (10)
2026-05-13 21:16:22 CartMoveState: TO_MOVE (10) -> EXCH_1_WAIT (14)
2026-05-13 21:16:22 Handler State: EXCHANGE_ONE (7) -> START_DCU (8)
2026-05-13 21:16:22 Handler State: START_DCU (8) -> EXCHANGE_TWO (9)
2026-05-13 21:16:22 CartMove: Exchange 2
2026-05-13 21:16:22 CartMoveState: EXCH_1_WAIT (14) -> EXCH_1_CART (15)
2026-05-13 21:16:25 CartMoveState: EXCH_1_CART (15) -> EXCH_2_MOVE (16)
2026-05-13 21:16:26 CartMoveState: EXCH_2_MOVE (16) -> EXCH_2_CART (17)
2026-05-13 21:16:28 CartMoveState: EXCH_2_CART (17) -> STORE_DECIDE (18)
2026-05-13 21:16:28 Used volume for last job: 230.828
2026-05-13 21:16:28 Handler State: EXCHANGE_TWO (9) -> WAIT_FOR_DCU (10)
2026-05-13 21:16:30 Handler State: WAIT_FOR_DCU (10) -> EXCHANGE_THREE (11)
2026-05-13 21:16:30 CartMove: Exchange 3
2026-05-13 21:16:30 CartMoveState: STORE_DECIDE (18) -> AUX_DECIDE (5)
2026-05-13 21:16:30 CartMoveState: AUX_DECIDE (5) -> TO_MOVE (10)
2026-05-13 21:16:30 CartMoveState: TO_MOVE (10) -> TO_CART (11)
2026-05-13 21:16:32 CartMoveState: TO_CART (11) -> HOME_MOVE (12)
2026-05-13 21:16:32 CartMoveState: HOME_MOVE (12) -> HALT (13)
2026-05-13 21:16:32 CartMoveState: HALT (13) -> IDLE (1)
2026-05-13 21:16:32 Handler State: EXCHANGE_THREE (11) -> POST_PROCESS (12)
2026-05-13 21:16:32 Handler State: POST_PROCESS (12) -> MOVE_ARM_HOME (14)
2026-05-13 21:16:32 Handler State: MOVE_ARM_HOME (14) -> HANDLER_IDLE (1)
2026-05-13 21:19:50 Handler State: HANDLER_IDLE (1) -> HANDLER_START (2)
2026-05-13 21:19:51 Handler State: HANDLER_START (2) -> DECIDE_CART (3)
2026-05-13 21:19:51 Selection: Last resort, just pick the first IFS.
2026-05-13 21:19:51 Selection: Last resort, just pick the first cartridge.
2026-05-13 21:19:51 Selected Primary Cartridge: 3
2026-05-13 21:19:51 Selected Primary Station: 104
2026-05-13 21:19:51 Selected Secondary Cartridge: 0
2026-05-13 21:19:51 Selected Secondary Station: 0
2026-05-13 21:19:51 Selected Filling Volume: 640
2026-05-13 21:19:51 Handler State: DECIDE_CART (3) -> CHECK_SEC_CART (26)
2026-05-13 21:19:51 Handler State: CHECK_SEC_CART (26) -> PROBE_CART (24)
2026-05-13 21:19:51 CartMove: Exchange 1, from 104
2026-05-13 21:19:51 CartMoveState: IDLE (1) -> FROM_MOVE (3)
2026-05-13 21:19:52 CartMoveState: FROM_MOVE (3) -> FROM_PROBE (19)
2026-05-13 21:19:54 Handler State: PROBE_CART (24) -> PROCESS_CART (6)
2026-05-13 21:20:27 Setting CBS color valve (FillIFS): 1
2026-05-13 21:20:28 Primed volume (FillIFS): 4.05882
2026-05-13 21:20:28 Re-Calculated Filling Volume: 640
2026-05-13 21:20:28 Setting CBS color valve (FillCart): 1
2026-05-13 21:20:53 Handler State: PROCESS_CART (6) -> EXCHANGE_ONE (7)
2026-05-13 21:20:53 CartMove: Exchange 1, from 104
2026-05-13 21:20:53 CartMoveState: FROM_PROBE (19) -> FROM_CART (4)
2026-05-13 21:20:59 Setting CBS color valve (Finished): 0
2026-05-13 21:21:01 CartMoveState: FROM_CART (4) -> TO_MOVE (10)
2026-05-13 21:21:02 CartMoveState: TO_MOVE (10) -> EXCH_1_WAIT (14)
2026-05-13 21:21:02 Handler State: EXCHANGE_ONE (7) -> START_DCU (8)
2026-05-13 21:23:29 Handler State: START_DCU (8) -> EXCHANGE_TWO (9)
2026-05-13 21:23:29 CartMove: Exchange 2
2026-05-13 21:23:40 CartMoveState: EXCH_1_WAIT (14) -> EXCH_1_CART (15)
2026-05-13 21:23:43 CartMoveState: EXCH_1_CART (15) -> EXCH_2_MOVE (16)
2026-05-13 21:23:44 CartMoveState: EXCH_2_MOVE (16) -> EXCH_2_CART (17)
2026-05-13 21:23:46 CartMoveState: EXCH_2_CART (17) -> STORE_DECIDE (18)
2026-05-13 21:23:46 Used volume for last job: 405.142
2026-05-13 21:23:46 Handler State: EXCHANGE_TWO (9) -> WAIT_FOR_DCU (10)
2026-05-13 21:23:47 Handler State: WAIT_FOR_DCU (10) -> EXCHANGE_THREE (11)
2026-05-13 21:23:48 CartMove: Exchange 3
2026-05-13 21:23:48 CartMoveState: STORE_DECIDE (18) -> AUX_DECIDE (5)
2026-05-13 21:23:48 CartMoveState: AUX_DECIDE (5) -> TO_MOVE (10)
2026-05-13 21:23:49 CartMoveState: TO_MOVE (10) -> TO_CART (11)
2026-05-13 21:23:51 CartMoveState: TO_CART (11) -> HOME_MOVE (12)
2026-05-13 21:23:53 CartMoveState: HOME_MOVE (12) -> HALT (13)
2026-05-13 21:23:53 CartMoveState: HALT (13) -> IDLE (1)
2026-05-13 21:23:53 Handler State: EXCHANGE_THREE (11) -> POST_PROCESS (12)
2026-05-13 21:23:53 Handler State: POST_PROCESS (12) -> MOVE_ARM_HOME (14)
2026-05-13 21:23:53 Handler State: MOVE_ARM_HOME (14) -> HANDLER_IDLE (1)
2026-05-13 21:24:31 Handler State: HANDLER_IDLE (1) -> HANDLER_START (2)
2026-05-13 21:24:32 Handler State: HANDLER_START (2) -> DECIDE_CART (3)
2026-05-13 21:24:32 Selection: Last resort, just pick the first IFS.
2026-05-13 21:24:32 Selection: Cartridge has correct material.
2026-05-13 21:24:32 Selected Primary Cartridge: 2
2026-05-13 21:24:32 Selected Primary Station: 103
2026-05-13 21:24:32 Selected Secondary Cartridge: 0
2026-05-13 21:24:32 Selected Secondary Station: 0
2026-05-13 21:24:32 Selected Filling Volume: 216
2026-05-13 21:24:32 Handler State: DECIDE_CART (3) -> CHECK_SEC_CART (26)
2026-05-13 21:24:32 Handler State: CHECK_SEC_CART (26) -> PROBE_CART (24)
2026-05-13 21:24:32 CartMove: Exchange 1, from 103
2026-05-13 21:24:32 CartMoveState: IDLE (1) -> FROM_MOVE (3)
2026-05-13 21:24:32 CartMoveState: FROM_MOVE (3) -> FROM_PROBE (19)
2026-05-13 21:24:34 Handler State: PROBE_CART (24) -> PROCESS_CART (6)
2026-05-13 21:25:07 Setting CBS color valve (FillIFS): 1
2026-05-13 21:25:09 Primed volume (FillIFS): 4.74707
2026-05-13 21:25:09 Re-Calculated Filling Volume: 216
2026-05-13 21:25:09 Setting CBS color valve (FillCart): 1
2026-05-13 21:25:22 Handler State: PROCESS_CART (6) -> EXCHANGE_ONE (7)
2026-05-13 21:25:22 CartMove: Exchange 1, from 103
2026-05-13 21:25:22 CartMoveState: FROM_PROBE (19) -> FROM_CART (4)
2026-05-13 21:25:28 Setting CBS color valve (Finished): 0
2026-05-13 21:25:30 CartMoveState: FROM_CART (4) -> TO_MOVE (10)
2026-05-13 21:25:31 CartMoveState: TO_MOVE (10) -> EXCH_1_WAIT (14)
2026-05-13 21:25:31 Handler State: EXCHANGE_ONE (7) -> START_DCU (8)
2026-05-13 21:27:08 Handler State: START_DCU (8) -> EXCHANGE_TWO (9)
2026-05-13 21:27:08 CartMove: Exchange 2
2026-05-13 21:27:19 CartMoveState: EXCH_1_WAIT (14) -> EXCH_1_CART (15)
2026-05-13 21:27:22 CartMoveState: EXCH_1_CART (15) -> EXCH_2_MOVE (16)
2026-05-13 21:27:23 CartMoveState: EXCH_2_MOVE (16) -> EXCH_2_CART (17)
2026-05-13 21:27:25 CartMoveState: EXCH_2_CART (17) -> STORE_DECIDE (18)
2026-05-13 21:27:25 Used volume for last job: 264.237
2026-05-13 21:27:25 Handler State: EXCHANGE_TWO (9) -> WAIT_FOR_DCU (10)
2026-05-13 21:27:26 Handler State: WAIT_FOR_DCU (10) -> EXCHANGE_THREE (11)
2026-05-13 21:27:27 CartMove: Exchange 3
2026-05-13 21:27:27 CartMoveState: STORE_DECIDE (18) -> AUX_DECIDE (5)
2026-05-13 21:27:27 CartMoveState: AUX_DECIDE (5) -> TO_MOVE (10)
2026-05-13 21:27:27 CartMoveState: TO_MOVE (10) -> TO_CART (11)
2026-05-13 21:27:30 CartMoveState: TO_CART (11) -> HOME_MOVE (12)
2026-05-13 21:27:31 CartMoveState: HOME_MOVE (12) -> HALT (13)
2026-05-13 21:27:31 CartMoveState: HALT (13) -> IDLE (1)
2026-05-13 21:27:31 Handler State: EXCHANGE_THREE (11) -> POST_PROCESS (12)
2026-05-13 21:27:31 Handler State: POST_PROCESS (12) -> MOVE_ARM_HOME (14)
2026-05-13 21:27:31 Handler State: MOVE_ARM_HOME (14) -> HANDLER_IDLE (1)
2026-05-13 21:34:03 Handler State: HANDLER_IDLE (1) -> SEMI_START (15)
2026-05-13 21:34:03 Handler State: SEMI_START (15) -> SEMI_PROBE_CART (25)
2026-05-13 21:34:06 Handler State: SEMI_PROBE_CART (25) -> SEMI_PROCESS (16)
2026-05-13 21:35:24 Re-Calculated Filling Volume: 0
2026-05-13 21:35:29 Setting CBS color valve (Finished): 0
2026-05-13 21:35:29 Handler State: SEMI_PROCESS (16) -> SEMI_WHAT_NEXT (21)
2026-05-13 21:35:29 Handler State: SEMI_WHAT_NEXT (21) -> SEMI_FINISHED (23)
2026-05-13 21:35:30 Handler State: SEMI_FINISHED (23) -> HANDLER_IDLE (1)
2026-05-13 21:41:41 Handler State: HANDLER_IDLE (1) -> SEMI_START (15)
2026-05-13 21:41:41 Handler State: SEMI_START (15) -> SEMI_TO_IFS (18)
2026-05-13 21:41:41 CartMove: Move, from 106 to 103
2026-05-13 21:41:41 CartMoveState: IDLE (1) -> FROM_MOVE (3)
2026-05-13 21:41:42 CartMoveState: FROM_MOVE (3) -> FROM_CART (4)
2026-05-13 21:41:45 CartMoveState: FROM_CART (4) -> AUX_DECIDE (5)
2026-05-13 21:41:45 CartMoveState: AUX_DECIDE (5) -> TO_MOVE (10)
2026-05-13 21:41:46 CartMoveState: TO_MOVE (10) -> TO_CART (11)
2026-05-13 21:41:49 CartMoveState: TO_CART (11) -> HOME_MOVE (12)
2026-05-13 21:41:49 CartMoveState: HOME_MOVE (12) -> HALT (13)
2026-05-13 21:41:49 CartMoveState: HALT (13) -> IDLE (1)
2026-05-13 21:41:49 Handler State: SEMI_TO_IFS (18) -> SEMI_PROBE_CART (25)
2026-05-13 21:41:51 Handler State: SEMI_PROBE_CART (25) -> SEMI_PROCESS (16)
2026-05-13 21:42:24 Re-Calculated Filling Volume: 0
2026-05-13 21:42:30 Setting CBS color valve (Finished): 0
2026-05-13 21:42:30 Handler State: SEMI_PROCESS (16) -> SEMI_FROM_IFS (20)
2026-05-13 21:42:30 CartMove: Move, from 103 to 106
2026-05-13 21:42:30 CartMoveState: IDLE (1) -> FROM_MOVE (3)
2026-05-13 21:42:30 CartMoveState: FROM_MOVE (3) -> FROM_CART (4)
2026-05-13 21:42:33 CartMoveState: FROM_CART (4) -> AUX_DECIDE (5)
2026-05-13 21:42:33 CartMoveState: AUX_DECIDE (5) -> TO_MOVE (10)
2026-05-13 21:42:34 CartMoveState: TO_MOVE (10) -> TO_CART (11)
2026-05-13 21:42:36 CartMoveState: TO_CART (11) -> HOME_MOVE (12)
2026-05-13 21:42:38 CartMoveState: HOME_MOVE (12) -> HALT (13)
2026-05-13 21:42:38 CartMoveState: HALT (13) -> IDLE (1)
2026-05-13 21:42:38 Handler State: SEMI_FROM_IFS (20) -> SEMI_WHAT_NEXT (21)
2026-05-13 21:42:38 Handler State: SEMI_WHAT_NEXT (21) -> SEMI_FINISHED (23)
2026-05-13 21:42:38 Handler State: SEMI_FINISHED (23) -> HANDLER_IDLE (1)
2026-05-13 21:42:39 Handler State: HANDLER_IDLE (1) -> HANDLER_START (2)
2026-05-13 21:42:40 Handler State: HANDLER_START (2) -> DECIDE_CART (3)
2026-05-13 21:42:40 Selection: IFS is clean and its cartridge is cleaned.
2026-05-13 21:42:40 Selected Primary Cartridge: 3
2026-05-13 21:42:40 Selected Primary Station: 104
2026-05-13 21:42:40 Selected Secondary Cartridge: 0
2026-05-13 21:42:40 Selected Secondary Station: 0
2026-05-13 21:42:40 Selected Filling Volume: 640
2026-05-13 21:42:40 Handler State: DECIDE_CART (3) -> CHECK_SEC_CART (26)
2026-05-13 21:42:40 Handler State: CHECK_SEC_CART (26) -> PROBE_CART (24)
2026-05-13 21:42:40 CartMove: Exchange 1, from 104
2026-05-13 21:42:40 CartMoveState: IDLE (1) -> FROM_MOVE (3)
2026-05-13 21:42:41 CartMoveState: FROM_MOVE (3) -> FROM_PROBE (19)
2026-05-13 21:42:42 Handler State: PROBE_CART (24) -> PROCESS_CART (6)
2026-05-13 21:42:42 Setting CBS color valve (FillIFS): 1
2026-05-13 21:42:44 Primed volume (FillIFS): 3.92421
2026-05-13 21:42:44 Re-Calculated Filling Volume: 640
2026-05-13 21:42:44 Setting CBS color valve (FillCart): 1
2026-05-13 21:43:09 Handler State: PROCESS_CART (6) -> EXCHANGE_ONE (7)
2026-05-13 21:43:09 CartMove: Exchange 1, from 104
2026-05-13 21:43:09 CartMoveState: FROM_PROBE (19) -> FROM_CART (4)
2026-05-13 21:43:14 Setting CBS color valve (Finished): 0
2026-05-13 21:43:16 CartMoveState: FROM_CART (4) -> TO_MOVE (10)
2026-05-13 21:43:18 CartMoveState: TO_MOVE (10) -> EXCH_1_WAIT (14)
2026-05-13 21:43:18 Handler State: EXCHANGE_ONE (7) -> START_DCU (8)
2026-05-13 21:43:18 Handler State: START_DCU (8) -> EXCHANGE_TWO (9)
2026-05-13 21:43:18 CartMove: Exchange 2
2026-05-13 21:43:18 CartMoveState: EXCH_1_WAIT (14) -> EXCH_1_CART (15)
2026-05-13 21:43:21 CartMoveState: EXCH_1_CART (15) -> EXCH_2_MOVE (16)
2026-05-13 21:43:22 CartMoveState: EXCH_2_MOVE (16) -> EXCH_2_CART (17)
2026-05-13 21:43:24 CartMoveState: EXCH_2_CART (17) -> STORE_DECIDE (18)
2026-05-13 21:43:24 Used volume for last job: 165.127
2026-05-13 21:43:24 Handler State: EXCHANGE_TWO (9) -> WAIT_FOR_DCU (10)
2026-05-13 21:43:26 Handler State: WAIT_FOR_DCU (10) -> EXCHANGE_THREE (11)
2026-05-13 21:43:26 CartMove: Exchange 3
2026-05-13 21:43:26 CartMoveState: STORE_DECIDE (18) -> AUX_DECIDE (5)
2026-05-13 21:43:26 CartMoveState: AUX_DECIDE (5) -> TO_MOVE (10)
2026-05-13 21:43:26 CartMoveState: TO_MOVE (10) -> TO_CART (11)
2026-05-13 21:43:28 CartMoveState: TO_CART (11) -> HOME_MOVE (12)
2026-05-13 21:43:29 CartMoveState: HOME_MOVE (12) -> HALT (13)
2026-05-13 21:43:29 CartMoveState: HALT (13) -> IDLE (1)
2026-05-13 21:43:29 Handler State: EXCHANGE_THREE (11) -> POST_PROCESS (12)
2026-05-13 21:43:29 Handler State: POST_PROCESS (12) -> MOVE_ARM_HOME (14)
2026-05-13 21:43:31 Handler State: MOVE_ARM_HOME (14) -> HANDLER_IDLE (1)
2026-05-13 21:50:57 Handler State: HANDLER_IDLE (1) -> SEMI_START (15)
2026-05-13 21:50:57 Handler State: SEMI_START (15) -> SEMI_PROBE_CART (25)
2026-05-13 21:51:00 Handler State: SEMI_PROBE_CART (25) -> SEMI_PROCESS (16)
2026-05-13 21:51:33 Re-Calculated Filling Volume: 0
2026-05-13 21:51:38 Setting CBS color valve (Finished): 0
2026-05-13 21:51:38 Handler State: SEMI_PROCESS (16) -> SEMI_WHAT_NEXT (21)
2026-05-13 21:51:38 Handler State: SEMI_WHAT_NEXT (21) -> SEMI_FINISHED (23)
2026-05-13 21:51:39 Handler State: SEMI_FINISHED (23) -> HANDLER_IDLE (1)
2026-05-13 21:51:43 Handler State: HANDLER_IDLE (1) -> HANDLER_START (2)
2026-05-13 21:51:44 Handler State: HANDLER_START (2) -> DECIDE_CART (3)
2026-05-13 21:51:44 Selection: IFS is clean and its cartridge is cleaned.
2026-05-13 21:51:44 Selected Primary Cartridge: 2
2026-05-13 21:51:44 Selected Primary Station: 103
2026-05-13 21:51:44 Selected Secondary Cartridge: 0
2026-05-13 21:51:44 Selected Secondary Station: 0
2026-05-13 21:51:44 Selected Filling Volume: 555
2026-05-13 21:51:44 Handler State: DECIDE_CART (3) -> CHECK_SEC_CART (26)
2026-05-13 21:51:44 Handler State: CHECK_SEC_CART (26) -> PROBE_CART (24)
2026-05-13 21:51:44 CartMove: Exchange 1, from 103
2026-05-13 21:51:44 CartMoveState: IDLE (1) -> FROM_MOVE (3)
2026-05-13 21:51:44 CartMoveState: FROM_MOVE (3) -> FROM_PROBE (19)
2026-05-13 21:51:46 Handler State: PROBE_CART (24) -> PROCESS_CART (6)
2026-05-13 21:51:46 Setting CBS color valve (FillIFS): 1
2026-05-13 21:51:47 Primed volume (FillIFS): 4.4976
2026-05-13 21:51:47 Re-Calculated Filling Volume: 555
2026-05-13 21:51:47 Setting CBS color valve (FillCart): 1
2026-05-13 21:52:08 Handler State: PROCESS_CART (6) -> EXCHANGE_ONE (7)
2026-05-13 21:52:08 CartMove: Exchange 1, from 103
2026-05-13 21:52:08 CartMoveState: FROM_PROBE (19) -> FROM_CART (4)
2026-05-13 21:52:14 Setting CBS color valve (Finished): 0
2026-05-13 21:52:15 CartMoveState: FROM_CART (4) -> TO_MOVE (10)
2026-05-13 21:52:17 CartMoveState: TO_MOVE (10) -> EXCH_1_WAIT (14)
2026-05-13 21:52:17 Handler State: EXCHANGE_ONE (7) -> START_DCU (8)
2026-05-13 21:52:17 Handler State: START_DCU (8) -> EXCHANGE_TWO (9)
2026-05-13 21:52:17 CartMove: Exchange 2
2026-05-13 21:52:17 CartMoveState: EXCH_1_WAIT (14) -> EXCH_1_CART (15)
2026-05-13 21:52:20 CartMoveState: EXCH_1_CART (15) -> EXCH_2_MOVE (16)
2026-05-13 21:52:21 CartMoveState: EXCH_2_MOVE (16) -> EXCH_2_CART (17)
2026-05-13 21:52:23 CartMoveState: EXCH_2_CART (17) -> STORE_DECIDE (18)
2026-05-13 21:52:23 Used volume for last job: 264.188
2026-05-13 21:52:23 Handler State: EXCHANGE_TWO (9) -> WAIT_FOR_DCU (10)
2026-05-13 21:52:25 Handler State: WAIT_FOR_DCU (10) -> EXCHANGE_THREE (11)
2026-05-13 21:52:25 CartMove: Exchange 3
2026-05-13 21:52:25 CartMoveState: STORE_DECIDE (18) -> AUX_DECIDE (5)
2026-05-13 21:52:25 CartMoveState: AUX_DECIDE (5) -> TO_MOVE (10)
2026-05-13 21:52:25 CartMoveState: TO_MOVE (10) -> TO_CART (11)
2026-05-13 21:52:28 CartMoveState: TO_CART (11) -> HOME_MOVE (12)
2026-05-13 21:52:29 CartMoveState: HOME_MOVE (12) -> HALT (13)
2026-05-13 21:52:29 CartMoveState: HALT (13) -> IDLE (1)
2026-05-13 21:52:29 Handler State: EXCHANGE_THREE (11) -> POST_PROCESS (12)
2026-05-13 21:52:29 Handler State: POST_PROCESS (12) -> MOVE_ARM_HOME (14)
2026-05-13 21:52:29 Handler State: MOVE_ARM_HOME (14) -> HANDLER_IDLE (1)
2026-05-13 21:56:49 Handler State: HANDLER_IDLE (1) -> SEMI_START (15)
2026-05-13 21:56:49 Handler State: SEMI_START (15) -> SEMI_PROBE_CART (25)
2026-05-13 21:56:52 Handler State: SEMI_PROBE_CART (25) -> SEMI_PROCESS (16)
2026-05-13 21:58:10 Re-Calculated Filling Volume: 0
2026-05-13 21:58:15 Setting CBS color valve (Finished): 0
2026-05-13 21:58:15 Handler State: SEMI_PROCESS (16) -> SEMI_WHAT_NEXT (21)
2026-05-13 21:58:15 Handler State: SEMI_WHAT_NEXT (21) -> SEMI_FINISHED (23)
2026-05-13 21:58:16 Handler State: SEMI_FINISHED (23) -> HANDLER_IDLE (1)
2026-05-13 22:02:22 Handler State: HANDLER_IDLE (1) -> SEMI_START (15)
2026-05-13 22:02:22 Handler State: SEMI_START (15) -> SEMI_PROBE_CART (25)
2026-05-13 22:02:25 Handler State: SEMI_PROBE_CART (25) -> SEMI_PROCESS (16)
2026-05-13 22:03:50 Re-Calculated Filling Volume: 0
2026-05-13 22:03:57 Setting CBS color valve (Finished): 0
2026-05-13 22:03:57 Handler State: SEMI_PROCESS (16) -> SEMI_WHAT_NEXT (21)
2026-05-13 22:03:57 Handler State: SEMI_WHAT_NEXT (21) -> SEMI_FINISHED (23)
2026-05-13 22:03:57 Handler State: SEMI_FINISHED (23) -> HANDLER_IDLE (1)
2026-05-13 22:03:58 Handler State: HANDLER_IDLE (1) -> HANDLER_START (2)
2026-05-13 22:03:59 Handler State: HANDLER_START (2) -> DECIDE_CART (3)
2026-05-13 22:03:59 Selection: IFS is clean and its cartridge is cleaned.
2026-05-13 22:03:59 Selected Primary Cartridge: 3
2026-05-13 22:03:59 Selected Primary Station: 104
2026-05-13 22:03:59 Selected Secondary Cartridge: 0
2026-05-13 22:03:59 Selected Secondary Station: 0
2026-05-13 22:03:59 Selected Filling Volume: 551
2026-05-13 22:03:59 Handler State: DECIDE_CART (3) -> CHECK_SEC_CART (26)
2026-05-13 22:03:59 Handler State: CHECK_SEC_CART (26) -> PROBE_CART (24)
2026-05-13 22:03:59 CartMove: Exchange 1, from 104
2026-05-13 22:03:59 CartMoveState: IDLE (1) -> FROM_MOVE (3)
2026-05-13 22:04:00 CartMoveState: FROM_MOVE (3) -> FROM_PROBE (19)
2026-05-13 22:04:01 Handler State: PROBE_CART (24) -> PROCESS_CART (6)
2026-05-13 22:04:02 Setting CBS color valve (FillIFS): 1
2026-05-13 22:04:03 Primed volume (FillIFS): 0.34585
2026-05-13 22:04:03 Re-Calculated Filling Volume: 551
2026-05-13 22:04:03 Setting CBS color valve (FillCart): 1
2026-05-13 22:04:26 Handler State: PROCESS_CART (6) -> EXCHANGE_ONE (7)
2026-05-13 22:04:26 CartMove: Exchange 1, from 104
2026-05-13 22:04:26 CartMoveState: FROM_PROBE (19) -> FROM_CART (4)
2026-05-13 22:04:31 Setting CBS color valve (Finished): 0
2026-05-13 22:04:33 CartMoveState: FROM_CART (4) -> TO_MOVE (10)
2026-05-13 22:04:35 CartMoveState: TO_MOVE (10) -> EXCH_1_WAIT (14)
2026-05-13 22:04:35 Handler State: EXCHANGE_ONE (7) -> START_DCU (8)
2026-05-13 22:04:35 Handler State: START_DCU (8) -> EXCHANGE_TWO (9)
2026-05-13 22:04:35 CartMove: Exchange 2
2026-05-13 22:04:35 CartMoveState: EXCH_1_WAIT (14) -> EXCH_1_CART (15)
2026-05-13 22:04:38 CartMoveState: EXCH_1_CART (15) -> EXCH_2_MOVE (16)
2026-05-13 22:04:39 CartMoveState: EXCH_2_MOVE (16) -> EXCH_2_CART (17)
2026-05-13 22:04:41 CartMoveState: EXCH_2_CART (17) -> STORE_DECIDE (18)
2026-05-13 22:04:41 Used volume for last job: 502.288
2026-05-13 22:04:41 Handler State: EXCHANGE_TWO (9) -> WAIT_FOR_DCU (10)
2026-05-13 22:04:43 Handler State: WAIT_FOR_DCU (10) -> EXCHANGE_THREE (11)
2026-05-13 22:04:43 CartMove: Exchange 3
2026-05-13 22:04:43 CartMoveState: STORE_DECIDE (18) -> AUX_DECIDE (5)
2026-05-13 22:04:43 CartMoveState: AUX_DECIDE (5) -> TO_MOVE (10)
2026-05-13 22:04:43 CartMoveState: TO_MOVE (10) -> TO_CART (11)
2026-05-13 22:04:45 CartMoveState: TO_CART (11) -> HOME_MOVE (12)
2026-05-13 22:04:46 CartMoveState: HOME_MOVE (12) -> HALT (13)
2026-05-13 22:04:46 CartMoveState: HALT (13) -> IDLE (1)
2026-05-13 22:04:46 Handler State: EXCHANGE_THREE (11) -> POST_PROCESS (12)
2026-05-13 22:04:46 Handler State: POST_PROCESS (12) -> MOVE_ARM_HOME (14)
2026-05-13 22:04:47 Handler State: MOVE_ARM_HOME (14) -> HANDLER_IDLE (1)
2026-05-13 22:10:53 Handler State: HANDLER_IDLE (1) -> HANDLER_START (2)
2026-05-13 22:10:54 Handler State: HANDLER_START (2) -> EXCHANGE_ONE (7)
2026-05-13 22:10:54 CartMove: Exchange 1, from 0
2026-05-13 22:10:54 CartMoveState: IDLE (1) -> TO_MOVE (10)
2026-05-13 22:10:56 CartMoveState: TO_MOVE (10) -> EXCH_1_WAIT (14)
2026-05-13 22:10:56 Handler State: EXCHANGE_ONE (7) -> START_DCU (8)
2026-05-13 22:10:56 Handler State: START_DCU (8) -> EXCHANGE_TWO (9)
2026-05-13 22:10:56 CartMove: Exchange 2
2026-05-13 22:11:04 CartMoveState: EXCH_1_WAIT (14) -> EXCH_1_CART (15)
2026-05-13 22:11:07 CartMoveState: EXCH_1_CART (15) -> STORE_DECIDE (18)
2026-05-13 22:11:07 Used volume for last job: 497.566
2026-05-13 22:11:07 Handler State: EXCHANGE_TWO (9) -> WAIT_FOR_DCU (10)
2026-05-13 22:11:09 Handler State: WAIT_FOR_DCU (10) -> EXCHANGE_THREE (11)
2026-05-13 22:11:09 CartMove: Exchange 3
2026-05-13 22:11:09 CartMoveState: STORE_DECIDE (18) -> AUX_DECIDE (5)
2026-05-13 22:11:09 CartMoveState: AUX_DECIDE (5) -> TO_MOVE (10)
2026-05-13 22:11:10 CartMoveState: TO_MOVE (10) -> TO_CART (11)
2026-05-13 22:11:12 CartMoveState: TO_CART (11) -> HOME_MOVE (12)
2026-05-13 22:11:13 CartMoveState: HOME_MOVE (12) -> HALT (13)
2026-05-13 22:11:13 CartMoveState: HALT (13) -> IDLE (1)
2026-05-13 22:11:13 Handler State: EXCHANGE_THREE (11) -> POST_PROCESS (12)
2026-05-13 22:11:13 Handler State: POST_PROCESS (12) -> MOVE_ARM_HOME (14)
2026-05-13 22:11:13 Handler State: MOVE_ARM_HOME (14) -> HANDLER_IDLE (1)
2026-05-13 22:36:05 Handler State: HANDLER_IDLE (1) -> HANDLER_START (2)
2026-05-13 22:36:06 Handler State: HANDLER_START (2) -> DECIDE_CART (3)
2026-05-13 22:36:06 Selection: IFS is clean and its cartridge is cleaned.
2026-05-13 22:36:06 Selected Primary Cartridge: 1
2026-05-13 22:36:06 Selected Primary Station: 102
2026-05-13 22:36:06 Selected Secondary Cartridge: 0
2026-05-13 22:36:06 Selected Secondary Station: 0
2026-05-13 22:36:06 Selected Filling Volume: 640
2026-05-13 22:36:06 Handler State: DECIDE_CART (3) -> CHECK_SEC_CART (26)
2026-05-13 22:36:06 Handler State: CHECK_SEC_CART (26) -> PROBE_CART (24)
2026-05-13 22:36:06 CartMove: Exchange 1, from 102
2026-05-13 22:36:06 CartMoveState: IDLE (1) -> FROM_MOVE (3)
2026-05-13 22:36:07 CartMoveState: FROM_MOVE (3) -> FROM_PROBE (19)
2026-05-13 22:36:09 Handler State: PROBE_CART (24) -> PROCESS_CART (6)
2026-05-13 22:36:09 Setting CBS color valve (FillIFS): 1
2026-05-13 22:36:10 Primed volume (FillIFS): 2.3282
2026-05-13 22:36:10 Re-Calculated Filling Volume: 640
2026-05-13 22:36:10 Setting CBS color valve (FillCart): 1
2026-05-13 22:36:34 Handler State: PROCESS_CART (6) -> EXCHANGE_ONE (7)
2026-05-13 22:36:34 CartMove: Exchange 1, from 102
2026-05-13 22:36:34 CartMoveState: FROM_PROBE (19) -> FROM_CART (4)
2026-05-13 22:36:41 Setting CBS color valve (Finished): 0
2026-05-13 22:36:42 CartMoveState: FROM_CART (4) -> TO_MOVE (10)
2026-05-13 22:36:43 CartMoveState: TO_MOVE (10) -> EXCH_1_WAIT (14)
2026-05-13 22:36:43 Handler State: EXCHANGE_ONE (7) -> START_DCU (8)
2026-05-13 22:36:43 Handler State: START_DCU (8) -> EXCHANGE_TWO (9)
2026-05-13 22:36:44 CartMove: Exchange 2
2026-05-13 22:36:44 CartMoveState: EXCH_1_WAIT (14) -> EXCH_1_CART (15)
2026-05-13 22:36:46 CartMoveState: EXCH_1_CART (15) -> EXCH_2_MOVE (16)
2026-05-13 22:36:47 CartMoveState: EXCH_2_MOVE (16) -> EXCH_2_CART (17)
2026-05-13 22:36:49 CartMoveState: EXCH_2_CART (17) -> HOME_MOVE (12)
2026-05-13 22:36:49 Handler State: EXCHANGE_TWO (9) -> WAIT_FOR_DCU (10)
2026-05-13 22:36:50 Handler State: WAIT_FOR_DCU (10) -> EXCHANGE_THREE (11)
2026-05-13 22:36:50 CartMove: Exchange 3
2026-05-13 22:36:50 CartMoveState: HOME_MOVE (12) -> HALT (13)
2026-05-13 22:36:50 CartMoveState: HALT (13) -> IDLE (1)
2026-05-13 22:36:50 Handler State: EXCHANGE_THREE (11) -> POST_PROCESS (12)
2026-05-13 22:36:50 Handler State: POST_PROCESS (12) -> MOVE_ARM_HOME (14)
2026-05-13 22:36:56 Handler State: MOVE_ARM_HOME (14) -> HANDLER_IDLE (1)
2026-05-13 22:42:13 Handler State: HANDLER_IDLE (1) -> SEMI_START (15)
2026-05-13 22:42:13 Handler State: SEMI_START (15) -> SEMI_TO_IFS (18)
2026-05-13 22:42:13 CartMove: Move, from 105 to 102
2026-05-13 22:42:13 CartMoveState: IDLE (1) -> FROM_MOVE (3)
2026-05-13 22:42:14 CartMoveState: FROM_MOVE (3) -> FROM_CART (4)
2026-05-13 22:42:17 CartMoveState: FROM_CART (4) -> AUX_DECIDE (5)
2026-05-13 22:42:17 CartMoveState: AUX_DECIDE (5) -> TO_MOVE (10)
2026-05-13 22:42:18 CartMoveState: TO_MOVE (10) -> TO_CART (11)
2026-05-13 22:42:20 CartMoveState: TO_CART (11) -> HOME_MOVE (12)
2026-05-13 22:42:21 CartMoveState: HOME_MOVE (12) -> HALT (13)
2026-05-13 22:42:21 CartMoveState: HALT (13) -> IDLE (1)
2026-05-13 22:42:21 Handler State: SEMI_TO_IFS (18) -> SEMI_PROBE_CART (25)
2026-05-13 22:42:24 Handler State: SEMI_PROBE_CART (25) -> SEMI_PROCESS (16)
2026-05-13 22:43:02 Re-Calculated Filling Volume: 0
2026-05-13 22:43:09 Setting CBS color valve (Finished): 0
2026-05-13 22:43:09 Handler State: SEMI_PROCESS (16) -> SEMI_FROM_IFS (20)
2026-05-13 22:43:09 CartMove: Move, from 102 to 105
2026-05-13 22:43:09 CartMoveState: IDLE (1) -> FROM_MOVE (3)
2026-05-13 22:43:09 CartMoveState: FROM_MOVE (3) -> FROM_CART (4)
2026-05-13 22:43:12 CartMoveState: FROM_CART (4) -> AUX_DECIDE (5)
2026-05-13 22:43:12 CartMoveState: AUX_DECIDE (5) -> TO_MOVE (10)
2026-05-13 22:43:13 CartMoveState: TO_MOVE (10) -> TO_CART (11)
2026-05-13 22:43:15 CartMoveState: TO_CART (11) -> HOME_MOVE (12)
2026-05-13 22:43:17 CartMoveState: HOME_MOVE (12) -> HALT (13)
2026-05-13 22:43:17 CartMoveState: HALT (13) -> IDLE (1)
2026-05-13 22:43:17 Handler State: SEMI_FROM_IFS (20) -> SEMI_WHAT_NEXT (21)
2026-05-13 22:43:17 Handler State: SEMI_WHAT_NEXT (21) -> SEMI_FINISHED (23)
2026-05-13 22:43:17 Handler State: SEMI_FINISHED (23) -> HANDLER_IDLE (1)
2026-05-13 22:43:18 Handler State: HANDLER_IDLE (1) -> HANDLER_START (2)
2026-05-13 22:43:18 Handler State: HANDLER_START (2) -> DECIDE_CART (3)
2026-05-13 22:43:19 Selection: IFS is clean.
2026-05-13 22:43:19 Selection: Cartridge is clean.
2026-05-13 22:43:19 Selected Primary Cartridge: 4
2026-05-13 22:43:19 Selected Primary Station: 102
2026-05-13 22:43:19 Selected Secondary Cartridge: 0
2026-05-13 22:43:19 Selected Secondary Station: 0
2026-05-13 22:43:19 Selected Filling Volume: 640
2026-05-13 22:43:19 Handler State: DECIDE_CART (3) -> PLACE_CART (5)
2026-05-13 22:43:19 CartMove: Move, from 105 to 102
2026-05-13 22:43:19 CartMoveState: IDLE (1) -> FROM_MOVE (3)
2026-05-13 22:43:20 CartMoveState: FROM_MOVE (3) -> FROM_CART (4)
2026-05-13 22:43:22 CartMoveState: FROM_CART (4) -> AUX_DECIDE (5)
2026-05-13 22:43:22 CartMoveState: AUX_DECIDE (5) -> TO_MOVE (10)
2026-05-13 22:43:24 CartMoveState: TO_MOVE (10) -> TO_CART (11)
2026-05-13 22:43:26 CartMoveState: TO_CART (11) -> HOME_MOVE (12)
2026-05-13 22:43:27 CartMoveState: HOME_MOVE (12) -> HALT (13)
2026-05-13 22:43:27 CartMoveState: HALT (13) -> IDLE (1)
2026-05-13 22:43:27 Handler State: PLACE_CART (5) -> CHECK_SEC_CART (26)
2026-05-13 22:43:27 Handler State: CHECK_SEC_CART (26) -> PROBE_CART (24)
2026-05-13 22:43:27 CartMove: Exchange 1, from 102
2026-05-13 22:43:27 CartMoveState: IDLE (1) -> FROM_MOVE (3)
2026-05-13 22:43:28 CartMoveState: FROM_MOVE (3) -> FROM_PROBE (19)
2026-05-13 22:43:29 Handler State: PROBE_CART (24) -> PROCESS_CART (6)
2026-05-13 22:43:29 Setting CBS color valve (FillIFS): 2
2026-05-13 22:43:31 Primed volume (FillIFS): 5.1041
2026-05-13 22:43:31 Re-Calculated Filling Volume: 640
2026-05-13 22:43:31 Setting CBS color valve (FillCart): 2
2026-05-13 22:43:55 Handler State: PROCESS_CART (6) -> EXCHANGE_ONE (7)
2026-05-13 22:43:55 CartMove: Exchange 1, from 102
2026-05-13 22:43:55 CartMoveState: FROM_PROBE (19) -> FROM_CART (4)
2026-05-13 22:44:02 Setting CBS color valve (Finished): 0
2026-05-13 22:44:03 CartMoveState: FROM_CART (4) -> TO_MOVE (10)
2026-05-13 22:44:04 CartMoveState: TO_MOVE (10) -> EXCH_1_WAIT (14)
2026-05-13 22:44:04 Handler State: EXCHANGE_ONE (7) -> START_DCU (8)
2026-05-13 22:44:04 Handler State: START_DCU (8) -> EXCHANGE_TWO (9)
2026-05-13 22:44:04 CartMove: Exchange 2
2026-05-13 22:44:04 CartMoveState: EXCH_1_WAIT (14) -> EXCH_1_CART (15)
2026-05-13 22:44:07 CartMoveState: EXCH_1_CART (15) -> EXCH_2_MOVE (16)
2026-05-13 22:44:08 CartMoveState: EXCH_2_MOVE (16) -> EXCH_2_CART (17)
2026-05-13 22:44:10 CartMoveState: EXCH_2_CART (17) -> STORE_DECIDE (18)
2026-05-13 22:44:10 Used volume for last job: 298.557
2026-05-13 22:44:10 Handler State: EXCHANGE_TWO (9) -> WAIT_FOR_DCU (10)
2026-05-13 22:44:12 Handler State: WAIT_FOR_DCU (10) -> EXCHANGE_THREE (11)
2026-05-13 22:44:12 CartMove: Exchange 3
2026-05-13 22:44:12 CartMoveState: STORE_DECIDE (18) -> AUX_DECIDE (5)
2026-05-13 22:44:12 CartMoveState: AUX_DECIDE (5) -> TO_MOVE (10)
2026-05-13 22:44:12 CartMoveState: TO_MOVE (10) -> TO_CART (11)
2026-05-13 22:44:14 CartMoveState: TO_CART (11) -> HOME_MOVE (12)
2026-05-13 22:44:14 CartMoveState: HOME_MOVE (12) -> HALT (13)
2026-05-13 22:44:14 CartMoveState: HALT (13) -> IDLE (1)
2026-05-13 22:44:14 Handler State: EXCHANGE_THREE (11) -> POST_PROCESS (12)
2026-05-13 22:44:14 Handler State: POST_PROCESS (12) -> MOVE_ARM_HOME (14)
2026-05-13 22:44:17 Handler State: MOVE_ARM_HOME (14) -> HANDLER_IDLE (1)
2026-05-13 22:52:25 Handler State: HANDLER_IDLE (1) -> HANDLER_START (2)
2026-05-13 22:52:26 Handler State: HANDLER_START (2) -> DECIDE_CART (3)
2026-05-13 22:52:26 Selection: IFS has correct material and its cartridge has correct material.
2026-05-13 22:52:26 Selected Primary Cartridge: 3
2026-05-13 22:52:26 Selected Primary Station: 104
2026-05-13 22:52:26 Selected Secondary Cartridge: 0
2026-05-13 22:52:26 Selected Secondary Station: 0
2026-05-13 22:52:26 Selected Filling Volume: 640
2026-05-13 22:52:26 Handler State: DECIDE_CART (3) -> CHECK_SEC_CART (26)
2026-05-13 22:52:26 Handler State: CHECK_SEC_CART (26) -> PROBE_CART (24)
2026-05-13 22:52:26 CartMove: Exchange 1, from 104
2026-05-13 22:52:26 CartMoveState: IDLE (1) -> FROM_MOVE (3)
2026-05-13 22:52:26 CartMoveState: FROM_MOVE (3) -> FROM_PROBE (19)
2026-05-13 22:52:28 Handler State: PROBE_CART (24) -> PROCESS_CART (6)
2026-05-13 22:53:01 Setting CBS color valve (FillGate): 1
2026-05-13 22:53:02 Primed volume (FillGate): 1.42433
2026-05-13 22:53:02 Re-Calculated Filling Volume: 640
2026-05-13 22:53:02 Setting CBS color valve (FillCart): 1
2026-05-13 22:53:32 Handler State: PROCESS_CART (6) -> EXCHANGE_ONE (7)
2026-05-13 22:53:32 CartMove: Exchange 1, from 104
2026-05-13 22:53:32 CartMoveState: FROM_PROBE (19) -> FROM_CART (4)
2026-05-13 22:53:37 Setting CBS color valve (Finished): 0
2026-05-13 22:53:39 CartMoveState: FROM_CART (4) -> TO_MOVE (10)
2026-05-13 22:53:41 CartMoveState: TO_MOVE (10) -> EXCH_1_WAIT (14)
2026-05-13 22:53:41 Handler State: EXCHANGE_ONE (7) -> START_DCU (8)
2026-05-13 22:55:16 Handler State: START_DCU (8) -> EXCHANGE_TWO (9)
2026-05-13 22:55:16 CartMove: Exchange 2
2026-05-13 22:55:27 CartMoveState: EXCH_1_WAIT (14) -> EXCH_1_CART (15)
2026-05-13 22:55:30 CartMoveState: EXCH_1_CART (15) -> EXCH_2_MOVE (16)
2026-05-13 22:55:31 CartMoveState: EXCH_2_MOVE (16) -> EXCH_2_CART (17)
2026-05-13 22:55:33 CartMoveState: EXCH_2_CART (17) -> STORE_DECIDE (18)
2026-05-13 22:55:33 Used volume for last job: 239.555
2026-05-13 22:55:33 Handler State: EXCHANGE_TWO (9) -> WAIT_FOR_DCU (10)
2026-05-13 22:55:34 Handler State: WAIT_FOR_DCU (10) -> EXCHANGE_THREE (11)
2026-05-13 22:55:34 CartMove: Exchange 3
2026-05-13 22:55:34 CartMoveState: STORE_DECIDE (18) -> AUX_DECIDE (5)
2026-05-13 22:55:34 CartMoveState: AUX_DECIDE (5) -> TO_MOVE (10)
2026-05-13 22:55:36 CartMoveState: TO_MOVE (10) -> TO_CART (11)
2026-05-13 22:55:38 CartMoveState: TO_CART (11) -> HOME_MOVE (12)
2026-05-13 22:55:39 CartMoveState: HOME_MOVE (12) -> HALT (13)
2026-05-13 22:55:39 CartMoveState: HALT (13) -> IDLE (1)
2026-05-13 22:55:39 Handler State: EXCHANGE_THREE (11) -> POST_PROCESS (12)
2026-05-13 22:55:39 Handler State: POST_PROCESS (12) -> MOVE_ARM_HOME (14)
2026-05-13 22:55:39 Handler State: MOVE_ARM_HOME (14) -> HANDLER_IDLE (1)
2026-05-13 23:05:24 Handler State: HANDLER_IDLE (1) -> HANDLER_START (2)
2026-05-13 23:05:24 Handler State: HANDLER_START (2) -> DECIDE_CART (3)
2026-05-13 23:05:24 Selection: IFS has correct material.
2026-05-13 23:05:24 Selection: Cartridge has correct material.
2026-05-13 23:05:24 Selected Primary Cartridge: 6
2026-05-13 23:05:24 Selected Primary Station: 104
2026-05-13 23:05:24 Selected Secondary Cartridge: 0
2026-05-13 23:05:24 Selected Secondary Station: 0
2026-05-13 23:05:24 Selected Filling Volume: 640
2026-05-13 23:05:24 Handler State: DECIDE_CART (3) -> PLACE_CART (5)
2026-05-13 23:05:24 CartMove: Move, from 107 to 104
2026-05-13 23:05:24 CartMoveState: IDLE (1) -> FROM_MOVE (3)
2026-05-13 23:05:26 CartMoveState: FROM_MOVE (3) -> FROM_CART (4)
2026-05-13 23:05:29 CartMoveState: FROM_CART (4) -> AUX_DECIDE (5)
2026-05-13 23:05:29 CartMoveState: AUX_DECIDE (5) -> TO_MOVE (10)
2026-05-13 23:05:30 CartMoveState: TO_MOVE (10) -> TO_CART (11)
2026-05-13 23:05:32 CartMoveState: TO_CART (11) -> HOME_MOVE (12)
2026-05-13 23:05:33 CartMoveState: HOME_MOVE (12) -> HALT (13)
2026-05-13 23:05:33 CartMoveState: HALT (13) -> IDLE (1)
2026-05-13 23:05:33 Handler State: PLACE_CART (5) -> CHECK_SEC_CART (26)
2026-05-13 23:05:33 Handler State: CHECK_SEC_CART (26) -> PROBE_CART (24)
2026-05-13 23:05:33 CartMove: Exchange 1, from 104
2026-05-13 23:05:33 CartMoveState: IDLE (1) -> FROM_MOVE (3)
2026-05-13 23:05:34 CartMoveState: FROM_MOVE (3) -> FROM_PROBE (19)
2026-05-13 23:05:35 Handler State: PROBE_CART (24) -> PROCESS_CART (6)
2026-05-13 23:06:19 Setting CBS color valve (FillGate): 1
2026-05-13 23:06:20 Primed volume (FillGate): 1.21934
2026-05-13 23:06:20 Re-Calculated Filling Volume: 640
2026-05-13 23:06:20 Setting CBS color valve (FillCart): 1
2026-05-13 23:06:46 Handler State: PROCESS_CART (6) -> EXCHANGE_ONE (7)
2026-05-13 23:06:46 CartMove: Exchange 1, from 104
2026-05-13 23:06:46 CartMoveState: FROM_PROBE (19) -> FROM_CART (4)
2026-05-13 23:06:52 Setting CBS color valve (Finished): 0
2026-05-13 23:06:53 CartMoveState: FROM_CART (4) -> TO_MOVE (10)
2026-05-13 23:06:55 CartMoveState: TO_MOVE (10) -> EXCH_1_WAIT (14)
2026-05-13 23:06:55 Handler State: EXCHANGE_ONE (7) -> START_DCU (8)
2026-05-13 23:06:55 Handler State: START_DCU (8) -> EXCHANGE_TWO (9)
2026-05-13 23:06:55 CartMove: Exchange 2
2026-05-13 23:06:55 CartMoveState: EXCH_1_WAIT (14) -> EXCH_1_CART (15)
2026-05-13 23:06:58 CartMoveState: EXCH_1_CART (15) -> EXCH_2_MOVE (16)
2026-05-13 23:06:59 CartMoveState: EXCH_2_MOVE (16) -> EXCH_2_CART (17)
2026-05-13 23:07:01 CartMoveState: EXCH_2_CART (17) -> STORE_DECIDE (18)
2026-05-13 23:07:01 Used volume for last job: 0
2026-05-13 23:07:01 Handler State: EXCHANGE_TWO (9) -> WAIT_FOR_DCU (10)
2026-05-13 23:07:03 Handler State: WAIT_FOR_DCU (10) -> EXCHANGE_THREE (11)
2026-05-13 23:07:03 CartMove: Exchange 3
2026-05-13 23:07:03 CartMoveState: STORE_DECIDE (18) -> AUX_DECIDE (5)
2026-05-13 23:07:03 CartMoveState: AUX_DECIDE (5) -> TO_MOVE (10)
2026-05-13 23:07:04 CartMoveState: TO_MOVE (10) -> TO_CART (11)
2026-05-13 23:07:07 CartMoveState: TO_CART (11) -> HOME_MOVE (12)
2026-05-13 23:07:08 CartMoveState: HOME_MOVE (12) -> HALT (13)
2026-05-13 23:07:08 CartMoveState: HALT (13) -> IDLE (1)
2026-05-13 23:07:08 Handler State: EXCHANGE_THREE (11) -> POST_PROCESS (12)
2026-05-13 23:07:08 Handler State: POST_PROCESS (12) -> MOVE_ARM_HOME (14)
2026-05-13 23:07:09 Handler State: MOVE_ARM_HOME (14) -> HANDLER_IDLE (1)
2026-05-13 23:07:16 Handler State: HANDLER_IDLE (1) -> HANDLER_START (2)
2026-05-13 23:07:16 Handler State: HANDLER_START (2) -> DECIDE_CART (3)
2026-05-13 23:07:16 Selection: Last resort, just pick the first IFS.
2026-05-13 23:07:16 Selection: Last resort, just pick the first cartridge.
2026-05-13 23:07:16 Selected Primary Cartridge: 1
2026-05-13 23:07:16 Selected Primary Station: 102
2026-05-13 23:07:16 Selected Secondary Cartridge: 0
2026-05-13 23:07:16 Selected Secondary Station: 0
2026-05-13 23:07:16 Selected Filling Volume: 504
2026-05-13 23:07:16 Handler State: DECIDE_CART (3) -> CHECK_SEC_CART (26)
2026-05-13 23:07:16 Handler State: CHECK_SEC_CART (26) -> PROBE_CART (24)
2026-05-13 23:07:16 CartMove: Exchange 1, from 102
2026-05-13 23:07:16 CartMoveState: IDLE (1) -> FROM_MOVE (3)
2026-05-13 23:07:17 CartMoveState: FROM_MOVE (3) -> FROM_PROBE (19)
2026-05-13 23:07:19 Handler State: PROBE_CART (24) -> PROCESS_CART (6)
2026-05-13 23:08:35 Setting CBS color valve (FillIFS): 1
2026-05-13 23:08:36 Primed volume (FillIFS): 4.42332
2026-05-13 23:08:36 Re-Calculated Filling Volume: 504
2026-05-13 23:08:36 Setting CBS color valve (FillCart): 1
2026-05-13 23:09:01 Handler State: PROCESS_CART (6) -> EXCHANGE_ONE (7)
2026-05-13 23:09:01 CartMove: Exchange 1, from 102
2026-05-13 23:09:01 CartMoveState: FROM_PROBE (19) -> FROM_CART (4)
2026-05-13 23:09:08 Setting CBS color valve (Finished): 0
2026-05-13 23:09:10 CartMoveState: FROM_CART (4) -> TO_MOVE (10)
2026-05-13 23:09:10 CartMoveState: TO_MOVE (10) -> EXCH_1_WAIT (14)
2026-05-13 23:09:10 Handler State: EXCHANGE_ONE (7) -> START_DCU (8)
2026-05-13 23:09:11 Handler State: START_DCU (8) -> EXCHANGE_TWO (9)
2026-05-13 23:09:11 CartMove: Exchange 2
2026-05-13 23:09:11 CartMoveState: EXCH_1_WAIT (14) -> EXCH_1_CART (15)
2026-05-13 23:09:13 CartMoveState: EXCH_1_CART (15) -> EXCH_2_MOVE (16)
2026-05-13 23:09:15 CartMoveState: EXCH_2_MOVE (16) -> EXCH_2_CART (17)
2026-05-13 23:09:17 CartMoveState: EXCH_2_CART (17) -> STORE_DECIDE (18)
2026-05-13 23:09:17 Used volume for last job: 506.494
2026-05-13 23:09:17 Handler State: EXCHANGE_TWO (9) -> WAIT_FOR_DCU (10)
2026-05-13 23:09:18 Handler State: WAIT_FOR_DCU (10) -> EXCHANGE_THREE (11)
2026-05-13 23:09:18 CartMove: Exchange 3
2026-05-13 23:09:18 CartMoveState: STORE_DECIDE (18) -> AUX_DECIDE (5)
2026-05-13 23:09:18 CartMoveState: AUX_DECIDE (5) -> TO_MOVE (10)
2026-05-13 23:09:20 CartMoveState: TO_MOVE (10) -> TO_CART (11)
2026-05-13 23:09:22 CartMoveState: TO_CART (11) -> HOME_MOVE (12)
2026-05-13 23:09:24 CartMoveState: HOME_MOVE (12) -> HALT (13)
2026-05-13 23:09:24 CartMoveState: HALT (13) -> IDLE (1)
2026-05-13 23:09:24 Handler State: EXCHANGE_THREE (11) -> POST_PROCESS (12)
2026-05-13 23:09:24 Handler State: POST_PROCESS (12) -> MOVE_ARM_HOME (14)
2026-05-13 23:09:24 Handler State: MOVE_ARM_HOME (14) -> HANDLER_IDLE (1)
2026-05-13 23:13:06 Handler State: HANDLER_IDLE (1) -> HANDLER_START (2)
2026-05-13 23:13:07 Handler State: HANDLER_START (2) -> DECIDE_CART (3)
2026-05-13 23:13:07 Selection: Last resort, just pick the first IFS.
2026-05-13 23:13:07 Selection: Last resort, just pick the first cartridge.
2026-05-13 23:13:07 Selected Primary Cartridge: 3
2026-05-13 23:13:07 Selected Primary Station: 104
2026-05-13 23:13:07 Selected Secondary Cartridge: 0
2026-05-13 23:13:07 Selected Secondary Station: 0
2026-05-13 23:13:07 Selected Filling Volume: 562
2026-05-13 23:13:07 Handler State: DECIDE_CART (3) -> CHECK_SEC_CART (26)
2026-05-13 23:13:07 Handler State: CHECK_SEC_CART (26) -> PROBE_CART (24)
2026-05-13 23:13:07 CartMove: Exchange 1, from 104
2026-05-13 23:13:07 CartMoveState: IDLE (1) -> FROM_MOVE (3)
2026-05-13 23:13:08 CartMoveState: FROM_MOVE (3) -> FROM_PROBE (19)
2026-05-13 23:13:10 Handler State: PROBE_CART (24) -> PROCESS_CART (6)
2026-05-13 23:13:55 Setting CBS color valve (FillIFS): 2
2026-05-13 23:13:56 Primed volume (FillIFS): 4.48237
2026-05-13 23:13:56 Re-Calculated Filling Volume: 562
2026-05-13 23:13:56 Setting CBS color valve (FillCart): 2
2026-05-13 23:14:20 Handler State: PROCESS_CART (6) -> EXCHANGE_ONE (7)
2026-05-13 23:14:20 CartMove: Exchange 1, from 104
2026-05-13 23:14:20 CartMoveState: FROM_PROBE (19) -> FROM_CART (4)
2026-05-13 23:14:26 Setting CBS color valve (Finished): 0
2026-05-13 23:14:27 CartMoveState: FROM_CART (4) -> TO_MOVE (10)
2026-05-13 23:14:29 CartMoveState: TO_MOVE (10) -> EXCH_1_WAIT (14)
2026-05-13 23:14:29 Handler State: EXCHANGE_ONE (7) -> START_DCU (8)
2026-05-13 23:16:46 Handler State: START_DCU (8) -> EXCHANGE_TWO (9)
2026-05-13 23:16:46 CartMove: Exchange 2
2026-05-13 23:16:57 CartMoveState: EXCH_1_WAIT (14) -> EXCH_1_CART (15)
2026-05-13 23:17:00 CartMoveState: EXCH_1_CART (15) -> EXCH_2_MOVE (16)
2026-05-13 23:17:01 CartMoveState: EXCH_2_MOVE (16) -> EXCH_2_CART (17)
2026-05-13 23:17:03 CartMoveState: EXCH_2_CART (17) -> STORE_DECIDE (18)
2026-05-13 23:17:03 Used volume for last job: 450.216
2026-05-13 23:17:03 Handler State: EXCHANGE_TWO (9) -> WAIT_FOR_DCU (10)
2026-05-13 23:17:05 Handler State: WAIT_FOR_DCU (10) -> EXCHANGE_THREE (11)
2026-05-13 23:17:05 CartMove: Exchange 3
2026-05-13 23:17:05 CartMoveState: STORE_DECIDE (18) -> AUX_DECIDE (5)
2026-05-13 23:17:05 CartMoveState: AUX_DECIDE (5) -> TO_MOVE (10)
2026-05-13 23:17:05 CartMoveState: TO_MOVE (10) -> TO_CART (11)
2026-05-13 23:17:07 CartMoveState: TO_CART (11) -> HOME_MOVE (12)
2026-05-13 23:17:07 CartMoveState: HOME_MOVE (12) -> HALT (13)
2026-05-13 23:17:07 CartMoveState: HALT (13) -> IDLE (1)
2026-05-13 23:17:07 Handler State: EXCHANGE_THREE (11) -> POST_PROCESS (12)
2026-05-13 23:17:07 Handler State: POST_PROCESS (12) -> MOVE_ARM_HOME (14)
2026-05-13 23:17:07 Handler State: MOVE_ARM_HOME (14) -> HANDLER_IDLE (1)
2026-05-13 23:22:13 Handler State: HANDLER_IDLE (1) -> HANDLER_START (2)
2026-05-13 23:22:14 Handler State: HANDLER_START (2) -> DECIDE_CART (3)
2026-05-13 23:22:14 Selection: Last resort, just pick the first IFS.
2026-05-13 23:22:14 Selection: Last resort, just pick the first cartridge.
2026-05-13 23:22:14 Selected Primary Cartridge: 1
2026-05-13 23:22:14 Selected Primary Station: 102
2026-05-13 23:22:14 Selected Secondary Cartridge: 0
2026-05-13 23:22:14 Selected Secondary Station: 0
2026-05-13 23:22:14 Selected Filling Volume: 640
2026-05-13 23:22:14 Handler State: DECIDE_CART (3) -> CHECK_SEC_CART (26)
2026-05-13 23:22:14 Handler State: CHECK_SEC_CART (26) -> PROBE_CART (24)
2026-05-13 23:22:14 CartMove: Exchange 1, from 102
2026-05-13 23:22:14 CartMoveState: IDLE (1) -> FROM_MOVE (3)
2026-05-13 23:22:14 CartMoveState: FROM_MOVE (3) -> FROM_PROBE (19)
2026-05-13 23:22:16 Handler State: PROBE_CART (24) -> PROCESS_CART (6)
2026-05-13 23:22:53 Setting CBS color valve (FillIFS): 2
2026-05-13 23:22:54 Primed volume (FillIFS): 4.98673
2026-05-13 23:22:54 Re-Calculated Filling Volume: 640
2026-05-13 23:22:54 Setting CBS color valve (FillCart): 2
2026-05-13 23:23:22 Handler State: PROCESS_CART (6) -> EXCHANGE_ONE (7)
2026-05-13 23:23:22 CartMove: Exchange 1, from 102
2026-05-13 23:23:22 CartMoveState: FROM_PROBE (19) -> FROM_CART (4)
2026-05-13 23:23:29 Setting CBS color valve (Finished): 0
2026-05-13 23:23:31 CartMoveState: FROM_CART (4) -> TO_MOVE (10)
2026-05-13 23:23:31 CartMoveState: TO_MOVE (10) -> EXCH_1_WAIT (14)
2026-05-13 23:23:31 Handler State: EXCHANGE_ONE (7) -> START_DCU (8)
2026-05-13 23:25:56 Handler State: START_DCU (8) -> EXCHANGE_TWO (9)
2026-05-13 23:25:56 CartMove: Exchange 2
2026-05-13 23:26:07 CartMoveState: EXCH_1_WAIT (14) -> EXCH_1_CART (15)
2026-05-13 23:26:10 CartMoveState: EXCH_1_CART (15) -> EXCH_2_MOVE (16)
2026-05-13 23:26:11 CartMoveState: EXCH_2_MOVE (16) -> EXCH_2_CART (17)
2026-05-13 23:26:13 CartMoveState: EXCH_2_CART (17) -> STORE_DECIDE (18)
2026-05-13 23:26:13 Used volume for last job: 507.669
2026-05-13 23:26:13 Handler State: EXCHANGE_TWO (9) -> WAIT_FOR_DCU (10)
2026-05-13 23:26:15 Handler State: WAIT_FOR_DCU (10) -> EXCHANGE_THREE (11)
2026-05-13 23:26:15 CartMove: Exchange 3
2026-05-13 23:26:15 CartMoveState: STORE_DECIDE (18) -> AUX_DECIDE (5)
2026-05-13 23:26:15 CartMoveState: AUX_DECIDE (5) -> TO_MOVE (10)
2026-05-13 23:26:16 CartMoveState: TO_MOVE (10) -> TO_CART (11)
2026-05-13 23:26:18 CartMoveState: TO_CART (11) -> HOME_MOVE (12)
2026-05-13 23:26:19 CartMoveState: HOME_MOVE (12) -> HALT (13)
2026-05-13 23:26:19 CartMoveState: HALT (13) -> IDLE (1)
2026-05-13 23:26:19 Handler State: EXCHANGE_THREE (11) -> POST_PROCESS (12)
2026-05-13 23:26:19 Handler State: POST_PROCESS (12) -> MOVE_ARM_HOME (14)
2026-05-13 23:26:19 Handler State: MOVE_ARM_HOME (14) -> HANDLER_IDLE (1)
2026-05-13 23:28:57 Handler State: HANDLER_IDLE (1) -> SEMI_START (15)
2026-05-13 23:28:57 Handler State: SEMI_START (15) -> SEMI_TO_IFS (18)
2026-05-13 23:28:57 CartMove: Move, from 105 to 102
2026-05-13 23:28:57 CartMoveState: IDLE (1) -> FROM_MOVE (3)
2026-05-13 23:28:58 CartMoveState: FROM_MOVE (3) -> FROM_CART (4)
2026-05-13 23:29:00 CartMoveState: FROM_CART (4) -> AUX_DECIDE (5)
2026-05-13 23:29:00 CartMoveState: AUX_DECIDE (5) -> TO_MOVE (10)
2026-05-13 23:29:02 CartMoveState: TO_MOVE (10) -> TO_CART (11)
2026-05-13 23:29:04 CartMoveState: TO_CART (11) -> HOME_MOVE (12)
2026-05-13 23:29:05 CartMoveState: HOME_MOVE (12) -> HALT (13)
2026-05-13 23:29:05 CartMoveState: HALT (13) -> IDLE (1)
2026-05-13 23:29:05 Handler State: SEMI_TO_IFS (18) -> SEMI_PROBE_CART (25)
2026-05-13 23:29:08 Handler State: SEMI_PROBE_CART (25) -> SEMI_PROCESS (16)
2026-05-13 23:30:32 Re-Calculated Filling Volume: 0
2026-05-13 23:30:39 Setting CBS color valve (Finished): 0
2026-05-13 23:30:39 Handler State: SEMI_PROCESS (16) -> SEMI_FROM_IFS (20)
2026-05-13 23:30:39 CartMove: Move, from 102 to 105
2026-05-13 23:30:39 CartMoveState: IDLE (1) -> FROM_MOVE (3)
2026-05-13 23:30:39 CartMoveState: FROM_MOVE (3) -> FROM_CART (4)
2026-05-13 23:30:42 CartMoveState: FROM_CART (4) -> AUX_DECIDE (5)
2026-05-13 23:30:42 CartMoveState: AUX_DECIDE (5) -> TO_MOVE (10)
2026-05-13 23:30:44 CartMoveState: TO_MOVE (10) -> TO_CART (11)
2026-05-13 23:30:46 CartMoveState: TO_CART (11) -> HOME_MOVE (12)
2026-05-13 23:30:47 CartMoveState: HOME_MOVE (12) -> HALT (13)
2026-05-13 23:30:47 CartMoveState: HALT (13) -> IDLE (1)
2026-05-13 23:30:47 Handler State: SEMI_FROM_IFS (20) -> SEMI_WHAT_NEXT (21)
2026-05-13 23:30:47 Handler State: SEMI_WHAT_NEXT (21) -> SEMI_FINISHED (23)
2026-05-13 23:30:47 Handler State: SEMI_FINISHED (23) -> HANDLER_IDLE (1)
2026-05-13 23:31:21 Handler State: HANDLER_IDLE (1) -> SEMI_START (15)
2026-05-13 23:31:21 Handler State: SEMI_START (15) -> SEMI_PROBE_CART (25)
2026-05-13 23:31:24 Handler State: SEMI_PROBE_CART (25) -> SEMI_PROCESS (16)
2026-05-13 23:31:57 Re-Calculated Filling Volume: 0
2026-05-13 23:32:02 Setting CBS color valve (Finished): 0
2026-05-13 23:32:02 Handler State: SEMI_PROCESS (16) -> SEMI_WHAT_NEXT (21)
2026-05-13 23:32:02 Handler State: SEMI_WHAT_NEXT (21) -> SEMI_FINISHED (23)
2026-05-13 23:32:02 Handler State: SEMI_FINISHED (23) -> HANDLER_IDLE (1)
2026-05-13 23:32:04 Handler State: HANDLER_IDLE (1) -> SEMI_START (15)
2026-05-13 23:32:04 Handler State: SEMI_START (15) -> SEMI_PROBE_CART (25)
2026-05-13 23:32:07 Handler State: SEMI_PROBE_CART (25) -> SEMI_PROCESS (16)
2026-05-13 23:32:40 Re-Calculated Filling Volume: 0
2026-05-13 23:32:46 Setting CBS color valve (Finished): 0
2026-05-13 23:32:46 Handler State: SEMI_PROCESS (16) -> SEMI_WHAT_NEXT (21)
2026-05-13 23:32:46 Handler State: SEMI_WHAT_NEXT (21) -> SEMI_FINISHED (23)
2026-05-13 23:32:46 Handler State: SEMI_FINISHED (23) -> HANDLER_IDLE (1)
2026-05-13 23:32:47 Handler State: HANDLER_IDLE (1) -> HANDLER_START (2)
2026-05-13 23:32:48 Handler State: HANDLER_START (2) -> DECIDE_CART (3)
2026-05-13 23:32:48 Selection: IFS is clean and its cartridge is cleaned.
2026-05-13 23:32:48 Selected Primary Cartridge: 2
2026-05-13 23:32:48 Selected Primary Station: 103
2026-05-13 23:32:48 Selected Secondary Cartridge: 0
2026-05-13 23:32:48 Selected Secondary Station: 0
2026-05-13 23:32:48 Selected Filling Volume: 640
2026-05-13 23:32:48 Handler State: DECIDE_CART (3) -> CHECK_SEC_CART (26)
2026-05-13 23:32:48 Handler State: CHECK_SEC_CART (26) -> PROBE_CART (24)
2026-05-13 23:32:48 CartMove: Exchange 1, from 103
2026-05-13 23:32:48 CartMoveState: IDLE (1) -> FROM_MOVE (3)
2026-05-13 23:32:48 CartMoveState: FROM_MOVE (3) -> FROM_PROBE (19)
2026-05-13 23:32:50 Handler State: PROBE_CART (24) -> PROCESS_CART (6)
2026-05-13 23:32:50 Setting CBS color valve (FillIFS): 1
2026-05-13 23:32:52 Primed volume (FillIFS): 4.71308
2026-05-13 23:32:52 Re-Calculated Filling Volume: 640
2026-05-13 23:32:52 Setting CBS color valve (FillCart): 1
2026-05-13 23:33:16 Handler State: PROCESS_CART (6) -> EXCHANGE_ONE (7)
2026-05-13 23:33:16 CartMove: Exchange 1, from 103
2026-05-13 23:33:16 CartMoveState: FROM_PROBE (19) -> FROM_CART (4)
2026-05-13 23:33:21 Setting CBS color valve (Finished): 0
2026-05-13 23:33:23 CartMoveState: FROM_CART (4) -> TO_MOVE (10)
2026-05-13 23:33:25 CartMoveState: TO_MOVE (10) -> EXCH_1_WAIT (14)
2026-05-13 23:33:25 Handler State: EXCHANGE_ONE (7) -> START_DCU (8)
2026-05-13 23:33:25 Handler State: START_DCU (8) -> EXCHANGE_TWO (9)
2026-05-13 23:33:25 CartMove: Exchange 2
2026-05-13 23:33:25 CartMoveState: EXCH_1_WAIT (14) -> EXCH_1_CART (15)
2026-05-13 23:33:28 CartMoveState: EXCH_1_CART (15) -> EXCH_2_MOVE (16)
2026-05-13 23:33:29 CartMoveState: EXCH_2_MOVE (16) -> EXCH_2_CART (17)
2026-05-13 23:33:31 CartMoveState: EXCH_2_CART (17) -> STORE_DECIDE (18)
2026-05-13 23:33:31 Used volume for last job: 0
2026-05-13 23:33:31 Handler State: EXCHANGE_TWO (9) -> WAIT_FOR_DCU (10)
2026-05-13 23:33:32 Handler State: WAIT_FOR_DCU (10) -> EXCHANGE_THREE (11)
2026-05-13 23:33:33 CartMove: Exchange 3
2026-05-13 23:33:33 CartMoveState: STORE_DECIDE (18) -> AUX_DECIDE (5)
2026-05-13 23:33:33 CartMoveState: AUX_DECIDE (5) -> TO_MOVE (10)
2026-05-13 23:33:33 CartMoveState: TO_MOVE (10) -> TO_CART (11)
2026-05-13 23:33:35 CartMoveState: TO_CART (11) -> HOME_MOVE (12)
2026-05-13 23:33:35 CartMoveState: HOME_MOVE (12) -> HALT (13)
2026-05-13 23:33:35 CartMoveState: HALT (13) -> IDLE (1)
2026-05-13 23:33:35 Handler State: EXCHANGE_THREE (11) -> POST_PROCESS (12)
2026-05-13 23:33:35 Handler State: POST_PROCESS (12) -> MOVE_ARM_HOME (14)
2026-05-13 23:33:38 Handler State: MOVE_ARM_HOME (14) -> HANDLER_IDLE (1)
2026-05-13 23:35:36 Handler State: HANDLER_IDLE (1) -> HANDLER_START (2)
2026-05-13 23:35:37 Handler State: HANDLER_START (2) -> DECIDE_CART (3)
2026-05-13 23:35:37 Selection: IFS is clean and its cartridge is cleaned.
2026-05-13 23:35:37 Selected Primary Cartridge: 3
2026-05-13 23:35:37 Selected Primary Station: 104
2026-05-13 23:35:37 Selected Secondary Cartridge: 0
2026-05-13 23:35:37 Selected Secondary Station: 0
2026-05-13 23:35:37 Selected Filling Volume: 640
2026-05-13 23:35:37 Handler State: DECIDE_CART (3) -> CHECK_SEC_CART (26)
2026-05-13 23:35:37 Handler State: CHECK_SEC_CART (26) -> PROBE_CART (24)
2026-05-13 23:35:37 CartMove: Exchange 1, from 104
2026-05-13 23:35:37 CartMoveState: IDLE (1) -> FROM_MOVE (3)
2026-05-13 23:35:38 CartMoveState: FROM_MOVE (3) -> FROM_PROBE (19)
2026-05-13 23:35:40 Handler State: PROBE_CART (24) -> PROCESS_CART (6)
2026-05-13 23:35:40 Setting CBS color valve (FillIFS): 1
2026-05-13 23:35:41 Primed volume (FillIFS): 2.20179
2026-05-13 23:35:41 Re-Calculated Filling Volume: 640
2026-05-13 23:35:41 Setting CBS color valve (FillCart): 1
2026-05-13 23:36:06 Handler State: PROCESS_CART (6) -> EXCHANGE_ONE (7)
2026-05-13 23:36:06 CartMove: Exchange 1, from 104
2026-05-13 23:36:06 CartMoveState: FROM_PROBE (19) -> FROM_CART (4)
2026-05-13 23:36:12 Setting CBS color valve (Finished): 0
2026-05-13 23:36:13 CartMoveState: FROM_CART (4) -> TO_MOVE (10)
2026-05-13 23:36:15 CartMoveState: TO_MOVE (10) -> EXCH_1_WAIT (14)
2026-05-13 23:36:15 Handler State: EXCHANGE_ONE (7) -> START_DCU (8)
2026-05-13 23:37:07 Handler State: START_DCU (8) -> EXCHANGE_TWO (9)
2026-05-13 23:37:07 CartMove: Exchange 2
2026-05-13 23:37:18 CartMoveState: EXCH_1_WAIT (14) -> EXCH_1_CART (15)
2026-05-13 23:37:20 CartMoveState: EXCH_1_CART (15) -> EXCH_2_MOVE (16)
2026-05-13 23:37:22 CartMoveState: EXCH_2_MOVE (16) -> EXCH_2_CART (17)
2026-05-13 23:37:24 CartMoveState: EXCH_2_CART (17) -> STORE_DECIDE (18)
2026-05-13 23:37:24 Used volume for last job: 295.03
2026-05-13 23:37:24 Handler State: EXCHANGE_TWO (9) -> WAIT_FOR_DCU (10)
2026-05-13 23:37:25 Handler State: WAIT_FOR_DCU (10) -> EXCHANGE_THREE (11)
2026-05-13 23:37:25 CartMove: Exchange 3
2026-05-13 23:37:25 CartMoveState: STORE_DECIDE (18) -> AUX_DECIDE (5)
2026-05-13 23:37:25 CartMoveState: AUX_DECIDE (5) -> TO_MOVE (10)
2026-05-13 23:37:26 CartMoveState: TO_MOVE (10) -> TO_CART (11)
2026-05-13 23:37:28 CartMoveState: TO_CART (11) -> HOME_MOVE (12)
2026-05-13 23:37:29 CartMoveState: HOME_MOVE (12) -> HALT (13)
2026-05-13 23:37:29 CartMoveState: HALT (13) -> IDLE (1)
2026-05-13 23:37:29 Handler State: EXCHANGE_THREE (11) -> POST_PROCESS (12)
2026-05-13 23:37:29 Handler State: POST_PROCESS (12) -> MOVE_ARM_HOME (14)
2026-05-13 23:37:29 Handler State: MOVE_ARM_HOME (14) -> HANDLER_IDLE (1)
2026-05-13 23:40:39 Handler State: HANDLER_IDLE (1) -> SEMI_START (15)
2026-05-13 23:40:39 Handler State: SEMI_START (15) -> SEMI_PROBE_CART (25)
2026-05-13 23:40:42 Handler State: SEMI_PROBE_CART (25) -> SEMI_PROCESS (16)
2026-05-13 23:42:42 Re-Calculated Filling Volume: 0
2026-05-13 23:42:49 Setting CBS color valve (Finished): 0
2026-05-13 23:42:49 Handler State: SEMI_PROCESS (16) -> SEMI_WHAT_NEXT (21)
2026-05-13 23:42:49 Handler State: SEMI_WHAT_NEXT (21) -> SEMI_FINISHED (23)
2026-05-13 23:42:50 Handler State: SEMI_FINISHED (23) -> HANDLER_IDLE (1)
2026-05-13 23:44:17 Handler State: HANDLER_IDLE (1) -> HANDLER_START (2)
2026-05-13 23:44:18 Handler State: HANDLER_START (2) -> DECIDE_CART (3)
2026-05-13 23:44:18 Selection: IFS is clean and its cartridge is cleaned.
2026-05-13 23:44:18 Selected Primary Cartridge: 1
2026-05-13 23:44:18 Selected Primary Station: 102
2026-05-13 23:44:18 Selected Secondary Cartridge: 0
2026-05-13 23:44:18 Selected Secondary Station: 0
2026-05-13 23:44:18 Selected Filling Volume: 611
2026-05-13 23:44:18 Handler State: DECIDE_CART (3) -> CHECK_SEC_CART (26)
2026-05-13 23:44:18 Handler State: CHECK_SEC_CART (26) -> PROBE_CART (24)
2026-05-13 23:44:18 CartMove: Exchange 1, from 102
2026-05-13 23:44:18 CartMoveState: IDLE (1) -> FROM_MOVE (3)
2026-05-13 23:44:19 CartMoveState: FROM_MOVE (3) -> FROM_PROBE (19)
2026-05-13 23:44:20 Handler State: PROBE_CART (24) -> PROCESS_CART (6)
2026-05-13 23:44:20 Setting CBS color valve (FillIFS): 1
2026-05-13 23:44:22 Primed volume (FillIFS): 1.64696
2026-05-13 23:44:22 Re-Calculated Filling Volume: 611
2026-05-13 23:44:22 Setting CBS color valve (FillCart): 1
2026-05-13 23:44:44 Handler State: PROCESS_CART (6) -> EXCHANGE_ONE (7)
2026-05-13 23:44:45 CartMove: Exchange 1, from 102
2026-05-13 23:44:45 CartMoveState: FROM_PROBE (19) -> FROM_CART (4)
2026-05-13 23:44:51 Setting CBS color valve (Finished): 0
2026-05-13 23:44:53 CartMoveState: FROM_CART (4) -> TO_MOVE (10)
2026-05-13 23:44:54 CartMoveState: TO_MOVE (10) -> EXCH_1_WAIT (14)
2026-05-13 23:44:54 Handler State: EXCHANGE_ONE (7) -> START_DCU (8)
2026-05-13 23:44:54 Handler State: START_DCU (8) -> EXCHANGE_TWO (9)
2026-05-13 23:44:54 CartMove: Exchange 2
2026-05-13 23:44:54 CartMoveState: EXCH_1_WAIT (14) -> EXCH_1_CART (15)
2026-05-13 23:44:57 CartMoveState: EXCH_1_CART (15) -> EXCH_2_MOVE (16)
2026-05-13 23:44:58 CartMoveState: EXCH_2_MOVE (16) -> EXCH_2_CART (17)
2026-05-13 23:45:00 CartMoveState: EXCH_2_CART (17) -> STORE_DECIDE (18)
2026-05-13 23:45:00 Used volume for last job: 264.151
2026-05-13 23:45:00 Handler State: EXCHANGE_TWO (9) -> WAIT_FOR_DCU (10)
2026-05-13 23:45:02 Handler State: WAIT_FOR_DCU (10) -> EXCHANGE_THREE (11)
2026-05-13 23:45:02 CartMove: Exchange 3
2026-05-13 23:45:02 CartMoveState: STORE_DECIDE (18) -> AUX_DECIDE (5)
2026-05-13 23:45:02 CartMoveState: AUX_DECIDE (5) -> TO_MOVE (10)
2026-05-13 23:45:03 CartMoveState: TO_MOVE (10) -> TO_CART (11)
2026-05-13 23:45:05 CartMoveState: TO_CART (11) -> HOME_MOVE (12)
2026-05-13 23:45:06 CartMoveState: HOME_MOVE (12) -> HALT (13)
2026-05-13 23:45:06 CartMoveState: HALT (13) -> IDLE (1)
2026-05-13 23:45:06 Handler State: EXCHANGE_THREE (11) -> POST_PROCESS (12)
2026-05-13 23:45:06 Handler State: POST_PROCESS (12) -> MOVE_ARM_HOME (14)
2026-05-13 23:45:07 Handler State: MOVE_ARM_HOME (14) -> HANDLER_IDLE (1)
2026-05-13 23:48:21 Handler State: HANDLER_IDLE (1) -> HANDLER_START (2)
2026-05-13 23:48:22 Handler State: HANDLER_START (2) -> DECIDE_CART (3)
2026-05-13 23:48:22 Selection: Last resort, just pick the first IFS.
2026-05-13 23:48:22 Selection: Cartridge is clean.
2026-05-13 23:48:22 Selected Primary Cartridge: 4
2026-05-13 23:48:22 Selected Primary Station: 102
2026-05-13 23:48:22 Selected Secondary Cartridge: 0
2026-05-13 23:48:22 Selected Secondary Station: 0
2026-05-13 23:48:22 Selected Filling Volume: 640
2026-05-13 23:48:22 Handler State: DECIDE_CART (3) -> PLACE_CART (5)
2026-05-13 23:48:22 CartMove: Move, from 105 to 102
2026-05-13 23:48:22 CartMoveState: IDLE (1) -> FROM_MOVE (3)
2026-05-13 23:48:23 CartMoveState: FROM_MOVE (3) -> FROM_CART (4)
2026-05-13 23:48:25 CartMoveState: FROM_CART (4) -> AUX_DECIDE (5)
2026-05-13 23:48:25 CartMoveState: AUX_DECIDE (5) -> TO_MOVE (10)
2026-05-13 23:48:27 CartMoveState: TO_MOVE (10) -> TO_CART (11)
2026-05-13 23:48:29 CartMoveState: TO_CART (11) -> HOME_MOVE (12)
2026-05-13 23:48:30 CartMoveState: HOME_MOVE (12) -> HALT (13)
2026-05-13 23:48:30 CartMoveState: HALT (13) -> IDLE (1)
2026-05-13 23:48:30 Handler State: PLACE_CART (5) -> CHECK_SEC_CART (26)
2026-05-13 23:48:30 Handler State: CHECK_SEC_CART (26) -> PROBE_CART (24)
2026-05-13 23:48:30 CartMove: Exchange 1, from 102
2026-05-13 23:48:30 CartMoveState: IDLE (1) -> FROM_MOVE (3)
2026-05-13 23:48:31 CartMoveState: FROM_MOVE (3) -> FROM_PROBE (19)
2026-05-13 23:48:32 Handler State: PROBE_CART (24) -> PROCESS_CART (6)
2026-05-13 23:49:00 Setting CBS color valve (FillIFS): 2
2026-05-13 23:49:02 Primed volume (FillIFS): 4.06648
2026-05-13 23:49:02 Re-Calculated Filling Volume: 640
2026-05-13 23:49:02 Setting CBS color valve (FillCart): 2
2026-05-13 23:49:29 Handler State: PROCESS_CART (6) -> EXCHANGE_ONE (7)
2026-05-13 23:49:29 CartMove: Exchange 1, from 102
2026-05-13 23:49:29 CartMoveState: FROM_PROBE (19) -> FROM_CART (4)
2026-05-13 23:49:36 Setting CBS color valve (Finished): 0
2026-05-13 23:49:38 CartMoveState: FROM_CART (4) -> TO_MOVE (10)
2026-05-13 23:49:38 CartMoveState: TO_MOVE (10) -> EXCH_1_WAIT (14)
2026-05-13 23:49:38 Handler State: EXCHANGE_ONE (7) -> START_DCU (8)
2026-05-13 23:49:39 Handler State: START_DCU (8) -> EXCHANGE_TWO (9)
2026-05-13 23:49:39 CartMove: Exchange 2
2026-05-13 23:49:39 CartMoveState: EXCH_1_WAIT (14) -> EXCH_1_CART (15)
2026-05-13 23:49:41 CartMoveState: EXCH_1_CART (15) -> EXCH_2_MOVE (16)
2026-05-13 23:49:42 CartMoveState: EXCH_2_MOVE (16) -> EXCH_2_CART (17)
2026-05-13 23:49:44 CartMoveState: EXCH_2_CART (17) -> STORE_DECIDE (18)
2026-05-13 23:49:44 Used volume for last job: 558.619
2026-05-13 23:49:44 Handler State: EXCHANGE_TWO (9) -> WAIT_FOR_DCU (10)
2026-05-13 23:49:46 Handler State: WAIT_FOR_DCU (10) -> EXCHANGE_THREE (11)
2026-05-13 23:49:46 CartMove: Exchange 3
2026-05-13 23:49:46 CartMoveState: STORE_DECIDE (18) -> AUX_DECIDE (5)
2026-05-13 23:49:46 CartMoveState: AUX_DECIDE (5) -> TO_MOVE (10)
2026-05-13 23:49:46 CartMoveState: TO_MOVE (10) -> TO_CART (11)
2026-05-13 23:49:49 CartMoveState: TO_CART (11) -> HOME_MOVE (12)
2026-05-13 23:49:49 CartMoveState: HOME_MOVE (12) -> HALT (13)
2026-05-13 23:49:49 CartMoveState: HALT (13) -> IDLE (1)
2026-05-13 23:49:49 Handler State: EXCHANGE_THREE (11) -> POST_PROCESS (12)
2026-05-13 23:49:49 Handler State: POST_PROCESS (12) -> MOVE_ARM_HOME (14)
2026-05-13 23:49:52 Handler State: MOVE_ARM_HOME (14) -> HANDLER_IDLE (1)
2026-05-13 23:55:19 Handler State: HANDLER_IDLE (1) -> HANDLER_START (2)
2026-05-13 23:55:20 Handler State: HANDLER_START (2) -> DECIDE_CART (3)
2026-05-13 23:55:20 Selection: Last resort, just pick the first IFS.
2026-05-13 23:55:20 Selection: Cartridge has correct material.
2026-05-13 23:55:20 Selected Primary Cartridge: 6
2026-05-13 23:55:20 Selected Primary Station: 104
2026-05-13 23:55:20 Selected Secondary Cartridge: 0
2026-05-13 23:55:20 Selected Secondary Station: 0
2026-05-13 23:55:20 Selected Filling Volume: 551
2026-05-13 23:55:20 Handler State: DECIDE_CART (3) -> REMOVE_CART (4)
2026-05-13 23:55:20 CartMove: Move, from 104 to 108
2026-05-13 23:55:20 CartMoveState: IDLE (1) -> FROM_MOVE (3)
2026-05-13 23:55:20 CartMoveState: FROM_MOVE (3) -> FROM_CART (4)
2026-05-13 23:55:23 CartMoveState: FROM_CART (4) -> AUX_DECIDE (5)
2026-05-13 23:55:23 CartMoveState: AUX_DECIDE (5) -> TO_MOVE (10)
2026-05-13 23:55:25 CartMoveState: TO_MOVE (10) -> TO_CART (11)
2026-05-13 23:55:27 CartMoveState: TO_CART (11) -> HOME_MOVE (12)
2026-05-13 23:55:29 CartMoveState: HOME_MOVE (12) -> HALT (13)
2026-05-13 23:55:29 CartMoveState: HALT (13) -> IDLE (1)
2026-05-13 23:55:29 Handler State: REMOVE_CART (4) -> PLACE_CART (5)
2026-05-13 23:55:29 CartMove: Move, from 107 to 104
2026-05-13 23:55:29 CartMoveState: IDLE (1) -> FROM_MOVE (3)
2026-05-13 23:55:30 CartMoveState: FROM_MOVE (3) -> FROM_CART (4)
2026-05-13 23:55:33 CartMoveState: FROM_CART (4) -> AUX_DECIDE (5)
2026-05-13 23:55:33 CartMoveState: AUX_DECIDE (5) -> TO_MOVE (10)
2026-05-13 23:55:34 CartMoveState: TO_MOVE (10) -> TO_CART (11)
2026-05-13 23:55:37 CartMoveState: TO_CART (11) -> HOME_MOVE (12)
2026-05-13 23:55:37 CartMoveState: HOME_MOVE (12) -> HALT (13)
2026-05-13 23:55:37 CartMoveState: HALT (13) -> IDLE (1)
2026-05-13 23:55:37 Handler State: PLACE_CART (5) -> CHECK_SEC_CART (26)
2026-05-13 23:55:37 Handler State: CHECK_SEC_CART (26) -> PROBE_CART (24)
2026-05-13 23:55:37 CartMove: Exchange 1, from 104
2026-05-13 23:55:37 CartMoveState: IDLE (1) -> FROM_MOVE (3)
2026-05-13 23:55:38 CartMoveState: FROM_MOVE (3) -> FROM_PROBE (19)
2026-05-13 23:55:40 Handler State: PROBE_CART (24) -> PROCESS_CART (6)
2026-05-13 23:56:25 Setting CBS color valve (FillIFS): 1
2026-05-13 23:56:26 Primed volume (FillIFS): 4.61769
2026-05-13 23:56:26 Re-Calculated Filling Volume: 551
2026-05-13 23:56:26 Setting CBS color valve (FillCart): 1
2026-05-13 23:56:49 Handler State: PROCESS_CART (6) -> EXCHANGE_ONE (7)
2026-05-13 23:56:49 CartMove: Exchange 1, from 104
2026-05-13 23:56:49 CartMoveState: FROM_PROBE (19) -> FROM_CART (4)
2026-05-13 23:56:54 Setting CBS color valve (Finished): 0
2026-05-13 23:56:56 CartMoveState: FROM_CART (4) -> TO_MOVE (10)
2026-05-13 23:56:58 CartMoveState: TO_MOVE (10) -> EXCH_1_WAIT (14)
2026-05-13 23:56:58 Handler State: EXCHANGE_ONE (7) -> START_DCU (8)
2026-05-13 23:56:58 Handler State: START_DCU (8) -> EXCHANGE_TWO (9)
2026-05-13 23:56:58 CartMove: Exchange 2
2026-05-13 23:57:06 CartMoveState: EXCH_1_WAIT (14) -> EXCH_1_CART (15)
2026-05-13 23:57:09 CartMoveState: EXCH_1_CART (15) -> EXCH_2_MOVE (16)
2026-05-13 23:57:09 CartMoveState: EXCH_2_MOVE (16) -> EXCH_2_CART (17)
2026-05-13 23:57:11 CartMoveState: EXCH_2_CART (17) -> STORE_DECIDE (18)
2026-05-13 23:57:11 Used volume for last job: 259.333
2026-05-13 23:57:11 Handler State: EXCHANGE_TWO (9) -> WAIT_FOR_DCU (10)
2026-05-13 23:57:13 Handler State: WAIT_FOR_DCU (10) -> EXCHANGE_THREE (11)
2026-05-13 23:57:13 CartMove: Exchange 3
2026-05-13 23:57:13 CartMoveState: STORE_DECIDE (18) -> AUX_DECIDE (5)
2026-05-13 23:57:13 CartMoveState: AUX_DECIDE (5) -> TO_MOVE (10)
2026-05-13 23:57:14 CartMoveState: TO_MOVE (10) -> TO_CART (11)
2026-05-13 23:57:17 CartMoveState: TO_CART (11) -> HOME_MOVE (12)
2026-05-13 23:57:18 CartMoveState: HOME_MOVE (12) -> HALT (13)
2026-05-13 23:57:18 CartMoveState: HALT (13) -> IDLE (1)
2026-05-13 23:57:18 Handler State: EXCHANGE_THREE (11) -> POST_PROCESS (12)
2026-05-13 23:57:18 Handler State: POST_PROCESS (12) -> EMPTY_AUX (13)
2026-05-13 23:57:18 CartMove: Move, from 108 to 104
2026-05-13 23:57:18 CartMoveState: IDLE (1) -> FROM_MOVE (3)
2026-05-13 23:57:19 CartMoveState: FROM_MOVE (3) -> FROM_CART (4)
2026-05-13 23:57:22 CartMoveState: FROM_CART (4) -> AUX_DECIDE (5)
2026-05-13 23:57:22 CartMoveState: AUX_DECIDE (5) -> TO_MOVE (10)
2026-05-13 23:57:24 CartMoveState: TO_MOVE (10) -> TO_CART (11)
2026-05-13 23:57:26 CartMoveState: TO_CART (11) -> HOME_MOVE (12)
2026-05-13 23:57:27 CartMoveState: HOME_MOVE (12) -> HALT (13)
2026-05-13 23:57:27 CartMoveState: HALT (13) -> IDLE (1)
2026-05-13 23:57:27 Handler State: EMPTY_AUX (13) -> MOVE_ARM_HOME (14)
2026-05-13 23:57:27 Handler State: MOVE_ARM_HOME (14) -> HANDLER_IDLE (1)
2026-05-14 00:02:06 Handler State: HANDLER_IDLE (1) -> SEMI_START (15)
2026-05-14 00:02:06 Handler State: SEMI_START (15) -> SEMI_PROBE_CART (25)
2026-05-14 00:02:09 Handler State: SEMI_PROBE_CART (25) -> SEMI_PROCESS (16)
2026-05-14 00:02:46 Re-Calculated Filling Volume: 0
2026-05-14 00:02:53 Setting CBS color valve (Finished): 0
2026-05-14 00:02:53 Handler State: SEMI_PROCESS (16) -> SEMI_WHAT_NEXT (21)
2026-05-14 00:02:53 Handler State: SEMI_WHAT_NEXT (21) -> SEMI_FINISHED (23)
2026-05-14 00:02:54 Handler State: SEMI_FINISHED (23) -> HANDLER_IDLE (1)
2026-05-14 00:03:08 Handler State: HANDLER_IDLE (1) -> HANDLER_START (2)
2026-05-14 00:03:08 Handler State: HANDLER_START (2) -> DECIDE_CART (3)
2026-05-14 00:03:08 Selection: IFS is clean and its cartridge is cleaned.
2026-05-14 00:03:08 Selected Primary Cartridge: 1
2026-05-14 00:03:08 Selected Primary Station: 102
2026-05-14 00:03:08 Selected Secondary Cartridge: 0
2026-05-14 00:03:08 Selected Secondary Station: 0
2026-05-14 00:03:08 Selected Filling Volume: 504
2026-05-14 00:03:08 Handler State: DECIDE_CART (3) -> CHECK_SEC_CART (26)
2026-05-14 00:03:08 Handler State: CHECK_SEC_CART (26) -> PROBE_CART (24)
2026-05-14 00:03:08 CartMove: Exchange 1, from 102
2026-05-14 00:03:08 CartMoveState: IDLE (1) -> FROM_MOVE (3)
2026-05-14 00:03:09 CartMoveState: FROM_MOVE (3) -> FROM_PROBE (19)
2026-05-14 00:03:11 Handler State: PROBE_CART (24) -> PROCESS_CART (6)
2026-05-14 00:03:11 Setting CBS color valve (FillIFS): 1
2026-05-14 00:03:12 Primed volume (FillIFS): 4.87279
2026-05-14 00:03:12 Re-Calculated Filling Volume: 504
2026-05-14 00:03:12 Setting CBS color valve (FillCart): 1
2026-05-14 00:03:37 Handler State: PROCESS_CART (6) -> EXCHANGE_ONE (7)
2026-05-14 00:03:37 CartMove: Exchange 1, from 102
2026-05-14 00:03:37 CartMoveState: FROM_PROBE (19) -> FROM_CART (4)
2026-05-14 00:03:44 Setting CBS color valve (Finished): 0
2026-05-14 00:03:46 CartMoveState: FROM_CART (4) -> TO_MOVE (10)
2026-05-14 00:03:46 CartMoveState: TO_MOVE (10) -> EXCH_1_WAIT (14)
2026-05-14 00:03:46 Handler State: EXCHANGE_ONE (7) -> START_DCU (8)
2026-05-14 00:03:47 Handler State: START_DCU (8) -> EXCHANGE_TWO (9)
2026-05-14 00:03:47 CartMove: Exchange 2
2026-05-14 00:03:47 CartMoveState: EXCH_1_WAIT (14) -> EXCH_1_CART (15)
2026-05-14 00:03:49 CartMoveState: EXCH_1_CART (15) -> EXCH_2_MOVE (16)
2026-05-14 00:03:51 CartMoveState: EXCH_2_MOVE (16) -> EXCH_2_CART (17)
2026-05-14 00:03:52 CartMoveState: EXCH_2_CART (17) -> STORE_DECIDE (18)
2026-05-14 00:03:52 Used volume for last job: 497.427
2026-05-14 00:03:52 Handler State: EXCHANGE_TWO (9) -> WAIT_FOR_DCU (10)
2026-05-14 00:03:54 Handler State: WAIT_FOR_DCU (10) -> EXCHANGE_THREE (11)
2026-05-14 00:03:54 CartMove: Exchange 3
2026-05-14 00:03:54 CartMoveState: STORE_DECIDE (18) -> AUX_DECIDE (5)
2026-05-14 00:03:54 CartMoveState: AUX_DECIDE (5) -> TO_MOVE (10)
2026-05-14 00:03:56 CartMoveState: TO_MOVE (10) -> TO_CART (11)
2026-05-14 00:03:58 CartMoveState: TO_CART (11) -> HOME_MOVE (12)
2026-05-14 00:04:00 CartMoveState: HOME_MOVE (12) -> HALT (13)
2026-05-14 00:04:00 CartMoveState: HALT (13) -> IDLE (1)
2026-05-14 00:04:00 Handler State: EXCHANGE_THREE (11) -> POST_PROCESS (12)
2026-05-14 00:04:00 Handler State: POST_PROCESS (12) -> MOVE_ARM_HOME (14)
2026-05-14 00:04:00 Handler State: MOVE_ARM_HOME (14) -> HANDLER_IDLE (1)
2026-05-14 00:07:24 Handler State: HANDLER_IDLE (1) -> HANDLER_START (2)
2026-05-14 00:07:24 Handler State: HANDLER_START (2) -> DECIDE_CART (3)
2026-05-14 00:07:25 Selection: IFS has correct material.
2026-05-14 00:07:25 Selection: Cartridge has correct material.
2026-05-14 00:07:25 Selected Primary Cartridge: 6
2026-05-14 00:07:25 Selected Primary Station: 104
2026-05-14 00:07:25 Selected Secondary Cartridge: 0
2026-05-14 00:07:25 Selected Secondary Station: 0
2026-05-14 00:07:25 Selected Filling Volume: 551
2026-05-14 00:07:25 Handler State: DECIDE_CART (3) -> REMOVE_CART (4)
2026-05-14 00:07:25 CartMove: Move, from 104 to 108
2026-05-14 00:07:25 CartMoveState: IDLE (1) -> FROM_MOVE (3)
2026-05-14 00:07:25 CartMoveState: FROM_MOVE (3) -> FROM_CART (4)
2026-05-14 00:07:28 CartMoveState: FROM_CART (4) -> AUX_DECIDE (5)
2026-05-14 00:07:28 CartMoveState: AUX_DECIDE (5) -> TO_MOVE (10)
2026-05-14 00:07:30 CartMoveState: TO_MOVE (10) -> TO_CART (11)
2026-05-14 00:07:32 CartMoveState: TO_CART (11) -> HOME_MOVE (12)
2026-05-14 00:07:33 CartMoveState: HOME_MOVE (12) -> HALT (13)
2026-05-14 00:07:33 CartMoveState: HALT (13) -> IDLE (1)
2026-05-14 00:07:33 Handler State: REMOVE_CART (4) -> PLACE_CART (5)
2026-05-14 00:07:33 CartMove: Move, from 107 to 104
2026-05-14 00:07:33 CartMoveState: IDLE (1) -> FROM_MOVE (3)
2026-05-14 00:07:35 CartMoveState: FROM_MOVE (3) -> FROM_CART (4)
2026-05-14 00:07:37 CartMoveState: FROM_CART (4) -> AUX_DECIDE (5)
2026-05-14 00:07:37 CartMoveState: AUX_DECIDE (5) -> TO_MOVE (10)
2026-05-14 00:07:39 CartMoveState: TO_MOVE (10) -> TO_CART (11)
2026-05-14 00:07:41 CartMoveState: TO_CART (11) -> HOME_MOVE (12)
2026-05-14 00:07:42 CartMoveState: HOME_MOVE (12) -> HALT (13)
2026-05-14 00:07:42 CartMoveState: HALT (13) -> IDLE (1)
2026-05-14 00:07:42 Handler State: PLACE_CART (5) -> CHECK_SEC_CART (26)
2026-05-14 00:07:42 Handler State: CHECK_SEC_CART (26) -> PROBE_CART (24)
2026-05-14 00:07:42 CartMove: Exchange 1, from 104
2026-05-14 00:07:42 CartMoveState: IDLE (1) -> FROM_MOVE (3)
2026-05-14 00:07:43 CartMoveState: FROM_MOVE (3) -> FROM_PROBE (19)
2026-05-14 00:07:44 Handler State: PROBE_CART (24) -> PROCESS_CART (6)
2026-05-14 00:08:17 Setting CBS color valve (FillGate): 2
2026-05-14 00:08:18 Primed volume (FillGate): 1.49874
2026-05-14 00:08:18 Re-Calculated Filling Volume: 551
2026-05-14 00:08:18 Setting CBS color valve (FillCart): 2
2026-05-14 00:08:42 Handler State: PROCESS_CART (6) -> EXCHANGE_ONE (7)
2026-05-14 00:08:42 CartMove: Exchange 1, from 104
2026-05-14 00:08:42 CartMoveState: FROM_PROBE (19) -> FROM_CART (4)
2026-05-14 00:08:47 Setting CBS color valve (Finished): 0
2026-05-14 00:08:49 CartMoveState: FROM_CART (4) -> TO_MOVE (10)
2026-05-14 00:08:50 CartMoveState: TO_MOVE (10) -> EXCH_1_WAIT (14)
2026-05-14 00:08:50 Handler State: EXCHANGE_ONE (7) -> START_DCU (8)
2026-05-14 00:11:02 Handler State: START_DCU (8) -> EXCHANGE_TWO (9)
2026-05-14 00:11:02 CartMove: Exchange 2
2026-05-14 00:11:13 CartMoveState: EXCH_1_WAIT (14) -> EXCH_1_CART (15)
2026-05-14 00:11:16 CartMoveState: EXCH_1_CART (15) -> EXCH_2_MOVE (16)
2026-05-14 00:11:17 CartMoveState: EXCH_2_MOVE (16) -> EXCH_2_CART (17)
2026-05-14 00:11:19 CartMoveState: EXCH_2_CART (17) -> STORE_DECIDE (18)
2026-05-14 00:11:19 Used volume for last job: 450.204
2026-05-14 00:11:19 Handler State: EXCHANGE_TWO (9) -> WAIT_FOR_DCU (10)
2026-05-14 00:11:21 Handler State: WAIT_FOR_DCU (10) -> EXCHANGE_THREE (11)
2026-05-14 00:11:21 CartMove: Exchange 3
2026-05-14 00:11:21 CartMoveState: STORE_DECIDE (18) -> AUX_DECIDE (5)
2026-05-14 00:11:21 CartMoveState: AUX_DECIDE (5) -> TO_MOVE (10)
2026-05-14 00:11:21 CartMoveState: TO_MOVE (10) -> TO_CART (11)
2026-05-14 00:11:23 CartMoveState: TO_CART (11) -> HOME_MOVE (12)
2026-05-14 00:11:23 CartMoveState: HOME_MOVE (12) -> HALT (13)
2026-05-14 00:11:23 CartMoveState: HALT (13) -> IDLE (1)
2026-05-14 00:11:23 Handler State: EXCHANGE_THREE (11) -> POST_PROCESS (12)
2026-05-14 00:11:23 Handler State: POST_PROCESS (12) -> EMPTY_AUX (13)
2026-05-14 00:11:23 CartMove: Move, from 108 to 104
2026-05-14 00:11:23 CartMoveState: IDLE (1) -> FROM_MOVE (3)
2026-05-14 00:11:25 CartMoveState: FROM_MOVE (3) -> FROM_CART (4)
2026-05-14 00:11:27 CartMoveState: FROM_CART (4) -> AUX_DECIDE (5)
2026-05-14 00:11:27 CartMoveState: AUX_DECIDE (5) -> TO_MOVE (10)
2026-05-14 00:11:29 CartMoveState: TO_MOVE (10) -> TO_CART (11)
2026-05-14 00:11:31 CartMoveState: TO_CART (11) -> HOME_MOVE (12)
2026-05-14 00:11:32 CartMoveState: HOME_MOVE (12) -> HALT (13)
2026-05-14 00:11:32 CartMoveState: HALT (13) -> IDLE (1)
2026-05-14 00:11:32 Handler State: EMPTY_AUX (13) -> MOVE_ARM_HOME (14)
2026-05-14 00:11:32 Handler State: MOVE_ARM_HOME (14) -> HANDLER_IDLE (1)
2026-05-14 00:14:09 Handler State: HANDLER_IDLE (1) -> HANDLER_START (2)
2026-05-14 00:14:10 Handler State: HANDLER_START (2) -> DECIDE_CART (3)
2026-05-14 00:14:10 Selection: Last resort, just pick the first IFS.
2026-05-14 00:14:10 Selection: Cartridge is clean.
2026-05-14 00:14:10 Selected Primary Cartridge: 5
2026-05-14 00:14:10 Selected Primary Station: 103
2026-05-14 00:14:10 Selected Secondary Cartridge: 0
2026-05-14 00:14:10 Selected Secondary Station: 0
2026-05-14 00:14:10 Selected Filling Volume: 552
2026-05-14 00:14:10 Handler State: DECIDE_CART (3) -> REMOVE_CART (4)
2026-05-14 00:14:10 CartMove: Move, from 103 to 108
2026-05-14 00:14:10 CartMoveState: IDLE (1) -> FROM_MOVE (3)
2026-05-14 00:14:10 CartMoveState: FROM_MOVE (3) -> FROM_CART (4)
2026-05-14 00:14:13 CartMoveState: FROM_CART (4) -> AUX_DECIDE (5)
2026-05-14 00:14:13 CartMoveState: AUX_DECIDE (5) -> TO_MOVE (10)
2026-05-14 00:14:15 CartMoveState: TO_MOVE (10) -> TO_CART (11)
2026-05-14 00:14:17 CartMoveState: TO_CART (11) -> HOME_MOVE (12)
2026-05-14 00:14:19 CartMoveState: HOME_MOVE (12) -> HALT (13)
2026-05-14 00:14:19 CartMoveState: HALT (13) -> IDLE (1)
2026-05-14 00:14:19 Handler State: REMOVE_CART (4) -> PLACE_CART (5)
2026-05-14 00:14:19 CartMove: Move, from 106 to 103
2026-05-14 00:14:19 CartMoveState: IDLE (1) -> FROM_MOVE (3)
2026-05-14 00:14:20 CartMoveState: FROM_MOVE (3) -> FROM_CART (4)
2026-05-14 00:14:23 CartMoveState: FROM_CART (4) -> AUX_DECIDE (5)
2026-05-14 00:14:23 CartMoveState: AUX_DECIDE (5) -> TO_MOVE (10)
2026-05-14 00:14:24 CartMoveState: TO_MOVE (10) -> TO_CART (11)
2026-05-14 00:14:26 CartMoveState: TO_CART (11) -> HOME_MOVE (12)
2026-05-14 00:14:26 CartMoveState: HOME_MOVE (12) -> HALT (13)
2026-05-14 00:14:26 CartMoveState: HALT (13) -> IDLE (1)
2026-05-14 00:14:26 Handler State: PLACE_CART (5) -> CHECK_SEC_CART (26)
2026-05-14 00:14:26 Handler State: CHECK_SEC_CART (26) -> PROBE_CART (24)
2026-05-14 00:14:26 CartMove: Exchange 1, from 103
2026-05-14 00:14:26 CartMoveState: IDLE (1) -> FROM_MOVE (3)
2026-05-14 00:14:26 CartMoveState: FROM_MOVE (3) -> FROM_PROBE (19)
2026-05-14 00:14:28 Handler State: PROBE_CART (24) -> PROCESS_CART (6)
2026-05-14 00:14:53 Setting CBS color valve (FillIFS): 1
2026-05-14 00:14:55 Primed volume (FillIFS): 5.09449
2026-05-14 00:14:55 Re-Calculated Filling Volume: 552
2026-05-14 00:14:55 Setting CBS color valve (FillCart): 1
2026-05-14 00:15:16 Handler State: PROCESS_CART (6) -> EXCHANGE_ONE (7)
2026-05-14 00:15:16 CartMove: Exchange 1, from 103
2026-05-14 00:15:16 CartMoveState: FROM_PROBE (19) -> FROM_CART (4)
2026-05-14 00:15:22 Setting CBS color valve (Finished): 0
2026-05-14 00:15:23 CartMoveState: FROM_CART (4) -> TO_MOVE (10)
2026-05-14 00:15:25 CartMoveState: TO_MOVE (10) -> EXCH_1_WAIT (14)
2026-05-14 00:15:25 Handler State: EXCHANGE_ONE (7) -> START_DCU (8)
2026-05-14 00:18:23 Handler State: START_DCU (8) -> EXCHANGE_TWO (9)
2026-05-14 00:18:23 CartMove: Exchange 2
2026-05-14 00:18:34 CartMoveState: EXCH_1_WAIT (14) -> EXCH_1_CART (15)
2026-05-14 00:18:37 CartMoveState: EXCH_1_CART (15) -> EXCH_2_MOVE (16)
2026-05-14 00:18:38 CartMoveState: EXCH_2_MOVE (16) -> EXCH_2_CART (17)
2026-05-14 00:18:40 CartMoveState: EXCH_2_CART (17) -> STORE_DECIDE (18)
2026-05-14 00:18:40 Used volume for last job: 497.21
2026-05-14 00:18:40 Handler State: EXCHANGE_TWO (9) -> WAIT_FOR_DCU (10)
2026-05-14 00:18:41 Handler State: WAIT_FOR_DCU (10) -> EXCHANGE_THREE (11)
2026-05-14 00:18:41 CartMove: Exchange 3
2026-05-14 00:18:42 CartMoveState: STORE_DECIDE (18) -> AUX_DECIDE (5)
2026-05-14 00:18:42 CartMoveState: AUX_DECIDE (5) -> TO_MOVE (10)
2026-05-14 00:18:43 CartMoveState: TO_MOVE (10) -> TO_CART (11)
2026-05-14 00:18:45 CartMoveState: TO_CART (11) -> HOME_MOVE (12)
2026-05-14 00:18:47 CartMoveState: HOME_MOVE (12) -> HALT (13)
2026-05-14 00:18:47 CartMoveState: HALT (13) -> IDLE (1)
2026-05-14 00:18:47 Handler State: EXCHANGE_THREE (11) -> POST_PROCESS (12)
2026-05-14 00:18:47 Handler State: POST_PROCESS (12) -> EMPTY_AUX (13)
2026-05-14 00:18:47 CartMove: Move, from 108 to 103
2026-05-14 00:18:47 CartMoveState: IDLE (1) -> FROM_MOVE (3)
2026-05-14 00:18:49 CartMoveState: FROM_MOVE (3) -> FROM_CART (4)
2026-05-14 00:18:51 CartMoveState: FROM_CART (4) -> AUX_DECIDE (5)
2026-05-14 00:18:51 CartMoveState: AUX_DECIDE (5) -> TO_MOVE (10)
2026-05-14 00:18:53 CartMoveState: TO_MOVE (10) -> TO_CART (11)
2026-05-14 00:18:55 CartMoveState: TO_CART (11) -> HOME_MOVE (12)
2026-05-14 00:18:55 CartMoveState: HOME_MOVE (12) -> HALT (13)
2026-05-14 00:18:55 CartMoveState: HALT (13) -> IDLE (1)
2026-05-14 00:18:55 Handler State: EMPTY_AUX (13) -> MOVE_ARM_HOME (14)
2026-05-14 00:18:55 Handler State: MOVE_ARM_HOME (14) -> HANDLER_IDLE (1)
2026-05-14 00:19:29 Handler State: HANDLER_IDLE (1) -> HANDLER_START (2)
2026-05-14 00:19:30 Handler State: HANDLER_START (2) -> DECIDE_CART (3)
2026-05-14 00:19:30 Selection: Last resort, just pick the first IFS.
2026-05-14 00:19:30 Selection: Last resort, just pick the first cartridge.
2026-05-14 00:19:30 Selected Primary Cartridge: 1
2026-05-14 00:19:30 Selected Primary Station: 102
2026-05-14 00:19:30 Selected Secondary Cartridge: 0
2026-05-14 00:19:30 Selected Secondary Station: 0
2026-05-14 00:19:30 Selected Filling Volume: 522
2026-05-14 00:19:30 Handler State: DECIDE_CART (3) -> CHECK_SEC_CART (26)
2026-05-14 00:19:30 Handler State: CHECK_SEC_CART (26) -> PROBE_CART (24)
2026-05-14 00:19:30 CartMove: Exchange 1, from 102
2026-05-14 00:19:30 CartMoveState: IDLE (1) -> FROM_MOVE (3)
2026-05-14 00:19:31 CartMoveState: FROM_MOVE (3) -> FROM_PROBE (19)
2026-05-14 00:19:32 Handler State: PROBE_CART (24) -> PROCESS_CART (6)
2026-05-14 00:20:09 Setting CBS color valve (FillIFS): 2
2026-05-14 00:20:10 Primed volume (FillIFS): 4.83021
2026-05-14 00:20:10 Re-Calculated Filling Volume: 522
2026-05-14 00:20:10 Setting CBS color valve (FillCart): 2
2026-05-14 00:20:31 Handler State: PROCESS_CART (6) -> EXCHANGE_ONE (7)
2026-05-14 00:20:31 CartMove: Exchange 1, from 102
2026-05-14 00:20:31 CartMoveState: FROM_PROBE (19) -> FROM_CART (4)
2026-05-14 00:20:37 Setting CBS color valve (Finished): 0
2026-05-14 00:20:39 CartMoveState: FROM_CART (4) -> TO_MOVE (10)
2026-05-14 00:20:40 CartMoveState: TO_MOVE (10) -> EXCH_1_WAIT (14)
2026-05-14 00:20:40 Handler State: EXCHANGE_ONE (7) -> START_DCU (8)
2026-05-14 00:23:19 Handler State: START_DCU (8) -> EXCHANGE_TWO (9)
2026-05-14 00:23:19 CartMove: Exchange 2
2026-05-14 00:23:30 CartMoveState: EXCH_1_WAIT (14) -> EXCH_1_CART (15)
2026-05-14 00:23:33 CartMoveState: EXCH_1_CART (15) -> EXCH_2_MOVE (16)
2026-05-14 00:23:34 CartMoveState: EXCH_2_MOVE (16) -> EXCH_2_CART (17)
2026-05-14 00:23:36 CartMoveState: EXCH_2_CART (17) -> STORE_DECIDE (18)
2026-05-14 00:23:36 Used volume for last job: 498.006
2026-05-14 00:23:36 Handler State: EXCHANGE_TWO (9) -> WAIT_FOR_DCU (10)
2026-05-14 00:23:38 Handler State: WAIT_FOR_DCU (10) -> EXCHANGE_THREE (11)
2026-05-14 00:23:38 CartMove: Exchange 3
2026-05-14 00:23:38 CartMoveState: STORE_DECIDE (18) -> AUX_DECIDE (5)
2026-05-14 00:23:38 CartMoveState: AUX_DECIDE (5) -> TO_MOVE (10)
2026-05-14 00:23:39 CartMoveState: TO_MOVE (10) -> TO_CART (11)
2026-05-14 00:23:42 CartMoveState: TO_CART (11) -> HOME_MOVE (12)
2026-05-14 00:23:43 CartMoveState: HOME_MOVE (12) -> HALT (13)
2026-05-14 00:23:43 CartMoveState: HALT (13) -> IDLE (1)
2026-05-14 00:23:43 Handler State: EXCHANGE_THREE (11) -> POST_PROCESS (12)
2026-05-14 00:23:43 Handler State: POST_PROCESS (12) -> MOVE_ARM_HOME (14)
2026-05-14 00:23:43 Handler State: MOVE_ARM_HOME (14) -> HANDLER_IDLE (1)
2026-05-14 00:24:21 Handler State: HANDLER_IDLE (1) -> HANDLER_START (2)
2026-05-14 00:24:22 Handler State: HANDLER_START (2) -> DECIDE_CART (3)
2026-05-14 00:24:22 Selection: Last resort, just pick the first IFS.
2026-05-14 00:24:22 Selection: Cartridge has correct material.
2026-05-14 00:24:22 Selected Primary Cartridge: 3
2026-05-14 00:24:22 Selected Primary Station: 104
2026-05-14 00:24:22 Selected Secondary Cartridge: 0
2026-05-14 00:24:22 Selected Secondary Station: 0
2026-05-14 00:24:22 Selected Filling Volume: 640
2026-05-14 00:24:22 Handler State: DECIDE_CART (3) -> CHECK_SEC_CART (26)
2026-05-14 00:24:22 Handler State: CHECK_SEC_CART (26) -> PROBE_CART (24)
2026-05-14 00:24:22 CartMove: Exchange 1, from 104
2026-05-14 00:24:22 CartMoveState: IDLE (1) -> FROM_MOVE (3)
2026-05-14 00:24:22 CartMoveState: FROM_MOVE (3) -> FROM_PROBE (19)
2026-05-14 00:24:24 Handler State: PROBE_CART (24) -> PROCESS_CART (6)
2026-05-14 00:25:42 Setting CBS color valve (FillIFS): 1
2026-05-14 00:25:44 Primed volume (FillIFS): 4.88965
2026-05-14 00:25:44 Re-Calculated Filling Volume: 640
2026-05-14 00:25:44 Setting CBS color valve (FillCart): 1
2026-05-14 00:26:09 Handler State: PROCESS_CART (6) -> EXCHANGE_ONE (7)
2026-05-14 00:26:09 CartMove: Exchange 1, from 104
2026-05-14 00:26:09 CartMoveState: FROM_PROBE (19) -> FROM_CART (4)
2026-05-14 00:26:14 Setting CBS color valve (Finished): 0
2026-05-14 00:26:16 CartMoveState: FROM_CART (4) -> TO_MOVE (10)
2026-05-14 00:26:18 CartMoveState: TO_MOVE (10) -> EXCH_1_WAIT (14)
2026-05-14 00:26:18 Handler State: EXCHANGE_ONE (7) -> START_DCU (8)
2026-05-14 00:28:13 Handler State: START_DCU (8) -> EXCHANGE_TWO (9)
2026-05-14 00:28:13 CartMove: Exchange 2
2026-05-14 00:28:24 CartMoveState: EXCH_1_WAIT (14) -> EXCH_1_CART (15)
2026-05-14 00:28:27 CartMoveState: EXCH_1_CART (15) -> EXCH_2_MOVE (16)
2026-05-14 00:28:28 CartMoveState: EXCH_2_MOVE (16) -> EXCH_2_CART (17)
2026-05-14 00:28:30 CartMoveState: EXCH_2_CART (17) -> STORE_DECIDE (18)
2026-05-14 00:28:30 Used volume for last job: 469.59
2026-05-14 00:28:30 Handler State: EXCHANGE_TWO (9) -> WAIT_FOR_DCU (10)
2026-05-14 00:28:32 Handler State: WAIT_FOR_DCU (10) -> EXCHANGE_THREE (11)
2026-05-14 00:28:32 CartMove: Exchange 3
2026-05-14 00:28:32 CartMoveState: STORE_DECIDE (18) -> AUX_DECIDE (5)
2026-05-14 00:28:32 CartMoveState: AUX_DECIDE (5) -> TO_MOVE (10)
2026-05-14 00:28:32 CartMoveState: TO_MOVE (10) -> TO_CART (11)
2026-05-14 00:28:34 CartMoveState: TO_CART (11) -> HOME_MOVE (12)
2026-05-14 00:28:34 CartMoveState: HOME_MOVE (12) -> HALT (13)
2026-05-14 00:28:34 CartMoveState: HALT (13) -> IDLE (1)
2026-05-14 00:28:34 Handler State: EXCHANGE_THREE (11) -> POST_PROCESS (12)
2026-05-14 00:28:34 Handler State: POST_PROCESS (12) -> MOVE_ARM_HOME (14)
2026-05-14 00:28:34 Handler State: MOVE_ARM_HOME (14) -> HANDLER_IDLE (1)
2026-05-14 00:29:15 Handler State: HANDLER_IDLE (1) -> HANDLER_START (2)
2026-05-14 00:29:16 Handler State: HANDLER_START (2) -> DECIDE_CART (3)
2026-05-14 00:29:16 Selection: Last resort, just pick the first IFS.
2026-05-14 00:29:16 Selection: Last resort, just pick the first cartridge.
2026-05-14 00:29:16 Selected Primary Cartridge: 1
2026-05-14 00:29:16 Selected Primary Station: 102
2026-05-14 00:29:16 Selected Secondary Cartridge: 0
2026-05-14 00:29:16 Selected Secondary Station: 0
2026-05-14 00:29:16 Selected Filling Volume: 547
2026-05-14 00:29:16 Handler State: DECIDE_CART (3) -> CHECK_SEC_CART (26)
2026-05-14 00:29:16 Handler State: CHECK_SEC_CART (26) -> PROBE_CART (24)
2026-05-14 00:29:16 CartMove: Exchange 1, from 102
2026-05-14 00:29:16 CartMoveState: IDLE (1) -> FROM_MOVE (3)
2026-05-14 00:29:17 CartMoveState: FROM_MOVE (3) -> FROM_PROBE (19)
2026-05-14 00:29:19 Handler State: PROBE_CART (24) -> PROCESS_CART (6)
2026-05-14 00:29:55 Setting CBS color valve (FillIFS): 1
2026-05-14 00:29:56 Primed volume (FillIFS): 4.90675
2026-05-14 00:29:56 Re-Calculated Filling Volume: 547
2026-05-14 00:29:56 Setting CBS color valve (FillCart): 1
2026-05-14 00:30:18 Handler State: PROCESS_CART (6) -> EXCHANGE_ONE (7)
2026-05-14 00:30:18 CartMove: Exchange 1, from 102
2026-05-14 00:30:18 CartMoveState: FROM_PROBE (19) -> FROM_CART (4)
2026-05-14 00:30:25 Setting CBS color valve (Finished): 0
2026-05-14 00:30:27 CartMoveState: FROM_CART (4) -> TO_MOVE (10)
2026-05-14 00:30:27 CartMoveState: TO_MOVE (10) -> EXCH_1_WAIT (14)
2026-05-14 00:30:27 Handler State: EXCHANGE_ONE (7) -> START_DCU (8)
2026-05-14 00:31:52 Handler State: START_DCU (8) -> EXCHANGE_TWO (9)
2026-05-14 00:31:52 CartMove: Exchange 2
2026-05-14 00:32:03 CartMoveState: EXCH_1_WAIT (14) -> EXCH_1_CART (15)
2026-05-14 00:32:05 CartMoveState: EXCH_1_CART (15) -> EXCH_2_MOVE (16)
2026-05-14 00:32:07 CartMoveState: EXCH_2_MOVE (16) -> EXCH_2_CART (17)
2026-05-14 00:32:09 CartMoveState: EXCH_2_CART (17) -> STORE_DECIDE (18)
2026-05-14 00:32:09 Used volume for last job: 264.209
2026-05-14 00:32:09 Handler State: EXCHANGE_TWO (9) -> WAIT_FOR_DCU (10)
2026-05-14 00:32:10 Handler State: WAIT_FOR_DCU (10) -> EXCHANGE_THREE (11)
2026-05-14 00:32:10 CartMove: Exchange 3
2026-05-14 00:32:10 CartMoveState: STORE_DECIDE (18) -> AUX_DECIDE (5)
2026-05-14 00:32:10 CartMoveState: AUX_DECIDE (5) -> TO_MOVE (10)
2026-05-14 00:32:11 CartMoveState: TO_MOVE (10) -> TO_CART (11)
2026-05-14 00:32:13 CartMoveState: TO_CART (11) -> HOME_MOVE (12)
2026-05-14 00:32:15 CartMoveState: HOME_MOVE (12) -> HALT (13)
2026-05-14 00:32:15 CartMoveState: HALT (13) -> IDLE (1)
2026-05-14 00:32:15 Handler State: EXCHANGE_THREE (11) -> POST_PROCESS (12)
2026-05-14 00:32:15 Handler State: POST_PROCESS (12) -> MOVE_ARM_HOME (14)
2026-05-14 00:32:15 Handler State: MOVE_ARM_HOME (14) -> HANDLER_IDLE (1)
2026-05-14 00:37:05 Handler State: HANDLER_IDLE (1) -> SEMI_START (15)
2026-05-14 00:37:05 Handler State: SEMI_START (15) -> SEMI_PROBE_CART (25)
2026-05-14 00:37:08 Handler State: SEMI_PROBE_CART (25) -> SEMI_PROCESS (16)
2026-05-14 00:38:21 Re-Calculated Filling Volume: 0
2026-05-14 00:38:27 Setting CBS color valve (Finished): 0
2026-05-14 00:38:27 Handler State: SEMI_PROCESS (16) -> SEMI_WHAT_NEXT (21)
2026-05-14 00:38:27 Handler State: SEMI_WHAT_NEXT (21) -> SEMI_FINISHED (23)
2026-05-14 00:38:27 Handler State: SEMI_FINISHED (23) -> HANDLER_IDLE (1)
2026-05-14 00:43:19 Handler State: HANDLER_IDLE (1) -> HANDLER_START (2)
2026-05-14 00:43:20 Handler State: HANDLER_START (2) -> DECIDE_CART (3)
2026-05-14 00:43:20 Selection: IFS is clean and its cartridge is cleaned.
2026-05-14 00:43:20 Selected Primary Cartridge: 2
2026-05-14 00:43:20 Selected Primary Station: 103
2026-05-14 00:43:20 Selected Secondary Cartridge: 0
2026-05-14 00:43:20 Selected Secondary Station: 0
2026-05-14 00:43:20 Selected Filling Volume: 582
2026-05-14 00:43:20 Handler State: DECIDE_CART (3) -> CHECK_SEC_CART (26)
2026-05-14 00:43:20 Handler State: CHECK_SEC_CART (26) -> PROBE_CART (24)
2026-05-14 00:43:20 CartMove: Exchange 1, from 103
2026-05-14 00:43:20 CartMoveState: IDLE (1) -> FROM_MOVE (3)
2026-05-14 00:43:20 CartMoveState: FROM_MOVE (3) -> FROM_PROBE (19)
2026-05-14 00:43:22 Handler State: PROBE_CART (24) -> PROCESS_CART (6)
2026-05-14 00:43:22 Setting CBS color valve (FillIFS): 2
2026-05-14 00:43:23 Primed volume (FillIFS): 1.73246
2026-05-14 00:43:23 Re-Calculated Filling Volume: 582
2026-05-14 00:43:23 Setting CBS color valve (FillCart): 2
2026-05-14 00:43:46 Handler State: PROCESS_CART (6) -> EXCHANGE_ONE (7)
2026-05-14 00:43:46 CartMove: Exchange 1, from 103
2026-05-14 00:43:46 CartMoveState: FROM_PROBE (19) -> FROM_CART (4)
2026-05-14 00:43:51 Setting CBS color valve (Finished): 0
2026-05-14 00:43:53 CartMoveState: FROM_CART (4) -> TO_MOVE (10)
2026-05-14 00:43:55 CartMoveState: TO_MOVE (10) -> EXCH_1_WAIT (14)
2026-05-14 00:43:55 Handler State: EXCHANGE_ONE (7) -> START_DCU (8)
2026-05-14 00:43:55 Handler State: START_DCU (8) -> EXCHANGE_TWO (9)
2026-05-14 00:43:55 CartMove: Exchange 2
2026-05-14 00:43:55 CartMoveState: EXCH_1_WAIT (14) -> EXCH_1_CART (15)
2026-05-14 00:43:58 CartMoveState: EXCH_1_CART (15) -> EXCH_2_MOVE (16)
2026-05-14 00:43:59 CartMoveState: EXCH_2_MOVE (16) -> EXCH_2_CART (17)
2026-05-14 00:44:01 CartMoveState: EXCH_2_CART (17) -> STORE_DECIDE (18)
2026-05-14 00:44:01 Used volume for last job: 492.122
2026-05-14 00:44:01 Handler State: EXCHANGE_TWO (9) -> WAIT_FOR_DCU (10)
2026-05-14 00:44:02 Handler State: WAIT_FOR_DCU (10) -> EXCHANGE_THREE (11)
2026-05-14 00:44:02 CartMove: Exchange 3
2026-05-14 00:44:02 CartMoveState: STORE_DECIDE (18) -> AUX_DECIDE (5)
2026-05-14 00:44:03 CartMoveState: AUX_DECIDE (5) -> TO_MOVE (10)
2026-05-14 00:44:03 CartMoveState: TO_MOVE (10) -> TO_CART (11)
2026-05-14 00:44:05 CartMoveState: TO_CART (11) -> HOME_MOVE (12)
2026-05-14 00:44:05 CartMoveState: HOME_MOVE (12) -> HALT (13)
2026-05-14 00:44:05 CartMoveState: HALT (13) -> IDLE (1)
2026-05-14 00:44:05 Handler State: EXCHANGE_THREE (11) -> POST_PROCESS (12)
2026-05-14 00:44:05 Handler State: POST_PROCESS (12) -> MOVE_ARM_HOME (14)
2026-05-14 00:44:07 Handler State: MOVE_ARM_HOME (14) -> HANDLER_IDLE (1)
2026-05-14 00:44:17 Handler State: HANDLER_IDLE (1) -> HANDLER_START (2)
2026-05-14 00:44:18 Handler State: HANDLER_START (2) -> DECIDE_CART (3)
2026-05-14 00:44:18 Selection: Last resort, just pick the first IFS.
2026-05-14 00:44:18 Selection: Cartridge has correct material.
2026-05-14 00:44:18 Selected Primary Cartridge: 6
2026-05-14 00:44:18 Selected Primary Station: 104
2026-05-14 00:44:18 Selected Secondary Cartridge: 0
2026-05-14 00:44:18 Selected Secondary Station: 0
2026-05-14 00:44:18 Selected Filling Volume: 551
2026-05-14 00:44:18 Handler State: DECIDE_CART (3) -> REMOVE_CART (4)
2026-05-14 00:44:18 CartMove: Move, from 104 to 108
2026-05-14 00:44:18 CartMoveState: IDLE (1) -> FROM_MOVE (3)
2026-05-14 00:44:19 CartMoveState: FROM_MOVE (3) -> FROM_CART (4)
2026-05-14 00:44:22 CartMoveState: FROM_CART (4) -> AUX_DECIDE (5)
2026-05-14 00:44:22 CartMoveState: AUX_DECIDE (5) -> TO_MOVE (10)
2026-05-14 00:44:24 CartMoveState: TO_MOVE (10) -> TO_CART (11)
2026-05-14 00:44:26 CartMoveState: TO_CART (11) -> HOME_MOVE (12)
2026-05-14 00:44:27 CartMoveState: HOME_MOVE (12) -> HALT (13)
2026-05-14 00:44:27 CartMoveState: HALT (13) -> IDLE (1)
2026-05-14 00:44:27 Handler State: REMOVE_CART (4) -> PLACE_CART (5)
2026-05-14 00:44:27 CartMove: Move, from 107 to 104
2026-05-14 00:44:27 CartMoveState: IDLE (1) -> FROM_MOVE (3)
2026-05-14 00:44:29 CartMoveState: FROM_MOVE (3) -> FROM_CART (4)
2026-05-14 00:44:31 CartMoveState: FROM_CART (4) -> AUX_DECIDE (5)
2026-05-14 00:44:31 CartMoveState: AUX_DECIDE (5) -> TO_MOVE (10)
2026-05-14 00:44:33 CartMoveState: TO_MOVE (10) -> TO_CART (11)
2026-05-14 00:44:35 CartMoveState: TO_CART (11) -> HOME_MOVE (12)
2026-05-14 00:44:36 CartMoveState: HOME_MOVE (12) -> HALT (13)
2026-05-14 00:44:36 CartMoveState: HALT (13) -> IDLE (1)
2026-05-14 00:44:36 Handler State: PLACE_CART (5) -> CHECK_SEC_CART (26)
2026-05-14 00:44:36 Handler State: CHECK_SEC_CART (26) -> PROBE_CART (24)
2026-05-14 00:44:36 CartMove: Exchange 1, from 104
2026-05-14 00:44:36 CartMoveState: IDLE (1) -> FROM_MOVE (3)
2026-05-14 00:44:37 CartMoveState: FROM_MOVE (3) -> FROM_PROBE (19)
2026-05-14 00:44:38 Handler State: PROBE_CART (24) -> PROCESS_CART (6)
2026-05-14 00:45:12 Setting CBS color valve (FillIFS): 2
2026-05-14 00:45:14 Primed volume (FillIFS): 4.75806
2026-05-14 00:45:14 Re-Calculated Filling Volume: 551
2026-05-14 00:45:14 Setting CBS color valve (FillCart): 2
2026-05-14 00:45:37 Handler State: PROCESS_CART (6) -> EXCHANGE_ONE (7)
2026-05-14 00:45:37 CartMove: Exchange 1, from 104
2026-05-14 00:45:37 CartMoveState: FROM_PROBE (19) -> FROM_CART (4)
2026-05-14 00:45:43 Setting CBS color valve (Finished): 0
2026-05-14 00:45:45 CartMoveState: FROM_CART (4) -> TO_MOVE (10)
2026-05-14 00:45:46 CartMoveState: TO_MOVE (10) -> EXCH_1_WAIT (14)
2026-05-14 00:45:46 Handler State: EXCHANGE_ONE (7) -> START_DCU (8)
2026-05-14 00:48:24 Handler State: START_DCU (8) -> EXCHANGE_TWO (9)
2026-05-14 00:48:24 CartMove: Exchange 2
2026-05-14 00:48:35 CartMoveState: EXCH_1_WAIT (14) -> EXCH_1_CART (15)
2026-05-14 00:48:38 CartMoveState: EXCH_1_CART (15) -> EXCH_2_MOVE (16)
2026-05-14 00:48:39 CartMoveState: EXCH_2_MOVE (16) -> EXCH_2_CART (17)
2026-05-14 00:48:41 CartMoveState: EXCH_2_CART (17) -> STORE_DECIDE (18)
2026-05-14 00:48:41 Used volume for last job: 528.817
2026-05-14 00:48:41 Handler State: EXCHANGE_TWO (9) -> WAIT_FOR_DCU (10)
2026-05-14 00:48:43 Handler State: WAIT_FOR_DCU (10) -> EXCHANGE_THREE (11)
2026-05-14 00:48:43 CartMove: Exchange 3
2026-05-14 00:48:43 CartMoveState: STORE_DECIDE (18) -> AUX_DECIDE (5)
2026-05-14 00:48:43 CartMoveState: AUX_DECIDE (5) -> TO_MOVE (10)
2026-05-14 00:48:44 CartMoveState: TO_MOVE (10) -> TO_CART (11)
2026-05-14 00:48:46 CartMoveState: TO_CART (11) -> HOME_MOVE (12)
2026-05-14 00:48:47 CartMoveState: HOME_MOVE (12) -> HALT (13)
2026-05-14 00:48:47 CartMoveState: HALT (13) -> IDLE (1)
2026-05-14 00:48:47 Handler State: EXCHANGE_THREE (11) -> POST_PROCESS (12)
2026-05-14 00:48:47 Handler State: POST_PROCESS (12) -> EMPTY_AUX (13)
2026-05-14 00:48:47 CartMove: Move, from 108 to 104
2026-05-14 00:48:47 CartMoveState: IDLE (1) -> FROM_MOVE (3)
2026-05-14 00:48:48 CartMoveState: FROM_MOVE (3) -> FROM_CART (4)
2026-05-14 00:48:51 CartMoveState: FROM_CART (4) -> AUX_DECIDE (5)
2026-05-14 00:48:51 CartMoveState: AUX_DECIDE (5) -> TO_MOVE (10)
2026-05-14 00:48:53 CartMoveState: TO_MOVE (10) -> TO_CART (11)
2026-05-14 00:48:55 CartMoveState: TO_CART (11) -> HOME_MOVE (12)
2026-05-14 00:48:56 CartMoveState: HOME_MOVE (12) -> HALT (13)
2026-05-14 00:48:56 CartMoveState: HALT (13) -> IDLE (1)
2026-05-14 00:48:56 Handler State: EMPTY_AUX (13) -> MOVE_ARM_HOME (14)
2026-05-14 00:48:56 Handler State: MOVE_ARM_HOME (14) -> HANDLER_IDLE (1)
2026-05-14 00:50:55 Handler State: HANDLER_IDLE (1) -> HANDLER_START (2)
2026-05-14 00:50:56 Handler State: HANDLER_START (2) -> DECIDE_CART (3)
2026-05-14 00:50:56 Selection: Last resort, just pick the first IFS.
2026-05-14 00:50:56 Selection: Last resort, just pick the first cartridge.
2026-05-14 00:50:56 Selected Primary Cartridge: 1
2026-05-14 00:50:56 Selected Primary Station: 102
2026-05-14 00:50:56 Selected Secondary Cartridge: 0
2026-05-14 00:50:56 Selected Secondary Station: 0
2026-05-14 00:50:56 Selected Filling Volume: 640
2026-05-14 00:50:56 Handler State: DECIDE_CART (3) -> CHECK_SEC_CART (26)
2026-05-14 00:50:56 Handler State: CHECK_SEC_CART (26) -> PROBE_CART (24)
2026-05-14 00:50:56 CartMove: Exchange 1, from 102
2026-05-14 00:50:56 CartMoveState: IDLE (1) -> FROM_MOVE (3)
2026-05-14 00:50:57 CartMoveState: FROM_MOVE (3) -> FROM_PROBE (19)
2026-05-14 00:50:59 Handler State: PROBE_CART (24) -> PROCESS_CART (6)
2026-05-14 00:51:35 Setting CBS color valve (FillIFS): 2
2026-05-14 00:51:37 Primed volume (FillIFS): 4.16144
2026-05-14 00:51:37 Re-Calculated Filling Volume: 640
2026-05-14 00:51:37 Setting CBS color valve (FillCart): 2
2026-05-14 00:51:59 Handler State: PROCESS_CART (6) -> EXCHANGE_ONE (7)
2026-05-14 00:51:59 CartMove: Exchange 1, from 102
2026-05-14 00:51:59 CartMoveState: FROM_PROBE (19) -> FROM_CART (4)
2026-05-14 00:52:06 Setting CBS color valve (Finished): 0
2026-05-14 00:52:08 CartMoveState: FROM_CART (4) -> TO_MOVE (10)
2026-05-14 00:52:09 CartMoveState: TO_MOVE (10) -> EXCH_1_WAIT (14)
2026-05-14 00:52:09 Handler State: EXCHANGE_ONE (7) -> START_DCU (8)
2026-05-14 00:53:22 Handler State: START_DCU (8) -> EXCHANGE_TWO (9)
2026-05-14 00:53:22 CartMove: Exchange 2
2026-05-14 00:53:33 CartMoveState: EXCH_1_WAIT (14) -> EXCH_1_CART (15)
2026-05-14 00:53:36 CartMoveState: EXCH_1_CART (15) -> EXCH_2_MOVE (16)
2026-05-14 00:53:36 CartMoveState: EXCH_2_MOVE (16) -> EXCH_2_CART (17)
2026-05-14 00:53:38 CartMoveState: EXCH_2_CART (17) -> STORE_DECIDE (18)
2026-05-14 00:53:38 Used volume for last job: 497.624
2026-05-14 00:53:38 Handler State: EXCHANGE_TWO (9) -> WAIT_FOR_DCU (10)
2026-05-14 00:53:40 Handler State: WAIT_FOR_DCU (10) -> EXCHANGE_THREE (11)
2026-05-14 00:53:40 CartMove: Exchange 3
2026-05-14 00:53:40 CartMoveState: STORE_DECIDE (18) -> AUX_DECIDE (5)
2026-05-14 00:53:40 CartMoveState: AUX_DECIDE (5) -> TO_MOVE (10)
2026-05-14 00:53:42 CartMoveState: TO_MOVE (10) -> TO_CART (11)
2026-05-14 00:53:44 CartMoveState: TO_CART (11) -> HOME_MOVE (12)
2026-05-14 00:53:45 CartMoveState: HOME_MOVE (12) -> HALT (13)
2026-05-14 00:53:45 CartMoveState: HALT (13) -> IDLE (1)
2026-05-14 00:53:45 Handler State: EXCHANGE_THREE (11) -> POST_PROCESS (12)
2026-05-14 00:53:45 Handler State: POST_PROCESS (12) -> MOVE_ARM_HOME (14)
2026-05-14 00:53:45 Handler State: MOVE_ARM_HOME (14) -> HANDLER_IDLE (1)
2026-05-14 00:57:33 Handler State: HANDLER_IDLE (1) -> SEMI_START (15)
2026-05-14 00:57:33 Handler State: SEMI_START (15) -> SEMI_TO_IFS (18)
2026-05-14 00:57:33 CartMove: Move, from 105 to 102
2026-05-14 00:57:33 CartMoveState: IDLE (1) -> FROM_MOVE (3)
2026-05-14 00:57:34 CartMoveState: FROM_MOVE (3) -> FROM_CART (4)
2026-05-14 00:57:37 CartMoveState: FROM_CART (4) -> AUX_DECIDE (5)
2026-05-14 00:57:37 CartMoveState: AUX_DECIDE (5) -> TO_MOVE (10)
2026-05-14 00:57:38 CartMoveState: TO_MOVE (10) -> TO_CART (11)
2026-05-14 00:57:40 CartMoveState: TO_CART (11) -> HOME_MOVE (12)
2026-05-14 00:57:41 CartMoveState: HOME_MOVE (12) -> HALT (13)
2026-05-14 00:57:41 CartMoveState: HALT (13) -> IDLE (1)
2026-05-14 00:57:41 Handler State: SEMI_TO_IFS (18) -> SEMI_PROBE_CART (25)
2026-05-14 00:57:44 Handler State: SEMI_PROBE_CART (25) -> SEMI_PROCESS (16)
2026-05-14 00:59:05 Re-Calculated Filling Volume: 0
2026-05-14 00:59:12 Setting CBS color valve (Finished): 0
2026-05-14 00:59:12 Handler State: SEMI_PROCESS (16) -> SEMI_FROM_IFS (20)
2026-05-14 00:59:12 CartMove: Move, from 102 to 105
2026-05-14 00:59:12 CartMoveState: IDLE (1) -> FROM_MOVE (3)
2026-05-14 00:59:12 CartMoveState: FROM_MOVE (3) -> FROM_CART (4)
2026-05-14 00:59:15 CartMoveState: FROM_CART (4) -> AUX_DECIDE (5)
2026-05-14 00:59:15 CartMoveState: AUX_DECIDE (5) -> TO_MOVE (10)
2026-05-14 00:59:16 CartMoveState: TO_MOVE (10) -> TO_CART (11)
2026-05-14 00:59:18 CartMoveState: TO_CART (11) -> HOME_MOVE (12)
2026-05-14 00:59:19 CartMoveState: HOME_MOVE (12) -> HALT (13)
2026-05-14 00:59:19 CartMoveState: HALT (13) -> IDLE (1)
2026-05-14 00:59:19 Handler State: SEMI_FROM_IFS (20) -> SEMI_WHAT_NEXT (21)
2026-05-14 00:59:19 Handler State: SEMI_WHAT_NEXT (21) -> SEMI_FINISHED (23)
2026-05-14 00:59:19 Handler State: SEMI_FINISHED (23) -> HANDLER_IDLE (1)
2026-05-14 01:03:15 Handler State: HANDLER_IDLE (1) -> SEMI_START (15)
2026-05-14 01:03:15 Handler State: SEMI_START (15) -> SEMI_PROBE_CART (25)
2026-05-14 01:03:18 Handler State: SEMI_PROBE_CART (25) -> SEMI_PROCESS (16)
2026-05-14 01:03:51 Re-Calculated Filling Volume: 0
2026-05-14 01:03:56 Setting CBS color valve (Finished): 0
2026-05-14 01:03:56 Handler State: SEMI_PROCESS (16) -> SEMI_WHAT_NEXT (21)
2026-05-14 01:03:56 Handler State: SEMI_WHAT_NEXT (21) -> SEMI_FINISHED (23)
2026-05-14 01:03:56 Handler State: SEMI_FINISHED (23) -> HANDLER_IDLE (1)
2026-05-14 01:09:08 Handler State: HANDLER_IDLE (1) -> HANDLER_START (2)
2026-05-14 01:09:09 Handler State: HANDLER_START (2) -> DECIDE_CART (3)
2026-05-14 01:09:09 Selection: IFS is clean.
2026-05-14 01:09:09 Selection: Cartridge is clean.
2026-05-14 01:09:09 Selected Primary Cartridge: 4
2026-05-14 01:09:09 Selected Primary Station: 102
2026-05-14 01:09:09 Selected Secondary Cartridge: 0
2026-05-14 01:09:09 Selected Secondary Station: 0
2026-05-14 01:09:09 Selected Filling Volume: 640
2026-05-14 01:09:09 Handler State: DECIDE_CART (3) -> PLACE_CART (5)
2026-05-14 01:09:09 CartMove: Move, from 105 to 102
2026-05-14 01:09:09 CartMoveState: IDLE (1) -> FROM_MOVE (3)
2026-05-14 01:09:10 CartMoveState: FROM_MOVE (3) -> FROM_CART (4)
2026-05-14 01:09:13 CartMoveState: FROM_CART (4) -> AUX_DECIDE (5)
2026-05-14 01:09:13 CartMoveState: AUX_DECIDE (5) -> TO_MOVE (10)
2026-05-14 01:09:15 CartMoveState: TO_MOVE (10) -> TO_CART (11)
2026-05-14 01:09:17 CartMoveState: TO_CART (11) -> HOME_MOVE (12)
2026-05-14 01:09:18 CartMoveState: HOME_MOVE (12) -> HALT (13)
2026-05-14 01:09:18 CartMoveState: HALT (13) -> IDLE (1)
2026-05-14 01:09:18 Handler State: PLACE_CART (5) -> CHECK_SEC_CART (26)
2026-05-14 01:09:18 Handler State: CHECK_SEC_CART (26) -> PROBE_CART (24)
2026-05-14 01:09:18 CartMove: Exchange 1, from 102
2026-05-14 01:09:18 CartMoveState: IDLE (1) -> FROM_MOVE (3)
2026-05-14 01:09:18 CartMoveState: FROM_MOVE (3) -> FROM_PROBE (19)
2026-05-14 01:09:20 Handler State: PROBE_CART (24) -> PROCESS_CART (6)
2026-05-14 01:09:20 Setting CBS color valve (FillIFS): 1
2026-05-14 01:09:22 Primed volume (FillIFS): 1.20363
2026-05-14 01:09:22 Re-Calculated Filling Volume: 640
2026-05-14 01:09:22 Setting CBS color valve (FillCart): 1
2026-05-14 01:09:45 Handler State: PROCESS_CART (6) -> EXCHANGE_ONE (7)
2026-05-14 01:09:45 CartMove: Exchange 1, from 102
2026-05-14 01:09:45 CartMoveState: FROM_PROBE (19) -> FROM_CART (4)
2026-05-14 01:09:52 Setting CBS color valve (Finished): 0
2026-05-14 01:09:54 CartMoveState: FROM_CART (4) -> TO_MOVE (10)
2026-05-14 01:09:54 CartMoveState: TO_MOVE (10) -> EXCH_1_WAIT (14)
2026-05-14 01:09:54 Handler State: EXCHANGE_ONE (7) -> START_DCU (8)
2026-05-14 01:09:55 Handler State: START_DCU (8) -> EXCHANGE_TWO (9)
2026-05-14 01:09:55 CartMove: Exchange 2
2026-05-14 01:09:55 CartMoveState: EXCH_1_WAIT (14) -> EXCH_1_CART (15)
2026-05-14 01:09:57 CartMoveState: EXCH_1_CART (15) -> EXCH_2_MOVE (16)
2026-05-14 01:09:59 CartMoveState: EXCH_2_MOVE (16) -> EXCH_2_CART (17)
2026-05-14 01:10:01 CartMoveState: EXCH_2_CART (17) -> STORE_DECIDE (18)
2026-05-14 01:10:01 Used volume for last job: 259.894
2026-05-14 01:10:01 Handler State: EXCHANGE_TWO (9) -> WAIT_FOR_DCU (10)
2026-05-14 01:10:02 Handler State: WAIT_FOR_DCU (10) -> EXCHANGE_THREE (11)
2026-05-14 01:10:02 CartMove: Exchange 3
2026-05-14 01:10:02 CartMoveState: STORE_DECIDE (18) -> AUX_DECIDE (5)
2026-05-14 01:10:02 CartMoveState: AUX_DECIDE (5) -> TO_MOVE (10)
2026-05-14 01:10:02 CartMoveState: TO_MOVE (10) -> TO_CART (11)
2026-05-14 01:10:05 CartMoveState: TO_CART (11) -> HOME_MOVE (12)
2026-05-14 01:10:05 CartMoveState: HOME_MOVE (12) -> HALT (13)
2026-05-14 01:10:05 CartMoveState: HALT (13) -> IDLE (1)
2026-05-14 01:10:05 Handler State: EXCHANGE_THREE (11) -> POST_PROCESS (12)
2026-05-14 01:10:05 Handler State: POST_PROCESS (12) -> MOVE_ARM_HOME (14)
2026-05-14 01:10:08 Handler State: MOVE_ARM_HOME (14) -> HANDLER_IDLE (1)
2026-05-14 01:14:07 Handler State: HANDLER_IDLE (1) -> HANDLER_START (2)
2026-05-14 01:14:07 Handler State: HANDLER_START (2) -> DECIDE_CART (3)
2026-05-14 01:14:08 Selection: Last resort, just pick the first IFS.
2026-05-14 01:14:08 Selection: Last resort, just pick the first cartridge.
2026-05-14 01:14:08 Selected Primary Cartridge: 1
2026-05-14 01:14:08 Selected Primary Station: 102
2026-05-14 01:14:08 Selected Secondary Cartridge: 0
2026-05-14 01:14:08 Selected Secondary Station: 0
2026-05-14 01:14:08 Selected Filling Volume: 631
2026-05-14 01:14:08 Handler State: DECIDE_CART (3) -> CHECK_SEC_CART (26)
2026-05-14 01:14:08 Handler State: CHECK_SEC_CART (26) -> PROBE_CART (24)
2026-05-14 01:14:08 CartMove: Exchange 1, from 102
2026-05-14 01:14:08 CartMoveState: IDLE (1) -> FROM_MOVE (3)
2026-05-14 01:14:08 CartMoveState: FROM_MOVE (3) -> FROM_PROBE (19)
2026-05-14 01:14:10 Handler State: PROBE_CART (24) -> PROCESS_CART (6)
2026-05-14 01:15:31 Setting CBS color valve (FillIFS): 2
2026-05-14 01:15:33 Primed volume (FillIFS): 4.92853
2026-05-14 01:15:33 Re-Calculated Filling Volume: 631
2026-05-14 01:15:33 Setting CBS color valve (FillCart): 2
2026-05-14 01:15:56 Handler State: PROCESS_CART (6) -> EXCHANGE_ONE (7)
2026-05-14 01:15:56 CartMove: Exchange 1, from 102
2026-05-14 01:15:56 CartMoveState: FROM_PROBE (19) -> FROM_CART (4)
2026-05-14 01:16:03 Setting CBS color valve (Finished): 0
2026-05-14 01:16:04 CartMoveState: FROM_CART (4) -> TO_MOVE (10)
2026-05-14 01:16:05 CartMoveState: TO_MOVE (10) -> EXCH_1_WAIT (14)
2026-05-14 01:16:05 Handler State: EXCHANGE_ONE (7) -> START_DCU (8)
2026-05-14 01:16:57 Handler State: START_DCU (8) -> EXCHANGE_TWO (9)
2026-05-14 01:16:57 CartMove: Exchange 2
2026-05-14 01:17:08 CartMoveState: EXCH_1_WAIT (14) -> EXCH_1_CART (15)
2026-05-14 01:17:11 CartMoveState: EXCH_1_CART (15) -> EXCH_2_MOVE (16)
2026-05-14 01:17:12 CartMoveState: EXCH_2_MOVE (16) -> EXCH_2_CART (17)
2026-05-14 01:17:14 CartMoveState: EXCH_2_CART (17) -> STORE_DECIDE (18)
2026-05-14 01:17:14 Used volume for last job: 275.591
2026-05-14 01:17:14 Handler State: EXCHANGE_TWO (9) -> WAIT_FOR_DCU (10)
2026-05-14 01:17:16 Handler State: WAIT_FOR_DCU (10) -> EXCHANGE_THREE (11)
2026-05-14 01:17:16 CartMove: Exchange 3
2026-05-14 01:17:16 CartMoveState: STORE_DECIDE (18) -> AUX_DECIDE (5)
2026-05-14 01:17:16 CartMoveState: AUX_DECIDE (5) -> TO_MOVE (10)
2026-05-14 01:17:16 CartMoveState: TO_MOVE (10) -> TO_CART (11)
2026-05-14 01:17:18 CartMoveState: TO_CART (11) -> HOME_MOVE (12)
2026-05-14 01:17:18 CartMoveState: HOME_MOVE (12) -> HALT (13)
2026-05-14 01:17:18 CartMoveState: HALT (13) -> IDLE (1)
2026-05-14 01:17:18 Handler State: EXCHANGE_THREE (11) -> POST_PROCESS (12)
2026-05-14 01:17:18 Handler State: POST_PROCESS (12) -> MOVE_ARM_HOME (14)
2026-05-14 01:17:18 Handler State: MOVE_ARM_HOME (14) -> HANDLER_IDLE (1)
2026-05-14 01:23:19 Handler State: HANDLER_IDLE (1) -> HANDLER_START (2)
2026-05-14 01:23:20 Handler State: HANDLER_START (2) -> DECIDE_CART (3)
2026-05-14 01:23:20 Selection: IFS is clean and its cartridge is cleaned.
2026-05-14 01:23:20 Selected Primary Cartridge: 2
2026-05-14 01:23:20 Selected Primary Station: 103
2026-05-14 01:23:20 Selected Secondary Cartridge: 0
2026-05-14 01:23:20 Selected Secondary Station: 0
2026-05-14 01:23:20 Selected Filling Volume: 640
2026-05-14 01:23:20 Handler State: DECIDE_CART (3) -> CHECK_SEC_CART (26)
2026-05-14 01:23:20 Handler State: CHECK_SEC_CART (26) -> PROBE_CART (24)
2026-05-14 01:23:20 CartMove: Exchange 1, from 103
2026-05-14 01:23:20 CartMoveState: IDLE (1) -> FROM_MOVE (3)
2026-05-14 01:23:20 CartMoveState: FROM_MOVE (3) -> FROM_PROBE (19)
2026-05-14 01:23:21 Handler State: PROBE_CART (24) -> PROCESS_CART (6)
2026-05-14 01:23:21 Setting CBS color valve (FillIFS): 1
2026-05-14 01:23:23 Primed volume (FillIFS): 1.9148
2026-05-14 01:23:23 Re-Calculated Filling Volume: 640
2026-05-14 01:23:23 Setting CBS color valve (FillCart): 1
2026-05-14 01:23:46 Handler State: PROCESS_CART (6) -> EXCHANGE_ONE (7)
2026-05-14 01:23:46 CartMove: Exchange 1, from 103
2026-05-14 01:23:46 CartMoveState: FROM_PROBE (19) -> FROM_CART (4)
2026-05-14 01:23:52 Setting CBS color valve (Finished): 0
2026-05-14 01:23:54 CartMoveState: FROM_CART (4) -> TO_MOVE (10)
2026-05-14 01:23:55 CartMoveState: TO_MOVE (10) -> EXCH_1_WAIT (14)
2026-05-14 01:23:55 Handler State: EXCHANGE_ONE (7) -> START_DCU (8)
2026-05-14 01:23:56 Handler State: START_DCU (8) -> EXCHANGE_TWO (9)
2026-05-14 01:23:56 CartMove: Exchange 2
2026-05-14 01:23:56 CartMoveState: EXCH_1_WAIT (14) -> EXCH_1_CART (15)
2026-05-14 01:23:58 CartMoveState: EXCH_1_CART (15) -> EXCH_2_MOVE (16)
2026-05-14 01:23:59 CartMoveState: EXCH_2_MOVE (16) -> EXCH_2_CART (17)
2026-05-14 01:24:01 CartMoveState: EXCH_2_CART (17) -> STORE_DECIDE (18)
2026-05-14 01:24:01 Used volume for last job: 577.642
2026-05-14 01:24:01 Handler State: EXCHANGE_TWO (9) -> WAIT_FOR_DCU (10)
2026-05-14 01:24:03 Handler State: WAIT_FOR_DCU (10) -> EXCHANGE_THREE (11)
2026-05-14 01:24:03 CartMove: Exchange 3
2026-05-14 01:24:03 CartMoveState: STORE_DECIDE (18) -> AUX_DECIDE (5)
2026-05-14 01:24:03 CartMoveState: AUX_DECIDE (5) -> TO_MOVE (10)
2026-05-14 01:24:05 CartMoveState: TO_MOVE (10) -> TO_CART (11)
2026-05-14 01:24:07 CartMoveState: TO_CART (11) -> HOME_MOVE (12)
2026-05-14 01:24:08 CartMoveState: HOME_MOVE (12) -> HALT (13)
2026-05-14 01:24:08 CartMoveState: HALT (13) -> IDLE (1)
2026-05-14 01:24:08 Handler State: EXCHANGE_THREE (11) -> POST_PROCESS (12)
2026-05-14 01:24:08 Handler State: POST_PROCESS (12) -> MOVE_ARM_HOME (14)
2026-05-14 01:24:09 Handler State: MOVE_ARM_HOME (14) -> HANDLER_IDLE (1)
2026-05-14 01:32:51 Handler State: HANDLER_IDLE (1) -> SEMI_START (15)
2026-05-14 01:32:51 Handler State: SEMI_START (15) -> SEMI_TO_IFS (18)
2026-05-14 01:32:51 CartMove: Move, from 106 to 103
2026-05-14 01:32:51 CartMoveState: IDLE (1) -> FROM_MOVE (3)
2026-05-14 01:32:52 CartMoveState: FROM_MOVE (3) -> FROM_CART (4)
2026-05-14 01:32:55 CartMoveState: FROM_CART (4) -> AUX_DECIDE (5)
2026-05-14 01:32:55 CartMoveState: AUX_DECIDE (5) -> TO_MOVE (10)
2026-05-14 01:32:57 CartMoveState: TO_MOVE (10) -> TO_CART (11)
2026-05-14 01:32:59 CartMoveState: TO_CART (11) -> HOME_MOVE (12)
2026-05-14 01:32:59 CartMoveState: HOME_MOVE (12) -> HALT (13)
2026-05-14 01:32:59 CartMoveState: HALT (13) -> IDLE (1)
2026-05-14 01:32:59 Handler State: SEMI_TO_IFS (18) -> SEMI_PROBE_CART (25)
2026-05-14 01:33:02 Handler State: SEMI_PROBE_CART (25) -> SEMI_PROCESS (16)
2026-05-14 01:33:34 Re-Calculated Filling Volume: 0
2026-05-14 01:33:40 Setting CBS color valve (Finished): 0
2026-05-14 01:33:40 Handler State: SEMI_PROCESS (16) -> SEMI_FROM_IFS (20)
2026-05-14 01:33:40 CartMove: Move, from 103 to 106
2026-05-14 01:33:40 CartMoveState: IDLE (1) -> FROM_MOVE (3)
2026-05-14 01:33:40 CartMoveState: FROM_MOVE (3) -> FROM_CART (4)
2026-05-14 01:33:43 CartMoveState: FROM_CART (4) -> AUX_DECIDE (5)
2026-05-14 01:33:43 CartMoveState: AUX_DECIDE (5) -> TO_MOVE (10)
2026-05-14 01:33:45 CartMoveState: TO_MOVE (10) -> TO_CART (11)
2026-05-14 01:33:47 CartMoveState: TO_CART (11) -> HOME_MOVE (12)
2026-05-14 01:33:48 CartMoveState: HOME_MOVE (12) -> HALT (13)
2026-05-14 01:33:48 CartMoveState: HALT (13) -> IDLE (1)
2026-05-14 01:33:48 Handler State: SEMI_FROM_IFS (20) -> SEMI_WHAT_NEXT (21)
2026-05-14 01:33:48 Handler State: SEMI_WHAT_NEXT (21) -> SEMI_FINISHED (23)
2026-05-14 01:33:48 Handler State: SEMI_FINISHED (23) -> HANDLER_IDLE (1)
2026-05-14 01:33:50 Handler State: HANDLER_IDLE (1) -> SEMI_START (15)
2026-05-14 01:33:50 Handler State: SEMI_START (15) -> SEMI_PROBE_CART (25)
2026-05-14 01:33:53 Handler State: SEMI_PROBE_CART (25) -> SEMI_PROCESS (16)
2026-05-14 01:35:13 Re-Calculated Filling Volume: 0
2026-05-14 01:35:20 Setting CBS color valve (Finished): 0
2026-05-14 01:35:20 Handler State: SEMI_PROCESS (16) -> SEMI_WHAT_NEXT (21)
2026-05-14 01:35:20 Handler State: SEMI_WHAT_NEXT (21) -> SEMI_FINISHED (23)
2026-05-14 01:35:20 Handler State: SEMI_FINISHED (23) -> HANDLER_IDLE (1)
2026-05-14 01:35:36 Handler State: HANDLER_IDLE (1) -> HANDLER_START (2)
2026-05-14 01:35:37 Handler State: HANDLER_START (2) -> DECIDE_CART (3)
2026-05-14 01:35:37 Selection: IFS is clean.
2026-05-14 01:35:37 Selection: Cartridge is clean.
2026-05-14 01:35:37 Selected Primary Cartridge: 5
2026-05-14 01:35:37 Selected Primary Station: 103
2026-05-14 01:35:37 Selected Secondary Cartridge: 0
2026-05-14 01:35:37 Selected Secondary Station: 0
2026-05-14 01:35:37 Selected Filling Volume: 479
2026-05-14 01:35:37 Handler State: DECIDE_CART (3) -> PLACE_CART (5)
2026-05-14 01:35:37 CartMove: Move, from 106 to 103
2026-05-14 01:35:37 CartMoveState: IDLE (1) -> FROM_MOVE (3)
2026-05-14 01:35:39 CartMoveState: FROM_MOVE (3) -> FROM_CART (4)
2026-05-14 01:35:41 CartMoveState: FROM_CART (4) -> AUX_DECIDE (5)
2026-05-14 01:35:41 CartMoveState: AUX_DECIDE (5) -> TO_MOVE (10)
2026-05-14 01:35:43 CartMoveState: TO_MOVE (10) -> TO_CART (11)
2026-05-14 01:35:45 CartMoveState: TO_CART (11) -> HOME_MOVE (12)
2026-05-14 01:35:45 CartMoveState: HOME_MOVE (12) -> HALT (13)
2026-05-14 01:35:45 CartMoveState: HALT (13) -> IDLE (1)
2026-05-14 01:35:45 Handler State: PLACE_CART (5) -> CHECK_SEC_CART (26)
2026-05-14 01:35:45 Handler State: CHECK_SEC_CART (26) -> PROBE_CART (24)
2026-05-14 01:35:45 CartMove: Exchange 1, from 103
2026-05-14 01:35:45 CartMoveState: IDLE (1) -> FROM_MOVE (3)
2026-05-14 01:35:45 CartMoveState: FROM_MOVE (3) -> FROM_PROBE (19)
2026-05-14 01:35:47 Handler State: PROBE_CART (24) -> PROCESS_CART (6)
2026-05-14 01:35:47 Setting CBS color valve (FillIFS): 2
2026-05-14 01:35:48 Primed volume (FillIFS): 4.82876
2026-05-14 01:35:48 Re-Calculated Filling Volume: 479
2026-05-14 01:35:48 Setting CBS color valve (FillCart): 2
2026-05-14 01:36:10 Handler State: PROCESS_CART (6) -> EXCHANGE_ONE (7)
2026-05-14 01:36:10 CartMove: Exchange 1, from 103
2026-05-14 01:36:10 CartMoveState: FROM_PROBE (19) -> FROM_CART (4)
2026-05-14 01:36:15 Setting CBS color valve (Finished): 0
2026-05-14 01:36:17 CartMoveState: FROM_CART (4) -> TO_MOVE (10)
2026-05-14 01:36:19 CartMoveState: TO_MOVE (10) -> EXCH_1_WAIT (14)
2026-05-14 01:36:19 Handler State: EXCHANGE_ONE (7) -> START_DCU (8)
2026-05-14 01:36:19 Handler State: START_DCU (8) -> EXCHANGE_TWO (9)
2026-05-14 01:36:19 CartMove: Exchange 2
2026-05-14 01:36:19 CartMoveState: EXCH_1_WAIT (14) -> EXCH_1_CART (15)
2026-05-14 01:36:22 CartMoveState: EXCH_1_CART (15) -> EXCH_2_MOVE (16)
2026-05-14 01:36:23 CartMoveState: EXCH_2_MOVE (16) -> EXCH_2_CART (17)
2026-05-14 01:36:25 CartMoveState: EXCH_2_CART (17) -> STORE_DECIDE (18)
2026-05-14 01:36:25 Used volume for last job: 313.722
2026-05-14 01:36:25 Handler State: EXCHANGE_TWO (9) -> WAIT_FOR_DCU (10)
2026-05-14 01:36:27 Handler State: WAIT_FOR_DCU (10) -> EXCHANGE_THREE (11)
2026-05-14 01:36:27 CartMove: Exchange 3
2026-05-14 01:36:27 CartMoveState: STORE_DECIDE (18) -> AUX_DECIDE (5)
2026-05-14 01:36:27 CartMoveState: AUX_DECIDE (5) -> TO_MOVE (10)
2026-05-14 01:36:27 CartMoveState: TO_MOVE (10) -> TO_CART (11)
2026-05-14 01:36:30 CartMoveState: TO_CART (11) -> HOME_MOVE (12)
2026-05-14 01:36:30 CartMoveState: HOME_MOVE (12) -> HALT (13)
2026-05-14 01:36:30 CartMoveState: HALT (13) -> IDLE (1)
2026-05-14 01:36:30 Handler State: EXCHANGE_THREE (11) -> POST_PROCESS (12)
2026-05-14 01:36:30 Handler State: POST_PROCESS (12) -> MOVE_ARM_HOME (14)
2026-05-14 01:36:30 Handler State: MOVE_ARM_HOME (14) -> HANDLER_IDLE (1)
2026-05-14 01:46:21 Handler State: HANDLER_IDLE (1) -> HANDLER_START (2)
2026-05-14 01:46:22 Handler State: HANDLER_START (2) -> DECIDE_CART (3)
2026-05-14 01:46:22 Selection: IFS is clean and its cartridge is cleaned.
2026-05-14 01:46:22 Selected Primary Cartridge: 4
2026-05-14 01:46:22 Selected Primary Station: 102
2026-05-14 01:46:22 Selected Secondary Cartridge: 0
2026-05-14 01:46:22 Selected Secondary Station: 0
2026-05-14 01:46:22 Selected Filling Volume: 640
2026-05-14 01:46:22 Handler State: DECIDE_CART (3) -> CHECK_SEC_CART (26)
2026-05-14 01:46:22 Handler State: CHECK_SEC_CART (26) -> PROBE_CART (24)
2026-05-14 01:46:22 CartMove: Exchange 1, from 102
2026-05-14 01:46:22 CartMoveState: IDLE (1) -> FROM_MOVE (3)
2026-05-14 01:46:22 CartMoveState: FROM_MOVE (3) -> FROM_PROBE (19)
2026-05-14 01:46:24 Handler State: PROBE_CART (24) -> PROCESS_CART (6)
2026-05-14 01:46:24 Setting CBS color valve (FillIFS): 1
2026-05-14 01:46:25 Primed volume (FillIFS): 1.87446
2026-05-14 01:46:25 Re-Calculated Filling Volume: 640
2026-05-14 01:46:25 Setting CBS color valve (FillCart): 1
2026-05-14 01:46:49 Handler State: PROCESS_CART (6) -> EXCHANGE_ONE (7)
2026-05-14 01:46:49 CartMove: Exchange 1, from 102
2026-05-14 01:46:49 CartMoveState: FROM_PROBE (19) -> FROM_CART (4)
2026-05-14 01:46:55 Setting CBS color valve (Finished): 0
2026-05-14 01:46:57 CartMoveState: FROM_CART (4) -> TO_MOVE (10)
2026-05-14 01:46:58 CartMoveState: TO_MOVE (10) -> EXCH_1_WAIT (14)
2026-05-14 01:46:58 Handler State: EXCHANGE_ONE (7) -> START_DCU (8)
2026-05-14 01:50:01 Handler State: START_DCU (8) -> EXCHANGE_TWO (9)
2026-05-14 01:50:01 CartMove: Exchange 2
2026-05-14 01:50:12 CartMoveState: EXCH_1_WAIT (14) -> EXCH_1_CART (15)
2026-05-14 01:50:15 CartMoveState: EXCH_1_CART (15) -> EXCH_2_MOVE (16)
2026-05-14 01:50:15 CartMoveState: EXCH_2_MOVE (16) -> EXCH_2_CART (17)
2026-05-14 01:50:17 CartMoveState: EXCH_2_CART (17) -> STORE_DECIDE (18)
2026-05-14 01:50:17 Used volume for last job: 424.43
2026-05-14 01:50:17 Handler State: EXCHANGE_TWO (9) -> WAIT_FOR_DCU (10)
2026-05-14 01:50:19 Handler State: WAIT_FOR_DCU (10) -> EXCHANGE_THREE (11)
2026-05-14 01:50:19 CartMove: Exchange 3
2026-05-14 01:50:19 CartMoveState: STORE_DECIDE (18) -> AUX_DECIDE (5)
2026-05-14 01:50:19 CartMoveState: AUX_DECIDE (5) -> TO_MOVE (10)
2026-05-14 01:50:21 CartMoveState: TO_MOVE (10) -> TO_CART (11)
2026-05-14 01:50:23 CartMoveState: TO_CART (11) -> HOME_MOVE (12)
2026-05-14 01:50:24 CartMoveState: HOME_MOVE (12) -> HALT (13)
2026-05-14 01:50:24 CartMoveState: HALT (13) -> IDLE (1)
2026-05-14 01:50:24 Handler State: EXCHANGE_THREE (11) -> POST_PROCESS (12)
2026-05-14 01:50:24 Handler State: POST_PROCESS (12) -> MOVE_ARM_HOME (14)
2026-05-14 01:50:24 Handler State: MOVE_ARM_HOME (14) -> HANDLER_IDLE (1)
2026-05-14 01:51:17 Handler State: HANDLER_IDLE (1) -> HANDLER_START (2)
2026-05-14 01:51:18 Handler State: HANDLER_START (2) -> DECIDE_CART (3)
2026-05-14 01:51:18 Selection: Last resort, just pick the first IFS.
2026-05-14 01:51:18 Selection: Last resort, just pick the first cartridge.
2026-05-14 01:51:18 Selected Primary Cartridge: 3
2026-05-14 01:51:18 Selected Primary Station: 104
2026-05-14 01:51:18 Selected Secondary Cartridge: 0
2026-05-14 01:51:18 Selected Secondary Station: 0
2026-05-14 01:51:18 Selected Filling Volume: 640
2026-05-14 01:51:18 Handler State: DECIDE_CART (3) -> CHECK_SEC_CART (26)
2026-05-14 01:51:18 Handler State: CHECK_SEC_CART (26) -> PROBE_CART (24)
2026-05-14 01:51:18 CartMove: Exchange 1, from 104
2026-05-14 01:51:18 CartMoveState: IDLE (1) -> FROM_MOVE (3)
2026-05-14 01:51:18 CartMoveState: FROM_MOVE (3) -> FROM_PROBE (19)
2026-05-14 01:51:20 Handler State: PROBE_CART (24) -> PROCESS_CART (6)
2026-05-14 01:52:38 Setting CBS color valve (FillIFS): 1
2026-05-14 01:52:39 Primed volume (FillIFS): 4.80272
2026-05-14 01:52:39 Re-Calculated Filling Volume: 640
2026-05-14 01:52:39 Setting CBS color valve (FillCart): 1
2026-05-14 01:53:01 Handler State: PROCESS_CART (6) -> EXCHANGE_ONE (7)
2026-05-14 01:53:01 CartMove: Exchange 1, from 104
2026-05-14 01:53:01 CartMoveState: FROM_PROBE (19) -> FROM_CART (4)
2026-05-14 01:53:07 Setting CBS color valve (Finished): 0
2026-05-14 01:53:08 CartMoveState: FROM_CART (4) -> TO_MOVE (10)
2026-05-14 01:53:10 CartMoveState: TO_MOVE (10) -> EXCH_1_WAIT (14)
2026-05-14 01:53:10 Handler State: EXCHANGE_ONE (7) -> START_DCU (8)
2026-05-14 01:54:34 Handler State: START_DCU (8) -> EXCHANGE_TWO (9)
2026-05-14 01:54:34 CartMove: Exchange 2
2026-05-14 01:54:45 CartMoveState: EXCH_1_WAIT (14) -> EXCH_1_CART (15)
2026-05-14 01:54:47 CartMoveState: EXCH_1_CART (15) -> EXCH_2_MOVE (16)
2026-05-14 01:54:48 CartMoveState: EXCH_2_MOVE (16) -> EXCH_2_CART (17)
2026-05-14 01:54:50 CartMoveState: EXCH_2_CART (17) -> STORE_DECIDE (18)
2026-05-14 01:54:50 Used volume for last job: 259.956
2026-05-14 01:54:50 Handler State: EXCHANGE_TWO (9) -> WAIT_FOR_DCU (10)
2026-05-14 01:54:52 Handler State: WAIT_FOR_DCU (10) -> EXCHANGE_THREE (11)
2026-05-14 01:54:52 CartMove: Exchange 3
2026-05-14 01:54:52 CartMoveState: STORE_DECIDE (18) -> AUX_DECIDE (5)
2026-05-14 01:54:52 CartMoveState: AUX_DECIDE (5) -> TO_MOVE (10)
2026-05-14 01:54:52 CartMoveState: TO_MOVE (10) -> TO_CART (11)
2026-05-14 01:54:54 CartMoveState: TO_CART (11) -> HOME_MOVE (12)
2026-05-14 01:54:54 CartMoveState: HOME_MOVE (12) -> HALT (13)
2026-05-14 01:54:54 CartMoveState: HALT (13) -> IDLE (1)
2026-05-14 01:54:54 Handler State: EXCHANGE_THREE (11) -> POST_PROCESS (12)
2026-05-14 01:54:54 Handler State: POST_PROCESS (12) -> MOVE_ARM_HOME (14)
2026-05-14 01:54:54 Handler State: MOVE_ARM_HOME (14) -> HANDLER_IDLE (1)
2026-05-14 02:00:31 Handler State: HANDLER_IDLE (1) -> SEMI_START (15)
2026-05-14 02:00:31 Handler State: SEMI_START (15) -> SEMI_TO_IFS (18)
2026-05-14 02:00:31 CartMove: Move, from 107 to 104
2026-05-14 02:00:31 CartMoveState: IDLE (1) -> FROM_MOVE (3)
2026-05-14 02:00:32 CartMoveState: FROM_MOVE (3) -> FROM_CART (4)
2026-05-14 02:00:35 CartMoveState: FROM_CART (4) -> AUX_DECIDE (5)
2026-05-14 02:00:35 CartMoveState: AUX_DECIDE (5) -> TO_MOVE (10)
2026-05-14 02:00:37 CartMoveState: TO_MOVE (10) -> TO_CART (11)
2026-05-14 02:00:39 CartMoveState: TO_CART (11) -> HOME_MOVE (12)
2026-05-14 02:00:40 CartMoveState: HOME_MOVE (12) -> HALT (13)
2026-05-14 02:00:40 CartMoveState: HALT (13) -> IDLE (1)
2026-05-14 02:00:40 Handler State: SEMI_TO_IFS (18) -> SEMI_PROBE_CART (25)
2026-05-14 02:00:43 Handler State: SEMI_PROBE_CART (25) -> SEMI_PROCESS (16)
2026-05-14 02:01:16 Re-Calculated Filling Volume: 0
2026-05-14 02:01:21 Setting CBS color valve (Finished): 0
2026-05-14 02:01:21 Handler State: SEMI_PROCESS (16) -> SEMI_FROM_IFS (20)
2026-05-14 02:01:21 CartMove: Move, from 104 to 107
2026-05-14 02:01:21 CartMoveState: IDLE (1) -> FROM_MOVE (3)
2026-05-14 02:01:21 CartMoveState: FROM_MOVE (3) -> FROM_CART (4)
2026-05-14 02:01:24 CartMoveState: FROM_CART (4) -> AUX_DECIDE (5)
2026-05-14 02:01:24 CartMoveState: AUX_DECIDE (5) -> TO_MOVE (10)
2026-05-14 02:01:26 CartMoveState: TO_MOVE (10) -> TO_CART (11)
2026-05-14 02:01:28 CartMoveState: TO_CART (11) -> HOME_MOVE (12)
2026-05-14 02:01:29 CartMoveState: HOME_MOVE (12) -> HALT (13)
2026-05-14 02:01:29 CartMoveState: HALT (13) -> IDLE (1)
2026-05-14 02:01:29 Handler State: SEMI_FROM_IFS (20) -> SEMI_WHAT_NEXT (21)
2026-05-14 02:01:29 Handler State: SEMI_WHAT_NEXT (21) -> SEMI_FINISHED (23)
2026-05-14 02:01:29 Handler State: SEMI_FINISHED (23) -> HANDLER_IDLE (1)
2026-05-14 02:01:31 Handler State: HANDLER_IDLE (1) -> HANDLER_START (2)
2026-05-14 02:01:32 Handler State: HANDLER_START (2) -> DECIDE_CART (3)
2026-05-14 02:01:32 Selection: IFS is clean.
2026-05-14 02:01:32 Selection: Cartridge is clean.
2026-05-14 02:01:32 Selected Primary Cartridge: 6
2026-05-14 02:01:32 Selected Primary Station: 104
2026-05-14 02:01:32 Selected Secondary Cartridge: 0
2026-05-14 02:01:32 Selected Secondary Station: 0
2026-05-14 02:01:32 Selected Filling Volume: 562
2026-05-14 02:01:32 Handler State: DECIDE_CART (3) -> PLACE_CART (5)
2026-05-14 02:01:32 CartMove: Move, from 107 to 104
2026-05-14 02:01:32 CartMoveState: IDLE (1) -> FROM_MOVE (3)
2026-05-14 02:01:34 CartMoveState: FROM_MOVE (3) -> FROM_CART (4)
2026-05-14 02:01:36 CartMoveState: FROM_CART (4) -> AUX_DECIDE (5)
2026-05-14 02:01:36 CartMoveState: AUX_DECIDE (5) -> TO_MOVE (10)
2026-05-14 02:01:38 CartMoveState: TO_MOVE (10) -> TO_CART (11)
2026-05-14 02:01:40 CartMoveState: TO_CART (11) -> HOME_MOVE (12)
2026-05-14 02:01:41 CartMoveState: HOME_MOVE (12) -> HALT (13)
2026-05-14 02:01:41 CartMoveState: HALT (13) -> IDLE (1)
2026-05-14 02:01:41 Handler State: PLACE_CART (5) -> CHECK_SEC_CART (26)
2026-05-14 02:01:41 Handler State: CHECK_SEC_CART (26) -> PROBE_CART (24)
2026-05-14 02:01:41 CartMove: Exchange 1, from 104
2026-05-14 02:01:41 CartMoveState: IDLE (1) -> FROM_MOVE (3)
2026-05-14 02:01:42 CartMoveState: FROM_MOVE (3) -> FROM_PROBE (19)
2026-05-14 02:01:43 Handler State: PROBE_CART (24) -> PROCESS_CART (6)
2026-05-14 02:01:44 Setting CBS color valve (FillIFS): 2
2026-05-14 02:01:45 Primed volume (FillIFS): 5.12795
2026-05-14 02:01:45 Re-Calculated Filling Volume: 562
2026-05-14 02:01:45 Setting CBS color valve (FillCart): 2
2026-05-14 02:02:09 Handler State: PROCESS_CART (6) -> EXCHANGE_ONE (7)
2026-05-14 02:02:09 CartMove: Exchange 1, from 104
2026-05-14 02:02:09 CartMoveState: FROM_PROBE (19) -> FROM_CART (4)
2026-05-14 02:02:14 Setting CBS color valve (Finished): 0
2026-05-14 02:02:16 CartMoveState: FROM_CART (4) -> TO_MOVE (10)
2026-05-14 02:02:18 CartMoveState: TO_MOVE (10) -> EXCH_1_WAIT (14)
2026-05-14 02:02:18 Handler State: EXCHANGE_ONE (7) -> START_DCU (8)
2026-05-14 02:02:18 Handler State: START_DCU (8) -> EXCHANGE_TWO (9)
2026-05-14 02:02:18 CartMove: Exchange 2
2026-05-14 02:02:18 CartMoveState: EXCH_1_WAIT (14) -> EXCH_1_CART (15)
2026-05-14 02:02:21 CartMoveState: EXCH_1_CART (15) -> EXCH_2_MOVE (16)
2026-05-14 02:02:22 CartMoveState: EXCH_2_MOVE (16) -> EXCH_2_CART (17)
2026-05-14 02:02:24 CartMoveState: EXCH_2_CART (17) -> STORE_DECIDE (18)
2026-05-14 02:02:24 Used volume for last job: 263.799
2026-05-14 02:02:24 Handler State: EXCHANGE_TWO (9) -> WAIT_FOR_DCU (10)
2026-05-14 02:02:26 Handler State: WAIT_FOR_DCU (10) -> EXCHANGE_THREE (11)
2026-05-14 02:02:26 CartMove: Exchange 3
2026-05-14 02:02:26 CartMoveState: STORE_DECIDE (18) -> AUX_DECIDE (5)
2026-05-14 02:02:26 CartMoveState: AUX_DECIDE (5) -> TO_MOVE (10)
2026-05-14 02:02:27 CartMoveState: TO_MOVE (10) -> TO_CART (11)
2026-05-14 02:02:29 CartMoveState: TO_CART (11) -> HOME_MOVE (12)
2026-05-14 02:02:30 CartMoveState: HOME_MOVE (12) -> HALT (13)
2026-05-14 02:02:30 CartMoveState: HALT (13) -> IDLE (1)
2026-05-14 02:02:30 Handler State: EXCHANGE_THREE (11) -> POST_PROCESS (12)
2026-05-14 02:02:30 Handler State: POST_PROCESS (12) -> MOVE_ARM_HOME (14)
2026-05-14 02:02:30 Handler State: MOVE_ARM_HOME (14) -> HANDLER_IDLE (1)
2026-05-14 02:08:40 Handler State: HANDLER_IDLE (1) -> SEMI_START (15)
2026-05-14 02:08:40 Handler State: SEMI_START (15) -> SEMI_PROBE_CART (25)
2026-05-14 02:08:42 Handler State: SEMI_PROBE_CART (25) -> SEMI_PROCESS (16)
2026-05-14 02:09:53 Re-Calculated Filling Volume: 0
2026-05-14 02:09:58 Setting CBS color valve (Finished): 0
2026-05-14 02:09:58 Handler State: SEMI_PROCESS (16) -> SEMI_WHAT_NEXT (21)
2026-05-14 02:09:58 Handler State: SEMI_WHAT_NEXT (21) -> SEMI_FINISHED (23)
2026-05-14 02:09:58 Handler State: SEMI_FINISHED (23) -> HANDLER_IDLE (1)
2026-05-14 02:09:59 Handler State: HANDLER_IDLE (1) -> HANDLER_START (2)
2026-05-14 02:10:00 Handler State: HANDLER_START (2) -> DECIDE_CART (3)
2026-05-14 02:10:00 Selection: IFS is clean and its cartridge is cleaned.
2026-05-14 02:10:00 Selected Primary Cartridge: 2
2026-05-14 02:10:00 Selected Primary Station: 103
2026-05-14 02:10:00 Selected Secondary Cartridge: 0
2026-05-14 02:10:00 Selected Secondary Station: 0
2026-05-14 02:10:00 Selected Filling Volume: 640
2026-05-14 02:10:00 Handler State: DECIDE_CART (3) -> CHECK_SEC_CART (26)
2026-05-14 02:10:00 Handler State: CHECK_SEC_CART (26) -> PROBE_CART (24)
2026-05-14 02:10:00 CartMove: Exchange 1, from 103
2026-05-14 02:10:00 CartMoveState: IDLE (1) -> FROM_MOVE (3)
2026-05-14 02:10:00 CartMoveState: FROM_MOVE (3) -> FROM_PROBE (19)
2026-05-14 02:10:02 Handler State: PROBE_CART (24) -> PROCESS_CART (6)
2026-05-14 02:10:02 Setting CBS color valve (FillIFS): 1
2026-05-14 02:10:03 Primed volume (FillIFS): 4.24021
2026-05-14 02:10:03 Re-Calculated Filling Volume: 640
2026-05-14 02:10:03 Setting CBS color valve (FillCart): 1
2026-05-14 02:10:28 Handler State: PROCESS_CART (6) -> EXCHANGE_ONE (7)
2026-05-14 02:10:28 CartMove: Exchange 1, from 103
2026-05-14 02:10:28 CartMoveState: FROM_PROBE (19) -> FROM_CART (4)
2026-05-14 02:10:33 Setting CBS color valve (Finished): 0
2026-05-14 02:10:35 CartMoveState: FROM_CART (4) -> TO_MOVE (10)
2026-05-14 02:10:36 CartMoveState: TO_MOVE (10) -> EXCH_1_WAIT (14)
2026-05-14 02:10:36 Handler State: EXCHANGE_ONE (7) -> START_DCU (8)
2026-05-14 02:10:37 Handler State: START_DCU (8) -> EXCHANGE_TWO (9)
2026-05-14 02:10:37 CartMove: Exchange 2
2026-05-14 02:10:37 CartMoveState: EXCH_1_WAIT (14) -> EXCH_1_CART (15)
2026-05-14 02:10:39 CartMoveState: EXCH_1_CART (15) -> EXCH_2_MOVE (16)
2026-05-14 02:10:41 CartMoveState: EXCH_2_MOVE (16) -> EXCH_2_CART (17)
2026-05-14 02:10:43 CartMoveState: EXCH_2_CART (17) -> STORE_DECIDE (18)
2026-05-14 02:10:43 Used volume for last job: 508.339
2026-05-14 02:10:43 Handler State: EXCHANGE_TWO (9) -> WAIT_FOR_DCU (10)
2026-05-14 02:10:44 Handler State: WAIT_FOR_DCU (10) -> EXCHANGE_THREE (11)
2026-05-14 02:10:44 CartMove: Exchange 3
2026-05-14 02:10:44 CartMoveState: STORE_DECIDE (18) -> AUX_DECIDE (5)
2026-05-14 02:10:44 CartMoveState: AUX_DECIDE (5) -> TO_MOVE (10)
2026-05-14 02:10:46 CartMoveState: TO_MOVE (10) -> TO_CART (11)
2026-05-14 02:10:48 CartMoveState: TO_CART (11) -> HOME_MOVE (12)
2026-05-14 02:10:50 CartMoveState: HOME_MOVE (12) -> HALT (13)
2026-05-14 02:10:50 CartMoveState: HALT (13) -> IDLE (1)
2026-05-14 02:10:50 Handler State: EXCHANGE_THREE (11) -> POST_PROCESS (12)
2026-05-14 02:10:50 Handler State: POST_PROCESS (12) -> MOVE_ARM_HOME (14)
2026-05-14 02:10:50 Handler State: MOVE_ARM_HOME (14) -> HANDLER_IDLE (1)
2026-05-14 02:13:57 Handler State: HANDLER_IDLE (1) -> HANDLER_START (2)
2026-05-14 02:13:57 Handler State: HANDLER_START (2) -> DECIDE_CART (3)
2026-05-14 02:13:57 Selection: IFS has correct material and its cartridge has correct material.
2026-05-14 02:13:57 Selected Primary Cartridge: 4
2026-05-14 02:13:57 Selected Primary Station: 102
2026-05-14 02:13:57 Selected Secondary Cartridge: 0
2026-05-14 02:13:57 Selected Secondary Station: 0
2026-05-14 02:13:57 Selected Filling Volume: 520
2026-05-14 02:13:57 Handler State: DECIDE_CART (3) -> CHECK_SEC_CART (26)
2026-05-14 02:13:57 Handler State: CHECK_SEC_CART (26) -> PROBE_CART (24)
2026-05-14 02:13:57 CartMove: Exchange 1, from 102
2026-05-14 02:13:57 CartMoveState: IDLE (1) -> FROM_MOVE (3)
2026-05-14 02:13:58 CartMoveState: FROM_MOVE (3) -> FROM_PROBE (19)
2026-05-14 02:14:00 Handler State: PROBE_CART (24) -> PROCESS_CART (6)
2026-05-14 02:15:19 Setting CBS color valve (FillGate): 1
2026-05-14 02:15:20 Primed volume (FillGate): 0.888517
2026-05-14 02:15:20 Re-Calculated Filling Volume: 520
2026-05-14 02:15:20 Setting CBS color valve (FillCart): 1
2026-05-14 02:15:42 Handler State: PROCESS_CART (6) -> EXCHANGE_ONE (7)
2026-05-14 02:15:42 CartMove: Exchange 1, from 102
2026-05-14 02:15:42 CartMoveState: FROM_PROBE (19) -> FROM_CART (4)
2026-05-14 02:15:48 Setting CBS color valve (Finished): 0
2026-05-14 02:15:50 CartMoveState: FROM_CART (4) -> TO_MOVE (10)
2026-05-14 02:15:51 CartMoveState: TO_MOVE (10) -> EXCH_1_WAIT (14)
2026-05-14 02:15:51 Handler State: EXCHANGE_ONE (7) -> START_DCU (8)
2026-05-14 02:16:28 Handler State: START_DCU (8) -> EXCHANGE_TWO (9)
2026-05-14 02:16:28 CartMove: Exchange 2
2026-05-14 02:16:39 CartMoveState: EXCH_1_WAIT (14) -> EXCH_1_CART (15)
2026-05-14 02:16:42 CartMoveState: EXCH_1_CART (15) -> EXCH_2_MOVE (16)
2026-05-14 02:16:43 CartMoveState: EXCH_2_MOVE (16) -> EXCH_2_CART (17)
2026-05-14 02:16:45 CartMoveState: EXCH_2_CART (17) -> STORE_DECIDE (18)
2026-05-14 02:16:45 Used volume for last job: 298.153
2026-05-14 02:16:45 Handler State: EXCHANGE_TWO (9) -> WAIT_FOR_DCU (10)
2026-05-14 02:16:47 Handler State: WAIT_FOR_DCU (10) -> EXCHANGE_THREE (11)
2026-05-14 02:16:47 CartMove: Exchange 3
2026-05-14 02:16:47 CartMoveState: STORE_DECIDE (18) -> AUX_DECIDE (5)
2026-05-14 02:16:47 CartMoveState: AUX_DECIDE (5) -> TO_MOVE (10)
2026-05-14 02:16:47 CartMoveState: TO_MOVE (10) -> TO_CART (11)
2026-05-14 02:16:50 CartMoveState: TO_CART (11) -> HOME_MOVE (12)
2026-05-14 02:16:50 CartMoveState: HOME_MOVE (12) -> HALT (13)
2026-05-14 02:16:50 CartMoveState: HALT (13) -> IDLE (1)
2026-05-14 02:16:50 Handler State: EXCHANGE_THREE (11) -> POST_PROCESS (12)
2026-05-14 02:16:50 Handler State: POST_PROCESS (12) -> MOVE_ARM_HOME (14)
2026-05-14 02:16:50 Handler State: MOVE_ARM_HOME (14) -> HANDLER_IDLE (1)
2026-05-14 02:17:38 Handler State: HANDLER_IDLE (1) -> HANDLER_START (2)
2026-05-14 02:17:39 Handler State: HANDLER_START (2) -> DECIDE_CART (3)
2026-05-14 02:17:39 Selection: Last resort, just pick the first IFS.
2026-05-14 02:17:39 Selection: Last resort, just pick the first cartridge.
2026-05-14 02:17:39 Selected Primary Cartridge: 3
2026-05-14 02:17:39 Selected Primary Station: 104
2026-05-14 02:17:39 Selected Secondary Cartridge: 0
2026-05-14 02:17:39 Selected Secondary Station: 0
2026-05-14 02:17:39 Selected Filling Volume: 640
2026-05-14 02:17:39 Handler State: DECIDE_CART (3) -> CHECK_SEC_CART (26)
2026-05-14 02:17:39 Handler State: CHECK_SEC_CART (26) -> PROBE_CART (24)
2026-05-14 02:17:39 CartMove: Exchange 1, from 104
2026-05-14 02:17:39 CartMoveState: IDLE (1) -> FROM_MOVE (3)
2026-05-14 02:17:40 CartMoveState: FROM_MOVE (3) -> FROM_PROBE (19)
2026-05-14 02:17:42 Handler State: PROBE_CART (24) -> PROCESS_CART (6)
2026-05-14 02:19:00 Setting CBS color valve (FillIFS): 1
2026-05-14 02:19:01 Primed volume (FillIFS): 4.91148
2026-05-14 02:19:01 Re-Calculated Filling Volume: 640
2026-05-14 02:19:01 Setting CBS color valve (FillCart): 1
2026-05-14 02:19:26 Handler State: PROCESS_CART (6) -> EXCHANGE_ONE (7)
2026-05-14 02:19:26 CartMove: Exchange 1, from 104
2026-05-14 02:19:26 CartMoveState: FROM_PROBE (19) -> FROM_CART (4)
2026-05-14 02:19:32 Setting CBS color valve (Finished): 0
2026-05-14 02:19:33 CartMoveState: FROM_CART (4) -> TO_MOVE (10)
2026-05-14 02:19:35 CartMoveState: TO_MOVE (10) -> EXCH_1_WAIT (14)
2026-05-14 02:19:35 Handler State: EXCHANGE_ONE (7) -> START_DCU (8)
2026-05-14 02:21:24 Handler State: START_DCU (8) -> EXCHANGE_TWO (9)
2026-05-14 02:21:24 CartMove: Exchange 2
2026-05-14 02:21:35 CartMoveState: EXCH_1_WAIT (14) -> EXCH_1_CART (15)
2026-05-14 02:21:38 CartMoveState: EXCH_1_CART (15) -> EXCH_2_MOVE (16)
2026-05-14 02:21:39 CartMoveState: EXCH_2_MOVE (16) -> EXCH_2_CART (17)
2026-05-14 02:21:41 CartMoveState: EXCH_2_CART (17) -> STORE_DECIDE (18)
2026-05-14 02:21:41 Used volume for last job: 466.61
2026-05-14 02:21:41 Handler State: EXCHANGE_TWO (9) -> WAIT_FOR_DCU (10)
2026-05-14 02:21:43 Handler State: WAIT_FOR_DCU (10) -> EXCHANGE_THREE (11)
2026-05-14 02:21:43 CartMove: Exchange 3
2026-05-14 02:21:43 CartMoveState: STORE_DECIDE (18) -> AUX_DECIDE (5)
2026-05-14 02:21:43 CartMoveState: AUX_DECIDE (5) -> TO_MOVE (10)
2026-05-14 02:21:43 CartMoveState: TO_MOVE (10) -> TO_CART (11)
2026-05-14 02:21:45 CartMoveState: TO_CART (11) -> HOME_MOVE (12)
2026-05-14 02:21:45 CartMoveState: HOME_MOVE (12) -> HALT (13)
2026-05-14 02:21:45 CartMoveState: HALT (13) -> IDLE (1)
2026-05-14 02:21:45 Handler State: EXCHANGE_THREE (11) -> POST_PROCESS (12)
2026-05-14 02:21:45 Handler State: POST_PROCESS (12) -> MOVE_ARM_HOME (14)
2026-05-14 02:21:45 Handler State: MOVE_ARM_HOME (14) -> HANDLER_IDLE (1)
2026-05-14 02:25:08 Handler State: HANDLER_IDLE (1) -> HANDLER_START (2)
2026-05-14 02:25:08 Handler State: HANDLER_START (2) -> DECIDE_CART (3)
2026-05-14 02:25:08 Selection: Last resort, just pick the first IFS.
2026-05-14 02:25:08 Selection: Last resort, just pick the first cartridge.
2026-05-14 02:25:08 Selected Primary Cartridge: 2
2026-05-14 02:25:08 Selected Primary Station: 103
2026-05-14 02:25:08 Selected Secondary Cartridge: 0
2026-05-14 02:25:08 Selected Secondary Station: 0
2026-05-14 02:25:08 Selected Filling Volume: 562
2026-05-14 02:25:08 Handler State: DECIDE_CART (3) -> CHECK_SEC_CART (26)
2026-05-14 02:25:08 Handler State: CHECK_SEC_CART (26) -> PROBE_CART (24)
2026-05-14 02:25:08 CartMove: Exchange 1, from 103
2026-05-14 02:25:08 CartMoveState: IDLE (1) -> FROM_MOVE (3)
2026-05-14 02:25:09 CartMoveState: FROM_MOVE (3) -> FROM_PROBE (19)
2026-05-14 02:25:10 Handler State: PROBE_CART (24) -> PROCESS_CART (6)
2026-05-14 02:26:23 Setting CBS color valve (FillIFS): 2
2026-05-14 02:26:25 Primed volume (FillIFS): 4.60328
2026-05-14 02:26:25 Re-Calculated Filling Volume: 562
2026-05-14 02:26:25 Setting CBS color valve (FillCart): 2
2026-05-14 02:26:46 Handler State: PROCESS_CART (6) -> EXCHANGE_ONE (7)
2026-05-14 02:26:46 CartMove: Exchange 1, from 103
2026-05-14 02:26:46 CartMoveState: FROM_PROBE (19) -> FROM_CART (4)
2026-05-14 02:26:51 Setting CBS color valve (Finished): 0
2026-05-14 02:26:53 CartMoveState: FROM_CART (4) -> TO_MOVE (10)
2026-05-14 02:26:55 CartMoveState: TO_MOVE (10) -> EXCH_1_WAIT (14)
2026-05-14 02:26:55 Handler State: EXCHANGE_ONE (7) -> START_DCU (8)
2026-05-14 02:26:55 Handler State: START_DCU (8) -> EXCHANGE_TWO (9)
2026-05-14 02:26:55 CartMove: Exchange 2
2026-05-14 02:26:55 CartMoveState: EXCH_1_WAIT (14) -> EXCH_1_CART (15)
2026-05-14 02:26:58 CartMoveState: EXCH_1_CART (15) -> EXCH_2_MOVE (16)
2026-05-14 02:26:59 CartMoveState: EXCH_2_MOVE (16) -> EXCH_2_CART (17)
2026-05-14 02:27:01 CartMoveState: EXCH_2_CART (17) -> STORE_DECIDE (18)
2026-05-14 02:27:01 Used volume for last job: 264.197
2026-05-14 02:27:01 Handler State: EXCHANGE_TWO (9) -> WAIT_FOR_DCU (10)
2026-05-14 02:27:03 Handler State: WAIT_FOR_DCU (10) -> EXCHANGE_THREE (11)
2026-05-14 02:27:03 CartMove: Exchange 3
2026-05-14 02:27:03 CartMoveState: STORE_DECIDE (18) -> AUX_DECIDE (5)
2026-05-14 02:27:03 CartMoveState: AUX_DECIDE (5) -> TO_MOVE (10)
2026-05-14 02:27:03 CartMoveState: TO_MOVE (10) -> TO_CART (11)
2026-05-14 02:27:06 CartMoveState: TO_CART (11) -> HOME_MOVE (12)
2026-05-14 02:27:07 CartMoveState: HOME_MOVE (12) -> HALT (13)
2026-05-14 02:27:07 CartMoveState: HALT (13) -> IDLE (1)
2026-05-14 02:27:07 Handler State: EXCHANGE_THREE (11) -> POST_PROCESS (12)
2026-05-14 02:27:07 Handler State: POST_PROCESS (12) -> MOVE_ARM_HOME (14)
2026-05-14 02:27:07 Handler State: MOVE_ARM_HOME (14) -> HANDLER_IDLE (1)
2026-05-14 02:31:27 Handler State: HANDLER_IDLE (1) -> SEMI_START (15)
2026-05-14 02:31:27 Handler State: SEMI_START (15) -> SEMI_PROBE_CART (25)
2026-05-14 02:31:31 Handler State: SEMI_PROBE_CART (25) -> SEMI_PROCESS (16)
2026-05-14 02:32:48 Re-Calculated Filling Volume: 0
2026-05-14 02:32:54 Setting CBS color valve (Finished): 0
2026-05-14 02:32:54 Handler State: SEMI_PROCESS (16) -> SEMI_WHAT_NEXT (21)
2026-05-14 02:32:54 Handler State: SEMI_WHAT_NEXT (21) -> SEMI_FINISHED (23)
2026-05-14 02:32:54 Handler State: SEMI_FINISHED (23) -> HANDLER_IDLE (1)
2026-05-14 02:37:03 Handler State: HANDLER_IDLE (1) -> HANDLER_START (2)
2026-05-14 02:37:04 Handler State: HANDLER_START (2) -> DECIDE_CART (3)
2026-05-14 02:37:04 Selection: IFS is clean and its cartridge is cleaned.
2026-05-14 02:37:04 Selected Primary Cartridge: 3
2026-05-14 02:37:04 Selected Primary Station: 104
2026-05-14 02:37:04 Selected Secondary Cartridge: 0
2026-05-14 02:37:04 Selected Secondary Station: 0
2026-05-14 02:37:04 Selected Filling Volume: 562
2026-05-14 02:37:04 Handler State: DECIDE_CART (3) -> CHECK_SEC_CART (26)
2026-05-14 02:37:04 Handler State: CHECK_SEC_CART (26) -> PROBE_CART (24)
2026-05-14 02:37:04 CartMove: Exchange 1, from 104
2026-05-14 02:37:04 CartMoveState: IDLE (1) -> FROM_MOVE (3)
2026-05-14 02:37:05 CartMoveState: FROM_MOVE (3) -> FROM_PROBE (19)
2026-05-14 02:37:06 Handler State: PROBE_CART (24) -> PROCESS_CART (6)
2026-05-14 02:37:06 Setting CBS color valve (FillIFS): 2
2026-05-14 02:37:08 Primed volume (FillIFS): 1.57618
2026-05-14 02:37:08 Re-Calculated Filling Volume: 562
2026-05-14 02:37:08 Setting CBS color valve (FillCart): 2
2026-05-14 02:37:31 Handler State: PROCESS_CART (6) -> EXCHANGE_ONE (7)
2026-05-14 02:37:31 CartMove: Exchange 1, from 104
2026-05-14 02:37:31 CartMoveState: FROM_PROBE (19) -> FROM_CART (4)
2026-05-14 02:37:37 Setting CBS color valve (Finished): 0
2026-05-14 02:37:38 CartMoveState: FROM_CART (4) -> TO_MOVE (10)
2026-05-14 02:37:40 CartMoveState: TO_MOVE (10) -> EXCH_1_WAIT (14)
2026-05-14 02:37:40 Handler State: EXCHANGE_ONE (7) -> START_DCU (8)
2026-05-14 02:37:40 Handler State: START_DCU (8) -> EXCHANGE_TWO (9)
2026-05-14 02:37:40 CartMove: Exchange 2
2026-05-14 02:37:41 CartMoveState: EXCH_1_WAIT (14) -> EXCH_1_CART (15)
2026-05-14 02:37:43 CartMoveState: EXCH_1_CART (15) -> EXCH_2_MOVE (16)
2026-05-14 02:37:44 CartMoveState: EXCH_2_MOVE (16) -> EXCH_2_CART (17)
2026-05-14 02:37:46 CartMoveState: EXCH_2_CART (17) -> STORE_DECIDE (18)
2026-05-14 02:37:46 Used volume for last job: 508.464
2026-05-14 02:37:46 Handler State: EXCHANGE_TWO (9) -> WAIT_FOR_DCU (10)
2026-05-14 02:37:48 Handler State: WAIT_FOR_DCU (10) -> EXCHANGE_THREE (11)
2026-05-14 02:37:48 CartMove: Exchange 3
2026-05-14 02:37:48 CartMoveState: STORE_DECIDE (18) -> AUX_DECIDE (5)
2026-05-14 02:37:48 CartMoveState: AUX_DECIDE (5) -> TO_MOVE (10)
2026-05-14 02:37:49 CartMoveState: TO_MOVE (10) -> TO_CART (11)
2026-05-14 02:37:51 CartMoveState: TO_CART (11) -> HOME_MOVE (12)
2026-05-14 02:37:52 CartMoveState: HOME_MOVE (12) -> HALT (13)
2026-05-14 02:37:52 CartMoveState: HALT (13) -> IDLE (1)
2026-05-14 02:37:52 Handler State: EXCHANGE_THREE (11) -> POST_PROCESS (12)
2026-05-14 02:37:52 Handler State: POST_PROCESS (12) -> MOVE_ARM_HOME (14)
2026-05-14 02:37:52 Handler State: MOVE_ARM_HOME (14) -> HANDLER_IDLE (1)
2026-05-14 02:41:13 Handler State: HANDLER_IDLE (1) -> HANDLER_START (2)
2026-05-14 02:41:14 Handler State: HANDLER_START (2) -> DECIDE_CART (3)
2026-05-14 02:41:14 Selection: Last resort, just pick the first IFS.
2026-05-14 02:41:14 Selection: Last resort, just pick the first cartridge.
2026-05-14 02:41:14 Selected Primary Cartridge: 2
2026-05-14 02:41:14 Selected Primary Station: 103
2026-05-14 02:41:14 Selected Secondary Cartridge: 0
2026-05-14 02:41:14 Selected Secondary Station: 0
2026-05-14 02:41:14 Selected Filling Volume: 216
2026-05-14 02:41:14 Handler State: DECIDE_CART (3) -> CHECK_SEC_CART (26)
2026-05-14 02:41:14 Handler State: CHECK_SEC_CART (26) -> PROBE_CART (24)
2026-05-14 02:41:14 CartMove: Exchange 1, from 103
2026-05-14 02:41:14 CartMoveState: IDLE (1) -> FROM_MOVE (3)
2026-05-14 02:41:14 CartMoveState: FROM_MOVE (3) -> FROM_PROBE (19)
2026-05-14 02:41:15 Handler State: PROBE_CART (24) -> PROCESS_CART (6)
2026-05-14 02:41:48 Setting CBS color valve (FillIFS): 1
2026-05-14 02:41:50 Primed volume (FillIFS): 4.67298
2026-05-14 02:41:50 Re-Calculated Filling Volume: 216
2026-05-14 02:41:50 Setting CBS color valve (FillCart): 1
2026-05-14 02:42:04 Handler State: PROCESS_CART (6) -> EXCHANGE_ONE (7)
2026-05-14 02:42:04 CartMove: Exchange 1, from 103
2026-05-14 02:42:04 CartMoveState: FROM_PROBE (19) -> FROM_CART (4)
2026-05-14 02:42:09 Setting CBS color valve (Finished): 0
2026-05-14 02:42:11 CartMoveState: FROM_CART (4) -> TO_MOVE (10)
2026-05-14 02:42:12 CartMoveState: TO_MOVE (10) -> EXCH_1_WAIT (14)
2026-05-14 02:42:12 Handler State: EXCHANGE_ONE (7) -> START_DCU (8)
2026-05-14 02:44:54 Handler State: START_DCU (8) -> EXCHANGE_TWO (9)
2026-05-14 02:44:54 CartMove: Exchange 2
2026-05-14 02:45:05 CartMoveState: EXCH_1_WAIT (14) -> EXCH_1_CART (15)
2026-05-14 02:45:07 CartMoveState: EXCH_1_CART (15) -> EXCH_2_MOVE (16)
2026-05-14 02:45:08 CartMoveState: EXCH_2_MOVE (16) -> EXCH_2_CART (17)
2026-05-14 02:45:10 CartMoveState: EXCH_2_CART (17) -> STORE_DECIDE (18)
2026-05-14 02:45:10 Used volume for last job: 508.348
2026-05-14 02:45:10 Handler State: EXCHANGE_TWO (9) -> WAIT_FOR_DCU (10)
2026-05-14 02:45:12 Handler State: WAIT_FOR_DCU (10) -> EXCHANGE_THREE (11)
2026-05-14 02:45:12 CartMove: Exchange 3
2026-05-14 02:45:12 CartMoveState: STORE_DECIDE (18) -> AUX_DECIDE (5)
2026-05-14 02:45:12 CartMoveState: AUX_DECIDE (5) -> TO_MOVE (10)
2026-05-14 02:45:12 CartMoveState: TO_MOVE (10) -> TO_CART (11)
2026-05-14 02:45:15 CartMoveState: TO_CART (11) -> HOME_MOVE (12)
2026-05-14 02:45:16 CartMoveState: HOME_MOVE (12) -> HALT (13)
2026-05-14 02:45:16 CartMoveState: HALT (13) -> IDLE (1)
2026-05-14 02:45:16 Handler State: EXCHANGE_THREE (11) -> POST_PROCESS (12)
2026-05-14 02:45:16 Handler State: POST_PROCESS (12) -> MOVE_ARM_HOME (14)
2026-05-14 02:45:16 Handler State: MOVE_ARM_HOME (14) -> HANDLER_IDLE (1)
2026-05-14 02:46:05 Handler State: HANDLER_IDLE (1) -> HANDLER_START (2)
2026-05-14 02:46:06 Handler State: HANDLER_START (2) -> DECIDE_CART (3)
2026-05-14 02:46:06 Selection: Last resort, just pick the first IFS.
2026-05-14 02:46:06 Selection: Last resort, just pick the first cartridge.
2026-05-14 02:46:06 Selected Primary Cartridge: 1
2026-05-14 02:46:06 Selected Primary Station: 102
2026-05-14 02:46:06 Selected Secondary Cartridge: 0
2026-05-14 02:46:06 Selected Secondary Station: 0
2026-05-14 02:46:06 Selected Filling Volume: 640
2026-05-14 02:46:06 Handler State: DECIDE_CART (3) -> REMOVE_CART (4)
2026-05-14 02:46:06 CartMove: Move, from 102 to 108
2026-05-14 02:46:06 CartMoveState: IDLE (1) -> FROM_MOVE (3)
2026-05-14 02:46:06 CartMoveState: FROM_MOVE (3) -> FROM_CART (4)
2026-05-14 02:46:09 CartMoveState: FROM_CART (4) -> AUX_DECIDE (5)
2026-05-14 02:46:09 CartMoveState: AUX_DECIDE (5) -> TO_MOVE (10)
2026-05-14 02:46:11 CartMoveState: TO_MOVE (10) -> TO_CART (11)
2026-05-14 02:46:13 CartMoveState: TO_CART (11) -> HOME_MOVE (12)
2026-05-14 02:46:15 CartMoveState: HOME_MOVE (12) -> HALT (13)
2026-05-14 02:46:15 CartMoveState: HALT (13) -> IDLE (1)
2026-05-14 02:46:15 Handler State: REMOVE_CART (4) -> PLACE_CART (5)
2026-05-14 02:46:15 CartMove: Move, from 105 to 102
2026-05-14 02:46:15 CartMoveState: IDLE (1) -> FROM_MOVE (3)
2026-05-14 02:46:16 CartMoveState: FROM_MOVE (3) -> FROM_CART (4)
2026-05-14 02:46:19 CartMoveState: FROM_CART (4) -> AUX_DECIDE (5)
2026-05-14 02:46:19 CartMoveState: AUX_DECIDE (5) -> TO_MOVE (10)
2026-05-14 02:46:20 CartMoveState: TO_MOVE (10) -> TO_CART (11)
2026-05-14 02:46:22 CartMoveState: TO_CART (11) -> HOME_MOVE (12)
2026-05-14 02:46:23 CartMoveState: HOME_MOVE (12) -> HALT (13)
2026-05-14 02:46:23 CartMoveState: HALT (13) -> IDLE (1)
2026-05-14 02:46:23 Handler State: PLACE_CART (5) -> CHECK_SEC_CART (26)
2026-05-14 02:46:23 Handler State: CHECK_SEC_CART (26) -> PROBE_CART (24)
2026-05-14 02:46:23 CartMove: Exchange 1, from 102
2026-05-14 02:46:23 CartMoveState: IDLE (1) -> FROM_MOVE (3)
2026-05-14 02:46:24 CartMoveState: FROM_MOVE (3) -> FROM_PROBE (19)
2026-05-14 02:46:25 Handler State: PROBE_CART (24) -> PROCESS_CART (6)
2026-05-14 02:47:02 Setting CBS color valve (FillIFS): 1
2026-05-14 02:47:03 Primed volume (FillIFS): 4.71639
2026-05-14 02:47:03 Re-Calculated Filling Volume: 640
2026-05-14 02:47:03 Setting CBS color valve (FillCart): 1
2026-05-14 02:47:26 Handler State: PROCESS_CART (6) -> EXCHANGE_ONE (7)
2026-05-14 02:47:26 CartMove: Exchange 1, from 102
2026-05-14 02:47:26 CartMoveState: FROM_PROBE (19) -> FROM_CART (4)
2026-05-14 02:47:33 Setting CBS color valve (Finished): 0
2026-05-14 02:47:35 CartMoveState: FROM_CART (4) -> TO_MOVE (10)
2026-05-14 02:47:35 CartMoveState: TO_MOVE (10) -> EXCH_1_WAIT (14)
2026-05-14 02:47:35 Handler State: EXCHANGE_ONE (7) -> START_DCU (8)
2026-05-14 02:48:06 Handler State: START_DCU (8) -> EXCHANGE_TWO (9)
2026-05-14 02:48:06 CartMove: Exchange 2
2026-05-14 02:48:17 CartMoveState: EXCH_1_WAIT (14) -> EXCH_1_CART (15)
2026-05-14 02:48:19 CartMoveState: EXCH_1_CART (15) -> EXCH_2_MOVE (16)
2026-05-14 02:48:20 CartMoveState: EXCH_2_MOVE (16) -> EXCH_2_CART (17)
2026-05-14 02:48:22 CartMoveState: EXCH_2_CART (17) -> STORE_DECIDE (18)
2026-05-14 02:48:22 Used volume for last job: 166.153
2026-05-14 02:48:22 Handler State: EXCHANGE_TWO (9) -> WAIT_FOR_DCU (10)
2026-05-14 02:48:24 Handler State: WAIT_FOR_DCU (10) -> EXCHANGE_THREE (11)
2026-05-14 02:48:24 CartMove: Exchange 3
2026-05-14 02:48:24 CartMoveState: STORE_DECIDE (18) -> AUX_DECIDE (5)
2026-05-14 02:48:24 CartMoveState: AUX_DECIDE (5) -> TO_MOVE (10)
2026-05-14 02:48:25 CartMoveState: TO_MOVE (10) -> TO_CART (11)
2026-05-14 02:48:27 CartMoveState: TO_CART (11) -> HOME_MOVE (12)
2026-05-14 02:48:28 CartMoveState: HOME_MOVE (12) -> HALT (13)
2026-05-14 02:48:28 CartMoveState: HALT (13) -> IDLE (1)
2026-05-14 02:48:28 Handler State: EXCHANGE_THREE (11) -> POST_PROCESS (12)
2026-05-14 02:48:28 Handler State: POST_PROCESS (12) -> EMPTY_AUX (13)
2026-05-14 02:48:28 CartMove: Move, from 108 to 102
2026-05-14 02:48:28 CartMoveState: IDLE (1) -> FROM_MOVE (3)
2026-05-14 02:48:29 CartMoveState: FROM_MOVE (3) -> FROM_CART (4)
2026-05-14 02:48:32 CartMoveState: FROM_CART (4) -> AUX_DECIDE (5)
2026-05-14 02:48:32 CartMoveState: AUX_DECIDE (5) -> TO_MOVE (10)
2026-05-14 02:48:34 CartMoveState: TO_MOVE (10) -> TO_CART (11)
2026-05-14 02:48:36 CartMoveState: TO_CART (11) -> HOME_MOVE (12)
2026-05-14 02:48:36 CartMoveState: HOME_MOVE (12) -> HALT (13)
2026-05-14 02:48:36 CartMoveState: HALT (13) -> IDLE (1)
2026-05-14 02:48:36 Handler State: EMPTY_AUX (13) -> MOVE_ARM_HOME (14)
2026-05-14 02:48:37 Handler State: MOVE_ARM_HOME (14) -> HANDLER_IDLE (1)
2026-05-14 02:50:14 Handler State: HANDLER_IDLE (1) -> HANDLER_START (2)
2026-05-14 02:50:15 Handler State: HANDLER_START (2) -> DECIDE_CART (3)
2026-05-14 02:50:15 Selection: Last resort, just pick the first IFS.
2026-05-14 02:50:15 Selection: Last resort, just pick the first cartridge.
2026-05-14 02:50:15 Selected Primary Cartridge: 4
2026-05-14 02:50:15 Selected Primary Station: 102
2026-05-14 02:50:15 Selected Secondary Cartridge: 0
2026-05-14 02:50:15 Selected Secondary Station: 0
2026-05-14 02:50:15 Selected Filling Volume: 547
2026-05-14 02:50:15 Handler State: DECIDE_CART (3) -> CHECK_SEC_CART (26)
2026-05-14 02:50:15 Handler State: CHECK_SEC_CART (26) -> PROBE_CART (24)
2026-05-14 02:50:15 CartMove: Exchange 1, from 102
2026-05-14 02:50:15 CartMoveState: IDLE (1) -> FROM_MOVE (3)
2026-05-14 02:50:15 CartMoveState: FROM_MOVE (3) -> FROM_PROBE (19)
2026-05-14 02:50:17 Handler State: PROBE_CART (24) -> PROCESS_CART (6)
2026-05-14 02:50:54 Setting CBS color valve (FillIFS): 2
2026-05-14 02:50:55 Primed volume (FillIFS): 4.83954
2026-05-14 02:50:55 Re-Calculated Filling Volume: 547
2026-05-14 02:50:55 Setting CBS color valve (FillCart): 2
2026-05-14 02:51:15 Handler State: PROCESS_CART (6) -> EXCHANGE_ONE (7)
2026-05-14 02:51:15 CartMove: Exchange 1, from 102
2026-05-14 02:51:15 CartMoveState: FROM_PROBE (19) -> FROM_CART (4)
2026-05-14 02:51:22 Setting CBS color valve (Finished): 0
2026-05-14 02:51:24 CartMoveState: FROM_CART (4) -> TO_MOVE (10)
2026-05-14 02:51:25 CartMoveState: TO_MOVE (10) -> EXCH_1_WAIT (14)
2026-05-14 02:51:25 Handler State: EXCHANGE_ONE (7) -> START_DCU (8)
2026-05-14 02:53:06 Handler State: START_DCU (8) -> EXCHANGE_TWO (9)
2026-05-14 02:53:06 CartMove: Exchange 2
2026-05-14 02:53:17 CartMoveState: EXCH_1_WAIT (14) -> EXCH_1_CART (15)
2026-05-14 02:53:20 CartMoveState: EXCH_1_CART (15) -> EXCH_2_MOVE (16)
2026-05-14 02:53:21 CartMoveState: EXCH_2_MOVE (16) -> EXCH_2_CART (17)
2026-05-14 02:53:23 CartMoveState: EXCH_2_CART (17) -> STORE_DECIDE (18)
2026-05-14 02:53:23 Used volume for last job: 239.698
2026-05-14 02:53:23 Handler State: EXCHANGE_TWO (9) -> WAIT_FOR_DCU (10)
2026-05-14 02:53:25 Handler State: WAIT_FOR_DCU (10) -> EXCHANGE_THREE (11)
2026-05-14 02:53:25 CartMove: Exchange 3
2026-05-14 02:53:25 CartMoveState: STORE_DECIDE (18) -> AUX_DECIDE (5)
2026-05-14 02:53:25 CartMoveState: AUX_DECIDE (5) -> TO_MOVE (10)
2026-05-14 02:53:25 CartMoveState: TO_MOVE (10) -> TO_CART (11)
2026-05-14 02:53:27 CartMoveState: TO_CART (11) -> HOME_MOVE (12)
2026-05-14 02:53:27 CartMoveState: HOME_MOVE (12) -> HALT (13)
2026-05-14 02:53:27 CartMoveState: HALT (13) -> IDLE (1)
2026-05-14 02:53:27 Handler State: EXCHANGE_THREE (11) -> POST_PROCESS (12)
2026-05-14 02:53:27 Handler State: POST_PROCESS (12) -> MOVE_ARM_HOME (14)
2026-05-14 02:53:27 Handler State: MOVE_ARM_HOME (14) -> HANDLER_IDLE (1)
2026-05-14 02:59:48 Handler State: HANDLER_IDLE (1) -> SEMI_START (15)
2026-05-14 02:59:48 Handler State: SEMI_START (15) -> SEMI_PROBE_CART (25)
2026-05-14 02:59:51 Handler State: SEMI_PROBE_CART (25) -> SEMI_PROCESS (16)
2026-05-14 03:00:25 Re-Calculated Filling Volume: 0
2026-05-14 03:00:30 Setting CBS color valve (Finished): 0
2026-05-14 03:00:30 Handler State: SEMI_PROCESS (16) -> SEMI_WHAT_NEXT (21)
2026-05-14 03:00:30 Handler State: SEMI_WHAT_NEXT (21) -> SEMI_FINISHED (23)
2026-05-14 03:00:31 Handler State: SEMI_FINISHED (23) -> HANDLER_IDLE (1)
2026-05-14 03:00:32 Handler State: HANDLER_IDLE (1) -> HANDLER_START (2)
2026-05-14 03:00:33 Handler State: HANDLER_START (2) -> DECIDE_CART (3)
2026-05-14 03:00:33 Selection: IFS is clean and its cartridge is cleaned.
2026-05-14 03:00:33 Selected Primary Cartridge: 3
2026-05-14 03:00:33 Selected Primary Station: 104
2026-05-14 03:00:33 Selected Secondary Cartridge: 0
2026-05-14 03:00:33 Selected Secondary Station: 0
2026-05-14 03:00:33 Selected Filling Volume: 640
2026-05-14 03:00:33 Handler State: DECIDE_CART (3) -> CHECK_SEC_CART (26)
2026-05-14 03:00:33 Handler State: CHECK_SEC_CART (26) -> PROBE_CART (24)
2026-05-14 03:00:33 CartMove: Exchange 1, from 104
2026-05-14 03:00:33 CartMoveState: IDLE (1) -> FROM_MOVE (3)
2026-05-14 03:00:34 CartMoveState: FROM_MOVE (3) -> FROM_PROBE (19)
2026-05-14 03:00:35 Handler State: PROBE_CART (24) -> PROCESS_CART (6)
2026-05-14 03:00:35 Setting CBS color valve (FillIFS): 1
2026-05-14 03:00:37 Primed volume (FillIFS): 5.15067
2026-05-14 03:00:37 Re-Calculated Filling Volume: 640
2026-05-14 03:00:37 Setting CBS color valve (FillCart): 1
2026-05-14 03:01:01 Handler State: PROCESS_CART (6) -> EXCHANGE_ONE (7)
2026-05-14 03:01:01 CartMove: Exchange 1, from 104
2026-05-14 03:01:01 CartMoveState: FROM_PROBE (19) -> FROM_CART (4)
2026-05-14 03:01:06 Setting CBS color valve (Finished): 0
2026-05-14 03:01:08 CartMoveState: FROM_CART (4) -> TO_MOVE (10)
2026-05-14 03:01:10 CartMoveState: TO_MOVE (10) -> EXCH_1_WAIT (14)
2026-05-14 03:01:10 Handler State: EXCHANGE_ONE (7) -> START_DCU (8)
2026-05-14 03:01:10 Handler State: START_DCU (8) -> EXCHANGE_TWO (9)
2026-05-14 03:01:10 CartMove: Exchange 2
2026-05-14 03:01:10 CartMoveState: EXCH_1_WAIT (14) -> EXCH_1_CART (15)
2026-05-14 03:01:13 CartMoveState: EXCH_1_CART (15) -> EXCH_2_MOVE (16)
2026-05-14 03:01:14 CartMoveState: EXCH_2_MOVE (16) -> EXCH_2_CART (17)
2026-05-14 03:01:16 CartMoveState: EXCH_2_CART (17) -> STORE_DECIDE (18)
2026-05-14 03:01:16 Used volume for last job: 491.486
2026-05-14 03:01:16 Handler State: EXCHANGE_TWO (9) -> WAIT_FOR_DCU (10)
2026-05-14 03:01:17 Handler State: WAIT_FOR_DCU (10) -> EXCHANGE_THREE (11)
2026-05-14 03:01:17 CartMove: Exchange 3
2026-05-14 03:01:17 CartMoveState: STORE_DECIDE (18) -> AUX_DECIDE (5)
2026-05-14 03:01:17 CartMoveState: AUX_DECIDE (5) -> TO_MOVE (10)
2026-05-14 03:01:19 CartMoveState: TO_MOVE (10) -> TO_CART (11)
2026-05-14 03:01:21 CartMoveState: TO_CART (11) -> HOME_MOVE (12)
2026-05-14 03:01:22 CartMoveState: HOME_MOVE (12) -> HALT (13)
2026-05-14 03:01:22 CartMoveState: HALT (13) -> IDLE (1)
2026-05-14 03:01:22 Handler State: EXCHANGE_THREE (11) -> POST_PROCESS (12)
2026-05-14 03:01:22 Handler State: POST_PROCESS (12) -> MOVE_ARM_HOME (14)
2026-05-14 03:01:23 Handler State: MOVE_ARM_HOME (14) -> HANDLER_IDLE (1)
2026-05-14 03:04:31 Handler State: HANDLER_IDLE (1) -> SEMI_START (15)
2026-05-14 03:04:31 Handler State: SEMI_START (15) -> SEMI_PROBE_CART (25)
2026-05-14 03:04:33 Handler State: SEMI_PROBE_CART (25) -> SEMI_PROCESS (16)
2026-05-14 03:05:06 Re-Calculated Filling Volume: 0
2026-05-14 03:05:11 Setting CBS color valve (Finished): 0
2026-05-14 03:05:11 Handler State: SEMI_PROCESS (16) -> SEMI_WHAT_NEXT (21)
2026-05-14 03:05:11 Handler State: SEMI_WHAT_NEXT (21) -> SEMI_FINISHED (23)
2026-05-14 03:05:11 Handler State: SEMI_FINISHED (23) -> HANDLER_IDLE (1)
2026-05-14 03:05:32 Handler State: HANDLER_IDLE (1) -> HANDLER_START (2)
2026-05-14 03:05:33 Handler State: HANDLER_START (2) -> DECIDE_CART (3)
2026-05-14 03:05:33 Selection: IFS is clean and its cartridge is cleaned.
2026-05-14 03:05:33 Selected Primary Cartridge: 2
2026-05-14 03:05:33 Selected Primary Station: 103
2026-05-14 03:05:33 Selected Secondary Cartridge: 0
2026-05-14 03:05:33 Selected Secondary Station: 0
2026-05-14 03:05:33 Selected Filling Volume: 640
2026-05-14 03:05:33 Handler State: DECIDE_CART (3) -> CHECK_SEC_CART (26)
2026-05-14 03:05:33 Handler State: CHECK_SEC_CART (26) -> PROBE_CART (24)
2026-05-14 03:05:33 CartMove: Exchange 1, from 103
2026-05-14 03:05:33 CartMoveState: IDLE (1) -> FROM_MOVE (3)
2026-05-14 03:05:33 CartMoveState: FROM_MOVE (3) -> FROM_PROBE (19)
2026-05-14 03:05:35 Handler State: PROBE_CART (24) -> PROCESS_CART (6)
2026-05-14 03:05:35 Setting CBS color valve (FillIFS): 1
2026-05-14 03:05:36 Primed volume (FillIFS): 4.92798
2026-05-14 03:05:36 Re-Calculated Filling Volume: 640
2026-05-14 03:05:36 Setting CBS color valve (FillCart): 1
2026-05-14 03:05:59 Handler State: PROCESS_CART (6) -> EXCHANGE_ONE (7)
2026-05-14 03:05:59 CartMove: Exchange 1, from 103
2026-05-14 03:05:59 CartMoveState: FROM_PROBE (19) -> FROM_CART (4)
2026-05-14 03:06:05 Setting CBS color valve (Finished): 0
2026-05-14 03:06:06 CartMoveState: FROM_CART (4) -> TO_MOVE (10)
2026-05-14 03:06:08 CartMoveState: TO_MOVE (10) -> EXCH_1_WAIT (14)
2026-05-14 03:06:08 Handler State: EXCHANGE_ONE (7) -> START_DCU (8)
2026-05-14 03:06:08 Handler State: START_DCU (8) -> EXCHANGE_TWO (9)
2026-05-14 03:06:08 CartMove: Exchange 2
2026-05-14 03:06:08 CartMoveState: EXCH_1_WAIT (14) -> EXCH_1_CART (15)
2026-05-14 03:06:11 CartMoveState: EXCH_1_CART (15) -> EXCH_2_MOVE (16)
2026-05-14 03:06:12 CartMoveState: EXCH_2_MOVE (16) -> EXCH_2_CART (17)
2026-05-14 03:06:14 CartMoveState: EXCH_2_CART (17) -> STORE_DECIDE (18)
2026-05-14 03:06:14 Used volume for last job: 264.176
2026-05-14 03:06:14 Handler State: EXCHANGE_TWO (9) -> WAIT_FOR_DCU (10)
2026-05-14 03:06:16 Handler State: WAIT_FOR_DCU (10) -> EXCHANGE_THREE (11)
2026-05-14 03:06:16 CartMove: Exchange 3
2026-05-14 03:06:16 CartMoveState: STORE_DECIDE (18) -> AUX_DECIDE (5)
2026-05-14 03:06:16 CartMoveState: AUX_DECIDE (5) -> TO_MOVE (10)
2026-05-14 03:06:16 CartMoveState: TO_MOVE (10) -> TO_CART (11)
2026-05-14 03:06:19 CartMoveState: TO_CART (11) -> HOME_MOVE (12)
2026-05-14 03:06:20 CartMoveState: HOME_MOVE (12) -> HALT (13)
2026-05-14 03:06:20 CartMoveState: HALT (13) -> IDLE (1)
2026-05-14 03:06:20 Handler State: EXCHANGE_THREE (11) -> POST_PROCESS (12)
2026-05-14 03:06:20 Handler State: POST_PROCESS (12) -> MOVE_ARM_HOME (14)
2026-05-14 03:06:21 Handler State: MOVE_ARM_HOME (14) -> HANDLER_IDLE (1)
2026-05-14 03:11:03 Handler State: HANDLER_IDLE (1) -> SEMI_START (15)
2026-05-14 03:11:03 Handler State: SEMI_START (15) -> SEMI_TO_IFS (18)
2026-05-14 03:11:03 CartMove: Move, from 106 to 103
2026-05-14 03:11:03 CartMoveState: IDLE (1) -> FROM_MOVE (3)
2026-05-14 03:11:04 CartMoveState: FROM_MOVE (3) -> FROM_CART (4)
2026-05-14 03:11:07 CartMoveState: FROM_CART (4) -> AUX_DECIDE (5)
2026-05-14 03:11:07 CartMoveState: AUX_DECIDE (5) -> TO_MOVE (10)
2026-05-14 03:11:08 CartMoveState: TO_MOVE (10) -> TO_CART (11)
2026-05-14 03:11:11 CartMoveState: TO_CART (11) -> HOME_MOVE (12)
2026-05-14 03:11:11 CartMoveState: HOME_MOVE (12) -> HALT (13)
2026-05-14 03:11:11 CartMoveState: HALT (13) -> IDLE (1)
2026-05-14 03:11:11 Handler State: SEMI_TO_IFS (18) -> SEMI_PROBE_CART (25)
2026-05-14 03:11:13 Handler State: SEMI_PROBE_CART (25) -> SEMI_PROCESS (16)
2026-05-14 03:11:46 Re-Calculated Filling Volume: 0
2026-05-14 03:11:52 Setting CBS color valve (Finished): 0
2026-05-14 03:11:52 Handler State: SEMI_PROCESS (16) -> SEMI_FROM_IFS (20)
2026-05-14 03:11:52 CartMove: Move, from 103 to 106
2026-05-14 03:11:52 CartMoveState: IDLE (1) -> FROM_MOVE (3)
2026-05-14 03:11:52 CartMoveState: FROM_MOVE (3) -> FROM_CART (4)
2026-05-14 03:11:55 CartMoveState: FROM_CART (4) -> AUX_DECIDE (5)
2026-05-14 03:11:55 CartMoveState: AUX_DECIDE (5) -> TO_MOVE (10)
2026-05-14 03:11:56 CartMoveState: TO_MOVE (10) -> TO_CART (11)
2026-05-14 03:11:58 CartMoveState: TO_CART (11) -> HOME_MOVE (12)
2026-05-14 03:12:00 CartMoveState: HOME_MOVE (12) -> HALT (13)
2026-05-14 03:12:00 CartMoveState: HALT (13) -> IDLE (1)
2026-05-14 03:12:00 Handler State: SEMI_FROM_IFS (20) -> SEMI_WHAT_NEXT (21)
2026-05-14 03:12:00 Handler State: SEMI_WHAT_NEXT (21) -> SEMI_FINISHED (23)
2026-05-14 03:12:00 Handler State: SEMI_FINISHED (23) -> HANDLER_IDLE (1)
2026-05-14 03:13:45 Handler State: HANDLER_IDLE (1) -> HANDLER_START (2)
2026-05-14 03:13:46 Handler State: HANDLER_START (2) -> DECIDE_CART (3)
2026-05-14 03:13:46 Selection: IFS is clean.
2026-05-14 03:13:46 Selection: Cartridge is clean.
2026-05-14 03:13:46 Selected Primary Cartridge: 5
2026-05-14 03:13:46 Selected Primary Station: 103
2026-05-14 03:13:46 Selected Secondary Cartridge: 0
2026-05-14 03:13:46 Selected Secondary Station: 0
2026-05-14 03:13:46 Selected Filling Volume: 562
2026-05-14 03:13:46 Handler State: DECIDE_CART (3) -> PLACE_CART (5)
2026-05-14 03:13:46 CartMove: Move, from 106 to 103
2026-05-14 03:13:46 CartMoveState: IDLE (1) -> FROM_MOVE (3)
2026-05-14 03:13:47 CartMoveState: FROM_MOVE (3) -> FROM_CART (4)
2026-05-14 03:13:50 CartMoveState: FROM_CART (4) -> AUX_DECIDE (5)
2026-05-14 03:13:50 CartMoveState: AUX_DECIDE (5) -> TO_MOVE (10)
2026-05-14 03:13:51 CartMoveState: TO_MOVE (10) -> TO_CART (11)
2026-05-14 03:13:53 CartMoveState: TO_CART (11) -> HOME_MOVE (12)
2026-05-14 03:13:53 CartMoveState: HOME_MOVE (12) -> HALT (13)
2026-05-14 03:13:53 CartMoveState: HALT (13) -> IDLE (1)
2026-05-14 03:13:53 Handler State: PLACE_CART (5) -> CHECK_SEC_CART (26)
2026-05-14 03:13:53 Handler State: CHECK_SEC_CART (26) -> PROBE_CART (24)
2026-05-14 03:13:53 CartMove: Exchange 1, from 103
2026-05-14 03:13:53 CartMoveState: IDLE (1) -> FROM_MOVE (3)
2026-05-14 03:13:54 CartMoveState: FROM_MOVE (3) -> FROM_PROBE (19)
2026-05-14 03:13:55 Handler State: PROBE_CART (24) -> PROCESS_CART (6)
2026-05-14 03:13:55 Setting CBS color valve (FillIFS): 2
2026-05-14 03:13:57 Primed volume (FillIFS): 1.75509
2026-05-14 03:13:57 Re-Calculated Filling Volume: 562
2026-05-14 03:13:57 Setting CBS color valve (FillCart): 2
2026-05-14 03:14:19 Handler State: PROCESS_CART (6) -> EXCHANGE_ONE (7)
2026-05-14 03:14:19 CartMove: Exchange 1, from 103
2026-05-14 03:14:19 CartMoveState: FROM_PROBE (19) -> FROM_CART (4)
2026-05-14 03:14:24 Setting CBS color valve (Finished): 0
2026-05-14 03:14:26 CartMoveState: FROM_CART (4) -> TO_MOVE (10)
2026-05-14 03:14:27 CartMoveState: TO_MOVE (10) -> EXCH_1_WAIT (14)
2026-05-14 03:14:27 Handler State: EXCHANGE_ONE (7) -> START_DCU (8)
2026-05-14 03:14:28 Handler State: START_DCU (8) -> EXCHANGE_TWO (9)
2026-05-14 03:14:28 CartMove: Exchange 2
2026-05-14 03:14:28 CartMoveState: EXCH_1_WAIT (14) -> EXCH_1_CART (15)
2026-05-14 03:14:31 CartMoveState: EXCH_1_CART (15) -> EXCH_2_MOVE (16)
2026-05-14 03:14:32 CartMoveState: EXCH_2_MOVE (16) -> EXCH_2_CART (17)
2026-05-14 03:14:34 CartMoveState: EXCH_2_CART (17) -> STORE_DECIDE (18)
2026-05-14 03:14:34 Used volume for last job: 244.798
2026-05-14 03:14:34 Handler State: EXCHANGE_TWO (9) -> WAIT_FOR_DCU (10)
2026-05-14 03:14:36 Handler State: WAIT_FOR_DCU (10) -> EXCHANGE_THREE (11)
2026-05-14 03:14:36 CartMove: Exchange 3
2026-05-14 03:14:36 CartMoveState: STORE_DECIDE (18) -> AUX_DECIDE (5)
2026-05-14 03:14:36 CartMoveState: AUX_DECIDE (5) -> TO_MOVE (10)
2026-05-14 03:14:36 CartMoveState: TO_MOVE (10) -> TO_CART (11)
2026-05-14 03:14:39 CartMoveState: TO_CART (11) -> HOME_MOVE (12)
2026-05-14 03:14:39 CartMoveState: HOME_MOVE (12) -> HALT (13)
2026-05-14 03:14:39 CartMoveState: HALT (13) -> IDLE (1)
2026-05-14 03:14:39 Handler State: EXCHANGE_THREE (11) -> POST_PROCESS (12)
2026-05-14 03:14:39 Handler State: POST_PROCESS (12) -> MOVE_ARM_HOME (14)
2026-05-14 03:14:40 Handler State: MOVE_ARM_HOME (14) -> HANDLER_IDLE (1)
2026-05-14 03:19:21 Handler State: HANDLER_IDLE (1) -> SEMI_START (15)
2026-05-14 03:19:21 Handler State: SEMI_START (15) -> SEMI_PROBE_CART (25)
2026-05-14 03:19:24 Handler State: SEMI_PROBE_CART (25) -> SEMI_PROCESS (16)
2026-05-14 03:20:41 Re-Calculated Filling Volume: 0
2026-05-14 03:20:47 Setting CBS color valve (Finished): 0
2026-05-14 03:20:47 Handler State: SEMI_PROCESS (16) -> SEMI_WHAT_NEXT (21)
2026-05-14 03:20:47 Handler State: SEMI_WHAT_NEXT (21) -> SEMI_FINISHED (23)
2026-05-14 03:20:48 Handler State: SEMI_FINISHED (23) -> HANDLER_IDLE (1)
2026-05-14 03:20:49 Handler State: HANDLER_IDLE (1) -> HANDLER_START (2)
2026-05-14 03:20:49 Handler State: HANDLER_START (2) -> DECIDE_CART (3)
2026-05-14 03:20:49 Selection: IFS is clean and its cartridge is cleaned.
2026-05-14 03:20:49 Selected Primary Cartridge: 3
2026-05-14 03:20:49 Selected Primary Station: 104
2026-05-14 03:20:49 Selected Secondary Cartridge: 0
2026-05-14 03:20:49 Selected Secondary Station: 0
2026-05-14 03:20:49 Selected Filling Volume: 551
2026-05-14 03:20:49 Handler State: DECIDE_CART (3) -> CHECK_SEC_CART (26)
2026-05-14 03:20:49 Handler State: CHECK_SEC_CART (26) -> PROBE_CART (24)
2026-05-14 03:20:49 CartMove: Exchange 1, from 104
2026-05-14 03:20:49 CartMoveState: IDLE (1) -> FROM_MOVE (3)
2026-05-14 03:20:50 CartMoveState: FROM_MOVE (3) -> FROM_PROBE (19)
2026-05-14 03:20:52 Handler State: PROBE_CART (24) -> PROCESS_CART (6)
2026-05-14 03:20:52 Setting CBS color valve (FillIFS): 1
2026-05-14 03:20:54 Primed volume (FillIFS): 4.6678
2026-05-14 03:20:54 Re-Calculated Filling Volume: 551
2026-05-14 03:20:54 Setting CBS color valve (FillCart): 1
2026-05-14 03:21:16 Handler State: PROCESS_CART (6) -> EXCHANGE_ONE (7)
2026-05-14 03:21:16 CartMove: Exchange 1, from 104
2026-05-14 03:21:16 CartMoveState: FROM_PROBE (19) -> FROM_CART (4)
2026-05-14 03:21:22 Setting CBS color valve (Finished): 0
2026-05-14 03:21:23 CartMoveState: FROM_CART (4) -> TO_MOVE (10)
2026-05-14 03:21:25 CartMoveState: TO_MOVE (10) -> EXCH_1_WAIT (14)
2026-05-14 03:21:25 Handler State: EXCHANGE_ONE (7) -> START_DCU (8)
2026-05-14 03:21:25 Handler State: START_DCU (8) -> EXCHANGE_TWO (9)
2026-05-14 03:21:25 CartMove: Exchange 2
2026-05-14 03:21:25 CartMoveState: EXCH_1_WAIT (14) -> EXCH_1_CART (15)
2026-05-14 03:21:28 CartMoveState: EXCH_1_CART (15) -> EXCH_2_MOVE (16)
2026-05-14 03:21:29 CartMoveState: EXCH_2_MOVE (16) -> EXCH_2_CART (17)
2026-05-14 03:21:31 CartMoveState: EXCH_2_CART (17) -> STORE_DECIDE (18)
2026-05-14 03:21:31 Used volume for last job: 508.158
2026-05-14 03:21:31 Handler State: EXCHANGE_TWO (9) -> WAIT_FOR_DCU (10)
2026-05-14 03:21:33 Handler State: WAIT_FOR_DCU (10) -> EXCHANGE_THREE (11)
2026-05-14 03:21:33 CartMove: Exchange 3
2026-05-14 03:21:33 CartMoveState: STORE_DECIDE (18) -> AUX_DECIDE (5)
2026-05-14 03:21:33 CartMoveState: AUX_DECIDE (5) -> TO_MOVE (10)
2026-05-14 03:21:35 CartMoveState: TO_MOVE (10) -> TO_CART (11)
2026-05-14 03:21:37 CartMoveState: TO_CART (11) -> HOME_MOVE (12)
2026-05-14 03:21:38 CartMoveState: HOME_MOVE (12) -> HALT (13)
2026-05-14 03:21:38 CartMoveState: HALT (13) -> IDLE (1)
2026-05-14 03:21:38 Handler State: EXCHANGE_THREE (11) -> POST_PROCESS (12)
2026-05-14 03:21:38 Handler State: POST_PROCESS (12) -> MOVE_ARM_HOME (14)
2026-05-14 03:21:38 Handler State: MOVE_ARM_HOME (14) -> HANDLER_IDLE (1)
2026-05-14 03:36:39 Handler State: HANDLER_IDLE (1) -> SEMI_START (15)
2026-05-14 03:36:39 Handler State: SEMI_START (15) -> SEMI_TO_IFS (18)
2026-05-14 03:36:39 CartMove: Move, from 107 to 104
2026-05-14 03:36:39 CartMoveState: IDLE (1) -> FROM_MOVE (3)
2026-05-14 03:36:40 CartMoveState: FROM_MOVE (3) -> FROM_CART (4)
2026-05-14 03:36:43 CartMoveState: FROM_CART (4) -> AUX_DECIDE (5)
2026-05-14 03:36:43 CartMoveState: AUX_DECIDE (5) -> TO_MOVE (10)
2026-05-14 03:36:45 CartMoveState: TO_MOVE (10) -> TO_CART (11)
2026-05-14 03:36:47 CartMoveState: TO_CART (11) -> HOME_MOVE (12)
2026-05-14 03:36:47 CartMoveState: HOME_MOVE (12) -> HALT (13)
2026-05-14 03:36:47 CartMoveState: HALT (13) -> IDLE (1)
2026-05-14 03:36:47 Handler State: SEMI_TO_IFS (18) -> SEMI_PROBE_CART (25)
2026-05-14 03:36:51 Handler State: SEMI_PROBE_CART (25) -> SEMI_PROCESS (16)
2026-05-14 03:37:24 Re-Calculated Filling Volume: 0
2026-05-14 03:37:29 Setting CBS color valve (Finished): 0
2026-05-14 03:37:29 Handler State: SEMI_PROCESS (16) -> SEMI_FROM_IFS (20)
2026-05-14 03:37:29 CartMove: Move, from 104 to 107
2026-05-14 03:37:29 CartMoveState: IDLE (1) -> FROM_MOVE (3)
2026-05-14 03:37:29 CartMoveState: FROM_MOVE (3) -> FROM_CART (4)
2026-05-14 03:37:32 CartMoveState: FROM_CART (4) -> AUX_DECIDE (5)
2026-05-14 03:37:32 CartMoveState: AUX_DECIDE (5) -> TO_MOVE (10)
2026-05-14 03:37:34 CartMoveState: TO_MOVE (10) -> TO_CART (11)
2026-05-14 03:37:36 CartMoveState: TO_CART (11) -> HOME_MOVE (12)
2026-05-14 03:37:37 CartMoveState: HOME_MOVE (12) -> HALT (13)
2026-05-14 03:37:37 CartMoveState: HALT (13) -> IDLE (1)
2026-05-14 03:37:37 Handler State: SEMI_FROM_IFS (20) -> SEMI_WHAT_NEXT (21)
2026-05-14 03:37:37 Handler State: SEMI_WHAT_NEXT (21) -> SEMI_FINISHED (23)
2026-05-14 03:37:37 Handler State: SEMI_FINISHED (23) -> HANDLER_IDLE (1)
2026-05-14 03:42:34 Handler State: HANDLER_IDLE (1) -> SEMI_START (15)
2026-05-14 03:42:34 Handler State: SEMI_START (15) -> SEMI_PROBE_CART (25)
2026-05-14 03:42:37 Handler State: SEMI_PROBE_CART (25) -> SEMI_PROCESS (16)
2026-05-14 03:44:01 Re-Calculated Filling Volume: 0
2026-05-14 03:44:08 Setting CBS color valve (Finished): 0
2026-05-14 03:44:08 Handler State: SEMI_PROCESS (16) -> SEMI_WHAT_NEXT (21)
2026-05-14 03:44:08 Handler State: SEMI_WHAT_NEXT (21) -> SEMI_FINISHED (23)
2026-05-14 03:44:08 Handler State: SEMI_FINISHED (23) -> HANDLER_IDLE (1)
2026-05-14 03:44:18 Handler State: HANDLER_IDLE (1) -> HANDLER_START (2)
2026-05-14 03:44:19 Handler State: HANDLER_START (2) -> DECIDE_CART (3)
2026-05-14 03:44:19 Selection: IFS is clean.
2026-05-14 03:44:19 Selection: Cartridge is clean.
2026-05-14 03:44:19 Selected Primary Cartridge: 6
2026-05-14 03:44:19 Selected Primary Station: 104
2026-05-14 03:44:19 Selected Secondary Cartridge: 0
2026-05-14 03:44:19 Selected Secondary Station: 0
2026-05-14 03:44:19 Selected Filling Volume: 640
2026-05-14 03:44:19 Handler State: DECIDE_CART (3) -> PLACE_CART (5)
2026-05-14 03:44:19 CartMove: Move, from 107 to 104
2026-05-14 03:44:19 CartMoveState: IDLE (1) -> FROM_MOVE (3)
2026-05-14 03:44:20 CartMoveState: FROM_MOVE (3) -> FROM_CART (4)
2026-05-14 03:44:23 CartMoveState: FROM_CART (4) -> AUX_DECIDE (5)
2026-05-14 03:44:23 CartMoveState: AUX_DECIDE (5) -> TO_MOVE (10)
2026-05-14 03:44:25 CartMoveState: TO_MOVE (10) -> TO_CART (11)
2026-05-14 03:44:27 CartMoveState: TO_CART (11) -> HOME_MOVE (12)
2026-05-14 03:44:28 CartMoveState: HOME_MOVE (12) -> HALT (13)
2026-05-14 03:44:28 CartMoveState: HALT (13) -> IDLE (1)
2026-05-14 03:44:28 Handler State: PLACE_CART (5) -> CHECK_SEC_CART (26)
2026-05-14 03:44:28 Handler State: CHECK_SEC_CART (26) -> PROBE_CART (24)
2026-05-14 03:44:28 CartMove: Exchange 1, from 104
2026-05-14 03:44:28 CartMoveState: IDLE (1) -> FROM_MOVE (3)
2026-05-14 03:44:28 CartMoveState: FROM_MOVE (3) -> FROM_PROBE (19)
2026-05-14 03:44:30 Handler State: PROBE_CART (24) -> PROCESS_CART (6)
2026-05-14 03:44:30 Setting CBS color valve (FillIFS): 1
2026-05-14 03:44:32 Primed volume (FillIFS): 3.74153
2026-05-14 03:44:32 Re-Calculated Filling Volume: 640
2026-05-14 03:44:32 Setting CBS color valve (FillCart): 1
2026-05-14 03:44:57 Handler State: PROCESS_CART (6) -> EXCHANGE_ONE (7)
2026-05-14 03:44:57 CartMove: Exchange 1, from 104
2026-05-14 03:44:57 CartMoveState: FROM_PROBE (19) -> FROM_CART (4)
2026-05-14 03:45:02 Setting CBS color valve (Finished): 0
2026-05-14 03:45:04 CartMoveState: FROM_CART (4) -> TO_MOVE (10)
2026-05-14 03:45:06 CartMoveState: TO_MOVE (10) -> EXCH_1_WAIT (14)
2026-05-14 03:45:06 Handler State: EXCHANGE_ONE (7) -> START_DCU (8)
2026-05-14 03:45:06 Handler State: START_DCU (8) -> EXCHANGE_TWO (9)
2026-05-14 03:45:06 CartMove: Exchange 2
2026-05-14 03:45:06 CartMoveState: EXCH_1_WAIT (14) -> EXCH_1_CART (15)
2026-05-14 03:45:09 CartMoveState: EXCH_1_CART (15) -> EXCH_2_MOVE (16)
2026-05-14 03:45:10 CartMoveState: EXCH_2_MOVE (16) -> EXCH_2_CART (17)
2026-05-14 03:45:12 CartMoveState: EXCH_2_CART (17) -> STORE_DECIDE (18)
2026-05-14 03:45:12 Used volume for last job: 497.508
2026-05-14 03:45:12 Handler State: EXCHANGE_TWO (9) -> WAIT_FOR_DCU (10)
2026-05-14 03:45:13 Handler State: WAIT_FOR_DCU (10) -> EXCHANGE_THREE (11)
2026-05-14 03:45:14 CartMove: Exchange 3
2026-05-14 03:45:14 CartMoveState: STORE_DECIDE (18) -> AUX_DECIDE (5)
2026-05-14 03:45:14 CartMoveState: AUX_DECIDE (5) -> TO_MOVE (10)
2026-05-14 03:45:14 CartMoveState: TO_MOVE (10) -> TO_CART (11)
2026-05-14 03:45:17 CartMoveState: TO_CART (11) -> HOME_MOVE (12)
2026-05-14 03:45:18 CartMoveState: HOME_MOVE (12) -> HALT (13)
2026-05-14 03:45:18 CartMoveState: HALT (13) -> IDLE (1)
2026-05-14 03:45:18 Handler State: EXCHANGE_THREE (11) -> POST_PROCESS (12)
2026-05-14 03:45:18 Handler State: POST_PROCESS (12) -> MOVE_ARM_HOME (14)
2026-05-14 03:45:19 Handler State: MOVE_ARM_HOME (14) -> HANDLER_IDLE (1)
2026-05-14 03:55:14 Handler State: HANDLER_IDLE (1) -> HANDLER_START (2)
2026-05-14 03:55:15 Handler State: HANDLER_START (2) -> DECIDE_CART (3)
2026-05-14 03:55:15 Selection: IFS is clean and its cartridge is cleaned.
2026-05-14 03:55:15 Selected Primary Cartridge: 1
2026-05-14 03:55:15 Selected Primary Station: 102
2026-05-14 03:55:15 Selected Secondary Cartridge: 0
2026-05-14 03:55:15 Selected Secondary Station: 0
2026-05-14 03:55:15 Selected Filling Volume: 524
2026-05-14 03:55:15 Handler State: DECIDE_CART (3) -> CHECK_SEC_CART (26)
2026-05-14 03:55:15 Handler State: CHECK_SEC_CART (26) -> PROBE_CART (24)
2026-05-14 03:55:15 CartMove: Exchange 1, from 102
2026-05-14 03:55:15 CartMoveState: IDLE (1) -> FROM_MOVE (3)
2026-05-14 03:55:15 CartMoveState: FROM_MOVE (3) -> FROM_PROBE (19)
2026-05-14 03:55:17 Handler State: PROBE_CART (24) -> PROCESS_CART (6)
2026-05-14 03:55:17 Setting CBS color valve (FillIFS): 1
2026-05-14 03:55:18 Primed volume (FillIFS): 0.474869
2026-05-14 03:55:18 Re-Calculated Filling Volume: 524
2026-05-14 03:55:18 Setting CBS color valve (FillCart): 1
2026-05-14 03:55:35 Handler State: PROCESS_CART (6) -> EXCHANGE_ONE (7)
2026-05-14 03:55:35 CartMove: Exchange 1, from 102
2026-05-14 03:55:35 CartMoveState: FROM_PROBE (19) -> FROM_CART (4)
2026-05-14 03:55:42 Setting CBS color valve (Finished): 0
2026-05-14 03:55:44 CartMoveState: FROM_CART (4) -> TO_MOVE (10)
2026-05-14 03:55:44 CartMoveState: TO_MOVE (10) -> EXCH_1_WAIT (14)
2026-05-14 03:55:44 Handler State: EXCHANGE_ONE (7) -> START_DCU (8)
2026-05-14 03:55:45 Handler State: START_DCU (8) -> EXCHANGE_TWO (9)
2026-05-14 03:55:45 CartMove: Exchange 2
2026-05-14 03:55:45 CartMoveState: EXCH_1_WAIT (14) -> EXCH_1_CART (15)
2026-05-14 03:55:47 CartMoveState: EXCH_1_CART (15) -> EXCH_2_MOVE (16)
2026-05-14 03:55:48 CartMoveState: EXCH_2_MOVE (16) -> EXCH_2_CART (17)
2026-05-14 03:55:50 CartMoveState: EXCH_2_CART (17) -> STORE_DECIDE (18)
2026-05-14 03:55:50 Used volume for last job: 264.193
2026-05-14 03:55:50 Handler State: EXCHANGE_TWO (9) -> WAIT_FOR_DCU (10)
2026-05-14 03:55:52 Handler State: WAIT_FOR_DCU (10) -> EXCHANGE_THREE (11)
2026-05-14 03:55:52 CartMove: Exchange 3
2026-05-14 03:55:52 CartMoveState: STORE_DECIDE (18) -> AUX_DECIDE (5)
2026-05-14 03:55:52 CartMoveState: AUX_DECIDE (5) -> TO_MOVE (10)
2026-05-14 03:55:54 CartMoveState: TO_MOVE (10) -> TO_CART (11)
2026-05-14 03:55:56 CartMoveState: TO_CART (11) -> HOME_MOVE (12)
2026-05-14 03:55:58 CartMoveState: HOME_MOVE (12) -> HALT (13)
2026-05-14 03:55:58 CartMoveState: HALT (13) -> IDLE (1)
2026-05-14 03:55:58 Handler State: EXCHANGE_THREE (11) -> POST_PROCESS (12)
2026-05-14 03:55:58 Handler State: POST_PROCESS (12) -> MOVE_ARM_HOME (14)
2026-05-14 03:55:58 Handler State: MOVE_ARM_HOME (14) -> HANDLER_IDLE (1)
2026-05-14 04:00:21 Handler State: HANDLER_IDLE (1) -> SEMI_START (15)
2026-05-14 04:00:21 Handler State: SEMI_START (15) -> SEMI_PROBE_CART (25)
2026-05-14 04:00:25 Handler State: SEMI_PROBE_CART (25) -> SEMI_PROCESS (16)
2026-05-14 04:00:58 Re-Calculated Filling Volume: 0
2026-05-14 04:01:04 Setting CBS color valve (Finished): 0
2026-05-14 04:01:04 Handler State: SEMI_PROCESS (16) -> SEMI_WHAT_NEXT (21)
2026-05-14 04:01:04 Handler State: SEMI_WHAT_NEXT (21) -> SEMI_FINISHED (23)
2026-05-14 04:01:04 Handler State: SEMI_FINISHED (23) -> HANDLER_IDLE (1)
2026-05-14 04:07:34 Handler State: HANDLER_IDLE (1) -> HANDLER_START (2)
2026-05-14 04:07:35 Handler State: HANDLER_START (2) -> DECIDE_CART (3)
2026-05-14 04:07:35 Selection: IFS is clean and its cartridge is cleaned.
2026-05-14 04:07:35 Selected Primary Cartridge: 3
2026-05-14 04:07:35 Selected Primary Station: 104
2026-05-14 04:07:35 Selected Secondary Cartridge: 0
2026-05-14 04:07:35 Selected Secondary Station: 0
2026-05-14 04:07:35 Selected Filling Volume: 562
2026-05-14 04:07:35 Handler State: DECIDE_CART (3) -> CHECK_SEC_CART (26)
2026-05-14 04:07:35 Handler State: CHECK_SEC_CART (26) -> PROBE_CART (24)
2026-05-14 04:07:35 CartMove: Exchange 1, from 104
2026-05-14 04:07:35 CartMoveState: IDLE (1) -> FROM_MOVE (3)
2026-05-14 04:07:36 CartMoveState: FROM_MOVE (3) -> FROM_PROBE (19)
2026-05-14 04:07:37 Handler State: PROBE_CART (24) -> PROCESS_CART (6)
2026-05-14 04:07:37 Setting CBS color valve (FillIFS): 1
2026-05-14 04:07:39 Primed volume (FillIFS): 1.98009
2026-05-14 04:07:39 Re-Calculated Filling Volume: 562
2026-05-14 04:07:39 Setting CBS color valve (FillCart): 1
2026-05-14 04:08:02 Handler State: PROCESS_CART (6) -> EXCHANGE_ONE (7)
2026-05-14 04:08:02 CartMove: Exchange 1, from 104
2026-05-14 04:08:02 CartMoveState: FROM_PROBE (19) -> FROM_CART (4)
2026-05-14 04:08:07 Setting CBS color valve (Finished): 0
2026-05-14 04:08:09 CartMoveState: FROM_CART (4) -> TO_MOVE (10)
2026-05-14 04:08:11 CartMoveState: TO_MOVE (10) -> EXCH_1_WAIT (14)
2026-05-14 04:08:11 Handler State: EXCHANGE_ONE (7) -> START_DCU (8)
2026-05-14 04:08:11 Handler State: START_DCU (8) -> EXCHANGE_TWO (9)
2026-05-14 04:08:11 CartMove: Exchange 2
2026-05-14 04:08:11 CartMoveState: EXCH_1_WAIT (14) -> EXCH_1_CART (15)
2026-05-14 04:08:14 CartMoveState: EXCH_1_CART (15) -> EXCH_2_MOVE (16)
2026-05-14 04:08:15 CartMoveState: EXCH_2_MOVE (16) -> EXCH_2_CART (17)
2026-05-14 04:08:17 CartMoveState: EXCH_2_CART (17) -> STORE_DECIDE (18)
2026-05-14 04:08:17 Used volume for last job: 470.417
2026-05-14 04:08:17 Handler State: EXCHANGE_TWO (9) -> WAIT_FOR_DCU (10)
2026-05-14 04:08:18 Handler State: WAIT_FOR_DCU (10) -> EXCHANGE_THREE (11)
2026-05-14 04:08:18 CartMove: Exchange 3
2026-05-14 04:08:18 CartMoveState: STORE_DECIDE (18) -> AUX_DECIDE (5)
2026-05-14 04:08:18 CartMoveState: AUX_DECIDE (5) -> TO_MOVE (10)
2026-05-14 04:08:18 CartMoveState: TO_MOVE (10) -> TO_CART (11)
2026-05-14 04:08:21 CartMoveState: TO_CART (11) -> HOME_MOVE (12)
2026-05-14 04:08:21 CartMoveState: HOME_MOVE (12) -> HALT (13)
2026-05-14 04:08:21 CartMoveState: HALT (13) -> IDLE (1)
2026-05-14 04:08:21 Handler State: EXCHANGE_THREE (11) -> POST_PROCESS (12)
2026-05-14 04:08:21 Handler State: POST_PROCESS (12) -> MOVE_ARM_HOME (14)
2026-05-14 04:08:23 Handler State: MOVE_ARM_HOME (14) -> HANDLER_IDLE (1)
2026-05-14 04:12:50 Handler State: HANDLER_IDLE (1) -> SEMI_START (15)
2026-05-14 04:12:50 Handler State: SEMI_START (15) -> SEMI_PROBE_CART (25)
2026-05-14 04:12:53 Handler State: SEMI_PROBE_CART (25) -> SEMI_PROCESS (16)
2026-05-14 04:13:31 Re-Calculated Filling Volume: 0
2026-05-14 04:13:37 Setting CBS color valve (Finished): 0
2026-05-14 04:13:37 Handler State: SEMI_PROCESS (16) -> SEMI_WHAT_NEXT (21)
2026-05-14 04:13:37 Handler State: SEMI_WHAT_NEXT (21) -> SEMI_FINISHED (23)
2026-05-14 04:13:38 Handler State: SEMI_FINISHED (23) -> HANDLER_IDLE (1)
2026-05-14 04:19:32 Handler State: HANDLER_IDLE (1) -> HANDLER_START (2)
2026-05-14 04:19:33 Handler State: HANDLER_START (2) -> DECIDE_CART (3)
2026-05-14 04:19:33 Selection: IFS is clean and its cartridge is cleaned.
2026-05-14 04:19:33 Selected Primary Cartridge: 1
2026-05-14 04:19:33 Selected Primary Station: 102
2026-05-14 04:19:33 Selected Secondary Cartridge: 0
2026-05-14 04:19:33 Selected Secondary Station: 0
2026-05-14 04:19:33 Selected Filling Volume: 526
2026-05-14 04:19:33 Handler State: DECIDE_CART (3) -> CHECK_SEC_CART (26)
2026-05-14 04:19:33 Handler State: CHECK_SEC_CART (26) -> PROBE_CART (24)
2026-05-14 04:19:33 CartMove: Exchange 1, from 102
2026-05-14 04:19:33 CartMoveState: IDLE (1) -> FROM_MOVE (3)
2026-05-14 04:19:34 CartMoveState: FROM_MOVE (3) -> FROM_PROBE (19)
2026-05-14 04:19:35 Handler State: PROBE_CART (24) -> PROCESS_CART (6)
2026-05-14 04:19:35 Setting CBS color valve (FillIFS): 1
2026-05-14 04:19:37 Primed volume (FillIFS): 1.82725
2026-05-14 04:19:37 Re-Calculated Filling Volume: 526
2026-05-14 04:19:37 Setting CBS color valve (FillCart): 1
2026-05-14 04:19:57 Handler State: PROCESS_CART (6) -> EXCHANGE_ONE (7)
2026-05-14 04:19:57 CartMove: Exchange 1, from 102
2026-05-14 04:19:57 CartMoveState: FROM_PROBE (19) -> FROM_CART (4)
2026-05-14 04:20:04 Setting CBS color valve (Finished): 0
2026-05-14 04:20:06 CartMoveState: FROM_CART (4) -> TO_MOVE (10)
2026-05-14 04:20:07 CartMoveState: TO_MOVE (10) -> EXCH_1_WAIT (14)
2026-05-14 04:20:07 Handler State: EXCHANGE_ONE (7) -> START_DCU (8)
2026-05-14 04:20:07 Handler State: START_DCU (8) -> EXCHANGE_TWO (9)
2026-05-14 04:20:07 CartMove: Exchange 2
2026-05-14 04:20:07 CartMoveState: EXCH_1_WAIT (14) -> EXCH_1_CART (15)
2026-05-14 04:20:10 CartMoveState: EXCH_1_CART (15) -> EXCH_2_MOVE (16)
2026-05-14 04:20:11 CartMoveState: EXCH_2_MOVE (16) -> EXCH_2_CART (17)
2026-05-14 04:20:13 CartMoveState: EXCH_2_CART (17) -> STORE_DECIDE (18)
2026-05-14 04:20:13 Used volume for last job: 508.861
2026-05-14 04:20:13 Handler State: EXCHANGE_TWO (9) -> WAIT_FOR_DCU (10)
2026-05-14 04:20:15 Handler State: WAIT_FOR_DCU (10) -> EXCHANGE_THREE (11)
2026-05-14 04:20:15 CartMove: Exchange 3
2026-05-14 04:20:15 CartMoveState: STORE_DECIDE (18) -> AUX_DECIDE (5)
2026-05-14 04:20:15 CartMoveState: AUX_DECIDE (5) -> TO_MOVE (10)
2026-05-14 04:20:15 CartMoveState: TO_MOVE (10) -> TO_CART (11)
2026-05-14 04:20:18 CartMoveState: TO_CART (11) -> HOME_MOVE (12)
2026-05-14 04:20:19 CartMoveState: HOME_MOVE (12) -> HALT (13)
2026-05-14 04:20:19 CartMoveState: HALT (13) -> IDLE (1)
2026-05-14 04:20:19 Handler State: EXCHANGE_THREE (11) -> POST_PROCESS (12)
2026-05-14 04:20:19 Handler State: POST_PROCESS (12) -> MOVE_ARM_HOME (14)
2026-05-14 04:20:19 Handler State: MOVE_ARM_HOME (14) -> HANDLER_IDLE (1)
2026-05-14 04:25:32 Handler State: HANDLER_IDLE (1) -> HANDLER_START (2)
2026-05-14 04:25:33 Handler State: HANDLER_START (2) -> EXCHANGE_ONE (7)
2026-05-14 04:25:33 CartMove: Exchange 1, from 0
2026-05-14 04:25:33 CartMoveState: IDLE (1) -> TO_MOVE (10)
2026-05-14 04:25:34 CartMoveState: TO_MOVE (10) -> EXCH_1_WAIT (14)
2026-05-14 04:25:34 Handler State: EXCHANGE_ONE (7) -> START_DCU (8)
2026-05-14 04:25:34 Handler State: START_DCU (8) -> EXCHANGE_TWO (9)
2026-05-14 04:25:34 CartMove: Exchange 2
2026-05-14 04:25:43 CartMoveState: EXCH_1_WAIT (14) -> EXCH_1_CART (15)
2026-05-14 04:25:46 CartMoveState: EXCH_1_CART (15) -> STORE_DECIDE (18)
2026-05-14 04:25:46 Used volume for last job: 471.265
2026-05-14 04:25:46 Handler State: EXCHANGE_TWO (9) -> WAIT_FOR_DCU (10)
2026-05-14 04:25:47 Handler State: WAIT_FOR_DCU (10) -> EXCHANGE_THREE (11)
2026-05-14 04:25:47 CartMove: Exchange 3
2026-05-14 04:25:47 CartMoveState: STORE_DECIDE (18) -> AUX_DECIDE (5)
2026-05-14 04:25:47 CartMoveState: AUX_DECIDE (5) -> TO_MOVE (10)
2026-05-14 04:25:47 CartMoveState: TO_MOVE (10) -> TO_CART (11)
2026-05-14 04:25:50 CartMoveState: TO_CART (11) -> HOME_MOVE (12)
2026-05-14 04:25:50 CartMoveState: HOME_MOVE (12) -> HALT (13)
2026-05-14 04:25:50 CartMoveState: HALT (13) -> IDLE (1)
2026-05-14 04:25:50 Handler State: EXCHANGE_THREE (11) -> POST_PROCESS (12)
2026-05-14 04:25:50 Handler State: POST_PROCESS (12) -> MOVE_ARM_HOME (14)
2026-05-14 04:25:50 Handler State: MOVE_ARM_HOME (14) -> HANDLER_IDLE (1)
2026-05-14 04:26:05 Handler State: HANDLER_IDLE (1) -> SEMI_START (15)
2026-05-14 04:26:05 Handler State: SEMI_START (15) -> SEMI_PROBE_CART (25)
2026-05-14 04:26:08 Handler State: SEMI_PROBE_CART (25) -> SEMI_PROCESS (16)
2026-05-14 04:26:45 Re-Calculated Filling Volume: 0
2026-05-14 04:26:52 Setting CBS color valve (Finished): 0
2026-05-14 04:26:52 Handler State: SEMI_PROCESS (16) -> SEMI_WHAT_NEXT (21)
2026-05-14 04:26:52 Handler State: SEMI_WHAT_NEXT (21) -> SEMI_START (15)
2026-05-14 04:26:52 Handler State: SEMI_START (15) -> SEMI_PROBE_CART (25)
2026-05-14 04:26:55 Handler State: SEMI_PROBE_CART (25) -> SEMI_PROCESS (16)
2026-05-14 04:28:15 Re-Calculated Filling Volume: 0
2026-05-14 04:28:21 Setting CBS color valve (Finished): 0
2026-05-14 04:28:21 Handler State: SEMI_PROCESS (16) -> SEMI_WHAT_NEXT (21)
2026-05-14 04:28:21 Handler State: SEMI_WHAT_NEXT (21) -> SEMI_START (15)
2026-05-14 04:28:21 Handler State: SEMI_START (15) -> SEMI_PROBE_CART (25)
2026-05-14 04:28:24 Handler State: SEMI_PROBE_CART (25) -> SEMI_PROCESS (16)
2026-05-14 04:28:57 Re-Calculated Filling Volume: 0
2026-05-14 04:29:03 Setting CBS color valve (Finished): 0
2026-05-14 04:29:03 Handler State: SEMI_PROCESS (16) -> SEMI_WHAT_NEXT (21)
2026-05-14 04:29:03 Handler State: SEMI_WHAT_NEXT (21) -> SEMI_START (15)
2026-05-14 04:29:03 Handler State: SEMI_START (15) -> SEMI_TO_STORE (17)
2026-05-14 04:29:03 CartMove: Move, from 102 to 108
2026-05-14 04:29:03 CartMoveState: IDLE (1) -> FROM_MOVE (3)
2026-05-14 04:29:04 CartMoveState: FROM_MOVE (3) -> FROM_CART (4)
2026-05-14 04:29:07 CartMoveState: FROM_CART (4) -> AUX_DECIDE (5)
2026-05-14 04:29:07 CartMoveState: AUX_DECIDE (5) -> TO_MOVE (10)
2026-05-14 04:29:09 CartMoveState: TO_MOVE (10) -> TO_CART (11)
2026-05-14 04:29:11 CartMoveState: TO_CART (11) -> HOME_MOVE (12)
2026-05-14 04:29:12 CartMoveState: HOME_MOVE (12) -> HALT (13)
2026-05-14 04:29:12 CartMoveState: HALT (13) -> IDLE (1)
2026-05-14 04:29:12 Handler State: SEMI_TO_STORE (17) -> SEMI_TO_IFS (18)
2026-05-14 04:29:12 CartMove: Move, from 105 to 102
2026-05-14 04:29:12 CartMoveState: IDLE (1) -> FROM_MOVE (3)
2026-05-14 04:29:14 CartMoveState: FROM_MOVE (3) -> FROM_CART (4)
2026-05-14 04:29:16 CartMoveState: FROM_CART (4) -> AUX_DECIDE (5)
2026-05-14 04:29:16 CartMoveState: AUX_DECIDE (5) -> TO_MOVE (10)
2026-05-14 04:29:18 CartMoveState: TO_MOVE (10) -> TO_CART (11)
2026-05-14 04:29:20 CartMoveState: TO_CART (11) -> HOME_MOVE (12)
2026-05-14 04:29:21 CartMoveState: HOME_MOVE (12) -> HALT (13)
2026-05-14 04:29:21 CartMoveState: HALT (13) -> IDLE (1)
2026-05-14 04:29:21 Handler State: SEMI_TO_IFS (18) -> SEMI_PROBE_CART (25)
2026-05-14 04:29:24 Handler State: SEMI_PROBE_CART (25) -> SEMI_PROCESS (16)
2026-05-14 04:29:58 Re-Calculated Filling Volume: 0
2026-05-14 04:30:05 Setting CBS color valve (Finished): 0
2026-05-14 04:30:05 Handler State: SEMI_PROCESS (16) -> SEMI_FROM_IFS (20)
2026-05-14 04:30:05 CartMove: Move, from 102 to 105
2026-05-14 04:30:05 CartMoveState: IDLE (1) -> FROM_MOVE (3)
2026-05-14 04:30:05 CartMoveState: FROM_MOVE (3) -> FROM_CART (4)
2026-05-14 04:30:07 CartMoveState: FROM_CART (4) -> AUX_DECIDE (5)
2026-05-14 04:30:07 CartMoveState: AUX_DECIDE (5) -> TO_MOVE (10)
2026-05-14 04:30:09 CartMoveState: TO_MOVE (10) -> TO_CART (11)
2026-05-14 04:30:11 CartMoveState: TO_CART (11) -> HOME_MOVE (12)
2026-05-14 04:30:12 CartMoveState: HOME_MOVE (12) -> HALT (13)
2026-05-14 04:30:12 CartMoveState: HALT (13) -> IDLE (1)
2026-05-14 04:30:12 Handler State: SEMI_FROM_IFS (20) -> SEMI_FROM_STORE (19)
2026-05-14 04:30:12 CartMove: Move, from 108 to 102
2026-05-14 04:30:12 CartMoveState: IDLE (1) -> FROM_MOVE (3)
2026-05-14 04:30:14 CartMoveState: FROM_MOVE (3) -> FROM_CART (4)
2026-05-14 04:30:17 CartMoveState: FROM_CART (4) -> AUX_DECIDE (5)
2026-05-14 04:30:17 CartMoveState: AUX_DECIDE (5) -> TO_MOVE (10)
2026-05-14 04:30:18 CartMoveState: TO_MOVE (10) -> TO_CART (11)
2026-05-14 04:30:21 CartMoveState: TO_CART (11) -> HOME_MOVE (12)
2026-05-14 04:30:21 CartMoveState: HOME_MOVE (12) -> HALT (13)
2026-05-14 04:30:21 CartMoveState: HALT (13) -> IDLE (1)
2026-05-14 04:30:21 Handler State: SEMI_FROM_STORE (19) -> SEMI_WHAT_NEXT (21)
2026-05-14 04:30:21 Handler State: SEMI_WHAT_NEXT (21) -> SEMI_START (15)
2026-05-14 04:30:21 Handler State: SEMI_START (15) -> SEMI_TO_STORE (17)
2026-05-14 04:30:21 CartMove: Move, from 103 to 108
2026-05-14 04:30:21 CartMoveState: IDLE (1) -> FROM_MOVE (3)
2026-05-14 04:30:21 CartMoveState: FROM_MOVE (3) -> FROM_CART (4)
2026-05-14 04:30:24 CartMoveState: FROM_CART (4) -> AUX_DECIDE (5)
2026-05-14 04:30:24 CartMoveState: AUX_DECIDE (5) -> TO_MOVE (10)
2026-05-14 04:30:26 CartMoveState: TO_MOVE (10) -> TO_CART (11)
2026-05-14 04:30:28 CartMoveState: TO_CART (11) -> HOME_MOVE (12)
2026-05-14 04:30:30 CartMoveState: HOME_MOVE (12) -> HALT (13)
2026-05-14 04:30:30 CartMoveState: HALT (13) -> IDLE (1)
2026-05-14 04:30:30 Handler State: SEMI_TO_STORE (17) -> SEMI_TO_IFS (18)
2026-05-14 04:30:30 CartMove: Move, from 106 to 103
2026-05-14 04:30:30 CartMoveState: IDLE (1) -> FROM_MOVE (3)
2026-05-14 04:30:31 CartMoveState: FROM_MOVE (3) -> FROM_CART (4)
2026-05-14 04:30:34 CartMoveState: FROM_CART (4) -> AUX_DECIDE (5)
2026-05-14 04:30:34 CartMoveState: AUX_DECIDE (5) -> TO_MOVE (10)
2026-05-14 04:30:35 CartMoveState: TO_MOVE (10) -> TO_CART (11)
2026-05-14 04:30:38 CartMoveState: TO_CART (11) -> HOME_MOVE (12)
2026-05-14 04:30:38 CartMoveState: HOME_MOVE (12) -> HALT (13)
2026-05-14 04:30:38 CartMoveState: HALT (13) -> IDLE (1)
2026-05-14 04:30:38 Handler State: SEMI_TO_IFS (18) -> SEMI_PROBE_CART (25)
2026-05-14 04:30:40 Handler State: SEMI_PROBE_CART (25) -> SEMI_PROCESS (16)
2026-05-14 04:31:12 Re-Calculated Filling Volume: 0
2026-05-14 04:31:18 Setting CBS color valve (Finished): 0
2026-05-14 04:31:18 Handler State: SEMI_PROCESS (16) -> SEMI_FROM_IFS (20)
2026-05-14 04:31:18 CartMove: Move, from 103 to 106
2026-05-14 04:31:18 CartMoveState: IDLE (1) -> FROM_MOVE (3)
2026-05-14 04:31:18 CartMoveState: FROM_MOVE (3) -> FROM_CART (4)
2026-05-14 04:31:21 CartMoveState: FROM_CART (4) -> AUX_DECIDE (5)
2026-05-14 04:31:21 CartMoveState: AUX_DECIDE (5) -> TO_MOVE (10)
2026-05-14 04:31:22 CartMoveState: TO_MOVE (10) -> TO_CART (11)
2026-05-14 04:31:24 CartMoveState: TO_CART (11) -> HOME_MOVE (12)
2026-05-14 04:31:26 CartMoveState: HOME_MOVE (12) -> HALT (13)
2026-05-14 04:31:26 CartMoveState: HALT (13) -> IDLE (1)
2026-05-14 04:31:26 Handler State: SEMI_FROM_IFS (20) -> SEMI_FROM_STORE (19)
2026-05-14 04:31:26 CartMove: Move, from 108 to 103
2026-05-14 04:31:26 CartMoveState: IDLE (1) -> FROM_MOVE (3)
2026-05-14 04:31:27 CartMoveState: FROM_MOVE (3) -> FROM_CART (4)
2026-05-14 04:31:30 CartMoveState: FROM_CART (4) -> AUX_DECIDE (5)
2026-05-14 04:31:30 CartMoveState: AUX_DECIDE (5) -> TO_MOVE (10)
2026-05-14 04:31:32 CartMoveState: TO_MOVE (10) -> TO_CART (11)
2026-05-14 04:31:34 CartMoveState: TO_CART (11) -> HOME_MOVE (12)
2026-05-14 04:31:34 CartMoveState: HOME_MOVE (12) -> HALT (13)
2026-05-14 04:31:34 CartMoveState: HALT (13) -> IDLE (1)
2026-05-14 04:31:34 Handler State: SEMI_FROM_STORE (19) -> SEMI_WHAT_NEXT (21)
2026-05-14 04:31:34 Handler State: SEMI_WHAT_NEXT (21) -> SEMI_START (15)
2026-05-14 04:31:34 Handler State: SEMI_START (15) -> SEMI_TO_STORE (17)
2026-05-14 04:31:34 CartMove: Move, from 104 to 108
2026-05-14 04:31:34 CartMoveState: IDLE (1) -> FROM_MOVE (3)
2026-05-14 04:31:35 CartMoveState: FROM_MOVE (3) -> FROM_CART (4)
2026-05-14 04:31:38 CartMoveState: FROM_CART (4) -> AUX_DECIDE (5)
2026-05-14 04:31:38 CartMoveState: AUX_DECIDE (5) -> TO_MOVE (10)
2026-05-14 04:31:40 CartMoveState: TO_MOVE (10) -> TO_CART (11)
2026-05-14 04:31:42 CartMoveState: TO_CART (11) -> HOME_MOVE (12)
2026-05-14 04:31:43 CartMoveState: HOME_MOVE (12) -> HALT (13)
2026-05-14 04:31:43 CartMoveState: HALT (13) -> IDLE (1)
2026-05-14 04:31:43 Handler State: SEMI_TO_STORE (17) -> SEMI_TO_IFS (18)
2026-05-14 04:31:43 CartMove: Move, from 107 to 104
2026-05-14 04:31:43 CartMoveState: IDLE (1) -> FROM_MOVE (3)
2026-05-14 04:31:45 CartMoveState: FROM_MOVE (3) -> FROM_CART (4)
2026-05-14 04:31:47 CartMoveState: FROM_CART (4) -> AUX_DECIDE (5)
2026-05-14 04:31:47 CartMoveState: AUX_DECIDE (5) -> TO_MOVE (10)
2026-05-14 04:31:49 CartMoveState: TO_MOVE (10) -> TO_CART (11)
2026-05-14 04:31:51 CartMoveState: TO_CART (11) -> HOME_MOVE (12)
2026-05-14 04:31:52 CartMoveState: HOME_MOVE (12) -> HALT (13)
2026-05-14 04:31:52 CartMoveState: HALT (13) -> IDLE (1)
2026-05-14 04:31:52 Handler State: SEMI_TO_IFS (18) -> SEMI_PROBE_CART (25)
2026-05-14 04:31:55 Handler State: SEMI_PROBE_CART (25) -> SEMI_PROCESS (16)
2026-05-14 04:33:11 Re-Calculated Filling Volume: 0
2026-05-14 04:33:17 Setting CBS color valve (Finished): 0
2026-05-14 04:33:17 Handler State: SEMI_PROCESS (16) -> SEMI_FROM_IFS (20)
2026-05-14 04:33:17 CartMove: Move, from 104 to 107
2026-05-14 04:33:17 CartMoveState: IDLE (1) -> FROM_MOVE (3)
2026-05-14 04:33:17 CartMoveState: FROM_MOVE (3) -> FROM_CART (4)
2026-05-14 04:33:20 CartMoveState: FROM_CART (4) -> AUX_DECIDE (5)
2026-05-14 04:33:20 CartMoveState: AUX_DECIDE (5) -> TO_MOVE (10)
2026-05-14 04:33:22 CartMoveState: TO_MOVE (10) -> TO_CART (11)
2026-05-14 04:33:24 CartMoveState: TO_CART (11) -> HOME_MOVE (12)
2026-05-14 04:33:25 CartMoveState: HOME_MOVE (12) -> HALT (13)
2026-05-14 04:33:25 CartMoveState: HALT (13) -> IDLE (1)
2026-05-14 04:33:25 Handler State: SEMI_FROM_IFS (20) -> SEMI_FROM_STORE (19)
2026-05-14 04:33:25 CartMove: Move, from 108 to 104
2026-05-14 04:33:25 CartMoveState: IDLE (1) -> FROM_MOVE (3)
2026-05-14 04:33:27 CartMoveState: FROM_MOVE (3) -> FROM_CART (4)
2026-05-14 04:33:29 CartMoveState: FROM_CART (4) -> AUX_DECIDE (5)
2026-05-14 04:33:29 CartMoveState: AUX_DECIDE (5) -> TO_MOVE (10)
2026-05-14 04:33:31 CartMoveState: TO_MOVE (10) -> TO_CART (11)
2026-05-14 04:33:33 CartMoveState: TO_CART (11) -> HOME_MOVE (12)
2026-05-14 04:33:34 CartMoveState: HOME_MOVE (12) -> HALT (13)
2026-05-14 04:33:34 CartMoveState: HALT (13) -> IDLE (1)
2026-05-14 04:33:34 Handler State: SEMI_FROM_STORE (19) -> SEMI_WHAT_NEXT (21)
2026-05-14 04:33:34 Handler State: SEMI_WHAT_NEXT (21) -> SEMI_FINISHED (23)
2026-05-14 04:33:34 Handler State: SEMI_FINISHED (23) -> HANDLER_IDLE (1)
2026-05-14 05:43:01 Handler State: HANDLER_IDLE (1) -> HANDLER_START (2)
2026-05-14 05:43:02 Handler State: HANDLER_START (2) -> DECIDE_CART (3)
2026-05-14 05:43:02 Selection: IFS is clean and its cartridge is cleaned.
2026-05-14 05:43:02 Selected Primary Cartridge: 2
2026-05-14 05:43:02 Selected Primary Station: 103
2026-05-14 05:43:02 Selected Secondary Cartridge: 0
2026-05-14 05:43:02 Selected Secondary Station: 0
2026-05-14 05:43:02 Selected Filling Volume: 650
2026-05-14 05:43:02 Handler State: DECIDE_CART (3) -> CHECK_SEC_CART (26)
2026-05-14 05:43:02 Handler State: CHECK_SEC_CART (26) -> PROBE_CART (24)
2026-05-14 05:43:02 CartMove: Exchange 1, from 103
2026-05-14 05:43:02 CartMoveState: IDLE (1) -> FROM_MOVE (3)
2026-05-14 05:43:02 CartMoveState: FROM_MOVE (3) -> FROM_PROBE (19)
2026-05-14 05:43:03 Handler State: PROBE_CART (24) -> PROCESS_CART (6)
2026-05-14 05:43:04 Setting CBS color valve (FillIFS): 2
2026-05-14 05:43:05 Primed volume (FillIFS): 1.17168
2026-05-14 05:43:05 Re-Calculated Filling Volume: 650
2026-05-14 05:43:05 Setting CBS color valve (FillCart): 2
2026-05-14 05:43:29 Handler State: PROCESS_CART (6) -> EXCHANGE_ONE (7)
2026-05-14 05:43:29 CartMove: Exchange 1, from 103
2026-05-14 05:43:29 CartMoveState: FROM_PROBE (19) -> FROM_CART (4)
2026-05-14 05:43:34 Setting CBS color valve (Finished): 0
2026-05-14 05:43:36 CartMoveState: FROM_CART (4) -> TO_MOVE (10)
2026-05-14 05:43:38 CartMoveState: TO_MOVE (10) -> EXCH_1_WAIT (14)
2026-05-14 05:43:38 Handler State: EXCHANGE_ONE (7) -> START_DCU (8)
2026-05-14 05:43:38 Handler State: START_DCU (8) -> EXCHANGE_TWO (9)
2026-05-14 05:43:38 CartMove: Exchange 2
2026-05-14 05:43:38 CartMoveState: EXCH_1_WAIT (14) -> EXCH_1_CART (15)
2026-05-14 05:43:40 CartMoveState: EXCH_1_CART (15) -> EXCH_2_MOVE (16)
2026-05-14 05:43:41 CartMoveState: EXCH_2_MOVE (16) -> EXCH_2_CART (17)
2026-05-14 05:43:43 CartMoveState: EXCH_2_CART (17) -> HOME_MOVE (12)
2026-05-14 05:43:43 Handler State: EXCHANGE_TWO (9) -> WAIT_FOR_DCU (10)
2026-05-14 05:43:44 Handler State: WAIT_FOR_DCU (10) -> EXCHANGE_THREE (11)
2026-05-14 05:43:44 CartMove: Exchange 3
2026-05-14 05:43:44 CartMoveState: HOME_MOVE (12) -> HALT (13)
2026-05-14 05:43:44 CartMoveState: HALT (13) -> IDLE (1)
2026-05-14 05:43:44 Handler State: EXCHANGE_THREE (11) -> POST_PROCESS (12)
2026-05-14 05:43:44 Handler State: POST_PROCESS (12) -> MOVE_ARM_HOME (14)
2026-05-14 05:43:51 Handler State: MOVE_ARM_HOME (14) -> HANDLER_IDLE (1)
2026-05-14 05:43:58 Handler State: HANDLER_IDLE (1) -> HANDLER_START (2)
2026-05-14 05:43:59 Handler State: HANDLER_START (2) -> DECIDE_CART (3)
2026-05-14 05:43:59 Selection: IFS has correct material.
2026-05-14 05:43:59 Selection: Cartridge is clean.
2026-05-14 05:43:59 Selected Primary Cartridge: 5
2026-05-14 05:43:59 Selected Primary Station: 103
2026-05-14 05:43:59 Selected Secondary Cartridge: 0
2026-05-14 05:43:59 Selected Secondary Station: 0
2026-05-14 05:43:59 Selected Filling Volume: 650
2026-05-14 05:43:59 Handler State: DECIDE_CART (3) -> PLACE_CART (5)
2026-05-14 05:43:59 CartMove: Move, from 106 to 103
2026-05-14 05:43:59 CartMoveState: IDLE (1) -> FROM_MOVE (3)
2026-05-14 05:44:01 CartMoveState: FROM_MOVE (3) -> FROM_CART (4)
2026-05-14 05:44:03 CartMoveState: FROM_CART (4) -> AUX_DECIDE (5)
2026-05-14 05:44:03 CartMoveState: AUX_DECIDE (5) -> TO_MOVE (10)
2026-05-14 05:44:05 CartMoveState: TO_MOVE (10) -> TO_CART (11)
2026-05-14 05:44:07 CartMoveState: TO_CART (11) -> HOME_MOVE (12)
2026-05-14 05:44:07 CartMoveState: HOME_MOVE (12) -> HALT (13)
2026-05-14 05:44:07 CartMoveState: HALT (13) -> IDLE (1)
2026-05-14 05:44:07 Handler State: PLACE_CART (5) -> CHECK_SEC_CART (26)
2026-05-14 05:44:07 Handler State: CHECK_SEC_CART (26) -> PROBE_CART (24)
2026-05-14 05:44:07 CartMove: Exchange 1, from 103
2026-05-14 05:44:07 CartMoveState: IDLE (1) -> FROM_MOVE (3)
2026-05-14 05:44:07 CartMoveState: FROM_MOVE (3) -> FROM_PROBE (19)
2026-05-14 05:44:09 Handler State: PROBE_CART (24) -> PROCESS_CART (6)
2026-05-14 05:44:09 Setting CBS color valve (FillGate): 2
2026-05-14 05:44:10 Primed volume (FillGate): 3.31246
2026-05-14 05:44:10 Re-Calculated Filling Volume: 650
2026-05-14 05:44:10 Setting CBS color valve (FillCart): 2
2026-05-14 05:44:33 Handler State: PROCESS_CART (6) -> EXCHANGE_ONE (7)
2026-05-14 05:44:33 CartMove: Exchange 1, from 103
2026-05-14 05:44:33 CartMoveState: FROM_PROBE (19) -> FROM_CART (4)
2026-05-14 05:44:39 Setting CBS color valve (Finished): 0
2026-05-14 05:44:40 CartMoveState: FROM_CART (4) -> TO_MOVE (10)
2026-05-14 05:44:42 CartMoveState: TO_MOVE (10) -> EXCH_1_WAIT (14)
2026-05-14 05:44:42 Handler State: EXCHANGE_ONE (7) -> START_DCU (8)
2026-05-14 05:45:40 Handler State: START_DCU (8) -> EXCHANGE_TWO (9)
2026-05-14 05:45:40 CartMove: Exchange 2
2026-05-14 05:45:41 CartMoveState: EXCH_1_WAIT (14) -> EXCH_1_CART (15)
2026-05-14 05:45:44 CartMoveState: EXCH_1_CART (15) -> EXCH_2_MOVE (16)
2026-05-14 05:45:45 CartMoveState: EXCH_2_MOVE (16) -> EXCH_2_CART (17)
2026-05-14 05:45:47 CartMoveState: EXCH_2_CART (17) -> STORE_DECIDE (18)
2026-05-14 05:45:47 Used volume for last job: 0
2026-05-14 05:45:47 Handler State: EXCHANGE_TWO (9) -> WAIT_FOR_DCU (10)
2026-05-14 05:45:49 Handler State: WAIT_FOR_DCU (10) -> EXCHANGE_THREE (11)
2026-05-14 05:45:49 CartMove: Exchange 3
2026-05-14 05:45:49 CartMoveState: STORE_DECIDE (18) -> AUX_DECIDE (5)
2026-05-14 05:45:49 CartMoveState: AUX_DECIDE (5) -> TO_MOVE (10)
2026-05-14 05:45:50 CartMoveState: TO_MOVE (10) -> TO_CART (11)
2026-05-14 05:45:52 CartMoveState: TO_CART (11) -> HOME_MOVE (12)
2026-05-14 05:45:53 CartMoveState: HOME_MOVE (12) -> HALT (13)
2026-05-14 05:45:53 CartMoveState: HALT (13) -> IDLE (1)
2026-05-14 05:45:53 Handler State: EXCHANGE_THREE (11) -> POST_PROCESS (12)
2026-05-14 05:45:53 Handler State: POST_PROCESS (12) -> MOVE_ARM_HOME (14)
2026-05-14 05:45:54 Handler State: MOVE_ARM_HOME (14) -> HANDLER_IDLE (1)
2026-05-14 05:50:19 Handler State: HANDLER_IDLE (1) -> HANDLER_START (2)
2026-05-14 05:50:19 Handler State: HANDLER_START (2) -> EXCHANGE_ONE (7)
2026-05-14 05:50:19 CartMove: Exchange 1, from 0
2026-05-14 05:50:19 CartMoveState: IDLE (1) -> TO_MOVE (10)
2026-05-14 05:50:21 CartMoveState: TO_MOVE (10) -> EXCH_1_WAIT (14)
2026-05-14 05:50:21 Handler State: EXCHANGE_ONE (7) -> START_DCU (8)
2026-05-14 05:50:21 Handler State: START_DCU (8) -> EXCHANGE_TWO (9)
2026-05-14 05:50:21 CartMove: Exchange 2
2026-05-14 05:50:30 CartMoveState: EXCH_1_WAIT (14) -> EXCH_1_CART (15)
2026-05-14 05:50:32 CartMoveState: EXCH_1_CART (15) -> STORE_DECIDE (18)
2026-05-14 05:50:32 Used volume for last job: 0
2026-05-14 05:50:32 Handler State: EXCHANGE_TWO (9) -> WAIT_FOR_DCU (10)
2026-05-14 05:50:34 Handler State: WAIT_FOR_DCU (10) -> EXCHANGE_THREE (11)
2026-05-14 05:50:34 CartMove: Exchange 3
2026-05-14 05:50:34 CartMoveState: STORE_DECIDE (18) -> AUX_DECIDE (5)
2026-05-14 05:50:34 CartMoveState: AUX_DECIDE (5) -> TO_MOVE (10)
2026-05-14 05:50:36 CartMoveState: TO_MOVE (10) -> TO_CART (11)
2026-05-14 05:50:38 CartMoveState: TO_CART (11) -> HOME_MOVE (12)
2026-05-14 05:50:39 CartMoveState: HOME_MOVE (12) -> HALT (13)
2026-05-14 05:50:39 CartMoveState: HALT (13) -> IDLE (1)
2026-05-14 05:50:39 Handler State: EXCHANGE_THREE (11) -> POST_PROCESS (12)
2026-05-14 05:50:39 Handler State: POST_PROCESS (12) -> MOVE_ARM_HOME (14)
2026-05-14 05:50:39 Handler State: MOVE_ARM_HOME (14) -> HANDLER_IDLE (1)
2026-05-14 05:50:52 Handler State: HANDLER_IDLE (1) -> SEMI_START (15)
2026-05-14 05:50:52 Handler State: SEMI_START (15) -> SEMI_PROBE_CART (25)
2026-05-14 05:50:55 Handler State: SEMI_PROBE_CART (25) -> SEMI_PROCESS (16)
2026-05-14 05:52:49 Re-Calculated Filling Volume: 0
2026-05-14 05:52:54 Setting CBS color valve (Finished): 0
2026-05-14 05:52:54 Handler State: SEMI_PROCESS (16) -> SEMI_WHAT_NEXT (21)
2026-05-14 05:52:54 Handler State: SEMI_WHAT_NEXT (21) -> SEMI_FINISHED (23)
2026-05-14 05:52:54 Handler State: SEMI_FINISHED (23) -> HANDLER_IDLE (1)
2026-05-14 05:53:24 Handler State: HANDLER_IDLE (1) -> SEMI_START (15)
2026-05-14 05:53:24 Handler State: SEMI_START (15) -> SEMI_TO_STORE (17)
2026-05-14 05:53:24 CartMove: Move, from 103 to 108
2026-05-14 05:53:24 CartMoveState: IDLE (1) -> FROM_MOVE (3)
2026-05-14 05:53:24 CartMoveState: FROM_MOVE (3) -> FROM_CART (4)
2026-05-14 05:53:27 CartMoveState: FROM_CART (4) -> AUX_DECIDE (5)
2026-05-14 05:53:27 CartMoveState: AUX_DECIDE (5) -> TO_MOVE (10)
2026-05-14 05:53:28 CartMoveState: TO_MOVE (10) -> TO_CART (11)
2026-05-14 05:53:30 CartMoveState: TO_CART (11) -> HOME_MOVE (12)
2026-05-14 05:53:32 CartMoveState: HOME_MOVE (12) -> HALT (13)
2026-05-14 05:53:32 CartMoveState: HALT (13) -> IDLE (1)
2026-05-14 05:53:32 Handler State: SEMI_TO_STORE (17) -> SEMI_TO_IFS (18)
2026-05-14 05:53:32 CartMove: Move, from 106 to 103
2026-05-14 05:53:32 CartMoveState: IDLE (1) -> FROM_MOVE (3)
2026-05-14 05:53:33 CartMoveState: FROM_MOVE (3) -> FROM_CART (4)
2026-05-14 05:53:36 CartMoveState: FROM_CART (4) -> AUX_DECIDE (5)
2026-05-14 05:53:36 CartMoveState: AUX_DECIDE (5) -> TO_MOVE (10)
2026-05-14 05:53:37 CartMoveState: TO_MOVE (10) -> TO_CART (11)
2026-05-14 05:53:40 CartMoveState: TO_CART (11) -> HOME_MOVE (12)
2026-05-14 05:53:40 CartMoveState: HOME_MOVE (12) -> HALT (13)
2026-05-14 05:53:40 CartMoveState: HALT (13) -> IDLE (1)
2026-05-14 05:53:40 Handler State: SEMI_TO_IFS (18) -> SEMI_PROBE_CART (25)
2026-05-14 05:53:42 Handler State: SEMI_PROBE_CART (25) -> SEMI_PROCESS (16)
2026-05-14 05:55:36 Re-Calculated Filling Volume: 0
2026-05-14 05:55:42 Setting CBS color valve (Finished): 0
2026-05-14 05:55:42 Handler State: SEMI_PROCESS (16) -> SEMI_FROM_IFS (20)
2026-05-14 05:55:42 CartMove: Move, from 103 to 106
2026-05-14 05:55:42 CartMoveState: IDLE (1) -> FROM_MOVE (3)
2026-05-14 05:55:42 CartMoveState: FROM_MOVE (3) -> FROM_CART (4)
2026-05-14 05:55:44 CartMoveState: FROM_CART (4) -> AUX_DECIDE (5)
2026-05-14 05:55:44 CartMoveState: AUX_DECIDE (5) -> TO_MOVE (10)
2026-05-14 05:55:46 CartMoveState: TO_MOVE (10) -> TO_CART (11)
2026-05-14 05:55:48 CartMoveState: TO_CART (11) -> HOME_MOVE (12)
2026-05-14 05:55:49 CartMoveState: HOME_MOVE (12) -> HALT (13)
2026-05-14 05:55:49 CartMoveState: HALT (13) -> IDLE (1)
2026-05-14 05:55:49 Handler State: SEMI_FROM_IFS (20) -> SEMI_FROM_STORE (19)
2026-05-14 05:55:49 CartMove: Move, from 108 to 103
2026-05-14 05:55:49 CartMoveState: IDLE (1) -> FROM_MOVE (3)
2026-05-14 05:55:51 CartMoveState: FROM_MOVE (3) -> FROM_CART (4)
2026-05-14 05:55:54 CartMoveState: FROM_CART (4) -> AUX_DECIDE (5)
2026-05-14 05:55:54 CartMoveState: AUX_DECIDE (5) -> TO_MOVE (10)
2026-05-14 05:55:55 CartMoveState: TO_MOVE (10) -> TO_CART (11)
2026-05-14 05:55:58 CartMoveState: TO_CART (11) -> HOME_MOVE (12)
2026-05-14 05:55:58 CartMoveState: HOME_MOVE (12) -> HALT (13)
2026-05-14 05:55:58 CartMoveState: HALT (13) -> IDLE (1)
2026-05-14 05:55:58 Handler State: SEMI_FROM_STORE (19) -> SEMI_WHAT_NEXT (21)
2026-05-14 05:55:58 Handler State: SEMI_WHAT_NEXT (21) -> SEMI_FINISHED (23)
2026-05-14 05:55:58 Handler State: SEMI_FINISHED (23) -> HANDLER_IDLE (1)
2026-05-14 06:13:03 Handler State: HANDLER_IDLE (1) -> HANDLER_START (2)
2026-05-14 06:13:04 Handler State: HANDLER_START (2) -> DECIDE_CART (3)
2026-05-14 06:13:04 Selection: IFS is clean and its cartridge is cleaned.
2026-05-14 06:13:04 Selected Primary Cartridge: 2
2026-05-14 06:13:04 Selected Primary Station: 103
2026-05-14 06:13:04 Selected Secondary Cartridge: 0
2026-05-14 06:13:04 Selected Secondary Station: 0
2026-05-14 06:13:04 Selected Filling Volume: 640
2026-05-14 06:13:04 Handler State: DECIDE_CART (3) -> CHECK_SEC_CART (26)
2026-05-14 06:13:04 Handler State: CHECK_SEC_CART (26) -> PROBE_CART (24)
2026-05-14 06:13:04 CartMove: Exchange 1, from 103
2026-05-14 06:13:04 CartMoveState: IDLE (1) -> FROM_MOVE (3)
2026-05-14 06:13:04 CartMoveState: FROM_MOVE (3) -> FROM_PROBE (19)
2026-05-14 06:13:06 Handler State: PROBE_CART (24) -> PROCESS_CART (6)
2026-05-14 06:13:06 Setting CBS color valve (FillIFS): 1
2026-05-14 06:13:07 Primed volume (FillIFS): 1.19729
2026-05-14 06:13:07 Re-Calculated Filling Volume: 640
2026-05-14 06:13:07 Setting CBS color valve (FillCart): 1
2026-05-14 06:13:30 Handler State: PROCESS_CART (6) -> EXCHANGE_ONE (7)
2026-05-14 06:13:30 CartMove: Exchange 1, from 103
2026-05-14 06:13:30 CartMoveState: FROM_PROBE (19) -> FROM_CART (4)
2026-05-14 06:13:36 Setting CBS color valve (Finished): 0
2026-05-14 06:13:37 CartMoveState: FROM_CART (4) -> TO_MOVE (10)
2026-05-14 06:13:39 CartMoveState: TO_MOVE (10) -> EXCH_1_WAIT (14)
2026-05-14 06:13:39 Handler State: EXCHANGE_ONE (7) -> START_DCU (8)
2026-05-14 06:13:39 Handler State: START_DCU (8) -> EXCHANGE_TWO (9)
2026-05-14 06:13:39 CartMove: Exchange 2
2026-05-14 06:13:39 CartMoveState: EXCH_1_WAIT (14) -> EXCH_1_CART (15)
2026-05-14 06:13:42 CartMoveState: EXCH_1_CART (15) -> EXCH_2_MOVE (16)
2026-05-14 06:13:42 CartMoveState: EXCH_2_MOVE (16) -> EXCH_2_CART (17)
2026-05-14 06:13:44 CartMoveState: EXCH_2_CART (17) -> HOME_MOVE (12)
2026-05-14 06:13:44 Handler State: EXCHANGE_TWO (9) -> WAIT_FOR_DCU (10)
2026-05-14 06:13:46 Handler State: WAIT_FOR_DCU (10) -> EXCHANGE_THREE (11)
2026-05-14 06:13:46 CartMove: Exchange 3
2026-05-14 06:13:46 CartMoveState: HOME_MOVE (12) -> HALT (13)
2026-05-14 06:13:46 CartMoveState: HALT (13) -> IDLE (1)
2026-05-14 06:13:46 Handler State: EXCHANGE_THREE (11) -> POST_PROCESS (12)
2026-05-14 06:13:46 Handler State: POST_PROCESS (12) -> MOVE_ARM_HOME (14)
2026-05-14 06:13:52 Handler State: MOVE_ARM_HOME (14) -> HANDLER_IDLE (1)
2026-05-14 06:21:16 Handler State: HANDLER_IDLE (1) -> HANDLER_START (2)
2026-05-14 06:21:17 Handler State: HANDLER_START (2) -> DECIDE_CART (3)
2026-05-14 06:21:17 Selection: Last resort, just pick the first IFS.
2026-05-14 06:21:17 Selection: Cartridge is clean.
2026-05-14 06:21:17 Selected Primary Cartridge: 5
2026-05-14 06:21:17 Selected Primary Station: 103
2026-05-14 06:21:17 Selected Secondary Cartridge: 0
2026-05-14 06:21:17 Selected Secondary Station: 0
2026-05-14 06:21:17 Selected Filling Volume: 457
2026-05-14 06:21:17 Handler State: DECIDE_CART (3) -> PLACE_CART (5)
2026-05-14 06:21:17 CartMove: Move, from 106 to 103
2026-05-14 06:21:17 CartMoveState: IDLE (1) -> FROM_MOVE (3)
2026-05-14 06:21:18 CartMoveState: FROM_MOVE (3) -> FROM_CART (4)
2026-05-14 06:21:20 CartMoveState: FROM_CART (4) -> AUX_DECIDE (5)
2026-05-14 06:21:20 CartMoveState: AUX_DECIDE (5) -> TO_MOVE (10)
2026-05-14 06:21:22 CartMoveState: TO_MOVE (10) -> TO_CART (11)
2026-05-14 06:21:24 CartMoveState: TO_CART (11) -> HOME_MOVE (12)
2026-05-14 06:21:24 CartMoveState: HOME_MOVE (12) -> HALT (13)
2026-05-14 06:21:24 CartMoveState: HALT (13) -> IDLE (1)
2026-05-14 06:21:24 Handler State: PLACE_CART (5) -> CHECK_SEC_CART (26)
2026-05-14 06:21:24 Handler State: CHECK_SEC_CART (26) -> PROBE_CART (24)
2026-05-14 06:21:24 CartMove: Exchange 1, from 103
2026-05-14 06:21:24 CartMoveState: IDLE (1) -> FROM_MOVE (3)
2026-05-14 06:21:24 CartMoveState: FROM_MOVE (3) -> FROM_PROBE (19)
2026-05-14 06:21:26 Handler State: PROBE_CART (24) -> PROCESS_CART (6)
2026-05-14 06:21:51 Setting CBS color valve (FillIFS): 2
2026-05-14 06:21:52 Primed volume (FillIFS): 4.20618
2026-05-14 06:21:52 Re-Calculated Filling Volume: 457
2026-05-14 06:21:52 Setting CBS color valve (FillCart): 2
2026-05-14 06:22:13 Handler State: PROCESS_CART (6) -> EXCHANGE_ONE (7)
2026-05-14 06:22:13 CartMove: Exchange 1, from 103
2026-05-14 06:22:13 CartMoveState: FROM_PROBE (19) -> FROM_CART (4)
2026-05-14 06:22:18 Setting CBS color valve (Finished): 0
2026-05-14 06:22:20 CartMoveState: FROM_CART (4) -> TO_MOVE (10)
2026-05-14 06:22:22 CartMoveState: TO_MOVE (10) -> EXCH_1_WAIT (14)
2026-05-14 06:22:22 Handler State: EXCHANGE_ONE (7) -> START_DCU (8)
2026-05-14 06:22:22 Handler State: START_DCU (8) -> EXCHANGE_TWO (9)
2026-05-14 06:22:22 CartMove: Exchange 2
2026-05-14 06:22:22 CartMoveState: EXCH_1_WAIT (14) -> EXCH_1_CART (15)
2026-05-14 06:22:25 CartMoveState: EXCH_1_CART (15) -> EXCH_2_MOVE (16)
2026-05-14 06:22:26 CartMoveState: EXCH_2_MOVE (16) -> EXCH_2_CART (17)
2026-05-14 06:22:28 CartMoveState: EXCH_2_CART (17) -> STORE_DECIDE (18)
2026-05-14 06:22:28 Used volume for last job: 244.677
2026-05-14 06:22:28 Handler State: EXCHANGE_TWO (9) -> WAIT_FOR_DCU (10)
2026-05-14 06:22:30 Handler State: WAIT_FOR_DCU (10) -> EXCHANGE_THREE (11)
2026-05-14 06:22:30 CartMove: Exchange 3
2026-05-14 06:22:30 CartMoveState: STORE_DECIDE (18) -> AUX_DECIDE (5)
2026-05-14 06:22:30 CartMoveState: AUX_DECIDE (5) -> TO_MOVE (10)
2026-05-14 06:22:30 CartMoveState: TO_MOVE (10) -> TO_CART (11)
2026-05-14 06:22:32 CartMoveState: TO_CART (11) -> HOME_MOVE (12)
2026-05-14 06:22:33 CartMoveState: HOME_MOVE (12) -> HALT (13)
2026-05-14 06:22:33 CartMoveState: HALT (13) -> IDLE (1)
2026-05-14 06:22:33 Handler State: EXCHANGE_THREE (11) -> POST_PROCESS (12)
2026-05-14 06:22:33 Handler State: POST_PROCESS (12) -> MOVE_ARM_HOME (14)
2026-05-14 06:22:33 Handler State: MOVE_ARM_HOME (14) -> HANDLER_IDLE (1)
2026-05-14 06:35:47 Handler State: HANDLER_IDLE (1) -> HANDLER_START (2)
2026-05-14 06:35:48 Handler State: HANDLER_START (2) -> DECIDE_CART (3)
2026-05-14 06:35:48 Selection: IFS is clean and its cartridge is cleaned.
2026-05-14 06:35:48 Selected Primary Cartridge: 1
2026-05-14 06:35:48 Selected Primary Station: 102
2026-05-14 06:35:48 Selected Secondary Cartridge: 0
2026-05-14 06:35:48 Selected Secondary Station: 0
2026-05-14 06:35:48 Selected Filling Volume: 640
2026-05-14 06:35:48 Handler State: DECIDE_CART (3) -> CHECK_SEC_CART (26)
2026-05-14 06:35:48 Handler State: CHECK_SEC_CART (26) -> PROBE_CART (24)
2026-05-14 06:35:48 CartMove: Exchange 1, from 102
2026-05-14 06:35:48 CartMoveState: IDLE (1) -> FROM_MOVE (3)
2026-05-14 06:35:49 CartMoveState: FROM_MOVE (3) -> FROM_PROBE (19)
2026-05-14 06:35:50 Handler State: PROBE_CART (24) -> PROCESS_CART (6)
2026-05-14 06:35:51 Setting CBS color valve (FillIFS): 1
2026-05-14 06:35:53 Primed volume (FillIFS): 0.766831
2026-05-14 06:35:53 Re-Calculated Filling Volume: 640
2026-05-14 06:35:53 Setting CBS color valve (FillCart): 1
2026-05-14 06:36:25 Handler State: PROCESS_CART (6) -> EXCHANGE_ONE (7)
2026-05-14 06:36:25 CartMove: Exchange 1, from 102
2026-05-14 06:36:25 CartMoveState: FROM_PROBE (19) -> FROM_CART (4)
2026-05-14 06:36:31 Setting CBS color valve (Finished): 0
2026-05-14 06:36:33 CartMoveState: FROM_CART (4) -> TO_MOVE (10)
2026-05-14 06:36:34 CartMoveState: TO_MOVE (10) -> EXCH_1_WAIT (14)
2026-05-14 06:36:34 Handler State: EXCHANGE_ONE (7) -> START_DCU (8)
2026-05-14 06:36:34 Handler State: START_DCU (8) -> EXCHANGE_TWO (9)
2026-05-14 06:36:34 CartMove: Exchange 2
2026-05-14 06:36:34 CartMoveState: EXCH_1_WAIT (14) -> EXCH_1_CART (15)
2026-05-14 06:36:37 CartMoveState: EXCH_1_CART (15) -> EXCH_2_MOVE (16)
2026-05-14 06:36:38 CartMoveState: EXCH_2_MOVE (16) -> EXCH_2_CART (17)
2026-05-14 06:36:40 CartMoveState: EXCH_2_CART (17) -> STORE_DECIDE (18)
2026-05-14 06:36:40 Used volume for last job: 404.092
2026-05-14 06:36:40 Handler State: EXCHANGE_TWO (9) -> WAIT_FOR_DCU (10)
2026-05-14 06:36:42 Handler State: WAIT_FOR_DCU (10) -> EXCHANGE_THREE (11)
2026-05-14 06:36:42 CartMove: Exchange 3
2026-05-14 06:36:42 CartMoveState: STORE_DECIDE (18) -> AUX_DECIDE (5)
2026-05-14 06:36:42 CartMoveState: AUX_DECIDE (5) -> TO_MOVE (10)
2026-05-14 06:36:44 CartMoveState: TO_MOVE (10) -> TO_CART (11)
2026-05-14 06:36:46 CartMoveState: TO_CART (11) -> HOME_MOVE (12)
2026-05-14 06:36:47 CartMoveState: HOME_MOVE (12) -> HALT (13)
2026-05-14 06:36:47 CartMoveState: HALT (13) -> IDLE (1)
2026-05-14 06:36:47 Handler State: EXCHANGE_THREE (11) -> POST_PROCESS (12)
2026-05-14 06:36:47 Handler State: POST_PROCESS (12) -> MOVE_ARM_HOME (14)
2026-05-14 06:36:47 Handler State: MOVE_ARM_HOME (14) -> HANDLER_IDLE (1)
2026-05-14 06:44:42 Handler State: HANDLER_IDLE (1) -> HANDLER_START (2)
2026-05-14 06:44:43 Handler State: HANDLER_START (2) -> DECIDE_CART (3)
2026-05-14 06:44:43 Selection: Last resort, just pick the first IFS.
2026-05-14 06:44:43 Selection: Cartridge is clean.
2026-05-14 06:44:43 Selected Primary Cartridge: 4
2026-05-14 06:44:43 Selected Primary Station: 102
2026-05-14 06:44:43 Selected Secondary Cartridge: 0
2026-05-14 06:44:43 Selected Secondary Station: 0
2026-05-14 06:44:43 Selected Filling Volume: 532
2026-05-14 06:44:43 Handler State: DECIDE_CART (3) -> PLACE_CART (5)
2026-05-14 06:44:43 CartMove: Move, from 105 to 102
2026-05-14 06:44:43 CartMoveState: IDLE (1) -> FROM_MOVE (3)
2026-05-14 06:44:44 CartMoveState: FROM_MOVE (3) -> FROM_CART (4)
2026-05-14 06:44:47 CartMoveState: FROM_CART (4) -> AUX_DECIDE (5)
2026-05-14 06:44:47 CartMoveState: AUX_DECIDE (5) -> TO_MOVE (10)
2026-05-14 06:44:48 CartMoveState: TO_MOVE (10) -> TO_CART (11)
2026-05-14 06:44:51 CartMoveState: TO_CART (11) -> HOME_MOVE (12)
2026-05-14 06:44:51 CartMoveState: HOME_MOVE (12) -> HALT (13)
2026-05-14 06:44:51 CartMoveState: HALT (13) -> IDLE (1)
2026-05-14 06:44:51 Handler State: PLACE_CART (5) -> CHECK_SEC_CART (26)
2026-05-14 06:44:51 Handler State: CHECK_SEC_CART (26) -> PROBE_CART (24)
2026-05-14 06:44:51 CartMove: Exchange 1, from 102
2026-05-14 06:44:51 CartMoveState: IDLE (1) -> FROM_MOVE (3)
2026-05-14 06:44:52 CartMoveState: FROM_MOVE (3) -> FROM_PROBE (19)
2026-05-14 06:44:54 Handler State: PROBE_CART (24) -> PROCESS_CART (6)
2026-05-14 06:45:22 Setting CBS color valve (FillIFS): 2
2026-05-14 06:45:23 Primed volume (FillIFS): 5.05805
2026-05-14 06:45:23 Re-Calculated Filling Volume: 532
2026-05-14 06:45:23 Setting CBS color valve (FillCart): 2
2026-05-14 06:45:51 Handler State: PROCESS_CART (6) -> EXCHANGE_ONE (7)
2026-05-14 06:45:51 CartMove: Exchange 1, from 102
2026-05-14 06:45:51 CartMoveState: FROM_PROBE (19) -> FROM_CART (4)
2026-05-14 06:45:57 Setting CBS color valve (Finished): 0
2026-05-14 06:45:59 CartMoveState: FROM_CART (4) -> TO_MOVE (10)
2026-05-14 06:46:00 CartMoveState: TO_MOVE (10) -> EXCH_1_WAIT (14)
2026-05-14 06:46:00 Handler State: EXCHANGE_ONE (7) -> START_DCU (8)
2026-05-14 06:46:00 Handler State: START_DCU (8) -> EXCHANGE_TWO (9)
2026-05-14 06:46:00 CartMove: Exchange 2
2026-05-14 06:46:00 CartMoveState: EXCH_1_WAIT (14) -> EXCH_1_CART (15)
2026-05-14 06:46:03 CartMoveState: EXCH_1_CART (15) -> EXCH_2_MOVE (16)
2026-05-14 06:46:04 CartMoveState: EXCH_2_MOVE (16) -> EXCH_2_CART (17)
2026-05-14 06:46:06 CartMoveState: EXCH_2_CART (17) -> STORE_DECIDE (18)
2026-05-14 06:46:06 Used volume for last job: 181.274
2026-05-14 06:46:06 Handler State: EXCHANGE_TWO (9) -> WAIT_FOR_DCU (10)
2026-05-14 06:46:08 Handler State: WAIT_FOR_DCU (10) -> EXCHANGE_THREE (11)
2026-05-14 06:46:08 CartMove: Exchange 3
2026-05-14 06:46:08 CartMoveState: STORE_DECIDE (18) -> AUX_DECIDE (5)
2026-05-14 06:46:08 CartMoveState: AUX_DECIDE (5) -> TO_MOVE (10)
2026-05-14 06:46:08 CartMoveState: TO_MOVE (10) -> TO_CART (11)
2026-05-14 06:46:10 CartMoveState: TO_CART (11) -> HOME_MOVE (12)
2026-05-14 06:46:10 CartMoveState: HOME_MOVE (12) -> HALT (13)
2026-05-14 06:46:10 CartMoveState: HALT (13) -> IDLE (1)
2026-05-14 06:46:10 Handler State: EXCHANGE_THREE (11) -> POST_PROCESS (12)
2026-05-14 06:46:10 Handler State: POST_PROCESS (12) -> MOVE_ARM_HOME (14)
2026-05-14 06:46:11 Handler State: MOVE_ARM_HOME (14) -> HANDLER_IDLE (1)
2026-05-14 06:53:39 Handler State: HANDLER_IDLE (1) -> HANDLER_START (2)
2026-05-14 06:53:40 Handler State: HANDLER_START (2) -> DECIDE_CART (3)
2026-05-14 06:53:40 Selection: IFS has correct material.
2026-05-14 06:53:40 Selection: Last resort, just pick the first cartridge.
2026-05-14 06:53:40 Selected Primary Cartridge: 1
2026-05-14 06:53:40 Selected Primary Station: 102
2026-05-14 06:53:40 Selected Secondary Cartridge: 0
2026-05-14 06:53:40 Selected Secondary Station: 0
2026-05-14 06:53:40 Selected Filling Volume: 650
2026-05-14 06:53:40 Handler State: DECIDE_CART (3) -> CHECK_SEC_CART (26)
2026-05-14 06:53:40 Handler State: CHECK_SEC_CART (26) -> PROBE_CART (24)
2026-05-14 06:53:40 CartMove: Exchange 1, from 102
2026-05-14 06:53:40 CartMoveState: IDLE (1) -> FROM_MOVE (3)
2026-05-14 06:53:41 CartMoveState: FROM_MOVE (3) -> FROM_PROBE (19)
2026-05-14 06:53:42 Handler State: PROBE_CART (24) -> PROCESS_CART (6)
2026-05-14 06:55:12 Setting CBS color valve (FillGate): 1
2026-05-14 06:55:13 Primed volume (FillGate): 1.44737
2026-05-14 06:55:13 Re-Calculated Filling Volume: 650
2026-05-14 06:55:13 Setting CBS color valve (FillCart): 1
2026-05-14 06:55:39 Handler State: PROCESS_CART (6) -> EXCHANGE_ONE (7)
2026-05-14 06:55:39 CartMove: Exchange 1, from 102
2026-05-14 06:55:39 CartMoveState: FROM_PROBE (19) -> FROM_CART (4)
2026-05-14 06:55:46 Setting CBS color valve (Finished): 0
2026-05-14 06:55:48 CartMoveState: FROM_CART (4) -> TO_MOVE (10)
2026-05-14 06:55:48 CartMoveState: TO_MOVE (10) -> EXCH_1_WAIT (14)
2026-05-14 06:55:48 Handler State: EXCHANGE_ONE (7) -> START_DCU (8)
2026-05-14 06:55:49 Handler State: START_DCU (8) -> EXCHANGE_TWO (9)
2026-05-14 06:55:49 CartMove: Exchange 2
2026-05-14 06:55:49 CartMoveState: EXCH_1_WAIT (14) -> EXCH_1_CART (15)
2026-05-14 06:55:51 CartMoveState: EXCH_1_CART (15) -> EXCH_2_MOVE (16)
2026-05-14 06:55:52 CartMoveState: EXCH_2_MOVE (16) -> EXCH_2_CART (17)
2026-05-14 06:55:54 CartMoveState: EXCH_2_CART (17) -> STORE_DECIDE (18)
2026-05-14 06:55:54 Used volume for last job: 0
2026-05-14 06:55:54 Handler State: EXCHANGE_TWO (9) -> WAIT_FOR_DCU (10)
2026-05-14 06:55:55 Handler State: WAIT_FOR_DCU (10) -> EXCHANGE_THREE (11)
2026-05-14 06:55:55 CartMove: Exchange 3
2026-05-14 06:55:55 CartMoveState: STORE_DECIDE (18) -> AUX_DECIDE (5)
2026-05-14 06:55:55 CartMoveState: AUX_DECIDE (5) -> TO_MOVE (10)
2026-05-14 06:55:55 CartMoveState: TO_MOVE (10) -> TO_CART (11)
2026-05-14 06:55:58 CartMoveState: TO_CART (11) -> HOME_MOVE (12)
2026-05-14 06:55:58 CartMoveState: HOME_MOVE (12) -> HALT (13)
2026-05-14 06:55:58 CartMoveState: HALT (13) -> IDLE (1)
2026-05-14 06:55:58 Handler State: EXCHANGE_THREE (11) -> POST_PROCESS (12)
2026-05-14 06:55:58 Handler State: POST_PROCESS (12) -> MOVE_ARM_HOME (14)
2026-05-14 06:56:01 Handler State: MOVE_ARM_HOME (14) -> HANDLER_IDLE (1)
2026-05-14 07:00:58 Handler State: HANDLER_IDLE (1) -> HANDLER_START (2)
2026-05-14 07:00:59 Handler State: HANDLER_START (2) -> DECIDE_CART (3)
2026-05-14 07:00:59 Selection: IFS is clean and its cartridge is cleaned.
2026-05-14 07:00:59 Selected Primary Cartridge: 3
2026-05-14 07:00:59 Selected Primary Station: 104
2026-05-14 07:00:59 Selected Secondary Cartridge: 0
2026-05-14 07:00:59 Selected Secondary Station: 0
2026-05-14 07:00:59 Selected Filling Volume: 640
2026-05-14 07:00:59 Handler State: DECIDE_CART (3) -> CHECK_SEC_CART (26)
2026-05-14 07:00:59 Handler State: CHECK_SEC_CART (26) -> PROBE_CART (24)
2026-05-14 07:00:59 CartMove: Exchange 1, from 104
2026-05-14 07:00:59 CartMoveState: IDLE (1) -> FROM_MOVE (3)
2026-05-14 07:01:00 CartMoveState: FROM_MOVE (3) -> FROM_PROBE (19)
2026-05-14 07:01:02 Handler State: PROBE_CART (24) -> PROCESS_CART (6)
2026-05-14 07:01:02 Setting CBS color valve (FillIFS): 1
2026-05-14 07:01:03 Primed volume (FillIFS): 1.47444
2026-05-14 07:01:03 Re-Calculated Filling Volume: 640
2026-05-14 07:01:03 Setting CBS color valve (FillCart): 1
2026-05-14 07:01:28 Handler State: PROCESS_CART (6) -> EXCHANGE_ONE (7)
2026-05-14 07:01:28 CartMove: Exchange 1, from 104
2026-05-14 07:01:28 CartMoveState: FROM_PROBE (19) -> FROM_CART (4)
2026-05-14 07:01:34 Setting CBS color valve (Finished): 0
2026-05-14 07:01:36 CartMoveState: FROM_CART (4) -> TO_MOVE (10)
2026-05-14 07:01:37 CartMoveState: TO_MOVE (10) -> EXCH_1_WAIT (14)
2026-05-14 07:01:37 Handler State: EXCHANGE_ONE (7) -> START_DCU (8)
2026-05-14 07:01:38 Handler State: START_DCU (8) -> EXCHANGE_TWO (9)
2026-05-14 07:01:38 CartMove: Exchange 2
2026-05-14 07:01:38 CartMoveState: EXCH_1_WAIT (14) -> EXCH_1_CART (15)
2026-05-14 07:01:40 CartMoveState: EXCH_1_CART (15) -> EXCH_2_MOVE (16)
2026-05-14 07:01:41 CartMoveState: EXCH_2_MOVE (16) -> EXCH_2_CART (17)
2026-05-14 07:01:43 CartMoveState: EXCH_2_CART (17) -> STORE_DECIDE (18)
2026-05-14 07:01:43 Used volume for last job: 478.46
2026-05-14 07:01:43 Handler State: EXCHANGE_TWO (9) -> WAIT_FOR_DCU (10)
2026-05-14 07:01:45 Handler State: WAIT_FOR_DCU (10) -> EXCHANGE_THREE (11)
2026-05-14 07:01:45 CartMove: Exchange 3
2026-05-14 07:01:45 CartMoveState: STORE_DECIDE (18) -> AUX_DECIDE (5)
2026-05-14 07:01:45 CartMoveState: AUX_DECIDE (5) -> TO_MOVE (10)
2026-05-14 07:01:47 CartMoveState: TO_MOVE (10) -> TO_CART (11)
2026-05-14 07:01:49 CartMoveState: TO_CART (11) -> HOME_MOVE (12)
2026-05-14 07:01:50 CartMoveState: HOME_MOVE (12) -> HALT (13)
2026-05-14 07:01:50 CartMoveState: HALT (13) -> IDLE (1)
2026-05-14 07:01:50 Handler State: EXCHANGE_THREE (11) -> POST_PROCESS (12)
2026-05-14 07:01:50 Handler State: POST_PROCESS (12) -> MOVE_ARM_HOME (14)
2026-05-14 07:01:51 Handler State: MOVE_ARM_HOME (14) -> HANDLER_IDLE (1)
2026-05-14 07:04:47 Handler State: HANDLER_IDLE (1) -> HANDLER_START (2)
2026-05-14 07:04:48 Handler State: HANDLER_START (2) -> DECIDE_CART (3)
2026-05-14 07:04:48 Selection: Last resort, just pick the first IFS.
2026-05-14 07:04:48 Selection: Last resort, just pick the first cartridge.
2026-05-14 07:04:48 Selected Primary Cartridge: 1
2026-05-14 07:04:48 Selected Primary Station: 102
2026-05-14 07:04:48 Selected Secondary Cartridge: 0
2026-05-14 07:04:48 Selected Secondary Station: 0
2026-05-14 07:04:48 Selected Filling Volume: 461
2026-05-14 07:04:48 Handler State: DECIDE_CART (3) -> REMOVE_CART (4)
2026-05-14 07:04:48 CartMove: Move, from 102 to 108
2026-05-14 07:04:48 CartMoveState: IDLE (1) -> FROM_MOVE (3)
2026-05-14 07:04:48 CartMoveState: FROM_MOVE (3) -> FROM_CART (4)
2026-05-14 07:04:51 CartMoveState: FROM_CART (4) -> AUX_DECIDE (5)
2026-05-14 07:04:51 CartMoveState: AUX_DECIDE (5) -> TO_MOVE (10)
2026-05-14 07:04:53 CartMoveState: TO_MOVE (10) -> TO_CART (11)
2026-05-14 07:04:55 CartMoveState: TO_CART (11) -> HOME_MOVE (12)
2026-05-14 07:04:56 CartMoveState: HOME_MOVE (12) -> HALT (13)
2026-05-14 07:04:56 CartMoveState: HALT (13) -> IDLE (1)
2026-05-14 07:04:56 Handler State: REMOVE_CART (4) -> PLACE_CART (5)
2026-05-14 07:04:56 CartMove: Move, from 105 to 102
2026-05-14 07:04:56 CartMoveState: IDLE (1) -> FROM_MOVE (3)
2026-05-14 07:04:58 CartMoveState: FROM_MOVE (3) -> FROM_CART (4)
2026-05-14 07:05:00 CartMoveState: FROM_CART (4) -> AUX_DECIDE (5)
2026-05-14 07:05:00 CartMoveState: AUX_DECIDE (5) -> TO_MOVE (10)
2026-05-14 07:05:02 CartMoveState: TO_MOVE (10) -> TO_CART (11)
2026-05-14 07:05:04 CartMoveState: TO_CART (11) -> HOME_MOVE (12)
2026-05-14 07:05:05 CartMoveState: HOME_MOVE (12) -> HALT (13)
2026-05-14 07:05:05 CartMoveState: HALT (13) -> IDLE (1)
2026-05-14 07:05:05 Handler State: PLACE_CART (5) -> CHECK_SEC_CART (26)
2026-05-14 07:05:05 Handler State: CHECK_SEC_CART (26) -> PROBE_CART (24)
2026-05-14 07:05:05 CartMove: Exchange 1, from 102
2026-05-14 07:05:05 CartMoveState: IDLE (1) -> FROM_MOVE (3)
2026-05-14 07:05:06 CartMoveState: FROM_MOVE (3) -> FROM_PROBE (19)
2026-05-14 07:05:07 Handler State: PROBE_CART (24) -> PROCESS_CART (6)
2026-05-14 07:06:00 Setting CBS color valve (FillIFS): 2
2026-05-14 07:06:02 Primed volume (FillIFS): 4.7832
2026-05-14 07:06:02 Re-Calculated Filling Volume: 461
2026-05-14 07:06:02 Setting CBS color valve (FillCart): 2
2026-05-14 07:06:21 Handler State: PROCESS_CART (6) -> EXCHANGE_ONE (7)
2026-05-14 07:06:21 CartMove: Exchange 1, from 102
2026-05-14 07:06:21 CartMoveState: FROM_PROBE (19) -> FROM_CART (4)
2026-05-14 07:06:28 Setting CBS color valve (Finished): 0
2026-05-14 07:06:30 CartMoveState: FROM_CART (4) -> TO_MOVE (10)
2026-05-14 07:06:30 CartMoveState: TO_MOVE (10) -> EXCH_1_WAIT (14)
2026-05-14 07:06:30 Handler State: EXCHANGE_ONE (7) -> START_DCU (8)
2026-05-14 07:06:31 Handler State: START_DCU (8) -> EXCHANGE_TWO (9)
2026-05-14 07:06:31 CartMove: Exchange 2
2026-05-14 07:06:31 CartMoveState: EXCH_1_WAIT (14) -> EXCH_1_CART (15)
2026-05-14 07:06:34 CartMoveState: EXCH_1_CART (15) -> EXCH_2_MOVE (16)
2026-05-14 07:06:34 CartMoveState: EXCH_2_MOVE (16) -> EXCH_2_CART (17)
2026-05-14 07:06:36 CartMoveState: EXCH_2_CART (17) -> STORE_DECIDE (18)
2026-05-14 07:06:36 Used volume for last job: 264.14
2026-05-14 07:06:36 Handler State: EXCHANGE_TWO (9) -> WAIT_FOR_DCU (10)
2026-05-14 07:06:38 Handler State: WAIT_FOR_DCU (10) -> EXCHANGE_THREE (11)
2026-05-14 07:06:38 CartMove: Exchange 3
2026-05-14 07:06:38 CartMoveState: STORE_DECIDE (18) -> AUX_DECIDE (5)
2026-05-14 07:06:38 CartMoveState: AUX_DECIDE (5) -> TO_MOVE (10)
2026-05-14 07:06:39 CartMoveState: TO_MOVE (10) -> TO_CART (11)
2026-05-14 07:06:41 CartMoveState: TO_CART (11) -> HOME_MOVE (12)
2026-05-14 07:06:42 CartMoveState: HOME_MOVE (12) -> HALT (13)
2026-05-14 07:06:42 CartMoveState: HALT (13) -> IDLE (1)
2026-05-14 07:06:42 Handler State: EXCHANGE_THREE (11) -> POST_PROCESS (12)
2026-05-14 07:06:42 Handler State: POST_PROCESS (12) -> EMPTY_AUX (13)
2026-05-14 07:06:42 CartMove: Move, from 108 to 102
2026-05-14 07:06:42 CartMoveState: IDLE (1) -> FROM_MOVE (3)
2026-05-14 07:06:43 CartMoveState: FROM_MOVE (3) -> FROM_CART (4)
2026-05-14 07:06:46 CartMoveState: FROM_CART (4) -> AUX_DECIDE (5)
2026-05-14 07:06:46 CartMoveState: AUX_DECIDE (5) -> TO_MOVE (10)
2026-05-14 07:06:48 CartMoveState: TO_MOVE (10) -> TO_CART (11)
2026-05-14 07:06:50 CartMoveState: TO_CART (11) -> HOME_MOVE (12)
2026-05-14 07:06:51 CartMoveState: HOME_MOVE (12) -> HALT (13)
2026-05-14 07:06:51 CartMoveState: HALT (13) -> IDLE (1)
2026-05-14 07:06:51 Handler State: EMPTY_AUX (13) -> MOVE_ARM_HOME (14)
2026-05-14 07:06:51 Handler State: MOVE_ARM_HOME (14) -> HANDLER_IDLE (1)
2026-05-14 07:15:04 Handler State: HANDLER_IDLE (1) -> SEMI_START (15)
2026-05-14 07:15:04 Handler State: SEMI_START (15) -> SEMI_PROBE_CART (25)
2026-05-14 07:15:07 Handler State: SEMI_PROBE_CART (25) -> SEMI_PROCESS (16)
2026-05-14 07:16:54 Re-Calculated Filling Volume: 0
2026-05-14 07:17:01 Setting CBS color valve (Finished): 0
2026-05-14 07:17:01 Handler State: SEMI_PROCESS (16) -> SEMI_WHAT_NEXT (21)
2026-05-14 07:17:01 Handler State: SEMI_WHAT_NEXT (21) -> SEMI_FINISHED (23)
2026-05-14 07:17:02 Handler State: SEMI_FINISHED (23) -> HANDLER_IDLE (1)
2026-05-14 07:27:21 Handler State: HANDLER_IDLE (1) -> HANDLER_START (2)
2026-05-14 07:27:21 Handler State: HANDLER_START (2) -> DECIDE_CART (3)
2026-05-14 07:27:21 Selection: IFS is clean and its cartridge is cleaned.
2026-05-14 07:27:21 Selected Primary Cartridge: 4
2026-05-14 07:27:21 Selected Primary Station: 102
2026-05-14 07:27:21 Selected Secondary Cartridge: 0
2026-05-14 07:27:21 Selected Secondary Station: 0
2026-05-14 07:27:21 Selected Filling Volume: 532
2026-05-14 07:27:21 Handler State: DECIDE_CART (3) -> CHECK_SEC_CART (26)
2026-05-14 07:27:22 Handler State: CHECK_SEC_CART (26) -> PROBE_CART (24)
2026-05-14 07:27:22 CartMove: Exchange 1, from 102
2026-05-14 07:27:22 CartMoveState: IDLE (1) -> FROM_MOVE (3)
2026-05-14 07:27:22 CartMoveState: FROM_MOVE (3) -> FROM_PROBE (19)
2026-05-14 07:27:24 Handler State: PROBE_CART (24) -> PROCESS_CART (6)
2026-05-14 07:27:24 Setting CBS color valve (FillIFS): 1
2026-05-14 07:27:26 Primed volume (FillIFS): 1.46533
2026-05-14 07:27:26 Re-Calculated Filling Volume: 532
2026-05-14 07:27:26 Setting CBS color valve (FillCart): 1
2026-05-14 07:27:56 Handler State: PROCESS_CART (6) -> EXCHANGE_ONE (7)
2026-05-14 07:27:56 CartMove: Exchange 1, from 102
2026-05-14 07:27:56 CartMoveState: FROM_PROBE (19) -> FROM_CART (4)
2026-05-14 07:28:03 Setting CBS color valve (Finished): 0
2026-05-14 07:28:05 CartMoveState: FROM_CART (4) -> TO_MOVE (10)
2026-05-14 07:28:05 CartMoveState: TO_MOVE (10) -> EXCH_1_WAIT (14)
2026-05-14 07:28:05 Handler State: EXCHANGE_ONE (7) -> START_DCU (8)
2026-05-14 07:28:06 Handler State: START_DCU (8) -> EXCHANGE_TWO (9)
2026-05-14 07:28:06 CartMove: Exchange 2
2026-05-14 07:28:06 CartMoveState: EXCH_1_WAIT (14) -> EXCH_1_CART (15)
2026-05-14 07:28:08 CartMoveState: EXCH_1_CART (15) -> EXCH_2_MOVE (16)
2026-05-14 07:28:10 CartMoveState: EXCH_2_MOVE (16) -> EXCH_2_CART (17)
2026-05-14 07:28:12 CartMoveState: EXCH_2_CART (17) -> STORE_DECIDE (18)
2026-05-14 07:28:12 Used volume for last job: 406.6
2026-05-14 07:28:12 Handler State: EXCHANGE_TWO (9) -> WAIT_FOR_DCU (10)
2026-05-14 07:28:13 Handler State: WAIT_FOR_DCU (10) -> EXCHANGE_THREE (11)
2026-05-14 07:28:13 CartMove: Exchange 3
2026-05-14 07:28:13 CartMoveState: STORE_DECIDE (18) -> AUX_DECIDE (5)
2026-05-14 07:28:13 CartMoveState: AUX_DECIDE (5) -> TO_MOVE (10)
2026-05-14 07:28:13 CartMoveState: TO_MOVE (10) -> TO_CART (11)
2026-05-14 07:28:16 CartMoveState: TO_CART (11) -> HOME_MOVE (12)
2026-05-14 07:28:16 CartMoveState: HOME_MOVE (12) -> HALT (13)
2026-05-14 07:28:16 CartMoveState: HALT (13) -> IDLE (1)
2026-05-14 07:28:16 Handler State: EXCHANGE_THREE (11) -> POST_PROCESS (12)
2026-05-14 07:28:16 Handler State: POST_PROCESS (12) -> MOVE_ARM_HOME (14)
2026-05-14 07:28:17 Handler State: MOVE_ARM_HOME (14) -> HANDLER_IDLE (1)
2026-05-14 07:28:24 Handler State: HANDLER_IDLE (1) -> HANDLER_START (2)
2026-05-14 07:28:25 Handler State: HANDLER_START (2) -> DECIDE_CART (3)
2026-05-14 07:28:25 Selection: Last resort, just pick the first IFS.
2026-05-14 07:28:25 Selection: Last resort, just pick the first cartridge.
2026-05-14 07:28:25 Selected Primary Cartridge: 2
2026-05-14 07:28:26 Selected Primary Station: 103
2026-05-14 07:28:26 Selected Secondary Cartridge: 0
2026-05-14 07:28:26 Selected Secondary Station: 0
2026-05-14 07:28:26 Selected Filling Volume: 640
2026-05-14 07:28:26 Handler State: DECIDE_CART (3) -> CHECK_SEC_CART (26)
2026-05-14 07:28:26 Handler State: CHECK_SEC_CART (26) -> PROBE_CART (24)
2026-05-14 07:28:26 CartMove: Exchange 1, from 103
2026-05-14 07:28:26 CartMoveState: IDLE (1) -> FROM_MOVE (3)
2026-05-14 07:28:26 CartMoveState: FROM_MOVE (3) -> FROM_PROBE (19)
2026-05-14 07:28:27 Handler State: PROBE_CART (24) -> PROCESS_CART (6)
2026-05-14 07:29:48 Setting CBS color valve (FillIFS): 1
2026-05-14 07:29:49 Primed volume (FillIFS): 4.7498
2026-05-14 07:29:49 Re-Calculated Filling Volume: 640
2026-05-14 07:29:49 Setting CBS color valve (FillCart): 1
2026-05-14 07:30:12 Handler State: PROCESS_CART (6) -> EXCHANGE_ONE (7)
2026-05-14 07:30:12 CartMove: Exchange 1, from 103
2026-05-14 07:30:12 CartMoveState: FROM_PROBE (19) -> FROM_CART (4)
2026-05-14 07:30:17 Setting CBS color valve (Finished): 0
2026-05-14 07:30:19 CartMoveState: FROM_CART (4) -> TO_MOVE (10)
2026-05-14 07:30:21 CartMoveState: TO_MOVE (10) -> EXCH_1_WAIT (14)
2026-05-14 07:30:21 Handler State: EXCHANGE_ONE (7) -> START_DCU (8)
2026-05-14 07:32:35 Handler State: START_DCU (8) -> EXCHANGE_TWO (9)
2026-05-14 07:32:35 CartMove: Exchange 2
2026-05-14 07:32:46 CartMoveState: EXCH_1_WAIT (14) -> EXCH_1_CART (15)
2026-05-14 07:32:48 CartMoveState: EXCH_1_CART (15) -> EXCH_2_MOVE (16)
2026-05-14 07:32:49 CartMoveState: EXCH_2_MOVE (16) -> EXCH_2_CART (17)
2026-05-14 07:32:51 CartMoveState: EXCH_2_CART (17) -> STORE_DECIDE (18)
2026-05-14 07:32:51 Used volume for last job: 478.551
2026-05-14 07:32:51 Handler State: EXCHANGE_TWO (9) -> WAIT_FOR_DCU (10)
2026-05-14 07:32:53 Handler State: WAIT_FOR_DCU (10) -> EXCHANGE_THREE (11)
2026-05-14 07:32:53 CartMove: Exchange 3
2026-05-14 07:32:53 CartMoveState: STORE_DECIDE (18) -> AUX_DECIDE (5)
2026-05-14 07:32:53 CartMoveState: AUX_DECIDE (5) -> TO_MOVE (10)
2026-05-14 07:32:54 CartMoveState: TO_MOVE (10) -> TO_CART (11)
2026-05-14 07:32:56 CartMoveState: TO_CART (11) -> HOME_MOVE (12)
2026-05-14 07:32:58 CartMoveState: HOME_MOVE (12) -> HALT (13)
2026-05-14 07:32:58 CartMoveState: HALT (13) -> IDLE (1)
2026-05-14 07:32:58 Handler State: EXCHANGE_THREE (11) -> POST_PROCESS (12)
2026-05-14 07:32:58 Handler State: POST_PROCESS (12) -> MOVE_ARM_HOME (14)
2026-05-14 07:32:58 Handler State: MOVE_ARM_HOME (14) -> HANDLER_IDLE (1)
2026-05-14 07:33:38 Handler State: HANDLER_IDLE (1) -> HANDLER_START (2)
2026-05-14 07:33:39 Handler State: HANDLER_START (2) -> DECIDE_CART (3)
2026-05-14 07:33:39 Selection: IFS has correct material and its cartridge has correct material.
2026-05-14 07:33:39 Selected Primary Cartridge: 3
2026-05-14 07:33:39 Selected Primary Station: 104
2026-05-14 07:33:39 Selected Secondary Cartridge: 0
2026-05-14 07:33:39 Selected Secondary Station: 0
2026-05-14 07:33:39 Selected Filling Volume: 551
2026-05-14 07:33:39 Handler State: DECIDE_CART (3) -> CHECK_SEC_CART (26)
2026-05-14 07:33:39 Handler State: CHECK_SEC_CART (26) -> PROBE_CART (24)
2026-05-14 07:33:39 CartMove: Exchange 1, from 104
2026-05-14 07:33:39 CartMoveState: IDLE (1) -> FROM_MOVE (3)
2026-05-14 07:33:39 CartMoveState: FROM_MOVE (3) -> FROM_PROBE (19)
2026-05-14 07:33:41 Handler State: PROBE_CART (24) -> PROCESS_CART (6)
2026-05-14 07:34:58 Setting CBS color valve (FillGate): 1
2026-05-14 07:34:59 Primed volume (FillGate): 1.33076
2026-05-14 07:34:59 Re-Calculated Filling Volume: 551
2026-05-14 07:34:59 Setting CBS color valve (FillCart): 1
2026-05-14 07:35:22 Handler State: PROCESS_CART (6) -> EXCHANGE_ONE (7)
2026-05-14 07:35:22 CartMove: Exchange 1, from 104
2026-05-14 07:35:22 CartMoveState: FROM_PROBE (19) -> FROM_CART (4)
2026-05-14 07:35:27 Setting CBS color valve (Finished): 0
2026-05-14 07:35:29 CartMoveState: FROM_CART (4) -> TO_MOVE (10)
2026-05-14 07:35:31 CartMoveState: TO_MOVE (10) -> EXCH_1_WAIT (14)
2026-05-14 07:35:31 Handler State: EXCHANGE_ONE (7) -> START_DCU (8)
2026-05-14 07:36:22 Handler State: START_DCU (8) -> EXCHANGE_TWO (9)
2026-05-14 07:36:22 CartMove: Exchange 2
2026-05-14 07:36:33 CartMoveState: EXCH_1_WAIT (14) -> EXCH_1_CART (15)
2026-05-14 07:36:36 CartMoveState: EXCH_1_CART (15) -> EXCH_2_MOVE (16)
2026-05-14 07:36:37 CartMoveState: EXCH_2_MOVE (16) -> EXCH_2_CART (17)
2026-05-14 07:36:39 CartMoveState: EXCH_2_CART (17) -> STORE_DECIDE (18)
2026-05-14 07:36:39 Used volume for last job: 249.671
2026-05-14 07:36:39 Handler State: EXCHANGE_TWO (9) -> WAIT_FOR_DCU (10)
2026-05-14 07:36:41 Handler State: WAIT_FOR_DCU (10) -> EXCHANGE_THREE (11)
2026-05-14 07:36:41 CartMove: Exchange 3
2026-05-14 07:36:41 CartMoveState: STORE_DECIDE (18) -> AUX_DECIDE (5)
2026-05-14 07:36:41 CartMoveState: AUX_DECIDE (5) -> TO_MOVE (10)
2026-05-14 07:36:41 CartMoveState: TO_MOVE (10) -> TO_CART (11)
2026-05-14 07:36:43 CartMoveState: TO_CART (11) -> HOME_MOVE (12)
2026-05-14 07:36:44 CartMoveState: HOME_MOVE (12) -> HALT (13)
2026-05-14 07:36:44 CartMoveState: HALT (13) -> IDLE (1)
2026-05-14 07:36:44 Handler State: EXCHANGE_THREE (11) -> POST_PROCESS (12)
2026-05-14 07:36:44 Handler State: POST_PROCESS (12) -> MOVE_ARM_HOME (14)
2026-05-14 07:36:44 Handler State: MOVE_ARM_HOME (14) -> HANDLER_IDLE (1)
2026-05-14 07:38:25 Handler State: HANDLER_IDLE (1) -> HANDLER_START (2)
2026-05-14 07:38:26 Handler State: HANDLER_START (2) -> DECIDE_CART (3)
2026-05-14 07:38:26 Selection: Last resort, just pick the first IFS.
2026-05-14 07:38:26 Selection: Cartridge is clean.
2026-05-14 07:38:26 Selected Primary Cartridge: 6
2026-05-14 07:38:26 Selected Primary Station: 104
2026-05-14 07:38:26 Selected Secondary Cartridge: 0
2026-05-14 07:38:26 Selected Secondary Station: 0
2026-05-14 07:38:26 Selected Filling Volume: 640
2026-05-14 07:38:26 Handler State: DECIDE_CART (3) -> PLACE_CART (5)
2026-05-14 07:38:26 CartMove: Move, from 107 to 104
2026-05-14 07:38:26 CartMoveState: IDLE (1) -> FROM_MOVE (3)
2026-05-14 07:38:27 CartMoveState: FROM_MOVE (3) -> FROM_CART (4)
2026-05-14 07:38:30 CartMoveState: FROM_CART (4) -> AUX_DECIDE (5)
2026-05-14 07:38:30 CartMoveState: AUX_DECIDE (5) -> TO_MOVE (10)
2026-05-14 07:38:31 CartMoveState: TO_MOVE (10) -> TO_CART (11)
2026-05-14 07:38:34 CartMoveState: TO_CART (11) -> HOME_MOVE (12)
2026-05-14 07:38:34 CartMoveState: HOME_MOVE (12) -> HALT (13)
2026-05-14 07:38:34 CartMoveState: HALT (13) -> IDLE (1)
2026-05-14 07:38:34 Handler State: PLACE_CART (5) -> CHECK_SEC_CART (26)
2026-05-14 07:38:34 Handler State: CHECK_SEC_CART (26) -> PROBE_CART (24)
2026-05-14 07:38:34 CartMove: Exchange 1, from 104
2026-05-14 07:38:34 CartMoveState: IDLE (1) -> FROM_MOVE (3)
2026-05-14 07:38:35 CartMoveState: FROM_MOVE (3) -> FROM_PROBE (19)
2026-05-14 07:38:37 Handler State: PROBE_CART (24) -> PROCESS_CART (6)
2026-05-14 07:39:02 Setting CBS color valve (FillIFS): 2
2026-05-14 07:39:03 Primed volume (FillIFS): 4.85592
2026-05-14 07:39:03 Re-Calculated Filling Volume: 640
2026-05-14 07:39:03 Setting CBS color valve (FillCart): 2
2026-05-14 07:39:28 Handler State: PROCESS_CART (6) -> EXCHANGE_ONE (7)
2026-05-14 07:39:28 CartMove: Exchange 1, from 104
2026-05-14 07:39:28 CartMoveState: FROM_PROBE (19) -> FROM_CART (4)
2026-05-14 07:39:33 Setting CBS color valve (Finished): 0
2026-05-14 07:39:35 CartMoveState: FROM_CART (4) -> TO_MOVE (10)
2026-05-14 07:39:37 CartMoveState: TO_MOVE (10) -> EXCH_1_WAIT (14)
2026-05-14 07:39:37 Handler State: EXCHANGE_ONE (7) -> START_DCU (8)
2026-05-14 07:42:10 Handler State: START_DCU (8) -> EXCHANGE_TWO (9)
2026-05-14 07:42:10 CartMove: Exchange 2
2026-05-14 07:42:21 CartMoveState: EXCH_1_WAIT (14) -> EXCH_1_CART (15)
2026-05-14 07:42:24 CartMoveState: EXCH_1_CART (15) -> EXCH_2_MOVE (16)
2026-05-14 07:42:25 CartMoveState: EXCH_2_MOVE (16) -> EXCH_2_CART (17)
2026-05-14 07:42:27 CartMoveState: EXCH_2_CART (17) -> STORE_DECIDE (18)
2026-05-14 07:42:27 Used volume for last job: 497.231
2026-05-14 07:42:27 Handler State: EXCHANGE_TWO (9) -> WAIT_FOR_DCU (10)
2026-05-14 07:42:29 Handler State: WAIT_FOR_DCU (10) -> EXCHANGE_THREE (11)
2026-05-14 07:42:29 CartMove: Exchange 3
2026-05-14 07:42:29 CartMoveState: STORE_DECIDE (18) -> AUX_DECIDE (5)
2026-05-14 07:42:29 CartMoveState: AUX_DECIDE (5) -> TO_MOVE (10)
2026-05-14 07:42:29 CartMoveState: TO_MOVE (10) -> TO_CART (11)
2026-05-14 07:42:32 CartMoveState: TO_CART (11) -> HOME_MOVE (12)
2026-05-14 07:42:33 CartMoveState: HOME_MOVE (12) -> HALT (13)
2026-05-14 07:42:33 CartMoveState: HALT (13) -> IDLE (1)
2026-05-14 07:42:33 Handler State: EXCHANGE_THREE (11) -> POST_PROCESS (12)
2026-05-14 07:42:33 Handler State: POST_PROCESS (12) -> MOVE_ARM_HOME (14)
2026-05-14 07:42:33 Handler State: MOVE_ARM_HOME (14) -> HANDLER_IDLE (1)
2026-05-14 07:46:22 Handler State: HANDLER_IDLE (1) -> SEMI_START (15)
2026-05-14 07:46:22 Handler State: SEMI_START (15) -> SEMI_PROBE_CART (25)
2026-05-14 07:46:25 Handler State: SEMI_PROBE_CART (25) -> SEMI_PROCESS (16)
2026-05-14 07:47:02 Re-Calculated Filling Volume: 0
2026-05-14 07:47:09 Setting CBS color valve (Finished): 0
2026-05-14 07:47:09 Handler State: SEMI_PROCESS (16) -> SEMI_WHAT_NEXT (21)
2026-05-14 07:47:09 Handler State: SEMI_WHAT_NEXT (21) -> SEMI_FINISHED (23)
2026-05-14 07:47:10 Handler State: SEMI_FINISHED (23) -> HANDLER_IDLE (1)
2026-05-14 07:55:35 Handler State: HANDLER_IDLE (1) -> HANDLER_START (2)
2026-05-14 07:55:36 Handler State: HANDLER_START (2) -> DECIDE_CART (3)
2026-05-14 07:55:36 Selection: IFS is clean and its cartridge is cleaned.
2026-05-14 07:55:36 Selected Primary Cartridge: 1
2026-05-14 07:55:36 Selected Primary Station: 102
2026-05-14 07:55:36 Selected Secondary Cartridge: 0
2026-05-14 07:55:36 Selected Secondary Station: 0
2026-05-14 07:55:36 Selected Filling Volume: 624
2026-05-14 07:55:36 Handler State: DECIDE_CART (3) -> CHECK_SEC_CART (26)
2026-05-14 07:55:36 Handler State: CHECK_SEC_CART (26) -> PROBE_CART (24)
2026-05-14 07:55:36 CartMove: Exchange 1, from 102
2026-05-14 07:55:36 CartMoveState: IDLE (1) -> FROM_MOVE (3)
2026-05-14 07:55:36 CartMoveState: FROM_MOVE (3) -> FROM_PROBE (19)
2026-05-14 07:55:38 Handler State: PROBE_CART (24) -> PROCESS_CART (6)
2026-05-14 07:55:38 Setting CBS color valve (FillIFS): 2
2026-05-14 07:55:39 Primed volume (FillIFS): 1.7642
2026-05-14 07:55:39 Re-Calculated Filling Volume: 624
2026-05-14 07:55:39 Setting CBS color valve (FillCart): 2
2026-05-14 07:56:03 Handler State: PROCESS_CART (6) -> EXCHANGE_ONE (7)
2026-05-14 07:56:03 CartMove: Exchange 1, from 102
2026-05-14 07:56:03 CartMoveState: FROM_PROBE (19) -> FROM_CART (4)
2026-05-14 07:56:10 Setting CBS color valve (Finished): 0
2026-05-14 07:56:12 CartMoveState: FROM_CART (4) -> TO_MOVE (10)
2026-05-14 07:56:12 CartMoveState: TO_MOVE (10) -> EXCH_1_WAIT (14)
2026-05-14 07:56:12 Handler State: EXCHANGE_ONE (7) -> START_DCU (8)
2026-05-14 07:56:13 Handler State: START_DCU (8) -> EXCHANGE_TWO (9)
2026-05-14 07:56:13 CartMove: Exchange 2
2026-05-14 07:56:13 CartMoveState: EXCH_1_WAIT (14) -> EXCH_1_CART (15)
2026-05-14 07:56:15 CartMoveState: EXCH_1_CART (15) -> EXCH_2_MOVE (16)
2026-05-14 07:56:16 CartMoveState: EXCH_2_MOVE (16) -> EXCH_2_CART (17)
2026-05-14 07:56:18 CartMoveState: EXCH_2_CART (17) -> STORE_DECIDE (18)
2026-05-14 07:56:18 Used volume for last job: 263.642
2026-05-14 07:56:18 Handler State: EXCHANGE_TWO (9) -> WAIT_FOR_DCU (10)
2026-05-14 07:56:20 Handler State: WAIT_FOR_DCU (10) -> EXCHANGE_THREE (11)
2026-05-14 07:56:20 CartMove: Exchange 3
2026-05-14 07:56:20 CartMoveState: STORE_DECIDE (18) -> AUX_DECIDE (5)
2026-05-14 07:56:20 CartMoveState: AUX_DECIDE (5) -> TO_MOVE (10)
2026-05-14 07:56:22 CartMoveState: TO_MOVE (10) -> TO_CART (11)
2026-05-14 07:56:24 CartMoveState: TO_CART (11) -> HOME_MOVE (12)
2026-05-14 07:56:26 CartMoveState: HOME_MOVE (12) -> HALT (13)
2026-05-14 07:56:26 CartMoveState: HALT (13) -> IDLE (1)
2026-05-14 07:56:26 Handler State: EXCHANGE_THREE (11) -> POST_PROCESS (12)
2026-05-14 07:56:26 Handler State: POST_PROCESS (12) -> MOVE_ARM_HOME (14)
2026-05-14 07:56:26 Handler State: MOVE_ARM_HOME (14) -> HANDLER_IDLE (1)
2026-05-14 08:00:46 Handler State: HANDLER_IDLE (1) -> SEMI_START (15)
2026-05-14 08:00:46 Handler State: SEMI_START (15) -> SEMI_TO_IFS (18)
2026-05-14 08:00:46 CartMove: Move, from 105 to 102
2026-05-14 08:00:46 CartMoveState: IDLE (1) -> FROM_MOVE (3)
2026-05-14 08:00:47 CartMoveState: FROM_MOVE (3) -> FROM_CART (4)
2026-05-14 08:00:50 CartMoveState: FROM_CART (4) -> AUX_DECIDE (5)
2026-05-14 08:00:50 CartMoveState: AUX_DECIDE (5) -> TO_MOVE (10)
2026-05-14 08:00:51 CartMoveState: TO_MOVE (10) -> TO_CART (11)
2026-05-14 08:00:53 CartMoveState: TO_CART (11) -> HOME_MOVE (12)
2026-05-14 08:00:54 CartMoveState: HOME_MOVE (12) -> HALT (13)
2026-05-14 08:00:54 CartMoveState: HALT (13) -> IDLE (1)
2026-05-14 08:00:54 Handler State: SEMI_TO_IFS (18) -> SEMI_PROBE_CART (25)
2026-05-14 08:00:58 Handler State: SEMI_PROBE_CART (25) -> SEMI_PROCESS (16)
2026-05-14 08:01:34 Re-Calculated Filling Volume: 0
2026-05-14 08:01:41 Setting CBS color valve (Finished): 0
2026-05-14 08:01:41 Handler State: SEMI_PROCESS (16) -> SEMI_FROM_IFS (20)
2026-05-14 08:01:41 CartMove: Move, from 102 to 105
2026-05-14 08:01:41 CartMoveState: IDLE (1) -> FROM_MOVE (3)
2026-05-14 08:01:41 CartMoveState: FROM_MOVE (3) -> FROM_CART (4)
2026-05-14 08:01:44 CartMoveState: FROM_CART (4) -> AUX_DECIDE (5)
2026-05-14 08:01:44 CartMoveState: AUX_DECIDE (5) -> TO_MOVE (10)
2026-05-14 08:01:45 CartMoveState: TO_MOVE (10) -> TO_CART (11)
2026-05-14 08:01:47 CartMoveState: TO_CART (11) -> HOME_MOVE (12)
2026-05-14 08:01:48 CartMoveState: HOME_MOVE (12) -> HALT (13)
2026-05-14 08:01:48 CartMoveState: HALT (13) -> IDLE (1)
2026-05-14 08:01:48 Handler State: SEMI_FROM_IFS (20) -> SEMI_WHAT_NEXT (21)
2026-05-14 08:01:48 Handler State: SEMI_WHAT_NEXT (21) -> SEMI_FINISHED (23)
2026-05-14 08:01:48 Handler State: SEMI_FINISHED (23) -> HANDLER_IDLE (1)
2026-05-14 08:01:59 Handler State: HANDLER_IDLE (1) -> HANDLER_START (2)
2026-05-14 08:02:00 Handler State: HANDLER_START (2) -> DECIDE_CART (3)
2026-05-14 08:02:00 Selection: IFS is clean.
2026-05-14 08:02:00 Selection: Cartridge is clean.
2026-05-14 08:02:00 Selected Primary Cartridge: 4
2026-05-14 08:02:00 Selected Primary Station: 102
2026-05-14 08:02:00 Selected Secondary Cartridge: 0
2026-05-14 08:02:00 Selected Secondary Station: 0
2026-05-14 08:02:00 Selected Filling Volume: 495
2026-05-14 08:02:00 Handler State: DECIDE_CART (3) -> PLACE_CART (5)
2026-05-14 08:02:00 CartMove: Move, from 105 to 102
2026-05-14 08:02:00 CartMoveState: IDLE (1) -> FROM_MOVE (3)
2026-05-14 08:02:01 CartMoveState: FROM_MOVE (3) -> FROM_CART (4)
2026-05-14 08:02:04 CartMoveState: FROM_CART (4) -> AUX_DECIDE (5)
2026-05-14 08:02:04 CartMoveState: AUX_DECIDE (5) -> TO_MOVE (10)
2026-05-14 08:02:05 CartMoveState: TO_MOVE (10) -> TO_CART (11)
2026-05-14 08:02:08 CartMoveState: TO_CART (11) -> HOME_MOVE (12)
2026-05-14 08:02:08 CartMoveState: HOME_MOVE (12) -> HALT (13)
2026-05-14 08:02:08 CartMoveState: HALT (13) -> IDLE (1)
2026-05-14 08:02:08 Handler State: PLACE_CART (5) -> CHECK_SEC_CART (26)
2026-05-14 08:02:08 Handler State: CHECK_SEC_CART (26) -> PROBE_CART (24)
2026-05-14 08:02:08 CartMove: Exchange 1, from 102
2026-05-14 08:02:08 CartMoveState: IDLE (1) -> FROM_MOVE (3)
2026-05-14 08:02:09 CartMoveState: FROM_MOVE (3) -> FROM_PROBE (19)
2026-05-14 08:02:11 Handler State: PROBE_CART (24) -> PROCESS_CART (6)
2026-05-14 08:02:11 Setting CBS color valve (FillIFS): 1
2026-05-14 08:02:12 Primed volume (FillIFS): 5.0049
2026-05-14 08:02:12 Re-Calculated Filling Volume: 495
2026-05-14 08:02:12 Setting CBS color valve (FillCart): 1
2026-05-14 08:02:35 Handler State: PROCESS_CART (6) -> EXCHANGE_ONE (7)
2026-05-14 08:02:35 CartMove: Exchange 1, from 102
2026-05-14 08:02:35 CartMoveState: FROM_PROBE (19) -> FROM_CART (4)
2026-05-14 08:02:42 Setting CBS color valve (Finished): 0
2026-05-14 08:02:44 CartMoveState: FROM_CART (4) -> TO_MOVE (10)
2026-05-14 08:02:45 CartMoveState: TO_MOVE (10) -> EXCH_1_WAIT (14)
2026-05-14 08:02:45 Handler State: EXCHANGE_ONE (7) -> START_DCU (8)
2026-05-14 08:02:45 Handler State: START_DCU (8) -> EXCHANGE_TWO (9)
2026-05-14 08:02:45 CartMove: Exchange 2
2026-05-14 08:02:45 CartMoveState: EXCH_1_WAIT (14) -> EXCH_1_CART (15)
2026-05-14 08:02:48 CartMoveState: EXCH_1_CART (15) -> EXCH_2_MOVE (16)
2026-05-14 08:02:49 CartMoveState: EXCH_2_MOVE (16) -> EXCH_2_CART (17)
2026-05-14 08:02:51 CartMoveState: EXCH_2_CART (17) -> STORE_DECIDE (18)
2026-05-14 08:02:51 Used volume for last job: 569.786
2026-05-14 08:02:51 Handler State: EXCHANGE_TWO (9) -> WAIT_FOR_DCU (10)
2026-05-14 08:02:52 Handler State: WAIT_FOR_DCU (10) -> EXCHANGE_THREE (11)
2026-05-14 08:02:52 CartMove: Exchange 3
2026-05-14 08:02:52 CartMoveState: STORE_DECIDE (18) -> AUX_DECIDE (5)
2026-05-14 08:02:52 CartMoveState: AUX_DECIDE (5) -> TO_MOVE (10)
2026-05-14 08:02:53 CartMoveState: TO_MOVE (10) -> TO_CART (11)
2026-05-14 08:02:55 CartMoveState: TO_CART (11) -> HOME_MOVE (12)
2026-05-14 08:02:55 CartMoveState: HOME_MOVE (12) -> HALT (13)
2026-05-14 08:02:55 CartMoveState: HALT (13) -> IDLE (1)
2026-05-14 08:02:55 Handler State: EXCHANGE_THREE (11) -> POST_PROCESS (12)
2026-05-14 08:02:55 Handler State: POST_PROCESS (12) -> MOVE_ARM_HOME (14)
2026-05-14 08:02:57 Handler State: MOVE_ARM_HOME (14) -> HANDLER_IDLE (1)
2026-05-14 08:06:31 Handler State: HANDLER_IDLE (1) -> HANDLER_START (2)
2026-05-14 08:06:32 Handler State: HANDLER_START (2) -> DECIDE_CART (3)
2026-05-14 08:06:32 Selection: Last resort, just pick the first IFS.
2026-05-14 08:06:32 Selection: Cartridge has correct material.
2026-05-14 08:06:32 Selected Primary Cartridge: 3
2026-05-14 08:06:32 Selected Primary Station: 104
2026-05-14 08:06:32 Selected Secondary Cartridge: 0
2026-05-14 08:06:32 Selected Secondary Station: 0
2026-05-14 08:06:32 Selected Filling Volume: 551
2026-05-14 08:06:32 Handler State: DECIDE_CART (3) -> CHECK_SEC_CART (26)
2026-05-14 08:06:32 Handler State: CHECK_SEC_CART (26) -> PROBE_CART (24)
2026-05-14 08:06:32 CartMove: Exchange 1, from 104
2026-05-14 08:06:32 CartMoveState: IDLE (1) -> FROM_MOVE (3)
2026-05-14 08:06:33 CartMoveState: FROM_MOVE (3) -> FROM_PROBE (19)
2026-05-14 08:06:35 Handler State: PROBE_CART (24) -> PROCESS_CART (6)
2026-05-14 08:07:08 Setting CBS color valve (FillIFS): 1
2026-05-14 08:07:10 Primed volume (FillIFS): 4.403
2026-05-14 08:07:10 Re-Calculated Filling Volume: 551
2026-05-14 08:07:10 Setting CBS color valve (FillCart): 1
2026-05-14 08:07:33 Handler State: PROCESS_CART (6) -> EXCHANGE_ONE (7)
2026-05-14 08:07:33 CartMove: Exchange 1, from 104
2026-05-14 08:07:33 CartMoveState: FROM_PROBE (19) -> FROM_CART (4)
2026-05-14 08:07:38 Setting CBS color valve (Finished): 0
2026-05-14 08:07:40 CartMoveState: FROM_CART (4) -> TO_MOVE (10)
2026-05-14 08:07:42 CartMoveState: TO_MOVE (10) -> EXCH_1_WAIT (14)
2026-05-14 08:07:42 Handler State: EXCHANGE_ONE (7) -> START_DCU (8)
2026-05-14 08:07:42 Handler State: START_DCU (8) -> EXCHANGE_TWO (9)
2026-05-14 08:07:42 CartMove: Exchange 2
2026-05-14 08:07:42 CartMoveState: EXCH_1_WAIT (14) -> EXCH_1_CART (15)
2026-05-14 08:07:45 CartMoveState: EXCH_1_CART (15) -> EXCH_2_MOVE (16)
2026-05-14 08:07:46 CartMoveState: EXCH_2_MOVE (16) -> EXCH_2_CART (17)
2026-05-14 08:07:48 CartMoveState: EXCH_2_CART (17) -> STORE_DECIDE (18)
2026-05-14 08:07:48 Used volume for last job: 442.545
2026-05-14 08:07:48 Handler State: EXCHANGE_TWO (9) -> WAIT_FOR_DCU (10)
2026-05-14 08:07:50 Handler State: WAIT_FOR_DCU (10) -> EXCHANGE_THREE (11)
2026-05-14 08:07:50 CartMove: Exchange 3
2026-05-14 08:07:50 CartMoveState: STORE_DECIDE (18) -> AUX_DECIDE (5)
2026-05-14 08:07:50 CartMoveState: AUX_DECIDE (5) -> TO_MOVE (10)
2026-05-14 08:07:51 CartMoveState: TO_MOVE (10) -> TO_CART (11)
2026-05-14 08:07:53 CartMoveState: TO_CART (11) -> HOME_MOVE (12)
2026-05-14 08:07:55 CartMoveState: HOME_MOVE (12) -> HALT (13)
2026-05-14 08:07:55 CartMoveState: HALT (13) -> IDLE (1)
2026-05-14 08:07:55 Handler State: EXCHANGE_THREE (11) -> POST_PROCESS (12)
2026-05-14 08:07:55 Handler State: POST_PROCESS (12) -> MOVE_ARM_HOME (14)
2026-05-14 08:07:55 Handler State: MOVE_ARM_HOME (14) -> HANDLER_IDLE (1)
2026-05-14 08:12:21 Handler State: HANDLER_IDLE (1) -> SEMI_START (15)
2026-05-14 08:12:21 Handler State: SEMI_START (15) -> SEMI_PROBE_CART (25)
2026-05-14 08:12:24 Handler State: SEMI_PROBE_CART (25) -> SEMI_PROCESS (16)
2026-05-14 08:13:01 Re-Calculated Filling Volume: 0
2026-05-14 08:13:07 Setting CBS color valve (Finished): 0
2026-05-14 08:13:08 Handler State: SEMI_PROCESS (16) -> SEMI_WHAT_NEXT (21)
2026-05-14 08:13:08 Handler State: SEMI_WHAT_NEXT (21) -> SEMI_FINISHED (23)
2026-05-14 08:13:08 Handler State: SEMI_FINISHED (23) -> HANDLER_IDLE (1)
2026-05-14 08:18:30 Handler State: HANDLER_IDLE (1) -> HANDLER_START (2)
2026-05-14 08:18:31 Handler State: HANDLER_START (2) -> DECIDE_CART (3)
2026-05-14 08:18:31 Selection: IFS is clean and its cartridge is cleaned.
2026-05-14 08:18:31 Selected Primary Cartridge: 1
2026-05-14 08:18:31 Selected Primary Station: 102
2026-05-14 08:18:31 Selected Secondary Cartridge: 0
2026-05-14 08:18:31 Selected Secondary Station: 0
2026-05-14 08:18:31 Selected Filling Volume: 461
2026-05-14 08:18:31 Handler State: DECIDE_CART (3) -> CHECK_SEC_CART (26)
2026-05-14 08:18:31 Handler State: CHECK_SEC_CART (26) -> PROBE_CART (24)
2026-05-14 08:18:31 CartMove: Exchange 1, from 102
2026-05-14 08:18:31 CartMoveState: IDLE (1) -> FROM_MOVE (3)
2026-05-14 08:18:31 CartMoveState: FROM_MOVE (3) -> FROM_PROBE (19)
2026-05-14 08:18:33 Handler State: PROBE_CART (24) -> PROCESS_CART (6)
2026-05-14 08:18:33 Setting CBS color valve (FillIFS): 1
2026-05-14 08:18:34 Primed volume (FillIFS): 2.04254
2026-05-14 08:18:34 Re-Calculated Filling Volume: 461
2026-05-14 08:18:34 Setting CBS color valve (FillCart): 1
2026-05-14 08:18:53 Handler State: PROCESS_CART (6) -> EXCHANGE_ONE (7)
2026-05-14 08:18:53 CartMove: Exchange 1, from 102
2026-05-14 08:18:53 CartMoveState: FROM_PROBE (19) -> FROM_CART (4)
2026-05-14 08:19:00 Setting CBS color valve (Finished): 0
2026-05-14 08:19:02 CartMoveState: FROM_CART (4) -> TO_MOVE (10)
2026-05-14 08:19:03 CartMoveState: TO_MOVE (10) -> EXCH_1_WAIT (14)
2026-05-14 08:19:03 Handler State: EXCHANGE_ONE (7) -> START_DCU (8)
2026-05-14 08:19:03 Handler State: START_DCU (8) -> EXCHANGE_TWO (9)
2026-05-14 08:19:03 CartMove: Exchange 2
2026-05-14 08:19:03 CartMoveState: EXCH_1_WAIT (14) -> EXCH_1_CART (15)
2026-05-14 08:19:06 CartMoveState: EXCH_1_CART (15) -> EXCH_2_MOVE (16)
2026-05-14 08:19:07 CartMoveState: EXCH_2_MOVE (16) -> EXCH_2_CART (17)
2026-05-14 08:19:09 CartMoveState: EXCH_2_CART (17) -> STORE_DECIDE (18)
2026-05-14 08:19:09 Used volume for last job: 497.554
2026-05-14 08:19:09 Handler State: EXCHANGE_TWO (9) -> WAIT_FOR_DCU (10)
2026-05-14 08:19:11 Handler State: WAIT_FOR_DCU (10) -> EXCHANGE_THREE (11)
2026-05-14 08:19:11 CartMove: Exchange 3
2026-05-14 08:19:11 CartMoveState: STORE_DECIDE (18) -> AUX_DECIDE (5)
2026-05-14 08:19:11 CartMoveState: AUX_DECIDE (5) -> TO_MOVE (10)
2026-05-14 08:19:11 CartMoveState: TO_MOVE (10) -> TO_CART (11)
2026-05-14 08:19:14 CartMoveState: TO_CART (11) -> HOME_MOVE (12)
2026-05-14 08:19:15 CartMoveState: HOME_MOVE (12) -> HALT (13)
2026-05-14 08:19:15 CartMoveState: HALT (13) -> IDLE (1)
2026-05-14 08:19:15 Handler State: EXCHANGE_THREE (11) -> POST_PROCESS (12)
2026-05-14 08:19:15 Handler State: POST_PROCESS (12) -> MOVE_ARM_HOME (14)
2026-05-14 08:19:15 Handler State: MOVE_ARM_HOME (14) -> HANDLER_IDLE (1)
2026-05-14 08:23:48 Handler State: HANDLER_IDLE (1) -> SEMI_START (15)
2026-05-14 08:23:48 Handler State: SEMI_START (15) -> SEMI_PROBE_CART (25)
2026-05-14 08:23:52 Handler State: SEMI_PROBE_CART (25) -> SEMI_PROCESS (16)
2026-05-14 08:24:25 Re-Calculated Filling Volume: 0
2026-05-14 08:24:30 Setting CBS color valve (Finished): 0
2026-05-14 08:24:30 Handler State: SEMI_PROCESS (16) -> SEMI_WHAT_NEXT (21)
2026-05-14 08:24:30 Handler State: SEMI_WHAT_NEXT (21) -> SEMI_FINISHED (23)
2026-05-14 08:24:31 Handler State: SEMI_FINISHED (23) -> HANDLER_IDLE (1)
2026-05-14 08:26:46 Handler State: HANDLER_IDLE (1) -> SEMI_START (15)
2026-05-14 08:26:46 Handler State: SEMI_START (15) -> SEMI_TO_IFS (18)
2026-05-14 08:26:46 CartMove: Move, from 105 to 102
2026-05-14 08:26:46 CartMoveState: IDLE (1) -> FROM_MOVE (3)
2026-05-14 08:26:47 CartMoveState: FROM_MOVE (3) -> FROM_CART (4)
2026-05-14 08:26:50 CartMoveState: FROM_CART (4) -> AUX_DECIDE (5)
2026-05-14 08:26:50 CartMoveState: AUX_DECIDE (5) -> TO_MOVE (10)
2026-05-14 08:26:52 CartMoveState: TO_MOVE (10) -> TO_CART (11)
2026-05-14 08:26:54 CartMoveState: TO_CART (11) -> HOME_MOVE (12)
2026-05-14 08:26:54 CartMoveState: HOME_MOVE (12) -> HALT (13)
2026-05-14 08:26:54 CartMoveState: HALT (13) -> IDLE (1)
2026-05-14 08:26:54 Handler State: SEMI_TO_IFS (18) -> SEMI_PROBE_CART (25)
2026-05-14 08:26:58 Handler State: SEMI_PROBE_CART (25) -> SEMI_PROCESS (16)
2026-05-14 08:27:33 Re-Calculated Filling Volume: 0
2026-05-14 08:27:40 Setting CBS color valve (Finished): 0
2026-05-14 08:27:40 Handler State: SEMI_PROCESS (16) -> SEMI_FROM_IFS (20)
2026-05-14 08:27:40 CartMove: Move, from 102 to 105
2026-05-14 08:27:40 CartMoveState: IDLE (1) -> FROM_MOVE (3)
2026-05-14 08:27:40 CartMoveState: FROM_MOVE (3) -> FROM_CART (4)
2026-05-14 08:27:43 CartMoveState: FROM_CART (4) -> AUX_DECIDE (5)
2026-05-14 08:27:43 CartMoveState: AUX_DECIDE (5) -> TO_MOVE (10)
2026-05-14 08:27:45 CartMoveState: TO_MOVE (10) -> TO_CART (11)
2026-05-14 08:27:47 CartMoveState: TO_CART (11) -> HOME_MOVE (12)
2026-05-14 08:27:48 CartMoveState: HOME_MOVE (12) -> HALT (13)
2026-05-14 08:27:48 CartMoveState: HALT (13) -> IDLE (1)
2026-05-14 08:27:48 Handler State: SEMI_FROM_IFS (20) -> SEMI_WHAT_NEXT (21)
2026-05-14 08:27:48 Handler State: SEMI_WHAT_NEXT (21) -> SEMI_FINISHED (23)
2026-05-14 08:27:48 Handler State: SEMI_FINISHED (23) -> HANDLER_IDLE (1)
2026-05-14 08:27:49 Handler State: HANDLER_IDLE (1) -> HANDLER_START (2)
2026-05-14 08:27:50 Handler State: HANDLER_START (2) -> DECIDE_CART (3)
2026-05-14 08:27:50 Selection: IFS is clean and its cartridge is cleaned.
2026-05-14 08:27:50 Selected Primary Cartridge: 3
2026-05-14 08:27:50 Selected Primary Station: 104
2026-05-14 08:27:50 Selected Secondary Cartridge: 0
2026-05-14 08:27:50 Selected Secondary Station: 0
2026-05-14 08:27:50 Selected Filling Volume: 640
2026-05-14 08:27:50 Handler State: DECIDE_CART (3) -> CHECK_SEC_CART (26)
2026-05-14 08:27:50 Handler State: CHECK_SEC_CART (26) -> PROBE_CART (24)
2026-05-14 08:27:50 CartMove: Exchange 1, from 104
2026-05-14 08:27:50 CartMoveState: IDLE (1) -> FROM_MOVE (3)
2026-05-14 08:27:51 CartMoveState: FROM_MOVE (3) -> FROM_PROBE (19)
2026-05-14 08:27:52 Handler State: PROBE_CART (24) -> PROCESS_CART (6)
2026-05-14 08:27:53 Setting CBS color valve (FillIFS): 1
2026-05-14 08:27:54 Primed volume (FillIFS): 4.68775
2026-05-14 08:27:54 Re-Calculated Filling Volume: 640
2026-05-14 08:27:54 Setting CBS color valve (FillCart): 1
2026-05-14 08:28:19 Handler State: PROCESS_CART (6) -> EXCHANGE_ONE (7)
2026-05-14 08:28:19 CartMove: Exchange 1, from 104
2026-05-14 08:28:19 CartMoveState: FROM_PROBE (19) -> FROM_CART (4)
2026-05-14 08:28:24 Setting CBS color valve (Finished): 0
2026-05-14 08:28:26 CartMoveState: FROM_CART (4) -> TO_MOVE (10)
2026-05-14 08:28:28 CartMoveState: TO_MOVE (10) -> EXCH_1_WAIT (14)
2026-05-14 08:28:28 Handler State: EXCHANGE_ONE (7) -> START_DCU (8)
2026-05-14 08:28:28 Handler State: START_DCU (8) -> EXCHANGE_TWO (9)
2026-05-14 08:28:28 CartMove: Exchange 2
2026-05-14 08:28:28 CartMoveState: EXCH_1_WAIT (14) -> EXCH_1_CART (15)
2026-05-14 08:28:31 CartMoveState: EXCH_1_CART (15) -> EXCH_2_MOVE (16)
2026-05-14 08:28:32 CartMoveState: EXCH_2_MOVE (16) -> EXCH_2_CART (17)
2026-05-14 08:28:34 CartMoveState: EXCH_2_CART (17) -> STORE_DECIDE (18)
2026-05-14 08:28:34 Used volume for last job: 407.084
2026-05-14 08:28:34 Handler State: EXCHANGE_TWO (9) -> WAIT_FOR_DCU (10)
2026-05-14 08:28:36 Handler State: WAIT_FOR_DCU (10) -> EXCHANGE_THREE (11)
2026-05-14 08:28:36 CartMove: Exchange 3
2026-05-14 08:28:36 CartMoveState: STORE_DECIDE (18) -> AUX_DECIDE (5)
2026-05-14 08:28:36 CartMoveState: AUX_DECIDE (5) -> TO_MOVE (10)
2026-05-14 08:28:36 CartMoveState: TO_MOVE (10) -> TO_CART (11)
2026-05-14 08:28:38 CartMoveState: TO_CART (11) -> HOME_MOVE (12)
2026-05-14 08:28:38 CartMoveState: HOME_MOVE (12) -> HALT (13)
2026-05-14 08:28:38 CartMoveState: HALT (13) -> IDLE (1)
2026-05-14 08:28:38 Handler State: EXCHANGE_THREE (11) -> POST_PROCESS (12)
2026-05-14 08:28:38 Handler State: POST_PROCESS (12) -> MOVE_ARM_HOME (14)
2026-05-14 08:28:41 Handler State: MOVE_ARM_HOME (14) -> HANDLER_IDLE (1)
2026-05-14 08:35:50 Handler State: HANDLER_IDLE (1) -> SEMI_START (15)
2026-05-14 08:35:50 Handler State: SEMI_START (15) -> SEMI_PROBE_CART (25)
2026-05-14 08:35:53 Handler State: SEMI_PROBE_CART (25) -> SEMI_PROCESS (16)
2026-05-14 08:36:30 Re-Calculated Filling Volume: 0
2026-05-14 08:36:36 Setting CBS color valve (Finished): 0
2026-05-14 08:36:36 Handler State: SEMI_PROCESS (16) -> SEMI_WHAT_NEXT (21)
2026-05-14 08:36:36 Handler State: SEMI_WHAT_NEXT (21) -> SEMI_FINISHED (23)
2026-05-14 08:36:37 Handler State: SEMI_FINISHED (23) -> HANDLER_IDLE (1)
2026-05-14 08:36:38 Handler State: HANDLER_IDLE (1) -> HANDLER_START (2)
2026-05-14 08:36:39 Handler State: HANDLER_START (2) -> DECIDE_CART (3)
2026-05-14 08:36:39 Selection: IFS is clean and its cartridge is cleaned.
2026-05-14 08:36:39 Selected Primary Cartridge: 1
2026-05-14 08:36:39 Selected Primary Station: 102
2026-05-14 08:36:39 Selected Secondary Cartridge: 0
2026-05-14 08:36:39 Selected Secondary Station: 0
2026-05-14 08:36:39 Selected Filling Volume: 640
2026-05-14 08:36:39 Handler State: DECIDE_CART (3) -> CHECK_SEC_CART (26)
2026-05-14 08:36:39 Handler State: CHECK_SEC_CART (26) -> PROBE_CART (24)
2026-05-14 08:36:39 CartMove: Exchange 1, from 102
2026-05-14 08:36:39 CartMoveState: IDLE (1) -> FROM_MOVE (3)
2026-05-14 08:36:40 CartMoveState: FROM_MOVE (3) -> FROM_PROBE (19)
2026-05-14 08:36:42 Handler State: PROBE_CART (24) -> PROCESS_CART (6)
2026-05-14 08:36:42 Setting CBS color valve (FillIFS): 1
2026-05-14 08:36:43 Primed volume (FillIFS): 4.11821
2026-05-14 08:36:43 Re-Calculated Filling Volume: 640
2026-05-14 08:36:43 Setting CBS color valve (FillCart): 1
2026-05-14 08:37:06 Handler State: PROCESS_CART (6) -> EXCHANGE_ONE (7)
2026-05-14 08:37:06 CartMove: Exchange 1, from 102
2026-05-14 08:37:06 CartMoveState: FROM_PROBE (19) -> FROM_CART (4)
2026-05-14 08:37:13 Setting CBS color valve (Finished): 0
2026-05-14 08:37:15 CartMoveState: FROM_CART (4) -> TO_MOVE (10)
2026-05-14 08:37:16 CartMoveState: TO_MOVE (10) -> EXCH_1_WAIT (14)
2026-05-14 08:37:16 Handler State: EXCHANGE_ONE (7) -> START_DCU (8)
2026-05-14 08:37:16 Handler State: START_DCU (8) -> EXCHANGE_TWO (9)
2026-05-14 08:37:16 CartMove: Exchange 2
2026-05-14 08:37:16 CartMoveState: EXCH_1_WAIT (14) -> EXCH_1_CART (15)
2026-05-14 08:37:19 CartMoveState: EXCH_1_CART (15) -> EXCH_2_MOVE (16)
2026-05-14 08:37:20 CartMoveState: EXCH_2_MOVE (16) -> EXCH_2_CART (17)
2026-05-14 08:37:22 CartMoveState: EXCH_2_CART (17) -> STORE_DECIDE (18)
2026-05-14 08:37:22 Used volume for last job: 264.116
2026-05-14 08:37:22 Handler State: EXCHANGE_TWO (9) -> WAIT_FOR_DCU (10)
2026-05-14 08:37:23 Handler State: WAIT_FOR_DCU (10) -> EXCHANGE_THREE (11)
2026-05-14 08:37:24 CartMove: Exchange 3
2026-05-14 08:37:24 CartMoveState: STORE_DECIDE (18) -> AUX_DECIDE (5)
2026-05-14 08:37:24 CartMoveState: AUX_DECIDE (5) -> TO_MOVE (10)
2026-05-14 08:37:24 CartMoveState: TO_MOVE (10) -> TO_CART (11)
2026-05-14 08:37:27 CartMoveState: TO_CART (11) -> HOME_MOVE (12)
2026-05-14 08:37:28 CartMoveState: HOME_MOVE (12) -> HALT (13)
2026-05-14 08:37:28 CartMoveState: HALT (13) -> IDLE (1)
2026-05-14 08:37:28 Handler State: EXCHANGE_THREE (11) -> POST_PROCESS (12)
2026-05-14 08:37:28 Handler State: POST_PROCESS (12) -> MOVE_ARM_HOME (14)
2026-05-14 08:37:29 Handler State: MOVE_ARM_HOME (14) -> HANDLER_IDLE (1)
2026-05-14 08:41:01 Handler State: HANDLER_IDLE (1) -> SEMI_START (15)
2026-05-14 08:41:01 Handler State: SEMI_START (15) -> SEMI_PROBE_CART (25)
2026-05-14 08:41:05 Handler State: SEMI_PROBE_CART (25) -> SEMI_PROCESS (16)
2026-05-14 08:42:22 Re-Calculated Filling Volume: 0
2026-05-14 08:42:28 Setting CBS color valve (Finished): 0
2026-05-14 08:42:28 Handler State: SEMI_PROCESS (16) -> SEMI_WHAT_NEXT (21)
2026-05-14 08:42:28 Handler State: SEMI_WHAT_NEXT (21) -> SEMI_FINISHED (23)
2026-05-14 08:42:29 Handler State: SEMI_FINISHED (23) -> HANDLER_IDLE (1)
2026-05-14 09:02:59 Handler State: HANDLER_IDLE (1) -> HANDLER_START (2)
2026-05-14 09:02:59 Handler State: HANDLER_START (2) -> DECIDE_CART (3)
2026-05-14 09:02:59 Selection: Last resort, just pick the first IFS.
2026-05-14 09:02:59 Selection: Cartridge is clean.
2026-05-14 09:02:59 Selected Primary Cartridge: 4
2026-05-14 09:02:59 Selected Primary Station: 102
2026-05-14 09:02:59 Selected Secondary Cartridge: 0
2026-05-14 09:02:59 Selected Secondary Station: 0
2026-05-14 09:02:59 Selected Filling Volume: 657
2026-05-14 09:03:00 Handler State: DECIDE_CART (3) -> PLACE_CART (5)
2026-05-14 09:03:00 CartMove: Move, from 105 to 102
2026-05-14 09:03:00 CartMoveState: IDLE (1) -> FROM_MOVE (3)
2026-05-14 09:03:01 CartMoveState: FROM_MOVE (3) -> FROM_CART (4)
2026-05-14 09:03:03 CartMoveState: FROM_CART (4) -> AUX_DECIDE (5)
2026-05-14 09:03:03 CartMoveState: AUX_DECIDE (5) -> TO_MOVE (10)
2026-05-14 09:03:05 CartMoveState: TO_MOVE (10) -> TO_CART (11)
2026-05-14 09:03:07 CartMoveState: TO_CART (11) -> HOME_MOVE (12)
2026-05-14 09:03:08 CartMoveState: HOME_MOVE (12) -> HALT (13)
2026-05-14 09:03:08 CartMoveState: HALT (13) -> IDLE (1)
2026-05-14 09:03:08 Handler State: PLACE_CART (5) -> CHECK_SEC_CART (26)
2026-05-14 09:03:08 Handler State: CHECK_SEC_CART (26) -> PROBE_CART (24)
2026-05-14 09:03:08 CartMove: Exchange 1, from 102
2026-05-14 09:03:08 CartMoveState: IDLE (1) -> FROM_MOVE (3)
2026-05-14 09:03:09 CartMoveState: FROM_MOVE (3) -> FROM_PROBE (19)
2026-05-14 09:03:10 Handler State: PROBE_CART (24) -> PROCESS_CART (6)
2026-05-14 09:03:39 Setting CBS color valve (FillIFS): 1
2026-05-14 09:03:40 Primed volume (FillIFS): 3.96171
2026-05-14 09:03:40 Re-Calculated Filling Volume: 657
2026-05-14 09:03:40 Setting CBS color valve (FillCart): 1
2026-05-14 09:04:03 Handler State: PROCESS_CART (6) -> EXCHANGE_ONE (7)
2026-05-14 09:04:03 CartMove: Exchange 1, from 102
2026-05-14 09:04:03 CartMoveState: FROM_PROBE (19) -> FROM_CART (4)
2026-05-14 09:04:10 Setting CBS color valve (Finished): 0
2026-05-14 09:04:12 CartMoveState: FROM_CART (4) -> TO_MOVE (10)
2026-05-14 09:04:13 CartMoveState: TO_MOVE (10) -> EXCH_1_WAIT (14)
2026-05-14 09:04:13 Handler State: EXCHANGE_ONE (7) -> START_DCU (8)
2026-05-14 09:04:13 Handler State: START_DCU (8) -> EXCHANGE_TWO (9)
2026-05-14 09:04:13 CartMove: Exchange 2
2026-05-14 09:04:13 CartMoveState: EXCH_1_WAIT (14) -> EXCH_1_CART (15)
2026-05-14 09:04:16 CartMoveState: EXCH_1_CART (15) -> EXCH_2_MOVE (16)
2026-05-14 09:04:17 CartMoveState: EXCH_2_MOVE (16) -> EXCH_2_CART (17)
2026-05-14 09:04:19 CartMoveState: EXCH_2_CART (17) -> STORE_DECIDE (18)
2026-05-14 09:04:19 Used volume for last job: 288.067
2026-05-14 09:04:19 Handler State: EXCHANGE_TWO (9) -> WAIT_FOR_DCU (10)
2026-05-14 09:04:20 Handler State: WAIT_FOR_DCU (10) -> EXCHANGE_THREE (11)
2026-05-14 09:04:21 CartMove: Exchange 3
2026-05-14 09:04:21 CartMoveState: STORE_DECIDE (18) -> AUX_DECIDE (5)
2026-05-14 09:04:21 CartMoveState: AUX_DECIDE (5) -> TO_MOVE (10)
2026-05-14 09:04:21 CartMoveState: TO_MOVE (10) -> TO_CART (11)
2026-05-14 09:04:23 CartMoveState: TO_CART (11) -> HOME_MOVE (12)
2026-05-14 09:04:23 CartMoveState: HOME_MOVE (12) -> HALT (13)
2026-05-14 09:04:23 CartMoveState: HALT (13) -> IDLE (1)
2026-05-14 09:04:23 Handler State: EXCHANGE_THREE (11) -> POST_PROCESS (12)
2026-05-14 09:04:23 Handler State: POST_PROCESS (12) -> MOVE_ARM_HOME (14)
2026-05-14 09:04:26 Handler State: MOVE_ARM_HOME (14) -> HANDLER_IDLE (1)
2026-05-14 09:04:36 Handler State: HANDLER_IDLE (1) -> HANDLER_START (2)
2026-05-14 09:04:37 Handler State: HANDLER_START (2) -> DECIDE_CART (3)
2026-05-14 09:04:37 Selection: IFS is clean and its cartridge is cleaned.
2026-05-14 09:04:37 Selected Primary Cartridge: 3
2026-05-14 09:04:37 Selected Primary Station: 104
2026-05-14 09:04:37 Selected Secondary Cartridge: 0
2026-05-14 09:04:37 Selected Secondary Station: 0
2026-05-14 09:04:37 Selected Filling Volume: 551
2026-05-14 09:04:37 Handler State: DECIDE_CART (3) -> CHECK_SEC_CART (26)
2026-05-14 09:04:37 Handler State: CHECK_SEC_CART (26) -> PROBE_CART (24)
2026-05-14 09:04:37 CartMove: Exchange 1, from 104
2026-05-14 09:04:37 CartMoveState: IDLE (1) -> FROM_MOVE (3)
2026-05-14 09:04:37 CartMoveState: FROM_MOVE (3) -> FROM_PROBE (19)
2026-05-14 09:04:39 Handler State: PROBE_CART (24) -> PROCESS_CART (6)
2026-05-14 09:04:39 Setting CBS color valve (FillIFS): 1
2026-05-14 09:04:41 Primed volume (FillIFS): 2.36123
2026-05-14 09:04:41 Re-Calculated Filling Volume: 551
2026-05-14 09:04:41 Setting CBS color valve (FillCart): 1
2026-05-14 09:05:03 Handler State: PROCESS_CART (6) -> EXCHANGE_ONE (7)
2026-05-14 09:05:03 CartMove: Exchange 1, from 104
2026-05-14 09:05:03 CartMoveState: FROM_PROBE (19) -> FROM_CART (4)
2026-05-14 09:05:09 Setting CBS color valve (Finished): 0
2026-05-14 09:05:11 CartMoveState: FROM_CART (4) -> TO_MOVE (10)
2026-05-14 09:05:12 CartMoveState: TO_MOVE (10) -> EXCH_1_WAIT (14)
2026-05-14 09:05:12 Handler State: EXCHANGE_ONE (7) -> START_DCU (8)
2026-05-14 09:08:45 Handler State: START_DCU (8) -> EXCHANGE_TWO (9)
2026-05-14 09:08:45 CartMove: Exchange 2
2026-05-14 09:08:56 CartMoveState: EXCH_1_WAIT (14) -> EXCH_1_CART (15)
2026-05-14 09:08:59 CartMoveState: EXCH_1_CART (15) -> EXCH_2_MOVE (16)
2026-05-14 09:09:00 CartMoveState: EXCH_2_MOVE (16) -> EXCH_2_CART (17)
2026-05-14 09:09:02 CartMoveState: EXCH_2_CART (17) -> STORE_DECIDE (18)
2026-05-14 09:09:02 Used volume for last job: 604.141
2026-05-14 09:09:02 Handler State: EXCHANGE_TWO (9) -> WAIT_FOR_DCU (10)
2026-05-14 09:09:04 Handler State: WAIT_FOR_DCU (10) -> EXCHANGE_THREE (11)
2026-05-14 09:09:04 CartMove: Exchange 3
2026-05-14 09:09:04 CartMoveState: STORE_DECIDE (18) -> AUX_DECIDE (5)
2026-05-14 09:09:04 CartMoveState: AUX_DECIDE (5) -> TO_MOVE (10)
2026-05-14 09:09:06 CartMoveState: TO_MOVE (10) -> TO_CART (11)
2026-05-14 09:09:08 CartMoveState: TO_CART (11) -> HOME_MOVE (12)
2026-05-14 09:09:09 CartMoveState: HOME_MOVE (12) -> HALT (13)
2026-05-14 09:09:09 CartMoveState: HALT (13) -> IDLE (1)
2026-05-14 09:09:09 Handler State: EXCHANGE_THREE (11) -> POST_PROCESS (12)
2026-05-14 09:09:09 Handler State: POST_PROCESS (12) -> MOVE_ARM_HOME (14)
2026-05-14 09:09:09 Handler State: MOVE_ARM_HOME (14) -> HANDLER_IDLE (1)
2026-05-14 09:13:48 Handler State: HANDLER_IDLE (1) -> SEMI_START (15)
2026-05-14 09:13:48 Handler State: SEMI_START (15) -> SEMI_TO_IFS (18)
2026-05-14 09:13:48 CartMove: Move, from 107 to 104
2026-05-14 09:13:48 CartMoveState: IDLE (1) -> FROM_MOVE (3)
2026-05-14 09:13:49 CartMoveState: FROM_MOVE (3) -> FROM_CART (4)
2026-05-14 09:13:52 CartMoveState: FROM_CART (4) -> AUX_DECIDE (5)
2026-05-14 09:13:52 CartMoveState: AUX_DECIDE (5) -> TO_MOVE (10)
2026-05-14 09:13:53 CartMoveState: TO_MOVE (10) -> TO_CART (11)
2026-05-14 09:13:56 CartMoveState: TO_CART (11) -> HOME_MOVE (12)
2026-05-14 09:13:56 CartMoveState: HOME_MOVE (12) -> HALT (13)
2026-05-14 09:13:56 CartMoveState: HALT (13) -> IDLE (1)
2026-05-14 09:13:56 Handler State: SEMI_TO_IFS (18) -> SEMI_PROBE_CART (25)
2026-05-14 09:14:00 Handler State: SEMI_PROBE_CART (25) -> SEMI_PROCESS (16)
2026-05-14 09:15:17 Re-Calculated Filling Volume: 0
2026-05-14 09:15:23 Setting CBS color valve (Finished): 0
2026-05-14 09:15:23 Handler State: SEMI_PROCESS (16) -> SEMI_FROM_IFS (20)
2026-05-14 09:15:23 CartMove: Move, from 104 to 107
2026-05-14 09:15:23 CartMoveState: IDLE (1) -> FROM_MOVE (3)
2026-05-14 09:15:23 CartMoveState: FROM_MOVE (3) -> FROM_CART (4)
2026-05-14 09:15:26 CartMoveState: FROM_CART (4) -> AUX_DECIDE (5)
2026-05-14 09:15:26 CartMoveState: AUX_DECIDE (5) -> TO_MOVE (10)
2026-05-14 09:15:27 CartMoveState: TO_MOVE (10) -> TO_CART (11)
2026-05-14 09:15:29 CartMoveState: TO_CART (11) -> HOME_MOVE (12)
2026-05-14 09:15:31 CartMoveState: HOME_MOVE (12) -> HALT (13)
2026-05-14 09:15:31 CartMoveState: HALT (13) -> IDLE (1)
2026-05-14 09:15:31 Handler State: SEMI_FROM_IFS (20) -> SEMI_WHAT_NEXT (21)
2026-05-14 09:15:31 Handler State: SEMI_WHAT_NEXT (21) -> SEMI_FINISHED (23)
2026-05-14 09:15:31 Handler State: SEMI_FINISHED (23) -> HANDLER_IDLE (1)
2026-05-14 09:15:33 Handler State: HANDLER_IDLE (1) -> SEMI_START (15)
2026-05-14 09:15:33 Handler State: SEMI_START (15) -> SEMI_PROBE_CART (25)
2026-05-14 09:15:36 Handler State: SEMI_PROBE_CART (25) -> SEMI_PROCESS (16)
2026-05-14 09:16:54 Re-Calculated Filling Volume: 0
2026-05-14 09:17:01 Setting CBS color valve (Finished): 0
2026-05-14 09:17:01 Handler State: SEMI_PROCESS (16) -> SEMI_WHAT_NEXT (21)
2026-05-14 09:17:01 Handler State: SEMI_WHAT_NEXT (21) -> SEMI_FINISHED (23)
2026-05-14 09:17:01 Handler State: SEMI_FINISHED (23) -> HANDLER_IDLE (1)
2026-05-14 09:18:44 Handler State: HANDLER_IDLE (1) -> HANDLER_START (2)
2026-05-14 09:18:45 Handler State: HANDLER_START (2) -> DECIDE_CART (3)
2026-05-14 09:18:45 Selection: IFS is clean.
2026-05-14 09:18:45 Selection: Cartridge is clean.
2026-05-14 09:18:45 Selected Primary Cartridge: 6
2026-05-14 09:18:45 Selected Primary Station: 104
2026-05-14 09:18:45 Selected Secondary Cartridge: 0
2026-05-14 09:18:45 Selected Secondary Station: 0
2026-05-14 09:18:45 Selected Filling Volume: 551
2026-05-14 09:18:45 Handler State: DECIDE_CART (3) -> PLACE_CART (5)
2026-05-14 09:18:45 CartMove: Move, from 107 to 104
2026-05-14 09:18:45 CartMoveState: IDLE (1) -> FROM_MOVE (3)
2026-05-14 09:18:46 CartMoveState: FROM_MOVE (3) -> FROM_CART (4)
2026-05-14 09:18:49 CartMoveState: FROM_CART (4) -> AUX_DECIDE (5)
2026-05-14 09:18:49 CartMoveState: AUX_DECIDE (5) -> TO_MOVE (10)
2026-05-14 09:18:50 CartMoveState: TO_MOVE (10) -> TO_CART (11)
2026-05-14 09:18:53 CartMoveState: TO_CART (11) -> HOME_MOVE (12)
2026-05-14 09:18:53 CartMoveState: HOME_MOVE (12) -> HALT (13)
2026-05-14 09:18:53 CartMoveState: HALT (13) -> IDLE (1)
2026-05-14 09:18:53 Handler State: PLACE_CART (5) -> CHECK_SEC_CART (26)
2026-05-14 09:18:53 Handler State: CHECK_SEC_CART (26) -> PROBE_CART (24)
2026-05-14 09:18:53 CartMove: Exchange 1, from 104
2026-05-14 09:18:53 CartMoveState: IDLE (1) -> FROM_MOVE (3)
2026-05-14 09:18:54 CartMoveState: FROM_MOVE (3) -> FROM_PROBE (19)
2026-05-14 09:18:56 Handler State: PROBE_CART (24) -> PROCESS_CART (6)
2026-05-14 09:18:56 Setting CBS color valve (FillIFS): 2
2026-05-14 09:18:57 Primed volume (FillIFS): 1.72651
2026-05-14 09:18:57 Re-Calculated Filling Volume: 551
2026-05-14 09:18:57 Setting CBS color valve (FillCart): 2
2026-05-14 09:19:22 Handler State: PROCESS_CART (6) -> EXCHANGE_ONE (7)
2026-05-14 09:19:22 CartMove: Exchange 1, from 104
2026-05-14 09:19:22 CartMoveState: FROM_PROBE (19) -> FROM_CART (4)
2026-05-14 09:19:27 Setting CBS color valve (Finished): 0
2026-05-14 09:19:29 CartMoveState: FROM_CART (4) -> TO_MOVE (10)
2026-05-14 09:19:31 CartMoveState: TO_MOVE (10) -> EXCH_1_WAIT (14)
2026-05-14 09:19:31 Handler State: EXCHANGE_ONE (7) -> START_DCU (8)
2026-05-14 09:19:31 Handler State: START_DCU (8) -> EXCHANGE_TWO (9)
2026-05-14 09:19:31 CartMove: Exchange 2
2026-05-14 09:19:31 CartMoveState: EXCH_1_WAIT (14) -> EXCH_1_CART (15)
2026-05-14 09:19:34 CartMoveState: EXCH_1_CART (15) -> EXCH_2_MOVE (16)
2026-05-14 09:19:35 CartMoveState: EXCH_2_MOVE (16) -> EXCH_2_CART (17)
2026-05-14 09:19:37 CartMoveState: EXCH_2_CART (17) -> STORE_DECIDE (18)
2026-05-14 09:19:37 Used volume for last job: 497.59
2026-05-14 09:19:37 Handler State: EXCHANGE_TWO (9) -> WAIT_FOR_DCU (10)
2026-05-14 09:19:39 Handler State: WAIT_FOR_DCU (10) -> EXCHANGE_THREE (11)
2026-05-14 09:19:39 CartMove: Exchange 3
2026-05-14 09:19:39 CartMoveState: STORE_DECIDE (18) -> AUX_DECIDE (5)
2026-05-14 09:19:39 CartMoveState: AUX_DECIDE (5) -> TO_MOVE (10)
2026-05-14 09:19:39 CartMoveState: TO_MOVE (10) -> TO_CART (11)
2026-05-14 09:19:42 CartMoveState: TO_CART (11) -> HOME_MOVE (12)
2026-05-14 09:19:43 CartMoveState: HOME_MOVE (12) -> HALT (13)
2026-05-14 09:19:43 CartMoveState: HALT (13) -> IDLE (1)
2026-05-14 09:19:43 Handler State: EXCHANGE_THREE (11) -> POST_PROCESS (12)
2026-05-14 09:19:43 Handler State: POST_PROCESS (12) -> MOVE_ARM_HOME (14)
2026-05-14 09:19:43 Handler State: MOVE_ARM_HOME (14) -> HANDLER_IDLE (1)
2026-05-14 09:24:20 Handler State: HANDLER_IDLE (1) -> HANDLER_START (2)
2026-05-14 09:24:21 Handler State: HANDLER_START (2) -> DECIDE_CART (3)
2026-05-14 09:24:21 Selection: IFS is clean and its cartridge is cleaned.
2026-05-14 09:24:21 Selected Primary Cartridge: 1
2026-05-14 09:24:21 Selected Primary Station: 102
2026-05-14 09:24:21 Selected Secondary Cartridge: 0
2026-05-14 09:24:21 Selected Secondary Station: 0
2026-05-14 09:24:21 Selected Filling Volume: 640
2026-05-14 09:24:21 Handler State: DECIDE_CART (3) -> CHECK_SEC_CART (26)
2026-05-14 09:24:21 Handler State: CHECK_SEC_CART (26) -> PROBE_CART (24)
2026-05-14 09:24:21 CartMove: Exchange 1, from 102
2026-05-14 09:24:21 CartMoveState: IDLE (1) -> FROM_MOVE (3)
2026-05-14 09:24:22 CartMoveState: FROM_MOVE (3) -> FROM_PROBE (19)
2026-05-14 09:24:23 Handler State: PROBE_CART (24) -> PROCESS_CART (6)
2026-05-14 09:24:24 Setting CBS color valve (FillIFS): 2
2026-05-14 09:24:25 Primed volume (FillIFS): 1.99045
2026-05-14 09:24:25 Re-Calculated Filling Volume: 640
2026-05-14 09:24:25 Setting CBS color valve (FillCart): 2
2026-05-14 09:24:47 Handler State: PROCESS_CART (6) -> EXCHANGE_ONE (7)
2026-05-14 09:24:47 CartMove: Exchange 1, from 102
2026-05-14 09:24:47 CartMoveState: FROM_PROBE (19) -> FROM_CART (4)
2026-05-14 09:24:54 Setting CBS color valve (Finished): 0
2026-05-14 09:24:56 CartMoveState: FROM_CART (4) -> TO_MOVE (10)
2026-05-14 09:24:56 CartMoveState: TO_MOVE (10) -> EXCH_1_WAIT (14)
2026-05-14 09:24:56 Handler State: EXCHANGE_ONE (7) -> START_DCU (8)
2026-05-14 09:28:21 Handler State: START_DCU (8) -> EXCHANGE_TWO (9)
2026-05-14 09:28:21 CartMove: Exchange 2
2026-05-14 09:28:32 CartMoveState: EXCH_1_WAIT (14) -> EXCH_1_CART (15)
2026-05-14 09:28:35 CartMoveState: EXCH_1_CART (15) -> EXCH_2_MOVE (16)
2026-05-14 09:28:36 CartMoveState: EXCH_2_MOVE (16) -> EXCH_2_CART (17)
2026-05-14 09:28:38 CartMoveState: EXCH_2_CART (17) -> STORE_DECIDE (18)
2026-05-14 09:28:38 Used volume for last job: 497.761
2026-05-14 09:28:38 Handler State: EXCHANGE_TWO (9) -> WAIT_FOR_DCU (10)
2026-05-14 09:28:40 Handler State: WAIT_FOR_DCU (10) -> EXCHANGE_THREE (11)
2026-05-14 09:28:40 CartMove: Exchange 3
2026-05-14 09:28:40 CartMoveState: STORE_DECIDE (18) -> AUX_DECIDE (5)
2026-05-14 09:28:40 CartMoveState: AUX_DECIDE (5) -> TO_MOVE (10)
2026-05-14 09:28:42 CartMoveState: TO_MOVE (10) -> TO_CART (11)
2026-05-14 09:28:43 CartMoveState: TO_CART (11) -> HOME_MOVE (12)
2026-05-14 09:28:45 CartMoveState: HOME_MOVE (12) -> HALT (13)
2026-05-14 09:28:45 CartMoveState: HALT (13) -> IDLE (1)
2026-05-14 09:28:45 Handler State: EXCHANGE_THREE (11) -> POST_PROCESS (12)
2026-05-14 09:28:45 Handler State: POST_PROCESS (12) -> MOVE_ARM_HOME (14)
2026-05-14 09:28:45 Handler State: MOVE_ARM_HOME (14) -> HANDLER_IDLE (1)
2026-05-14 09:34:43 Handler State: HANDLER_IDLE (1) -> SEMI_START (15)
2026-05-14 09:34:43 Handler State: SEMI_START (15) -> SEMI_PROBE_CART (25)
2026-05-14 09:34:46 Handler State: SEMI_PROBE_CART (25) -> SEMI_PROCESS (16)
2026-05-14 09:36:05 Re-Calculated Filling Volume: 0
2026-05-14 09:36:11 Setting CBS color valve (Finished): 0
2026-05-14 09:36:11 Handler State: SEMI_PROCESS (16) -> SEMI_WHAT_NEXT (21)
2026-05-14 09:36:11 Handler State: SEMI_WHAT_NEXT (21) -> SEMI_FINISHED (23)
2026-05-14 09:36:11 Handler State: SEMI_FINISHED (23) -> HANDLER_IDLE (1)
2026-05-14 09:43:25 Handler State: HANDLER_IDLE (1) -> SEMI_START (15)
2026-05-14 09:43:25 Handler State: SEMI_START (15) -> SEMI_TO_IFS (18)
2026-05-14 09:43:25 CartMove: Move, from 105 to 102
2026-05-14 09:43:25 CartMoveState: IDLE (1) -> FROM_MOVE (3)
2026-05-14 09:43:26 CartMoveState: FROM_MOVE (3) -> FROM_CART (4)
2026-05-14 09:43:29 CartMoveState: FROM_CART (4) -> AUX_DECIDE (5)
2026-05-14 09:43:29 CartMoveState: AUX_DECIDE (5) -> TO_MOVE (10)
2026-05-14 09:43:31 CartMoveState: TO_MOVE (10) -> TO_CART (11)
2026-05-14 09:43:33 CartMoveState: TO_CART (11) -> HOME_MOVE (12)
2026-05-14 09:43:33 CartMoveState: HOME_MOVE (12) -> HALT (13)
2026-05-14 09:43:33 CartMoveState: HALT (13) -> IDLE (1)
2026-05-14 09:43:33 Handler State: SEMI_TO_IFS (18) -> SEMI_PROBE_CART (25)
2026-05-14 09:43:37 Handler State: SEMI_PROBE_CART (25) -> SEMI_PROCESS (16)
2026-05-14 09:44:13 Re-Calculated Filling Volume: 0
2026-05-14 09:44:20 Setting CBS color valve (Finished): 0
2026-05-14 09:44:20 Handler State: SEMI_PROCESS (16) -> SEMI_FROM_IFS (20)
2026-05-14 09:44:20 CartMove: Move, from 102 to 105
2026-05-14 09:44:20 CartMoveState: IDLE (1) -> FROM_MOVE (3)
2026-05-14 09:44:20 CartMoveState: FROM_MOVE (3) -> FROM_CART (4)
2026-05-14 09:44:23 CartMoveState: FROM_CART (4) -> AUX_DECIDE (5)
2026-05-14 09:44:23 CartMoveState: AUX_DECIDE (5) -> TO_MOVE (10)
2026-05-14 09:44:25 CartMoveState: TO_MOVE (10) -> TO_CART (11)
2026-05-14 09:44:27 CartMoveState: TO_CART (11) -> HOME_MOVE (12)
2026-05-14 09:44:28 CartMoveState: HOME_MOVE (12) -> HALT (13)
2026-05-14 09:44:28 CartMoveState: HALT (13) -> IDLE (1)
2026-05-14 09:44:28 Handler State: SEMI_FROM_IFS (20) -> SEMI_WHAT_NEXT (21)
2026-05-14 09:44:28 Handler State: SEMI_WHAT_NEXT (21) -> SEMI_FINISHED (23)
2026-05-14 09:44:28 Handler State: SEMI_FINISHED (23) -> HANDLER_IDLE (1)
2026-05-14 09:44:29 Handler State: HANDLER_IDLE (1) -> HANDLER_START (2)
2026-05-14 09:44:30 Handler State: HANDLER_START (2) -> DECIDE_CART (3)
2026-05-14 09:44:30 Selection: IFS is clean and its cartridge is cleaned.
2026-05-14 09:44:30 Selected Primary Cartridge: 2
2026-05-14 09:44:30 Selected Primary Station: 103
2026-05-14 09:44:30 Selected Secondary Cartridge: 0
2026-05-14 09:44:30 Selected Secondary Station: 0
2026-05-14 09:44:30 Selected Filling Volume: 640
2026-05-14 09:44:30 Handler State: DECIDE_CART (3) -> CHECK_SEC_CART (26)
2026-05-14 09:44:30 Handler State: CHECK_SEC_CART (26) -> PROBE_CART (24)
2026-05-14 09:44:30 CartMove: Exchange 1, from 103
2026-05-14 09:44:30 CartMoveState: IDLE (1) -> FROM_MOVE (3)
2026-05-14 09:44:30 CartMoveState: FROM_MOVE (3) -> FROM_PROBE (19)
2026-05-14 09:44:31 Handler State: PROBE_CART (24) -> PROCESS_CART (6)
2026-05-14 09:44:32 Setting CBS color valve (FillIFS): 1
2026-05-14 09:44:33 Primed volume (FillIFS): 4.38827
2026-05-14 09:44:33 Re-Calculated Filling Volume: 640
2026-05-14 09:44:33 Setting CBS color valve (FillCart): 1
2026-05-14 09:44:57 Handler State: PROCESS_CART (6) -> EXCHANGE_ONE (7)
2026-05-14 09:44:57 CartMove: Exchange 1, from 103
2026-05-14 09:44:57 CartMoveState: FROM_PROBE (19) -> FROM_CART (4)
2026-05-14 09:45:02 Setting CBS color valve (Finished): 0
2026-05-14 09:45:04 CartMoveState: FROM_CART (4) -> TO_MOVE (10)
2026-05-14 09:45:06 CartMoveState: TO_MOVE (10) -> EXCH_1_WAIT (14)
2026-05-14 09:45:06 Handler State: EXCHANGE_ONE (7) -> START_DCU (8)
2026-05-14 09:45:06 Handler State: START_DCU (8) -> EXCHANGE_TWO (9)
2026-05-14 09:45:06 CartMove: Exchange 2
2026-05-14 09:45:06 CartMoveState: EXCH_1_WAIT (14) -> EXCH_1_CART (15)
2026-05-14 09:45:09 CartMoveState: EXCH_1_CART (15) -> EXCH_2_MOVE (16)
2026-05-14 09:45:10 CartMoveState: EXCH_2_MOVE (16) -> EXCH_2_CART (17)
2026-05-14 09:45:12 CartMoveState: EXCH_2_CART (17) -> STORE_DECIDE (18)
2026-05-14 09:45:12 Used volume for last job: 258.917
2026-05-14 09:45:12 Handler State: EXCHANGE_TWO (9) -> WAIT_FOR_DCU (10)
2026-05-14 09:45:14 Handler State: WAIT_FOR_DCU (10) -> EXCHANGE_THREE (11)
2026-05-14 09:45:14 CartMove: Exchange 3
2026-05-14 09:45:14 CartMoveState: STORE_DECIDE (18) -> AUX_DECIDE (5)
2026-05-14 09:45:14 CartMoveState: AUX_DECIDE (5) -> TO_MOVE (10)
2026-05-14 09:45:14 CartMoveState: TO_MOVE (10) -> TO_CART (11)
2026-05-14 09:45:16 CartMoveState: TO_CART (11) -> HOME_MOVE (12)
2026-05-14 09:45:16 CartMoveState: HOME_MOVE (12) -> HALT (13)
2026-05-14 09:45:16 CartMoveState: HALT (13) -> IDLE (1)
2026-05-14 09:45:16 Handler State: EXCHANGE_THREE (11) -> POST_PROCESS (12)
2026-05-14 09:45:16 Handler State: POST_PROCESS (12) -> MOVE_ARM_HOME (14)
2026-05-14 09:45:19 Handler State: MOVE_ARM_HOME (14) -> HANDLER_IDLE (1)
2026-05-14 09:51:42 Handler State: HANDLER_IDLE (1) -> SEMI_START (15)
2026-05-14 09:51:42 Handler State: SEMI_START (15) -> SEMI_TO_IFS (18)
2026-05-14 09:51:42 CartMove: Move, from 106 to 103
2026-05-14 09:51:42 CartMoveState: IDLE (1) -> FROM_MOVE (3)
2026-05-14 09:51:43 CartMoveState: FROM_MOVE (3) -> FROM_CART (4)
2026-05-14 09:51:46 CartMoveState: FROM_CART (4) -> AUX_DECIDE (5)
2026-05-14 09:51:46 CartMoveState: AUX_DECIDE (5) -> TO_MOVE (10)
2026-05-14 09:51:47 CartMoveState: TO_MOVE (10) -> TO_CART (11)
2026-05-14 09:51:50 CartMoveState: TO_CART (11) -> HOME_MOVE (12)
2026-05-14 09:51:50 CartMoveState: HOME_MOVE (12) -> HALT (13)
2026-05-14 09:51:50 CartMoveState: HALT (13) -> IDLE (1)
2026-05-14 09:51:50 Handler State: SEMI_TO_IFS (18) -> SEMI_PROBE_CART (25)
2026-05-14 09:51:52 Handler State: SEMI_PROBE_CART (25) -> SEMI_PROCESS (16)
2026-05-14 09:52:25 Re-Calculated Filling Volume: 0
2026-05-14 09:52:31 Setting CBS color valve (Finished): 0
2026-05-14 09:52:31 Handler State: SEMI_PROCESS (16) -> SEMI_FROM_IFS (20)
2026-05-14 09:52:31 CartMove: Move, from 103 to 106
2026-05-14 09:52:31 CartMoveState: IDLE (1) -> FROM_MOVE (3)
2026-05-14 09:52:31 CartMoveState: FROM_MOVE (3) -> FROM_CART (4)
2026-05-14 09:52:34 CartMoveState: FROM_CART (4) -> AUX_DECIDE (5)
2026-05-14 09:52:34 CartMoveState: AUX_DECIDE (5) -> TO_MOVE (10)
2026-05-14 09:52:35 CartMoveState: TO_MOVE (10) -> TO_CART (11)
2026-05-14 09:52:37 CartMoveState: TO_CART (11) -> HOME_MOVE (12)
2026-05-14 09:52:39 CartMoveState: HOME_MOVE (12) -> HALT (13)
2026-05-14 09:52:39 CartMoveState: HALT (13) -> IDLE (1)
2026-05-14 09:52:39 Handler State: SEMI_FROM_IFS (20) -> SEMI_WHAT_NEXT (21)
2026-05-14 09:52:39 Handler State: SEMI_WHAT_NEXT (21) -> SEMI_FINISHED (23)
2026-05-14 09:52:39 Handler State: SEMI_FINISHED (23) -> HANDLER_IDLE (1)
2026-05-14 09:52:56 Handler State: HANDLER_IDLE (1) -> HANDLER_START (2)
2026-05-14 09:52:57 Handler State: HANDLER_START (2) -> DECIDE_CART (3)
2026-05-14 09:52:57 Selection: IFS is clean.
2026-05-14 09:52:57 Selection: Cartridge is clean.
2026-05-14 09:52:57 Selected Primary Cartridge: 4
2026-05-14 09:52:57 Selected Primary Station: 102
2026-05-14 09:52:57 Selected Secondary Cartridge: 0
2026-05-14 09:52:57 Selected Secondary Station: 0
2026-05-14 09:52:57 Selected Filling Volume: 561
2026-05-14 09:52:57 Handler State: DECIDE_CART (3) -> REMOVE_CART (4)
2026-05-14 09:52:57 CartMove: Move, from 102 to 108
2026-05-14 09:52:57 CartMoveState: IDLE (1) -> FROM_MOVE (3)
2026-05-14 09:52:57 CartMoveState: FROM_MOVE (3) -> FROM_CART (4)
2026-05-14 09:53:00 CartMoveState: FROM_CART (4) -> AUX_DECIDE (5)
2026-05-14 09:53:00 CartMoveState: AUX_DECIDE (5) -> TO_MOVE (10)
2026-05-14 09:53:02 CartMoveState: TO_MOVE (10) -> TO_CART (11)
2026-05-14 09:53:04 CartMoveState: TO_CART (11) -> HOME_MOVE (12)
2026-05-14 09:53:06 CartMoveState: HOME_MOVE (12) -> HALT (13)
2026-05-14 09:53:06 CartMoveState: HALT (13) -> IDLE (1)
2026-05-14 09:53:06 Handler State: REMOVE_CART (4) -> PLACE_CART (5)
2026-05-14 09:53:06 CartMove: Move, from 105 to 102
2026-05-14 09:53:06 CartMoveState: IDLE (1) -> FROM_MOVE (3)
2026-05-14 09:53:07 CartMoveState: FROM_MOVE (3) -> FROM_CART (4)
2026-05-14 09:53:10 CartMoveState: FROM_CART (4) -> AUX_DECIDE (5)
2026-05-14 09:53:10 CartMoveState: AUX_DECIDE (5) -> TO_MOVE (10)
2026-05-14 09:53:11 CartMoveState: TO_MOVE (10) -> TO_CART (11)
2026-05-14 09:53:14 CartMoveState: TO_CART (11) -> HOME_MOVE (12)
2026-05-14 09:53:14 CartMoveState: HOME_MOVE (12) -> HALT (13)
2026-05-14 09:53:14 CartMoveState: HALT (13) -> IDLE (1)
2026-05-14 09:53:14 Handler State: PLACE_CART (5) -> CHECK_SEC_CART (26)
2026-05-14 09:53:14 Handler State: CHECK_SEC_CART (26) -> PROBE_CART (24)
2026-05-14 09:53:14 CartMove: Exchange 1, from 102
2026-05-14 09:53:14 CartMoveState: IDLE (1) -> FROM_MOVE (3)
2026-05-14 09:53:15 CartMoveState: FROM_MOVE (3) -> FROM_PROBE (19)
2026-05-14 09:53:17 Handler State: PROBE_CART (24) -> PROCESS_CART (6)
2026-05-14 09:53:17 Setting CBS color valve (FillIFS): 1
2026-05-14 09:53:18 Primed volume (FillIFS): 4.73386
2026-05-14 09:53:18 Re-Calculated Filling Volume: 561
2026-05-14 09:53:18 Setting CBS color valve (FillCart): 1
2026-05-14 09:53:40 Handler State: PROCESS_CART (6) -> EXCHANGE_ONE (7)
2026-05-14 09:53:40 CartMove: Exchange 1, from 102
2026-05-14 09:53:40 CartMoveState: FROM_PROBE (19) -> FROM_CART (4)
2026-05-14 09:53:47 Setting CBS color valve (Finished): 0
2026-05-14 09:53:49 CartMoveState: FROM_CART (4) -> TO_MOVE (10)
2026-05-14 09:53:49 CartMoveState: TO_MOVE (10) -> EXCH_1_WAIT (14)
2026-05-14 09:53:49 Handler State: EXCHANGE_ONE (7) -> START_DCU (8)
2026-05-14 09:53:50 Handler State: START_DCU (8) -> EXCHANGE_TWO (9)
2026-05-14 09:53:50 CartMove: Exchange 2
2026-05-14 09:53:50 CartMoveState: EXCH_1_WAIT (14) -> EXCH_1_CART (15)
2026-05-14 09:53:52 CartMoveState: EXCH_1_CART (15) -> EXCH_2_MOVE (16)
2026-05-14 09:53:54 CartMoveState: EXCH_2_MOVE (16) -> EXCH_2_CART (17)
2026-05-14 09:53:56 CartMoveState: EXCH_2_CART (17) -> STORE_DECIDE (18)
2026-05-14 09:53:56 Used volume for last job: 294.372
2026-05-14 09:53:56 Handler State: EXCHANGE_TWO (9) -> WAIT_FOR_DCU (10)
2026-05-14 09:53:57 Handler State: WAIT_FOR_DCU (10) -> EXCHANGE_THREE (11)
2026-05-14 09:53:57 CartMove: Exchange 3
2026-05-14 09:53:57 CartMoveState: STORE_DECIDE (18) -> AUX_DECIDE (5)
2026-05-14 09:53:57 CartMoveState: AUX_DECIDE (5) -> TO_MOVE (10)
2026-05-14 09:53:58 CartMoveState: TO_MOVE (10) -> TO_CART (11)
2026-05-14 09:54:00 CartMoveState: TO_CART (11) -> HOME_MOVE (12)
2026-05-14 09:54:01 CartMoveState: HOME_MOVE (12) -> HALT (13)
2026-05-14 09:54:01 CartMoveState: HALT (13) -> IDLE (1)
2026-05-14 09:54:01 Handler State: EXCHANGE_THREE (11) -> POST_PROCESS (12)
2026-05-14 09:54:01 Handler State: POST_PROCESS (12) -> EMPTY_AUX (13)
2026-05-14 09:54:01 CartMove: Move, from 108 to 102
2026-05-14 09:54:01 CartMoveState: IDLE (1) -> FROM_MOVE (3)
2026-05-14 09:54:02 CartMoveState: FROM_MOVE (3) -> FROM_CART (4)
2026-05-14 09:54:05 CartMoveState: FROM_CART (4) -> AUX_DECIDE (5)
2026-05-14 09:54:05 CartMoveState: AUX_DECIDE (5) -> TO_MOVE (10)
2026-05-14 09:54:07 CartMoveState: TO_MOVE (10) -> TO_CART (11)
2026-05-14 09:54:09 CartMoveState: TO_CART (11) -> HOME_MOVE (12)
2026-05-14 09:54:10 CartMoveState: HOME_MOVE (12) -> HALT (13)
2026-05-14 09:54:10 CartMoveState: HALT (13) -> IDLE (1)
2026-05-14 09:54:10 Handler State: EMPTY_AUX (13) -> MOVE_ARM_HOME (14)
2026-05-14 09:54:10 Handler State: MOVE_ARM_HOME (14) -> HANDLER_IDLE (1)
2026-05-14 09:58:00 Handler State: HANDLER_IDLE (1) -> HANDLER_START (2)
2026-05-14 09:58:01 Handler State: HANDLER_START (2) -> DECIDE_CART (3)
2026-05-14 09:58:01 Selection: IFS is clean.
2026-05-14 09:58:01 Selection: Cartridge is clean.
2026-05-14 09:58:01 Selected Primary Cartridge: 5
2026-05-14 09:58:01 Selected Primary Station: 103
2026-05-14 09:58:01 Selected Secondary Cartridge: 0
2026-05-14 09:58:01 Selected Secondary Station: 0
2026-05-14 09:58:01 Selected Filling Volume: 216
2026-05-14 09:58:01 Handler State: DECIDE_CART (3) -> REMOVE_CART (4)
2026-05-14 09:58:01 CartMove: Move, from 103 to 108
2026-05-14 09:58:01 CartMoveState: IDLE (1) -> FROM_MOVE (3)
2026-05-14 09:58:01 CartMoveState: FROM_MOVE (3) -> FROM_CART (4)
2026-05-14 09:58:04 CartMoveState: FROM_CART (4) -> AUX_DECIDE (5)
2026-05-14 09:58:04 CartMoveState: AUX_DECIDE (5) -> TO_MOVE (10)
2026-05-14 09:58:06 CartMoveState: TO_MOVE (10) -> TO_CART (11)
2026-05-14 09:58:08 CartMoveState: TO_CART (11) -> HOME_MOVE (12)
2026-05-14 09:58:09 CartMoveState: HOME_MOVE (12) -> HALT (13)
2026-05-14 09:58:09 CartMoveState: HALT (13) -> IDLE (1)
2026-05-14 09:58:09 Handler State: REMOVE_CART (4) -> PLACE_CART (5)
2026-05-14 09:58:09 CartMove: Move, from 106 to 103
2026-05-14 09:58:09 CartMoveState: IDLE (1) -> FROM_MOVE (3)
2026-05-14 09:58:11 CartMoveState: FROM_MOVE (3) -> FROM_CART (4)
2026-05-14 09:58:13 CartMoveState: FROM_CART (4) -> AUX_DECIDE (5)
2026-05-14 09:58:13 CartMoveState: AUX_DECIDE (5) -> TO_MOVE (10)
2026-05-14 09:58:15 CartMoveState: TO_MOVE (10) -> TO_CART (11)
2026-05-14 09:58:17 CartMoveState: TO_CART (11) -> HOME_MOVE (12)
2026-05-14 09:58:17 CartMoveState: HOME_MOVE (12) -> HALT (13)
2026-05-14 09:58:17 CartMoveState: HALT (13) -> IDLE (1)
2026-05-14 09:58:17 Handler State: PLACE_CART (5) -> CHECK_SEC_CART (26)
2026-05-14 09:58:17 Handler State: CHECK_SEC_CART (26) -> PROBE_CART (24)
2026-05-14 09:58:17 CartMove: Exchange 1, from 103
2026-05-14 09:58:17 CartMoveState: IDLE (1) -> FROM_MOVE (3)
2026-05-14 09:58:17 CartMoveState: FROM_MOVE (3) -> FROM_PROBE (19)
2026-05-14 09:58:19 Handler State: PROBE_CART (24) -> PROCESS_CART (6)
2026-05-14 09:58:19 Setting CBS color valve (FillIFS): 2
2026-05-14 09:58:20 Primed volume (FillIFS): 2.21394
2026-05-14 09:58:20 Re-Calculated Filling Volume: 216
2026-05-14 09:58:20 Setting CBS color valve (FillCart): 2
2026-05-14 09:58:34 Handler State: PROCESS_CART (6) -> EXCHANGE_ONE (7)
2026-05-14 09:58:34 CartMove: Exchange 1, from 103
2026-05-14 09:58:34 CartMoveState: FROM_PROBE (19) -> FROM_CART (4)
2026-05-14 09:58:40 Setting CBS color valve (Finished): 0
2026-05-14 09:58:42 CartMoveState: FROM_CART (4) -> TO_MOVE (10)
2026-05-14 09:58:43 CartMoveState: TO_MOVE (10) -> EXCH_1_WAIT (14)
2026-05-14 09:58:43 Handler State: EXCHANGE_ONE (7) -> START_DCU (8)
2026-05-14 10:01:42 Handler State: START_DCU (8) -> EXCHANGE_TWO (9)
2026-05-14 10:01:42 CartMove: Exchange 2
2026-05-14 10:01:53 CartMoveState: EXCH_1_WAIT (14) -> EXCH_1_CART (15)
2026-05-14 10:01:56 CartMoveState: EXCH_1_CART (15) -> EXCH_2_MOVE (16)
2026-05-14 10:01:57 CartMoveState: EXCH_2_MOVE (16) -> EXCH_2_CART (17)
2026-05-14 10:01:59 CartMoveState: EXCH_2_CART (17) -> STORE_DECIDE (18)
2026-05-14 10:01:59 Used volume for last job: 507.197
2026-05-14 10:01:59 Handler State: EXCHANGE_TWO (9) -> WAIT_FOR_DCU (10)
2026-05-14 10:02:01 Handler State: WAIT_FOR_DCU (10) -> EXCHANGE_THREE (11)
2026-05-14 10:02:01 CartMove: Exchange 3
2026-05-14 10:02:01 CartMoveState: STORE_DECIDE (18) -> AUX_DECIDE (5)
2026-05-14 10:02:01 CartMoveState: AUX_DECIDE (5) -> TO_MOVE (10)
2026-05-14 10:02:03 CartMoveState: TO_MOVE (10) -> TO_CART (11)
2026-05-14 10:02:05 CartMoveState: TO_CART (11) -> HOME_MOVE (12)
2026-05-14 10:02:06 CartMoveState: HOME_MOVE (12) -> HALT (13)
2026-05-14 10:02:06 CartMoveState: HALT (13) -> IDLE (1)
2026-05-14 10:02:06 Handler State: EXCHANGE_THREE (11) -> POST_PROCESS (12)
2026-05-14 10:02:06 Handler State: POST_PROCESS (12) -> EMPTY_AUX (13)
2026-05-14 10:02:06 CartMove: Move, from 108 to 103
2026-05-14 10:02:06 CartMoveState: IDLE (1) -> FROM_MOVE (3)
2026-05-14 10:02:07 CartMoveState: FROM_MOVE (3) -> FROM_CART (4)
2026-05-14 10:02:10 CartMoveState: FROM_CART (4) -> AUX_DECIDE (5)
2026-05-14 10:02:10 CartMoveState: AUX_DECIDE (5) -> TO_MOVE (10)
2026-05-14 10:02:12 CartMoveState: TO_MOVE (10) -> TO_CART (11)
2026-05-14 10:02:14 CartMoveState: TO_CART (11) -> HOME_MOVE (12)
2026-05-14 10:02:14 CartMoveState: HOME_MOVE (12) -> HALT (13)
2026-05-14 10:02:14 CartMoveState: HALT (13) -> IDLE (1)
2026-05-14 10:02:14 Handler State: EMPTY_AUX (13) -> MOVE_ARM_HOME (14)
2026-05-14 10:02:14 Handler State: MOVE_ARM_HOME (14) -> HANDLER_IDLE (1)
2026-05-14 10:05:15 Handler State: HANDLER_IDLE (1) -> SEMI_START (15)
2026-05-14 10:05:15 Handler State: SEMI_START (15) -> SEMI_PROBE_CART (25)
2026-05-14 10:05:19 Handler State: SEMI_PROBE_CART (25) -> SEMI_PROCESS (16)
2026-05-14 10:06:41 Re-Calculated Filling Volume: 0
2026-05-14 10:06:47 Setting CBS color valve (Finished): 0
2026-05-14 10:06:47 Handler State: SEMI_PROCESS (16) -> SEMI_WHAT_NEXT (21)
2026-05-14 10:06:47 Handler State: SEMI_WHAT_NEXT (21) -> SEMI_FINISHED (23)
2026-05-14 10:06:48 Handler State: SEMI_FINISHED (23) -> HANDLER_IDLE (1)
2026-05-14 10:06:50 Handler State: HANDLER_IDLE (1) -> SEMI_START (15)
2026-05-14 10:06:50 Handler State: SEMI_START (15) -> SEMI_PROBE_CART (25)
2026-05-14 10:06:53 Handler State: SEMI_PROBE_CART (25) -> SEMI_PROCESS (16)
2026-05-14 10:07:26 Re-Calculated Filling Volume: 0
2026-05-14 10:07:32 Setting CBS color valve (Finished): 0
2026-05-14 10:07:32 Handler State: SEMI_PROCESS (16) -> SEMI_WHAT_NEXT (21)
2026-05-14 10:07:32 Handler State: SEMI_WHAT_NEXT (21) -> SEMI_FINISHED (23)
2026-05-14 10:07:32 Handler State: SEMI_FINISHED (23) -> HANDLER_IDLE (1)
2026-05-14 10:14:31 Handler State: HANDLER_IDLE (1) -> HANDLER_START (2)
2026-05-14 10:14:32 Handler State: HANDLER_START (2) -> DECIDE_CART (3)
2026-05-14 10:14:32 Selection: IFS is clean and its cartridge is cleaned.
2026-05-14 10:14:32 Selected Primary Cartridge: 1
2026-05-14 10:14:32 Selected Primary Station: 102
2026-05-14 10:14:32 Selected Secondary Cartridge: 0
2026-05-14 10:14:32 Selected Secondary Station: 0
2026-05-14 10:14:32 Selected Filling Volume: 640
2026-05-14 10:14:32 Handler State: DECIDE_CART (3) -> CHECK_SEC_CART (26)
2026-05-14 10:14:32 Handler State: CHECK_SEC_CART (26) -> PROBE_CART (24)
2026-05-14 10:14:32 CartMove: Exchange 1, from 102
2026-05-14 10:14:32 CartMoveState: IDLE (1) -> FROM_MOVE (3)
2026-05-14 10:14:33 CartMoveState: FROM_MOVE (3) -> FROM_PROBE (19)
2026-05-14 10:14:34 Handler State: PROBE_CART (24) -> PROCESS_CART (6)
2026-05-14 10:14:35 Setting CBS color valve (FillIFS): 2
2026-05-14 10:14:36 Primed volume (FillIFS): 1.71607
2026-05-14 10:14:36 Re-Calculated Filling Volume: 640
2026-05-14 10:14:36 Setting CBS color valve (FillCart): 2
2026-05-14 10:14:59 Handler State: PROCESS_CART (6) -> EXCHANGE_ONE (7)
2026-05-14 10:14:59 CartMove: Exchange 1, from 102
2026-05-14 10:14:59 CartMoveState: FROM_PROBE (19) -> FROM_CART (4)
2026-05-14 10:15:06 Setting CBS color valve (Finished): 0
2026-05-14 10:15:07 CartMoveState: FROM_CART (4) -> TO_MOVE (10)
2026-05-14 10:15:08 CartMoveState: TO_MOVE (10) -> EXCH_1_WAIT (14)
2026-05-14 10:15:08 Handler State: EXCHANGE_ONE (7) -> START_DCU (8)
2026-05-14 10:15:08 Handler State: START_DCU (8) -> EXCHANGE_TWO (9)
2026-05-14 10:15:09 CartMove: Exchange 2
2026-05-14 10:15:09 CartMoveState: EXCH_1_WAIT (14) -> EXCH_1_CART (15)
2026-05-14 10:15:11 CartMoveState: EXCH_1_CART (15) -> EXCH_2_MOVE (16)
2026-05-14 10:15:12 CartMoveState: EXCH_2_MOVE (16) -> EXCH_2_CART (17)
2026-05-14 10:15:14 CartMoveState: EXCH_2_CART (17) -> STORE_DECIDE (18)
2026-05-14 10:15:14 Used volume for last job: 166.168
2026-05-14 10:15:14 Handler State: EXCHANGE_TWO (9) -> WAIT_FOR_DCU (10)
2026-05-14 10:15:16 Handler State: WAIT_FOR_DCU (10) -> EXCHANGE_THREE (11)
2026-05-14 10:15:16 CartMove: Exchange 3
2026-05-14 10:15:16 CartMoveState: STORE_DECIDE (18) -> AUX_DECIDE (5)
2026-05-14 10:15:16 CartMoveState: AUX_DECIDE (5) -> TO_MOVE (10)
2026-05-14 10:15:18 CartMoveState: TO_MOVE (10) -> TO_CART (11)
2026-05-14 10:15:20 CartMoveState: TO_CART (11) -> HOME_MOVE (12)
2026-05-14 10:15:21 CartMoveState: HOME_MOVE (12) -> HALT (13)
2026-05-14 10:15:21 CartMoveState: HALT (13) -> IDLE (1)
2026-05-14 10:15:21 Handler State: EXCHANGE_THREE (11) -> POST_PROCESS (12)
2026-05-14 10:15:21 Handler State: POST_PROCESS (12) -> MOVE_ARM_HOME (14)
2026-05-14 10:15:22 Handler State: MOVE_ARM_HOME (14) -> HANDLER_IDLE (1)
2026-05-14 10:15:32 Handler State: HANDLER_IDLE (1) -> HANDLER_START (2)
2026-05-14 10:15:33 Handler State: HANDLER_START (2) -> DECIDE_CART (3)
2026-05-14 10:15:33 Selection: IFS is clean and its cartridge is cleaned.
2026-05-14 10:15:33 Selected Primary Cartridge: 3
2026-05-14 10:15:33 Selected Primary Station: 104
2026-05-14 10:15:33 Selected Secondary Cartridge: 0
2026-05-14 10:15:33 Selected Secondary Station: 0
2026-05-14 10:15:33 Selected Filling Volume: 640
2026-05-14 10:15:33 Handler State: DECIDE_CART (3) -> CHECK_SEC_CART (26)
2026-05-14 10:15:33 Handler State: CHECK_SEC_CART (26) -> PROBE_CART (24)
2026-05-14 10:15:33 CartMove: Exchange 1, from 104
2026-05-14 10:15:33 CartMoveState: IDLE (1) -> FROM_MOVE (3)
2026-05-14 10:15:33 CartMoveState: FROM_MOVE (3) -> FROM_PROBE (19)
2026-05-14 10:15:35 Handler State: PROBE_CART (24) -> PROCESS_CART (6)
2026-05-14 10:15:35 Setting CBS color valve (FillIFS): 1
2026-05-14 10:15:37 Primed volume (FillIFS): 2.77043
2026-05-14 10:15:37 Re-Calculated Filling Volume: 640
2026-05-14 10:15:37 Setting CBS color valve (FillCart): 1
2026-05-14 10:16:01 Handler State: PROCESS_CART (6) -> EXCHANGE_ONE (7)
2026-05-14 10:16:01 CartMove: Exchange 1, from 104
2026-05-14 10:16:01 CartMoveState: FROM_PROBE (19) -> FROM_CART (4)
2026-05-14 10:16:06 Setting CBS color valve (Finished): 0
2026-05-14 10:16:08 CartMoveState: FROM_CART (4) -> TO_MOVE (10)
2026-05-14 10:16:10 CartMoveState: TO_MOVE (10) -> EXCH_1_WAIT (14)
2026-05-14 10:16:10 Handler State: EXCHANGE_ONE (7) -> START_DCU (8)
2026-05-14 10:18:53 Handler State: START_DCU (8) -> EXCHANGE_TWO (9)
2026-05-14 10:18:53 CartMove: Exchange 2
2026-05-14 10:19:04 CartMoveState: EXCH_1_WAIT (14) -> EXCH_1_CART (15)
2026-05-14 10:19:06 CartMoveState: EXCH_1_CART (15) -> EXCH_2_MOVE (16)
2026-05-14 10:19:07 CartMoveState: EXCH_2_MOVE (16) -> EXCH_2_CART (17)
2026-05-14 10:19:09 CartMoveState: EXCH_2_CART (17) -> STORE_DECIDE (18)
2026-05-14 10:19:09 Used volume for last job: 264.728
2026-05-14 10:19:09 Handler State: EXCHANGE_TWO (9) -> WAIT_FOR_DCU (10)
2026-05-14 10:19:11 Handler State: WAIT_FOR_DCU (10) -> EXCHANGE_THREE (11)
2026-05-14 10:19:11 CartMove: Exchange 3
2026-05-14 10:19:11 CartMoveState: STORE_DECIDE (18) -> AUX_DECIDE (5)
2026-05-14 10:19:11 CartMoveState: AUX_DECIDE (5) -> TO_MOVE (10)
2026-05-14 10:19:11 CartMoveState: TO_MOVE (10) -> TO_CART (11)
2026-05-14 10:19:13 CartMoveState: TO_CART (11) -> HOME_MOVE (12)
2026-05-14 10:19:14 CartMoveState: HOME_MOVE (12) -> HALT (13)
2026-05-14 10:19:14 CartMoveState: HALT (13) -> IDLE (1)
2026-05-14 10:19:14 Handler State: EXCHANGE_THREE (11) -> POST_PROCESS (12)
2026-05-14 10:19:14 Handler State: POST_PROCESS (12) -> MOVE_ARM_HOME (14)
2026-05-14 10:19:14 Handler State: MOVE_ARM_HOME (14) -> HANDLER_IDLE (1)
2026-05-14 10:19:55 Handler State: HANDLER_IDLE (1) -> HANDLER_START (2)
2026-05-14 10:19:56 Handler State: HANDLER_START (2) -> DECIDE_CART (3)
2026-05-14 10:19:56 Selection: Last resort, just pick the first IFS.
2026-05-14 10:19:56 Selection: Last resort, just pick the first cartridge.
2026-05-14 10:19:56 Selected Primary Cartridge: 1
2026-05-14 10:19:56 Selected Primary Station: 102
2026-05-14 10:19:56 Selected Secondary Cartridge: 0
2026-05-14 10:19:56 Selected Secondary Station: 0
2026-05-14 10:19:56 Selected Filling Volume: 547
2026-05-14 10:19:56 Handler State: DECIDE_CART (3) -> CHECK_SEC_CART (26)
2026-05-14 10:19:56 Handler State: CHECK_SEC_CART (26) -> PROBE_CART (24)
2026-05-14 10:19:56 CartMove: Exchange 1, from 102
2026-05-14 10:19:56 CartMoveState: IDLE (1) -> FROM_MOVE (3)
2026-05-14 10:19:57 CartMoveState: FROM_MOVE (3) -> FROM_PROBE (19)
2026-05-14 10:19:58 Handler State: PROBE_CART (24) -> PROCESS_CART (6)
2026-05-14 10:21:19 Setting CBS color valve (FillIFS): 1
2026-05-14 10:21:20 Primed volume (FillIFS): 4.88342
2026-05-14 10:21:20 Re-Calculated Filling Volume: 547
2026-05-14 10:21:20 Setting CBS color valve (FillCart): 1
2026-05-14 10:21:41 Handler State: PROCESS_CART (6) -> EXCHANGE_ONE (7)
2026-05-14 10:21:41 CartMove: Exchange 1, from 102
2026-05-14 10:21:41 CartMoveState: FROM_PROBE (19) -> FROM_CART (4)
2026-05-14 10:21:48 Setting CBS color valve (Finished): 0
2026-05-14 10:21:50 CartMoveState: FROM_CART (4) -> TO_MOVE (10)
2026-05-14 10:21:51 CartMoveState: TO_MOVE (10) -> EXCH_1_WAIT (14)
2026-05-14 10:21:51 Handler State: EXCHANGE_ONE (7) -> START_DCU (8)
2026-05-14 10:22:17 Handler State: START_DCU (8) -> EXCHANGE_TWO (9)
2026-05-14 10:22:17 CartMove: Exchange 2
2026-05-14 10:22:28 CartMoveState: EXCH_1_WAIT (14) -> EXCH_1_CART (15)
2026-05-14 10:22:31 CartMoveState: EXCH_1_CART (15) -> EXCH_2_MOVE (16)
2026-05-14 10:22:32 CartMoveState: EXCH_2_MOVE (16) -> EXCH_2_CART (17)
2026-05-14 10:22:34 CartMoveState: EXCH_2_CART (17) -> STORE_DECIDE (18)
2026-05-14 10:22:34 Used volume for last job: 284.614
2026-05-14 10:22:34 Handler State: EXCHANGE_TWO (9) -> WAIT_FOR_DCU (10)
2026-05-14 10:22:36 Handler State: WAIT_FOR_DCU (10) -> EXCHANGE_THREE (11)
2026-05-14 10:22:36 CartMove: Exchange 3
2026-05-14 10:22:36 CartMoveState: STORE_DECIDE (18) -> AUX_DECIDE (5)
2026-05-14 10:22:36 CartMoveState: AUX_DECIDE (5) -> TO_MOVE (10)
2026-05-14 10:22:36 CartMoveState: TO_MOVE (10) -> TO_CART (11)
2026-05-14 10:22:39 CartMoveState: TO_CART (11) -> HOME_MOVE (12)
2026-05-14 10:22:40 CartMoveState: HOME_MOVE (12) -> HALT (13)
2026-05-14 10:22:40 CartMoveState: HALT (13) -> IDLE (1)
2026-05-14 10:22:40 Handler State: EXCHANGE_THREE (11) -> POST_PROCESS (12)
2026-05-14 10:22:40 Handler State: POST_PROCESS (12) -> MOVE_ARM_HOME (14)
2026-05-14 10:22:40 Handler State: MOVE_ARM_HOME (14) -> HANDLER_IDLE (1)
2026-05-14 10:28:44 Handler State: HANDLER_IDLE (1) -> SEMI_START (15)
2026-05-14 10:28:44 Handler State: SEMI_START (15) -> SEMI_PROBE_CART (25)
2026-05-14 10:28:47 Handler State: SEMI_PROBE_CART (25) -> SEMI_PROCESS (16)
2026-05-14 10:30:02 Re-Calculated Filling Volume: 0
2026-05-14 10:30:08 Setting CBS color valve (Finished): 0
2026-05-14 10:30:08 Handler State: SEMI_PROCESS (16) -> SEMI_WHAT_NEXT (21)
2026-05-14 10:30:08 Handler State: SEMI_WHAT_NEXT (21) -> SEMI_FINISHED (23)
2026-05-14 10:30:08 Handler State: SEMI_FINISHED (23) -> HANDLER_IDLE (1)
2026-05-14 10:32:49 Handler State: HANDLER_IDLE (1) -> HANDLER_START (2)
2026-05-14 10:32:50 Handler State: HANDLER_START (2) -> DECIDE_CART (3)
2026-05-14 10:32:50 Selection: IFS is clean and its cartridge is cleaned.
2026-05-14 10:32:50 Selected Primary Cartridge: 3
2026-05-14 10:32:50 Selected Primary Station: 104
2026-05-14 10:32:50 Selected Secondary Cartridge: 0
2026-05-14 10:32:50 Selected Secondary Station: 0
2026-05-14 10:32:50 Selected Filling Volume: 551
2026-05-14 10:32:50 Handler State: DECIDE_CART (3) -> CHECK_SEC_CART (26)
2026-05-14 10:32:50 Handler State: CHECK_SEC_CART (26) -> PROBE_CART (24)
2026-05-14 10:32:50 CartMove: Exchange 1, from 104
2026-05-14 10:32:50 CartMoveState: IDLE (1) -> FROM_MOVE (3)
2026-05-14 10:32:51 CartMoveState: FROM_MOVE (3) -> FROM_PROBE (19)
2026-05-14 10:32:53 Handler State: PROBE_CART (24) -> PROCESS_CART (6)
2026-05-14 10:32:53 Setting CBS color valve (FillIFS): 1
2026-05-14 10:32:54 Primed volume (FillIFS): 1.60068
2026-05-14 10:32:54 Re-Calculated Filling Volume: 551
2026-05-14 10:32:54 Setting CBS color valve (FillCart): 1
2026-05-14 10:33:17 Handler State: PROCESS_CART (6) -> EXCHANGE_ONE (7)
2026-05-14 10:33:17 CartMove: Exchange 1, from 104
2026-05-14 10:33:17 CartMoveState: FROM_PROBE (19) -> FROM_CART (4)
2026-05-14 10:33:22 Setting CBS color valve (Finished): 0
2026-05-14 10:33:24 CartMoveState: FROM_CART (4) -> TO_MOVE (10)
2026-05-14 10:33:26 CartMoveState: TO_MOVE (10) -> EXCH_1_WAIT (14)
2026-05-14 10:33:26 Handler State: EXCHANGE_ONE (7) -> START_DCU (8)
2026-05-14 10:33:26 Handler State: START_DCU (8) -> EXCHANGE_TWO (9)
2026-05-14 10:33:26 CartMove: Exchange 2
2026-05-14 10:33:26 CartMoveState: EXCH_1_WAIT (14) -> EXCH_1_CART (15)
2026-05-14 10:33:29 CartMoveState: EXCH_1_CART (15) -> EXCH_2_MOVE (16)
2026-05-14 10:33:30 CartMoveState: EXCH_2_MOVE (16) -> EXCH_2_CART (17)
2026-05-14 10:33:32 CartMoveState: EXCH_2_CART (17) -> STORE_DECIDE (18)
2026-05-14 10:33:32 Used volume for last job: 491.361
2026-05-14 10:33:32 Handler State: EXCHANGE_TWO (9) -> WAIT_FOR_DCU (10)
2026-05-14 10:33:34 Handler State: WAIT_FOR_DCU (10) -> EXCHANGE_THREE (11)
2026-05-14 10:33:34 CartMove: Exchange 3
2026-05-14 10:33:34 CartMoveState: STORE_DECIDE (18) -> AUX_DECIDE (5)
2026-05-14 10:33:34 CartMoveState: AUX_DECIDE (5) -> TO_MOVE (10)
2026-05-14 10:33:34 CartMoveState: TO_MOVE (10) -> TO_CART (11)
2026-05-14 10:33:36 CartMoveState: TO_CART (11) -> HOME_MOVE (12)
2026-05-14 10:33:36 CartMoveState: HOME_MOVE (12) -> HALT (13)
2026-05-14 10:33:36 CartMoveState: HALT (13) -> IDLE (1)
2026-05-14 10:33:36 Handler State: EXCHANGE_THREE (11) -> POST_PROCESS (12)
2026-05-14 10:33:36 Handler State: POST_PROCESS (12) -> MOVE_ARM_HOME (14)
2026-05-14 10:33:38 Handler State: MOVE_ARM_HOME (14) -> HANDLER_IDLE (1)
2026-05-14 11:08:12 Handler State: HANDLER_IDLE (1) -> SEMI_START (15)
2026-05-14 11:08:12 Handler State: SEMI_START (15) -> SEMI_TO_IFS (18)
2026-05-14 11:08:12 CartMove: Move, from 107 to 104
2026-05-14 11:08:12 CartMoveState: IDLE (1) -> FROM_MOVE (3)
2026-05-14 11:08:14 CartMoveState: FROM_MOVE (3) -> FROM_CART (4)
2026-05-14 11:08:16 CartMoveState: FROM_CART (4) -> AUX_DECIDE (5)
2026-05-14 11:08:16 CartMoveState: AUX_DECIDE (5) -> TO_MOVE (10)
2026-05-14 11:08:18 CartMoveState: TO_MOVE (10) -> TO_CART (11)
2026-05-14 11:08:20 CartMoveState: TO_CART (11) -> HOME_MOVE (12)
2026-05-14 11:08:21 CartMoveState: HOME_MOVE (12) -> HALT (13)
2026-05-14 11:08:21 CartMoveState: HALT (13) -> IDLE (1)
2026-05-14 11:08:21 Handler State: SEMI_TO_IFS (18) -> SEMI_PROBE_CART (25)
2026-05-14 11:08:24 Handler State: SEMI_PROBE_CART (25) -> SEMI_PROCESS (16)
2026-05-14 11:08:58 Re-Calculated Filling Volume: 0
2026-05-14 11:09:03 Setting CBS color valve (Finished): 0
2026-05-14 11:09:03 Handler State: SEMI_PROCESS (16) -> SEMI_FROM_IFS (20)
2026-05-14 11:09:03 CartMove: Move, from 104 to 107
2026-05-14 11:09:03 CartMoveState: IDLE (1) -> FROM_MOVE (3)
2026-05-14 11:09:03 CartMoveState: FROM_MOVE (3) -> FROM_CART (4)
2026-05-14 11:09:06 CartMoveState: FROM_CART (4) -> AUX_DECIDE (5)
2026-05-14 11:09:06 CartMoveState: AUX_DECIDE (5) -> TO_MOVE (10)
2026-05-14 11:09:08 CartMoveState: TO_MOVE (10) -> TO_CART (11)
2026-05-14 11:09:10 CartMoveState: TO_CART (11) -> HOME_MOVE (12)
2026-05-14 11:09:11 CartMoveState: HOME_MOVE (12) -> HALT (13)
2026-05-14 11:09:11 CartMoveState: HALT (13) -> IDLE (1)
2026-05-14 11:09:11 Handler State: SEMI_FROM_IFS (20) -> SEMI_WHAT_NEXT (21)
2026-05-14 11:09:11 Handler State: SEMI_WHAT_NEXT (21) -> SEMI_FINISHED (23)
2026-05-14 11:09:11 Handler State: SEMI_FINISHED (23) -> HANDLER_IDLE (1)
2026-05-14 11:11:08 Handler State: HANDLER_IDLE (1) -> SEMI_START (15)
2026-05-14 11:11:08 Handler State: SEMI_START (15) -> SEMI_PROBE_CART (25)
2026-05-14 11:11:11 Handler State: SEMI_PROBE_CART (25) -> SEMI_PROCESS (16)
2026-05-14 11:11:48 Re-Calculated Filling Volume: 0
2026-05-14 11:11:55 Setting CBS color valve (Finished): 0
2026-05-14 11:11:55 Handler State: SEMI_PROCESS (16) -> SEMI_WHAT_NEXT (21)
2026-05-14 11:11:55 Handler State: SEMI_WHAT_NEXT (21) -> SEMI_FINISHED (23)
2026-05-14 11:11:55 Handler State: SEMI_FINISHED (23) -> HANDLER_IDLE (1)
2026-05-14 11:15:49 Handler State: HANDLER_IDLE (1) -> HANDLER_START (2)
2026-05-14 11:15:50 Handler State: HANDLER_START (2) -> DECIDE_CART (3)
2026-05-14 11:15:50 Selection: IFS is clean.
2026-05-14 11:15:50 Selection: Cartridge is clean.
2026-05-14 11:15:50 Selected Primary Cartridge: 6
2026-05-14 11:15:50 Selected Primary Station: 104
2026-05-14 11:15:50 Selected Secondary Cartridge: 0
2026-05-14 11:15:50 Selected Secondary Station: 0
2026-05-14 11:15:50 Selected Filling Volume: 640
2026-05-14 11:15:50 Handler State: DECIDE_CART (3) -> PLACE_CART (5)
2026-05-14 11:15:50 CartMove: Move, from 107 to 104
2026-05-14 11:15:50 CartMoveState: IDLE (1) -> FROM_MOVE (3)
2026-05-14 11:15:51 CartMoveState: FROM_MOVE (3) -> FROM_CART (4)
2026-05-14 11:15:54 CartMoveState: FROM_CART (4) -> AUX_DECIDE (5)
2026-05-14 11:15:54 CartMoveState: AUX_DECIDE (5) -> TO_MOVE (10)
2026-05-14 11:15:55 CartMoveState: TO_MOVE (10) -> TO_CART (11)
2026-05-14 11:15:58 CartMoveState: TO_CART (11) -> HOME_MOVE (12)
2026-05-14 11:15:58 CartMoveState: HOME_MOVE (12) -> HALT (13)
2026-05-14 11:15:58 CartMoveState: HALT (13) -> IDLE (1)
2026-05-14 11:15:58 Handler State: PLACE_CART (5) -> CHECK_SEC_CART (26)
2026-05-14 11:15:58 Handler State: CHECK_SEC_CART (26) -> PROBE_CART (24)
2026-05-14 11:15:58 CartMove: Exchange 1, from 104
2026-05-14 11:15:58 CartMoveState: IDLE (1) -> FROM_MOVE (3)
2026-05-14 11:15:59 CartMoveState: FROM_MOVE (3) -> FROM_PROBE (19)
2026-05-14 11:16:01 Handler State: PROBE_CART (24) -> PROCESS_CART (6)
2026-05-14 11:16:01 Setting CBS color valve (FillIFS): 1
2026-05-14 11:16:02 Primed volume (FillIFS): 1.85872
2026-05-14 11:16:02 Re-Calculated Filling Volume: 640
2026-05-14 11:16:02 Setting CBS color valve (FillCart): 1
2026-05-14 11:16:27 Handler State: PROCESS_CART (6) -> EXCHANGE_ONE (7)
2026-05-14 11:16:27 CartMove: Exchange 1, from 104
2026-05-14 11:16:27 CartMoveState: FROM_PROBE (19) -> FROM_CART (4)
2026-05-14 11:16:33 Setting CBS color valve (Finished): 0
2026-05-14 11:16:35 CartMoveState: FROM_CART (4) -> TO_MOVE (10)
2026-05-14 11:16:36 CartMoveState: TO_MOVE (10) -> EXCH_1_WAIT (14)
2026-05-14 11:16:36 Handler State: EXCHANGE_ONE (7) -> START_DCU (8)
2026-05-14 11:16:37 Handler State: START_DCU (8) -> EXCHANGE_TWO (9)
2026-05-14 11:16:37 CartMove: Exchange 2
2026-05-14 11:16:37 CartMoveState: EXCH_1_WAIT (14) -> EXCH_1_CART (15)
2026-05-14 11:16:39 CartMoveState: EXCH_1_CART (15) -> EXCH_2_MOVE (16)
2026-05-14 11:16:41 CartMoveState: EXCH_2_MOVE (16) -> EXCH_2_CART (17)
2026-05-14 11:16:42 CartMoveState: EXCH_2_CART (17) -> STORE_DECIDE (18)
2026-05-14 11:16:42 Used volume for last job: 497.555
2026-05-14 11:16:42 Handler State: EXCHANGE_TWO (9) -> WAIT_FOR_DCU (10)
2026-05-14 11:16:44 Handler State: WAIT_FOR_DCU (10) -> EXCHANGE_THREE (11)
2026-05-14 11:16:44 CartMove: Exchange 3
2026-05-14 11:16:44 CartMoveState: STORE_DECIDE (18) -> AUX_DECIDE (5)
2026-05-14 11:16:44 CartMoveState: AUX_DECIDE (5) -> TO_MOVE (10)
2026-05-14 11:16:45 CartMoveState: TO_MOVE (10) -> TO_CART (11)
2026-05-14 11:16:47 CartMoveState: TO_CART (11) -> HOME_MOVE (12)
2026-05-14 11:16:48 CartMoveState: HOME_MOVE (12) -> HALT (13)
2026-05-14 11:16:48 CartMoveState: HALT (13) -> IDLE (1)
2026-05-14 11:16:48 Handler State: EXCHANGE_THREE (11) -> POST_PROCESS (12)
2026-05-14 11:16:48 Handler State: POST_PROCESS (12) -> MOVE_ARM_HOME (14)
2026-05-14 11:16:50 Handler State: MOVE_ARM_HOME (14) -> HANDLER_IDLE (1)
2026-05-14 11:19:57 Handler State: HANDLER_IDLE (1) -> SEMI_START (15)
2026-05-14 11:19:57 Handler State: SEMI_START (15) -> SEMI_PROBE_CART (25)
2026-05-14 11:20:00 Handler State: SEMI_PROBE_CART (25) -> SEMI_PROCESS (16)
2026-05-14 11:20:34 Re-Calculated Filling Volume: 0
2026-05-14 11:20:39 Setting CBS color valve (Finished): 0
2026-05-14 11:20:39 Handler State: SEMI_PROCESS (16) -> SEMI_WHAT_NEXT (21)
2026-05-14 11:20:39 Handler State: SEMI_WHAT_NEXT (21) -> SEMI_FINISHED (23)
2026-05-14 11:20:40 Handler State: SEMI_FINISHED (23) -> HANDLER_IDLE (1)
2026-05-14 11:20:41 Handler State: HANDLER_IDLE (1) -> HANDLER_START (2)
2026-05-14 11:20:42 Handler State: HANDLER_START (2) -> DECIDE_CART (3)
2026-05-14 11:20:42 Selection: IFS is clean and its cartridge is cleaned.
2026-05-14 11:20:42 Selected Primary Cartridge: 1
2026-05-14 11:20:42 Selected Primary Station: 102
2026-05-14 11:20:42 Selected Secondary Cartridge: 0
2026-05-14 11:20:42 Selected Secondary Station: 0
2026-05-14 11:20:42 Selected Filling Volume: 547
2026-05-14 11:20:42 Handler State: DECIDE_CART (3) -> CHECK_SEC_CART (26)
2026-05-14 11:20:42 Handler State: CHECK_SEC_CART (26) -> PROBE_CART (24)
2026-05-14 11:20:42 CartMove: Exchange 1, from 102
2026-05-14 11:20:42 CartMoveState: IDLE (1) -> FROM_MOVE (3)
2026-05-14 11:20:43 CartMoveState: FROM_MOVE (3) -> FROM_PROBE (19)
2026-05-14 11:20:44 Handler State: PROBE_CART (24) -> PROCESS_CART (6)
2026-05-14 11:20:44 Setting CBS color valve (FillIFS): 1
2026-05-14 11:20:46 Primed volume (FillIFS): 4.51673
2026-05-14 11:20:46 Re-Calculated Filling Volume: 547
2026-05-14 11:20:46 Setting CBS color valve (FillCart): 1
2026-05-14 11:21:08 Handler State: PROCESS_CART (6) -> EXCHANGE_ONE (7)
2026-05-14 11:21:08 CartMove: Exchange 1, from 102
2026-05-14 11:21:08 CartMoveState: FROM_PROBE (19) -> FROM_CART (4)
2026-05-14 11:21:15 Setting CBS color valve (Finished): 0
2026-05-14 11:21:17 CartMoveState: FROM_CART (4) -> TO_MOVE (10)
2026-05-14 11:21:18 CartMoveState: TO_MOVE (10) -> EXCH_1_WAIT (14)
2026-05-14 11:21:18 Handler State: EXCHANGE_ONE (7) -> START_DCU (8)
2026-05-14 11:21:18 Handler State: START_DCU (8) -> EXCHANGE_TWO (9)
2026-05-14 11:21:18 CartMove: Exchange 2
2026-05-14 11:21:18 CartMoveState: EXCH_1_WAIT (14) -> EXCH_1_CART (15)
2026-05-14 11:21:21 CartMoveState: EXCH_1_CART (15) -> EXCH_2_MOVE (16)
2026-05-14 11:21:22 CartMoveState: EXCH_2_MOVE (16) -> EXCH_2_CART (17)
2026-05-14 11:21:24 CartMoveState: EXCH_2_CART (17) -> STORE_DECIDE (18)
2026-05-14 11:21:24 Used volume for last job: 264.142
2026-05-14 11:21:24 Handler State: EXCHANGE_TWO (9) -> WAIT_FOR_DCU (10)
2026-05-14 11:21:26 Handler State: WAIT_FOR_DCU (10) -> EXCHANGE_THREE (11)
2026-05-14 11:21:26 CartMove: Exchange 3
2026-05-14 11:21:26 CartMoveState: STORE_DECIDE (18) -> AUX_DECIDE (5)
2026-05-14 11:21:26 CartMoveState: AUX_DECIDE (5) -> TO_MOVE (10)
2026-05-14 11:21:28 CartMoveState: TO_MOVE (10) -> TO_CART (11)
2026-05-14 11:21:30 CartMoveState: TO_CART (11) -> HOME_MOVE (12)
2026-05-14 11:21:31 CartMoveState: HOME_MOVE (12) -> HALT (13)
2026-05-14 11:21:31 CartMoveState: HALT (13) -> IDLE (1)
2026-05-14 11:21:31 Handler State: EXCHANGE_THREE (11) -> POST_PROCESS (12)
2026-05-14 11:21:31 Handler State: POST_PROCESS (12) -> MOVE_ARM_HOME (14)
2026-05-14 11:21:31 Handler State: MOVE_ARM_HOME (14) -> HANDLER_IDLE (1)
2026-05-14 11:24:01 Handler State: HANDLER_IDLE (1) -> HANDLER_START (2)
2026-05-14 11:24:02 Handler State: HANDLER_START (2) -> DECIDE_CART (3)
2026-05-14 11:24:02 Selection: IFS is clean and its cartridge is cleaned.
2026-05-14 11:24:02 Selected Primary Cartridge: 3
2026-05-14 11:24:02 Selected Primary Station: 104
2026-05-14 11:24:02 Selected Secondary Cartridge: 0
2026-05-14 11:24:02 Selected Secondary Station: 0
2026-05-14 11:24:02 Selected Filling Volume: 562
2026-05-14 11:24:02 Handler State: DECIDE_CART (3) -> CHECK_SEC_CART (26)
2026-05-14 11:24:02 Handler State: CHECK_SEC_CART (26) -> PROBE_CART (24)
2026-05-14 11:24:02 CartMove: Exchange 1, from 104
2026-05-14 11:24:02 CartMoveState: IDLE (1) -> FROM_MOVE (3)
2026-05-14 11:24:02 CartMoveState: FROM_MOVE (3) -> FROM_PROBE (19)
2026-05-14 11:24:04 Handler State: PROBE_CART (24) -> PROCESS_CART (6)
2026-05-14 11:24:04 Setting CBS color valve (FillIFS): 2
2026-05-14 11:24:06 Primed volume (FillIFS): 2.30201
2026-05-14 11:24:06 Re-Calculated Filling Volume: 562
2026-05-14 11:24:06 Setting CBS color valve (FillCart): 2
2026-05-14 11:24:30 Handler State: PROCESS_CART (6) -> EXCHANGE_ONE (7)
2026-05-14 11:24:30 CartMove: Exchange 1, from 104
2026-05-14 11:24:30 CartMoveState: FROM_PROBE (19) -> FROM_CART (4)
2026-05-14 11:24:35 Setting CBS color valve (Finished): 0
2026-05-14 11:24:37 CartMoveState: FROM_CART (4) -> TO_MOVE (10)
2026-05-14 11:24:39 CartMoveState: TO_MOVE (10) -> EXCH_1_WAIT (14)
2026-05-14 11:24:39 Handler State: EXCHANGE_ONE (7) -> START_DCU (8)
2026-05-14 11:25:49 Handler State: START_DCU (8) -> EXCHANGE_TWO (9)
2026-05-14 11:25:49 CartMove: Exchange 2
2026-05-14 11:26:00 CartMoveState: EXCH_1_WAIT (14) -> EXCH_1_CART (15)
2026-05-14 11:26:02 CartMoveState: EXCH_1_CART (15) -> EXCH_2_MOVE (16)
2026-05-14 11:26:03 CartMoveState: EXCH_2_MOVE (16) -> EXCH_2_CART (17)
2026-05-14 11:26:05 CartMoveState: EXCH_2_CART (17) -> STORE_DECIDE (18)
2026-05-14 11:26:05 Used volume for last job: 492.683
2026-05-14 11:26:05 Handler State: EXCHANGE_TWO (9) -> WAIT_FOR_DCU (10)
2026-05-14 11:26:07 Handler State: WAIT_FOR_DCU (10) -> EXCHANGE_THREE (11)
2026-05-14 11:26:07 CartMove: Exchange 3
2026-05-14 11:26:07 CartMoveState: STORE_DECIDE (18) -> AUX_DECIDE (5)
2026-05-14 11:26:07 CartMoveState: AUX_DECIDE (5) -> TO_MOVE (10)
2026-05-14 11:26:07 CartMoveState: TO_MOVE (10) -> TO_CART (11)
2026-05-14 11:26:09 CartMoveState: TO_CART (11) -> HOME_MOVE (12)
2026-05-14 11:26:09 CartMoveState: HOME_MOVE (12) -> HALT (13)
2026-05-14 11:26:09 CartMoveState: HALT (13) -> IDLE (1)
2026-05-14 11:26:09 Handler State: EXCHANGE_THREE (11) -> POST_PROCESS (12)
2026-05-14 11:26:09 Handler State: POST_PROCESS (12) -> MOVE_ARM_HOME (14)
2026-05-14 11:26:09 Handler State: MOVE_ARM_HOME (14) -> HANDLER_IDLE (1)
2026-05-14 11:30:50 Handler State: HANDLER_IDLE (1) -> SEMI_START (15)
2026-05-14 11:30:50 Handler State: SEMI_START (15) -> SEMI_PROBE_CART (25)
2026-05-14 11:30:53 Handler State: SEMI_PROBE_CART (25) -> SEMI_PROCESS (16)
2026-05-14 11:32:06 Re-Calculated Filling Volume: 0
2026-05-14 11:32:12 Setting CBS color valve (Finished): 0
2026-05-14 11:32:12 Handler State: SEMI_PROCESS (16) -> SEMI_WHAT_NEXT (21)
2026-05-14 11:32:12 Handler State: SEMI_WHAT_NEXT (21) -> SEMI_FINISHED (23)
2026-05-14 11:32:12 Handler State: SEMI_FINISHED (23) -> HANDLER_IDLE (1)
2026-05-14 11:32:59 Handler State: HANDLER_IDLE (1) -> SEMI_START (15)
2026-05-14 11:32:59 Handler State: SEMI_START (15) -> SEMI_TO_IFS (18)
2026-05-14 11:32:59 CartMove: Move, from 107 to 104
2026-05-14 11:32:59 CartMoveState: IDLE (1) -> FROM_MOVE (3)
2026-05-14 11:33:00 CartMoveState: FROM_MOVE (3) -> FROM_CART (4)
2026-05-14 11:33:03 CartMoveState: FROM_CART (4) -> AUX_DECIDE (5)
2026-05-14 11:33:03 CartMoveState: AUX_DECIDE (5) -> TO_MOVE (10)
2026-05-14 11:33:04 CartMoveState: TO_MOVE (10) -> TO_CART (11)
2026-05-14 11:33:07 CartMoveState: TO_CART (11) -> HOME_MOVE (12)
2026-05-14 11:33:07 CartMoveState: HOME_MOVE (12) -> HALT (13)
2026-05-14 11:33:07 CartMoveState: HALT (13) -> IDLE (1)
2026-05-14 11:33:07 Handler State: SEMI_TO_IFS (18) -> SEMI_PROBE_CART (25)
2026-05-14 11:33:11 Handler State: SEMI_PROBE_CART (25) -> SEMI_PROCESS (16)
2026-05-14 11:34:29 Re-Calculated Filling Volume: 0
2026-05-14 11:34:34 Setting CBS color valve (Finished): 0
2026-05-14 11:34:34 Handler State: SEMI_PROCESS (16) -> SEMI_FROM_IFS (20)
2026-05-14 11:34:34 CartMove: Move, from 104 to 107
2026-05-14 11:34:34 CartMoveState: IDLE (1) -> FROM_MOVE (3)
2026-05-14 11:34:34 CartMoveState: FROM_MOVE (3) -> FROM_CART (4)
2026-05-14 11:34:37 CartMoveState: FROM_CART (4) -> AUX_DECIDE (5)
2026-05-14 11:34:37 CartMoveState: AUX_DECIDE (5) -> TO_MOVE (10)
2026-05-14 11:34:39 CartMoveState: TO_MOVE (10) -> TO_CART (11)
2026-05-14 11:34:41 CartMoveState: TO_CART (11) -> HOME_MOVE (12)
2026-05-14 11:34:42 CartMoveState: HOME_MOVE (12) -> HALT (13)
2026-05-14 11:34:42 CartMoveState: HALT (13) -> IDLE (1)
2026-05-14 11:34:42 Handler State: SEMI_FROM_IFS (20) -> SEMI_WHAT_NEXT (21)
2026-05-14 11:34:42 Handler State: SEMI_WHAT_NEXT (21) -> SEMI_FINISHED (23)
2026-05-14 11:34:43 Handler State: SEMI_FINISHED (23) -> HANDLER_IDLE (1)
2026-05-14 11:34:46 Handler State: HANDLER_IDLE (1) -> HANDLER_START (2)
2026-05-14 11:34:47 Handler State: HANDLER_START (2) -> DECIDE_CART (3)
2026-05-14 11:34:47 Selection: IFS is clean and its cartridge is cleaned.
2026-05-14 11:34:47 Selected Primary Cartridge: 2
2026-05-14 11:34:47 Selected Primary Station: 103
2026-05-14 11:34:47 Selected Secondary Cartridge: 0
2026-05-14 11:34:47 Selected Secondary Station: 0
2026-05-14 11:34:47 Selected Filling Volume: 640
2026-05-14 11:34:47 Handler State: DECIDE_CART (3) -> CHECK_SEC_CART (26)
2026-05-14 11:34:47 Handler State: CHECK_SEC_CART (26) -> PROBE_CART (24)
2026-05-14 11:34:47 CartMove: Exchange 1, from 103
2026-05-14 11:34:47 CartMoveState: IDLE (1) -> FROM_MOVE (3)
2026-05-14 11:34:47 CartMoveState: FROM_MOVE (3) -> FROM_PROBE (19)
2026-05-14 11:34:49 Handler State: PROBE_CART (24) -> PROCESS_CART (6)
2026-05-14 11:34:49 Setting CBS color valve (FillIFS): 1
2026-05-14 11:34:50 Primed volume (FillIFS): 4.62863
2026-05-14 11:34:50 Re-Calculated Filling Volume: 640
2026-05-14 11:34:50 Setting CBS color valve (FillCart): 1
2026-05-14 11:35:14 Handler State: PROCESS_CART (6) -> EXCHANGE_ONE (7)
2026-05-14 11:35:14 CartMove: Exchange 1, from 103
2026-05-14 11:35:14 CartMoveState: FROM_PROBE (19) -> FROM_CART (4)
2026-05-14 11:35:20 Setting CBS color valve (Finished): 0
2026-05-14 11:35:22 CartMoveState: FROM_CART (4) -> TO_MOVE (10)
2026-05-14 11:35:23 CartMoveState: TO_MOVE (10) -> EXCH_1_WAIT (14)
2026-05-14 11:35:23 Handler State: EXCHANGE_ONE (7) -> START_DCU (8)
2026-05-14 11:35:24 Handler State: START_DCU (8) -> EXCHANGE_TWO (9)
2026-05-14 11:35:24 CartMove: Exchange 2
2026-05-14 11:35:24 CartMoveState: EXCH_1_WAIT (14) -> EXCH_1_CART (15)
2026-05-14 11:35:26 CartMoveState: EXCH_1_CART (15) -> EXCH_2_MOVE (16)
2026-05-14 11:35:28 CartMoveState: EXCH_2_MOVE (16) -> EXCH_2_CART (17)
2026-05-14 11:35:30 CartMoveState: EXCH_2_CART (17) -> STORE_DECIDE (18)
2026-05-14 11:35:30 Used volume for last job: 508.94
2026-05-14 11:35:30 Handler State: EXCHANGE_TWO (9) -> WAIT_FOR_DCU (10)
2026-05-14 11:35:31 Handler State: WAIT_FOR_DCU (10) -> EXCHANGE_THREE (11)
2026-05-14 11:35:31 CartMove: Exchange 3
2026-05-14 11:35:31 CartMoveState: STORE_DECIDE (18) -> AUX_DECIDE (5)
2026-05-14 11:35:31 CartMoveState: AUX_DECIDE (5) -> TO_MOVE (10)
2026-05-14 11:35:32 CartMoveState: TO_MOVE (10) -> TO_CART (11)
2026-05-14 11:35:34 CartMoveState: TO_CART (11) -> HOME_MOVE (12)
2026-05-14 11:35:35 CartMoveState: HOME_MOVE (12) -> HALT (13)
2026-05-14 11:35:35 CartMoveState: HALT (13) -> IDLE (1)
2026-05-14 11:35:35 Handler State: EXCHANGE_THREE (11) -> POST_PROCESS (12)
2026-05-14 11:35:35 Handler State: POST_PROCESS (12) -> MOVE_ARM_HOME (14)
2026-05-14 11:35:37 Handler State: MOVE_ARM_HOME (14) -> HANDLER_IDLE (1)
2026-05-14 11:36:31 Handler State: HANDLER_IDLE (1) -> HANDLER_START (2)
2026-05-14 11:36:32 Handler State: HANDLER_START (2) -> DECIDE_CART (3)
2026-05-14 11:36:32 Selection: Last resort, just pick the first IFS.
2026-05-14 11:36:32 Selection: Cartridge has correct material.
2026-05-14 11:36:32 Selected Primary Cartridge: 5
2026-05-14 11:36:32 Selected Primary Station: 103
2026-05-14 11:36:32 Selected Secondary Cartridge: 0
2026-05-14 11:36:32 Selected Secondary Station: 0
2026-05-14 11:36:32 Selected Filling Volume: 216
2026-05-14 11:36:32 Handler State: DECIDE_CART (3) -> PLACE_CART (5)
2026-05-14 11:36:32 CartMove: Move, from 106 to 103
2026-05-14 11:36:32 CartMoveState: IDLE (1) -> FROM_MOVE (3)
2026-05-14 11:36:33 CartMoveState: FROM_MOVE (3) -> FROM_CART (4)
2026-05-14 11:36:36 CartMoveState: FROM_CART (4) -> AUX_DECIDE (5)
2026-05-14 11:36:36 CartMoveState: AUX_DECIDE (5) -> TO_MOVE (10)
2026-05-14 11:36:37 CartMoveState: TO_MOVE (10) -> TO_CART (11)
2026-05-14 11:36:40 CartMoveState: TO_CART (11) -> HOME_MOVE (12)
2026-05-14 11:36:40 CartMoveState: HOME_MOVE (12) -> HALT (13)
2026-05-14 11:36:40 CartMoveState: HALT (13) -> IDLE (1)
2026-05-14 11:36:40 Handler State: PLACE_CART (5) -> CHECK_SEC_CART (26)
2026-05-14 11:36:40 Handler State: CHECK_SEC_CART (26) -> PROBE_CART (24)
2026-05-14 11:36:40 CartMove: Exchange 1, from 103
2026-05-14 11:36:40 CartMoveState: IDLE (1) -> FROM_MOVE (3)
2026-05-14 11:36:40 CartMoveState: FROM_MOVE (3) -> FROM_PROBE (19)
2026-05-14 11:36:41 Handler State: PROBE_CART (24) -> PROCESS_CART (6)
2026-05-14 11:37:14 Setting CBS color valve (FillIFS): 2
2026-05-14 11:37:15 Primed volume (FillIFS): 4.81965
2026-05-14 11:37:15 Re-Calculated Filling Volume: 216
2026-05-14 11:37:15 Setting CBS color valve (FillCart): 2
2026-05-14 11:37:30 Handler State: PROCESS_CART (6) -> EXCHANGE_ONE (7)
2026-05-14 11:37:30 CartMove: Exchange 1, from 103
2026-05-14 11:37:30 CartMoveState: FROM_PROBE (19) -> FROM_CART (4)
2026-05-14 11:37:35 Setting CBS color valve (Finished): 0
2026-05-14 11:37:37 CartMoveState: FROM_CART (4) -> TO_MOVE (10)
2026-05-14 11:37:39 CartMoveState: TO_MOVE (10) -> EXCH_1_WAIT (14)
2026-05-14 11:37:39 Handler State: EXCHANGE_ONE (7) -> START_DCU (8)
2026-05-14 11:39:52 Handler State: START_DCU (8) -> EXCHANGE_TWO (9)
2026-05-14 11:39:52 CartMove: Exchange 2
2026-05-14 11:40:03 CartMoveState: EXCH_1_WAIT (14) -> EXCH_1_CART (15)
2026-05-14 11:40:06 CartMoveState: EXCH_1_CART (15) -> EXCH_2_MOVE (16)
2026-05-14 11:40:07 CartMoveState: EXCH_2_MOVE (16) -> EXCH_2_CART (17)
2026-05-14 11:40:09 CartMoveState: EXCH_2_CART (17) -> STORE_DECIDE (18)
2026-05-14 11:40:09 Used volume for last job: 289.648
2026-05-14 11:40:09 Handler State: EXCHANGE_TWO (9) -> WAIT_FOR_DCU (10)
2026-05-14 11:40:11 Handler State: WAIT_FOR_DCU (10) -> EXCHANGE_THREE (11)
2026-05-14 11:40:11 CartMove: Exchange 3
2026-05-14 11:40:11 CartMoveState: STORE_DECIDE (18) -> AUX_DECIDE (5)
2026-05-14 11:40:11 CartMoveState: AUX_DECIDE (5) -> TO_MOVE (10)
2026-05-14 11:40:11 CartMoveState: TO_MOVE (10) -> TO_CART (11)
2026-05-14 11:40:14 CartMoveState: TO_CART (11) -> HOME_MOVE (12)
2026-05-14 11:40:14 CartMoveState: HOME_MOVE (12) -> HALT (13)
2026-05-14 11:40:14 CartMoveState: HALT (13) -> IDLE (1)
2026-05-14 11:40:14 Handler State: EXCHANGE_THREE (11) -> POST_PROCESS (12)
2026-05-14 11:40:14 Handler State: POST_PROCESS (12) -> MOVE_ARM_HOME (14)
2026-05-14 11:40:14 Handler State: MOVE_ARM_HOME (14) -> HANDLER_IDLE (1)
2026-05-14 11:42:25 Handler State: HANDLER_IDLE (1) -> HANDLER_START (2)
2026-05-14 11:42:26 Handler State: HANDLER_START (2) -> DECIDE_CART (3)
2026-05-14 11:42:26 Selection: IFS is clean.
2026-05-14 11:42:26 Selection: Cartridge is clean.
2026-05-14 11:42:26 Selected Primary Cartridge: 6
2026-05-14 11:42:26 Selected Primary Station: 104
2026-05-14 11:42:26 Selected Secondary Cartridge: 0
2026-05-14 11:42:26 Selected Secondary Station: 0
2026-05-14 11:42:26 Selected Filling Volume: 551
2026-05-14 11:42:26 Handler State: DECIDE_CART (3) -> REMOVE_CART (4)
2026-05-14 11:42:26 CartMove: Move, from 104 to 108
2026-05-14 11:42:26 CartMoveState: IDLE (1) -> FROM_MOVE (3)
2026-05-14 11:42:26 CartMoveState: FROM_MOVE (3) -> FROM_CART (4)
2026-05-14 11:42:29 CartMoveState: FROM_CART (4) -> AUX_DECIDE (5)
2026-05-14 11:42:29 CartMoveState: AUX_DECIDE (5) -> TO_MOVE (10)
2026-05-14 11:42:31 CartMoveState: TO_MOVE (10) -> TO_CART (11)
2026-05-14 11:42:33 CartMoveState: TO_CART (11) -> HOME_MOVE (12)
2026-05-14 11:42:35 CartMoveState: HOME_MOVE (12) -> HALT (13)
2026-05-14 11:42:35 CartMoveState: HALT (13) -> IDLE (1)
2026-05-14 11:42:35 Handler State: REMOVE_CART (4) -> PLACE_CART (5)
2026-05-14 11:42:35 CartMove: Move, from 107 to 104
2026-05-14 11:42:35 CartMoveState: IDLE (1) -> FROM_MOVE (3)
2026-05-14 11:42:36 CartMoveState: FROM_MOVE (3) -> FROM_CART (4)
2026-05-14 11:42:39 CartMoveState: FROM_CART (4) -> AUX_DECIDE (5)
2026-05-14 11:42:39 CartMoveState: AUX_DECIDE (5) -> TO_MOVE (10)
2026-05-14 11:42:40 CartMoveState: TO_MOVE (10) -> TO_CART (11)
2026-05-14 11:42:42 CartMoveState: TO_CART (11) -> HOME_MOVE (12)
2026-05-14 11:42:43 CartMoveState: HOME_MOVE (12) -> HALT (13)
2026-05-14 11:42:43 CartMoveState: HALT (13) -> IDLE (1)
2026-05-14 11:42:43 Handler State: PLACE_CART (5) -> CHECK_SEC_CART (26)
2026-05-14 11:42:43 Handler State: CHECK_SEC_CART (26) -> PROBE_CART (24)
2026-05-14 11:42:43 CartMove: Exchange 1, from 104
2026-05-14 11:42:43 CartMoveState: IDLE (1) -> FROM_MOVE (3)
2026-05-14 11:42:44 CartMoveState: FROM_MOVE (3) -> FROM_PROBE (19)
2026-05-14 11:42:46 Handler State: PROBE_CART (24) -> PROCESS_CART (6)
2026-05-14 11:42:46 Setting CBS color valve (FillIFS): 1
2026-05-14 11:42:47 Primed volume (FillIFS): 1.90276
2026-05-14 11:42:47 Re-Calculated Filling Volume: 551
2026-05-14 11:42:47 Setting CBS color valve (FillCart): 1
2026-05-14 11:43:10 Handler State: PROCESS_CART (6) -> EXCHANGE_ONE (7)
2026-05-14 11:43:10 CartMove: Exchange 1, from 104
2026-05-14 11:43:10 CartMoveState: FROM_PROBE (19) -> FROM_CART (4)
2026-05-14 11:43:16 Setting CBS color valve (Finished): 0
2026-05-14 11:43:17 CartMoveState: FROM_CART (4) -> TO_MOVE (10)
2026-05-14 11:43:19 CartMoveState: TO_MOVE (10) -> EXCH_1_WAIT (14)
2026-05-14 11:43:19 Handler State: EXCHANGE_ONE (7) -> START_DCU (8)
2026-05-14 11:43:19 Handler State: START_DCU (8) -> EXCHANGE_TWO (9)
2026-05-14 11:43:19 CartMove: Exchange 2
2026-05-14 11:43:19 CartMoveState: EXCH_1_WAIT (14) -> EXCH_1_CART (15)
2026-05-14 11:43:22 CartMoveState: EXCH_1_CART (15) -> EXCH_2_MOVE (16)
2026-05-14 11:43:23 CartMoveState: EXCH_2_MOVE (16) -> EXCH_2_CART (17)
2026-05-14 11:43:25 CartMoveState: EXCH_2_CART (17) -> STORE_DECIDE (18)
2026-05-14 11:43:25 Used volume for last job: 166.042
2026-05-14 11:43:25 Handler State: EXCHANGE_TWO (9) -> WAIT_FOR_DCU (10)
2026-05-14 11:43:27 Handler State: WAIT_FOR_DCU (10) -> EXCHANGE_THREE (11)
2026-05-14 11:43:27 CartMove: Exchange 3
2026-05-14 11:43:27 CartMoveState: STORE_DECIDE (18) -> AUX_DECIDE (5)
2026-05-14 11:43:27 CartMoveState: AUX_DECIDE (5) -> TO_MOVE (10)
2026-05-14 11:43:29 CartMoveState: TO_MOVE (10) -> TO_CART (11)
2026-05-14 11:43:31 CartMoveState: TO_CART (11) -> HOME_MOVE (12)
2026-05-14 11:43:32 CartMoveState: HOME_MOVE (12) -> HALT (13)
2026-05-14 11:43:32 CartMoveState: HALT (13) -> IDLE (1)
2026-05-14 11:43:32 Handler State: EXCHANGE_THREE (11) -> POST_PROCESS (12)
2026-05-14 11:43:32 Handler State: POST_PROCESS (12) -> EMPTY_AUX (13)
2026-05-14 11:43:32 CartMove: Move, from 108 to 104
2026-05-14 11:43:32 CartMoveState: IDLE (1) -> FROM_MOVE (3)
2026-05-14 11:43:34 CartMoveState: FROM_MOVE (3) -> FROM_CART (4)
2026-05-14 11:43:36 CartMoveState: FROM_CART (4) -> AUX_DECIDE (5)
2026-05-14 11:43:36 CartMoveState: AUX_DECIDE (5) -> TO_MOVE (10)
2026-05-14 11:43:38 CartMoveState: TO_MOVE (10) -> TO_CART (11)
2026-05-14 11:43:40 CartMoveState: TO_CART (11) -> HOME_MOVE (12)
2026-05-14 11:43:41 CartMoveState: HOME_MOVE (12) -> HALT (13)
2026-05-14 11:43:41 CartMoveState: HALT (13) -> IDLE (1)
2026-05-14 11:43:41 Handler State: EMPTY_AUX (13) -> MOVE_ARM_HOME (14)
2026-05-14 11:43:41 Handler State: MOVE_ARM_HOME (14) -> HANDLER_IDLE (1)
2026-05-14 11:53:52 Handler State: HANDLER_IDLE (1) -> SEMI_START (15)
2026-05-14 11:53:52 Handler State: SEMI_START (15) -> SEMI_PROBE_CART (25)
2026-05-14 11:53:55 Handler State: SEMI_PROBE_CART (25) -> SEMI_PROCESS (16)
2026-05-14 11:54:28 Re-Calculated Filling Volume: 0
2026-05-14 11:54:34 Setting CBS color valve (Finished): 0
2026-05-14 11:54:34 Handler State: SEMI_PROCESS (16) -> SEMI_WHAT_NEXT (21)
2026-05-14 11:54:34 Handler State: SEMI_WHAT_NEXT (21) -> SEMI_FINISHED (23)
2026-05-14 11:54:35 Handler State: SEMI_FINISHED (23) -> HANDLER_IDLE (1)
2026-05-14 12:01:16 Handler State: HANDLER_IDLE (1) -> HANDLER_START (2)
2026-05-14 12:01:17 Handler State: HANDLER_START (2) -> DECIDE_CART (3)
2026-05-14 12:01:17 Selection: IFS is clean and its cartridge is cleaned.
2026-05-14 12:01:17 Selected Primary Cartridge: 3
2026-05-14 12:01:17 Selected Primary Station: 104
2026-05-14 12:01:17 Selected Secondary Cartridge: 0
2026-05-14 12:01:17 Selected Secondary Station: 0
2026-05-14 12:01:17 Selected Filling Volume: 640
2026-05-14 12:01:17 Handler State: DECIDE_CART (3) -> CHECK_SEC_CART (26)
2026-05-14 12:01:17 Handler State: CHECK_SEC_CART (26) -> PROBE_CART (24)
2026-05-14 12:01:17 CartMove: Exchange 1, from 104
2026-05-14 12:01:17 CartMoveState: IDLE (1) -> FROM_MOVE (3)
2026-05-14 12:01:17 CartMoveState: FROM_MOVE (3) -> FROM_PROBE (19)
2026-05-14 12:01:19 Handler State: PROBE_CART (24) -> PROCESS_CART (6)
2026-05-14 12:01:19 Setting CBS color valve (FillIFS): 2
2026-05-14 12:01:21 Primed volume (FillIFS): 1.89202
2026-05-14 12:01:21 Re-Calculated Filling Volume: 640
2026-05-14 12:01:21 Setting CBS color valve (FillCart): 2
2026-05-14 12:01:50 Handler State: PROCESS_CART (6) -> EXCHANGE_ONE (7)
2026-05-14 12:01:50 CartMove: Exchange 1, from 104
2026-05-14 12:01:50 CartMoveState: FROM_PROBE (19) -> FROM_CART (4)
2026-05-14 12:01:56 Setting CBS color valve (Finished): 0
2026-05-14 12:01:57 CartMoveState: FROM_CART (4) -> TO_MOVE (10)
2026-05-14 12:01:59 CartMoveState: TO_MOVE (10) -> EXCH_1_WAIT (14)
2026-05-14 12:01:59 Handler State: EXCHANGE_ONE (7) -> START_DCU (8)
2026-05-14 12:01:59 Handler State: START_DCU (8) -> EXCHANGE_TWO (9)
2026-05-14 12:01:59 CartMove: Exchange 2
2026-05-14 12:01:59 CartMoveState: EXCH_1_WAIT (14) -> EXCH_1_CART (15)
2026-05-14 12:02:02 CartMoveState: EXCH_1_CART (15) -> EXCH_2_MOVE (16)
2026-05-14 12:02:03 CartMoveState: EXCH_2_MOVE (16) -> EXCH_2_CART (17)
2026-05-14 12:02:05 CartMoveState: EXCH_2_CART (17) -> STORE_DECIDE (18)
2026-05-14 12:02:05 Used volume for last job: 496.249
2026-05-14 12:02:05 Handler State: EXCHANGE_TWO (9) -> WAIT_FOR_DCU (10)
2026-05-14 12:02:07 Handler State: WAIT_FOR_DCU (10) -> EXCHANGE_THREE (11)
2026-05-14 12:02:07 CartMove: Exchange 3
2026-05-14 12:02:07 CartMoveState: STORE_DECIDE (18) -> AUX_DECIDE (5)
2026-05-14 12:02:07 CartMoveState: AUX_DECIDE (5) -> TO_MOVE (10)
2026-05-14 12:02:08 CartMoveState: TO_MOVE (10) -> TO_CART (11)
2026-05-14 12:02:10 CartMoveState: TO_CART (11) -> HOME_MOVE (12)
2026-05-14 12:02:11 CartMoveState: HOME_MOVE (12) -> HALT (13)
2026-05-14 12:02:11 CartMoveState: HALT (13) -> IDLE (1)
2026-05-14 12:02:11 Handler State: EXCHANGE_THREE (11) -> POST_PROCESS (12)
2026-05-14 12:02:11 Handler State: POST_PROCESS (12) -> MOVE_ARM_HOME (14)
2026-05-14 12:02:12 Handler State: MOVE_ARM_HOME (14) -> HANDLER_IDLE (1)
2026-05-14 12:15:39 Handler State: HANDLER_IDLE (1) -> SEMI_START (15)
2026-05-14 12:15:39 Handler State: SEMI_START (15) -> SEMI_PROBE_CART (25)
2026-05-14 12:15:42 Handler State: SEMI_PROBE_CART (25) -> SEMI_PROCESS (16)
2026-05-14 12:16:18 Re-Calculated Filling Volume: 0
2026-05-14 12:16:25 Setting CBS color valve (Finished): 0
2026-05-14 12:16:25 Handler State: SEMI_PROCESS (16) -> SEMI_WHAT_NEXT (21)
2026-05-14 12:16:25 Handler State: SEMI_WHAT_NEXT (21) -> SEMI_FINISHED (23)
2026-05-14 12:16:26 Handler State: SEMI_FINISHED (23) -> HANDLER_IDLE (1)
2026-05-14 12:25:32 Handler State: HANDLER_IDLE (1) -> HANDLER_START (2)
2026-05-14 12:25:33 Handler State: HANDLER_START (2) -> DECIDE_CART (3)
2026-05-14 12:25:33 Selection: IFS is clean and its cartridge is cleaned.
2026-05-14 12:25:33 Selected Primary Cartridge: 1
2026-05-14 12:25:33 Selected Primary Station: 102
2026-05-14 12:25:33 Selected Secondary Cartridge: 0
2026-05-14 12:25:33 Selected Secondary Station: 0
2026-05-14 12:25:33 Selected Filling Volume: 640
2026-05-14 12:25:33 Handler State: DECIDE_CART (3) -> CHECK_SEC_CART (26)
2026-05-14 12:25:33 Handler State: CHECK_SEC_CART (26) -> PROBE_CART (24)
2026-05-14 12:25:33 CartMove: Exchange 1, from 102
2026-05-14 12:25:33 CartMoveState: IDLE (1) -> FROM_MOVE (3)
2026-05-14 12:25:34 CartMoveState: FROM_MOVE (3) -> FROM_PROBE (19)
2026-05-14 12:25:36 Handler State: PROBE_CART (24) -> PROCESS_CART (6)
2026-05-14 12:25:36 Setting CBS color valve (FillIFS): 1
2026-05-14 12:25:37 Primed volume (FillIFS): 1.83888
2026-05-14 12:25:37 Re-Calculated Filling Volume: 640
2026-05-14 12:25:37 Setting CBS color valve (FillCart): 1
2026-05-14 12:26:02 Handler State: PROCESS_CART (6) -> EXCHANGE_ONE (7)
2026-05-14 12:26:02 CartMove: Exchange 1, from 102
2026-05-14 12:26:02 CartMoveState: FROM_PROBE (19) -> FROM_CART (4)
2026-05-14 12:26:09 Setting CBS color valve (Finished): 0
2026-05-14 12:26:11 CartMoveState: FROM_CART (4) -> TO_MOVE (10)
2026-05-14 12:26:11 CartMoveState: TO_MOVE (10) -> EXCH_1_WAIT (14)
2026-05-14 12:26:11 Handler State: EXCHANGE_ONE (7) -> START_DCU (8)
2026-05-14 12:26:12 Handler State: START_DCU (8) -> EXCHANGE_TWO (9)
2026-05-14 12:26:12 CartMove: Exchange 2
2026-05-14 12:26:12 CartMoveState: EXCH_1_WAIT (14) -> EXCH_1_CART (15)
2026-05-14 12:26:14 CartMoveState: EXCH_1_CART (15) -> EXCH_2_MOVE (16)
2026-05-14 12:26:16 CartMoveState: EXCH_2_MOVE (16) -> EXCH_2_CART (17)
2026-05-14 12:26:18 CartMoveState: EXCH_2_CART (17) -> STORE_DECIDE (18)
2026-05-14 12:26:18 Used volume for last job: 264.296
2026-05-14 12:26:18 Handler State: EXCHANGE_TWO (9) -> WAIT_FOR_DCU (10)
2026-05-14 12:26:19 Handler State: WAIT_FOR_DCU (10) -> EXCHANGE_THREE (11)
2026-05-14 12:26:19 CartMove: Exchange 3
2026-05-14 12:26:19 CartMoveState: STORE_DECIDE (18) -> AUX_DECIDE (5)
2026-05-14 12:26:19 CartMoveState: AUX_DECIDE (5) -> TO_MOVE (10)
2026-05-14 12:26:21 CartMoveState: TO_MOVE (10) -> TO_CART (11)
2026-05-14 12:26:23 CartMoveState: TO_CART (11) -> HOME_MOVE (12)
2026-05-14 12:26:25 CartMoveState: HOME_MOVE (12) -> HALT (13)
2026-05-14 12:26:25 CartMoveState: HALT (13) -> IDLE (1)
2026-05-14 12:26:25 Handler State: EXCHANGE_THREE (11) -> POST_PROCESS (12)
2026-05-14 12:26:25 Handler State: POST_PROCESS (12) -> MOVE_ARM_HOME (14)
2026-05-14 12:26:25 Handler State: MOVE_ARM_HOME (14) -> HANDLER_IDLE (1)
2026-05-14 12:31:18 Handler State: HANDLER_IDLE (1) -> SEMI_START (15)
2026-05-14 12:31:18 Handler State: SEMI_START (15) -> SEMI_PROBE_CART (25)
2026-05-14 12:31:22 Handler State: SEMI_PROBE_CART (25) -> SEMI_PROCESS (16)
2026-05-14 12:31:55 Re-Calculated Filling Volume: 0
2026-05-14 12:32:01 Setting CBS color valve (Finished): 0
2026-05-14 12:32:01 Handler State: SEMI_PROCESS (16) -> SEMI_WHAT_NEXT (21)
2026-05-14 12:32:01 Handler State: SEMI_WHAT_NEXT (21) -> SEMI_FINISHED (23)
2026-05-14 12:32:02 Handler State: SEMI_FINISHED (23) -> HANDLER_IDLE (1)
2026-05-14 12:32:18 Handler State: HANDLER_IDLE (1) -> HANDLER_START (2)
2026-05-14 12:32:19 Handler State: HANDLER_START (2) -> DECIDE_CART (3)
2026-05-14 12:32:19 Selection: IFS is clean and its cartridge is cleaned.
2026-05-14 12:32:19 Selected Primary Cartridge: 6
2026-05-14 12:32:19 Selected Primary Station: 104
2026-05-14 12:32:19 Selected Secondary Cartridge: 0
2026-05-14 12:32:19 Selected Secondary Station: 0
2026-05-14 12:32:19 Selected Filling Volume: 554
2026-05-14 12:32:19 Handler State: DECIDE_CART (3) -> CHECK_SEC_CART (26)
2026-05-14 12:32:19 Handler State: CHECK_SEC_CART (26) -> PROBE_CART (24)
2026-05-14 12:32:19 CartMove: Exchange 1, from 104
2026-05-14 12:32:19 CartMoveState: IDLE (1) -> FROM_MOVE (3)
2026-05-14 12:32:19 CartMoveState: FROM_MOVE (3) -> FROM_PROBE (19)
2026-05-14 12:32:21 Handler State: PROBE_CART (24) -> PROCESS_CART (6)
2026-05-14 12:32:21 Setting CBS color valve (FillIFS): 1
2026-05-14 12:32:23 Primed volume (FillIFS): 4.85913
2026-05-14 12:32:23 Re-Calculated Filling Volume: 554
2026-05-14 12:32:23 Setting CBS color valve (FillCart): 1
2026-05-14 12:32:44 Handler State: PROCESS_CART (6) -> EXCHANGE_ONE (7)
2026-05-14 12:32:44 CartMove: Exchange 1, from 104
2026-05-14 12:32:44 CartMoveState: FROM_PROBE (19) -> FROM_CART (4)
2026-05-14 12:32:50 Setting CBS color valve (Finished): 0
2026-05-14 12:32:52 CartMoveState: FROM_CART (4) -> TO_MOVE (10)
2026-05-14 12:32:54 CartMoveState: TO_MOVE (10) -> EXCH_1_WAIT (14)
2026-05-14 12:32:54 Handler State: EXCHANGE_ONE (7) -> START_DCU (8)
2026-05-14 12:32:54 Handler State: START_DCU (8) -> EXCHANGE_TWO (9)
2026-05-14 12:32:54 CartMove: Exchange 2
2026-05-14 12:32:54 CartMoveState: EXCH_1_WAIT (14) -> EXCH_1_CART (15)
2026-05-14 12:32:57 CartMoveState: EXCH_1_CART (15) -> EXCH_2_MOVE (16)
2026-05-14 12:32:58 CartMoveState: EXCH_2_MOVE (16) -> EXCH_2_CART (17)
2026-05-14 12:33:00 CartMoveState: EXCH_2_CART (17) -> STORE_DECIDE (18)
2026-05-14 12:33:00 Used volume for last job: 298.475
2026-05-14 12:33:00 Handler State: EXCHANGE_TWO (9) -> WAIT_FOR_DCU (10)
2026-05-14 12:33:01 Handler State: WAIT_FOR_DCU (10) -> EXCHANGE_THREE (11)
2026-05-14 12:33:01 CartMove: Exchange 3
2026-05-14 12:33:01 CartMoveState: STORE_DECIDE (18) -> AUX_DECIDE (5)
2026-05-14 12:33:01 CartMoveState: AUX_DECIDE (5) -> TO_MOVE (10)
2026-05-14 12:33:01 CartMoveState: TO_MOVE (10) -> TO_CART (11)
2026-05-14 12:33:04 CartMoveState: TO_CART (11) -> HOME_MOVE (12)
2026-05-14 12:33:04 CartMoveState: HOME_MOVE (12) -> HALT (13)
2026-05-14 12:33:04 CartMoveState: HALT (13) -> IDLE (1)
2026-05-14 12:33:04 Handler State: EXCHANGE_THREE (11) -> POST_PROCESS (12)
2026-05-14 12:33:04 Handler State: POST_PROCESS (12) -> MOVE_ARM_HOME (14)
2026-05-14 12:33:05 Handler State: MOVE_ARM_HOME (14) -> HANDLER_IDLE (1)
2026-05-14 12:46:46 Handler State: HANDLER_IDLE (1) -> SEMI_START (15)
2026-05-14 12:46:46 Handler State: SEMI_START (15) -> SEMI_PROBE_CART (25)
2026-05-14 12:46:49 Handler State: SEMI_PROBE_CART (25) -> SEMI_PROCESS (16)
2026-05-14 12:48:06 Re-Calculated Filling Volume: 0
2026-05-14 12:48:12 Setting CBS color valve (Finished): 0
2026-05-14 12:48:12 Handler State: SEMI_PROCESS (16) -> SEMI_WHAT_NEXT (21)
2026-05-14 12:48:12 Handler State: SEMI_WHAT_NEXT (21) -> SEMI_FINISHED (23)
2026-05-14 12:48:13 Handler State: SEMI_FINISHED (23) -> HANDLER_IDLE (1)
2026-05-14 12:55:59 Handler State: HANDLER_IDLE (1) -> HANDLER_START (2)
2026-05-14 12:56:00 Handler State: HANDLER_START (2) -> DECIDE_CART (3)
2026-05-14 12:56:00 Selection: IFS is clean and its cartridge is cleaned.
2026-05-14 12:56:00 Selected Primary Cartridge: 1
2026-05-14 12:56:00 Selected Primary Station: 102
2026-05-14 12:56:00 Selected Secondary Cartridge: 0
2026-05-14 12:56:00 Selected Secondary Station: 0
2026-05-14 12:56:00 Selected Filling Volume: 640
2026-05-14 12:56:00 Handler State: DECIDE_CART (3) -> CHECK_SEC_CART (26)
2026-05-14 12:56:00 Handler State: CHECK_SEC_CART (26) -> PROBE_CART (24)
2026-05-14 12:56:00 CartMove: Exchange 1, from 102
2026-05-14 12:56:00 CartMoveState: IDLE (1) -> FROM_MOVE (3)
2026-05-14 12:56:01 CartMoveState: FROM_MOVE (3) -> FROM_PROBE (19)
2026-05-14 12:56:03 Handler State: PROBE_CART (24) -> PROCESS_CART (6)
2026-05-14 12:56:03 Setting CBS color valve (FillIFS): 1
2026-05-14 12:56:04 Primed volume (FillIFS): 1.50197
2026-05-14 12:56:04 Re-Calculated Filling Volume: 640
2026-05-14 12:56:04 Setting CBS color valve (FillCart): 1
2026-05-14 12:56:27 Handler State: PROCESS_CART (6) -> EXCHANGE_ONE (7)
2026-05-14 12:56:27 CartMove: Exchange 1, from 102
2026-05-14 12:56:27 CartMoveState: FROM_PROBE (19) -> FROM_CART (4)
2026-05-14 12:56:34 Setting CBS color valve (Finished): 0
2026-05-14 12:56:36 CartMoveState: FROM_CART (4) -> TO_MOVE (10)
2026-05-14 12:56:37 CartMoveState: TO_MOVE (10) -> EXCH_1_WAIT (14)
2026-05-14 12:56:37 Handler State: EXCHANGE_ONE (7) -> START_DCU (8)
2026-05-14 12:56:37 Handler State: START_DCU (8) -> EXCHANGE_TWO (9)
2026-05-14 12:56:37 CartMove: Exchange 2
2026-05-14 12:56:37 CartMoveState: EXCH_1_WAIT (14) -> EXCH_1_CART (15)
2026-05-14 12:56:40 CartMoveState: EXCH_1_CART (15) -> EXCH_2_MOVE (16)
2026-05-14 12:56:41 CartMoveState: EXCH_2_MOVE (16) -> EXCH_2_CART (17)
2026-05-14 12:56:43 CartMoveState: EXCH_2_CART (17) -> STORE_DECIDE (18)
2026-05-14 12:56:43 Used volume for last job: 500.353
2026-05-14 12:56:43 Handler State: EXCHANGE_TWO (9) -> WAIT_FOR_DCU (10)
2026-05-14 12:56:45 Handler State: WAIT_FOR_DCU (10) -> EXCHANGE_THREE (11)
2026-05-14 12:56:45 CartMove: Exchange 3
2026-05-14 12:56:45 CartMoveState: STORE_DECIDE (18) -> AUX_DECIDE (5)
2026-05-14 12:56:45 CartMoveState: AUX_DECIDE (5) -> TO_MOVE (10)
2026-05-14 12:56:46 CartMoveState: TO_MOVE (10) -> TO_CART (11)
2026-05-14 12:56:48 CartMoveState: TO_CART (11) -> HOME_MOVE (12)
2026-05-14 12:56:50 CartMoveState: HOME_MOVE (12) -> HALT (13)
2026-05-14 12:56:50 CartMoveState: HALT (13) -> IDLE (1)
2026-05-14 12:56:50 Handler State: EXCHANGE_THREE (11) -> POST_PROCESS (12)
2026-05-14 12:56:50 Handler State: POST_PROCESS (12) -> MOVE_ARM_HOME (14)
2026-05-14 12:56:51 Handler State: MOVE_ARM_HOME (14) -> HANDLER_IDLE (1)
2026-05-14 13:00:54 Handler State: HANDLER_IDLE (1) -> SEMI_START (15)
2026-05-14 13:00:54 Handler State: SEMI_START (15) -> SEMI_TO_IFS (18)
2026-05-14 13:00:54 CartMove: Move, from 105 to 102
2026-05-14 13:00:54 CartMoveState: IDLE (1) -> FROM_MOVE (3)
2026-05-14 13:00:55 CartMoveState: FROM_MOVE (3) -> FROM_CART (4)
2026-05-14 13:00:58 CartMoveState: FROM_CART (4) -> AUX_DECIDE (5)
2026-05-14 13:00:58 CartMoveState: AUX_DECIDE (5) -> TO_MOVE (10)
2026-05-14 13:00:59 CartMoveState: TO_MOVE (10) -> TO_CART (11)
2026-05-14 13:01:02 CartMoveState: TO_CART (11) -> HOME_MOVE (12)
2026-05-14 13:01:02 CartMoveState: HOME_MOVE (12) -> HALT (13)
2026-05-14 13:01:02 CartMoveState: HALT (13) -> IDLE (1)
2026-05-14 13:01:02 Handler State: SEMI_TO_IFS (18) -> SEMI_PROBE_CART (25)
2026-05-14 13:01:06 Handler State: SEMI_PROBE_CART (25) -> SEMI_PROCESS (16)
2026-05-14 13:01:42 Re-Calculated Filling Volume: 0
2026-05-14 13:01:49 Setting CBS color valve (Finished): 0
2026-05-14 13:01:49 Handler State: SEMI_PROCESS (16) -> SEMI_FROM_IFS (20)
2026-05-14 13:01:49 CartMove: Move, from 102 to 105
2026-05-14 13:01:49 CartMoveState: IDLE (1) -> FROM_MOVE (3)
2026-05-14 13:01:49 CartMoveState: FROM_MOVE (3) -> FROM_CART (4)
2026-05-14 13:01:52 CartMoveState: FROM_CART (4) -> AUX_DECIDE (5)
2026-05-14 13:01:52 CartMoveState: AUX_DECIDE (5) -> TO_MOVE (10)
2026-05-14 13:01:53 CartMoveState: TO_MOVE (10) -> TO_CART (11)
2026-05-14 13:01:55 CartMoveState: TO_CART (11) -> HOME_MOVE (12)
2026-05-14 13:01:56 CartMoveState: HOME_MOVE (12) -> HALT (13)
2026-05-14 13:01:56 CartMoveState: HALT (13) -> IDLE (1)
2026-05-14 13:01:56 Handler State: SEMI_FROM_IFS (20) -> SEMI_WHAT_NEXT (21)
2026-05-14 13:01:56 Handler State: SEMI_WHAT_NEXT (21) -> SEMI_FINISHED (23)
2026-05-14 13:01:56 Handler State: SEMI_FINISHED (23) -> HANDLER_IDLE (1)
2026-05-14 13:04:17 Handler State: HANDLER_IDLE (1) -> HANDLER_START (2)
2026-05-14 13:04:18 Handler State: HANDLER_START (2) -> DECIDE_CART (3)
2026-05-14 13:04:18 Selection: IFS is clean.
2026-05-14 13:04:18 Selection: Cartridge is clean.
2026-05-14 13:04:18 Selected Primary Cartridge: 4
2026-05-14 13:04:18 Selected Primary Station: 102
2026-05-14 13:04:18 Selected Secondary Cartridge: 0
2026-05-14 13:04:18 Selected Secondary Station: 0
2026-05-14 13:04:18 Selected Filling Volume: 547
2026-05-14 13:04:18 Handler State: DECIDE_CART (3) -> PLACE_CART (5)
2026-05-14 13:04:18 CartMove: Move, from 105 to 102
2026-05-14 13:04:18 CartMoveState: IDLE (1) -> FROM_MOVE (3)
2026-05-14 13:04:19 CartMoveState: FROM_MOVE (3) -> FROM_CART (4)
2026-05-14 13:04:22 CartMoveState: FROM_CART (4) -> AUX_DECIDE (5)
2026-05-14 13:04:22 CartMoveState: AUX_DECIDE (5) -> TO_MOVE (10)
2026-05-14 13:04:23 CartMoveState: TO_MOVE (10) -> TO_CART (11)
2026-05-14 13:04:25 CartMoveState: TO_CART (11) -> HOME_MOVE (12)
2026-05-14 13:04:26 CartMoveState: HOME_MOVE (12) -> HALT (13)
2026-05-14 13:04:26 CartMoveState: HALT (13) -> IDLE (1)
2026-05-14 13:04:26 Handler State: PLACE_CART (5) -> CHECK_SEC_CART (26)
2026-05-14 13:04:26 Handler State: CHECK_SEC_CART (26) -> PROBE_CART (24)
2026-05-14 13:04:26 CartMove: Exchange 1, from 102
2026-05-14 13:04:26 CartMoveState: IDLE (1) -> FROM_MOVE (3)
2026-05-14 13:04:27 CartMoveState: FROM_MOVE (3) -> FROM_PROBE (19)
2026-05-14 13:04:29 Handler State: PROBE_CART (24) -> PROCESS_CART (6)
2026-05-14 13:04:29 Setting CBS color valve (FillIFS): 2
2026-05-14 13:04:30 Primed volume (FillIFS): 1.89494
2026-05-14 13:04:30 Re-Calculated Filling Volume: 547
2026-05-14 13:04:30 Setting CBS color valve (FillCart): 2
2026-05-14 13:04:53 Handler State: PROCESS_CART (6) -> EXCHANGE_ONE (7)
2026-05-14 13:04:53 CartMove: Exchange 1, from 102
2026-05-14 13:04:53 CartMoveState: FROM_PROBE (19) -> FROM_CART (4)
2026-05-14 13:04:59 Setting CBS color valve (Finished): 0
2026-05-14 13:05:01 CartMoveState: FROM_CART (4) -> TO_MOVE (10)
2026-05-14 13:05:02 CartMoveState: TO_MOVE (10) -> EXCH_1_WAIT (14)
2026-05-14 13:05:02 Handler State: EXCHANGE_ONE (7) -> START_DCU (8)
2026-05-14 13:05:03 Handler State: START_DCU (8) -> EXCHANGE_TWO (9)
2026-05-14 13:05:03 CartMove: Exchange 2
2026-05-14 13:05:03 CartMoveState: EXCH_1_WAIT (14) -> EXCH_1_CART (15)
2026-05-14 13:05:05 CartMoveState: EXCH_1_CART (15) -> EXCH_2_MOVE (16)
2026-05-14 13:05:06 CartMoveState: EXCH_2_MOVE (16) -> EXCH_2_CART (17)
2026-05-14 13:05:08 CartMoveState: EXCH_2_CART (17) -> STORE_DECIDE (18)
2026-05-14 13:05:08 Used volume for last job: 308.488
2026-05-14 13:05:08 Handler State: EXCHANGE_TWO (9) -> WAIT_FOR_DCU (10)
2026-05-14 13:05:10 Handler State: WAIT_FOR_DCU (10) -> EXCHANGE_THREE (11)
2026-05-14 13:05:10 CartMove: Exchange 3
2026-05-14 13:05:10 CartMoveState: STORE_DECIDE (18) -> AUX_DECIDE (5)
2026-05-14 13:05:10 CartMoveState: AUX_DECIDE (5) -> TO_MOVE (10)
2026-05-14 13:05:10 CartMoveState: TO_MOVE (10) -> TO_CART (11)
2026-05-14 13:05:13 CartMoveState: TO_CART (11) -> HOME_MOVE (12)
2026-05-14 13:05:13 CartMoveState: HOME_MOVE (12) -> HALT (13)
2026-05-14 13:05:13 CartMoveState: HALT (13) -> IDLE (1)
2026-05-14 13:05:13 Handler State: EXCHANGE_THREE (11) -> POST_PROCESS (12)
2026-05-14 13:05:13 Handler State: POST_PROCESS (12) -> MOVE_ARM_HOME (14)
2026-05-14 13:05:14 Handler State: MOVE_ARM_HOME (14) -> HANDLER_IDLE (1)
2026-05-14 13:09:34 Handler State: HANDLER_IDLE (1) -> SEMI_START (15)
2026-05-14 13:09:34 Handler State: SEMI_START (15) -> SEMI_PROBE_CART (25)
2026-05-14 13:09:38 Handler State: SEMI_PROBE_CART (25) -> SEMI_PROCESS (16)
2026-05-14 13:10:11 Re-Calculated Filling Volume: 0
2026-05-14 13:10:17 Setting CBS color valve (Finished): 0
2026-05-14 13:10:17 Handler State: SEMI_PROCESS (16) -> SEMI_WHAT_NEXT (21)
2026-05-14 13:10:17 Handler State: SEMI_WHAT_NEXT (21) -> SEMI_FINISHED (23)
2026-05-14 13:10:17 Handler State: SEMI_FINISHED (23) -> HANDLER_IDLE (1)
2026-05-14 13:11:34 Handler State: HANDLER_IDLE (1) -> HANDLER_START (2)
2026-05-14 13:11:35 Handler State: HANDLER_START (2) -> DECIDE_CART (3)
2026-05-14 13:11:35 Selection: IFS is clean and its cartridge is cleaned.
2026-05-14 13:11:35 Selected Primary Cartridge: 6
2026-05-14 13:11:35 Selected Primary Station: 104
2026-05-14 13:11:35 Selected Secondary Cartridge: 0
2026-05-14 13:11:35 Selected Secondary Station: 0
2026-05-14 13:11:35 Selected Filling Volume: 562
2026-05-14 13:11:35 Handler State: DECIDE_CART (3) -> CHECK_SEC_CART (26)
2026-05-14 13:11:35 Handler State: CHECK_SEC_CART (26) -> PROBE_CART (24)
2026-05-14 13:11:35 CartMove: Exchange 1, from 104
2026-05-14 13:11:35 CartMoveState: IDLE (1) -> FROM_MOVE (3)
2026-05-14 13:11:36 CartMoveState: FROM_MOVE (3) -> FROM_PROBE (19)
2026-05-14 13:11:38 Handler State: PROBE_CART (24) -> PROCESS_CART (6)
2026-05-14 13:11:38 Setting CBS color valve (FillIFS): 1
2026-05-14 13:11:39 Primed volume (FillIFS): 1.91632
2026-05-14 13:11:39 Re-Calculated Filling Volume: 562
2026-05-14 13:11:39 Setting CBS color valve (FillCart): 1
2026-05-14 13:12:02 Handler State: PROCESS_CART (6) -> EXCHANGE_ONE (7)
2026-05-14 13:12:02 CartMove: Exchange 1, from 104
2026-05-14 13:12:02 CartMoveState: FROM_PROBE (19) -> FROM_CART (4)
2026-05-14 13:12:07 Setting CBS color valve (Finished): 0
2026-05-14 13:12:09 CartMoveState: FROM_CART (4) -> TO_MOVE (10)
2026-05-14 13:12:11 CartMoveState: TO_MOVE (10) -> EXCH_1_WAIT (14)
2026-05-14 13:12:11 Handler State: EXCHANGE_ONE (7) -> START_DCU (8)
2026-05-14 13:12:11 Handler State: START_DCU (8) -> EXCHANGE_TWO (9)
2026-05-14 13:12:11 CartMove: Exchange 2
2026-05-14 13:12:11 CartMoveState: EXCH_1_WAIT (14) -> EXCH_1_CART (15)
2026-05-14 13:12:14 CartMoveState: EXCH_1_CART (15) -> EXCH_2_MOVE (16)
2026-05-14 13:12:15 CartMoveState: EXCH_2_MOVE (16) -> EXCH_2_CART (17)
2026-05-14 13:12:17 CartMoveState: EXCH_2_CART (17) -> STORE_DECIDE (18)
2026-05-14 13:12:17 Used volume for last job: 492.714
2026-05-14 13:12:17 Handler State: EXCHANGE_TWO (9) -> WAIT_FOR_DCU (10)
2026-05-14 13:12:19 Handler State: WAIT_FOR_DCU (10) -> EXCHANGE_THREE (11)
2026-05-14 13:12:19 CartMove: Exchange 3
2026-05-14 13:12:19 CartMoveState: STORE_DECIDE (18) -> AUX_DECIDE (5)
2026-05-14 13:12:19 CartMoveState: AUX_DECIDE (5) -> TO_MOVE (10)
2026-05-14 13:12:20 CartMoveState: TO_MOVE (10) -> TO_CART (11)
2026-05-14 13:12:23 CartMoveState: TO_CART (11) -> HOME_MOVE (12)
2026-05-14 13:12:24 CartMoveState: HOME_MOVE (12) -> HALT (13)
2026-05-14 13:12:24 CartMoveState: HALT (13) -> IDLE (1)
2026-05-14 13:12:24 Handler State: EXCHANGE_THREE (11) -> POST_PROCESS (12)
2026-05-14 13:12:24 Handler State: POST_PROCESS (12) -> MOVE_ARM_HOME (14)
2026-05-14 13:12:24 Handler State: MOVE_ARM_HOME (14) -> HANDLER_IDLE (1)
2026-05-14 13:18:28 Handler State: HANDLER_IDLE (1) -> HANDLER_START (2)
2026-05-14 13:18:29 Handler State: HANDLER_START (2) -> DECIDE_CART (3)
2026-05-14 13:18:29 Selection: Last resort, just pick the first IFS.
2026-05-14 13:18:29 Selection: Cartridge has correct material.
2026-05-14 13:18:29 Selected Primary Cartridge: 3
2026-05-14 13:18:29 Selected Primary Station: 104
2026-05-14 13:18:29 Selected Secondary Cartridge: 0
2026-05-14 13:18:29 Selected Secondary Station: 0
2026-05-14 13:18:29 Selected Filling Volume: 551
2026-05-14 13:18:29 Handler State: DECIDE_CART (3) -> PLACE_CART (5)
2026-05-14 13:18:29 CartMove: Move, from 107 to 104
2026-05-14 13:18:29 CartMoveState: IDLE (1) -> FROM_MOVE (3)
2026-05-14 13:18:30 CartMoveState: FROM_MOVE (3) -> FROM_CART (4)
2026-05-14 13:18:33 CartMoveState: FROM_CART (4) -> AUX_DECIDE (5)
2026-05-14 13:18:33 CartMoveState: AUX_DECIDE (5) -> TO_MOVE (10)
2026-05-14 13:18:35 CartMoveState: TO_MOVE (10) -> TO_CART (11)
2026-05-14 13:18:37 CartMoveState: TO_CART (11) -> HOME_MOVE (12)
2026-05-14 13:18:38 CartMoveState: HOME_MOVE (12) -> HALT (13)
2026-05-14 13:18:38 CartMoveState: HALT (13) -> IDLE (1)
2026-05-14 13:18:38 Handler State: PLACE_CART (5) -> CHECK_SEC_CART (26)
2026-05-14 13:18:38 Handler State: CHECK_SEC_CART (26) -> PROBE_CART (24)
2026-05-14 13:18:38 CartMove: Exchange 1, from 104
2026-05-14 13:18:38 CartMoveState: IDLE (1) -> FROM_MOVE (3)
2026-05-14 13:18:38 CartMoveState: FROM_MOVE (3) -> FROM_PROBE (19)
2026-05-14 13:18:40 Handler State: PROBE_CART (24) -> PROCESS_CART (6)
2026-05-14 13:19:57 Setting CBS color valve (FillIFS): 2
2026-05-14 13:19:59 Primed volume (FillIFS): 5.22068
2026-05-14 13:19:59 Re-Calculated Filling Volume: 551
2026-05-14 13:19:59 Setting CBS color valve (FillCart): 2
2026-05-14 13:20:23 Handler State: PROCESS_CART (6) -> EXCHANGE_ONE (7)
2026-05-14 13:20:23 CartMove: Exchange 1, from 104
2026-05-14 13:20:23 CartMoveState: FROM_PROBE (19) -> FROM_CART (4)
2026-05-14 13:20:29 Setting CBS color valve (Finished): 0
2026-05-14 13:20:30 CartMoveState: FROM_CART (4) -> TO_MOVE (10)
2026-05-14 13:20:32 CartMoveState: TO_MOVE (10) -> EXCH_1_WAIT (14)
2026-05-14 13:20:32 Handler State: EXCHANGE_ONE (7) -> START_DCU (8)
2026-05-14 13:20:32 Handler State: START_DCU (8) -> EXCHANGE_TWO (9)
2026-05-14 13:20:32 CartMove: Exchange 2
2026-05-14 13:20:32 CartMoveState: EXCH_1_WAIT (14) -> EXCH_1_CART (15)
2026-05-14 13:20:35 CartMoveState: EXCH_1_CART (15) -> EXCH_2_MOVE (16)
2026-05-14 13:20:36 CartMoveState: EXCH_2_MOVE (16) -> EXCH_2_CART (17)
2026-05-14 13:20:38 CartMoveState: EXCH_2_CART (17) -> STORE_DECIDE (18)
2026-05-14 13:20:38 Used volume for last job: 501.189
2026-05-14 13:20:38 Handler State: EXCHANGE_TWO (9) -> WAIT_FOR_DCU (10)
2026-05-14 13:20:40 Handler State: WAIT_FOR_DCU (10) -> EXCHANGE_THREE (11)
2026-05-14 13:20:40 CartMove: Exchange 3
2026-05-14 13:20:40 CartMoveState: STORE_DECIDE (18) -> AUX_DECIDE (5)
2026-05-14 13:20:40 CartMoveState: AUX_DECIDE (5) -> TO_MOVE (10)
2026-05-14 13:20:41 CartMoveState: TO_MOVE (10) -> TO_CART (11)
2026-05-14 13:20:43 CartMoveState: TO_CART (11) -> HOME_MOVE (12)
2026-05-14 13:20:44 CartMoveState: HOME_MOVE (12) -> HALT (13)
2026-05-14 13:20:44 CartMoveState: HALT (13) -> IDLE (1)
2026-05-14 13:20:44 Handler State: EXCHANGE_THREE (11) -> POST_PROCESS (12)
2026-05-14 13:20:44 Handler State: POST_PROCESS (12) -> MOVE_ARM_HOME (14)
2026-05-14 13:20:44 Handler State: MOVE_ARM_HOME (14) -> HANDLER_IDLE (1)
2026-05-14 13:26:25 Handler State: HANDLER_IDLE (1) -> HANDLER_START (2)
2026-05-14 13:26:26 Handler State: HANDLER_START (2) -> EXCHANGE_ONE (7)
2026-05-14 13:26:26 CartMove: Exchange 1, from 0
2026-05-14 13:26:26 CartMoveState: IDLE (1) -> TO_MOVE (10)
2026-05-14 13:26:27 CartMoveState: TO_MOVE (10) -> EXCH_1_WAIT (14)
2026-05-14 13:26:27 Handler State: EXCHANGE_ONE (7) -> START_DCU (8)
2026-05-14 13:26:27 Handler State: START_DCU (8) -> EXCHANGE_TWO (9)
2026-05-14 13:26:27 CartMove: Exchange 2
2026-05-14 13:26:36 CartMoveState: EXCH_1_WAIT (14) -> EXCH_1_CART (15)
2026-05-14 13:26:39 CartMoveState: EXCH_1_CART (15) -> STORE_DECIDE (18)
2026-05-14 13:26:39 Used volume for last job: 497.458
2026-05-14 13:26:39 Handler State: EXCHANGE_TWO (9) -> WAIT_FOR_DCU (10)
2026-05-14 13:26:40 Handler State: WAIT_FOR_DCU (10) -> EXCHANGE_THREE (11)
2026-05-14 13:26:40 CartMove: Exchange 3
2026-05-14 13:26:40 CartMoveState: STORE_DECIDE (18) -> AUX_DECIDE (5)
2026-05-14 13:26:40 CartMoveState: AUX_DECIDE (5) -> TO_MOVE (10)
2026-05-14 13:26:42 CartMoveState: TO_MOVE (10) -> TO_CART (11)
2026-05-14 13:26:44 CartMoveState: TO_CART (11) -> HOME_MOVE (12)
2026-05-14 13:26:46 CartMoveState: HOME_MOVE (12) -> HALT (13)
2026-05-14 13:26:46 CartMoveState: HALT (13) -> IDLE (1)
2026-05-14 13:26:46 Handler State: EXCHANGE_THREE (11) -> POST_PROCESS (12)
2026-05-14 13:26:46 Handler State: POST_PROCESS (12) -> MOVE_ARM_HOME (14)
2026-05-14 13:26:46 Handler State: MOVE_ARM_HOME (14) -> HANDLER_IDLE (1)
2026-05-14 13:50:19 Handler State: HANDLER_IDLE (1) -> SEMI_START (15)
2026-05-14 13:50:19 Handler State: SEMI_START (15) -> SEMI_PROBE_CART (25)
2026-05-14 13:50:22 Handler State: SEMI_PROBE_CART (25) -> SEMI_PROCESS (16)
2026-05-14 13:50:57 Re-Calculated Filling Volume: 0
2026-05-14 13:51:03 Setting CBS color valve (Finished): 0
2026-05-14 13:51:03 Handler State: SEMI_PROCESS (16) -> SEMI_WHAT_NEXT (21)
2026-05-14 13:51:03 Handler State: SEMI_WHAT_NEXT (21) -> SEMI_FINISHED (23)
2026-05-14 13:51:03 Handler State: SEMI_FINISHED (23) -> HANDLER_IDLE (1)
2026-05-14 13:51:14 Handler State: HANDLER_IDLE (1) -> HANDLER_START (2)
2026-05-14 13:51:15 Handler State: HANDLER_START (2) -> DECIDE_CART (3)
2026-05-14 13:51:15 Selection: IFS is clean and its cartridge is cleaned.
2026-05-14 13:51:15 Selected Primary Cartridge: 6
2026-05-14 13:51:15 Selected Primary Station: 104
2026-05-14 13:51:15 Selected Secondary Cartridge: 0
2026-05-14 13:51:15 Selected Secondary Station: 0
2026-05-14 13:51:15 Selected Filling Volume: 640
2026-05-14 13:51:15 Handler State: DECIDE_CART (3) -> CHECK_SEC_CART (26)
2026-05-14 13:51:15 Handler State: CHECK_SEC_CART (26) -> PROBE_CART (24)
2026-05-14 13:51:15 CartMove: Exchange 1, from 104
2026-05-14 13:51:15 CartMoveState: IDLE (1) -> FROM_MOVE (3)
2026-05-14 13:51:15 CartMoveState: FROM_MOVE (3) -> FROM_PROBE (19)
2026-05-14 13:51:17 Handler State: PROBE_CART (24) -> PROCESS_CART (6)
2026-05-14 13:51:17 Setting CBS color valve (FillIFS): 1
2026-05-14 13:51:18 Primed volume (FillIFS): 5.16764
2026-05-14 13:51:18 Re-Calculated Filling Volume: 640
2026-05-14 13:51:18 Setting CBS color valve (FillCart): 1
2026-05-14 13:51:43 Handler State: PROCESS_CART (6) -> EXCHANGE_ONE (7)
2026-05-14 13:51:43 CartMove: Exchange 1, from 104
2026-05-14 13:51:43 CartMoveState: FROM_PROBE (19) -> FROM_CART (4)
2026-05-14 13:51:49 Setting CBS color valve (Finished): 0
2026-05-14 13:51:51 CartMoveState: FROM_CART (4) -> TO_MOVE (10)
2026-05-14 13:51:52 CartMoveState: TO_MOVE (10) -> EXCH_1_WAIT (14)
2026-05-14 13:51:52 Handler State: EXCHANGE_ONE (7) -> START_DCU (8)
2026-05-14 13:51:53 Handler State: START_DCU (8) -> EXCHANGE_TWO (9)
2026-05-14 13:51:53 CartMove: Exchange 2
2026-05-14 13:51:53 CartMoveState: EXCH_1_WAIT (14) -> EXCH_1_CART (15)
2026-05-14 13:51:55 CartMoveState: EXCH_1_CART (15) -> EXCH_2_MOVE (16)
2026-05-14 13:51:56 CartMoveState: EXCH_2_MOVE (16) -> EXCH_2_CART (17)
2026-05-14 13:51:58 CartMoveState: EXCH_2_CART (17) -> HOME_MOVE (12)
2026-05-14 13:51:58 Handler State: EXCHANGE_TWO (9) -> WAIT_FOR_DCU (10)
2026-05-14 13:51:59 Handler State: WAIT_FOR_DCU (10) -> EXCHANGE_THREE (11)
2026-05-14 13:51:59 CartMove: Exchange 3
2026-05-14 13:51:59 CartMoveState: HOME_MOVE (12) -> HALT (13)
2026-05-14 13:51:59 CartMoveState: HALT (13) -> IDLE (1)
2026-05-14 13:51:59 Handler State: EXCHANGE_THREE (11) -> POST_PROCESS (12)
2026-05-14 13:51:59 Handler State: POST_PROCESS (12) -> MOVE_ARM_HOME (14)
2026-05-14 13:52:06 Handler State: MOVE_ARM_HOME (14) -> HANDLER_IDLE (1)
2026-05-14 13:56:14 Handler State: HANDLER_IDLE (1) -> SEMI_START (15)
2026-05-14 13:56:14 Handler State: SEMI_START (15) -> SEMI_PROBE_CART (25)
2026-05-14 13:56:17 Handler State: SEMI_PROBE_CART (25) -> SEMI_PROCESS (16)
2026-05-14 13:57:32 Re-Calculated Filling Volume: 0
2026-05-14 13:57:39 Setting CBS color valve (Finished): 0
2026-05-14 13:57:39 Handler State: SEMI_PROCESS (16) -> SEMI_WHAT_NEXT (21)
2026-05-14 13:57:39 Handler State: SEMI_WHAT_NEXT (21) -> SEMI_FINISHED (23)
2026-05-14 13:57:39 Handler State: SEMI_FINISHED (23) -> HANDLER_IDLE (1)
2026-05-14 13:59:36 Handler State: HANDLER_IDLE (1) -> HANDLER_START (2)
2026-05-14 13:59:37 Handler State: HANDLER_START (2) -> DECIDE_CART (3)
2026-05-14 13:59:37 Selection: IFS is clean and its cartridge is cleaned.
2026-05-14 13:59:37 Selected Primary Cartridge: 1
2026-05-14 13:59:37 Selected Primary Station: 102
2026-05-14 13:59:37 Selected Secondary Cartridge: 0
2026-05-14 13:59:37 Selected Secondary Station: 0
2026-05-14 13:59:37 Selected Filling Volume: 623
2026-05-14 13:59:37 Handler State: DECIDE_CART (3) -> CHECK_SEC_CART (26)
2026-05-14 13:59:37 Handler State: CHECK_SEC_CART (26) -> PROBE_CART (24)
2026-05-14 13:59:37 CartMove: Exchange 1, from 102
2026-05-14 13:59:37 CartMoveState: IDLE (1) -> FROM_MOVE (3)
2026-05-14 13:59:38 CartMoveState: FROM_MOVE (3) -> FROM_PROBE (19)
2026-05-14 13:59:39 Handler State: PROBE_CART (24) -> PROCESS_CART (6)
2026-05-14 13:59:39 Setting CBS color valve (FillIFS): 1
2026-05-14 13:59:41 Primed volume (FillIFS): 1.63193
2026-05-14 13:59:41 Re-Calculated Filling Volume: 623
2026-05-14 13:59:41 Setting CBS color valve (FillCart): 1
2026-05-14 14:00:04 Handler State: PROCESS_CART (6) -> EXCHANGE_ONE (7)
2026-05-14 14:00:04 CartMove: Exchange 1, from 102
2026-05-14 14:00:04 CartMoveState: FROM_PROBE (19) -> FROM_CART (4)
2026-05-14 14:00:11 Setting CBS color valve (Finished): 0
2026-05-14 14:00:13 CartMoveState: FROM_CART (4) -> TO_MOVE (10)
2026-05-14 14:00:13 CartMoveState: TO_MOVE (10) -> EXCH_1_WAIT (14)
2026-05-14 14:00:13 Handler State: EXCHANGE_ONE (7) -> START_DCU (8)
2026-05-14 14:00:14 Handler State: START_DCU (8) -> EXCHANGE_TWO (9)
2026-05-14 14:00:14 CartMove: Exchange 2
2026-05-14 14:00:14 CartMoveState: EXCH_1_WAIT (14) -> EXCH_1_CART (15)
2026-05-14 14:00:16 CartMoveState: EXCH_1_CART (15) -> EXCH_2_MOVE (16)
2026-05-14 14:00:18 CartMoveState: EXCH_2_MOVE (16) -> EXCH_2_CART (17)
2026-05-14 14:00:20 CartMoveState: EXCH_2_CART (17) -> STORE_DECIDE (18)
2026-05-14 14:00:20 Used volume for last job: 264.058
2026-05-14 14:00:20 Handler State: EXCHANGE_TWO (9) -> WAIT_FOR_DCU (10)
2026-05-14 14:00:21 Handler State: WAIT_FOR_DCU (10) -> EXCHANGE_THREE (11)
2026-05-14 14:00:21 CartMove: Exchange 3
2026-05-14 14:00:21 CartMoveState: STORE_DECIDE (18) -> AUX_DECIDE (5)
2026-05-14 14:00:21 CartMoveState: AUX_DECIDE (5) -> TO_MOVE (10)
2026-05-14 14:00:22 CartMoveState: TO_MOVE (10) -> TO_CART (11)
2026-05-14 14:00:24 CartMoveState: TO_CART (11) -> HOME_MOVE (12)
2026-05-14 14:00:25 CartMoveState: HOME_MOVE (12) -> HALT (13)
2026-05-14 14:00:25 CartMoveState: HALT (13) -> IDLE (1)
2026-05-14 14:00:25 Handler State: EXCHANGE_THREE (11) -> POST_PROCESS (12)
2026-05-14 14:00:25 Handler State: POST_PROCESS (12) -> MOVE_ARM_HOME (14)
2026-05-14 14:00:26 Handler State: MOVE_ARM_HOME (14) -> HANDLER_IDLE (1)
2026-05-14 14:04:47 Handler State: HANDLER_IDLE (1) -> SEMI_START (15)
2026-05-14 14:04:47 Handler State: SEMI_START (15) -> SEMI_PROBE_CART (25)
2026-05-14 14:04:50 Handler State: SEMI_PROBE_CART (25) -> SEMI_PROCESS (16)
2026-05-14 14:06:04 Re-Calculated Filling Volume: 0
2026-05-14 14:06:10 Setting CBS color valve (Finished): 0
2026-05-14 14:06:10 Handler State: SEMI_PROCESS (16) -> SEMI_WHAT_NEXT (21)
2026-05-14 14:06:10 Handler State: SEMI_WHAT_NEXT (21) -> SEMI_FINISHED (23)
2026-05-14 14:06:10 Handler State: SEMI_FINISHED (23) -> HANDLER_IDLE (1)
2026-05-14 14:08:38 Handler State: HANDLER_IDLE (1) -> SEMI_START (15)
2026-05-14 14:08:38 Handler State: SEMI_START (15) -> SEMI_TO_IFS (18)
2026-05-14 14:08:38 CartMove: Move, from 105 to 102
2026-05-14 14:08:38 CartMoveState: IDLE (1) -> FROM_MOVE (3)
2026-05-14 14:08:39 CartMoveState: FROM_MOVE (3) -> FROM_CART (4)
2026-05-14 14:08:41 CartMoveState: FROM_CART (4) -> AUX_DECIDE (5)
2026-05-14 14:08:41 CartMoveState: AUX_DECIDE (5) -> TO_MOVE (10)
2026-05-14 14:08:43 CartMoveState: TO_MOVE (10) -> TO_CART (11)
2026-05-14 14:08:45 CartMoveState: TO_CART (11) -> HOME_MOVE (12)
2026-05-14 14:08:46 CartMoveState: HOME_MOVE (12) -> HALT (13)
2026-05-14 14:08:46 CartMoveState: HALT (13) -> IDLE (1)
2026-05-14 14:08:46 Handler State: SEMI_TO_IFS (18) -> SEMI_PROBE_CART (25)
2026-05-14 14:08:49 Handler State: SEMI_PROBE_CART (25) -> SEMI_PROCESS (16)
2026-05-14 14:09:25 Re-Calculated Filling Volume: 0
2026-05-14 14:09:32 Setting CBS color valve (Finished): 0
2026-05-14 14:09:32 Handler State: SEMI_PROCESS (16) -> SEMI_FROM_IFS (20)
2026-05-14 14:09:32 CartMove: Move, from 102 to 105
2026-05-14 14:09:32 CartMoveState: IDLE (1) -> FROM_MOVE (3)
2026-05-14 14:09:32 CartMoveState: FROM_MOVE (3) -> FROM_CART (4)
2026-05-14 14:09:35 CartMoveState: FROM_CART (4) -> AUX_DECIDE (5)
2026-05-14 14:09:35 CartMoveState: AUX_DECIDE (5) -> TO_MOVE (10)
2026-05-14 14:09:36 CartMoveState: TO_MOVE (10) -> TO_CART (11)
2026-05-14 14:09:39 CartMoveState: TO_CART (11) -> HOME_MOVE (12)
2026-05-14 14:09:40 CartMoveState: HOME_MOVE (12) -> HALT (13)
2026-05-14 14:09:40 CartMoveState: HALT (13) -> IDLE (1)
2026-05-14 14:09:40 Handler State: SEMI_FROM_IFS (20) -> SEMI_WHAT_NEXT (21)
2026-05-14 14:09:40 Handler State: SEMI_WHAT_NEXT (21) -> SEMI_FINISHED (23)
2026-05-14 14:09:40 Handler State: SEMI_FINISHED (23) -> HANDLER_IDLE (1)
2026-05-14 14:16:31 Handler State: HANDLER_IDLE (1) -> HANDLER_START (2)
2026-05-14 14:16:32 Handler State: HANDLER_START (2) -> DECIDE_CART (3)
2026-05-14 14:16:32 Selection: IFS is clean and its cartridge is cleaned.
2026-05-14 14:16:32 Selected Primary Cartridge: 2
2026-05-14 14:16:32 Selected Primary Station: 103
2026-05-14 14:16:32 Selected Secondary Cartridge: 0
2026-05-14 14:16:32 Selected Secondary Station: 0
2026-05-14 14:16:32 Selected Filling Volume: 479
2026-05-14 14:16:32 Handler State: DECIDE_CART (3) -> CHECK_SEC_CART (26)
2026-05-14 14:16:32 Handler State: CHECK_SEC_CART (26) -> PROBE_CART (24)
2026-05-14 14:16:32 CartMove: Exchange 1, from 103
2026-05-14 14:16:32 CartMoveState: IDLE (1) -> FROM_MOVE (3)
2026-05-14 14:16:32 CartMoveState: FROM_MOVE (3) -> FROM_PROBE (19)
2026-05-14 14:16:33 Handler State: PROBE_CART (24) -> PROCESS_CART (6)
2026-05-14 14:16:34 Setting CBS color valve (FillIFS): 1
2026-05-14 14:16:35 Primed volume (FillIFS): 1.91936
2026-05-14 14:16:35 Re-Calculated Filling Volume: 479
2026-05-14 14:16:35 Setting CBS color valve (FillCart): 1
2026-05-14 14:16:57 Handler State: PROCESS_CART (6) -> EXCHANGE_ONE (7)
2026-05-14 14:16:57 CartMove: Exchange 1, from 103
2026-05-14 14:16:57 CartMoveState: FROM_PROBE (19) -> FROM_CART (4)
2026-05-14 14:17:02 Setting CBS color valve (Finished): 0
2026-05-14 14:17:04 CartMoveState: FROM_CART (4) -> TO_MOVE (10)
2026-05-14 14:17:05 CartMoveState: TO_MOVE (10) -> EXCH_1_WAIT (14)
2026-05-14 14:17:05 Handler State: EXCHANGE_ONE (7) -> START_DCU (8)
2026-05-14 14:17:06 Handler State: START_DCU (8) -> EXCHANGE_TWO (9)
2026-05-14 14:17:06 CartMove: Exchange 2
2026-05-14 14:17:06 CartMoveState: EXCH_1_WAIT (14) -> EXCH_1_CART (15)
2026-05-14 14:17:08 CartMoveState: EXCH_1_CART (15) -> EXCH_2_MOVE (16)
2026-05-14 14:17:10 CartMoveState: EXCH_2_MOVE (16) -> EXCH_2_CART (17)
2026-05-14 14:17:12 CartMoveState: EXCH_2_CART (17) -> STORE_DECIDE (18)
2026-05-14 14:17:12 Used volume for last job: 568.737
2026-05-14 14:17:12 Handler State: EXCHANGE_TWO (9) -> WAIT_FOR_DCU (10)
2026-05-14 14:17:13 Handler State: WAIT_FOR_DCU (10) -> EXCHANGE_THREE (11)
2026-05-14 14:17:13 CartMove: Exchange 3
2026-05-14 14:17:13 CartMoveState: STORE_DECIDE (18) -> AUX_DECIDE (5)
2026-05-14 14:17:13 CartMoveState: AUX_DECIDE (5) -> TO_MOVE (10)
2026-05-14 14:17:13 CartMoveState: TO_MOVE (10) -> TO_CART (11)
2026-05-14 14:17:16 CartMoveState: TO_CART (11) -> HOME_MOVE (12)
2026-05-14 14:17:16 CartMoveState: HOME_MOVE (12) -> HALT (13)
2026-05-14 14:17:16 CartMoveState: HALT (13) -> IDLE (1)
2026-05-14 14:17:16 Handler State: EXCHANGE_THREE (11) -> POST_PROCESS (12)
2026-05-14 14:17:16 Handler State: POST_PROCESS (12) -> MOVE_ARM_HOME (14)
2026-05-14 14:17:18 Handler State: MOVE_ARM_HOME (14) -> HANDLER_IDLE (1)
2026-05-14 14:21:37 Handler State: HANDLER_IDLE (1) -> SEMI_START (15)
2026-05-14 14:21:37 Handler State: SEMI_START (15) -> SEMI_PROBE_CART (25)
2026-05-14 14:21:41 Handler State: SEMI_PROBE_CART (25) -> SEMI_PROCESS (16)
2026-05-14 14:22:58 Re-Calculated Filling Volume: 0
2026-05-14 14:23:04 Setting CBS color valve (Finished): 0
2026-05-14 14:23:04 Handler State: SEMI_PROCESS (16) -> SEMI_WHAT_NEXT (21)
2026-05-14 14:23:04 Handler State: SEMI_WHAT_NEXT (21) -> SEMI_FINISHED (23)
2026-05-14 14:23:04 Handler State: SEMI_FINISHED (23) -> HANDLER_IDLE (1)
2026-05-14 14:23:48 Handler State: HANDLER_IDLE (1) -> SEMI_START (15)
2026-05-14 14:23:48 Handler State: SEMI_START (15) -> SEMI_TO_IFS (18)
2026-05-14 14:23:48 CartMove: Move, from 106 to 103
2026-05-14 14:23:48 CartMoveState: IDLE (1) -> FROM_MOVE (3)
2026-05-14 14:23:49 CartMoveState: FROM_MOVE (3) -> FROM_CART (4)
2026-05-14 14:23:52 CartMoveState: FROM_CART (4) -> AUX_DECIDE (5)
2026-05-14 14:23:52 CartMoveState: AUX_DECIDE (5) -> TO_MOVE (10)
2026-05-14 14:23:54 CartMoveState: TO_MOVE (10) -> TO_CART (11)
2026-05-14 14:23:56 CartMoveState: TO_CART (11) -> HOME_MOVE (12)
2026-05-14 14:23:56 CartMoveState: HOME_MOVE (12) -> HALT (13)
2026-05-14 14:23:56 CartMoveState: HALT (13) -> IDLE (1)
2026-05-14 14:23:56 Handler State: SEMI_TO_IFS (18) -> SEMI_PROBE_CART (25)
2026-05-14 14:23:59 Handler State: SEMI_PROBE_CART (25) -> SEMI_PROCESS (16)
2026-05-14 14:24:31 Re-Calculated Filling Volume: 0
2026-05-14 14:24:36 Setting CBS color valve (Finished): 0
2026-05-14 14:24:36 Handler State: SEMI_PROCESS (16) -> SEMI_FROM_IFS (20)
2026-05-14 14:24:36 CartMove: Move, from 103 to 106
2026-05-14 14:24:36 CartMoveState: IDLE (1) -> FROM_MOVE (3)
2026-05-14 14:24:37 CartMoveState: FROM_MOVE (3) -> FROM_CART (4)
2026-05-14 14:24:39 CartMoveState: FROM_CART (4) -> AUX_DECIDE (5)
2026-05-14 14:24:39 CartMoveState: AUX_DECIDE (5) -> TO_MOVE (10)
2026-05-14 14:24:41 CartMoveState: TO_MOVE (10) -> TO_CART (11)
2026-05-14 14:24:43 CartMoveState: TO_CART (11) -> HOME_MOVE (12)
2026-05-14 14:24:44 CartMoveState: HOME_MOVE (12) -> HALT (13)
2026-05-14 14:24:44 CartMoveState: HALT (13) -> IDLE (1)
2026-05-14 14:24:44 Handler State: SEMI_FROM_IFS (20) -> SEMI_WHAT_NEXT (21)
2026-05-14 14:24:44 Handler State: SEMI_WHAT_NEXT (21) -> SEMI_FINISHED (23)
2026-05-14 14:24:44 Handler State: SEMI_FINISHED (23) -> HANDLER_IDLE (1)
2026-05-14 14:24:47 Handler State: HANDLER_IDLE (1) -> SEMI_START (15)
2026-05-14 14:24:47 Handler State: SEMI_START (15) -> SEMI_PROBE_CART (25)
2026-05-14 14:24:50 Handler State: SEMI_PROBE_CART (25) -> SEMI_PROCESS (16)
2026-05-14 14:25:26 Re-Calculated Filling Volume: 0
2026-05-14 14:25:33 Setting CBS color valve (Finished): 0
2026-05-14 14:25:33 Handler State: SEMI_PROCESS (16) -> SEMI_WHAT_NEXT (21)
2026-05-14 14:25:33 Handler State: SEMI_WHAT_NEXT (21) -> SEMI_FINISHED (23)
2026-05-14 14:25:34 Handler State: SEMI_FINISHED (23) -> HANDLER_IDLE (1)
2026-05-14 14:25:45 Handler State: HANDLER_IDLE (1) -> HANDLER_START (2)
2026-05-14 14:25:46 Handler State: HANDLER_START (2) -> DECIDE_CART (3)
2026-05-14 14:25:46 Selection: IFS is clean and its cartridge is cleaned.
2026-05-14 14:25:46 Selected Primary Cartridge: 1
2026-05-14 14:25:46 Selected Primary Station: 102
2026-05-14 14:25:46 Selected Secondary Cartridge: 0
2026-05-14 14:25:46 Selected Secondary Station: 0
2026-05-14 14:25:46 Selected Filling Volume: 504
2026-05-14 14:25:46 Handler State: DECIDE_CART (3) -> CHECK_SEC_CART (26)
2026-05-14 14:25:46 Handler State: CHECK_SEC_CART (26) -> PROBE_CART (24)
2026-05-14 14:25:46 CartMove: Exchange 1, from 102
2026-05-14 14:25:46 CartMoveState: IDLE (1) -> FROM_MOVE (3)
2026-05-14 14:25:47 CartMoveState: FROM_MOVE (3) -> FROM_PROBE (19)
2026-05-14 14:25:49 Handler State: PROBE_CART (24) -> PROCESS_CART (6)
2026-05-14 14:25:49 Setting CBS color valve (FillIFS): 1
2026-05-14 14:25:50 Primed volume (FillIFS): 5.0702
2026-05-14 14:25:50 Re-Calculated Filling Volume: 504
2026-05-14 14:25:50 Setting CBS color valve (FillCart): 1
2026-05-14 14:26:15 Handler State: PROCESS_CART (6) -> EXCHANGE_ONE (7)
2026-05-14 14:26:15 CartMove: Exchange 1, from 102
2026-05-14 14:26:15 CartMoveState: FROM_PROBE (19) -> FROM_CART (4)
2026-05-14 14:26:22 Setting CBS color valve (Finished): 0
2026-05-14 14:26:24 CartMoveState: FROM_CART (4) -> TO_MOVE (10)
2026-05-14 14:26:25 CartMoveState: TO_MOVE (10) -> EXCH_1_WAIT (14)
2026-05-14 14:26:25 Handler State: EXCHANGE_ONE (7) -> START_DCU (8)
2026-05-14 14:26:25 Handler State: START_DCU (8) -> EXCHANGE_TWO (9)
2026-05-14 14:26:25 CartMove: Exchange 2
2026-05-14 14:26:25 CartMoveState: EXCH_1_WAIT (14) -> EXCH_1_CART (15)
2026-05-14 14:26:28 CartMoveState: EXCH_1_CART (15) -> EXCH_2_MOVE (16)
2026-05-14 14:26:29 CartMoveState: EXCH_2_MOVE (16) -> EXCH_2_CART (17)
2026-05-14 14:26:31 CartMoveState: EXCH_2_CART (17) -> STORE_DECIDE (18)
2026-05-14 14:26:31 Used volume for last job: 425.883
2026-05-14 14:26:31 Handler State: EXCHANGE_TWO (9) -> WAIT_FOR_DCU (10)
2026-05-14 14:26:33 Handler State: WAIT_FOR_DCU (10) -> EXCHANGE_THREE (11)
2026-05-14 14:26:33 CartMove: Exchange 3
2026-05-14 14:26:33 CartMoveState: STORE_DECIDE (18) -> AUX_DECIDE (5)
2026-05-14 14:26:33 CartMoveState: AUX_DECIDE (5) -> TO_MOVE (10)
2026-05-14 14:26:34 CartMoveState: TO_MOVE (10) -> TO_CART (11)
2026-05-14 14:26:36 CartMoveState: TO_CART (11) -> HOME_MOVE (12)
2026-05-14 14:26:37 CartMoveState: HOME_MOVE (12) -> HALT (13)
2026-05-14 14:26:37 CartMoveState: HALT (13) -> IDLE (1)
2026-05-14 14:26:37 Handler State: EXCHANGE_THREE (11) -> POST_PROCESS (12)
2026-05-14 14:26:37 Handler State: POST_PROCESS (12) -> MOVE_ARM_HOME (14)
2026-05-14 14:26:37 Handler State: MOVE_ARM_HOME (14) -> HANDLER_IDLE (1)
2026-05-14 14:29:15 Handler State: HANDLER_IDLE (1) -> HANDLER_START (2)
2026-05-14 14:29:16 Handler State: HANDLER_START (2) -> DECIDE_CART (3)
2026-05-14 14:29:16 Selection: IFS is clean and its cartridge is cleaned.
2026-05-14 14:29:16 Selected Primary Cartridge: 6
2026-05-14 14:29:16 Selected Primary Station: 104
2026-05-14 14:29:16 Selected Secondary Cartridge: 0
2026-05-14 14:29:16 Selected Secondary Station: 0
2026-05-14 14:29:16 Selected Filling Volume: 551
2026-05-14 14:29:16 Handler State: DECIDE_CART (3) -> CHECK_SEC_CART (26)
2026-05-14 14:29:16 Handler State: CHECK_SEC_CART (26) -> PROBE_CART (24)
2026-05-14 14:29:16 CartMove: Exchange 1, from 104
2026-05-14 14:29:16 CartMoveState: IDLE (1) -> FROM_MOVE (3)
2026-05-14 14:29:17 CartMoveState: FROM_MOVE (3) -> FROM_PROBE (19)
2026-05-14 14:29:19 Handler State: PROBE_CART (24) -> PROCESS_CART (6)
2026-05-14 14:29:19 Setting CBS color valve (FillIFS): 1
2026-05-14 14:29:20 Primed volume (FillIFS): 2.15184
2026-05-14 14:29:20 Re-Calculated Filling Volume: 551
2026-05-14 14:29:20 Setting CBS color valve (FillCart): 1
2026-05-14 14:29:43 Handler State: PROCESS_CART (6) -> EXCHANGE_ONE (7)
2026-05-14 14:29:43 CartMove: Exchange 1, from 104
2026-05-14 14:29:43 CartMoveState: FROM_PROBE (19) -> FROM_CART (4)
2026-05-14 14:29:48 Setting CBS color valve (Finished): 0
2026-05-14 14:29:50 CartMoveState: FROM_CART (4) -> TO_MOVE (10)
2026-05-14 14:29:52 CartMoveState: TO_MOVE (10) -> EXCH_1_WAIT (14)
2026-05-14 14:29:52 Handler State: EXCHANGE_ONE (7) -> START_DCU (8)
2026-05-14 14:30:54 Handler State: START_DCU (8) -> EXCHANGE_TWO (9)
2026-05-14 14:30:54 CartMove: Exchange 2
2026-05-14 14:31:05 CartMoveState: EXCH_1_WAIT (14) -> EXCH_1_CART (15)
2026-05-14 14:31:08 CartMoveState: EXCH_1_CART (15) -> EXCH_2_MOVE (16)
2026-05-14 14:31:09 CartMoveState: EXCH_2_MOVE (16) -> EXCH_2_CART (17)
2026-05-14 14:31:11 CartMoveState: EXCH_2_CART (17) -> STORE_DECIDE (18)
2026-05-14 14:31:11 Used volume for last job: 450.157
2026-05-14 14:31:11 Handler State: EXCHANGE_TWO (9) -> WAIT_FOR_DCU (10)
2026-05-14 14:31:13 Handler State: WAIT_FOR_DCU (10) -> EXCHANGE_THREE (11)
2026-05-14 14:31:13 CartMove: Exchange 3
2026-05-14 14:31:13 CartMoveState: STORE_DECIDE (18) -> AUX_DECIDE (5)
2026-05-14 14:31:13 CartMoveState: AUX_DECIDE (5) -> TO_MOVE (10)
2026-05-14 14:31:13 CartMoveState: TO_MOVE (10) -> TO_CART (11)
2026-05-14 14:31:15 CartMoveState: TO_CART (11) -> HOME_MOVE (12)
2026-05-14 14:31:15 CartMoveState: HOME_MOVE (12) -> HALT (13)
2026-05-14 14:31:15 CartMoveState: HALT (13) -> IDLE (1)
2026-05-14 14:31:15 Handler State: EXCHANGE_THREE (11) -> POST_PROCESS (12)
2026-05-14 14:31:15 Handler State: POST_PROCESS (12) -> MOVE_ARM_HOME (14)
2026-05-14 14:31:15 Handler State: MOVE_ARM_HOME (14) -> HANDLER_IDLE (1)
2026-05-14 14:32:29 Handler State: HANDLER_IDLE (1) -> HANDLER_START (2)
2026-05-14 14:32:30 Handler State: HANDLER_START (2) -> DECIDE_CART (3)
2026-05-14 14:32:30 Selection: IFS is clean.
2026-05-14 14:32:30 Selection: Cartridge is clean.
2026-05-14 14:32:30 Selected Primary Cartridge: 5
2026-05-14 14:32:30 Selected Primary Station: 103
2026-05-14 14:32:30 Selected Secondary Cartridge: 0
2026-05-14 14:32:30 Selected Secondary Station: 0
2026-05-14 14:32:30 Selected Filling Volume: 216
2026-05-14 14:32:30 Handler State: DECIDE_CART (3) -> REMOVE_CART (4)
2026-05-14 14:32:30 CartMove: Move, from 103 to 108
2026-05-14 14:32:30 CartMoveState: IDLE (1) -> FROM_MOVE (3)
2026-05-14 14:32:30 CartMoveState: FROM_MOVE (3) -> FROM_CART (4)
2026-05-14 14:32:33 CartMoveState: FROM_CART (4) -> AUX_DECIDE (5)
2026-05-14 14:32:33 CartMoveState: AUX_DECIDE (5) -> TO_MOVE (10)
2026-05-14 14:32:35 CartMoveState: TO_MOVE (10) -> TO_CART (11)
2026-05-14 14:32:37 CartMoveState: TO_CART (11) -> HOME_MOVE (12)
2026-05-14 14:32:38 CartMoveState: HOME_MOVE (12) -> HALT (13)
2026-05-14 14:32:38 CartMoveState: HALT (13) -> IDLE (1)
2026-05-14 14:32:38 Handler State: REMOVE_CART (4) -> PLACE_CART (5)
2026-05-14 14:32:38 CartMove: Move, from 106 to 103
2026-05-14 14:32:38 CartMoveState: IDLE (1) -> FROM_MOVE (3)
2026-05-14 14:32:39 CartMoveState: FROM_MOVE (3) -> FROM_CART (4)
2026-05-14 14:32:42 CartMoveState: FROM_CART (4) -> AUX_DECIDE (5)
2026-05-14 14:32:42 CartMoveState: AUX_DECIDE (5) -> TO_MOVE (10)
2026-05-14 14:32:44 CartMoveState: TO_MOVE (10) -> TO_CART (11)
2026-05-14 14:32:46 CartMoveState: TO_CART (11) -> HOME_MOVE (12)
2026-05-14 14:32:46 CartMoveState: HOME_MOVE (12) -> HALT (13)
2026-05-14 14:32:46 CartMoveState: HALT (13) -> IDLE (1)
2026-05-14 14:32:46 Handler State: PLACE_CART (5) -> CHECK_SEC_CART (26)
2026-05-14 14:32:46 Handler State: CHECK_SEC_CART (26) -> PROBE_CART (24)
2026-05-14 14:32:46 CartMove: Exchange 1, from 103
2026-05-14 14:32:46 CartMoveState: IDLE (1) -> FROM_MOVE (3)
2026-05-14 14:32:46 CartMoveState: FROM_MOVE (3) -> FROM_PROBE (19)
2026-05-14 14:32:48 Handler State: PROBE_CART (24) -> PROCESS_CART (6)
2026-05-14 14:32:48 Setting CBS color valve (FillIFS): 1
2026-05-14 14:32:49 Primed volume (FillIFS): 1.97706
2026-05-14 14:32:49 Re-Calculated Filling Volume: 216
2026-05-14 14:32:49 Setting CBS color valve (FillCart): 1
2026-05-14 14:33:03 Handler State: PROCESS_CART (6) -> EXCHANGE_ONE (7)
2026-05-14 14:33:03 CartMove: Exchange 1, from 103
2026-05-14 14:33:03 CartMoveState: FROM_PROBE (19) -> FROM_CART (4)
2026-05-14 14:33:09 Setting CBS color valve (Finished): 0
2026-05-14 14:33:10 CartMoveState: FROM_CART (4) -> TO_MOVE (10)
2026-05-14 14:33:12 CartMoveState: TO_MOVE (10) -> EXCH_1_WAIT (14)
2026-05-14 14:33:12 Handler State: EXCHANGE_ONE (7) -> START_DCU (8)
2026-05-14 14:35:52 Handler State: START_DCU (8) -> EXCHANGE_TWO (9)
2026-05-14 14:35:53 CartMove: Exchange 2
2026-05-14 14:36:03 CartMoveState: EXCH_1_WAIT (14) -> EXCH_1_CART (15)
2026-05-14 14:36:06 CartMoveState: EXCH_1_CART (15) -> EXCH_2_MOVE (16)
2026-05-14 14:36:07 CartMoveState: EXCH_2_MOVE (16) -> EXCH_2_CART (17)
2026-05-14 14:36:09 CartMoveState: EXCH_2_CART (17) -> STORE_DECIDE (18)
2026-05-14 14:36:09 Used volume for last job: 497.546
2026-05-14 14:36:09 Handler State: EXCHANGE_TWO (9) -> WAIT_FOR_DCU (10)
2026-05-14 14:36:11 Handler State: WAIT_FOR_DCU (10) -> EXCHANGE_THREE (11)
2026-05-14 14:36:11 CartMove: Exchange 3
2026-05-14 14:36:11 CartMoveState: STORE_DECIDE (18) -> AUX_DECIDE (5)
2026-05-14 14:36:11 CartMoveState: AUX_DECIDE (5) -> TO_MOVE (10)
2026-05-14 14:36:12 CartMoveState: TO_MOVE (10) -> TO_CART (11)
2026-05-14 14:36:14 CartMoveState: TO_CART (11) -> HOME_MOVE (12)
2026-05-14 14:36:15 CartMoveState: HOME_MOVE (12) -> HALT (13)
2026-05-14 14:36:15 CartMoveState: HALT (13) -> IDLE (1)
2026-05-14 14:36:15 Handler State: EXCHANGE_THREE (11) -> POST_PROCESS (12)
2026-05-14 14:36:15 Handler State: POST_PROCESS (12) -> EMPTY_AUX (13)
2026-05-14 14:36:15 CartMove: Move, from 108 to 103
2026-05-14 14:36:15 CartMoveState: IDLE (1) -> FROM_MOVE (3)
2026-05-14 14:36:17 CartMoveState: FROM_MOVE (3) -> FROM_CART (4)
2026-05-14 14:36:19 CartMoveState: FROM_CART (4) -> AUX_DECIDE (5)
2026-05-14 14:36:19 CartMoveState: AUX_DECIDE (5) -> TO_MOVE (10)
2026-05-14 14:36:21 CartMoveState: TO_MOVE (10) -> TO_CART (11)
2026-05-14 14:36:23 CartMoveState: TO_CART (11) -> HOME_MOVE (12)
2026-05-14 14:36:23 CartMoveState: HOME_MOVE (12) -> HALT (13)
2026-05-14 14:36:23 CartMoveState: HALT (13) -> IDLE (1)
2026-05-14 14:36:23 Handler State: EMPTY_AUX (13) -> MOVE_ARM_HOME (14)
2026-05-14 14:36:24 Handler State: MOVE_ARM_HOME (14) -> HANDLER_IDLE (1)
2026-05-14 14:44:15 Handler State: HANDLER_IDLE (1) -> SEMI_START (15)
2026-05-14 14:44:15 Handler State: SEMI_START (15) -> SEMI_PROBE_CART (25)
2026-05-14 14:44:18 Handler State: SEMI_PROBE_CART (25) -> SEMI_PROCESS (16)
2026-05-14 14:44:51 Re-Calculated Filling Volume: 0
2026-05-14 14:44:57 Setting CBS color valve (Finished): 0
2026-05-14 14:44:57 Handler State: SEMI_PROCESS (16) -> SEMI_WHAT_NEXT (21)
2026-05-14 14:44:57 Handler State: SEMI_WHAT_NEXT (21) -> SEMI_FINISHED (23)
2026-05-14 14:44:57 Handler State: SEMI_FINISHED (23) -> HANDLER_IDLE (1)
2026-05-14 14:52:46 Handler State: HANDLER_IDLE (1) -> SEMI_START (15)
2026-05-14 14:52:46 Handler State: SEMI_START (15) -> SEMI_PROBE_CART (25)
2026-05-14 14:52:49 Handler State: SEMI_PROBE_CART (25) -> SEMI_PROCESS (16)
2026-05-14 14:53:24 Re-Calculated Filling Volume: 0
2026-05-14 14:53:31 Setting CBS color valve (Finished): 0
2026-05-14 14:53:31 Handler State: SEMI_PROCESS (16) -> SEMI_WHAT_NEXT (21)
2026-05-14 14:53:31 Handler State: SEMI_WHAT_NEXT (21) -> SEMI_FINISHED (23)
2026-05-14 14:53:32 Handler State: SEMI_FINISHED (23) -> HANDLER_IDLE (1)
2026-05-14 14:58:56 Handler State: HANDLER_IDLE (1) -> HANDLER_START (2)
2026-05-14 14:58:56 Handler State: HANDLER_START (2) -> DECIDE_CART (3)
2026-05-14 14:58:56 Selection: IFS is clean and its cartridge is cleaned.
2026-05-14 14:58:56 Selected Primary Cartridge: 6
2026-05-14 14:58:56 Selected Primary Station: 104
2026-05-14 14:58:56 Selected Secondary Cartridge: 0
2026-05-14 14:58:56 Selected Secondary Station: 0
2026-05-14 14:58:56 Selected Filling Volume: 551
2026-05-14 14:58:56 Handler State: DECIDE_CART (3) -> CHECK_SEC_CART (26)
2026-05-14 14:58:56 Handler State: CHECK_SEC_CART (26) -> PROBE_CART (24)
2026-05-14 14:58:56 CartMove: Exchange 1, from 104
2026-05-14 14:58:56 CartMoveState: IDLE (1) -> FROM_MOVE (3)
2026-05-14 14:58:57 CartMoveState: FROM_MOVE (3) -> FROM_PROBE (19)
2026-05-14 14:58:59 Handler State: PROBE_CART (24) -> PROCESS_CART (6)
2026-05-14 14:58:59 Setting CBS color valve (FillIFS): 1
2026-05-14 14:59:00 Primed volume (FillIFS): 1.67488
2026-05-14 14:59:00 Re-Calculated Filling Volume: 551
2026-05-14 14:59:00 Setting CBS color valve (FillCart): 1
2026-05-14 14:59:23 Handler State: PROCESS_CART (6) -> EXCHANGE_ONE (7)
2026-05-14 14:59:23 CartMove: Exchange 1, from 104
2026-05-14 14:59:23 CartMoveState: FROM_PROBE (19) -> FROM_CART (4)
2026-05-14 14:59:29 Setting CBS color valve (Finished): 0
2026-05-14 14:59:31 CartMoveState: FROM_CART (4) -> TO_MOVE (10)
2026-05-14 14:59:32 CartMoveState: TO_MOVE (10) -> EXCH_1_WAIT (14)
2026-05-14 14:59:32 Handler State: EXCHANGE_ONE (7) -> START_DCU (8)
2026-05-14 14:59:33 Handler State: START_DCU (8) -> EXCHANGE_TWO (9)
2026-05-14 14:59:33 CartMove: Exchange 2
2026-05-14 14:59:33 CartMoveState: EXCH_1_WAIT (14) -> EXCH_1_CART (15)
2026-05-14 14:59:35 CartMoveState: EXCH_1_CART (15) -> EXCH_2_MOVE (16)
2026-05-14 14:59:36 CartMoveState: EXCH_2_MOVE (16) -> EXCH_2_CART (17)
2026-05-14 14:59:38 CartMoveState: EXCH_2_CART (17) -> STORE_DECIDE (18)
2026-05-14 14:59:38 Used volume for last job: 166.061
2026-05-14 14:59:38 Handler State: EXCHANGE_TWO (9) -> WAIT_FOR_DCU (10)
2026-05-14 14:59:40 Handler State: WAIT_FOR_DCU (10) -> EXCHANGE_THREE (11)
2026-05-14 14:59:40 CartMove: Exchange 3
2026-05-14 14:59:40 CartMoveState: STORE_DECIDE (18) -> AUX_DECIDE (5)
2026-05-14 14:59:40 CartMoveState: AUX_DECIDE (5) -> TO_MOVE (10)
2026-05-14 14:59:42 CartMoveState: TO_MOVE (10) -> TO_CART (11)
2026-05-14 14:59:44 CartMoveState: TO_CART (11) -> HOME_MOVE (12)
2026-05-14 14:59:45 CartMoveState: HOME_MOVE (12) -> HALT (13)
2026-05-14 14:59:45 CartMoveState: HALT (13) -> IDLE (1)
2026-05-14 14:59:45 Handler State: EXCHANGE_THREE (11) -> POST_PROCESS (12)
2026-05-14 14:59:45 Handler State: POST_PROCESS (12) -> MOVE_ARM_HOME (14)
2026-05-14 14:59:45 Handler State: MOVE_ARM_HOME (14) -> HANDLER_IDLE (1)
2026-05-14 15:04:35 Handler State: HANDLER_IDLE (1) -> HANDLER_START (2)
2026-05-14 15:04:36 Handler State: HANDLER_START (2) -> DECIDE_CART (3)
2026-05-14 15:04:36 Selection: IFS is clean and its cartridge is cleaned.
2026-05-14 15:04:36 Selected Primary Cartridge: 1
2026-05-14 15:04:36 Selected Primary Station: 102
2026-05-14 15:04:36 Selected Secondary Cartridge: 0
2026-05-14 15:04:36 Selected Secondary Station: 0
2026-05-14 15:04:36 Selected Filling Volume: 640
2026-05-14 15:04:36 Handler State: DECIDE_CART (3) -> CHECK_SEC_CART (26)
2026-05-14 15:04:36 Handler State: CHECK_SEC_CART (26) -> PROBE_CART (24)
2026-05-14 15:04:36 CartMove: Exchange 1, from 102
2026-05-14 15:04:36 CartMoveState: IDLE (1) -> FROM_MOVE (3)
2026-05-14 15:04:37 CartMoveState: FROM_MOVE (3) -> FROM_PROBE (19)
2026-05-14 15:04:38 Handler State: PROBE_CART (24) -> PROCESS_CART (6)
2026-05-14 15:04:38 Setting CBS color valve (FillIFS): 1
2026-05-14 15:04:40 Primed volume (FillIFS): 1.98237
2026-05-14 15:04:40 Re-Calculated Filling Volume: 640
2026-05-14 15:04:40 Setting CBS color valve (FillCart): 1
2026-05-14 15:05:03 Handler State: PROCESS_CART (6) -> EXCHANGE_ONE (7)
2026-05-14 15:05:03 CartMove: Exchange 1, from 102
2026-05-14 15:05:03 CartMoveState: FROM_PROBE (19) -> FROM_CART (4)
2026-05-14 15:05:10 Setting CBS color valve (Finished): 0
2026-05-14 15:05:11 CartMoveState: FROM_CART (4) -> TO_MOVE (10)
2026-05-14 15:05:12 CartMoveState: TO_MOVE (10) -> EXCH_1_WAIT (14)
2026-05-14 15:05:12 Handler State: EXCHANGE_ONE (7) -> START_DCU (8)
2026-05-14 15:05:13 Handler State: START_DCU (8) -> EXCHANGE_TWO (9)
2026-05-14 15:05:13 CartMove: Exchange 2
2026-05-14 15:05:13 CartMoveState: EXCH_1_WAIT (14) -> EXCH_1_CART (15)
2026-05-14 15:05:15 CartMoveState: EXCH_1_CART (15) -> EXCH_2_MOVE (16)
2026-05-14 15:05:16 CartMoveState: EXCH_2_MOVE (16) -> EXCH_2_CART (17)
2026-05-14 15:05:18 CartMoveState: EXCH_2_CART (17) -> STORE_DECIDE (18)
2026-05-14 15:05:18 Used volume for last job: 497.493
2026-05-14 15:05:18 Handler State: EXCHANGE_TWO (9) -> WAIT_FOR_DCU (10)
2026-05-14 15:05:20 Handler State: WAIT_FOR_DCU (10) -> EXCHANGE_THREE (11)
2026-05-14 15:05:20 CartMove: Exchange 3
2026-05-14 15:05:20 CartMoveState: STORE_DECIDE (18) -> AUX_DECIDE (5)
2026-05-14 15:05:20 CartMoveState: AUX_DECIDE (5) -> TO_MOVE (10)
2026-05-14 15:05:21 CartMoveState: TO_MOVE (10) -> TO_CART (11)
2026-05-14 15:05:23 CartMoveState: TO_CART (11) -> HOME_MOVE (12)
2026-05-14 15:05:24 CartMoveState: HOME_MOVE (12) -> HALT (13)
2026-05-14 15:05:24 CartMoveState: HALT (13) -> IDLE (1)
2026-05-14 15:05:24 Handler State: EXCHANGE_THREE (11) -> POST_PROCESS (12)
2026-05-14 15:05:24 Handler State: POST_PROCESS (12) -> MOVE_ARM_HOME (14)
2026-05-14 15:05:26 Handler State: MOVE_ARM_HOME (14) -> HANDLER_IDLE (1)
2026-05-14 15:19:56 Handler State: HANDLER_IDLE (1) -> HANDLER_START (2)
2026-05-14 15:19:57 Handler State: HANDLER_START (2) -> DECIDE_CART (3)
2026-05-14 15:19:57 Selection: Last resort, just pick the first IFS.
2026-05-14 15:19:57 Selection: Cartridge is clean.
2026-05-14 15:19:57 Selected Primary Cartridge: 4
2026-05-14 15:19:57 Selected Primary Station: 102
2026-05-14 15:19:57 Selected Secondary Cartridge: 0
2026-05-14 15:19:57 Selected Secondary Station: 0
2026-05-14 15:19:57 Selected Filling Volume: 640
2026-05-14 15:19:57 Handler State: DECIDE_CART (3) -> PLACE_CART (5)
2026-05-14 15:19:57 CartMove: Move, from 105 to 102
2026-05-14 15:19:57 CartMoveState: IDLE (1) -> FROM_MOVE (3)
2026-05-14 15:19:58 CartMoveState: FROM_MOVE (3) -> FROM_CART (4)
2026-05-14 15:20:01 CartMoveState: FROM_CART (4) -> AUX_DECIDE (5)
2026-05-14 15:20:01 CartMoveState: AUX_DECIDE (5) -> TO_MOVE (10)
2026-05-14 15:20:03 CartMoveState: TO_MOVE (10) -> TO_CART (11)
2026-05-14 15:20:05 CartMoveState: TO_CART (11) -> HOME_MOVE (12)
2026-05-14 15:20:06 CartMoveState: HOME_MOVE (12) -> HALT (13)
2026-05-14 15:20:06 CartMoveState: HALT (13) -> IDLE (1)
2026-05-14 15:20:06 Handler State: PLACE_CART (5) -> CHECK_SEC_CART (26)
2026-05-14 15:20:06 Handler State: CHECK_SEC_CART (26) -> PROBE_CART (24)
2026-05-14 15:20:06 CartMove: Exchange 1, from 102
2026-05-14 15:20:06 CartMoveState: IDLE (1) -> FROM_MOVE (3)
2026-05-14 15:20:06 CartMoveState: FROM_MOVE (3) -> FROM_PROBE (19)
2026-05-14 15:20:08 Handler State: PROBE_CART (24) -> PROCESS_CART (6)
2026-05-14 15:20:36 Setting CBS color valve (FillIFS): 2
2026-05-14 15:20:37 Primed volume (FillIFS): 5.02312
2026-05-14 15:20:37 Re-Calculated Filling Volume: 640
2026-05-14 15:20:37 Setting CBS color valve (FillCart): 2
2026-05-14 15:21:00 Handler State: PROCESS_CART (6) -> EXCHANGE_ONE (7)
2026-05-14 15:21:00 CartMove: Exchange 1, from 102
2026-05-14 15:21:00 CartMoveState: FROM_PROBE (19) -> FROM_CART (4)
2026-05-14 15:21:07 Setting CBS color valve (Finished): 0
2026-05-14 15:21:09 CartMoveState: FROM_CART (4) -> TO_MOVE (10)
2026-05-14 15:21:10 CartMoveState: TO_MOVE (10) -> EXCH_1_WAIT (14)
2026-05-14 15:21:10 Handler State: EXCHANGE_ONE (7) -> START_DCU (8)
2026-05-14 15:21:10 Handler State: START_DCU (8) -> EXCHANGE_TWO (9)
2026-05-14 15:21:10 CartMove: Exchange 2
2026-05-14 15:21:10 CartMoveState: EXCH_1_WAIT (14) -> EXCH_1_CART (15)
2026-05-14 15:21:13 CartMoveState: EXCH_1_CART (15) -> EXCH_2_MOVE (16)
2026-05-14 15:21:14 CartMoveState: EXCH_2_MOVE (16) -> EXCH_2_CART (17)
2026-05-14 15:21:16 CartMoveState: EXCH_2_CART (17) -> STORE_DECIDE (18)
2026-05-14 15:21:16 Used volume for last job: 340.911
2026-05-14 15:21:16 Handler State: EXCHANGE_TWO (9) -> WAIT_FOR_DCU (10)
2026-05-14 15:21:17 Handler State: WAIT_FOR_DCU (10) -> EXCHANGE_THREE (11)
2026-05-14 15:21:18 CartMove: Exchange 3
2026-05-14 15:21:18 CartMoveState: STORE_DECIDE (18) -> AUX_DECIDE (5)
2026-05-14 15:21:18 CartMoveState: AUX_DECIDE (5) -> TO_MOVE (10)
2026-05-14 15:21:18 CartMoveState: TO_MOVE (10) -> TO_CART (11)
2026-05-14 15:21:20 CartMoveState: TO_CART (11) -> HOME_MOVE (12)
2026-05-14 15:21:20 CartMoveState: HOME_MOVE (12) -> HALT (13)
2026-05-14 15:21:20 CartMoveState: HALT (13) -> IDLE (1)
2026-05-14 15:21:20 Handler State: EXCHANGE_THREE (11) -> POST_PROCESS (12)
2026-05-14 15:21:20 Handler State: POST_PROCESS (12) -> MOVE_ARM_HOME (14)
2026-05-14 15:21:23 Handler State: MOVE_ARM_HOME (14) -> HANDLER_IDLE (1)
2026-05-14 15:24:57 Handler State: HANDLER_IDLE (1) -> SEMI_START (15)
2026-05-14 15:24:57 Handler State: SEMI_START (15) -> SEMI_PROBE_CART (25)
2026-05-14 15:25:00 Handler State: SEMI_PROBE_CART (25) -> SEMI_PROCESS (16)
2026-05-14 15:26:11 Re-Calculated Filling Volume: 0
2026-05-14 15:26:17 Setting CBS color valve (Finished): 0
2026-05-14 15:26:17 Handler State: SEMI_PROCESS (16) -> SEMI_WHAT_NEXT (21)
2026-05-14 15:26:17 Handler State: SEMI_WHAT_NEXT (21) -> SEMI_FINISHED (23)
2026-05-14 15:26:18 Handler State: SEMI_FINISHED (23) -> HANDLER_IDLE (1)
2026-05-14 15:29:36 Handler State: HANDLER_IDLE (1) -> HANDLER_START (2)
2026-05-14 15:29:37 Handler State: HANDLER_START (2) -> DECIDE_CART (3)
2026-05-14 15:29:37 Selection: IFS is clean and its cartridge is cleaned.
2026-05-14 15:29:37 Selected Primary Cartridge: 1
2026-05-14 15:29:37 Selected Primary Station: 102
2026-05-14 15:29:37 Selected Secondary Cartridge: 0
2026-05-14 15:29:37 Selected Secondary Station: 0
2026-05-14 15:29:37 Selected Filling Volume: 691
2026-05-14 15:29:37 Handler State: DECIDE_CART (3) -> CHECK_SEC_CART (26)
2026-05-14 15:29:37 Handler State: CHECK_SEC_CART (26) -> PROBE_CART (24)
2026-05-14 15:29:37 CartMove: Exchange 1, from 102
2026-05-14 15:29:37 CartMoveState: IDLE (1) -> FROM_MOVE (3)
2026-05-14 15:29:38 CartMoveState: FROM_MOVE (3) -> FROM_PROBE (19)
2026-05-14 15:29:40 Handler State: PROBE_CART (24) -> PROCESS_CART (6)
2026-05-14 15:29:40 Setting CBS color valve (FillIFS): 1
2026-05-14 15:29:41 Primed volume (FillIFS): 1.6368
2026-05-14 15:29:41 Re-Calculated Filling Volume: 691
2026-05-14 15:29:41 Setting CBS color valve (FillCart): 1
2026-05-14 15:30:06 Handler State: PROCESS_CART (6) -> EXCHANGE_ONE (7)
2026-05-14 15:30:06 CartMove: Exchange 1, from 102
2026-05-14 15:30:06 CartMoveState: FROM_PROBE (19) -> FROM_CART (4)
2026-05-14 15:30:12 Setting CBS color valve (Finished): 0
2026-05-14 15:30:14 CartMoveState: FROM_CART (4) -> TO_MOVE (10)
2026-05-14 15:30:15 CartMoveState: TO_MOVE (10) -> EXCH_1_WAIT (14)
2026-05-14 15:30:15 Handler State: EXCHANGE_ONE (7) -> START_DCU (8)
2026-05-14 15:30:15 Handler State: START_DCU (8) -> EXCHANGE_TWO (9)
2026-05-14 15:30:15 CartMove: Exchange 2
2026-05-14 15:30:15 CartMoveState: EXCH_1_WAIT (14) -> EXCH_1_CART (15)
2026-05-14 15:30:18 CartMoveState: EXCH_1_CART (15) -> EXCH_2_MOVE (16)
2026-05-14 15:30:19 CartMoveState: EXCH_2_MOVE (16) -> EXCH_2_CART (17)
2026-05-14 15:30:21 CartMoveState: EXCH_2_CART (17) -> STORE_DECIDE (18)
2026-05-14 15:30:21 Used volume for last job: 240.888
2026-05-14 15:30:21 Handler State: EXCHANGE_TWO (9) -> WAIT_FOR_DCU (10)
2026-05-14 15:30:23 Handler State: WAIT_FOR_DCU (10) -> EXCHANGE_THREE (11)
2026-05-14 15:30:23 CartMove: Exchange 3
2026-05-14 15:30:23 CartMoveState: STORE_DECIDE (18) -> AUX_DECIDE (5)
2026-05-14 15:30:23 CartMoveState: AUX_DECIDE (5) -> TO_MOVE (10)
2026-05-14 15:30:23 CartMoveState: TO_MOVE (10) -> TO_CART (11)
2026-05-14 15:30:25 CartMoveState: TO_CART (11) -> HOME_MOVE (12)
2026-05-14 15:30:25 CartMoveState: HOME_MOVE (12) -> HALT (13)
2026-05-14 15:30:25 CartMoveState: HALT (13) -> IDLE (1)
2026-05-14 15:30:25 Handler State: EXCHANGE_THREE (11) -> POST_PROCESS (12)
2026-05-14 15:30:25 Handler State: POST_PROCESS (12) -> MOVE_ARM_HOME (14)
2026-05-14 15:30:28 Handler State: MOVE_ARM_HOME (14) -> HANDLER_IDLE (1)
2026-05-14 15:33:58 Handler State: HANDLER_IDLE (1) -> HANDLER_START (2)
2026-05-14 15:33:59 Handler State: HANDLER_START (2) -> DECIDE_CART (3)
2026-05-14 15:33:59 Selection: IFS has correct material and its cartridge has correct material.
2026-05-14 15:33:59 Selected Primary Cartridge: 6
2026-05-14 15:33:59 Selected Primary Station: 104
2026-05-14 15:33:59 Selected Secondary Cartridge: 0
2026-05-14 15:33:59 Selected Secondary Station: 0
2026-05-14 15:33:59 Selected Filling Volume: 640
2026-05-14 15:33:59 Handler State: DECIDE_CART (3) -> CHECK_SEC_CART (26)
2026-05-14 15:33:59 Handler State: CHECK_SEC_CART (26) -> PROBE_CART (24)
2026-05-14 15:33:59 CartMove: Exchange 1, from 104
2026-05-14 15:33:59 CartMoveState: IDLE (1) -> FROM_MOVE (3)
2026-05-14 15:34:00 CartMoveState: FROM_MOVE (3) -> FROM_PROBE (19)
2026-05-14 15:34:01 Handler State: PROBE_CART (24) -> PROCESS_CART (6)
2026-05-14 15:34:34 Setting CBS color valve (FillGate): 1
2026-05-14 15:34:35 Primed volume (FillGate): 1.40312
2026-05-14 15:34:35 Re-Calculated Filling Volume: 640
2026-05-14 15:34:35 Setting CBS color valve (FillCart): 1
2026-05-14 15:35:00 Handler State: PROCESS_CART (6) -> EXCHANGE_ONE (7)
2026-05-14 15:35:00 CartMove: Exchange 1, from 104
2026-05-14 15:35:00 CartMoveState: FROM_PROBE (19) -> FROM_CART (4)
2026-05-14 15:35:06 Setting CBS color valve (Finished): 0
2026-05-14 15:35:08 CartMoveState: FROM_CART (4) -> TO_MOVE (10)
2026-05-14 15:35:10 CartMoveState: TO_MOVE (10) -> EXCH_1_WAIT (14)
2026-05-14 15:35:10 Handler State: EXCHANGE_ONE (7) -> START_DCU (8)
2026-05-14 15:35:10 Handler State: START_DCU (8) -> EXCHANGE_TWO (9)
2026-05-14 15:35:10 CartMove: Exchange 2
2026-05-14 15:35:18 CartMoveState: EXCH_1_WAIT (14) -> EXCH_1_CART (15)
2026-05-14 15:35:21 CartMoveState: EXCH_1_CART (15) -> EXCH_2_MOVE (16)
2026-05-14 15:35:22 CartMoveState: EXCH_2_MOVE (16) -> EXCH_2_CART (17)
2026-05-14 15:35:24 CartMoveState: EXCH_2_CART (17) -> STORE_DECIDE (18)
2026-05-14 15:35:24 Used volume for last job: 638.124
2026-05-14 15:35:24 Handler State: EXCHANGE_TWO (9) -> WAIT_FOR_DCU (10)
2026-05-14 15:35:26 Handler State: WAIT_FOR_DCU (10) -> EXCHANGE_THREE (11)
2026-05-14 15:35:26 CartMove: Exchange 3
2026-05-14 15:35:26 CartMoveState: STORE_DECIDE (18) -> AUX_DECIDE (5)
2026-05-14 15:35:26 CartMoveState: AUX_DECIDE (5) -> TO_MOVE (10)
2026-05-14 15:35:27 CartMoveState: TO_MOVE (10) -> TO_CART (11)
2026-05-14 15:35:29 CartMoveState: TO_CART (11) -> HOME_MOVE (12)
2026-05-14 15:35:31 CartMoveState: HOME_MOVE (12) -> HALT (13)
2026-05-14 15:35:31 CartMoveState: HALT (13) -> IDLE (1)
2026-05-14 15:35:31 Handler State: EXCHANGE_THREE (11) -> POST_PROCESS (12)
2026-05-14 15:35:31 Handler State: POST_PROCESS (12) -> MOVE_ARM_HOME (14)
2026-05-14 15:35:31 Handler State: MOVE_ARM_HOME (14) -> HANDLER_IDLE (1)
2026-05-14 15:38:40 Handler State: HANDLER_IDLE (1) -> SEMI_START (15)
2026-05-14 15:38:40 Handler State: SEMI_START (15) -> SEMI_PROBE_CART (25)
2026-05-14 15:38:43 Handler State: SEMI_PROBE_CART (25) -> SEMI_PROCESS (16)
2026-05-14 15:40:08 Re-Calculated Filling Volume: 0
2026-05-14 15:40:15 Setting CBS color valve (Finished): 0
2026-05-14 15:40:15 Handler State: SEMI_PROCESS (16) -> SEMI_WHAT_NEXT (21)
2026-05-14 15:40:15 Handler State: SEMI_WHAT_NEXT (21) -> SEMI_FINISHED (23)
2026-05-14 15:40:15 Handler State: SEMI_FINISHED (23) -> HANDLER_IDLE (1)
2026-05-14 15:40:17 Handler State: HANDLER_IDLE (1) -> SEMI_START (15)
2026-05-14 15:40:17 Handler State: SEMI_START (15) -> SEMI_PROBE_CART (25)
2026-05-14 15:40:20 Handler State: SEMI_PROBE_CART (25) -> SEMI_PROCESS (16)
2026-05-14 15:40:52 Re-Calculated Filling Volume: 0
2026-05-14 15:40:58 Setting CBS color valve (Finished): 0
2026-05-14 15:40:58 Handler State: SEMI_PROCESS (16) -> SEMI_WHAT_NEXT (21)
2026-05-14 15:40:58 Handler State: SEMI_WHAT_NEXT (21) -> SEMI_FINISHED (23)
2026-05-14 15:40:58 Handler State: SEMI_FINISHED (23) -> HANDLER_IDLE (1)
2026-05-14 15:40:59 Handler State: HANDLER_IDLE (1) -> HANDLER_START (2)
2026-05-14 15:41:00 Handler State: HANDLER_START (2) -> DECIDE_CART (3)
2026-05-14 15:41:00 Selection: IFS is clean and its cartridge is cleaned.
2026-05-14 15:41:00 Selected Primary Cartridge: 4
2026-05-14 15:41:00 Selected Primary Station: 102
2026-05-14 15:41:00 Selected Secondary Cartridge: 0
2026-05-14 15:41:00 Selected Secondary Station: 0
2026-05-14 15:41:00 Selected Filling Volume: 325
2026-05-14 15:41:00 Handler State: DECIDE_CART (3) -> CHECK_SEC_CART (26)
2026-05-14 15:41:00 Handler State: CHECK_SEC_CART (26) -> PROBE_CART (24)
2026-05-14 15:41:00 CartMove: Exchange 1, from 102
2026-05-14 15:41:00 CartMoveState: IDLE (1) -> FROM_MOVE (3)
2026-05-14 15:41:01 CartMoveState: FROM_MOVE (3) -> FROM_PROBE (19)
2026-05-14 15:41:02 Handler State: PROBE_CART (24) -> PROCESS_CART (6)
2026-05-14 15:41:02 Setting CBS color valve (FillIFS): 2
2026-05-14 15:41:04 Primed volume (FillIFS): 4.34226
2026-05-14 15:41:04 Re-Calculated Filling Volume: 325
2026-05-14 15:41:04 Setting CBS color valve (FillCart): 2
2026-05-14 15:41:21 Handler State: PROCESS_CART (6) -> EXCHANGE_ONE (7)
2026-05-14 15:41:21 CartMove: Exchange 1, from 102
2026-05-14 15:41:21 CartMoveState: FROM_PROBE (19) -> FROM_CART (4)
2026-05-14 15:41:28 Setting CBS color valve (Finished): 0
2026-05-14 15:41:29 CartMoveState: FROM_CART (4) -> TO_MOVE (10)
2026-05-14 15:41:31 CartMoveState: TO_MOVE (10) -> EXCH_1_WAIT (14)
2026-05-14 15:41:31 Handler State: EXCHANGE_ONE (7) -> START_DCU (8)
2026-05-14 15:41:31 Handler State: START_DCU (8) -> EXCHANGE_TWO (9)
2026-05-14 15:41:31 CartMove: Exchange 2
2026-05-14 15:41:31 CartMoveState: EXCH_1_WAIT (14) -> EXCH_1_CART (15)
2026-05-14 15:41:34 CartMoveState: EXCH_1_CART (15) -> EXCH_2_MOVE (16)
2026-05-14 15:41:35 CartMoveState: EXCH_2_MOVE (16) -> EXCH_2_CART (17)
2026-05-14 15:41:37 CartMoveState: EXCH_2_CART (17) -> STORE_DECIDE (18)
2026-05-14 15:41:37 Used volume for last job: 264.154
2026-05-14 15:41:37 Handler State: EXCHANGE_TWO (9) -> WAIT_FOR_DCU (10)
2026-05-14 15:41:38 Handler State: WAIT_FOR_DCU (10) -> EXCHANGE_THREE (11)
2026-05-14 15:41:38 CartMove: Exchange 3
2026-05-14 15:41:38 CartMoveState: STORE_DECIDE (18) -> AUX_DECIDE (5)
2026-05-14 15:41:38 CartMoveState: AUX_DECIDE (5) -> TO_MOVE (10)
2026-05-14 15:41:39 CartMoveState: TO_MOVE (10) -> TO_CART (11)
2026-05-14 15:41:42 CartMoveState: TO_CART (11) -> HOME_MOVE (12)
2026-05-14 15:41:43 CartMoveState: HOME_MOVE (12) -> HALT (13)
2026-05-14 15:41:43 CartMoveState: HALT (13) -> IDLE (1)
2026-05-14 15:41:43 Handler State: EXCHANGE_THREE (11) -> POST_PROCESS (12)
2026-05-14 15:41:43 Handler State: POST_PROCESS (12) -> MOVE_ARM_HOME (14)
2026-05-14 15:41:43 Handler State: MOVE_ARM_HOME (14) -> HANDLER_IDLE (1)
2026-05-14 15:47:07 Handler State: HANDLER_IDLE (1) -> HANDLER_START (2)
2026-05-14 15:47:08 Handler State: HANDLER_START (2) -> DECIDE_CART (3)
2026-05-14 15:47:08 Selection: IFS is clean and its cartridge is cleaned.
2026-05-14 15:47:08 Selected Primary Cartridge: 2
2026-05-14 15:47:08 Selected Primary Station: 103
2026-05-14 15:47:08 Selected Secondary Cartridge: 0
2026-05-14 15:47:08 Selected Secondary Station: 0
2026-05-14 15:47:08 Selected Filling Volume: 555
2026-05-14 15:47:08 Handler State: DECIDE_CART (3) -> CHECK_SEC_CART (26)
2026-05-14 15:47:08 Handler State: CHECK_SEC_CART (26) -> PROBE_CART (24)
2026-05-14 15:47:08 CartMove: Exchange 1, from 103
2026-05-14 15:47:08 CartMoveState: IDLE (1) -> FROM_MOVE (3)
2026-05-14 15:47:08 CartMoveState: FROM_MOVE (3) -> FROM_PROBE (19)
2026-05-14 15:47:09 Handler State: PROBE_CART (24) -> PROCESS_CART (6)
2026-05-14 15:47:09 Setting CBS color valve (FillIFS): 1
2026-05-14 15:47:11 Primed volume (FillIFS): 1.82673
2026-05-14 15:47:11 Re-Calculated Filling Volume: 555
2026-05-14 15:47:11 Setting CBS color valve (FillCart): 1
2026-05-14 15:47:32 Handler State: PROCESS_CART (6) -> EXCHANGE_ONE (7)
2026-05-14 15:47:32 CartMove: Exchange 1, from 103
2026-05-14 15:47:32 CartMoveState: FROM_PROBE (19) -> FROM_CART (4)
2026-05-14 15:47:37 Setting CBS color valve (Finished): 0
2026-05-14 15:47:39 CartMoveState: FROM_CART (4) -> TO_MOVE (10)
2026-05-14 15:47:41 CartMoveState: TO_MOVE (10) -> EXCH_1_WAIT (14)
2026-05-14 15:47:41 Handler State: EXCHANGE_ONE (7) -> START_DCU (8)
2026-05-14 15:47:41 Handler State: START_DCU (8) -> EXCHANGE_TWO (9)
2026-05-14 15:47:41 CartMove: Exchange 2
2026-05-14 15:47:41 CartMoveState: EXCH_1_WAIT (14) -> EXCH_1_CART (15)
2026-05-14 15:47:44 CartMoveState: EXCH_1_CART (15) -> EXCH_2_MOVE (16)
2026-05-14 15:47:45 CartMoveState: EXCH_2_MOVE (16) -> EXCH_2_CART (17)
2026-05-14 15:47:47 CartMoveState: EXCH_2_CART (17) -> STORE_DECIDE (18)
2026-05-14 15:47:47 Used volume for last job: 236.438
2026-05-14 15:47:47 Handler State: EXCHANGE_TWO (9) -> WAIT_FOR_DCU (10)
2026-05-14 15:47:48 Handler State: WAIT_FOR_DCU (10) -> EXCHANGE_THREE (11)
2026-05-14 15:47:48 CartMove: Exchange 3
2026-05-14 15:47:48 CartMoveState: STORE_DECIDE (18) -> AUX_DECIDE (5)
2026-05-14 15:47:48 CartMoveState: AUX_DECIDE (5) -> TO_MOVE (10)
2026-05-15 09:53:48 Handler State: HANDLER_IDLE (1) -> HANDLER_IDLE (1)
2026-05-15 09:58:40 Handler State: HANDLER_IDLE (1) -> HANDLER_IDLE (1)
2026-05-15 09:58:58 Handler State: HANDLER_IDLE (1) -> SEMI_INTEGRITY (22)
2026-05-15 09:59:24 Handler State: SEMI_INTEGRITY (22) -> SEMI_FINISHED (23)
2026-05-15 09:59:25 Handler State: SEMI_FINISHED (23) -> HANDLER_IDLE (1)
2026-05-15 09:59:46 Handler State: HANDLER_IDLE (1) -> SEMI_START (15)
2026-05-15 09:59:46 Handler State: SEMI_START (15) -> SEMI_PROBE_CART (25)
2026-05-15 09:59:50 Handler State: SEMI_PROBE_CART (25) -> SEMI_PROCESS (16)
2026-05-15 10:00:23 Re-Calculated Filling Volume: 0
2026-05-15 10:00:29 Setting CBS color valve (Finished): 0
2026-05-15 10:00:29 Handler State: SEMI_PROCESS (16) -> SEMI_WHAT_NEXT (21)
2026-05-15 10:00:29 Handler State: SEMI_WHAT_NEXT (21) -> SEMI_FINISHED (23)
2026-05-15 10:00:30 Handler State: SEMI_FINISHED (23) -> HANDLER_IDLE (1)
2026-05-15 10:00:36 Handler State: HANDLER_IDLE (1) -> SEMI_START (15)
2026-05-15 10:00:36 Handler State: SEMI_START (15) -> SEMI_TO_STORE (17)
2026-05-15 10:00:36 CartMove: Move, from 104 to 108
2026-05-15 10:00:36 CartMoveState: IDLE (1) -> FROM_MOVE (3)
2026-05-15 10:00:37 CartMoveState: FROM_MOVE (3) -> FROM_CART (4)
2026-05-15 10:00:40 CartMoveState: FROM_CART (4) -> AUX_DECIDE (5)
2026-05-15 10:00:40 CartMoveState: AUX_DECIDE (5) -> TO_MOVE (10)
