2026-04-15 06:36:25  Vol : URUS_PA2_BC0_R13_INT_2026 Skid: 138 Calcul Vol : 605 Color: 7.
2026-04-15 06:36:25  ---------------------------
2026-04-15 06:44:13  TEMERARIO_PR_INT " Skid: 49 Paint : 264.
2026-04-15 06:52:23  Vol : HURACAN_BC0_R13_BLACK_ROOF Skid: 59 Calcul Vol : 306 Color: 5.
2026-04-15 06:52:23  ---------------------------
2026-04-15 06:59:02  URUS_BC_INT " Skid: 138 Paint : 551.
2026-04-15 07:04:26  Vol : URUS_PA2_PR0_INT_2025 Skid: 57 Calcul Vol : 552 Color: 1.
2026-04-15 07:04:26  ---------------------------
2026-04-15 07:11:53  Vol : URUS_PA2_BC0_R13_INT_2026 Skid: 33 Calcul Vol : 512 Color: 42.
2026-04-15 07:11:53  ---------------------------
2026-04-15 07:19:04  URUS_PR_INT " Skid: 57 Paint : 498.
2026-04-15 07:26:06  Vol : HURACAN_PRIM_R13_INT Skid: 81 Calcul Vol : 315 Color: 2.
2026-04-15 07:26:06  ---------------------------
2026-04-15 07:29:28  URUS_BC_INT " Skid: 33 Paint : 459.
2026-04-15 07:37:58  TEMERARIO_PR_INT " Skid: 81 Paint : 264.
2026-04-15 08:02:57  Vol : HURACAN_PRIM_R13_INT Skid: 36 Calcul Vol : 316 Color: 2.
2026-04-15 08:02:57  ---------------------------
2026-04-15 08:14:49  TEMERARIO_PR_INT " Skid: 36 Paint : 264.
2026-04-15 08:16:06  Vol : URUS_PA2_PR0_INT_2025 Skid: 68 Calcul Vol : 563 Color: 3.
2026-04-15 08:16:06  ---------------------------
2026-04-15 08:30:36  URUS_PR_INT " Skid: 68 Paint : 510.
2026-04-15 08:38:06  Vol : HURACAN_BC0_R13_INT Skid: 116 Calcul Vol : 263 Color: 5.
2026-04-15 08:38:06  ---------------------------
2026-04-15 08:42:37  Vol : HURACAN_PRIM_R13_INT Skid: 120 Calcul Vol : 315 Color: 3.
2026-04-15 08:42:37  ---------------------------
2026-04-15 08:52:32  TEMERARIO_BC_INT " Skid: 116 Paint : 212.
2026-04-15 08:52:32 --- Trajectory INT REP --- 
2026-04-15 08:52:32  HURACAN_BC0_R13_INT AP REP " Skid: 116 Paint : 212.
2026-04-15 08:52:32 --- --- 
2026-04-15 08:54:32  Vol : HURACAN_BC0_R13_INT Skid: 237 Calcul Vol : 299 Color: 66.
2026-04-15 08:54:32  ---------------------------
2026-04-15 08:59:23  Vol : HURACAN_PRIM_R13_INT Skid: 79 Calcul Vol : 315 Color: 2.
2026-04-15 08:59:23  ---------------------------
2026-04-15 09:00:09  TEMERARIO_PR_INT " Skid: 120 Paint : 263.
2026-04-15 09:08:40  TEMERARIO_BC_INT " Skid: 79 Paint : 249.
2026-04-15 09:08:40 --- Trajectory INT --- 
2026-04-15 09:08:40  HURACAN_AP_BC0_INT " Skid: 79 Paint : 249.
2026-04-15 09:08:40 --- --- 
2026-04-15 09:12:11  TEMERARIO_PR_INT " Skid: 79 Paint : 264.
2026-04-15 09:17:44  Vol : URUS_PA2_BC0_R13_INT_2026 Skid: 166 Calcul Vol : 516 Color: 151.
2026-04-15 09:17:44  ---------------------------
2026-04-15 09:26:48  Vol : URUS_PA2_BC0_R13_INT_2026 Skid: 57 Calcul Vol : 505 Color: 11.
2026-04-15 09:26:48  ---------------------------
2026-04-15 09:31:18  Vol : URUS_PA2_PR0_INT_2025 Skid: 24 Calcul Vol : 553 Color: 1.
2026-04-15 09:31:18  ---------------------------
2026-04-15 09:57:05  URUS_BC_INT " Skid: 166 Paint : 453.
2026-04-15 10:05:00  URUS_BC_INT " Skid: 24 Paint : 451.
2026-04-15 10:05:15  Vol : URUS_PA2_BC0_R13_INT_2026 Skid: 147 Calcul Vol : 578 Color: 6.
2026-04-15 10:05:15  ---------------------------
2026-04-15 10:09:58  URUS_PR_INT " Skid: 24 Paint : 498.
2026-04-15 10:10:37  Vol : HURACAN_BC0_R13_INT Skid: 60 Calcul Vol : 283 Color: 33.
2026-04-15 10:10:37  ---------------------------
2026-04-15 10:24:01  Vol : URUS_PA2_PR0_INT_2025 Skid: 168 Calcul Vol : 563 Color: 3.
2026-04-15 10:24:01  ---------------------------
2026-04-15 10:34:05  URUS_BC_INT " Skid: 60 Paint : 524.
2026-04-15 10:38:09  TEMERARIO_BC_INT " Skid: 60 Paint : 234.
2026-04-15 10:38:09 --- Trajectory INT --- 
2026-04-15 10:38:09  HURACAN_AP_BC0_INT " Skid: 60 Paint : 234.
2026-04-15 10:38:09 --- --- 
2026-04-15 10:39:14  Vol : URUS_PA2_BC0_R13_INT_2026 Skid: 68 Calcul Vol : 570 Color: 34.
2026-04-15 10:39:14  ---------------------------
2026-04-15 10:48:23  Vol : URUS_PA2_BC0_R13_INT_2026 Skid: 26 Calcul Vol : 578 Color: 6.
2026-04-15 10:48:23  ---------------------------
2026-04-15 10:50:18  URUS_PR_INT " Skid: 68 Paint : 509.
2026-04-15 10:52:30  Vol : URUS_PA2_PR0_INT_2025 Skid: 31 Calcul Vol : 563 Color: 3.
2026-04-15 10:52:30  ---------------------------
2026-04-15 10:55:20  URUS_BC_INT " Skid: 68 Paint : 517.
2026-04-15 11:04:08  URUS_BC_INT " Skid: 31 Paint : 523.
2026-04-15 11:09:06  URUS_PR_INT " Skid: 31 Paint : 510.
2026-04-15 11:10:03  Vol : HURACAN_BC0_R13_INT Skid: 81 Calcul Vol : 350 Color: 62.
2026-04-15 11:10:03  ---------------------------
2026-04-15 11:14:31  Vol : URUS_PA2_PR0_INT_2025 Skid: 5 Calcul Vol : 555 Color: 2.
2026-04-15 11:14:31  ---------------------------
2026-04-15 11:18:58  Vol : HURACAN_PRIM_R13_INT Skid: 63 Calcul Vol : 146 Color: 2.
2026-04-15 11:18:58  ---------------------------
2026-04-15 11:27:58  Vol : URUS_PA2_BC0_R13_INT_2026 Skid: 24 Calcul Vol : 548 Color: 8.
2026-04-15 11:27:58  ---------------------------
2026-04-15 11:34:07  TEMERARIO_BC_INT " Skid: 5 Paint : 298.
2026-04-15 11:34:07 --- Trajectory INT --- 
2026-04-15 11:34:07  HURACAN_AP_BC0_INT " Skid: 5 Paint : 298.
2026-04-15 11:34:07 --- --- 
2026-04-15 11:40:09  URUS_PR_INT " Skid: 63 Paint : 501.
2026-04-15 11:43:04  Default Volume : HURACAN_SP_PRIM_R13_INT Skid: 220.
2026-04-15 11:43:06  Vol : HURACAN_SP_PRIM_R13_INT Skid: 220 Calcul Vol : 640 Color: 1.
2026-04-15 11:43:06  ---------------------------
2026-04-15 11:43:11  TEMERARIO_PR_INT " Skid: 24 Paint : 84.
2026-04-15 11:49:35  URUS_BC_INT " Skid: 24 Paint : 493.
2026-04-15 12:08:57  Vol : URUS_PA2_PR0_INT_2025 Skid: 204 Calcul Vol : 552 Color: 1.
2026-04-15 12:08:57  ---------------------------
2026-04-15 12:35:45  Vol : HURACAN_PRIM_R13_INT Skid: 233 Calcul Vol : 315 Color: 1.
2026-04-15 12:35:45  ---------------------------
2026-04-15 13:18:28  Vol : URUS_PA2_BC0_R13_INT_2026 Skid: 168 Calcul Vol : 632 Color: 17.
2026-04-15 13:18:28  ---------------------------
2026-04-15 13:21:07  URUS_PR_INT " Skid: 204 Paint : 497.
2026-04-15 13:24:22  Vol : HURACAN_BC0_R13_BLACK_ROOF Skid: 237 Calcul Vol : 306 Color: 5.
2026-04-15 13:24:22  ---------------------------
2026-04-15 13:30:16  Vol : HURACAN_BC0_R13_INT Skid: 120 Calcul Vol : 294 Color: 52.
2026-04-15 13:30:16  ---------------------------
2026-04-15 13:33:50  TEMERARIO_PR_INT " Skid: 233 Paint : 264.
2026-04-15 14:01:59  URUS_BC_INT " Skid: 237 Paint : 578.
2026-04-15 14:02:37  Vol : URUS_PA2_PR0_INT_2025 Skid: 61 Calcul Vol : 563 Color: 3.
2026-04-15 14:02:37  ---------------------------
2026-04-15 14:07:50  Vol : URUS_PA2_BC0_HGL Skid: 31 Calcul Vol : 216 Color: 5.
2026-04-15 14:07:50  ---------------------------
2026-04-15 14:10:17  TEMERARIO_BC_INT " Skid: 120 Paint : 244.
2026-04-15 14:10:17 --- Trajectory INT --- 
2026-04-15 14:10:17  HURACAN_AP_BC0_INT " Skid: 120 Paint : 244.
2026-04-15 14:10:17 --- --- 
2026-04-15 14:12:44  Vol : URUS_PA2_BC0_R13_INT_2026 Skid: 5 Calcul Vol : 632 Color: 62.
2026-04-15 14:12:44  ---------------------------
2026-04-15 14:17:56  Vol : URUS_PA2_PR0_INT_2025 Skid: 197 Calcul Vol : 555 Color: 2.
2026-04-15 14:17:56  ---------------------------
2026-04-15 14:23:51  URUS_PR_INT " Skid: 31 Paint : 510.
2026-04-15 14:34:52  URUS_PA2_R13_HGL_INT_EXT " Skid: 5 Paint : 510.
2026-04-15 14:39:00  Vol : URUS_PA2_BC0_R13_INT_2026 Skid: 68 Calcul Vol : 537 Color: 35.
2026-04-15 14:39:00  ---------------------------
2026-04-15 14:41:06  URUS_BC_INT " Skid: 197 Paint : 578.
2026-04-15 14:46:03  URUS_PR_INT " Skid: 197 Paint : 501.
2026-04-15 14:51:09  Vol : URUS_PA2_BC0_R13_INT_2026 Skid: 212 Calcul Vol : 193 Color: 145.
2026-04-15 14:51:09  ---------------------------
2026-04-15 14:59:06  URUS_BC_INT " Skid: 68 Paint : 484.
2026-04-15 15:07:33  File Access Error
2026-04-15 15:07:33  Vol : URUS_PA2_BC0_R13_INT_2026 Skid: 244 Calcul Vol : 20001 Color: 19.
2026-04-15 15:07:33  ---------------------------
2026-04-15 15:13:16  Vol : URUS_PA2_PR0_INT_2025 Skid: 167 Calcul Vol : 552 Color: 1.
2026-04-15 15:13:16  ---------------------------
2026-04-15 15:19:19  Vol : URUS_PA2_PR0_INT_2025 Skid: 221 Calcul Vol : 552 Color: 1.
2026-04-15 15:19:19  ---------------------------
2026-04-15 15:25:57  URUS_BC_INT " Skid: 244 Paint : 459.
2026-04-15 15:31:16  URUS_PR_INT " Skid: 221 Paint : 498.
2026-04-15 15:34:34  Vol : HURACAN_PRIM_R13_INT Skid: 86 Calcul Vol : 316 Color: 3.
2026-04-15 15:34:34  ---------------------------
2026-04-15 15:36:56  URUS_PR_INT " Skid: 221 Paint : 498.
2026-04-15 15:42:08  Vol : HURACAN_PRIM_R13_INT Skid: 193 Calcul Vol : 316 Color: 1.
2026-04-15 15:42:08  ---------------------------
2026-04-15 15:47:47  TEMERARIO_PR_INT " Skid: 86 Paint : 264.
2026-04-15 15:53:35  TEMERARIO_PR_INT " Skid: 193 Paint : 264.
2026-04-15 15:59:35  Vol : URUS_PA2_PR0_INT_2025 Skid: 153 Calcul Vol : 563 Color: 3.
2026-04-15 15:59:35  ---------------------------
2026-04-15 16:10:47  Vol : URUS_PA2_BC0_R13_INT_2026 Skid: 61 Calcul Vol : 515 Color: 28.
2026-04-15 16:10:47  ---------------------------
2026-04-15 16:16:37  URUS_PR_INT " Skid: 153 Paint : 510.
2026-04-15 16:25:33  Vol : URUS_PA2_BC0_R13_INT_2026 Skid: 197 Calcul Vol : 517 Color: 9.
2026-04-15 16:25:33  ---------------------------
2026-04-15 16:32:08  URUS_BC_INT " Skid: 61 Paint : 461.
2026-04-15 16:40:54  Vol : URUS_PA2_BC0_R13_INT_2026 Skid: 168 Calcul Vol : 562 Color: 18.
2026-04-15 16:40:54  ---------------------------
2026-04-15 16:45:34  Vol : URUS_PA2_PR0_INT_2025 Skid: 161 Calcul Vol : 552 Color: 1.
2026-04-15 16:45:34  ---------------------------
2026-04-15 16:45:58  URUS_BC_INT " Skid: 197 Paint : 464.
2026-04-15 16:58:58  Vol : HURACAN_BC0_R13_INT Skid: 233 Calcul Vol : 394 Color: 102.
2026-04-15 16:58:58  ---------------------------
2026-04-15 17:04:37  Vol : HURACAN_PRIM_R13_INT Skid: 163 Calcul Vol : 315 Color: 1.
2026-04-15 17:04:37  ---------------------------
2026-04-15 17:08:00  URUS_BC_INT " Skid: 161 Paint : 507.
2026-04-15 17:09:52  Vol : URUS_PA2_BC0_R13_INT_2026 Skid: 204 Calcul Vol : 548 Color: 8.
2026-04-15 17:09:52  ---------------------------
2026-04-15 17:13:57  URUS_PR_INT " Skid: 161 Paint : 498.
2026-04-15 17:22:08  TEMERARIO_BC_INT " Skid: 163 Paint : 343.
2026-04-15 17:22:08 --- Trajectory INT --- 
2026-04-15 17:22:08  HURACAN_AP_BC0_INT " Skid: 163 Paint : 343.
2026-04-15 17:22:08 --- --- 
2026-04-15 17:25:35  Vol : HURACAN_BC0_R13_BLACK_ROOF Skid: 156 Calcul Vol : 306 Color: 5.
2026-04-15 17:25:35  ---------------------------
2026-04-15 17:25:37  TEMERARIO_PR_INT " Skid: 204 Paint : 264.
2026-04-15 17:30:05  Vol : URUS_PA2_PR0_INT_2025 Skid: 152 Calcul Vol : 563 Color: 3.
2026-04-15 17:30:05  ---------------------------
2026-04-15 17:32:00  URUS_BC_INT " Skid: 204 Paint : 493.
2026-04-15 17:34:53  Vol : URUS_PA2_BC0_R13_INT_2026 Skid: 31 Calcul Vol : 578 Color: 6.
2026-04-15 17:34:53  ---------------------------
2026-04-15 17:39:44  Vol : URUS_PA2_BC0_R13_INT_2026 Skid: 221 Calcul Vol : 547 Color: 8.
2026-04-15 17:39:44  ---------------------------
2026-04-15 17:44:35  Vol : URUS_PA2_BC0_R13_INT_2026 Skid: 167 Calcul Vol : 496 Color: 27.
2026-04-15 17:44:35  ---------------------------
2026-04-15 17:47:21  URUS_PR_INT " Skid: 31 Paint : 510.
2026-04-15 17:49:39  Vol : URUS_PA2_PR0_INT_2025 Skid: 9 Calcul Vol : 555 Color: 4.
2026-04-15 17:49:39  ---------------------------
2026-04-15 17:52:17  URUS_BC_INT " Skid: 221 Paint : 524.
2026-04-15 18:02:33  URUS_BC_INT " Skid: 167 Paint : 492.
2026-04-15 18:07:28  URUS_BC_INT " Skid: 9 Paint : 443.
2026-04-15 18:11:42  Vol : HURACAN_PRIM_R13_INT Skid: 130 Calcul Vol : 315 Color: 2.
2026-04-15 18:11:42  ---------------------------
2026-04-15 18:12:26  URUS_PR_INT " Skid: 9 Paint : 501.
2026-04-15 18:29:51  Vol : HURACAN_BC0_R13_INT Skid: 120 Calcul Vol : 314 Color: 53.
2026-04-15 18:29:51  ---------------------------
2026-04-15 18:32:58  Vol : URUS_PA2_BC0_R13_INT_2026 Skid: 153 Calcul Vol : 570 Color: 34.
2026-04-15 18:32:58  ---------------------------
2026-04-15 18:38:43  Vol : URUS_PA2_PR0_INT_2025 Skid: 133 Calcul Vol : 563 Color: 3.
2026-04-15 18:38:43  ---------------------------
2026-04-15 18:38:59  TEMERARIO_PR_INT " Skid: 130 Paint : 264.
2026-04-15 18:44:28  Vol : URUS_PA2_BC0_R13_INT_2026 Skid: 212 Calcul Vol : 204 Color: 146.
2026-04-15 18:44:28  ---------------------------
2026-04-15 18:45:35  TEMERARIO_BC_INT " Skid: 153 Paint : 264.
2026-04-15 18:45:35 --- Trajectory INT --- 
2026-04-15 18:45:35  HURACAN_AP_BC0_INT " Skid: 153 Paint : 264.
2026-04-15 18:45:35 --- --- 
2026-04-15 18:51:15  URUS_BC_INT " Skid: 133 Paint : 517.
2026-04-15 18:53:52  Vol : URUS_PA2_BC0_R13_INT_2026 Skid: 161 Calcul Vol : 522 Color: 13.
2026-04-15 18:53:52  ---------------------------
2026-04-15 18:56:12  URUS_PR_INT " Skid: 133 Paint : 510.
2026-04-15 19:07:47  Vol : HURACAN_PRIM_R13_INT Skid: 74 Calcul Vol : 315 Color: 1.
2026-04-15 19:07:47  ---------------------------
2026-04-15 19:14:22  URUS_BC_INT " Skid: 161 Paint : 468.
2026-04-15 19:19:23  TEMERARIO_PR_INT " Skid: 74 Paint : 264.
2026-04-15 19:23:41  Vol : URUS_PA2_PR0_INT_2025 Skid: 85 Calcul Vol : 552 Color: 1.
2026-04-15 19:23:41  ---------------------------
2026-04-15 19:35:45  Vol : HURACAN_BC0_R13_INT Skid: 163 Calcul Vol : 301 Color: 5.
2026-04-15 19:35:45  ---------------------------
2026-04-15 19:37:49  URUS_PR_INT " Skid: 85 Paint : 498.
2026-04-15 19:49:00  Vol : URUS_PA2_BC0_R13_INT_2026 Skid: 9 Calcul Vol : 470 Color: 41.
2026-04-15 19:49:00  ---------------------------
2026-04-15 19:53:54  Vol : URUS_PA2_PR0_INT_2025 Skid: 80 Calcul Vol : 553 Color: 1.
2026-04-15 19:53:54  ---------------------------
2026-04-15 20:00:39  Vol : URUS_PA2_BC0_R13_INT_2026 Skid: 61 Calcul Vol : 568 Color: 29.
2026-04-15 20:00:39  ---------------------------
2026-04-15 20:05:30  URUS_BC_INT " Skid: 80 Paint : 417.
2026-04-15 20:05:37  Vol : URUS_PA2_BC0_HGL Skid: 152 Calcul Vol : 216 Color: 5.
2026-04-15 20:05:37  ---------------------------
2026-04-15 20:10:25  Vol : HURACAN_BC0_R13_INT Skid: 193 Calcul Vol : 292 Color: 15.
2026-04-15 20:10:25  ---------------------------
2026-04-15 20:10:29  URUS_PR_INT " Skid: 80 Paint : 498.
2026-04-15 20:15:52  Vol : URUS_PA2_PR0_INT_2025 Skid: 59 Calcul Vol : 553 Color: 1.
2026-04-15 20:15:52  ---------------------------
2026-04-15 20:17:12  URUS_BC_INT " Skid: 152 Paint : 514.
2026-04-15 20:20:22  URUS_PA2_R13_HGL_INT_EXT " Skid: 152 Paint : 514.
2026-04-15 20:31:11  Vol : URUS_PA2_BC0_R13_INT_2026 Skid: 133 Calcul Vol : 605 Color: 7.
2026-04-15 20:31:11  ---------------------------
2026-04-15 20:31:24  URUS_PR_INT " Skid: 59 Paint : 498.
2026-04-15 20:38:53  Vol : HURACAN_PRIM_R13_INT Skid: 139 Calcul Vol : 316 Color: 3.
2026-04-15 20:38:53  ---------------------------
2026-04-15 20:43:30  Vol : HURACAN_BC0_R13_INT Skid: 86 Calcul Vol : 292 Color: 21.
2026-04-15 20:43:30  ---------------------------
2026-04-15 20:49:09  Vol : HURACAN_BC0_R13_INT Skid: 74 Calcul Vol : 301 Color: 5.
2026-04-15 20:49:09  ---------------------------
2026-04-15 20:52:19  URUS_BC_INT " Skid: 139 Paint : 551.
2026-04-15 20:55:57  TEMERARIO_PR_INT " Skid: 139 Paint : 264.
2026-04-15 21:00:56  TEMERARIO_BC_INT " Skid: 86 Paint : 242.
2026-04-15 21:00:56 --- Trajectory INT --- 
2026-04-15 21:00:56  HURACAN_AP_BC0_INT " Skid: 86 Paint : 242.
2026-04-15 21:00:56 --- --- 
2026-04-15 21:10:30  Vol : URUS_PA2_BC0_R13_INT_2026 Skid: 85 Calcul Vol : 556 Color: 5.
2026-04-15 21:10:30  ---------------------------
2026-04-15 21:29:57  URUS_BC_INT " Skid: 85 Paint : 503.
2026-04-15 21:41:37  Vol : URUS_PA2_PR0_INT_2025 Skid: 50 Calcul Vol : 552 Color: 1.
2026-04-15 21:41:37  ---------------------------
2026-04-15 21:59:43  Vol : HURACAN_BC0_R13_BLACK_ROOF Skid: 120 Calcul Vol : 306 Color: 5.
2026-04-15 21:59:43  ---------------------------
2026-04-15 22:00:11  URUS_PR_INT " Skid: 50 Paint : 498.
2026-04-15 22:03:55  Vol : URUS_PA2_BC0_R13_INT_2026 Skid: 59 Calcul Vol : 556 Color: 5.
2026-04-15 22:03:55  ---------------------------
2026-04-15 22:12:04  Vol : URUS_PA2_BC0_R13_INT_2026 Skid: 80 Calcul Vol : 556 Color: 5.
2026-04-15 22:12:04  ---------------------------
2026-04-15 22:17:40  Vol : URUS_PA2_PR0_INT_2025 Skid: 150 Calcul Vol : 552 Color: 1.
2026-04-15 22:17:40  ---------------------------
2026-04-15 22:26:24  URUS_BC_INT " Skid: 80 Paint : 503.
2026-04-15 22:32:21  URUS_BC_INT " Skid: 80 Paint : 502.
2026-04-15 22:33:14  Vol : URUS_PA2_BC0_R13_INT_2026 Skid: 153 Calcul Vol : 537 Color: 35.
2026-04-15 22:33:14  ---------------------------
2026-04-15 22:38:02  Vol : HURACAN_PRIM_R13_INT Skid: 38 Calcul Vol : 315 Color: 1.
2026-04-15 22:38:02  ---------------------------
2026-04-15 22:39:17  URUS_PR_INT " Skid: 150 Paint : 498.
2026-04-15 22:56:36  URUS_BC_INT " Skid: 38 Paint : 484.
2026-04-15 22:59:53  Vol : URUS_PA2_PR0_INT_2025 Skid: 52 Calcul Vol : 552 Color: 1.
2026-04-15 22:59:53  ---------------------------
2026-04-15 23:00:14  TEMERARIO_PR_INT " Skid: 38 Paint : 264.
2026-04-15 23:11:30  Vol : URUS_PA2_BC0_R13_INT_2026 Skid: 152 Calcul Vol : 533 Color: 12.
2026-04-15 23:11:30  ---------------------------
2026-04-15 23:17:48  Vol : HURACAN_BC0_R13_INT Skid: 130 Calcul Vol : 339 Color: 31.
2026-04-15 23:17:48  ---------------------------
2026-04-15 23:19:30  URUS_PR_INT " Skid: 52 Paint : 498.
2026-04-15 23:25:03 --- Trajectory --- 
2026-04-15 23:25:03 Prog : URUS_PA2_PR0_INT_2025 & OPT_1 40960 Skid: 52 Paint : 0.
2026-04-15 23:25:03 ------ Trajectory Consuption URUS PA2PA2S REP INT PRIMER ------ 
2026-04-15 23:25:03  URUS_PA2_PR0_R13_INT REP " Skid: 52 Paint : 0.
2026-04-15 23:25:03 --------------   --------------   -------------- 
2026-04-15 23:33:57  Vol : URUS_PA2_PR0_INT_2025 Skid: 206 Calcul Vol : 552 Color: 1.
2026-04-15 23:33:57  ---------------------------
2026-04-15 23:34:21  URUS_BC_INT " Skid: 152 Paint : 478.
2026-04-15 23:38:48  Vol : URUS_PA2_BC0_R13_INT_2026 Skid: 50 Calcul Vol : 556 Color: 5.
2026-04-15 23:38:48  ---------------------------
2026-04-15 23:43:43  Vol : HURACAN_BC0_R13_BLACK_ROOF Skid: 193 Calcul Vol : 306 Color: 5.
2026-04-15 23:43:43  ---------------------------
2026-04-15 23:43:56  TEMERARIO_BC_INT " Skid: 130 Paint : 289.
2026-04-15 23:43:56 --- Trajectory INT --- 
2026-04-15 23:43:56  HURACAN_AP_BC0_INT " Skid: 130 Paint : 289.
2026-04-15 23:43:56 --- --- 
2026-04-15 23:51:03  URUS_PR_INT " Skid: 206 Paint : 498.
2026-04-15 23:51:56  Vol : URUS_PA2_BC0_R13_INT_2026 Skid: 9 Calcul Vol : 512 Color: 42.
2026-04-15 23:51:56  ---------------------------
2026-04-15 23:58:02  URUS_BC_INT " Skid: 50 Paint : 503.
2026-04-15 23:58:53  Vol : URUS_PA2_PR0_INT_2025 Skid: 208 Calcul Vol : 552 Color: 1.
2026-04-15 23:58:53  ---------------------------
2026-04-16 00:16:30  Vol : HURACAN_BC0_R13_INT Skid: 86 Calcul Vol : 315 Color: 22.
2026-04-16 00:16:30  ---------------------------
2026-04-16 00:16:40  URUS_BC_INT " Skid: 9 Paint : 459.
2026-04-16 00:23:07  URUS_PR_INT " Skid: 208 Paint : 498.
2026-04-16 00:25:09  Vol : URUS_PA2_PR0_INT_2025 Skid: 20 Calcul Vol : 563 Color: 3.
2026-04-16 00:25:09  ---------------------------
2026-04-16 00:36:39  TEMERARIO_BC_INT " Skid: 86 Paint : 265.
2026-04-16 00:36:39 --- Trajectory INT --- 
2026-04-16 00:36:39  HURACAN_AP_BC0_INT " Skid: 86 Paint : 265.
2026-04-16 00:36:39 --- --- 
2026-04-16 00:36:51  Vol : URUS_PA2_BC0_R13_INT_2026 Skid: 150 Calcul Vol : 693 Color: 145.
2026-04-16 00:36:51  ---------------------------
2026-04-16 00:43:00  Vol : HURACAN_BC0_R13_INT Skid: 38 Calcul Vol : 301 Color: 5.
2026-04-16 00:43:00  ---------------------------
2026-04-16 00:43:19  URUS_PR_INT " Skid: 20 Paint : 510.
2026-04-16 00:55:01  Vol : URUS_PA2_BC0_R13_INT_2026 Skid: 52 Calcul Vol : 548 Color: 8.
2026-04-16 00:55:01  ---------------------------
2026-04-16 00:56:23  URUS_BC_INT " Skid: 150 Paint : 639.
2026-04-16 01:25:13  Vol : HURACAN_PRIM_R13_INT Skid: 36 Calcul Vol : 315 Color: 3.
2026-04-16 01:25:13  ---------------------------
2026-04-16 01:31:53  URUS_BC_INT " Skid: 52 Paint : 493.
2026-04-16 01:41:36  TEMERARIO_PR_INT " Skid: 36 Paint : 264.
2026-04-16 01:44:47  Vol : URUS_PA2_PR0_INT_2025 Skid: 96 Calcul Vol : 553 Color: 1.
2026-04-16 01:44:47  ---------------------------
2026-04-16 01:54:32  Vol : URUS_PA2_BC0_R13_INT_2026 Skid: 206 Calcul Vol : 497 Color: 27.
2026-04-16 01:54:32  ---------------------------
2026-04-16 02:00:38  URUS_PR_INT " Skid: 96 Paint : 498.
2026-04-16 02:13:45  URUS_BC_INT " Skid: 206 Paint : 443.
2026-04-16 02:14:09  Vol : URUS_PA2_BC0_R13_INT_2026 Skid: 208 Calcul Vol : 536 Color: 10.
2026-04-16 02:14:09  ---------------------------
2026-04-16 02:28:33  Vol : HURACAN_PRIM_R13_INT Skid: 5 Calcul Vol : 315 Color: 1.
2026-04-16 02:28:33  ---------------------------
2026-04-16 02:33:24  Vol : URUS_PA2_BC0_R13_INT_2026 Skid: 20 Calcul Vol : 515 Color: 28.
2026-04-16 02:33:24  ---------------------------
2026-04-16 02:40:42  URUS_BC_INT " Skid: 5 Paint : 482.
2026-04-16 02:44:07  TEMERARIO_PR_INT " Skid: 5 Paint : 264.
2026-04-16 02:45:42  Vol : URUS_PA2_PR0_INT_2025 Skid: 235 Calcul Vol : 555 Color: 2.
2026-04-16 02:45:42  ---------------------------
2026-04-16 02:55:42  URUS_BC_INT " Skid: 20 Paint : 461.
2026-04-16 03:10:27  Vol : HURACAN_BC0_R13_INT Skid: 139 Calcul Vol : 364 Color: 17.
2026-04-16 03:10:27  ---------------------------
2026-04-16 03:15:25  Vol : HURACAN_PRIM_R13_INT Skid: 57 Calcul Vol : 316 Color: 2.
2026-04-16 03:15:25  ---------------------------
2026-04-16 03:18:55  URUS_PR_INT " Skid: 235 Paint : 501.
2026-04-16 03:32:46  TEMERARIO_BC_INT " Skid: 57 Paint : 315.
2026-04-16 03:32:46 --- Trajectory INT --- 
2026-04-16 03:32:46  HURACAN_AP_BC0_INT " Skid: 57 Paint : 315.
2026-04-16 03:32:46 --- --- 
2026-04-16 03:33:19  Vol : URUS_PA2_PR0_INT_2025 Skid: 24 Calcul Vol : 552 Color: 1.
2026-04-16 03:33:19  ---------------------------
2026-04-16 03:36:33  TEMERARIO_PR_INT " Skid: 57 Paint : 264.
2026-04-16 03:39:44  Vol : URUS_PA2_BC0_R13_INT_2026 Skid: 96 Calcul Vol : 548 Color: 8.
2026-04-16 03:39:44  ---------------------------
2026-04-16 03:44:32  Vol : HURACAN_PRIM_R13_INT Skid: 168 Calcul Vol : 316 Color: 3.
2026-04-16 03:44:32  ---------------------------
2026-04-16 03:50:27  URUS_PR_INT " Skid: 24 Paint : 498.
2026-04-16 03:58:57  URUS_BC_INT " Skid: 168 Paint : 493.
2026-04-16 03:59:59  Vol : URUS_PA2_PR0_INT_2025 Skid: 167 Calcul Vol : 552 Color: 1.
2026-04-16 03:59:59  ---------------------------
2026-04-16 04:02:34  TEMERARIO_PR_INT " Skid: 168 Paint : 264.
2026-04-16 04:18:03  URUS_PR_INT " Skid: 167 Paint : 498.
2026-04-16 04:24:30  Vol : URUS_PA2_BC0_R13_INT_2026 Skid: 150 Calcul Vol : 614 Color: 146.
2026-04-16 04:24:30  ---------------------------
2026-04-16 05:39:07 --- Trajectory EXT --- 
2026-04-16 05:39:07  URUS_PA2_PR0_R12_EXT1 " Skid: 16767 Paint : 276.
2026-04-16 05:40:50  URUS_PA2_PR0_R12_EXT2 " Skid: 16767 Paint : 276.
2026-04-16 05:40:50 ---   --- 
2026-04-16 06:04:22  Vol : HURACAN_PRIM_R13_INT Skid: 31 Calcul Vol : 315 Color: 3.
2026-04-16 06:04:22  ---------------------------
2026-04-16 06:10:10  Vol : HURACAN_BC0_R13_INT Skid: 5 Calcul Vol : 301 Color: 5.
2026-04-16 06:10:10  ---------------------------
2026-04-16 06:16:51  URUS_BC_INT " Skid: 31 Paint : 561.
2026-04-16 06:20:29  TEMERARIO_PR_INT " Skid: 31 Paint : 264.
2026-04-16 06:27:29  Vol : URUS_PA2_BC0_R13_INT_2026 Skid: 235 Calcul Vol : 599 Color: 89.
2026-04-16 06:27:29  ---------------------------
2026-04-16 06:32:09  Vol : URUS_PA2_PR0_INT_2025 Skid: 204 Calcul Vol : 563 Color: 3.
2026-04-16 06:32:09  ---------------------------
2026-04-16 06:36:39  Vol : URUS_PA2_BC0_HGL Skid: 24 Calcul Vol : 216 Color: 5.
2026-04-16 06:36:39  ---------------------------
2026-04-16 06:48:53  URUS_PR_INT " Skid: 204 Paint : 510.
2026-04-16 06:51:06  Vol : HURACAN_PRIM_R13_INT Skid: 138 Calcul Vol : 315 Color: 3.
2026-04-16 06:51:06  ---------------------------
2026-04-16 06:56:15  Vol : URUS_PA2_BC0_R13_INT_2026 Skid: 235 Calcul Vol : 598 Color: 89.
2026-04-16 06:56:15  ---------------------------
2026-04-16 07:06:36  Vol : URUS_PA2_BC0_HGL Skid: 24 Calcul Vol : 216 Color: 5.
2026-04-16 07:06:36  ---------------------------
2026-04-16 07:06:47  TEMERARIO_PR_INT " Skid: 138 Paint : 264.
2026-04-16 07:16:10  Vol : URUS_PA2_PR0_INT_2025 Skid: 49 Calcul Vol : 552 Color: 1.
2026-04-16 07:16:10  ---------------------------
2026-04-16 07:27:13  Vol : URUS_PA2_BC0_R13_INT_2026 Skid: 235 Calcul Vol : 598 Color: 89.
2026-04-16 07:27:13  ---------------------------
2026-04-16 07:30:49  URUS_PR_INT " Skid: 49 Paint : 498.
2026-04-16 07:33:16  Vol : HURACAN_PRIM_R13_INT Skid: 210 Calcul Vol : 316 Color: 2.
2026-04-16 07:33:16  ---------------------------
2026-04-16 07:38:10  Vol : URUS_PA2_BC0_HGL Skid: 24 Calcul Vol : 216 Color: 5.
2026-04-16 07:38:10  ---------------------------
2026-04-16 07:49:39  TEMERARIO_PR_INT " Skid: 24 Paint : 259.
2026-04-16 07:51:56  Vol : URUS_PA2_BC0_R13_INT_2026 Skid: 235 Calcul Vol : 598 Color: 89.
2026-04-16 07:51:56  ---------------------------
2026-04-16 07:52:54  URUS_PA2_R13_HGL_INT_EXT " Skid: 24 Paint : 259.
2026-04-16 08:10:59  Vol : URUS_PA2_PR0_INT_2025 Skid: 202 Calcul Vol : 555 Color: 2.
2026-04-16 08:10:59  ---------------------------
2026-04-16 08:26:56  Vol : URUS_PA2_BC0_R13_INT_2026 Skid: 167 Calcul Vol : 504 Color: 11.
2026-04-16 08:26:56  ---------------------------
2026-04-16 08:30:38  URUS_PR_INT " Skid: 202 Paint : 501.
2026-04-16 08:31:20  Vol : HURACAN_PRIM_R13_INT Skid: 103 Calcul Vol : 311 Color: 1.
2026-04-16 08:31:20  ---------------------------
2026-04-16 08:39:35  Vol : URUS_PA2_BC0_R13_INT_2026 Skid: 235 Calcul Vol : 599 Color: 89.
2026-04-16 08:39:35  ---------------------------
2026-04-16 08:42:06  Vol : URUS_PA2_BC0_R13_INT_2026 Skid: 20 Calcul Vol : 567 Color: 29.
2026-04-16 08:42:06  ---------------------------
2026-04-16 08:42:53  URUS_BC_INT " Skid: 103 Paint : 451.
2026-04-16 08:46:30  TEMERARIO_PR_INT " Skid: 103 Paint : 264.
2026-04-16 08:52:25  URUS_BC_INT " Skid: 235 Paint : 545.
2026-04-16 08:56:18  Vol : HURACAN_BC0_R13_INT Skid: 168 Calcul Vol : 345 Color: 28.
2026-04-16 08:56:18  ---------------------------
2026-04-16 08:58:20  URUS_BC_INT " Skid: 20 Paint : 514.
2026-04-16 09:00:48  Vol : URUS_PA2_BC0_R13_INT_2026 Skid: 204 Calcul Vol : 553 Color: 52.
2026-04-16 09:00:48  ---------------------------
2026-04-16 09:05:18  Vol : URUS_PA2_PR0_INT_2025 Skid: 203 Calcul Vol : 564 Color: 3.
2026-04-16 09:05:18  ---------------------------
2026-04-16 09:11:04  Vol : URUS_PA2_BC0_R13_INT_2026 Skid: 49 Calcul Vol : 548 Color: 8.
2026-04-16 09:11:04  ---------------------------
2026-04-16 09:11:22  TEMERARIO_BC_INT " Skid: 168 Paint : 295.
2026-04-16 09:11:22 --- Trajectory INT --- 
2026-04-16 09:11:22  HURACAN_AP_BC0_INT " Skid: 168 Paint : 295.
2026-04-16 09:11:22 --- --- 
2026-04-16 09:15:52  Vol : HURACAN_BC0_R13_INT Skid: 138 Calcul Vol : 335 Color: 6.
2026-04-16 09:15:52  ---------------------------
2026-04-16 09:18:06  URUS_BC_INT " Skid: 203 Paint : 498.
2026-04-16 09:20:34  Vol : URUS_PA2_PR0_INT_2025 Skid: 197 Calcul Vol : 563 Color: 3.
2026-04-16 09:20:34  ---------------------------
2026-04-16 09:23:40  URUS_PR_INT " Skid: 49 Paint : 510.
2026-04-16 09:26:49  Default Volume : HURACAN_SP_BC0_R13_INT Skid: 220.
2026-04-16 09:26:50  Vol : HURACAN_SP_BC0_R13_INT Skid: 220 Calcul Vol : 640 Color: 8.
2026-04-16 09:26:50  ---------------------------
2026-04-16 09:28:37  URUS_BC_INT " Skid: 138 Paint : 493.
2026-04-16 09:39:32  Vol : URUS_PA2_PR0_INT_2025 Skid: 61 Calcul Vol : 552 Color: 1.
2026-04-16 09:39:32  ---------------------------
2026-04-16 09:49:20  URUS_PR_INT " Skid: 220 Paint : 510.
2026-04-16 09:54:14  TEMERARIO_PR_INT " Skid: 220 Paint : 295.
2026-04-16 09:54:48  Vol : HURACAN_PRIM_R13_INT Skid: 12 Calcul Vol : 315 Color: 2.
2026-04-16 09:54:48  ---------------------------
2026-04-16 09:59:45  Vol : URUS_PA2_BC0_R13_INT_2026 Skid: 202 Calcul Vol : 511 Color: 39.
2026-04-16 09:59:45  ---------------------------
2026-04-16 10:03:41  URUS_PR_INT " Skid: 61 Paint : 497.
2026-04-16 10:14:30  Vol : HURACAN_PRIM_R13_INT Skid: 221 Calcul Vol : 316 Color: 3.
2026-04-16 10:14:30  ---------------------------
2026-04-16 10:14:33  TEMERARIO_PR_INT " Skid: 12 Paint : 262.
2026-04-16 10:23:09  URUS_BC_INT " Skid: 221 Paint : 457.
2026-04-16 10:24:30  File Access Error
2026-04-16 10:24:31  Vol : URUS_PA2_BC0_R13_INT_2026 Skid: 212 Calcul Vol : 650 Color: 19.
2026-04-16 10:24:31  ---------------------------
2026-04-16 10:26:59  TEMERARIO_PR_INT " Skid: 221 Paint : 264.
2026-04-16 10:42:55  Vol : URUS_PA2_PR0_INT_2025 Skid: 146 Calcul Vol : 552 Color: 1.
2026-04-16 10:42:55  ---------------------------
2026-04-16 10:58:41  URUS_PR_INT " Skid: 146 Paint : 498.
2026-04-16 11:12:19  Vol : URUS_PA2_BC0_R13_INT_2026 Skid: 203 Calcul Vol : 605 Color: 7.
2026-04-16 11:12:19  ---------------------------
2026-04-16 11:16:49  Vol : URUS_PA2_BC0_R13_INT_2026 Skid: 24 Calcul Vol : 521 Color: 15.
2026-04-16 11:16:49  ---------------------------
2026-04-16 11:21:25  Vol : URUS_PA2_PR0_INT_2025 Skid: 79 Calcul Vol : 552 Color: 1.
2026-04-16 11:21:25  ---------------------------
2026-04-16 11:28:32  URUS_BC_INT " Skid: 24 Paint : 551.
2026-04-16 11:29:17  Vol : HURACAN_PRIM_R13_INT Skid: 14 Calcul Vol : 316 Color: 3.
2026-04-16 11:29:17  ---------------------------
2026-04-16 11:33:15  URUS_BC_INT " Skid: 79 Paint : 467.
2026-04-16 11:38:16  URUS_PR_INT " Skid: 14 Paint : 498.
2026-04-16 11:39:56  Vol : URUS_PA2_BC0_R13_INT_2026 Skid: 61 Calcul Vol : 556 Color: 5.
2026-04-16 11:39:56  ---------------------------
2026-04-16 11:41:55  TEMERARIO_PR_INT " Skid: 14 Paint : 263.
2026-04-16 11:46:27  Vol : URUS_PA2_BC0_HGL Skid: 197 Calcul Vol : 216 Color: 5.
2026-04-16 11:46:27  ---------------------------
2026-04-16 11:55:36  URUS_BC_INT " Skid: 61 Paint : 503.
2026-04-16 11:59:39  Vol : URUS_PA2_PR0_INT_2025 Skid: 80 Calcul Vol : 563 Color: 3.
2026-04-16 11:59:39  ---------------------------
2026-04-16 11:59:56  URUS_PA2_R13_HGL_INT_EXT " Skid: 197 Paint : 503.
2026-04-16 12:05:57  Vol : HURACAN_BC0_R13_INT Skid: 103 Calcul Vol : 299 Color: 66.
2026-04-16 12:05:57  ---------------------------
2026-04-16 12:14:19  URUS_PR_INT " Skid: 80 Paint : 510.
2026-04-16 12:15:01  Vol : URUS_PA2_BC0_R13_INT_2026 Skid: 204 Calcul Vol : 527 Color: 53.
2026-04-16 12:15:01  ---------------------------
2026-04-16 12:19:47  Vol : HURACAN_PRIM_R13_INT Skid: 148 Calcul Vol : 315 Color: 1.
2026-04-16 12:19:47  ---------------------------
2026-04-16 12:20:38  TEMERARIO_BC_INT " Skid: 103 Paint : 249.
2026-04-16 12:20:38 --- Trajectory INT --- 
2026-04-16 12:20:38  HURACAN_AP_BC0_INT " Skid: 103 Paint : 249.
2026-04-16 12:20:38 --- --- 
2026-04-16 12:26:23  Vol : HURACAN_BC0_R13_INT Skid: 168 Calcul Vol : 291 Color: 29.
2026-04-16 12:26:23  ---------------------------
2026-04-16 12:44:17  URUS_BC_INT " Skid: 148 Paint : 472.
2026-04-16 12:45:50  Vol : HURACAN_BC0_R13_INT Skid: 221 Calcul Vol : 349 Color: 7.
2026-04-16 12:45:50  ---------------------------
2026-04-16 12:47:54  TEMERARIO_PR_INT " Skid: 168 Paint : 264.
2026-04-16 12:49:56  Vol : URUS_PA2_PR0_INT_2025 Skid: 59 Calcul Vol : 552 Color: 1.
2026-04-16 12:49:56  ---------------------------
2026-04-16 12:53:06  TEMERARIO_BC_INT " Skid: 168 Paint : 240.
2026-04-16 12:53:06 --- Trajectory INT --- 
2026-04-16 12:53:06  HURACAN_AP_BC0_INT " Skid: 168 Paint : 240.
2026-04-16 12:53:06 --- --- 
2026-04-16 12:54:30  Vol : URUS_PA2_BC0_R13_INT_2026 Skid: 146 Calcul Vol : 563 Color: 65.
2026-04-16 12:54:30  ---------------------------
2026-04-16 13:07:57  URUS_PR_INT " Skid: 59 Paint : 498.
2026-04-16 13:12:10  Vol : HURACAN_BC0_R13_INT Skid: 139 Calcul Vol : 310 Color: 18.
2026-04-16 13:12:10  ---------------------------
2026-04-16 13:16:11  URUS_BC_INT " Skid: 146 Paint : 509.
2026-04-16 13:16:19  Vol : URUS_PA2_PR0_INT_2025 Skid: 116 Calcul Vol : 552 Color: 1.
2026-04-16 13:16:19  ---------------------------
2026-04-16 13:20:49  Vol : URUS_PA2_BC0_R13_INT_2026 Skid: 96 Calcul Vol : 548 Color: 8.
2026-04-16 13:20:49  ---------------------------
2026-04-16 13:39:44  Vol : URUS_PA2_BC0_R13_INT_2026 Skid: 79 Calcul Vol : 548 Color: 8.
2026-04-16 13:39:44  ---------------------------
2026-04-16 13:42:40  TEMERARIO_BC_INT " Skid: 116 Paint : 260.
2026-04-16 13:42:40 --- Trajectory INT --- 
2026-04-16 13:42:40  HURACAN_AP_BC0_INT " Skid: 116 Paint : 260.
2026-04-16 13:42:40 --- --- 
2026-04-16 13:47:34  URUS_PR_INT " Skid: 96 Paint : 498.
2026-04-16 13:54:19  URUS_BC_INT " Skid: 79 Paint : 492.
2026-04-16 13:59:14  URUS_BC_INT " Skid: 79 Paint : 493.
2026-04-16 14:00:18  Vol : URUS_PA2_BC0_R13_INT_2026 Skid: 80 Calcul Vol : 570 Color: 34.
2026-04-16 14:00:18  ---------------------------
2026-04-16 14:20:16  URUS_BC_INT " Skid: 80 Paint : 517.
2026-04-16 14:24:00  Vol : HURACAN_PRIM_R13_INT Skid: 152 Calcul Vol : 316 Color: 1.
2026-04-16 14:24:00  ---------------------------
2026-04-16 14:35:00  Vol : HURACAN_BC0_R13_INT Skid: 148 Calcul Vol : 301 Color: 5.
2026-04-16 14:35:00  ---------------------------
2026-04-16 14:58:42  Vol : URUS_PA2_PR0_INT_2025 Skid: 193 Calcul Vol : 563 Color: 3.
2026-04-16 14:58:42  ---------------------------
2026-04-16 15:31:50  TEMERARIO_PR_INT " Skid: 148 Paint : 264.
2026-04-16 15:36:25  Vol : URUS_PA2_BC0_R13_INT_2026 Skid: 59 Calcul Vol : 556 Color: 5.
2026-04-16 15:36:25  ---------------------------
2026-04-16 15:46:04  Vol : HURACAN_BC0_R13_INT Skid: 14 Calcul Vol : 288 Color: 21.
2026-04-16 15:46:04  ---------------------------
2026-04-16 15:47:51  URUS_PR_INT " Skid: 59 Paint : 509.
2026-04-16 15:50:55  Vol : URUS_PA2_PR0_INT_2025 Skid: 245 Calcul Vol : 563 Color: 3.
2026-04-16 15:50:55  ---------------------------
2026-04-16 15:53:22  URUS_BC_INT " Skid: 59 Paint : 500.
2026-04-16 15:55:46  Vol : HURACAN_PRIM_R13_INT Skid: 163 Calcul Vol : 315 Color: 1.
2026-04-16 15:55:46  ---------------------------
2026-04-16 16:00:47  Vol : URUS_PA2_BC0_HGL Skid: 116 Calcul Vol : 216 Color: 5.
2026-04-16 16:00:47  ---------------------------
2026-04-16 16:01:30  TEMERARIO_BC_INT " Skid: 14 Paint : 238.
2026-04-16 16:01:30 --- Trajectory INT --- 
2026-04-16 16:01:30  HURACAN_AP_CFK_BC0_INT " Skid: 14 Paint : 238.
2026-04-16 16:01:30 --- --- 
2026-04-16 16:05:44  Vol : URUS_PA2_PR0_INT_2025 Skid: 85 Calcul Vol : 550 Color: 1.
2026-04-16 16:05:44  ---------------------------
2026-04-16 16:07:29  URUS_PR_INT " Skid: 163 Paint : 509.
2026-04-16 16:11:08  TEMERARIO_PR_INT " Skid: 116 Paint : 264.
2026-04-16 16:14:45  URUS_PA2_R13_HGL_INT_EXT " Skid: 85 Paint : 264.
2026-04-16 16:20:36  URUS_PR_INT " Skid: 85 Paint : 498.
2026-04-16 16:23:24  Vol : URUS_PA2_PR0_INT_2025 Skid: 74 Calcul Vol : 552 Color: 1.
2026-04-16 16:23:24  ---------------------------
2026-04-16 16:31:27  Vol : HURACAN_BC0_R13_BLACK_ROOF Skid: 103 Calcul Vol : 303 Color: 5.
2026-04-16 16:31:27  ---------------------------
2026-04-16 16:34:39  Vol : HURACAN_BC0_R13_INT Skid: 12 Calcul Vol : 341 Color: 134.
2026-04-16 16:34:39  ---------------------------
2026-04-16 16:37:27  URUS_PR_INT " Skid: 74 Paint : 498.
2026-04-16 16:56:21  Vol : HURACAN_PRIM_R13_INT Skid: 38 Calcul Vol : 315 Color: 3.
2026-04-16 16:56:21  ---------------------------
2026-04-16 17:12:44  TEMERARIO_PR_INT " Skid: 38 Paint : 264.
2026-04-16 17:14:13  Vol : URUS_PA2_BC0_R13_INT_2026 Skid: 197 Calcul Vol : 631 Color: 17.
2026-04-16 17:14:13  ---------------------------
2026-04-16 17:18:52  Vol : HURACAN_BC0_R13_INT Skid: 152 Calcul Vol : 299 Color: 8.
2026-04-16 17:18:52  ---------------------------
2026-04-16 17:23:30  File Access Error
2026-04-16 17:23:31  Vol : URUS_PA2_BC0_R13_INT_2026 Skid: 244 Calcul Vol : 17650 Color: 20.
2026-04-16 17:23:31  ---------------------------
2026-04-16 17:29:39  URUS_BC_INT " Skid: 197 Paint : 578.
2026-04-16 17:33:59  Vol : URUS_PA2_BC0_R13_INT_2026 Skid: 193 Calcul Vol : 577 Color: 6.
2026-04-16 17:33:59  ---------------------------
2026-04-16 17:39:11  Default Volume : TEM_PR_R13_RACING_INT Skid: 133.
2026-04-16 17:39:13  Vol : TEM_PR_R13_RACING_INT Skid: 133 Calcul Vol : 640 Color: 2.
2026-04-16 17:39:13  ---------------------------
2026-04-16 17:41:25  URUS_BC_INT " Skid: 244 Paint : 374.
2026-04-16 17:53:28  Vol : URUS_PA2_PR0_INT_2025 Skid: 120 Calcul Vol : 563 Color: 3.
2026-04-16 17:53:28  ---------------------------
2026-04-16 17:53:49  URUS_BC_INT " Skid: 133 Paint : 524.
2026-04-16 17:59:43 --- Trajectory INT --- 
2026-04-16 17:59:43  HURACAN_PRIM_INT " Skid: 133 Paint : 574.
2026-04-16 17:59:43 --- --- --- --- 
2026-04-16 18:05:10  Vol : URUS_PA2_BC0_R13_INT_2026 Skid: 245 Calcul Vol : 632 Color: 17.
2026-04-16 18:05:10  ---------------------------
2026-04-16 18:07:51  URUS_PR_INT " Skid: 120 Paint : 510.
2026-04-16 18:19:52  Vol : URUS_PA2_PR0_INT_2025 Skid: 230 Calcul Vol : 555 Color: 4.
2026-04-16 18:19:52  ---------------------------
2026-04-16 18:29:26  Vol : URUS_PA2_BC0_R13_INT_2026 Skid: 80 Calcul Vol : 537 Color: 35.
2026-04-16 18:29:26  ---------------------------
2026-04-16 18:35:35  Vol : URUS_PA2_BC0_R13_INT_2026 Skid: 85 Calcul Vol : 547 Color: 8.
2026-04-16 18:35:35  ---------------------------
2026-04-16 18:40:31  URUS_BC_INT " Skid: 245 Paint : 578.
2026-04-16 18:41:08  Vol : HURACAN_PRIM_R13_INT Skid: 81 Calcul Vol : 315 Color: 1.
2026-04-16 18:41:08  ---------------------------
2026-04-16 18:49:39  URUS_PR_INT " Skid: 80 Paint : 500.
2026-04-16 18:54:35  URUS_BC_INT " Skid: 85 Paint : 483.
2026-04-16 18:59:29  URUS_BC_INT " Skid: 81 Paint : 493.
2026-04-16 19:03:39  TEMERARIO_PR_INT " Skid: 81 Paint : 266.
2026-04-16 19:13:15  Vol : HURACAN_BC0_R13_INT Skid: 163 Calcul Vol : 366 Color: 27.
2026-04-16 19:13:15  ---------------------------
2026-04-16 19:18:09  Vol : URUS_PA2_PR0_INT_2025 Skid: 166 Calcul Vol : 563 Color: 3.
2026-04-16 19:18:09  ---------------------------
2026-04-16 19:23:12  Vol : URUS_PA2_BC0_R13_INT_2026 Skid: 74 Calcul Vol : 624 Color: 102.
2026-04-16 19:23:12  ---------------------------
2026-04-16 19:29:35  Vol : URUS_PA2_BC0_R13_INT_2026 Skid: 116 Calcul Vol : 496 Color: 27.
2026-04-16 19:29:35  ---------------------------
2026-04-16 19:30:21  TEMERARIO_BC_INT " Skid: 163 Paint : 317.
2026-04-16 19:30:21 --- Trajectory INT --- 
2026-04-16 19:30:21  HURACAN_AP_BC0_INT " Skid: 163 Paint : 317.
2026-04-16 19:30:21 --- --- 
2026-04-16 19:36:58  URUS_PR_INT " Skid: 74 Paint : 509.
2026-04-16 19:41:56  URUS_BC_INT " Skid: 74 Paint : 570.
2026-04-16 19:51:36  URUS_BC_INT " Skid: 116 Paint : 443.
2026-04-16 19:57:59  Vol : URUS_PA2_PR0_INT_2025 Skid: 5 Calcul Vol : 552 Color: 1.
2026-04-16 19:57:59  ---------------------------
2026-04-16 20:01:21  Vol : HURACAN_BC0_R13_INT Skid: 38 Calcul Vol : 335 Color: 6.
2026-04-16 20:01:21  ---------------------------
2026-04-16 20:06:15  Vol : HURACAN_BC0_R13_INT Skid: 14 Calcul Vol : 311 Color: 22.
2026-04-16 20:06:15  ---------------------------
2026-04-16 20:10:49  Vol : URUS_PA2_BC0_R13_INT_2026 Skid: 120 Calcul Vol : 532 Color: 12.
2026-04-16 20:10:49  ---------------------------
2026-04-16 20:12:09  URUS_PR_INT " Skid: 5 Paint : 498.
2026-04-16 20:16:13  Vol : HURACAN_PRIM_R13_INT Skid: 50 Calcul Vol : 317 Color: 3.
2026-04-16 20:16:13  ---------------------------
2026-04-16 20:27:18  Vol : URUS_PA2_PR0_INT_2025 Skid: 138 Calcul Vol : 555 Color: 2.
2026-04-16 20:27:18  ---------------------------
2026-04-16 20:30:34  TEMERARIO_BC_INT " Skid: 120 Paint : 261.
2026-04-16 20:30:34 --- Trajectory INT --- 
2026-04-16 20:30:34  HURACAN_AP_CFK_BC0_INT " Skid: 120 Paint : 261.
2026-04-16 20:30:34 --- --- 
2026-04-16 20:30:39  Vol : URUS_PA2_BC0_R13_INT_2026 Skid: 230 Calcul Vol : 470 Color: 41.
2026-04-16 20:30:39  ---------------------------
2026-04-16 20:35:18  URUS_BC_INT " Skid: 50 Paint : 479.
2026-04-16 20:35:30  Vol : URUS_PA2_PR0_INT_2025 Skid: 52 Calcul Vol : 563 Color: 3.
2026-04-16 20:35:30  ---------------------------
2026-04-16 20:39:05  TEMERARIO_PR_INT " Skid: 138 Paint : 263.
2026-04-16 20:45:05  URUS_PR_INT " Skid: 230 Paint : 500.
2026-04-16 20:50:01  URUS_BC_INT " Skid: 52 Paint : 416.
2026-04-16 20:54:59  URUS_PR_INT " Skid: 52 Paint : 509.
2026-04-16 21:39:22  Vol : URUS_PA2_BC0_R13_INT_2026 Skid: 197 Calcul Vol : 561 Color: 18.
2026-04-16 21:39:22  ---------------------------
2026-04-16 21:44:19  Vol : HURACAN_PRIM_R13_INT Skid: 36 Calcul Vol : 316 Color: 2.
2026-04-16 21:44:19  ---------------------------
2026-04-16 21:54:07  Vol : URUS_PA2_BC0_R13_INT_2026 Skid: 166 Calcul Vol : 533 Color: 12.
2026-04-16 21:54:07  ---------------------------
2026-04-16 21:59:26  Vol : URUS_PA2_BC0_R13_INT_2026 Skid: 5 Calcul Vol : 624 Color: 97.
2026-04-16 21:59:26  ---------------------------
2026-04-16 22:01:05  URUS_BC_INT " Skid: 36 Paint : 507.
2026-04-16 22:04:43  TEMERARIO_PR_INT " Skid: 36 Paint : 264.
2026-04-16 22:11:11  Vol : URUS_PA2_PR0_INT_2025 Skid: 68 Calcul Vol : 552 Color: 1.
2026-04-16 22:11:11  ---------------------------
2026-04-16 22:18:32  Vol : URUS_PA2_BC0_R13_INT_2026 Skid: 245 Calcul Vol : 561 Color: 18.
2026-04-16 22:18:32  ---------------------------
2026-04-16 22:32:42  URUS_BC_INT " Skid: 5 Paint : 479.
2026-04-16 22:32:57  Vol : HURACAN_BC0_R13_INT Skid: 50 Calcul Vol : 349 Color: 7.
2026-04-16 22:32:57  ---------------------------
2026-04-16 22:37:36  URUS_BC_INT " Skid: 68 Paint : 569.
2026-04-16 23:01:27  Vol : URUS_PA2_BC0_R13_INT_2026 Skid: 138 Calcul Vol : 517 Color: 9.
2026-04-16 23:01:27  ---------------------------
2026-04-16 23:05:56  URUS_PR_INT " Skid: 245 Paint : 497.
2026-04-16 23:07:03  Vol : URUS_PA2_PR0_INT_2025 Skid: 208 Calcul Vol : 563 Color: 3.
2026-04-16 23:07:03  ---------------------------
2026-04-16 23:11:07  URUS_BC_INT " Skid: 245 Paint : 507.
2026-04-16 23:14:19  Vol : HURACAN_BC0_R13_INT Skid: 81 Calcul Vol : 325 Color: 65.
2026-04-16 23:14:19  ---------------------------
2026-04-16 23:24:12  URUS_BC_INT " Skid: 208 Paint : 463.
2026-04-16 23:29:37  URUS_PR_INT " Skid: 81 Paint : 510.
2026-04-16 23:32:28  Vol : URUS_PA2_BC0_R13_INT_2026 Skid: 52 Calcul Vol : 479 Color: 98.
2026-04-16 23:32:28  ---------------------------
2026-04-16 23:33:37  TEMERARIO_BC_INT " Skid: 81 Paint : 275.
2026-04-16 23:33:37 --- Trajectory INT --- 
2026-04-16 23:33:37  HURACAN_AP_BC0_INT " Skid: 81 Paint : 275.
2026-04-16 23:33:37 --- --- 
2026-04-16 23:37:16  Vol : URUS_PA2_PR0_INT_2025 Skid: 20 Calcul Vol : 563 Color: 3.
2026-04-16 23:37:16  ---------------------------
2026-04-16 23:48:41  Vol : HURACAN_PRIM_R13_INT Skid: 161 Calcul Vol : 315 Color: 3.
2026-04-16 23:48:41  ---------------------------
2026-04-16 23:49:41  URUS_BC_INT " Skid: 52 Paint : 426.
2026-04-16 23:54:20  Vol : URUS_PA2_BC0_R13_INT_2026 Skid: 230 Calcul Vol : 512 Color: 42.
2026-04-16 23:54:20  ---------------------------
2026-04-16 23:55:15  URUS_PR_INT " Skid: 20 Paint : 509.
2026-04-16 23:59:26  Vol : URUS_PA2_PR0_INT_2025 Skid: 202 Calcul Vol : 563 Color: 3.
2026-04-16 23:59:26  ---------------------------
2026-04-17 00:03:41  TEMERARIO_PR_INT " Skid: 161 Paint : 264.
2026-04-17 00:13:50  URUS_BC_INT " Skid: 230 Paint : 459.
2026-04-17 00:15:15  Vol : HURACAN_BC0_R13_INT Skid: 36 Calcul Vol : 339 Color: 31.
2026-04-17 00:15:15  ---------------------------
2026-04-17 00:19:48  URUS_PR_INT " Skid: 202 Paint : 509.
2026-04-17 00:20:06  Vol : URUS_PA2_PR0_INT_2025 Skid: 206 Calcul Vol : 555 Color: 2.
2026-04-17 00:20:06  ---------------------------
2026-04-17 00:34:01  Vol : HURACAN_PRIM_R13_INT Skid: 49 Calcul Vol : 315 Color: 2.
2026-04-17 00:34:01  ---------------------------
2026-04-17 00:34:44  TEMERARIO_BC_INT " Skid: 36 Paint : 289.
2026-04-17 00:34:44 --- Trajectory INT --- 
2026-04-17 00:34:44  HURACAN_AP_BC0_INT " Skid: 36 Paint : 289.
2026-04-17 00:34:44 --- --- 
2026-04-17 00:41:43  URUS_PR_INT " Skid: 206 Paint : 501.
2026-04-17 00:47:55  Vol : URUS_PA2_BC0_R13_INT_2026 Skid: 68 Calcul Vol : 556 Color: 5.
2026-04-17 00:47:55  ---------------------------
2026-04-17 00:50:27  TEMERARIO_PR_INT " Skid: 49 Paint : 264.
2026-04-17 00:59:46  Vol : URUS_PA2_BC0_R13_INT_2026 Skid: 208 Calcul Vol : 678 Color: 78.
2026-04-17 00:59:46  ---------------------------
2026-04-17 01:28:48  URUS_BC_INT " Skid: 68 Paint : 502.
2026-04-17 01:29:23  Vol : URUS_PA2_PR0_INT_2025 Skid: 66 Calcul Vol : 552 Color: 1.
2026-04-17 01:29:23  ---------------------------
2026-04-17 01:43:17  Vol : URUS_PA2_BC0_R13_INT_2026 Skid: 20 Calcul Vol : 604 Color: 7.
2026-04-17 01:43:17  ---------------------------
2026-04-17 01:50:58  URUS_BC_INT " Skid: 66 Paint : 624.
2026-04-17 01:55:05  Vol : HURACAN_PRIM_R13_INT Skid: 57 Calcul Vol : 316 Color: 1.
2026-04-17 01:55:05  ---------------------------
2026-04-17 01:55:55  URUS_PR_INT " Skid: 66 Paint : 498.
2026-04-17 02:05:29  URUS_BC_INT " Skid: 20 Paint : 551.
2026-04-17 02:10:01  TEMERARIO_PR_INT " Skid: 57 Paint : 264.
2026-04-17 02:11:12  Vol : URUS_PA2_BC0_HGL Skid: 202 Calcul Vol : 216 Color: 5.
2026-04-17 02:11:12  ---------------------------
2026-04-17 02:15:42  Vol : URUS_PA2_BC0_R13_INT_2026 Skid: 206 Calcul Vol : 517 Color: 9.
2026-04-17 02:15:42  ---------------------------
2026-04-17 02:21:17  URUS_PA2_R13_HGL_INT_EXT " Skid: 202 Paint : 264.
2026-04-17 02:21:39  Vol : HURACAN_PRIM_R13_INT Skid: 133 Calcul Vol : 315 Color: 2.
2026-04-17 02:21:39  ---------------------------
2026-04-17 02:33:46  URUS_BC_INT " Skid: 133 Paint : 463.
2026-04-17 02:37:23  TEMERARIO_PR_INT " Skid: 133 Paint : 264.
2026-04-17 02:42:21  Vol : HURACAN_BC0_R13_INT Skid: 161 Calcul Vol : 340 Color: 98.
2026-04-17 02:42:21  ---------------------------
2026-04-17 02:47:09  Vol : URUS_PA2_PR0_INT_2025 Skid: 96 Calcul Vol : 552 Color: 1.
2026-04-17 02:47:09  ---------------------------
2026-04-17 02:59:22  Vol : HURACAN_BC0_R13_INT Skid: 103 Calcul Vol : 299 Color: 66.
2026-04-17 02:59:22  ---------------------------
2026-04-17 03:06:10  TEMERARIO_BC_INT " Skid: 161 Paint : 289.
2026-04-17 03:06:10 --- Trajectory INT --- 
2026-04-17 03:06:10  HURACAN_AP_BC0_INT " Skid: 161 Paint : 289.
2026-04-17 03:06:10 --- --- 
2026-04-17 03:07:28  Vol : URUS_PA2_PR0_INT_2025 Skid: 167 Calcul Vol : 552 Color: 1.
2026-04-17 03:07:28  ---------------------------
2026-04-17 03:14:12  URUS_PR_INT " Skid: 96 Paint : 498.
2026-04-17 03:19:16  Vol : HURACAN_BC0_R13_INT Skid: 103 Calcul Vol : 299 Color: 66.
2026-04-17 03:19:16  ---------------------------
2026-04-17 03:20:31  Vol : URUS_PA2_BC0_R13_INT_2026 Skid: 52 Calcul Vol : 659 Color: 99.
2026-04-17 03:20:31  ---------------------------
2026-04-17 03:23:52  TEMERARIO_BC_INT " Skid: 103 Paint : 135.
2026-04-17 03:23:52 --- Trajectory INT REP --- 
2026-04-17 03:23:52  HURACAN_BC0_R13_INT AP REP " Skid: 103 Paint : 135.
2026-04-17 03:23:52 --- --- 
2026-04-17 03:25:38  Vol : HURACAN_BC0_R13_BLACK_ROOF Skid: 81 Calcul Vol : 306 Color: 5.
2026-04-17 03:25:38  ---------------------------
2026-04-17 03:29:32  URUS_PR_INT " Skid: 167 Paint : 498.
2026-04-17 03:31:11  Vol : HURACAN_PRIM_R13_INT Skid: 24 Calcul Vol : 316 Color: 1.
2026-04-17 03:31:11  ---------------------------
2026-04-17 03:36:17  Vol : URUS_PA2_PR0_INT_2025 Skid: 74 Calcul Vol : 552 Color: 1.
2026-04-17 03:36:17  ---------------------------
2026-04-17 03:38:31  URUS_BC_INT " Skid: 81 Paint : 605.
2026-04-17 03:41:09  Vol : URUS_PA2_BC0_R13_INT_2026 Skid: 66 Calcul Vol : 625 Color: 67.
2026-04-17 03:41:09  ---------------------------
2026-04-17 03:46:01  TEMERARIO_PR_INT " Skid: 24 Paint : 264.
2026-04-17 03:46:09  Vol : HURACAN_BC0_R13_INT Skid: 57 Calcul Vol : 299 Color: 8.
2026-04-17 03:46:09  ---------------------------
2026-04-17 03:54:49  Vol : HURACAN_PRIM_R13_INT Skid: 213 Calcul Vol : 316 Color: 2.
2026-04-17 03:54:49  ---------------------------
2026-04-17 03:54:58  URUS_PR_INT " Skid: 66 Paint : 491.
2026-04-17 04:00:21  URUS_BC_INT " Skid: 66 Paint : 570.
2026-04-17 04:11:45  TEMERARIO_PR_INT " Skid: 213 Paint : 264.
2026-04-17 05:19:04 --- Trajectory EXT --- 
2026-04-17 05:19:04  URUS_PA2_PR0_R12_EXT1 " Skid: 16768 Paint : 276.
2026-04-17 05:20:47  URUS_PA2_PR0_R12_EXT2 " Skid: 16768 Paint : 282.
2026-04-17 05:20:47 ---   --- 
2026-04-17 06:32:07  Vol : URUS_PA2_PR0_INT_2025 Skid: 131 Calcul Vol : 552 Color: 1.
2026-04-17 06:32:07  ---------------------------
2026-04-17 06:35:49  Vol : URUS_PA2_BC0_R13_INT_2026 Skid: 96 Calcul Vol : 555 Color: 5.
2026-04-17 06:35:49  ---------------------------
2026-04-17 06:46:23  URUS_PR_INT " Skid: 131 Paint : 498.
2026-04-17 06:53:43  Vol : HURACAN_PRIM_R13_INT Skid: 203 Calcul Vol : 316 Color: 1.
2026-04-17 06:53:43  ---------------------------
2026-04-17 06:53:59  URUS_BC_INT " Skid: 96 Paint : 502.
2026-04-17 07:04:13  Vol : URUS_PA2_BC0_R13_INT_2026 Skid: 208 Calcul Vol : 662 Color: 79.
2026-04-17 07:04:13  ---------------------------
2026-04-17 07:10:35  Vol : URUS_PA2_BC0_R13_INT_2026 Skid: 74 Calcul Vol : 547 Color: 8.
2026-04-17 07:10:35  ---------------------------
2026-04-17 07:14:12  TEMERARIO_PR_INT " Skid: 203 Paint : 263.
2026-04-17 07:19:26  Vol : URUS_PA2_PR0_INT_2025 Skid: 210 Calcul Vol : 552 Color: 1.
2026-04-17 07:19:26  ---------------------------
2026-04-17 07:23:21  URUS_BC_INT " Skid: 74 Paint : 608.
2026-04-17 07:27:44  Vol : URUS_PA2_BC0_R13_INT_2026 Skid: 202 Calcul Vol : 671 Color: 127.
2026-04-17 07:27:44  ---------------------------
2026-04-17 07:28:41  URUS_BC_INT " Skid: 210 Paint : 493.
2026-04-17 07:33:58  URUS_PR_INT " Skid: 210 Paint : 498.
2026-04-17 07:39:41  Vol : HURACAN_PRIM_R13_INT Skid: 61 Calcul Vol : 315 Color: 3.
2026-04-17 07:39:41  ---------------------------
2026-04-17 07:43:18  URUS_BC_INT " Skid: 202 Paint : 617.
2026-04-17 07:43:39  Vol : URUS_PA2_BC0_R13_INT_2026 Skid: 167 Calcul Vol : 518 Color: 50.
2026-04-17 07:43:39  ---------------------------
2026-04-17 07:52:57  Vol : HURACAN_BC0_R13_INT Skid: 161 Calcul Vol : 358 Color: 85.
2026-04-17 07:52:57  ---------------------------
2026-04-17 07:56:25  TEMERARIO_PR_INT " Skid: 167 Paint : 263.
2026-04-17 07:57:39  Vol : HURACAN_BC0_R13_BLACK_ROOF Skid: 103 Calcul Vol : 306 Color: 5.
2026-04-17 07:57:39  ---------------------------
2026-04-17 08:02:49  URUS_BC_INT " Skid: 167 Paint : 463.
2026-04-17 08:10:49  TEMERARIO_BC_INT " Skid: 103 Paint : 307.
2026-04-17 08:10:49 --- Trajectory INT --- 
2026-04-17 08:10:49  HURACAN_AP_BC0_INT " Skid: 103 Paint : 307.
2026-04-17 08:10:49 --- --- 
2026-04-17 08:14:25  Vol : URUS_PA2_PR0_INT_2025 Skid: 153 Calcul Vol : 563 Color: 3.
2026-04-17 08:14:25  ---------------------------
2026-04-17 08:28:44  URUS_PR_INT " Skid: 153 Paint : 509.
2026-04-17 08:29:34  Vol : URUS_PA2_BC0_R13_INT_2026 Skid: 131 Calcul Vol : 560 Color: 105.
2026-04-17 08:29:34  ---------------------------
2026-04-17 08:35:13  Vol : HURACAN_BC0_R13_INT Skid: 24 Calcul Vol : 299 Color: 66.
2026-04-17 08:35:13  ---------------------------
2026-04-17 08:44:02  Vol : URUS_PA2_PR0_INT_2025 Skid: 80 Calcul Vol : 552 Color: 1.
2026-04-17 08:44:02  ---------------------------
2026-04-17 08:45:30  URUS_BC_INT " Skid: 131 Paint : 506.
2026-04-17 08:50:26  TEMERARIO_BC_INT " Skid: 24 Paint : 249.
2026-04-17 08:50:26 --- Trajectory INT --- 
2026-04-17 08:50:26  HURACAN_AP_BC0_INT " Skid: 24 Paint : 249.
2026-04-17 08:50:26 --- --- 
2026-04-17 08:50:54  Vol : HURACAN_BC0_R13_INT Skid: 156 Calcul Vol : 310 Color: 15.
2026-04-17 08:50:54  ---------------------------
2026-04-17 08:58:05  Default Volume : Skid_Frame_Primer Skid: 46.
2026-04-17 08:58:07  Vol : Skid_Frame_Primer Skid: 46 Calcul Vol : 640 Color: 1.
2026-04-17 08:58:07  ---------------------------
2026-04-17 08:58:12  Default Volume : DEFAULT Skid: 46.
2026-04-17 08:58:13  Vol : DEFAULT Skid: 46 Calcul Vol : 640 Color: 1.
2026-04-17 08:58:13  ---------------------------
2026-04-17 08:58:37  URUS_PR_INT " Skid: 80 Paint : 498.
2026-04-17 09:02:26  Vol : HURACAN_BC0_R13_INT Skid: 203 Calcul Vol : 301 Color: 5.
2026-04-17 09:02:26  ---------------------------
2026-04-17 09:03:16  TEMERARIO_BC_INT " Skid: 46 Paint : 260.
2026-04-17 09:03:16 --- Trajectory INT --- 
2026-04-17 09:03:16  HURACAN_AP_BC0_INT " Skid: 46 Paint : 260.
2026-04-17 09:03:16 --- --- 
2026-04-17 09:06:59  Vol : HURACAN_PRIM_R13_INT Skid: 79 Calcul Vol : 315 Color: 1.
2026-04-17 09:06:59  ---------------------------
2026-04-17 09:26:40  TEMERARIO_PR_INT " Skid: 79 Paint : 264.
2026-04-17 09:27:08  Vol : HURACAN_BC0_R13_INT Skid: 81 Calcul Vol : 325 Color: 65.
2026-04-17 09:27:08  ---------------------------
2026-04-17 09:31:44  Vol : URUS_PA2_BC0_R13_INT_2026 Skid: 210 Calcul Vol : 555 Color: 5.
2026-04-17 09:31:44  ---------------------------
2026-04-17 09:42:33  Vol : HURACAN_PRIM_R13_INT Skid: 59 Calcul Vol : 316 Color: 3.
2026-04-17 09:42:33  ---------------------------
2026-04-17 09:47:51  Vol : URUS_PA2_BC0_R13_INT_2026 Skid: 26 Calcul Vol : 612 Color: 146.
2026-04-17 09:47:51  ---------------------------
2026-04-17 09:48:39  TEMERARIO_BC_INT " Skid: 81 Paint : 275.
2026-04-17 09:48:39 --- Trajectory INT --- 
2026-04-17 09:48:39  HURACAN_AP_BC0_INT " Skid: 81 Paint : 275.
2026-04-17 09:48:39 --- --- 
2026-04-17 09:53:24  Default Volume : Skid_Frame_Primer Skid: 169.
2026-04-17 09:53:25  Vol : Skid_Frame_Primer Skid: 169 Calcul Vol : 640 Color: 1.
2026-04-17 09:53:25  ---------------------------
2026-04-17 09:53:30  Default Volume : DEFAULT Skid: 169.
2026-04-17 09:53:32  Vol : DEFAULT Skid: 169 Calcul Vol : 640 Color: 1.
2026-04-17 09:53:32  ---------------------------
2026-04-17 09:54:55  URUS_BC_INT " Skid: 59 Paint : 502.
2026-04-17 09:58:32  TEMERARIO_PR_INT " Skid: 59 Paint : 264.
2026-04-17 09:59:41  Vol : URUS_PA2_BC0_HGL Skid: 153 Calcul Vol : 216 Color: 5.
2026-04-17 09:59:41  ---------------------------
2026-04-17 10:04:34  URUS_BC_INT " Skid: 169 Paint : 559.
2026-04-17 10:17:10  URUS_PA2_R13_HGL_INT_EXT " Skid: 153 Paint : 559.
2026-04-17 10:19:14  Vol : URUS_PA2_BC0_R13_INT_2026 Skid: 122 Calcul Vol : 507 Color: 106.
2026-04-17 10:19:14  ---------------------------
2026-04-17 10:31:03  Vol : HURACAN_BC0_R13_INT Skid: 12 Calcul Vol : 341 Color: 135.
2026-04-17 10:31:03  ---------------------------
2026-04-17 10:39:57  Vol : URUS_PA2_PR0_INT_2025 Skid: 193 Calcul Vol : 563 Color: 3.
2026-04-17 10:39:57  ---------------------------
2026-04-17 10:44:25  URUS_BC_INT " Skid: 12 Paint : 452.
2026-04-17 10:47:54  Vol : URUS_PA2_BC0_R13_INT_2026 Skid: 80 Calcul Vol : 547 Color: 8.
2026-04-17 10:47:54  ---------------------------
2026-04-17 10:55:32  URUS_PR_INT " Skid: 193 Paint : 509.
2026-04-17 11:05:49  URUS_BC_INT " Skid: 80 Paint : 493.
2026-04-17 11:14:51  Default Volume : HURACAN_SP_PRIM_R13_INT Skid: 60.
2026-04-17 11:14:52  Vol : HURACAN_SP_PRIM_R13_INT Skid: 60 Calcul Vol : 640 Color: 4.
2026-04-17 11:14:52  ---------------------------
2026-04-17 11:31:07  Default Volume : HURACAN_SP_BC0_R13_INT Skid: 160.
2026-04-17 11:31:09  Vol : HURACAN_SP_BC0_R13_INT Skid: 160 Calcul Vol : 640 Color: 16.
2026-04-17 11:31:09  ---------------------------
2026-04-17 11:33:39  Vol : URUS_PA2_PR0_INT_2025 Skid: 9 Calcul Vol : 555 Color: 4.
2026-04-17 11:33:39  ---------------------------
2026-04-17 11:52:21  URUS_PR_INT " Skid: 9 Paint : 501.
2026-04-17 11:53:28  Default Volume : HURACAN_SP_BC0_R13_INT Skid: 160.
2026-04-17 11:53:29  Vol : HURACAN_SP_BC0_R13_INT Skid: 160 Calcul Vol : 640 Color: 16.
2026-04-17 11:53:29  ---------------------------
2026-04-17 11:57:44  Vol : URUS_PA2_PR0_INT_2025 Skid: 237 Calcul Vol : 552 Color: 1.
2026-04-17 11:57:44  ---------------------------
2026-04-17 12:02:49  Vol : URUS_PA2_BC0_R13_INT_2026 Skid: 167 Calcul Vol : 562 Color: 51.
2026-04-17 12:02:49  ---------------------------
2026-04-17 12:08:06  Default Volume : Skid_Frame_Primer Skid: 110.
2026-04-17 12:08:08  Vol : Skid_Frame_Primer Skid: 110 Calcul Vol : 640 Color: 1.
2026-04-17 12:08:08  ---------------------------
2026-04-17 12:08:13  Default Volume : DEFAULT Skid: 110.
2026-04-17 12:08:15  Vol : DEFAULT Skid: 110 Calcul Vol : 640 Color: 1.
2026-04-17 12:08:15  ---------------------------
2026-04-17 12:14:36  TEMERARIO_PR_INT " Skid: 237 Paint : 316.
2026-04-17 12:15:03  Vol : HURACAN_PRIM_R13_INT Skid: 85 Calcul Vol : 315 Color: 3.
2026-04-17 12:15:03  ---------------------------
2026-04-17 12:19:26  URUS_PR_INT " Skid: 167 Paint : 498.
2026-04-17 12:25:18  URUS_BC_INT " Skid: 110 Paint : 509.
2026-04-17 12:32:50  TEMERARIO_PR_INT " Skid: 85 Paint : 264.
2026-04-17 12:35:52  Vol : URUS_PA2_BC0_HGL Skid: 193 Calcul Vol : 216 Color: 5.
2026-04-17 12:35:52  ---------------------------
2026-04-17 12:38:52  File Access Error
2026-04-17 12:38:52  Vol : URUS_PA2_BC0_R13_INT_2026 Skid: 212 Calcul Vol : 650 Color: 136.
2026-04-17 12:38:52  ---------------------------
2026-04-17 12:43:04  Vol : URUS_PA2_PR0_INT_2025 Skid: 86 Calcul Vol : 555 Color: 2.
2026-04-17 12:43:04  ---------------------------
2026-04-17 12:44:26  URUS_PA2_R13_HGL_INT_EXT " Skid: 193 Paint : 264.
2026-04-17 12:58:09  URUS_PR_INT " Skid: 86 Paint : 501.
2026-04-17 13:03:47  Vol : HURACAN_BC0_R13_BLACK_ROOF Skid: 79 Calcul Vol : 306 Color: 5.
2026-04-17 13:03:47  ---------------------------
2026-04-17 13:06:26  Vol : URUS_PA2_PR0_INT_2025 Skid: 4 Calcul Vol : 563 Color: 3.
2026-04-17 13:06:26  ---------------------------
2026-04-17 13:18:05  Vol : HURACAN_PRIM_R13_INT Skid: 120 Calcul Vol : 315 Color: 3.
2026-04-17 13:18:05  ---------------------------
2026-04-17 13:21:59  URUS_PR_INT " Skid: 4 Paint : 509.
2026-04-17 13:29:22  TEMERARIO_PR_INT " Skid: 120 Paint : 264.
2026-04-17 14:18:56  File Access Error
2026-04-17 14:18:57  Vol : URUS_PA2_BC0_R13_INT_2026 Skid: 99 Calcul Vol : 20431 Color: 5.
2026-04-17 14:18:57  ---------------------------
2026-04-17 14:35:57  URUS_BC_INT " Skid: 99 Paint : 441.
2026-04-17 15:00:27  TEMERARIO_BC_INT " Skid: 99 Paint : 0.
2026-04-17 15:00:27 --- Trajectory INT REP --- 
2026-04-17 15:00:27  HURACAN_BC0_R13_INT AP REP " Skid: 99 Paint : 0.
2026-04-17 15:00:27 --- --- 
2026-04-17 15:10:59  TEMERARIO_BC_INT " Skid: 99 Paint : 9.
2026-04-17 15:10:59 --- Trajectory INT REP --- 
2026-04-17 15:10:59  HURACAN_BC0_R13_INT AP REP " Skid: 99 Paint : 9.
2026-04-17 15:10:59 --- --- 
2026-04-17 15:23:58  TEMERARIO_BC_INT " Skid: 99 Paint : 0.
2026-04-17 15:23:58 --- Trajectory INT REP --- 
2026-04-17 15:23:58  HURACAN_BC0_R13_INT AP REP " Skid: 99 Paint : 0.
2026-04-17 15:23:58 --- --- 
2026-04-17 15:41:53  TEMERARIO_BC_INT " Skid: 99 Paint : 0.
2026-04-17 15:41:53 --- Trajectory INT REP --- 
2026-04-17 15:41:53  HURACAN_BC0_R13_INT AP REP " Skid: 99 Paint : 0.
2026-04-17 15:41:53 --- --- 
2026-04-17 15:52:04  TEMERARIO_BC_INT " Skid: 99 Paint : 0.
2026-04-17 15:52:04 --- Trajectory INT REP --- 
2026-04-17 15:52:04  HURACAN_BC0_R13_INT AP REP " Skid: 99 Paint : 0.
2026-04-17 15:52:04 --- --- 
2026-04-19 13:13:38 --- Trajectory EXT --- 
2026-04-19 13:13:38  URUS_PA2_PR0_R13_EXT1 " Skid: 16772 Paint : 364.
2026-04-20 02:51:14 --- Trajectory EXT --- 
2026-04-20 02:51:14  URUS_PA2_PR0_R12_EXT1 " Skid: 16773 Paint : 276.
2026-04-20 02:52:57  URUS_PA2_PR0_R12_EXT2 " Skid: 16773 Paint : 322.
2026-04-20 02:52:57 ---   --- 
2026-04-20 06:04:27  Vol : HURACAN_BC0_R13_INT Skid: 59 Calcul Vol : 365 Color: 21.
2026-04-20 06:04:27  ---------------------------
2026-04-20 06:09:28  Vol : URUS_PA2_BC0_R13_INT_2026 Skid: 153 Calcul Vol : 577 Color: 6.
2026-04-20 06:09:28  ---------------------------
2026-04-20 06:15:34  Vol : URUS_PA2_BC0_R13_INT_2026 Skid: 9 Calcul Vol : 537 Color: 16.
2026-04-20 06:15:34  ---------------------------
2026-04-20 06:21:44  Vol : URUS_PA2_BC0_R13_INT_2026 Skid: 4 Calcul Vol : 604 Color: 7.
2026-04-20 06:21:44  ---------------------------
2026-04-20 06:22:26  TEMERARIO_BC_INT " Skid: 59 Paint : 242.
2026-04-20 06:22:26 --- Trajectory INT --- 
2026-04-20 06:22:26  HURACAN_AP_BC0_INT " Skid: 59 Paint : 242.
2026-04-20 06:22:26 --- --- 
2026-04-20 06:29:02  URUS_BC_INT " Skid: 9 Paint : 524.
2026-04-20 06:34:05  URUS_BC_INT " Skid: 9 Paint : 483.
2026-04-20 06:42:43  URUS_BC_INT " Skid: 4 Paint : 551.
2026-04-20 06:48:25  Vol : URUS_PA2_BC0_R13_INT_2026 Skid: 237 Calcul Vol : 523 Color: 68.
2026-04-20 06:48:25  ---------------------------
2026-04-20 06:52:43  Vol : URUS_PA2_BC0_R13_INT_2026 Skid: 86 Calcul Vol : 448 Color: 74.
2026-04-20 06:52:43  ---------------------------
2026-04-20 06:57:34  Vol : URUS_PA2_PR0_INT_2025 Skid: 49 Calcul Vol : 563 Color: 3.
2026-04-20 06:57:34  ---------------------------
2026-04-20 07:02:22  Vol : HURACAN_BC0_R13_INT Skid: 85 Calcul Vol : 358 Color: 7.
2026-04-20 07:02:22  ---------------------------
2026-04-20 07:03:14  URUS_BC_INT " Skid: 86 Paint : 470.
2026-04-20 07:08:25  URUS_BC_INT " Skid: 49 Paint : 394.
2026-04-20 07:11:56  Vol : URUS_PA2_BC0_R13_INT_2026 Skid: 193 Calcul Vol : 479 Color: 98.
2026-04-20 07:11:56  ---------------------------
2026-04-20 07:13:23  URUS_PR_INT " Skid: 49 Paint : 510.
2026-04-20 07:17:41  Vol : URUS_PA2_PR0_INT_2025 Skid: 245 Calcul Vol : 552 Color: 1.
2026-04-20 07:17:41  ---------------------------
2026-04-20 07:27:56  Vol : URUS_PA2_PR0_INT_2025 Skid: 116 Calcul Vol : 552 Color: 1.
2026-04-20 07:27:56  ---------------------------
2026-04-20 07:28:43  URUS_BC_INT " Skid: 245 Paint : 426.
2026-04-20 07:34:23  URUS_PR_INT " Skid: 245 Paint : 498.
2026-04-20 07:41:37  URUS_PR_INT " Skid: 116 Paint : 498.
2026-04-20 07:49:12  Vol : HURACAN_PRIM_R13_INT Skid: 52 Calcul Vol : 315 Color: 1.
2026-04-20 07:49:12  ---------------------------
2026-04-20 08:00:38  TEMERARIO_PR_INT " Skid: 52 Paint : 264.
2026-04-20 08:15:00  Vol : HURACAN_BC0_R13_INT Skid: 120 Calcul Vol : 335 Color: 23.
2026-04-20 08:15:00  ---------------------------
2026-04-20 08:19:42  Vol : HURACAN_BC0_R13_INT Skid: 156 Calcul Vol : 294 Color: 52.
2026-04-20 08:19:42  ---------------------------
2026-04-20 08:24:21  Vol : URUS_PA2_PR0_INT_2025 Skid: 133 Calcul Vol : 552 Color: 1.
2026-04-20 08:24:21  ---------------------------
2026-04-20 08:30:21  TEMERARIO_BC_INT " Skid: 156 Paint : 285.
2026-04-20 08:30:21 --- Trajectory INT --- 
2026-04-20 08:30:21  HURACAN_AP_BC0_INT " Skid: 156 Paint : 285.
2026-04-20 08:30:21 --- --- 
2026-04-20 08:35:01  TEMERARIO_BC_INT " Skid: 133 Paint : 137.
2026-04-20 08:35:01 --- Trajectory INT --- 
2026-04-20 08:35:01  HURACAN_AP_BC0_INT " Skid: 133 Paint : 137.
2026-04-20 08:35:01 --- --- 
2026-04-20 08:35:40  Vol : HURACAN_PRIM_R13_INT Skid: 166 Calcul Vol : 316 Color: 2.
2026-04-20 08:35:40  ---------------------------
2026-04-20 08:40:47  URUS_PR_INT " Skid: 133 Paint : 498.
2026-04-20 08:46:59  TEMERARIO_PR_INT " Skid: 166 Paint : 264.
2026-04-20 08:58:25  Vol : URUS_PA2_PR0_INT_2025 Skid: 206 Calcul Vol : 552 Color: 1.
2026-04-20 08:58:25  ---------------------------
2026-04-20 09:01:58  Vol : URUS_PA2_BC0_HGL Skid: 49 Calcul Vol : 216 Color: 5.
2026-04-20 09:01:58  ---------------------------
2026-04-20 09:13:11  URUS_PR_INT " Skid: 49 Paint : 498.
2026-04-20 09:16:09  URUS_PA2_R13_HGL_INT_EXT " Skid: 49 Paint : 498.
2026-04-20 09:16:56  Vol : HURACAN_PRIM_R13_INT Skid: 204 Calcul Vol : 316 Color: 3.
2026-04-20 09:16:56  ---------------------------
2026-04-20 09:28:32  Vol : URUS_PA2_BC0_R13_INT_2026 Skid: 116 Calcul Vol : 547 Color: 8.
2026-04-20 09:28:32  ---------------------------
2026-04-20 09:28:57  TEMERARIO_PR_INT " Skid: 204 Paint : 264.
2026-04-20 09:36:38  Vol : URUS_PA2_BC0_R13_INT_2026 Skid: 245 Calcul Vol : 547 Color: 8.
2026-04-20 09:36:38  ---------------------------
2026-04-20 09:45:07  URUS_BC_INT " Skid: 116 Paint : 493.
2026-04-20 09:54:47  URUS_BC_INT " Skid: 245 Paint : 493.
2026-04-20 09:59:16  Vol : URUS_PA2_PR0_INT_2025 Skid: 138 Calcul Vol : 563 Color: 3.
2026-04-20 09:59:16  ---------------------------
2026-04-20 10:04:36 --- Trajectory --- 
2026-04-20 10:04:36 Prog : URUS_PA2_BC0_R13_INT_2026 & OPT_1 24577 Skid: 245 Paint : 0.
2026-04-20 10:07:43 --- Trajectory --- 
2026-04-20 10:07:43 Prog : URUS_PA2_BC0_R13_INT_2026 & OPT_1 24577 Skid: 245 Paint : 0.
2026-04-20 10:09:47 Prog : URUS_PA2_BC0_R13_INT_2026II & OPT_1 24577 Skid: 245 Paint : 0 . 
2026-04-20 10:15:55  URUS_PR_INT " Skid: 138 Paint : 509.
2026-04-20 10:17:02  Vol : HURACAN_BC0_R13_INT Skid: 59 Calcul Vol : 323 Color: 120.
2026-04-20 10:17:02  ---------------------------
2026-04-20 10:36:47  TEMERARIO_BC_INT " Skid: 59 Paint : 273.
2026-04-20 10:36:47 --- Trajectory INT --- 
2026-04-20 10:36:47  HURACAN_AP_BC0_INT " Skid: 59 Paint : 273.
2026-04-20 10:36:47 --- --- 
2026-04-20 10:41:54 --- Trajectory --- 
2026-04-20 10:41:54 Prog : HURACAN_BC0_R13_INT & OPT_1 16385 Skid: 59 Paint : 0.
2026-04-20 10:42:20  Vol : URUS_PA2_PR0_INT_2025 Skid: 68 Calcul Vol : 552 Color: 1.
2026-04-20 10:42:20  ---------------------------
2026-04-20 10:43:59 Prog : HURACAN_BC0_R13_INTII & OPT_1 16385 Skid: 59 Paint : 0 . 
2026-04-20 10:56:23  Vol : URUS_PA2_BC0_R13_INT_2026 Skid: 133 Calcul Vol : 521 Color: 13.
2026-04-20 10:56:23  ---------------------------
2026-04-20 10:59:23  URUS_PR_INT " Skid: 68 Paint : 498.
2026-04-20 11:05:15  Vol : URUS_PA2SPORT_R13_INT Skid: 21 Calcul Vol : 555 Color: 6.
2026-04-20 11:05:15  ---------------------------
2026-04-20 11:05:20  Vol : URUS_PA2SPORT_R13_EXT Skid: 21 Calcul Vol : 390 Color: 6.
2026-04-20 11:05:20  ---------------------------
2026-04-20 11:05:26  Vol : URUS_PA2SPORT_R13_EXTII Skid: 21 Calcul Vol : 359 Color: 6.
2026-04-20 11:05:26  ---------------------------
2026-04-20 11:15:38  URUS_BC_INT " Skid: 133 Paint : 468.
2026-04-20 11:18:24  Vol : URUS_PA2_BC0_R13_INT_2026 Skid: 237 Calcul Vol : 525 Color: 69.
2026-04-20 11:18:24  ---------------------------
2026-04-20 11:24:12  Default Volume : TEM_PR_R13_RACING_INT Skid: 130.
2026-04-20 11:24:13  Vol : TEM_PR_R13_RACING_INT Skid: 130 Calcul Vol : 640 Color: 2.
2026-04-20 11:24:13  ---------------------------
2026-04-20 11:24:43 --- Trajectory --- 
2026-04-20 11:24:43 Prog : URUS_PA2SPORT_R13_INT & OPT_1 24577 Skid: 21 Paint : 501.
2026-04-20 11:28:03 --- Trajectory --- 
2026-04-20 11:28:03 Prog : URUS_PA2SPORT_R13_EXT & OPT_1 24577 Skid: 21 Paint : 337.
2026-04-20 11:44:16  Vol : URUS_PA2_BC0_R13_INT_2026 Skid: 193 Calcul Vol : 659 Color: 99.
2026-04-20 11:44:16  ---------------------------
2026-04-20 11:49:49  Vol : HURACAN_BC0_R13_INT Skid: 156 Calcul Vol : 315 Color: 53.
2026-04-20 11:49:49  ---------------------------
2026-04-20 11:50:08  URUS_BC_INT " Skid: 130 Paint : 471.
2026-04-20 11:54:26  Vol : URUS_PA2_PR0_INT_2025 Skid: 20 Calcul Vol : 563 Color: 3.
2026-04-20 11:54:26  ---------------------------
2026-04-20 11:56:23 --- Trajectory INT --- 
2026-04-20 11:56:23  HURACAN_PRIM_INT " Skid: 130 Paint : 574.
2026-04-20 11:56:23 --- --- --- --- 
2026-04-20 11:58:53  Vol : HURACAN_BC0_R13_INT Skid: 103 Calcul Vol : 299 Color: 66.
2026-04-20 11:58:53  ---------------------------
2026-04-20 12:03:41  File Access Error
2026-04-20 12:03:41  Vol : URUS_PA2_BC0_R13_INT_2026 Skid: 212 Calcul Vol : 650 Color: 137.
2026-04-20 12:03:41  ---------------------------
2026-04-20 12:04:27  URUS_BC_INT " Skid: 156 Paint : 605.
2026-04-20 12:08:26  Vol : HURACAN_PRIM_R13_INT Skid: 207 Calcul Vol : 316 Color: 2.
2026-04-20 12:08:26  ---------------------------
2026-04-20 12:08:52  TEMERARIO_BC_INT " Skid: 20 Paint : 264.
2026-04-20 12:08:52 --- Trajectory INT --- 
2026-04-20 12:08:52  HURACAN_AP_BC0_INT " Skid: 20 Paint : 264.
2026-04-20 12:08:52 --- --- 
2026-04-20 12:13:23  Vol : URUS_PA2_BC0_R13_INT_2026 Skid: 206 Calcul Vol : 521 Color: 15.
2026-04-20 12:13:23  ---------------------------
2026-04-20 12:13:39  URUS_PR_INT " Skid: 103 Paint : 509.
2026-04-20 12:14:37  TEMERARIO_BC_INT " Skid: 103 Paint : 0.
2026-04-20 12:14:37 --- Trajectory INT REP --- 
2026-04-20 12:14:37  HURACAN_BC0_R13_INT AP REP " Skid: 103 Paint : 0.
2026-04-20 12:14:37 --- --- 
2026-04-20 12:18:24  Vol : URUS_PA2_PR0_INT_2025 Skid: 233 Calcul Vol : 552 Color: 1.
2026-04-20 12:18:24  ---------------------------
2026-04-20 12:25:00  TEMERARIO_PR_INT " Skid: 207 Paint : 264.
2026-04-20 12:29:36  Vol : HURACAN_BC0_R13_INT Skid: 52 Calcul Vol : 394 Color: 102.
2026-04-20 12:29:36  ---------------------------
2026-04-20 12:33:27  Vol : URUS_PA2_BC0_R13_INT_2026 Skid: 49 Calcul Vol : 631 Color: 17.
2026-04-20 12:33:27  ---------------------------
2026-04-20 12:38:05  URUS_BC_INT " Skid: 233 Paint : 467.
2026-04-20 12:38:37  Vol : URUS_PA2_BC0_HGL Skid: 138 Calcul Vol : 216 Color: 5.
2026-04-20 12:38:37  ---------------------------
2026-04-20 12:42:50  URUS_PR_INT " Skid: 233 Paint : 498.
2026-04-20 12:49:08  Vol : URUS_PA2_PR0_INT_2025 Skid: 244 Calcul Vol : 552 Color: 1.
2026-04-20 12:49:08  ---------------------------
2026-04-20 12:50:59  TEMERARIO_BC_INT " Skid: 49 Paint : 343.
2026-04-20 12:50:59 --- Trajectory INT --- 
2026-04-20 12:50:59  HURACAN_AP_BC0_INT " Skid: 49 Paint : 343.
2026-04-20 12:50:59 --- --- 
2026-04-20 12:55:43  URUS_BC_INT " Skid: 138 Paint : 578.
2026-04-20 12:57:32  Vol : HURACAN_PRIM_R13_INT Skid: 213 Calcul Vol : 315 Color: 1.
2026-04-20 12:57:32  ---------------------------
2026-04-20 12:59:15  URUS_PA2_R13_HGL_INT_EXT " Skid: 138 Paint : 578.
2026-04-20 13:06:37  URUS_PR_INT " Skid: 213 Paint : 498.
2026-04-20 13:07:33  Vol : URUS_PA2_BC0_R13_INT_2026 Skid: 68 Calcul Vol : 521 Color: 13.
2026-04-20 13:07:33  ---------------------------
2026-04-20 13:10:16  TEMERARIO_PR_INT " Skid: 213 Paint : 263.
2026-04-20 13:18:09  Vol : HURACAN_BC0_R13_INT Skid: 204 Calcul Vol : 365 Color: 17.
2026-04-20 13:18:09  ---------------------------
2026-04-20 13:22:00  Vol : URUS_PA2_PR0_INT_2025 Skid: 221 Calcul Vol : 552 Color: 1.
2026-04-20 13:22:00  ---------------------------
2026-04-20 13:24:42  URUS_BC_INT " Skid: 68 Paint : 468.
2026-04-20 13:35:40  TEMERARIO_BC_INT " Skid: 221 Paint : 314.
2026-04-20 13:35:40 --- Trajectory INT --- 
2026-04-20 13:35:40  HURACAN_AP_BC0_INT " Skid: 221 Paint : 314.
2026-04-20 13:35:40 --- --- 
2026-04-20 13:40:28  URUS_PR_INT " Skid: 221 Paint : 498.
2026-04-20 14:08:19  Vol : URUS_PA2_PR0_INT_2025 Skid: 66 Calcul Vol : 563 Color: 3.
2026-04-20 14:08:19  ---------------------------
2026-04-20 14:15:28  Vol : URUS_PA2_BC0_R13_INT_2026 Skid: 20 Calcul Vol : 563 Color: 19.
2026-04-20 14:15:28  ---------------------------
2026-04-20 14:22:10  Vol : URUS_PA2_BC0_R13_INT_2026 Skid: 233 Calcul Vol : 556 Color: 5.
2026-04-20 14:22:10  ---------------------------
2026-04-20 14:23:37  URUS_PR_INT " Skid: 66 Paint : 510.
2026-04-20 14:30:38  Vol : HURACAN_PRIM_R13_INT Skid: 96 Calcul Vol : 315 Color: 3.
2026-04-20 14:30:38  ---------------------------
2026-04-20 14:33:13  URUS_BC_INT " Skid: 20 Paint : 509.
2026-04-20 14:35:44  Vol : HURACAN_BC0_R13_INT Skid: 79 Calcul Vol : 299 Color: 66.
2026-04-20 14:35:44  ---------------------------
2026-04-20 14:40:09  URUS_BC_INT " Skid: 96 Paint : 502.
2026-04-20 14:42:53  Vol : URUS_PA2_BC0_R13_INT_2026 Skid: 244 Calcul Vol : 496 Color: 27.
2026-04-20 14:42:53  ---------------------------
2026-04-20 14:43:47  TEMERARIO_PR_INT " Skid: 96 Paint : 264.
2026-04-20 14:53:11  TEMERARIO_BC_INT " Skid: 79 Paint : 249.
2026-04-20 14:53:11 --- Trajectory INT --- 
2026-04-20 14:53:11  HURACAN_AP_BC0_INT " Skid: 79 Paint : 249.
2026-04-20 14:53:11 --- --- 
2026-04-20 14:56:59  Vol : URUS_PA2_PR0_INT_2025 Skid: 74 Calcul Vol : 552 Color: 1.
2026-04-20 14:56:59  ---------------------------
2026-04-20 15:06:25  URUS_BC_INT " Skid: 244 Paint : 443.
2026-04-20 15:12:22  URUS_PR_INT " Skid: 74 Paint : 498.
2026-04-20 15:21:00  Vol : URUS_PA2_PR0_INT_2025 Skid: 210 Calcul Vol : 552 Color: 1.
2026-04-20 15:21:00  ---------------------------
2026-04-20 15:24:54  Vol : HURACAN_BC0_R13_INT Skid: 213 Calcul Vol : 301 Color: 5.
2026-04-20 15:24:54  ---------------------------
2026-04-20 15:28:42  Vol : URUS_PA2_BC0_R13_INT_2026 Skid: 221 Calcul Vol : 556 Color: 5.
2026-04-20 15:28:42  ---------------------------
2026-04-20 15:35:58  URUS_PR_INT " Skid: 210 Paint : 498.
2026-04-20 15:48:28  URUS_BC_INT " Skid: 221 Paint : 502.
2026-04-20 16:07:13  Vol : HURACAN_PRIM_R13_INT Skid: 80 Calcul Vol : 315 Color: 1.
2026-04-20 16:07:13  ---------------------------
2026-04-20 16:19:31  Vol : URUS_PA2_BC0_R13_INT_2026 Skid: 66 Calcul Vol : 458 Color: 76.
2026-04-20 16:19:31  ---------------------------
2026-04-20 16:20:21  TEMERARIO_PR_INT " Skid: 80 Paint : 264.
2026-04-20 16:23:40  Vol : URUS_PA2_PR0_INT_2025 Skid: 61 Calcul Vol : 563 Color: 3.
2026-04-20 16:23:40  ---------------------------
2026-04-20 16:35:22  Vol : URUS_PA2_BC0_R13_INT_2026 Skid: 138 Calcul Vol : 570 Color: 34.
2026-04-20 16:35:22  ---------------------------
2026-04-20 16:37:59  URUS_BC_INT " Skid: 61 Paint : 404.
2026-04-20 16:40:26  Vol : URUS_PA2_BC0_R13_INT_2026 Skid: 49 Calcul Vol : 561 Color: 18.
2026-04-20 16:40:26  ---------------------------
2026-04-20 16:43:22  URUS_PR_INT " Skid: 61 Paint : 509.
2026-04-20 16:54:50  URUS_BC_INT " Skid: 138 Paint : 516.
2026-04-20 16:59:08  Vol : URUS_PA2_PR0_INT_2025 Skid: 152 Calcul Vol : 552 Color: 1.
2026-04-20 16:59:08  ---------------------------
2026-04-20 17:02:34  URUS_BC_INT " Skid: 49 Paint : 507.
2026-04-20 17:04:08  Vol : URUS_PA2_BC0_R13_INT_2026 Skid: 147 Calcul Vol : 650 Color: 0.
2026-04-20 17:04:08  ---------------------------
2026-04-20 17:04:13  Vol : URUS_PA2_BC0_R13_EXT Skid: 147 Calcul Vol : 650 Color: 0.
2026-04-20 17:04:13  ---------------------------
2026-04-20 17:04:19  File Access Error
2026-04-20 17:04:19  File Access Error
2026-04-20 17:04:19  Vol : URUS_PA2_BC0_R13_EXTII Skid: 147 Calcul Vol : 650 Color: 0.
2026-04-20 17:04:19  ---------------------------
2026-04-20 17:06:34  Vol : URUS_PA2_BC0_R13_INT_2026 Skid: 147 Calcul Vol : 612 Color: 146.
2026-04-20 17:06:34  ---------------------------
2026-04-20 17:06:40  Vol : URUS_PA2_BC0_R13_EXT Skid: 147 Calcul Vol : 650 Color: 146.
2026-04-20 17:06:40  ---------------------------
2026-04-20 17:06:45  File Access Error
2026-04-20 17:06:45  File Access Error
2026-04-20 17:06:46  Vol : URUS_PA2_BC0_R13_EXTII Skid: 147 Calcul Vol : 650 Color: 146.
2026-04-20 17:06:46  ---------------------------
2026-04-20 17:07:10  Vol : URUS_PA2_BC0_R13_INT_2026 Skid: 74 Calcul Vol : 504 Color: 11.
2026-04-20 17:07:10  ---------------------------
2026-04-20 17:07:16  Vol : URUS_PA2_BC0_R13_INT_2026 Skid: 147 Calcul Vol : 612 Color: 146.
2026-04-20 17:07:16  ---------------------------
2026-04-20 17:11:02  Vol : HURACAN_PRIM_R13_INT Skid: 38 Calcul Vol : 315 Color: 2.
2026-04-20 17:11:02  ---------------------------
2026-04-20 17:13:35  URUS_BC_INT " Skid: 152 Paint : 559.
2026-04-20 17:18:34  URUS_PR_INT " Skid: 152 Paint : 498.
2026-04-20 17:22:59  Vol : HURACAN_BC0_R13_INT Skid: 204 Calcul Vol : 310 Color: 18.
2026-04-20 17:22:59  ---------------------------
2026-04-20 17:27:05  Vol : URUS_PA2_PR0_INT_2025 Skid: 208 Calcul Vol : 552 Color: 1.
2026-04-20 17:27:05  ---------------------------
2026-04-20 17:28:31  URUS_BC_INT " Skid: 38 Paint : 450.
2026-04-20 17:32:09  TEMERARIO_PR_INT " Skid: 38 Paint : 263.
2026-04-20 17:42:27 --- Trajectory --- 
2026-04-20 17:42:27 Prog : URUS_PA2SPORT_R13_EXT & OPT_1 16385 Skid: 16776 Paint : 337.
2026-04-20 17:44:42 Prog : URUS_PA2SPORT_R13_EXTII & OPT_1 16385 Skid: 16776 Paint : 41 . 
2026-04-20 17:50:48  Vol : URUS_PA2_BC0_HGL Skid: 210 Calcul Vol : 216 Color: 5.
2026-04-20 17:50:48  ---------------------------
2026-04-20 17:54:33  Vol : URUS_PA2_BC0_R13_INT_2026 Skid: 20 Calcul Vol : 461 Color: 20.
2026-04-20 17:54:33  ---------------------------
2026-04-20 17:56:09  TEMERARIO_BC_INT " Skid: 208 Paint : 260.
2026-04-20 17:56:09 --- Trajectory INT --- 
2026-04-20 17:56:09  HURACAN_AP_BC0_INT " Skid: 208 Paint : 260.
2026-04-20 17:56:09 --- --- 
2026-04-20 18:02:06  URUS_PR_INT " Skid: 210 Paint : 498.
2026-04-20 18:05:04  URUS_PA2_R13_HGL_INT_EXT " Skid: 210 Paint : 498.
2026-04-20 18:05:09  File Access Error
2026-04-20 18:05:09  File Access Error
2026-04-20 18:05:09  File Access Error
2026-04-20 18:05:10  Vol : HURACAN_BC0_R13_BLACK_ROOF Skid: 60 Calcul Vol : 650 Color: 5.
2026-04-20 18:05:10  ---------------------------
2026-04-20 18:11:43  Vol : HURACAN_BC0_R13_BLACK_ROOF Skid: 103 Calcul Vol : 306 Color: 5.
2026-04-20 18:11:43  ---------------------------
2026-04-20 18:13:35  URUS_BC_INT " Skid: 20 Paint : 407.
2026-04-20 18:14:58  Vol : URUS_PA2_PR0_INT_2025 Skid: 50 Calcul Vol : 563 Color: 3.
2026-04-20 18:14:58  ---------------------------
2026-04-20 18:24:46  Vol : HURACAN_BC0_R13_INT Skid: 207 Calcul Vol : 349 Color: 62.
2026-04-20 18:24:46  ---------------------------
2026-04-20 18:36:29  Vol : URUS_PA2_BC0_R13_INT_2026 Skid: 61 Calcul Vol : 458 Color: 87.
2026-04-20 18:36:29  ---------------------------
2026-04-20 18:39:54  URUS_PR_INT " Skid: 50 Paint : 509.
2026-04-20 18:40:20  Vol : HURACAN_PRIM_R13_INT Skid: 9 Calcul Vol : 316 Color: 4.
2026-04-20 18:40:20  ---------------------------
2026-04-20 18:45:20  Vol : HURACAN_BC0_R13_INT Skid: 80 Calcul Vol : 299 Color: 8.
2026-04-20 18:45:20  ---------------------------
2026-04-20 18:48:39  TEMERARIO_BC_INT " Skid: 207 Paint : 299.
2026-04-20 18:48:39 --- Trajectory INT --- 
2026-04-20 18:48:39  HURACAN_AP_BC0_INT " Skid: 207 Paint : 299.
2026-04-20 18:48:39 --- --- 
2026-04-20 18:50:24  Vol : URUS_PA2_PR0_INT_2025 Skid: 150 Calcul Vol : 563 Color: 3.
2026-04-20 18:50:24  ---------------------------
2026-04-20 18:58:27  URUS_BC_INT " Skid: 9 Paint : 404.
2026-04-20 19:02:05  TEMERARIO_PR_INT " Skid: 80 Paint : 263.
2026-04-20 19:03:12  Vol : HURACAN_BC0_R13_INT Skid: 52 Calcul Vol : 302 Color: 102.
2026-04-20 19:03:12  ---------------------------
2026-04-20 19:11:40  Vol : HURACAN_PRIM_R13_INT Skid: 139 Calcul Vol : 316 Color: 3.
2026-04-20 19:11:40  ---------------------------
2026-04-20 19:12:01  URUS_PR_INT " Skid: 150 Paint : 509.
2026-04-20 19:18:12  TEMERARIO_BC_INT " Skid: 52 Paint : 202.
2026-04-20 19:18:12 --- Trajectory INT REP --- 
2026-04-20 19:18:12  HURACAN_BC0_R13_INT AP REP " Skid: 52 Paint : 202.
2026-04-20 19:18:12 --- --- 
2026-04-20 19:27:38  TEMERARIO_PR_INT " Skid: 139 Paint : 264.
2026-04-20 19:30:16  Vol : URUS_PA2_PR0_INT_2025 Skid: 167 Calcul Vol : 552 Color: 1.
2026-04-20 19:30:16  ---------------------------
2026-04-20 19:42:07  Vol : URUS_PA2_BC0_R13_INT_2026 Skid: 208 Calcul Vol : 496 Color: 27.
2026-04-20 19:42:07  ---------------------------
2026-04-20 19:46:00  URUS_PR_INT " Skid: 167 Paint : 498.
2026-04-20 19:55:50  Vol : URUS_PA2_BC0_R13_INT_2026 Skid: 66 Calcul Vol : 562 Color: 77.
2026-04-20 19:55:50  ---------------------------
2026-04-20 19:59:44  Vol : URUS_PA2_PR0_INT_2025 Skid: 168 Calcul Vol : 552 Color: 1.
2026-04-20 19:59:44  ---------------------------
2026-04-20 20:05:04  URUS_BC_INT " Skid: 208 Paint : 452.
2026-04-20 20:13:52  URUS_BC_INT " Skid: 168 Paint : 508.
2026-04-20 20:17:26  Vol : URUS_PA2_BC0_HGL Skid: 50 Calcul Vol : 216 Color: 5.
2026-04-20 20:17:26  ---------------------------
2026-04-20 20:18:49  URUS_PR_INT " Skid: 168 Paint : 498.
2026-04-20 20:21:08  Vol : URUS_PA2_PR0_INT_2025 Skid: 131 Calcul Vol : 563 Color: 3.
2026-04-20 20:21:08  ---------------------------
2026-04-20 20:26:57  URUS_PA2_R13_HGL_INT_EXT " Skid: 50 Paint : 498.
2026-04-20 20:34:54  Vol : HURACAN_BC0_R13_INT Skid: 9 Calcul Vol : 311 Color: 14.
2026-04-20 20:34:54  ---------------------------
2026-04-20 20:36:45  URUS_PR_INT " Skid: 131 Paint : 509.
2026-04-20 20:44:36  Vol : HURACAN_BC0_R13_BLACK_ROOF Skid: 204 Calcul Vol : 306 Color: 5.
2026-04-20 20:44:36  ---------------------------
2026-04-20 22:41:45  TEMERARIO_BC_INT " Skid: 204 Paint : 0.
2026-04-20 22:41:45 --- Trajectory INT --- 
2026-04-20 22:41:45  HURACAN_AP_BC0_INT " Skid: 204 Paint : 0.
2026-04-20 22:41:45 --- --- 
2026-04-21 03:15:52  Vol : URUS_PA2_BC0_R13_INT_2026 Skid: 78 Calcul Vol : 533 Color: 12.
2026-04-21 03:15:52  ---------------------------
2026-04-21 03:41:24 --- Trajectory EXT --- 
2026-04-21 03:41:24  URUS_PA2_PR0_R12_EXT1 " Skid: 16777 Paint : 296.
2026-04-21 03:43:22  URUS_PA2_PR0_R12_EXT2 " Skid: 16777 Paint : 278.
2026-04-21 03:43:22 ---   --- 
2026-04-21 03:54:28  URUS_BC_INT " Skid: 78 Paint : 479.
2026-04-21 04:04:55  Vol : URUS_PA2_BC0_R13_INT_2026 Skid: 210 Calcul Vol : 504 Color: 11.
2026-04-21 04:04:55  ---------------------------
2026-04-21 04:08:14  Vol : HURACAN_PRIM_R13_INT Skid: 166 Calcul Vol : 425 Color: 3.
2026-04-21 04:08:14  ---------------------------
2026-04-21 04:17:32  Vol : URUS_PA2_BC0_R13_INT_2026 Skid: 61 Calcul Vol : 629 Color: 88.
2026-04-21 04:17:32  ---------------------------
2026-04-21 05:59:48  Vol : URUS_PA2_PR0_INT_2025 Skid: 153 Calcul Vol : 552 Color: 1.
2026-04-21 05:59:48  ---------------------------
2026-04-21 06:04:17  URUS_BC_INT " Skid: 166 Paint : 450.
2026-04-21 06:07:56  TEMERARIO_PR_INT " Skid: 166 Paint : 264.
2026-04-21 06:08:33  Vol : URUS_PA2_BC0_R13_INT_2026 Skid: 168 Calcul Vol : 561 Color: 105.
2026-04-21 06:08:33  ---------------------------
2026-04-21 06:17:23  URUS_BC_INT " Skid: 153 Paint : 575.
2026-04-21 06:18:45  Vol : HURACAN_PRIM_R13_INT Skid: 86 Calcul Vol : 316 Color: 3.
2026-04-21 06:18:45  ---------------------------
2026-04-21 06:22:20  URUS_PR_INT " Skid: 168 Paint : 498.
2026-04-21 06:23:46  Vol : URUS_PA2_BC0_R13_INT_2026 Skid: 50 Calcul Vol : 577 Color: 6.
2026-04-21 06:23:46  ---------------------------
2026-04-21 06:28:35  URUS_BC_INT " Skid: 168 Paint : 506.
2026-04-21 06:28:55  Vol : URUS_PA2_PR0_INT_2025 Skid: 4 Calcul Vol : 563 Color: 3.
2026-04-21 06:28:55  ---------------------------
2026-04-21 06:33:01  Vol : URUS_PA2_BC0_R13_INT_2026 Skid: 167 Calcul Vol : 548 Color: 8.
2026-04-21 06:33:01  ---------------------------
2026-04-21 06:36:05  TEMERARIO_PR_INT " Skid: 86 Paint : 264.
2026-04-21 06:42:28  Vol : HURACAN_BC0_R13_INT Skid: 96 Calcul Vol : 350 Color: 21.
2026-04-21 06:42:28  ---------------------------
2026-04-21 06:42:58  URUS_BC_INT " Skid: 4 Paint : 524.
2026-04-21 06:47:16  Vol : URUS_PA2_PR0_INT_2025 Skid: 245 Calcul Vol : 552 Color: 1.
2026-04-21 06:47:16  ---------------------------
2026-04-21 06:47:56  URUS_PR_INT " Skid: 167 Paint : 509.
2026-04-21 06:51:08  Vol : URUS_PA2_BC0_R13_INT_2026 Skid: 150 Calcul Vol : 472 Color: 21.
2026-04-21 06:51:08  ---------------------------
2026-04-21 06:52:53  URUS_BC_INT " Skid: 167 Paint : 493.
2026-04-21 06:57:49  TEMERARIO_BC_INT " Skid: 245 Paint : 242.
2026-04-21 06:57:49 --- Trajectory INT --- 
2026-04-21 06:57:49  HURACAN_AP_BC0_INT " Skid: 245 Paint : 242.
2026-04-21 06:57:49 --- --- 
2026-04-21 06:59:35  Vol : URUS_PA2_BC0_HGL Skid: 131 Calcul Vol : 216 Color: 5.
2026-04-21 06:59:35  ---------------------------
2026-04-21 07:03:05  Vol : URUS_PA2_PR0_INT_2025 Skid: 5 Calcul Vol : 552 Color: 1.
2026-04-21 07:03:05  ---------------------------
2026-04-21 07:03:09  URUS_PR_INT " Skid: 150 Paint : 498.
2026-04-21 07:08:49  URUS_BC_INT " Skid: 131 Paint : 418.
2026-04-21 07:10:15  Vol : HURACAN_BC0_R13_INT Skid: 139 Calcul Vol : 344 Color: 28.
2026-04-21 07:10:15  ---------------------------
2026-04-21 07:11:59  URUS_PA2_R13_HGL_INT_EXT " Skid: 5 Paint : 418.
2026-04-21 07:14:18  Vol : HURACAN_PRIM_R13_INT Skid: 206 Calcul Vol : 315 Color: 3.
2026-04-21 07:14:18  ---------------------------
2026-04-21 07:20:55  URUS_PR_INT " Skid: 5 Paint : 498.
2026-04-21 07:24:27  Vol : HURACAN_BC0_R13_INT Skid: 38 Calcul Vol : 365 Color: 61.
2026-04-21 07:24:27  ---------------------------
2026-04-21 07:28:21  Vol : URUS_PA2_PR0_INT_2025 Skid: 68 Calcul Vol : 555 Color: 2.
2026-04-21 07:28:21  ---------------------------
2026-04-21 07:29:45  TEMERARIO_BC_INT " Skid: 206 Paint : 293.
2026-04-21 07:29:45 --- Trajectory INT --- 
2026-04-21 07:29:45  HURACAN_AP_BC0_INT " Skid: 206 Paint : 293.
2026-04-21 07:29:45 --- --- 
2026-04-21 07:33:37  TEMERARIO_PR_INT " Skid: 206 Paint : 264.
2026-04-21 07:40:01  Vol : URUS_PA2_PR0_INT_2025 Skid: 233 Calcul Vol : 563 Color: 3.
2026-04-21 07:40:01  ---------------------------
2026-04-21 07:41:21  TEMERARIO_BC_INT " Skid: 68 Paint : 314.
2026-04-21 07:41:21 --- Trajectory INT --- 
2026-04-21 07:41:21  HURACAN_AP_BC0_INT " Skid: 68 Paint : 314.
2026-04-21 07:41:21 --- --- 
2026-04-21 07:47:38  Vol : URUS_PA2_PR0_INT_2025 Skid: 230 Calcul Vol : 563 Color: 3.
2026-04-21 07:47:38  ---------------------------
2026-04-21 07:51:43  URUS_PR_INT " Skid: 68 Paint : 501.
2026-04-21 08:20:59  Vol : HURACAN_PRIM_R13_INT Skid: 133 Calcul Vol : 315 Color: 1.
2026-04-21 08:20:59  ---------------------------
2026-04-21 08:25:28  URUS_PR_INT " Skid: 233 Paint : 509.
2026-04-21 08:25:47  Vol : HURACAN_BC0_R13_INT Skid: 166 Calcul Vol : 602 Color: 6.
2026-04-21 08:25:47  ---------------------------
2026-04-21 08:34:31  URUS_PR_INT " Skid: 230 Paint : 509.
2026-04-21 08:34:47  Vol : HURACAN_PRIM_R13_INT Skid: 221 Calcul Vol : 315 Color: 3.
2026-04-21 08:34:47  ---------------------------
2026-04-21 08:42:14  TEMERARIO_PR_INT " Skid: 166 Paint : 264.
2026-04-21 08:43:42  Vol : URUS_PA2_PR0_INT_2025 Skid: 74 Calcul Vol : 552 Color: 1.
2026-04-21 08:43:42  ---------------------------
2026-04-21 08:47:48  Vol : URUS_PA2_BC0_R13_INT_2026 Skid: 153 Calcul Vol : 547 Color: 8.
2026-04-21 08:47:48  ---------------------------
2026-04-21 08:57:27  Vol : URUS_PA2_PR0_INT_2025 Skid: 49 Calcul Vol : 552 Color: 1.
2026-04-21 08:57:27  ---------------------------
2026-04-21 09:00:03  TEMERARIO_PR_INT " Skid: 221 Paint : 263.
2026-04-21 09:01:33  Vol : URUS_PA2_BC0_R13_INT_2026 Skid: 4 Calcul Vol : 515 Color: 28.
2026-04-21 09:01:33  ---------------------------
2026-04-21 09:06:52  Vol : HURACAN_PRIM_R13_INT Skid: 130 Calcul Vol : 316 Color: 2.
2026-04-21 09:06:52  ---------------------------
2026-04-21 09:07:30  URUS_PR_INT " Skid: 153 Paint : 498.
2026-04-21 09:17:04  Default Volume : HURACAN_SP_BC0_R13_INT Skid: 160.
2026-04-21 09:17:05  Vol : HURACAN_SP_BC0_R13_INT Skid: 160 Calcul Vol : 640 Color: 41.
2026-04-21 09:17:05  ---------------------------
2026-04-21 09:20:52  URUS_BC_INT " Skid: 49 Paint : 493.
2026-04-21 09:25:49  URUS_PR_INT " Skid: 4 Paint : 498.
2026-04-21 09:36:20  Vol : HURACAN_PRIM_R13_INT Skid: 14 Calcul Vol : 316 Color: 2.
2026-04-21 09:36:20  ---------------------------
2026-04-21 09:40:47  URUS_BC_INT " Skid: 130 Paint : 460.
2026-04-21 09:43:33  Vol : URUS_PA2_BC0_R13_INT_2026 Skid: 5 Calcul Vol : 523 Color: 64.
2026-04-21 09:43:33  ---------------------------
2026-04-21 09:45:08  TEMERARIO_PR_INT " Skid: 160 Paint : 263.
2026-04-21 09:48:12  Vol : HURACAN_PRIM_R13_INT Skid: 20 Calcul Vol : 316 Color: 2.
2026-04-21 09:48:12  ---------------------------
2026-04-21 09:52:06  TEMERARIO_PR_INT " Skid: 160 Paint : 301.
2026-04-21 09:57:54  Vol : HURACAN_BC0_R13_INT Skid: 86 Calcul Vol : 335 Color: 23.
2026-04-21 09:57:54  ---------------------------
2026-04-21 10:01:04  TEMERARIO_PR_INT " Skid: 5 Paint : 263.
2026-04-21 10:02:49  Vol : HURACAN_PRIM_R13_INT Skid: 37 Calcul Vol : 315 Color: 2.
2026-04-21 10:02:49  ---------------------------
2026-04-21 10:07:05  URUS_BC_INT " Skid: 20 Paint : 468.
2026-04-21 10:08:22  Vol : URUS_PA2SPORT_R13_INT Skid: 21 Calcul Vol : 555 Color: 26.
2026-04-21 10:08:22  ---------------------------
2026-04-21 10:08:28  Vol : URUS_PA2SPORT_R13_EXT Skid: 21 Calcul Vol : 409 Color: 26.
2026-04-21 10:08:28  ---------------------------
2026-04-21 10:08:34  Vol : URUS_PA2SPORT_R13_EXTII Skid: 21 Calcul Vol : 376 Color: 26.
2026-04-21 10:08:34  ---------------------------
2026-04-21 10:10:42  TEMERARIO_PR_INT " Skid: 20 Paint : 264.
2026-04-21 10:12:37  Vol : URUS_PA2_PR0_INT_2025 Skid: 244 Calcul Vol : 563 Color: 3.
2026-04-21 10:12:37  ---------------------------
2026-04-21 10:16:55  Vol : URUS_PA2_BC0_R13_INT_2026 Skid: 245 Calcul Vol : 536 Color: 10.
2026-04-21 10:16:55  ---------------------------
2026-04-21 10:17:39  TEMERARIO_BC_INT " Skid: 37 Paint : 285.
2026-04-21 10:17:39 --- Trajectory INT --- 
2026-04-21 10:17:39  HURACAN_AP_BC0_INT " Skid: 37 Paint : 285.
2026-04-21 10:17:39 --- --- 
2026-04-21 10:20:56  Vol : URUS_PA2_PR0_INT_2025 Skid: 57 Calcul Vol : 552 Color: 1.
2026-04-21 10:20:56  ---------------------------
2026-04-21 10:21:06  TEMERARIO_PR_INT " Skid: 21 Paint : 264.
2026-04-21 10:25:50  Vol : HURACAN_PRIM_R13_INT Skid: 208 Calcul Vol : 316 Color: 1.
2026-04-21 10:25:50  ---------------------------
2026-04-21 10:29:13 --- Trajectory --- 
2026-04-21 10:29:13 Prog : URUS_PA2SPORT_R13_INT & OPT_1 24577 Skid: 21 Paint : 502.
2026-04-21 10:32:54 --- Trajectory --- 
2026-04-21 10:32:54 Prog : URUS_PA2SPORT_R13_EXT & OPT_1 24577 Skid: 21 Paint : 356.
2026-04-21 10:34:59 Prog : URUS_PA2SPORT_R13_EXTII & OPT_1 24577 Skid: 21 Paint : 334 . 
2026-04-21 10:35:20  Vol : URUS_PA2_BC0_HGL Skid: 68 Calcul Vol : 216 Color: 5.
2026-04-21 10:35:20  ---------------------------
2026-04-21 10:39:52  URUS_PR_INT " Skid: 245 Paint : 510.
2026-04-21 10:40:08  Vol : URUS_PA2_PR0_INT_2025 Skid: 232 Calcul Vol : 552 Color: 1.
2026-04-21 10:40:08  ---------------------------
2026-04-21 10:44:47  URUS_BC_INT " Skid: 57 Paint : 482.
2026-04-21 10:45:03  Vol : URUS_PA2_BC0_R13_INT_2026 Skid: 150 Calcul Vol : 501 Color: 22.
2026-04-21 10:45:03  ---------------------------
2026-04-21 10:49:44  URUS_PR_INT " Skid: 208 Paint : 498.
2026-04-21 10:50:03  Vol : URUS_PA2_PR0_INT_2025 Skid: 161 Calcul Vol : 552 Color: 1.
2026-04-21 10:50:03  ---------------------------
2026-04-21 10:53:51  TEMERARIO_PR_INT " Skid: 68 Paint : 263.
2026-04-21 11:05:38  URUS_PA2_R13_HGL_INT_EXT " Skid: 232 Paint : 263.
2026-04-21 11:07:33  Vol : URUS_PA2_PR0_INT_2025 Skid: 116 Calcul Vol : 563 Color: 3.
2026-04-21 11:07:33  ---------------------------
2026-04-21 11:15:15  URUS_BC_INT " Skid: 161 Paint : 446.
2026-04-21 11:15:37  Vol : URUS_PA2_PR0_INT_2025 Skid: 232 Calcul Vol : 552 Color: 1.
2026-04-21 11:15:37  ---------------------------
2026-04-21 11:18:46  Vol : URUS_PA2_BC0_R13_INT_2026 Skid: 131 Calcul Vol : 578 Color: 6.
2026-04-21 11:18:46  ---------------------------
2026-04-21 11:20:15  URUS_PR_INT " Skid: 161 Paint : 498.
2026-04-21 11:22:40  Vol : URUS_PA2_PR0_INT_2025 Skid: 24 Calcul Vol : 563 Color: 3.
2026-04-21 11:22:40  ---------------------------
2026-04-21 11:27:28  Vol : URUS_PA2_BC0_R13_INT_2026 Skid: 233 Calcul Vol : 570 Color: 34.
2026-04-21 11:27:28  ---------------------------
2026-04-21 11:31:34  URUS_PR_INT " Skid: 232 Paint : 509.
2026-04-21 11:32:32  Vol : HURACAN_PRIM_R13_INT Skid: 120 Calcul Vol : 316 Color: 1.
2026-04-21 11:32:32  ---------------------------
2026-04-21 11:36:33  URUS_PR_INT " Skid: 131 Paint : 498.
2026-04-21 11:41:29  URUS_BC_INT " Skid: 24 Paint : 524.
2026-04-21 11:42:41  Vol : HURACAN_BC0_R13_INT Skid: 206 Calcul Vol : 335 Color: 23.
2026-04-21 11:42:41  ---------------------------
2026-04-21 11:46:26  URUS_PR_INT " Skid: 233 Paint : 510.
2026-04-21 11:47:11  Vol : URUS_PA2_PR0_INT_2025 Skid: 203 Calcul Vol : 552 Color: 1.
2026-04-21 11:47:11  ---------------------------
2026-04-21 11:51:22  URUS_BC_INT " Skid: 120 Paint : 516.
2026-04-21 11:53:09  Vol : HURACAN_PRIM_R13_INT Skid: 120 Calcul Vol : 316 Color: 1.
2026-04-21 11:53:09  ---------------------------
2026-04-21 11:53:15  Vol : URUS_PA2_BC0_R13_INT_2026 Skid: 49 Calcul Vol : 504 Color: 11.
2026-04-21 11:53:15  ---------------------------
2026-04-21 11:57:28  TEMERARIO_PR_INT " Skid: 120 Paint : 264.
2026-04-21 11:57:51  Vol : URUS_PA2_PR0_INT_2025 Skid: 52 Calcul Vol : 555 Color: 2.
2026-04-21 11:57:51  ---------------------------
2026-04-21 12:05:57  Vol : URUS_PA2_BC0_R13_INT_2026 Skid: 230 Calcul Vol : 604 Color: 7.
2026-04-21 12:05:57  ---------------------------
2026-04-21 12:09:25  TEMERARIO_BC_INT " Skid: 203 Paint : 285.
2026-04-21 12:09:25 --- Trajectory INT --- 
2026-04-21 12:09:25  HURACAN_AP_BC0_INT " Skid: 203 Paint : 285.
2026-04-21 12:09:25 --- --- 
2026-04-21 12:14:14  URUS_PR_INT " Skid: 49 Paint : 498.
2026-04-21 12:16:10  Vol : HURACAN_BC0_R13_INT Skid: 139 Calcul Vol : 291 Color: 29.
2026-04-21 12:16:10  ---------------------------
2026-04-21 12:20:36  URUS_BC_INT " Skid: 52 Paint : 449.
2026-04-21 12:30:49  Vol : HURACAN_PRIM_R13_INT Skid: 85 Calcul Vol : 316 Color: 1.
2026-04-21 12:30:49  ---------------------------
2026-04-21 12:35:18  URUS_PR_INT " Skid: 230 Paint : 500.
2026-04-21 12:42:12  URUS_BC_INT " Skid: 230 Paint : 551.
2026-04-21 12:48:53  Vol : URUS_PA2_BC0_R13_INT_2026 Skid: 74 Calcul Vol : 504 Color: 11.
2026-04-21 12:48:53  ---------------------------
2026-04-21 12:50:09  TEMERARIO_BC_INT " Skid: 139 Paint : 239.
2026-04-21 12:50:09 --- Trajectory INT --- 
2026-04-21 12:50:09  HURACAN_AP_BC0_INT " Skid: 139 Paint : 239.
2026-04-21 12:50:09 --- --- 
2026-04-21 12:54:38  Vol : URUS_PA2_PR0_INT_2025 Skid: 213 Calcul Vol : 563 Color: 3.
2026-04-21 12:54:38  ---------------------------
2026-04-21 12:58:11  TEMERARIO_PR_INT " Skid: 85 Paint : 264.
2026-04-21 13:06:47  Vol : HURACAN_BC0_R13_INT Skid: 133 Calcul Vol : 301 Color: 5.
2026-04-21 13:06:47  ---------------------------
2026-04-21 13:11:26  Vol : URUS_PA2_BC0_HGL Skid: 244 Calcul Vol : 216 Color: 5.
2026-04-21 13:11:26  ---------------------------
2026-04-21 13:16:44  Vol : URUS_PA2_PR0_INT_2025 Skid: 80 Calcul Vol : 563 Color: 3.
2026-04-21 13:16:44  ---------------------------
2026-04-21 13:20:13  URUS_BC_INT " Skid: 213 Paint : 450.
2026-04-21 13:21:39  Vol : URUS_PA2_BC0_R13_INT_2026 Skid: 57 Calcul Vol : 547 Color: 8.
2026-04-21 13:21:39  ---------------------------
2026-04-21 13:25:11  URUS_PR_INT " Skid: 133 Paint : 510.
2026-04-21 13:25:30  Vol : HURACAN_PRIM_R13_INT Skid: 51 Calcul Vol : 316 Color: 3.
2026-04-21 13:25:30  ---------------------------
2026-04-21 13:30:03  Vol : HURACAN_BC0_R13_INT Skid: 208 Calcul Vol : 301 Color: 5.
2026-04-21 13:30:03  ---------------------------
2026-04-21 13:33:26  URUS_PA2_R13_HGL_INT_EXT " Skid: 80 Paint : 510.
2026-04-21 13:38:34  URUS_PR_INT " Skid: 57 Paint : 510.
2026-04-21 13:43:13  Vol : URUS_PA2_BC0_R13_INT_2026 Skid: 4 Calcul Vol : 567 Color: 29.
2026-04-21 13:43:13  ---------------------------
2026-04-21 13:43:30  URUS_BC_INT " Skid: 51 Paint : 493.
2026-04-21 13:48:28  Vol : URUS_PA2_BC0_HGL Skid: 24 Calcul Vol : 216 Color: 5.
2026-04-21 13:48:28  ---------------------------
2026-04-21 13:59:38  Vol : HURACAN_PRIM_R13_INT Skid: 51 Calcul Vol : 316 Color: 3.
2026-04-21 13:59:38  ---------------------------
2026-04-21 14:07:56  Vol : HURACAN_BC0_R13_INT Skid: 96 Calcul Vol : 323 Color: 120.
2026-04-21 14:07:56  ---------------------------
2026-04-21 14:12:35  Vol : URUS_PA2_BC0_R13_INT_2026 Skid: 232 Calcul Vol : 547 Color: 8.
2026-04-21 14:12:35  ---------------------------
2026-04-21 14:14:46  URUS_BC_INT " Skid: 24 Paint : 513.
2026-04-21 14:17:50  Vol : URUS_PA2_BC0_R13_INT_2026 Skid: 161 Calcul Vol : 556 Color: 5.
2026-04-21 14:17:50  ---------------------------
2026-04-21 14:17:56  URUS_PA2_R13_HGL_INT_EXT " Skid: 51 Paint : 513.
2026-04-21 14:22:16  TEMERARIO_PR_INT " Skid: 96 Paint : 263.
2026-04-21 14:22:45  Vol : URUS_PA2_BC0_R13_INT_2026 Skid: 52 Calcul Vol : 568 Color: 31.
2026-04-21 14:22:45  ---------------------------
2026-04-21 14:27:01  TEMERARIO_BC_INT " Skid: 232 Paint : 272.
2026-04-21 14:27:01 --- Trajectory INT --- 
2026-04-21 14:27:01  HURACAN_AP_BC0_INT " Skid: 232 Paint : 272.
2026-04-21 14:27:01 --- --- 
2026-04-21 14:27:54  Vol : URUS_PA2_PR0_INT_2025 Skid: 81 Calcul Vol : 552 Color: 1.
2026-04-21 14:27:54  ---------------------------
2026-04-21 14:31:47  URUS_BC_INT " Skid: 161 Paint : 493.
2026-04-21 14:33:00  Vol : URUS_PA2_BC0_R13_INT_2026 Skid: 68 Calcul Vol : 517 Color: 9.
2026-04-21 14:33:00  ---------------------------
2026-04-21 14:52:39  Default Volume : HURACAN_SP_BC0_R13_INT Skid: 60.
2026-04-21 14:52:40  Vol : HURACAN_SP_BC0_R13_INT Skid: 60 Calcul Vol : 640 Color: 14.
2026-04-21 14:52:40  ---------------------------
2026-04-21 14:55:24  URUS_BC_INT " Skid: 52 Paint : 502.
2026-04-21 14:56:37  Vol : URUS_PA2_PR0_INT_2025 Skid: 237 Calcul Vol : 555 Color: 2.
2026-04-21 14:56:37  ---------------------------
2026-04-21 15:00:35  URUS_BC_INT " Skid: 81 Paint : 514.
2026-04-21 15:05:38  URUS_PR_INT " Skid: 68 Paint : 498.
2026-04-21 15:06:59  Vol : HURACAN_BC0_R13_INT Skid: 14 Calcul Vol : 248 Color: 112.
2026-04-21 15:06:59  ---------------------------
2026-04-21 15:10:34  URUS_BC_INT " Skid: 60 Paint : 463.
2026-04-21 15:12:02  Vol : HURACAN_PRIM_R13_INT Skid: 9 Calcul Vol : 315 Color: 3.
2026-04-21 15:12:02  ---------------------------
2026-04-21 15:15:27  TEMERARIO_PR_INT " Skid: 237 Paint : 306.
2026-04-21 15:17:02  Vol : URUS_PA2_BC0_R13_INT_2026 Skid: 203 Calcul Vol : 547 Color: 8.
2026-04-21 15:17:02  ---------------------------
2026-04-21 15:20:13  URUS_PR_INT " Skid: 237 Paint : 501.
2026-04-21 15:26:38  Vol : URUS_PA2_BC0_R13_INT_2026 Skid: 233 Calcul Vol : 537 Color: 35.
2026-04-21 15:26:38  ---------------------------
2026-04-21 15:28:50  TEMERARIO_BC_INT " Skid: 9 Paint : 197.
2026-04-21 15:28:50 --- Trajectory INT --- 
2026-04-21 15:28:50  HURACAN_AP_BC0_INT " Skid: 9 Paint : 197.
2026-04-21 15:28:50 --- --- 
2026-04-21 15:31:39  Vol : HURACAN_BC0_R13_INT Skid: 120 Calcul Vol : 271 Color: 11.
2026-04-21 15:31:39  ---------------------------
2026-04-21 15:32:17  TEMERARIO_PR_INT " Skid: 203 Paint : 264.
2026-04-21 15:36:39  Vol : URUS_PA2_PR0_INT_2025 Skid: 138 Calcul Vol : 552 Color: 1.
2026-04-21 15:36:39  ---------------------------
2026-04-21 15:41:06  URUS_BC_INT " Skid: 203 Paint : 493.
2026-04-21 15:41:21  Vol : URUS_PA2_BC0_R13_INT_2026 Skid: 80 Calcul Vol : 553 Color: 52.
2026-04-21 15:41:21  ---------------------------
2026-04-21 15:49:54  URUS_BC_INT " Skid: 120 Paint : 482.
2026-04-21 15:51:25  Vol : URUS_PA2_BC0_R13_INT_2026 Skid: 213 Calcul Vol : 604 Color: 7.
2026-04-21 15:51:25  ---------------------------
2026-04-21 15:56:57  Default Volume : HURACAN_SP_BC0_R13_INT Skid: 160.
2026-04-21 15:56:59  Vol : HURACAN_SP_BC0_R13_INT Skid: 160 Calcul Vol : 640 Color: 42.
2026-04-21 15:56:59  ---------------------------
2026-04-21 15:58:56  URUS_PR_INT " Skid: 80 Paint : 498.
2026-04-21 16:00:50  Vol : URUS_PA2_PR0_INT_2025 Skid: 148 Calcul Vol : 563 Color: 3.
2026-04-21 16:00:50  ---------------------------
2026-04-21 16:03:52  URUS_BC_INT " Skid: 80 Paint : 498.
2026-04-21 16:06:02  Vol : HURACAN_BC0_R13_BLACK_ROOF Skid: 86 Calcul Vol : 306 Color: 5.
2026-04-21 16:06:02  ---------------------------
2026-04-21 16:09:53  Vol : HURACAN_BC0_R13_INT Skid: 51 Calcul Vol : 349 Color: 7.
2026-04-21 16:09:53  ---------------------------
2026-04-21 16:14:08  URUS_BC_INT " Skid: 160 Paint : 551.
2026-04-21 16:14:24  Vol : HURACAN_PRIM_R13_INT Skid: 59 Calcul Vol : 315 Color: 4.
2026-04-21 16:14:24  ---------------------------
2026-04-21 16:18:54  TEMERARIO_PR_INT " Skid: 148 Paint : 306.
2026-04-21 16:19:12  Vol : URUS_PA2_BC0_R13_INT_2026 Skid: 244 Calcul Vol : 604 Color: 7.
2026-04-21 16:19:12  ---------------------------
2026-04-21 16:24:01  URUS_PR_INT " Skid: 86 Paint : 509.
2026-04-21 16:35:17  Vol : URUS_PA2_PR0_INT_2025 Skid: 221 Calcul Vol : 552 Color: 1.
2026-04-21 16:35:17  ---------------------------
2026-04-21 16:43:23  TEMERARIO_PR_INT " Skid: 244 Paint : 263.
2026-04-21 16:48:40  URUS_BC_INT " Skid: 244 Paint : 551.
2026-04-21 16:51:24  Vol : URUS_PA2_BC0_R13_INT_2026 Skid: 81 Calcul Vol : 556 Color: 5.
2026-04-21 16:51:24  ---------------------------
2026-04-21 16:57:31  URUS_PR_INT " Skid: 221 Paint : 498.
2026-04-21 16:59:31  Vol : URUS_PA2_PR0_INT_2025 Skid: 130 Calcul Vol : 563 Color: 3.
2026-04-21 16:59:31  ---------------------------
2026-04-21 17:08:55  Vol : HURACAN_BC0_R13_INT Skid: 85 Calcul Vol : 394 Color: 97.
2026-04-21 17:08:55  ---------------------------
2026-04-21 17:12:06  URUS_BC_INT " Skid: 81 Paint : 502.
2026-04-21 17:18:22  Vol : HURACAN_BC0_R13_INT Skid: 206 Calcul Vol : 335 Color: 23.
2026-04-21 17:18:22  ---------------------------
2026-04-21 17:20:58  URUS_PR_INT " Skid: 130 Paint : 509.
2026-04-21 17:23:22  Vol : URUS_PA2_BC0_HGL Skid: 237 Calcul Vol : 216 Color: 5.
2026-04-21 17:23:22  ---------------------------
2026-04-21 17:27:08  Vol : HURACAN_PRIM_R13_INT Skid: 50 Calcul Vol : 315 Color: 1.
2026-04-21 17:27:08  ---------------------------
2026-04-21 17:29:10  TEMERARIO_BC_INT " Skid: 85 Paint : 343.
2026-04-21 17:29:10 --- Trajectory INT --- 
2026-04-21 17:29:10  HURACAN_AP_BC0_INT " Skid: 85 Paint : 343.
2026-04-21 17:29:10 --- --- 
2026-04-21 17:33:05  Vol : HURACAN_BC0_R13_INT Skid: 63 Calcul Vol : 299 Color: 66.
2026-04-21 17:33:05  ---------------------------
2026-04-21 17:39:17  TEMERARIO_BC_INT " Skid: 237 Paint : 285.
2026-04-21 17:39:17 --- Trajectory INT --- 
2026-04-21 17:39:17  HURACAN_AP_BC0_INT " Skid: 237 Paint : 285.
