2026-04-28 09:02:48 POS DCU1 : 238.1, Target : 250.0.
2026-04-28 09:02:49 FillDCU (Cycle) time: 10.96s
2026-04-28 09:05:13 Sequence: FillCart , Time: 16.621s
2026-04-28 09:05:18 FTClean time: 5.524s
2026-04-28 09:07:05 POS DCU1 : 239.5, Target : 250.0.
2026-04-28 09:07:06 FillDCU (Cycle) time: 7.655s
2026-04-28 09:11:17 FTClean time: 6.827s
2026-04-28 09:11:48 Sequence: FillCart , Time: 25.216s
2026-04-28 09:11:55 FTClean time: 6.826s
2026-04-28 09:12:04 POS DCU1 : 240.1, Target : 250.0.
2026-04-28 09:12:10 FillDCU (Cycle) time: 12.565s
2026-04-28 09:17:12 FTClean time: 5.523s
2026-04-28 09:18:09 FTClean time: 6.824s
2026-04-28 09:18:45 Sequence: FillCart , Time: 22.811s
2026-04-28 09:18:51 FTClean time: 5.517s
2026-04-28 09:19:06 POS DCU1 : 242.1, Target : 250.0.
2026-04-28 09:19:07 FillDCU (Cycle) time: 11.985s
2026-04-28 09:22:38 Sequence: FillCart , Time: 16.038s
2026-04-28 09:22:43 FTClean time: 5.521s
2026-04-28 09:25:41 POS DCU1 : 240.3, Target : 250.0.
2026-04-28 09:25:42 FillDCU (Cycle) time: 11.136s
2026-04-28 09:30:01 FTClean time: 5.521s
2026-04-28 09:30:45 FTClean time: 5.523s
2026-04-28 09:31:39 Sequence: FillCart , Time: 15.812s
2026-04-28 09:31:46 FTClean time: 6.826s
2026-04-28 09:31:55 POS DCU1 : 238.6, Target : 250.0.
2026-04-28 09:31:56 FillDCU (Cycle) time: 7.452s
2026-04-28 09:34:06 Sequence: FillCart , Time: 22.852s
2026-04-28 09:34:11 FTClean time: 5.524s
2026-04-28 09:36:36 POS DCU1 : 238.2, Target : 250.0.
2026-04-28 09:36:42 FillDCU (Cycle) time: 11.357s
2026-04-28 09:37:55 Sequence: FillCart , Time: 17.636s
2026-04-28 09:38:00 FTClean time: 5.521s
2026-04-28 09:41:28 POS DCU1 : 242.5, Target : 250.0.
2026-04-28 09:41:28 FillDCU (Cycle) time: 10.765s
2026-04-28 09:43:41 Sequence: FillCart , Time: 21.219s
2026-04-28 09:43:47 FTClean time: 5.531s
2026-04-28 09:45:16 POS DCU1 : 239.7, Target : 250.0.
2026-04-28 09:45:21 FillDCU (Cycle) time: 11.562s
2026-04-28 09:47:29 ClnCart (Cleaning+Dumping) time: 31.769s
2026-04-28 09:47:46 Sequence: FillCart , Time: 16.759s
2026-04-28 09:47:52 FTClean time: 5.527s
2026-04-28 09:50:44 POS DCU1 : 242.3, Target : 250.0.
2026-04-28 09:50:45 FillDCU (Cycle) time: 10.863s
2026-04-28 09:52:36 Sequence: FillCart , Time: 21.256s
2026-04-28 09:52:41 FTClean time: 5.52s
2026-04-28 09:54:19 POS DCU1 : 242.2, Target : 250.0.
2026-04-28 09:54:24 FillDCU (Cycle) time: 11.549s
2026-04-28 10:00:05 FTClean time: 5.519s
2026-04-28 10:00:54 FTClean time: 6.827s
2026-04-28 10:04:49 Sequence: FillCart , Time: 22.912s
2026-04-28 10:04:54 FTClean time: 5.521s
2026-04-28 10:05:08 POS DCU1 : 239.7, Target : 250.0.
2026-04-28 10:05:10 FillDCU (Cycle) time: 11.698s
2026-04-28 10:13:23 FTClean time: 5.521s
2026-04-28 10:14:36 FTClean time: 5.52s
2026-04-28 10:24:00 Sequence: FillCart , Time: 23.111s
2026-04-28 10:24:06 FTClean time: 6.823s
2026-04-28 10:24:19 POS DCU1 : 242.2, Target : 250.0.
2026-04-28 10:24:22 FillDCU (Cycle) time: 13.009s
2026-04-28 10:36:39 Sequence: FillCart , Time: 20.112s
2026-04-28 10:36:45 FTClean time: 5.524s
2026-04-28 10:36:55 POS DCU1 : 241.7, Target : 250.0.
2026-04-28 10:36:58 FillDCU (Cycle) time: 10.186s
2026-04-28 10:42:54 Sequence: FillCart , Time: 16.743s
2026-04-28 10:43:00 FTClean time: 5.53s
2026-04-28 10:46:03 POS DCU1 : 241.9, Target : 250.0.
2026-04-28 10:46:04 FillDCU (Cycle) time: 9.457s
2026-04-28 10:51:08 FTClean time: 6.829s
2026-04-28 10:51:53 FTClean time: 5.52s
2026-04-28 10:52:37 FTClean time: 5.521s
2026-04-28 11:03:33 Sequence: FillCart , Time: 24.216s
2026-04-28 11:03:40 FTClean time: 6.828s
2026-04-28 11:03:49 POS DCU1 : 241.3, Target : 250.0.
2026-04-28 11:03:54 FillDCU (Cycle) time: 10.863s
2026-04-28 11:11:11 Sequence: FillCart , Time: 22.832s
2026-04-28 11:11:17 FTClean time: 5.541s
2026-04-28 11:14:34 POS DCU1 : 238.0, Target : 250.0.
2026-04-28 11:14:36 FillDCU (Cycle) time: 11.77s
2026-04-28 11:17:50 Sequence: FillCart , Time: 22.734s
2026-04-28 11:17:56 FTClean time: 5.523s
2026-04-28 11:21:15 POS DCU1 : 241.2, Target : 250.0.
2026-04-28 11:21:17 FillDCU (Cycle) time: 12.281s
2026-04-28 11:26:52 FTClean time: 5.52s
2026-04-28 11:27:31 Sequence: FillCart , Time: 15.713s
2026-04-28 11:27:36 FTClean time: 5.521s
2026-04-28 11:27:51 POS DCU1 : 238.0, Target : 250.0.
2026-04-28 11:27:52 FillDCU (Cycle) time: 11.594s
2026-04-28 11:32:09 Sequence: FillCart , Time: 22.433s
2026-04-28 11:32:15 FTClean time: 5.53s
2026-04-28 11:33:48 POS DCU1 : 239.1, Target : 250.0.
2026-04-28 11:33:54 FillDCU (Cycle) time: 11.547s
2026-04-28 11:40:44 FTClean time: 6.827s
2026-04-28 11:45:45 Sequence: FillCart , Time: 24.816s
2026-04-28 11:45:52 FTClean time: 6.822s
2026-04-28 11:46:05 POS DCU1 : 241.5, Target : 250.0.
2026-04-28 11:46:05 FillDCU (Cycle) time: 11.1s
2026-04-28 11:48:50 ClnCart (Cleaning+Dumping) time: 31.366s
2026-04-28 11:49:05 Sequence: FillCart , Time: 14.032s
2026-04-28 11:49:10 FTClean time: 5.525s
2026-04-28 11:51:50 POS DCU1 : 239.4, Target : 250.0.
2026-04-28 11:51:51 FillDCU (Cycle) time: 10.053s
2026-04-28 11:54:07 Sequence: FillCart , Time: 22.311s
2026-04-28 11:54:13 FTClean time: 5.52s
2026-04-28 11:55:06 POS DCU1 : 240.8, Target : 250.0.
2026-04-28 11:55:12 FillDCU (Cycle) time: 11.452s
2026-04-28 11:59:31 Sequence: FillCart , Time: 20.946s
2026-04-28 11:59:36 FTClean time: 5.527s
2026-04-28 12:02:24 POS DCU1 : 242.0, Target : 250.0.
2026-04-28 12:02:25 FillDCU (Cycle) time: 11.072s
2026-04-28 12:04:22 Sequence: FillCart , Time: 20.578s
2026-04-28 12:04:28 FTClean time: 5.52s
2026-04-28 12:07:34 POS DCU1 : 239.5, Target : 250.0.
2026-04-28 12:07:35 FillDCU (Cycle) time: 11.273s
2026-04-28 12:13:04 FTClean time: 5.519s
2026-04-28 12:17:17 FTClean time: 5.521s
2026-04-28 12:17:56 Sequence: FillCart , Time: 22.615s
2026-04-28 12:18:01 FTClean time: 5.52s
2026-04-28 12:18:15 POS DCU1 : 238.7, Target : 250.0.
2026-04-28 12:18:17 FillDCU (Cycle) time: 11.688s
2026-04-28 12:31:47 FTClean time: 5.521s
2026-04-28 12:32:22 Sequence: FillCart , Time: 20.912s
2026-04-28 12:32:28 FTClean time: 5.522s
2026-04-28 12:32:42 POS DCU1 : 239.7, Target : 250.0.
2026-04-28 12:32:43 FillDCU (Cycle) time: 11.509s
2026-04-28 12:36:58 Sequence: FillCart , Time: 23.266s
2026-04-28 12:37:04 FTClean time: 5.519s
2026-04-28 12:40:02 POS DCU1 : 241.5, Target : 250.0.
2026-04-28 12:40:03 FillDCU (Cycle) time: 11.574s
2026-04-28 12:45:35 FTClean time: 5.521s
2026-04-28 12:46:18 Sequence: FillCart , Time: 20.11s
2026-04-28 12:46:24 FTClean time: 5.523s
2026-04-28 12:46:38 POS DCU1 : 238.9, Target : 250.0.
2026-04-28 12:46:38 FillDCU (Cycle) time: 10.901s
2026-04-28 12:54:22 FTClean time: 6.829s
2026-04-28 12:58:48 Sequence: FillCart , Time: 15.815s
2026-04-28 12:58:55 FTClean time: 6.824s
2026-04-28 12:59:06 POS DCU1 : 241.1, Target : 250.0.
2026-04-28 12:59:07 FillDCU (Cycle) time: 9.276s
2026-04-28 13:01:50 ClnCart (Cleaning+Dumping) time: 31.46s
2026-04-28 13:02:05 Sequence: FillCart , Time: 13.922s
2026-04-28 13:02:10 FTClean time: 5.519s
2026-04-28 13:04:12 POS DCU1 : 241.6, Target : 250.0.
2026-04-28 13:04:13 FillDCU (Cycle) time: 6.742s
2026-04-28 13:06:39 Sequence: FillCart , Time: 21.926s
2026-04-28 13:06:45 FTClean time: 5.518s
2026-04-28 13:07:22 POS DCU1 : 243.4, Target : 250.0.
2026-04-28 13:07:29 FillDCU (Cycle) time: 11.754s
2026-04-28 13:11:42 Sequence: FillCart , Time: 16.091s
2026-04-28 13:11:49 FTClean time: 6.827s
2026-04-28 13:14:40 POS DCU1 : 239.0, Target : 250.0.
2026-04-28 13:14:40 FillDCU (Cycle) time: 10.964s
2026-04-28 13:19:23 FTClean time: 5.519s
2026-04-28 13:20:10 Sequence: FillCart , Time: 16.716s
2026-04-28 13:20:16 FTClean time: 5.52s
2026-04-28 13:20:26 POS DCU1 : 238.4, Target : 250.0.
2026-04-28 13:20:27 FillDCU (Cycle) time: 7.562s
2026-04-28 13:29:05 FTClean time: 5.52s
2026-04-28 13:29:56 FTClean time: 5.519s
2026-04-28 13:33:25 Sequence: FillCart , Time: 22.813s
2026-04-28 13:33:30 FTClean time: 5.522s
2026-04-28 13:33:40 POS DCU1 : 242.3, Target : 250.0.
2026-04-28 13:33:46 FillDCU (Cycle) time: 11.795s
2026-04-28 13:38:14 FTClean time: 5.522s
2026-04-28 13:38:46 Sequence: FillCart , Time: 13.907s
2026-04-28 13:38:52 FTClean time: 5.521s
2026-04-28 13:39:01 FillDCU (Cycle) time: 5.512s
2026-04-28 13:40:47 Sequence: FillCart , Time: 21.312s
2026-04-28 13:40:52 FTClean time: 5.522s
2026-04-28 13:41:44 POS DCU1 : 242.4, Target : 250.0.
2026-04-28 13:41:51 FillDCU (Cycle) time: 11.351s
2026-04-28 13:47:35 Sequence: FillCart , Time: 17.366s
2026-04-28 13:47:40 FTClean time: 5.523s
2026-04-28 13:50:33 POS DCU1 : 237.7, Target : 250.0.
2026-04-28 13:50:33 FillDCU (Cycle) time: 11.089s
2026-04-28 13:55:10 FTClean time: 5.521s
2026-04-28 13:56:09 Sequence: FillCart , Time: 15.916s
2026-04-28 13:56:15 FTClean time: 5.519s
2026-04-28 13:56:25 POS DCU1 : 240.1, Target : 250.0.
2026-04-28 13:56:26 FillDCU (Cycle) time: 7.574s
2026-04-28 14:01:03 Sequence: FillCart , Time: 22.767s
2026-04-28 14:01:08 FTClean time: 5.521s
2026-04-28 14:01:32 POS DCU1 : 240.3, Target : 250.0.
2026-04-28 14:01:38 FillDCU (Cycle) time: 11.672s
2026-04-28 14:03:19 ClnCart (Cleaning+Dumping) time: 32.903s
2026-04-28 14:03:40 Sequence: FillCart , Time: 20.76s
2026-04-28 14:03:47 FTClean time: 6.832s
2026-04-28 14:06:37 POS DCU1 : 239.2, Target : 250.0.
2026-04-28 14:06:38 FillDCU (Cycle) time: 11.285s
2026-04-28 14:10:03 Sequence: FillCart , Time: 20.77s
2026-04-28 14:10:10 FTClean time: 6.831s
2026-04-28 14:12:43 POS DCU1 : 238.8, Target : 250.0.
2026-04-28 14:12:44 FillDCU (Cycle) time: 11.381s
2026-04-28 14:14:29 Sequence: FillCart , Time: 15.643s
2026-04-28 14:14:35 FTClean time: 5.524s
2026-04-28 14:17:37 POS DCU1 : 238.2, Target : 250.0.
2026-04-28 14:17:38 FillDCU (Cycle) time: 10.759s
2026-04-28 14:19:21 ClnCart (Cleaning+Dumping) time: 31.139s
2026-04-28 14:19:44 Sequence: FillCart , Time: 22.557s
2026-04-28 14:19:50 FTClean time: 5.521s
2026-04-28 14:20:11 POS DCU1 : 240.9, Target : 250.0.
2026-04-28 14:20:16 FillDCU (Cycle) time: 11.659s
2026-04-28 14:31:13 FTClean time: 5.52s
2026-04-28 14:35:29 FTClean time: 5.523s
2026-04-28 14:39:31 Sequence: FillCart , Time: 27.815s
2026-04-28 14:39:37 FTClean time: 5.519s
2026-04-28 14:39:51 POS DCU1 : 237.7, Target : 250.0.
2026-04-28 14:39:54 FillDCU (Cycle) time: 13.235s
2026-04-28 14:43:42 ClnCart (Cleaning+Dumping) time: 32.139s
2026-04-28 14:44:09 Sequence: FillCart , Time: 25.116s
2026-04-28 14:44:14 FTClean time: 5.521s
2026-04-28 14:48:09 CheckA1Fluid Restart 258.6
2026-04-28 14:48:10 POS DCU1 : 240.6, Target : 250.0.
2026-04-28 14:48:13 FillDCU (Cycle) time: 13.311s
2026-04-28 14:50:32 ClnCart (Cleaning+Dumping) time: 33.486s
2026-04-28 14:50:49 Sequence: FillCart , Time: 16.313s
2026-04-28 14:50:56 FTClean time: 6.826s
2026-04-28 14:51:09 POS DCU1 : 237.9, Target : 250.0.
2026-04-28 14:51:09 FillDCU (Cycle) time: 10.972s
2026-04-28 14:51:54 Sequence: FillCart , Time: 13.91s
2026-04-28 14:51:59 FTClean time: 5.528s
2026-04-28 14:54:45 POS DCU1 : 242.9, Target : 250.0.
2026-04-28 14:54:46 FillDCU (Cycle) time: 6.538s
2026-04-28 15:00:22 FTClean time: 6.828s
2026-04-28 15:01:02 Sequence: FillCart , Time: 21.912s
2026-04-28 15:01:09 FTClean time: 6.829s
2026-04-28 15:01:17 POS DCU1 : 239.3, Target : 250.0.
2026-04-28 15:01:24 FillDCU (Cycle) time: 11.877s
2026-04-28 15:02:32 ClnCart (Cleaning+Dumping) time: 43.04s
2026-04-28 15:02:53 Sequence: FillCart , Time: 19.37s
2026-04-28 15:02:58 FTClean time: 5.529s
2026-04-28 15:05:53 POS DCU1 : 238.2, Target : 250.0.
2026-04-28 15:05:54 FillDCU (Cycle) time: 11.061s
2026-04-28 15:16:47 FTClean time: 6.827s
2026-04-28 15:17:20 Sequence: FillCart , Time: 20.711s
2026-04-28 15:17:27 FTClean time: 6.831s
2026-04-28 15:17:36 POS DCU1 : 242.9, Target : 250.0.
2026-04-28 15:17:41 FillDCU (Cycle) time: 11.653s
2026-04-28 15:18:42 ClnCart (Cleaning+Dumping) time: 29.948s
2026-04-28 15:19:06 Sequence: FillCart , Time: 23.07s
2026-04-28 15:19:12 FTClean time: 5.519s
2026-04-28 15:22:10 POS DCU1 : 240.6, Target : 250.0.
2026-04-28 15:22:12 FillDCU (Cycle) time: 11.679s
2026-04-28 15:24:04 Sequence: FillCart , Time: 20.655s
2026-04-28 15:24:11 FTClean time: 6.827s
2026-04-28 15:27:10 POS DCU1 : 240.1, Target : 250.0.
2026-04-28 15:27:11 FillDCU (Cycle) time: 10.907s
2026-04-28 15:28:38 ClnCart (Cleaning+Dumping) time: 31.861s
2026-04-28 15:28:58 Sequence: FillCart , Time: 19.865s
2026-04-28 15:29:04 FTClean time: 5.526s
2026-04-28 15:32:05 POS DCU1 : 239.3, Target : 250.0.
2026-04-28 15:32:06 FillDCU (Cycle) time: 10.37s
2026-04-28 15:37:01 FTClean time: 5.516s
2026-04-28 15:40:46 Sequence: FillCart , Time: 23.212s
2026-04-28 15:40:52 FTClean time: 5.521s
2026-04-28 15:41:02 POS DCU1 : 242.1, Target : 250.0.
2026-04-28 15:41:09 FillDCU (Cycle) time: 13.371s
2026-04-28 15:44:45 ClnCart (Cleaning+Dumping) time: 31.751s
2026-04-28 15:45:06 Sequence: FillCart , Time: 20.314s
2026-04-28 15:45:12 FTClean time: 5.522s
2026-04-28 15:45:22 POS DCU1 : 242.8, Target : 250.0.
2026-04-28 15:45:26 FillDCU (Cycle) time: 10.057s
2026-04-28 15:48:07 Sequence: FillCart , Time: 23.449s
2026-04-28 15:48:13 FTClean time: 6.823s
2026-04-28 15:49:21 POS DCU1 : 241.5, Target : 250.0.
2026-04-28 15:49:24 FillDCU (Cycle) time: 11.768s
2026-04-28 15:50:59 ClnCart (Cleaning+Dumping) time: 33.342s
2026-04-28 15:51:19 Sequence: FillCart , Time: 18.837s
2026-04-28 15:51:26 FTClean time: 6.833s
2026-04-28 15:54:53 POS DCU1 : 237.9, Target : 250.0.
2026-04-28 15:54:54 FillDCU (Cycle) time: 10.972s
2026-04-28 15:56:07 ClnCart (Cleaning+Dumping) time: 33.112s
2026-04-28 15:56:25 Sequence: FillCart , Time: 17.547s
2026-04-28 15:56:32 FTClean time: 6.826s
2026-04-28 15:59:00 POS DCU1 : 240.0, Target : 250.0.
2026-04-28 15:59:01 FillDCU (Cycle) time: 8.765s
2026-04-28 16:01:04 ClnCart (Cleaning+Dumping) time: 31.999s
2026-04-28 16:01:33 Sequence: FillCart , Time: 27.923s
2026-04-28 16:01:38 FTClean time: 5.522s
2026-04-28 16:01:50 POS DCU1 : 243.2, Target : 250.0.
2026-04-28 16:01:55 FillDCU (Cycle) time: 13.284s
2026-04-28 16:02:57 ClnCart (Cleaning+Dumping) time: 42.948s
2026-04-28 16:03:23 Sequence: FillCart , Time: 24.936s
2026-04-28 16:03:29 FTClean time: 5.523s
2026-04-28 16:04:11 CheckA1Fluid Restart 302.9
2026-04-28 16:04:12 POS DCU1 : 237.9, Target : 250.0.
2026-04-28 16:04:14 FillDCU (Cycle) time: 13.011s
2026-04-28 16:05:37 Sequence: FillCart , Time: 21.427s
2026-04-28 16:05:44 FTClean time: 6.848s
2026-04-28 16:06:04 POS DCU1 : 240.6, Target : 250.0.
2026-04-28 16:06:06 FillDCU (Cycle) time: 11.98s
2026-04-28 16:10:16 Sequence: FillCart , Time: 22.172s
2026-04-28 16:10:22 FTClean time: 6.833s
2026-04-28 16:13:01 POS DCU1 : 241.1, Target : 250.0.
2026-04-28 16:13:02 FillDCU (Cycle) time: 11.091s
2026-04-28 16:19:06 Sequence: FillCart , Time: 24.916s
2026-04-28 16:19:13 FTClean time: 6.832s
2026-04-28 16:19:25 POS DCU1 : 243.3, Target : 250.0.
2026-04-28 16:19:29 FillDCU (Cycle) time: 13.089s
2026-04-28 16:21:02 Sequence: FillCart , Time: 16.545s
2026-04-28 16:21:08 FTClean time: 5.528s
2026-04-28 16:23:40 POS DCU1 : 241.7, Target : 250.0.
2026-04-28 16:23:41 FillDCU (Cycle) time: 9.663s
2026-04-28 16:33:49 FTClean time: 5.516s
2026-04-28 16:34:16 Sequence: FillCart , Time: 22.412s
2026-04-28 16:34:22 FTClean time: 5.521s
2026-04-28 16:34:32 POS DCU1 : 240.2, Target : 250.0.
2026-04-28 16:34:38 FillDCU (Cycle) time: 12.507s
2026-04-28 16:35:45 ClnCart (Cleaning+Dumping) time: 31.254s
2026-04-28 16:36:09 Sequence: FillCart , Time: 23.288s
2026-04-28 16:36:15 FTClean time: 5.521s
2026-04-28 16:39:06 POS DCU1 : 243.2, Target : 250.0.
2026-04-28 16:39:07 FillDCU (Cycle) time: 11.983s
2026-04-28 16:43:44 Sequence: FillCart , Time: 13.83s
2026-04-28 16:43:51 FTClean time: 6.831s
2026-04-28 16:44:55 POS DCU1 : 237.8, Target : 250.0.
2026-04-28 16:44:56 FillDCU (Cycle) time: 11.254s
2026-04-28 16:47:55 FTClean time: 5.519s
2026-04-28 16:48:50 FTClean time: 5.524s
2026-04-28 16:49:40 FTClean time: 6.823s
2026-04-28 16:50:27 Sequence: FillCart , Time: 17.018s
2026-04-28 16:50:32 FTClean time: 5.521s
2026-04-28 16:50:39 POS DCU1 : 238.2, Target : 250.0.
2026-04-28 16:50:44 FillDCU (Cycle) time: 8.438s
2026-04-28 16:53:30 Sequence: FillCart , Time: 14.348s
2026-04-28 16:53:35 FTClean time: 5.536s
2026-04-28 16:56:10 POS DCU1 : 239.4, Target : 250.0.
2026-04-28 16:56:11 FillDCU (Cycle) time: 7.651s
2026-04-28 16:58:07 Sequence: FillCart , Time: 20.442s
2026-04-28 16:58:14 FTClean time: 6.83s
2026-04-28 16:59:00 POS DCU1 : 242.4, Target : 250.0.
2026-04-28 16:59:07 FillDCU (Cycle) time: 10.948s
2026-04-28 17:04:07 Sequence: FillCart , Time: 23.159s
2026-04-28 17:04:13 FTClean time: 5.524s
2026-04-28 17:06:38 POS DCU1 : 238.5, Target : 250.0.
2026-04-28 17:06:41 FillDCU (Cycle) time: 11.988s
2026-04-28 17:12:17 FTClean time: 6.828s
2026-04-28 17:12:55 Sequence: FillCart , Time: 19.511s
2026-04-28 17:13:02 FTClean time: 6.826s
2026-04-28 17:13:15 POS DCU1 : 241.9, Target : 250.0.
2026-04-28 17:13:16 FillDCU (Cycle) time: 11.006s
2026-04-28 17:18:05 Sequence: FillCart , Time: 16.065s
2026-04-28 17:18:10 FTClean time: 5.518s
2026-04-28 17:20:47 POS DCU1 : 240.0, Target : 250.0.
2026-04-28 17:20:48 FillDCU (Cycle) time: 9.457s
2026-04-28 17:22:56 Sequence: FillCart , Time: 12.731s
2026-04-28 17:23:03 FTClean time: 6.828s
2026-04-28 17:24:24 POS DCU1 : 240.1, Target : 250.0.
2026-04-28 17:24:24 FillDCU (Cycle) time: 6.855s
2026-04-28 17:46:58 FTClean time: 5.524s
2026-04-28 17:47:42 FTClean time: 5.52s
2026-04-28 17:50:08 Sequence: FillCart , Time: 22.716s
2026-04-28 17:50:14 FTClean time: 5.524s
2026-04-28 17:50:21 POS DCU1 : 242.5, Target : 250.0.
2026-04-28 17:50:29 FillDCU (Cycle) time: 11.782s
2026-04-28 17:51:28 Sequence: FillCart , Time: 13.741s
2026-04-28 17:51:33 FTClean time: 5.523s
2026-04-28 17:55:04 POS DCU1 : 242.8, Target : 250.0.
2026-04-28 17:55:05 FillDCU (Cycle) time: 10.853s
2026-04-28 18:00:06 FTClean time: 5.523s
2026-04-28 18:01:22 Sequence: FillCart , Time: 16.113s
2026-04-28 18:01:27 FTClean time: 5.52s
2026-04-28 18:01:36 POS DCU1 : 238.7, Target : 250.0.
2026-04-28 18:01:38 FillDCU (Cycle) time: 7.338s
2026-04-28 18:03:00 ClnCart (Cleaning+Dumping) time: 31.394s
2026-04-28 18:03:17 Sequence: FillCart , Time: 16.116s
2026-04-28 18:03:22 FTClean time: 5.519s
2026-04-28 18:04:57 POS DCU1 : 242.0, Target : 250.0.
2026-04-28 18:04:59 FillDCU (Cycle) time: 7.549s
2026-04-28 18:08:03 FTClean time: 5.52s
2026-04-28 18:09:46 FTClean time: 5.52s
2026-04-28 18:14:37 FTClean time: 6.827s
2026-04-28 18:15:49 Sequence: FillCart , Time: 13.913s
2026-04-28 18:15:55 FTClean time: 5.524s
2026-04-28 18:16:05 POS DCU1 : 239.0, Target : 250.0.
2026-04-28 18:16:05 FillDCU (Cycle) time: 6.738s
2026-04-28 18:20:55 Sequence: FillCart , Time: 22.314s
2026-04-28 18:21:01 FTClean time: 5.522s
2026-04-28 18:21:16 FillDCU (Cycle) time: 11.223s
2026-04-28 18:24:12 Sequence: FillCart , Time: 21.601s
2026-04-28 18:24:18 FTClean time: 6.847s
2026-04-28 18:27:31 POS DCU1 : 243.0, Target : 250.0.
2026-04-28 18:27:34 FillDCU (Cycle) time: 12.884s
2026-04-28 18:33:14 FTClean time: 6.828s
2026-04-28 18:33:52 Sequence: FillCart , Time: 16.513s
2026-04-28 18:33:59 FTClean time: 6.826s
2026-04-28 18:34:13 POS DCU1 : 241.7, Target : 250.0.
2026-04-28 18:34:14 FillDCU (Cycle) time: 12.212s
2026-04-28 18:38:37 Sequence: FillCart , Time: 17.019s
2026-04-28 18:38:43 FTClean time: 5.522s
2026-04-28 18:40:23 POS DCU1 : 241.0, Target : 250.0.
2026-04-28 18:40:24 FillDCU (Cycle) time: 7.65s
2026-04-28 18:43:02 ClnCart (Cleaning+Dumping) time: 47.448s
2026-04-28 18:43:25 Sequence: FillCart , Time: 21.375s
2026-04-28 18:43:30 FTClean time: 5.526s
2026-04-28 18:44:10 POS DCU1 : 240.0, Target : 250.0.
2026-04-28 18:44:14 FillDCU (Cycle) time: 10.454s
2026-04-28 18:51:07 FTClean time: 5.522s
2026-04-28 18:51:56 Sequence: FillCart , Time: 27.509s
2026-04-28 18:52:02 FTClean time: 5.524s
2026-04-28 18:52:15 POS DCU1 : 240.9, Target : 250.0.
2026-04-28 18:52:19 FillDCU (Cycle) time: 13.195s
2026-04-28 18:55:42 ClnCart (Cleaning+Dumping) time: 32.155s
2026-04-28 18:56:08 Sequence: FillCart , Time: 24.728s
2026-04-28 18:56:13 FTClean time: 5.52s
2026-04-28 18:57:20 CheckA1Fluid Restart 303.3
2026-04-28 18:57:22 POS DCU1 : 238.6, Target : 250.0.
2026-04-28 18:57:24 FillDCU (Cycle) time: 13.31s
2026-04-28 19:02:44 FTClean time: 6.828s
2026-04-28 19:03:19 Sequence: FillCart , Time: 16.213s
2026-04-28 19:03:26 FTClean time: 6.826s
2026-04-28 19:03:39 POS DCU1 : 243.6, Target : 250.0.
2026-04-28 19:03:40 FillDCU (Cycle) time: 10.791s
2026-04-28 19:06:31 Sequence: FillCart , Time: 22.627s
2026-04-28 19:06:36 FTClean time: 5.523s
2026-04-28 19:08:27 POS DCU1 : 241.0, Target : 250.0.
2026-04-28 19:08:33 FillDCU (Cycle) time: 11.865s
2026-04-28 19:14:27 FTClean time: 5.521s
2026-04-28 19:15:37 Sequence: FillCart , Time: 22.813s
2026-04-28 19:15:43 FTClean time: 5.522s
2026-04-28 19:15:57 POS DCU1 : 240.4, Target : 250.0.
2026-04-28 19:15:58 FillDCU (Cycle) time: 11.905s
2026-04-28 19:17:05 Sequence: FillCart , Time: 20.618s
2026-04-28 19:17:11 FTClean time: 5.52s
2026-04-28 19:20:30 POS DCU1 : 239.4, Target : 250.0.
2026-04-28 19:20:31 FillDCU (Cycle) time: 11.276s
2026-04-28 19:22:41 Sequence: FillCart , Time: 17.446s
2026-04-28 19:22:48 FTClean time: 6.833s
2026-04-28 19:25:25 POS DCU1 : 242.0, Target : 250.0.
2026-04-28 19:25:26 FillDCU (Cycle) time: 10.167s
2026-04-28 19:30:10 FTClean time: 6.827s
2026-04-28 19:35:56 Sequence: FillCart , Time: 23.011s
2026-04-28 19:36:03 FTClean time: 6.829s
2026-04-28 19:36:13 POS DCU1 : 242.9, Target : 250.0.
2026-04-28 19:36:18 FillDCU (Cycle) time: 12.388s
2026-04-28 19:39:12 Sequence: FillCart , Time: 16.76s
2026-04-28 19:39:17 FTClean time: 5.522s
2026-04-28 19:41:38 POS DCU1 : 241.2, Target : 250.0.
2026-04-28 19:41:39 FillDCU (Cycle) time: 11.467s
2026-04-28 19:47:51 FTClean time: 5.521s
2026-04-28 19:52:06 FTClean time: 5.523s
2026-04-28 19:53:22 Sequence: FillCart , Time: 25.809s
2026-04-28 19:53:28 FTClean time: 5.523s
2026-04-28 19:53:38 POS DCU1 : 239.7, Target : 250.0.
2026-04-28 19:53:43 FillDCU (Cycle) time: 11.656s
2026-04-28 20:02:20 FTClean time: 5.518s
2026-04-28 20:10:35 Sequence: FillCart , Time: 23.31s
2026-04-28 20:10:41 FTClean time: 5.522s
2026-04-28 20:10:55 POS DCU1 : 238.2, Target : 250.0.
2026-04-28 20:10:57 FillDCU (Cycle) time: 13.11s
2026-04-28 20:12:54 Sequence: FillCart , Time: 27.585s
2026-04-28 20:13:00 FTClean time: 5.523s
2026-04-28 20:16:09 POS DCU1 : 240.3, Target : 250.0.
2026-04-28 20:16:14 FillDCU (Cycle) time: 13.058s
2026-04-28 20:17:15 ClnCart (Cleaning+Dumping) time: 31.65s
2026-04-28 20:17:40 Sequence: FillCart , Time: 24.735s
2026-04-28 20:17:46 FTClean time: 5.524s
2026-04-28 20:18:10 CheckA1Fluid Restart 296.8
2026-04-28 20:18:12 POS DCU1 : 243.5, Target : 250.0.
2026-04-28 20:18:14 FillDCU (Cycle) time: 13.339s
2026-04-28 20:20:38 FTClean time: 5.522s
2026-04-28 20:21:57 FTClean time: 5.52s
2026-04-28 20:25:52 Sequence: FillCart , Time: 27.916s
2026-04-28 20:25:57 FTClean time: 5.521s
2026-04-28 20:26:11 POS DCU1 : 240.4, Target : 250.0.
2026-04-28 20:26:12 FillDCU (Cycle) time: 11.498s
2026-04-28 20:32:01 Sequence: FillCart , Time: 17.615s
2026-04-28 20:32:06 FTClean time: 5.525s
2026-04-28 20:32:20 POS DCU1 : 243.2, Target : 250.0.
2026-04-28 20:32:21 FillDCU (Cycle) time: 10.778s
2026-04-28 20:37:11 FTClean time: 6.823s
2026-04-28 20:37:33 Sequence: FillCart , Time: 16.011s
2026-04-28 20:37:40 FTClean time: 6.826s
2026-04-28 20:37:50 POS DCU1 : 226.1, Target : 250.0.
2026-04-28 20:37:51 FillDCU (Cycle) time: 7.564s
2026-04-28 20:39:40 Sequence: FillCart , Time: 22.83s
2026-04-28 20:39:45 FTClean time: 5.523s
2026-04-28 20:41:11 POS DCU1 : 242.0, Target : 250.0.
2026-04-28 20:41:17 FillDCU (Cycle) time: 11.966s
2026-04-28 20:44:20 Sequence: FillCart , Time: 14.047s
2026-04-28 20:44:26 FTClean time: 5.525s
2026-04-28 20:47:25 POS DCU1 : 240.3, Target : 250.0.
2026-04-28 20:47:25 FillDCU (Cycle) time: 11.061s
2026-04-28 20:49:14 Sequence: FillCart , Time: 15.713s
2026-04-28 20:49:21 FTClean time: 6.826s
2026-04-28 20:50:30 POS DCU1 : 241.8, Target : 250.0.
2026-04-28 20:50:33 FillDCU (Cycle) time: 7.541s
2026-04-28 20:53:10 ClnCart (Cleaning+Dumping) time: 30.968s
2026-04-28 20:53:31 Sequence: FillCart , Time: 20.841s
2026-04-28 20:53:37 FTClean time: 5.523s
2026-04-28 20:55:33 POS DCU1 : 243.0, Target : 250.0.
2026-04-28 20:55:39 FillDCU (Cycle) time: 11.759s
2026-04-28 21:33:09 POS DCU1 : 238.2, Target : 250.0.
2026-04-28 21:33:10 FillDCU (Cycle) time: 11.113s
2026-04-28 21:45:18 FTClean time: 6.829s
2026-04-28 21:45:59 FTClean time: 5.52s
2026-04-28 21:46:59 FTClean time: 5.52s
2026-04-28 21:48:09 ClnCart (Cleaning+Dumping) time: 32.982s
2026-04-28 21:48:16 FTClean time: 6.827s
2026-04-28 21:49:23 ClnCart (Cleaning+Dumping) time: 31.434s
2026-04-28 21:49:29 FTClean time: 5.518s
2026-04-28 21:50:31 ClnCart (Cleaning+Dumping) time: 42.838s
2026-04-28 21:50:37 FTClean time: 5.522s
2026-04-29 03:46:29 Sequence: FillCart , Time: 29.611s
2026-04-29 03:46:36 FTClean time: 6.831s
2026-04-29 03:46:52 FillDCU (Cycle) time: 13.172s
2026-04-29 03:57:34 POS DCU1 : 241.7, Target : 250.0.
2026-04-29 03:57:34 FillDCU (Cycle) time: 10.3s
2026-04-29 04:07:07 FTClean time: 6.827s
2026-04-29 04:57:10 Sequence: FillCart , Time: 23.011s
2026-04-29 04:57:16 FTClean time: 6.827s
2026-04-29 04:57:32 FillDCU (Cycle) time: 13.062s
2026-04-29 04:58:18 Sequence: FillCart , Time: 22.327s
2026-04-29 04:58:25 FTClean time: 6.827s
2026-04-29 04:59:28 POS DCU1 : 237.8, Target : 250.0.
2026-04-29 04:59:35 FillDCU (Cycle) time: 12.971s
2026-04-29 05:11:47 POS DCU1 : 241.7, Target : 250.0.
2026-04-29 05:11:48 FillDCU (Cycle) time: 6.802s
2026-04-29 05:13:55 FTClean time: 6.831s
2026-04-29 05:15:41 ClnCart (Cleaning+Dumping) time: 78.683s
2026-04-29 05:15:48 FTClean time: 6.827s
2026-04-29 05:42:02 Sequence: FillCart , Time: 21.71s
2026-04-29 05:42:08 FTClean time: 5.524s
2026-04-29 05:42:22 FillDCU (Cycle) time: 10.525s
2026-04-29 05:43:02 Sequence: FillCart , Time: 22.921s
2026-04-29 05:43:07 FTClean time: 5.525s
2026-04-29 05:46:51 POS DCU1 : 243.3, Target : 250.0.
2026-04-29 05:46:54 FillDCU (Cycle) time: 11.771s
2026-04-29 05:53:09 Sequence: FillCart , Time: 19.621s
2026-04-29 05:53:15 FTClean time: 6.827s
2026-04-29 05:53:29 POS DCU1 : 240.0, Target : 250.0.
2026-04-29 05:53:29 FillDCU (Cycle) time: 11.098s
2026-04-29 06:01:35 Sequence: FillCart , Time: 28.013s
2026-04-29 06:01:41 FTClean time: 5.52s
2026-04-29 06:01:53 POS DCU1 : 241.0, Target : 250.0.
2026-04-29 06:01:56 FillDCU (Cycle) time: 11.204s
2026-04-29 06:06:26 Sequence: FillCart , Time: 17.352s
2026-04-29 06:06:32 FTClean time: 6.827s
2026-04-29 06:06:45 POS DCU1 : 239.5, Target : 250.0.
2026-04-29 06:06:46 FillDCU (Cycle) time: 10.873s
2026-04-29 06:10:25 ClnCart (Cleaning+Dumping) time: 30.95s
2026-04-29 06:10:49 Sequence: FillCart , Time: 22.915s
2026-04-29 06:10:55 FTClean time: 5.521s
2026-04-29 06:11:06 POS DCU1 : 239.5, Target : 250.0.
2026-04-29 06:11:10 FillDCU (Cycle) time: 11.677s
2026-04-29 06:16:19 FTClean time: 5.524s
2026-04-29 06:19:13 Sequence: FillCart , Time: 16.62s
2026-04-29 06:19:18 FTClean time: 5.521s
2026-04-29 06:19:32 POS DCU1 : 242.8, Target : 250.0.
2026-04-29 06:19:33 FillDCU (Cycle) time: 10.798s
2026-04-29 06:23:51 ClnCart (Cleaning+Dumping) time: 31.693s
2026-04-29 06:24:20 Sequence: FillCart , Time: 27.811s
2026-04-29 06:24:26 FTClean time: 5.521s
2026-04-29 06:24:36 POS DCU1 : 238.9, Target : 250.0.
2026-04-29 06:24:41 FillDCU (Cycle) time: 11.717s
2026-04-29 06:29:47 FTClean time: 5.521s
2026-04-29 06:30:30 FTClean time: 5.522s
2026-04-29 06:31:34 Sequence: FillCart , Time: 20.609s
2026-04-29 06:31:39 FTClean time: 5.521s
2026-04-29 06:31:53 POS DCU1 : 230.2, Target : 250.0.
2026-04-29 06:31:54 FillDCU (Cycle) time: 10.819s
2026-04-29 06:38:45 Sequence: FillCart , Time: 16.83s
2026-04-29 06:38:50 FTClean time: 5.52s
2026-04-29 06:42:11 POS DCU1 : 243.0, Target : 250.0.
2026-04-29 06:42:11 FillDCU (Cycle) time: 9.56s
2026-04-29 06:43:49 ClnCart (Cleaning+Dumping) time: 31.557s
2026-04-29 06:44:10 Sequence: FillCart , Time: 19.343s
2026-04-29 06:44:15 FTClean time: 5.521s
2026-04-29 06:45:47 POS DCU1 : 241.9, Target : 250.0.
2026-04-29 06:45:49 FillDCU (Cycle) time: 7.354s
2026-04-29 06:49:37 Sequence: FillCart , Time: 17.437s
2026-04-29 06:49:43 FTClean time: 5.522s
2026-04-29 06:51:12 POS DCU1 : 242.4, Target : 250.0.
2026-04-29 06:51:14 FillDCU (Cycle) time: 7.97s
2026-04-29 06:57:44 FTClean time: 5.533s
2026-04-29 06:58:25 Sequence: FillCart , Time: 16.615s
2026-04-29 06:58:31 FTClean time: 5.521s
2026-04-29 06:58:41 POS DCU1 : 241.6, Target : 250.0.
2026-04-29 06:58:42 FillDCU (Cycle) time: 7.751s
2026-04-29 07:06:18 FTClean time: 5.52s
2026-04-29 07:07:11 FTClean time: 5.521s
2026-04-29 07:08:48 FTClean time: 6.821s
2026-04-29 07:14:34 Sequence: FillCart , Time: 16.009s
2026-04-29 07:14:39 FTClean time: 5.519s
2026-04-29 07:14:49 POS DCU1 : 239.6, Target : 250.0.
2026-04-29 07:14:50 FillDCU (Cycle) time: 7.247s
2026-04-29 07:20:01 Sequence: FillCart , Time: 27.626s
2026-04-29 07:20:07 FTClean time: 5.518s
2026-04-29 07:22:08 POS DCU1 : 238.9, Target : 250.0.
2026-04-29 07:22:13 FillDCU (Cycle) time: 11.363s
2026-04-29 07:23:51 Sequence: FillCart , Time: 18.615s
2026-04-29 07:23:57 FTClean time: 6.833s
2026-04-29 07:27:14 POS DCU1 : 243.0, Target : 250.0.
2026-04-29 07:27:17 FillDCU (Cycle) time: 13.184s
2026-04-29 07:30:56 ClnCart (Cleaning+Dumping) time: 31.551s
2026-04-29 07:31:20 Sequence: FillCart , Time: 22.713s
2026-04-29 07:31:25 FTClean time: 5.52s
2026-04-29 07:33:43 POS DCU1 : 243.1, Target : 250.0.
2026-04-29 07:33:48 FillDCU (Cycle) time: 11.565s
2026-04-29 07:35:37 Sequence: FillCart , Time: 21.163s
2026-04-29 07:35:43 FTClean time: 5.529s
2026-04-29 07:38:33 POS DCU1 : 239.4, Target : 250.0.
2026-04-29 07:38:33 FillDCU (Cycle) time: 11.079s
2026-04-29 07:41:08 Sequence: FillCart , Time: 17.44s
2026-04-29 07:41:14 FTClean time: 5.527s
2026-04-29 07:44:02 POS DCU1 : 242.1, Target : 250.0.
2026-04-29 07:44:02 FillDCU (Cycle) time: 10.179s
2026-04-29 07:47:00 Sequence: FillCart , Time: 22.646s
2026-04-29 07:47:07 FTClean time: 6.833s
2026-04-29 07:47:44 POS DCU1 : 241.2, Target : 250.0.
2026-04-29 07:47:50 FillDCU (Cycle) time: 12.164s
2026-04-29 07:50:36 Sequence: FillCart , Time: 21.384s
2026-04-29 07:50:41 FTClean time: 5.523s
2026-04-29 07:53:09 POS DCU1 : 241.7, Target : 250.0.
2026-04-29 07:53:10 FillDCU (Cycle) time: 11.786s
2026-04-29 07:55:03 Sequence: FillCart , Time: 20.543s
2026-04-29 07:55:10 FTClean time: 6.829s
2026-04-29 07:58:06 POS DCU1 : 238.9, Target : 250.0.
2026-04-29 07:58:07 FillDCU (Cycle) time: 11.583s
2026-04-29 08:00:00 Sequence: FillCart , Time: 24.165s
2026-04-29 08:00:06 FTClean time: 5.518s
2026-04-29 08:03:02 POS DCU1 : 238.6, Target : 250.0.
2026-04-29 08:03:03 FillDCU (Cycle) time: 11.787s
2026-04-29 08:04:57 Sequence: FillCart , Time: 16.142s
2026-04-29 08:05:02 FTClean time: 5.522s
2026-04-29 08:08:01 POS DCU1 : 237.8, Target : 250.0.
2026-04-29 08:08:01 FillDCU (Cycle) time: 11.167s
2026-04-29 08:12:18 FTClean time: 5.523s
2026-04-29 08:14:32 Sequence: FillCart , Time: 17.913s
2026-04-29 08:14:38 FTClean time: 5.518s
2026-04-29 08:14:48 POS DCU1 : 241.5, Target : 250.0.
2026-04-29 08:14:49 FillDCU (Cycle) time: 7.666s
2026-04-29 08:16:40 Sequence: FillCart , Time: 14.727s
2026-04-29 08:16:45 FTClean time: 5.529s
2026-04-29 08:18:20 POS DCU1 : 232.6, Target : 250.0.
2026-04-29 08:18:20 FillDCU (Cycle) time: 6.954s
2026-04-29 08:24:13 Sequence: FillCart , Time: 22.719s
2026-04-29 08:24:19 FTClean time: 5.535s
2026-04-29 08:25:27 POS DCU1 : 241.4, Target : 250.0.
2026-04-29 08:25:34 FillDCU (Cycle) time: 11.75s
2026-04-29 08:27:32 Sequence: FillCart , Time: 23.181s
2026-04-29 08:27:38 FTClean time: 5.532s
2026-04-29 08:30:26 POS DCU1 : 239.2, Target : 250.0.
2026-04-29 08:30:28 FillDCU (Cycle) time: 12.493s
2026-04-29 08:32:17 Sequence: FillCart , Time: 19.185s
2026-04-29 08:32:22 FTClean time: 5.528s
2026-04-29 08:35:24 POS DCU1 : 237.5, Target : 250.0.
2026-04-29 08:35:25 FillDCU (Cycle) time: 11.76s
2026-04-29 08:37:16 Sequence: FillCart , Time: 19.337s
2026-04-29 08:37:23 FTClean time: 6.821s
2026-04-29 08:39:25 POS DCU1 : 243.2, Target : 250.0.
2026-04-29 08:39:28 FillDCU (Cycle) time: 9.955s
2026-04-29 08:44:45 FTClean time: 5.523s
2026-04-29 08:45:30 Sequence: FillCart , Time: 21.813s
2026-04-29 08:45:36 FTClean time: 5.522s
2026-04-29 08:45:48 POS DCU1 : 239.9, Target : 250.0.
2026-04-29 08:45:51 FillDCU (Cycle) time: 11.58s
2026-04-29 08:53:48 FTClean time: 5.521s
2026-04-29 08:54:36 Sequence: FillCart , Time: 26.413s
2026-04-29 08:54:42 FTClean time: 5.524s
2026-04-29 08:54:56 POS DCU1 : 238.3, Target : 250.0.
2026-04-29 08:54:57 FillDCU (Cycle) time: 11.432s
2026-04-29 09:02:43 FTClean time: 5.519s
2026-04-29 09:03:32 FTClean time: 6.827s
2026-04-29 09:08:58 Sequence: FillCart , Time: 18.012s
2026-04-29 09:09:03 FTClean time: 5.521s
2026-04-29 09:09:17 POS DCU1 : 241.8, Target : 250.0.
2026-04-29 09:09:18 FillDCU (Cycle) time: 10.768s
2026-04-29 09:13:09 FTClean time: 5.522s
2026-04-29 09:13:41 Sequence: FillCart , Time: 24.314s
2026-04-29 09:13:48 FTClean time: 6.827s
2026-04-29 09:13:57 POS DCU1 : 241.7, Target : 250.0.
2026-04-29 09:14:01 FillDCU (Cycle) time: 10.852s
2026-04-29 09:21:55 FTClean time: 5.522s
2026-04-29 09:22:24 Sequence: FillCart , Time: 23.71s
2026-04-29 09:22:30 FTClean time: 5.522s
2026-04-29 09:22:43 POS DCU1 : 238.7, Target : 250.0.
2026-04-29 09:22:45 FillDCU (Cycle) time: 11.57s
2026-04-29 09:26:49 Sequence: FillCart , Time: 15.534s
2026-04-29 09:26:55 FTClean time: 5.528s
2026-04-29 09:27:16 POS DCU1 : 242.5, Target : 250.0.
2026-04-29 09:27:16 FillDCU (Cycle) time: 10.966s
2026-04-29 09:31:46 FTClean time: 5.523s
2026-04-29 09:32:37 FTClean time: 5.521s
2026-04-29 09:33:07 Sequence: FillCart , Time: 16.012s
2026-04-29 09:33:12 FTClean time: 5.521s
2026-04-29 09:33:22 POS DCU1 : 239.4, Target : 250.0.
2026-04-29 09:33:24 FillDCU (Cycle) time: 7.65s
2026-04-29 09:38:05 FTClean time: 5.523s
2026-04-29 09:41:09 FTClean time: 6.825s
2026-04-29 09:42:59 Sequence: FillCart , Time: 20.708s
2026-04-29 09:43:05 FTClean time: 5.521s
2026-04-29 09:43:15 POS DCU1 : 242.4, Target : 250.0.
2026-04-29 09:43:19 FillDCU (Cycle) time: 10.376s
2026-04-29 09:47:18 Sequence: FillCart , Time: 17.445s
2026-04-29 09:47:24 FTClean time: 5.522s
2026-04-29 09:47:47 POS DCU1 : 238.0, Target : 250.0.
2026-04-29 09:47:47 FillDCU (Cycle) time: 9.36s
2026-04-29 09:51:33 Sequence: FillCart , Time: 16.011s
2026-04-29 09:51:40 FTClean time: 6.827s
2026-04-29 09:51:49 POS DCU1 : 242.5, Target : 250.0.
2026-04-29 09:51:50 FillDCU (Cycle) time: 7.155s
2026-04-29 09:56:13 FTClean time: 5.521s
2026-04-29 09:57:10 FTClean time: 6.827s
2026-04-29 10:01:54 Sequence: FillCart , Time: 22.918s
2026-04-29 10:01:59 FTClean time: 5.522s
2026-04-29 10:02:09 POS DCU1 : 241.6, Target : 250.0.
2026-04-29 10:02:15 FillDCU (Cycle) time: 11.916s
2026-04-29 10:06:52 Sequence: FillCart , Time: 20.476s
2026-04-29 10:06:59 FTClean time: 6.825s
2026-04-29 10:07:13 POS DCU1 : 243.3, Target : 250.0.
2026-04-29 10:07:14 FillDCU (Cycle) time: 11.552s
2026-04-29 10:12:49 Sequence: FillCart , Time: 27.808s
2026-04-29 10:12:55 FTClean time: 5.525s
2026-04-29 10:13:09 POS DCU1 : 242.3, Target : 250.0.
2026-04-29 10:13:11 FillDCU (Cycle) time: 12.963s
2026-04-29 10:19:37 FTClean time: 5.521s
2026-04-29 10:20:14 Sequence: FillCart , Time: 13.811s
2026-04-29 10:20:19 FTClean time: 5.523s
2026-04-29 10:20:35 POS DCU1 : 241.1, Target : 250.0.
2026-04-29 10:20:35 FillDCU (Cycle) time: 12.187s
2026-04-29 10:22:27 Sequence: FillCart , Time: 22.315s
2026-04-29 10:22:33 FTClean time: 5.524s
2026-04-29 10:23:14 POS DCU1 : 242.2, Target : 250.0.
2026-04-29 10:23:21 FillDCU (Cycle) time: 11.453s
2026-04-29 10:27:13 ClnCart (Cleaning+Dumping) time: 31.271s
2026-04-29 10:27:35 Sequence: FillCart , Time: 21.324s
2026-04-29 10:27:41 FTClean time: 5.521s
2026-04-29 10:28:26 POS DCU1 : 240.6, Target : 250.0.
2026-04-29 10:28:28 FillDCU (Cycle) time: 11.812s
2026-04-29 10:32:29 Sequence: FillCart , Time: 25.557s
2026-04-29 10:32:36 FTClean time: 6.831s
2026-04-29 10:33:24 POS DCU1 : 229.9, Target : 250.0.
2026-04-29 10:33:25 FillDCU (Cycle) time: 11.115s
2026-04-29 10:36:41 Sequence: FillCart , Time: 20.559s
2026-04-29 10:36:47 FTClean time: 5.53s
2026-04-29 10:38:17 POS DCU1 : 240.3, Target : 250.0.
2026-04-29 10:38:18 FillDCU (Cycle) time: 10.071s
2026-04-29 10:40:58 Sequence: FillCart , Time: 22.682s
2026-04-29 10:41:05 FTClean time: 6.831s
2026-04-29 10:43:11 POS DCU1 : 241.3, Target : 250.0.
2026-04-29 10:43:14 FillDCU (Cycle) time: 11.989s
2026-04-29 10:54:43 FTClean time: 5.522s
2026-04-29 10:58:17 FTClean time: 5.524s
2026-04-29 11:05:06 Sequence: FillCart , Time: 13.913s
2026-04-29 11:05:12 FTClean time: 5.522s
2026-04-29 11:05:26 POS DCU1 : 241.1, Target : 250.0.
2026-04-29 11:05:27 FillDCU (Cycle) time: 11.177s
2026-04-29 11:06:41 Sequence: FillCart , Time: 16.713s
2026-04-29 11:06:47 FTClean time: 5.519s
2026-04-29 11:08:04 POS DCU1 : 242.2, Target : 250.0.
2026-04-29 11:08:07 FillDCU (Cycle) time: 7.441s
2026-04-29 11:12:33 FTClean time: 5.522s
2026-04-29 11:15:31 Sequence: FillCart , Time: 22.909s
2026-04-29 11:15:36 FTClean time: 5.519s
2026-04-29 11:15:46 POS DCU1 : 241.4, Target : 250.0.
2026-04-29 11:15:52 FillDCU (Cycle) time: 12.389s
2026-04-29 11:21:00 FTClean time: 6.829s
2026-04-29 11:23:26 Sequence: FillCart , Time: 20.716s
2026-04-29 11:23:33 FTClean time: 6.825s
2026-04-29 11:23:46 POS DCU1 : 243.4, Target : 250.0.
2026-04-29 11:23:47 FillDCU (Cycle) time: 11.48s
2026-04-29 11:28:58 FTClean time: 5.521s
2026-04-29 11:29:40 Sequence: FillCart , Time: 15.712s
2026-04-29 11:29:46 FTClean time: 5.522s
2026-04-29 11:29:57 POS DCU1 : 235.8, Target : 250.0.
2026-04-29 11:29:57 FillDCU (Cycle) time: 7.861s
2026-04-29 11:35:43 Sequence: FillCart , Time: 22.843s
2026-04-29 11:35:49 FTClean time: 5.521s
2026-04-29 11:35:59 POS DCU1 : 243.0, Target : 250.0.
2026-04-29 11:36:05 FillDCU (Cycle) time: 11.868s
2026-04-29 11:43:37 FTClean time: 5.521s
2026-04-29 11:44:21 Sequence: FillCart , Time: 21.116s
2026-04-29 11:44:27 FTClean time: 5.52s
2026-04-29 11:44:41 POS DCU1 : 239.5, Target : 250.0.
2026-04-29 11:44:41 FillDCU (Cycle) time: 11.294s
2026-04-29 11:52:49 FTClean time: 5.519s
2026-04-29 11:53:35 Sequence: FillCart , Time: 24.211s
2026-04-29 11:53:41 FTClean time: 5.519s
2026-04-29 11:53:54 POS DCU1 : 237.7, Target : 250.0.
2026-04-29 11:53:57 FillDCU (Cycle) time: 13.004s
2026-04-29 12:16:59 Sequence: FillCart , Time: 96.152s
2026-04-29 12:17:04 FTClean time: 5.523s
2026-04-29 12:17:15 POS DCU1 : 239.9, Target : 250.0.
2026-04-29 12:17:16 FillDCU (Cycle) time: 8.052s
2026-04-29 12:18:54 FTClean time: 6.825s
2026-04-29 12:19:39 FTClean time: 5.521s
2026-04-29 12:20:01 Sequence: FillCart , Time: 16.112s
2026-04-29 12:20:08 FTClean time: 6.831s
2026-04-29 12:20:18 FillDCU (Cycle) time: 7.235s
2026-04-29 12:21:49 Sequence: FillCart , Time: 21.231s
2026-04-29 12:21:56 FTClean time: 6.828s
2026-04-29 12:23:59 POS DCU1 : 240.8, Target : 250.0.
2026-04-29 12:24:04 FillDCU (Cycle) time: 11.755s
2026-04-29 12:25:41 Sequence: FillCart , Time: 18.729s
2026-04-29 12:25:47 FTClean time: 5.524s
2026-04-29 12:29:06 POS DCU1 : 243.3, Target : 250.0.
2026-04-29 12:29:06 FillDCU (Cycle) time: 11.058s
2026-04-29 12:31:44 Sequence: FillCart , Time: 24.392s
2026-04-29 12:31:51 FTClean time: 6.834s
2026-04-29 12:33:30 POS DCU1 : 243.1, Target : 250.0.
2026-04-29 12:33:37 FillDCU (Cycle) time: 13.156s
2026-04-29 12:38:58 FTClean time: 5.519s
2026-04-29 12:40:54 Sequence: FillCart , Time: 23.417s
2026-04-29 12:41:00 FTClean time: 5.522s
2026-04-29 12:41:13 POS DCU1 : 241.4, Target : 250.0.
2026-04-29 12:41:17 FillDCU (Cycle) time: 12.998s
2026-04-29 12:45:52 Sequence: FillCart , Time: 23.555s
2026-04-29 12:45:58 FTClean time: 6.825s
2026-04-29 12:46:52 POS DCU1 : 239.6, Target : 250.0.
2026-04-29 12:46:52 FillDCU (Cycle) time: 11.788s
2026-04-29 12:49:21 Sequence: FillCart , Time: 14.869s
2026-04-29 12:49:28 FTClean time: 6.83s
2026-04-29 12:52:06 POS DCU1 : 239.9, Target : 250.0.
2026-04-29 12:52:06 FillDCU (Cycle) time: 9.956s
2026-04-29 12:57:00 FTClean time: 5.521s
2026-04-29 12:57:40 Sequence: FillCart , Time: 17.043s
2026-04-29 12:57:46 FTClean time: 5.519s
2026-04-29 12:57:54 POS DCU1 : 241.6, Target : 250.0.
2026-04-29 12:57:57 FillDCU (Cycle) time: 7.945s
2026-04-29 13:05:27 Sequence: FillCart , Time: 23.81s
2026-04-29 13:05:33 FTClean time: 5.522s
2026-04-29 13:05:43 POS DCU1 : 241.7, Target : 250.0.
2026-04-29 13:05:48 FillDCU (Cycle) time: 11.805s
2026-04-29 13:07:32 Sequence: FillCart , Time: 23.747s
2026-04-29 13:07:37 FTClean time: 5.519s
2026-04-29 13:10:26 POS DCU1 : 238.2, Target : 250.0.
2026-04-29 13:10:29 FillDCU (Cycle) time: 13.392s
2026-04-29 13:15:00 Sequence: FillCart , Time: 22.356s
2026-04-29 13:15:05 FTClean time: 5.525s
2026-04-29 13:16:46 POS DCU1 : 243.4, Target : 250.0.
2026-04-29 13:16:49 FillDCU (Cycle) time: 11.993s
2026-04-29 13:22:47 Sequence: FillCart , Time: 20.213s
2026-04-29 13:22:53 FTClean time: 5.517s
2026-04-29 13:23:07 POS DCU1 : 243.5, Target : 250.0.
2026-04-29 13:23:08 FillDCU (Cycle) time: 11.282s
2026-04-29 13:28:13 FTClean time: 5.519s
2026-04-29 13:28:56 Sequence: FillCart , Time: 22.816s
2026-04-29 13:29:01 FTClean time: 5.52s
2026-04-29 13:29:14 POS DCU1 : 238.5, Target : 250.0.
2026-04-29 13:29:17 FillDCU (Cycle) time: 11.701s
2026-04-29 13:37:10 FTClean time: 5.52s
2026-04-29 13:42:25 Sequence: FillCart , Time: 17.114s
2026-04-29 13:42:31 FTClean time: 5.521s
2026-04-29 13:42:45 POS DCU1 : 241.0, Target : 250.0.
2026-04-29 13:42:45 FillDCU (Cycle) time: 10.98s
2026-04-29 13:48:04 FTClean time: 6.828s
2026-04-29 13:49:43 FTClean time: 5.524s
2026-04-29 13:55:20 Sequence: FillCart , Time: 20.211s
2026-04-29 13:55:26 FTClean time: 6.83s
2026-04-29 13:55:35 POS DCU1 : 238.5, Target : 250.0.
2026-04-29 13:55:40 FillDCU (Cycle) time: 10.86s
2026-04-29 13:58:39 Sequence: FillCart , Time: 22.651s
2026-04-29 13:58:45 FTClean time: 5.522s
2026-04-29 14:02:00 POS DCU1 : 241.9, Target : 250.0.
2026-04-29 14:02:02 FillDCU (Cycle) time: 11.485s
2026-04-29 14:08:29 FTClean time: 6.829s
2026-04-29 14:09:05 Sequence: FillCart , Time: 17.411s
2026-04-29 14:09:12 FTClean time: 6.826s
2026-04-29 14:09:25 POS DCU1 : 241.4, Target : 250.0.
2026-04-29 14:09:26 FillDCU (Cycle) time: 10.876s
2026-04-29 14:19:55 FTClean time: 6.828s
2026-04-29 14:20:40 Sequence: FillCart , Time: 23.515s
2026-04-29 14:20:47 FTClean time: 6.828s
2026-04-29 14:20:57 POS DCU1 : 238.7, Target : 250.0.
2026-04-29 14:21:03 FillDCU (Cycle) time: 13.312s
2026-04-29 14:26:06 ClnCart (Cleaning+Dumping) time: 31.999s
2026-04-29 14:26:31 Sequence: FillCart , Time: 24.364s
2026-04-29 14:26:37 FTClean time: 5.533s
2026-04-29 14:29:22 POS DCU1 : 243.0, Target : 250.0.
2026-04-29 14:29:23 FillDCU (Cycle) time: 12.686s
2026-04-29 14:31:29 Sequence: FillCart , Time: 22.485s
2026-04-29 14:31:34 FTClean time: 5.521s
2026-04-29 14:34:19 POS DCU1 : 243.4, Target : 250.0.
2026-04-29 14:34:22 FillDCU (Cycle) time: 12.483s
2026-04-29 14:39:50 FTClean time: 5.521s
2026-04-29 14:40:30 Sequence: FillCart , Time: 16.71s
2026-04-29 14:40:35 FTClean time: 5.524s
2026-04-29 14:40:50 POS DCU1 : 241.1, Target : 250.0.
2026-04-29 14:40:51 FillDCU (Cycle) time: 11.659s
2026-04-29 14:45:29 Sequence: FillCart , Time: 23.074s
2026-04-29 14:45:34 FTClean time: 5.521s
2026-04-29 14:46:42 POS DCU1 : 239.6, Target : 250.0.
2026-04-29 14:46:48 FillDCU (Cycle) time: 12.363s
2026-04-29 14:48:46 Sequence: FillCart , Time: 22.88s
2026-04-29 14:48:53 FTClean time: 6.829s
2026-04-29 14:51:45 POS DCU1 : 238.1, Target : 250.0.
2026-04-29 14:51:46 FillDCU (Cycle) time: 11.773s
2026-04-29 14:53:41 Sequence: FillCart , Time: 15.64s
2026-04-29 14:53:48 FTClean time: 6.826s
2026-04-29 14:56:38 POS DCU1 : 241.1, Target : 250.0.
2026-04-29 14:56:38 FillDCU (Cycle) time: 9.862s
2026-04-29 14:58:50 Sequence: FillCart , Time: 23.448s
2026-04-29 14:58:55 FTClean time: 5.523s
2026-04-29 15:00:35 POS DCU1 : 243.5, Target : 250.0.
2026-04-29 15:00:41 FillDCU (Cycle) time: 11.861s
2026-04-29 15:06:14 FTClean time: 5.519s
2026-04-29 15:11:14 Sequence: FillCart , Time: 21.111s
2026-04-29 15:11:19 FTClean time: 5.521s
2026-04-29 15:11:33 POS DCU1 : 240.1, Target : 250.0.
2026-04-29 15:11:35 FillDCU (Cycle) time: 11.836s
2026-04-29 15:13:24 ClnCart (Cleaning+Dumping) time: 31.58s
2026-04-29 15:13:49 Sequence: FillCart , Time: 23.015s
2026-04-29 15:13:54 FTClean time: 5.535s
2026-04-29 15:16:22 POS DCU1 : 239.8, Target : 250.0.
2026-04-29 15:16:23 FillDCU (Cycle) time: 11.682s
2026-04-29 15:22:00 FTClean time: 6.824s
2026-04-29 15:22:41 Sequence: FillCart , Time: 21.113s
2026-04-29 15:22:48 FTClean time: 6.828s
2026-04-29 15:23:01 POS DCU1 : 243.0, Target : 250.0.
2026-04-29 15:23:02 FillDCU (Cycle) time: 11.286s
2026-04-29 15:27:27 Sequence: FillCart , Time: 17.248s
2026-04-29 15:27:33 FTClean time: 5.523s
2026-04-29 15:30:21 POS DCU1 : 238.4, Target : 250.0.
2026-04-29 15:30:22 FillDCU (Cycle) time: 10.758s
2026-04-29 15:34:31 Sequence: FillCart , Time: 21.71s
2026-04-29 15:34:38 FTClean time: 6.832s
2026-04-29 15:34:47 POS DCU1 : 239.1, Target : 250.0.
2026-04-29 15:34:52 FillDCU (Cycle) time: 10.874s
2026-04-29 15:37:19 Sequence: FillCart , Time: 22.439s
2026-04-29 15:37:26 FTClean time: 6.844s
2026-04-29 15:39:22 POS DCU1 : 241.8, Target : 250.0.
2026-04-29 15:39:24 FillDCU (Cycle) time: 11.669s
2026-04-29 15:46:39 Sequence: FillCart , Time: 21.911s
2026-04-29 15:46:45 FTClean time: 5.525s
2026-04-29 15:46:59 POS DCU1 : 243.1, Target : 250.0.
2026-04-29 15:47:00 FillDCU (Cycle) time: 11.714s
2026-04-29 15:52:13 FTClean time: 6.825s
2026-04-29 15:52:52 Sequence: FillCart , Time: 22.611s
2026-04-29 15:52:59 FTClean time: 6.826s
2026-04-29 15:53:12 POS DCU1 : 238.5, Target : 250.0.
2026-04-29 15:53:15 FillDCU (Cycle) time: 13.209s
2026-04-29 15:57:51 Sequence: FillCart , Time: 13.843s
2026-04-29 15:57:56 FTClean time: 5.525s
2026-04-29 16:00:50 POS DCU1 : 238.4, Target : 250.0.
2026-04-29 16:00:50 FillDCU (Cycle) time: 7.041s
2026-04-29 16:15:39 Sequence: FillCart , Time: 17.212s
2026-04-29 16:15:45 FTClean time: 5.523s
2026-04-29 16:15:53 POS DCU1 : 239.3, Target : 250.0.
2026-04-29 16:15:56 FillDCU (Cycle) time: 7.652s
2026-04-29 16:17:51 Sequence: FillCart , Time: 28.725s
2026-04-29 16:17:58 FTClean time: 6.825s
2026-04-29 16:19:09 POS DCU1 : 239.2, Target : 250.0.
2026-04-29 16:19:14 FillDCU (Cycle) time: 11.653s
2026-04-29 16:21:09 ClnCart (Cleaning+Dumping) time: 76.107s
2026-04-29 16:21:33 Sequence: FillCart , Time: 22.447s
2026-04-29 16:21:40 FTClean time: 6.828s
2026-04-29 16:24:28 POS DCU1 : 242.2, Target : 250.0.
2026-04-29 16:24:29 FillDCU (Cycle) time: 10.771s
2026-04-29 16:25:44 ClnCart (Cleaning+Dumping) time: 32.893s
2026-04-29 16:26:05 Sequence: FillCart , Time: 20.339s
2026-04-29 16:26:12 FTClean time: 6.83s
2026-04-29 16:27:41 POS DCU1 : 238.7, Target : 250.0.
2026-04-29 16:27:42 FillDCU (Cycle) time: 8.76s
2026-04-29 16:30:30 FTClean time: 5.521s
2026-04-29 16:31:17 Sequence: FillCart , Time: 23.911s
2026-04-29 16:31:22 FTClean time: 5.523s
2026-04-29 16:31:34 POS DCU1 : 238.6, Target : 250.0.
2026-04-29 16:31:38 FillDCU (Cycle) time: 11.859s
2026-04-29 16:32:38 ClnCart (Cleaning+Dumping) time: 30.842s
2026-04-29 16:33:02 Sequence: FillCart , Time: 22.757s
2026-04-29 16:33:08 FTClean time: 5.531s
2026-04-29 16:36:06 POS DCU1 : 239.2, Target : 250.0.
2026-04-29 16:36:07 FillDCU (Cycle) time: 11.682s
2026-04-29 16:38:15 Sequence: FillCart , Time: 22.639s
2026-04-29 16:38:20 FTClean time: 5.522s
2026-04-29 16:41:04 POS DCU1 : 238.4, Target : 250.0.
2026-04-29 16:41:06 FillDCU (Cycle) time: 12.385s
2026-04-29 16:46:34 FTClean time: 5.521s
2026-04-29 16:47:20 Sequence: FillCart , Time: 23.416s
2026-04-29 16:47:25 FTClean time: 5.52s
2026-04-29 16:47:40 POS DCU1 : 238.5, Target : 250.0.
2026-04-29 16:47:41 FillDCU (Cycle) time: 11.921s
2026-04-29 16:55:31 FTClean time: 6.826s
2026-04-29 17:02:34 Sequence: FillCart , Time: 23.014s
2026-04-29 17:02:41 FTClean time: 6.83s
2026-04-29 17:02:55 POS DCU1 : 239.7, Target : 250.0.
2026-04-29 17:02:55 FillDCU (Cycle) time: 11.009s
2026-04-29 17:13:57 FTClean time: 6.829s
2026-04-29 17:16:59 Sequence: FillCart , Time: 23.309s
2026-04-29 17:17:05 FTClean time: 6.82s
2026-04-29 17:17:18 POS DCU1 : 240.3, Target : 250.0.
2026-04-29 17:17:22 FillDCU (Cycle) time: 13.438s
2026-04-29 17:27:53 FTClean time: 6.829s
2026-04-29 17:28:28 Sequence: FillCart , Time: 16.41s
2026-04-29 17:28:35 FTClean time: 6.824s
2026-04-29 17:28:45 POS DCU1 : 241.4, Target : 250.0.
2026-04-29 17:28:46 FillDCU (Cycle) time: 8.165s
2026-04-29 17:35:49 ClnCart (Cleaning+Dumping) time: 31.697s
2026-04-29 17:36:07 Sequence: FillCart , Time: 16.912s
2026-04-29 17:36:13 FTClean time: 5.524s
2026-04-29 17:38:12 POS DCU1 : 239.4, Target : 250.0.
2026-04-29 17:38:13 FillDCU (Cycle) time: 7.454s
2026-04-29 17:41:15 Sequence: FillCart , Time: 20.13s
2026-04-29 17:41:21 FTClean time: 6.839s
2026-04-29 17:42:07 POS DCU1 : 238.4, Target : 250.0.
2026-04-29 17:42:12 FillDCU (Cycle) time: 10.747s
2026-04-29 17:45:50 Sequence: FillCart , Time: 15.629s
2026-04-29 17:45:55 FTClean time: 5.522s
2026-04-29 17:48:29 POS DCU1 : 243.2, Target : 250.0.
2026-04-29 17:48:29 FillDCU (Cycle) time: 9.873s
2026-04-29 17:52:55 FTClean time: 5.521s
2026-04-29 17:53:14 Sequence: FillCart , Time: 13.813s
2026-04-29 17:53:19 FTClean time: 5.52s
2026-04-29 17:53:29 POS DCU1 : 240.3, Target : 250.0.
2026-04-29 17:53:30 FillDCU (Cycle) time: 6.633s
2026-04-29 17:57:16 FTClean time: 6.828s
2026-04-29 18:02:51 Sequence: FillCart , Time: 16.613s
2026-04-29 18:02:58 FTClean time: 6.826s
2026-04-29 18:03:05 POS DCU1 : 241.7, Target : 250.0.
2026-04-29 18:03:08 FillDCU (Cycle) time: 7.551s
2026-04-29 18:06:14 Sequence: FillCart , Time: 22.725s
2026-04-29 18:06:20 FTClean time: 5.524s
2026-04-29 18:07:29 POS DCU1 : 241.4, Target : 250.0.
2026-04-29 18:07:35 FillDCU (Cycle) time: 11.784s
2026-04-29 18:13:00 FTClean time: 6.828s
2026-04-29 18:14:15 Sequence: FillCart , Time: 15.613s
2026-04-29 18:14:22 FTClean time: 6.828s
2026-04-29 18:14:35 POS DCU1 : 240.5, Target : 250.0.
2026-04-29 18:14:35 FillDCU (Cycle) time: 10.873s
2026-04-29 18:19:42 ClnCart (Cleaning+Dumping) time: 31.359s
2026-04-29 18:20:07 Sequence: FillCart , Time: 23.516s
2026-04-29 18:20:13 FTClean time: 5.526s
2026-04-29 18:20:44 POS DCU1 : 238.7, Target : 250.0.
2026-04-29 18:20:49 FillDCU (Cycle) time: 11.463s
2026-04-29 18:24:28 Sequence: FillCart , Time: 22.401s
2026-04-29 18:24:34 FTClean time: 5.527s
2026-04-29 18:26:02 POS DCU1 : 242.6, Target : 250.0.
2026-04-29 18:26:04 FillDCU (Cycle) time: 12.183s
2026-04-29 18:33:47 FTClean time: 6.826s
2026-04-29 18:40:13 Sequence: FillCart , Time: 20.517s
2026-04-29 18:40:20 FTClean time: 6.829s
2026-04-29 18:40:33 POS DCU1 : 229.8, Target : 250.0.
2026-04-29 18:40:34 FillDCU (Cycle) time: 11.494s
2026-04-29 18:41:41 Sequence: FillCart , Time: 19.929s
2026-04-29 18:41:46 FTClean time: 5.532s
2026-04-29 18:45:02 POS DCU1 : 240.2, Target : 250.0.
2026-04-29 18:45:03 FillDCU (Cycle) time: 10.276s
2026-04-29 18:46:51 Sequence: FillCart , Time: 16.661s
2026-04-29 18:46:56 FTClean time: 5.529s
2026-04-29 18:49:56 POS DCU1 : 241.8, Target : 250.0.
2026-04-29 18:49:57 FillDCU (Cycle) time: 9.454s
2026-04-29 18:52:51 Sequence: FillCart , Time: 21.143s
2026-04-29 18:52:57 FTClean time: 5.523s
2026-04-29 18:54:22 POS DCU1 : 241.3, Target : 250.0.
2026-04-29 18:54:27 FillDCU (Cycle) time: 11.551s
2026-04-29 18:59:55 FTClean time: 5.523s
2026-04-29 19:00:44 FTClean time: 6.827s
2026-04-29 19:03:38 Sequence: FillCart , Time: 23.914s
2026-04-29 19:03:44 FTClean time: 5.524s
2026-04-29 19:03:58 POS DCU1 : 242.3, Target : 250.0.
2026-04-29 19:04:01 FillDCU (Cycle) time: 13.417s
2026-04-29 19:15:23 FTClean time: 5.522s
2026-04-29 19:17:40 Sequence: FillCart , Time: 15.711s
2026-04-29 19:17:47 FTClean time: 6.829s
2026-04-29 19:17:56 FillDCU (Cycle) time: 6.518s
2026-04-29 19:23:07 Sequence: FillCart , Time: 22.51s
2026-04-29 19:23:12 FTClean time: 5.522s
2026-04-29 19:23:21 POS DCU1 : 243.2, Target : 250.0.
2026-04-29 19:23:27 FillDCU (Cycle) time: 11.356s
2026-04-29 19:29:48 FTClean time: 5.523s
2026-04-29 19:33:13 Sequence: FillCart , Time: 16.714s
2026-04-29 19:33:19 FTClean time: 5.519s
2026-04-29 19:33:33 POS DCU1 : 241.1, Target : 250.0.
2026-04-29 19:33:33 FillDCU (Cycle) time: 10.879s
2026-04-29 19:35:56 ClnCart (Cleaning+Dumping) time: 32.244s
2026-04-29 19:36:14 Sequence: FillCart , Time: 17.041s
2026-04-29 19:36:20 FTClean time: 5.523s
2026-04-29 19:37:52 POS DCU1 : 242.9, Target : 250.0.
2026-04-29 19:37:52 FillDCU (Cycle) time: 7.552s
2026-04-29 19:42:09 FTClean time: 5.521s
2026-04-29 19:44:16 FTClean time: 5.519s
2026-04-29 19:47:13 Sequence: FillCart , Time: 20.81s
2026-04-29 19:47:18 FTClean time: 5.519s
2026-04-29 19:47:28 POS DCU1 : 241.3, Target : 250.0.
2026-04-29 19:47:33 FillDCU (Cycle) time: 11.263s
2026-04-29 19:49:14 Sequence: FillCart , Time: 22.683s
2026-04-29 19:49:20 FTClean time: 5.526s
2026-04-29 19:52:01 POS DCU1 : 243.4, Target : 250.0.
2026-04-29 19:52:02 FillDCU (Cycle) time: 11.579s
2026-04-29 20:06:11 FTClean time: 5.524s
2026-04-29 20:09:37 FTClean time: 5.521s
2026-04-29 20:15:08 Sequence: FillCart , Time: 22.612s
2026-04-29 20:15:13 FTClean time: 5.522s
2026-04-29 20:15:28 POS DCU1 : 239.3, Target : 250.0.
2026-04-29 20:15:29 FillDCU (Cycle) time: 11.712s
2026-04-29 20:19:11 Sequence: FillCart , Time: 20.86s
2026-04-29 20:19:17 FTClean time: 5.524s
2026-04-29 20:20:00 POS DCU1 : 238.2, Target : 250.0.
2026-04-29 20:20:01 FillDCU (Cycle) time: 11.582s
2026-04-29 20:26:22 FTClean time: 5.522s
2026-04-29 20:28:16 Sequence: FillCart , Time: 16.212s
2026-04-29 20:28:21 FTClean time: 5.522s
2026-04-29 20:28:35 POS DCU1 : 240.0, Target : 250.0.
2026-04-29 20:28:36 FillDCU (Cycle) time: 10.862s
2026-04-29 20:33:43 FTClean time: 6.83s
2026-04-29 20:45:46 Sequence: FillCart , Time: 16.113s
2026-04-29 20:45:53 FTClean time: 6.829s
2026-04-29 20:46:01 POS DCU1 : 241.6, Target : 250.0.
2026-04-29 20:46:03 FillDCU (Cycle) time: 7.445s
2026-04-29 20:50:34 FTClean time: 6.827s
2026-04-29 20:51:43 Sequence: FillCart , Time: 16.209s
2026-04-29 20:51:50 FTClean time: 6.828s
2026-04-29 20:51:59 POS DCU1 : 239.4, Target : 250.0.
2026-04-29 20:52:00 FillDCU (Cycle) time: 7.162s
2026-04-29 20:53:10 Sequence: FillCart , Time: 19.756s
2026-04-29 20:53:15 FTClean time: 5.522s
2026-04-29 20:53:29 FillDCU (Cycle) time: 10.136s
2026-04-29 20:59:40 Sequence: FillCart , Time: 18.77s
2026-04-29 20:59:47 FTClean time: 6.831s
2026-04-29 21:00:10 POS DCU1 : 240.3, Target : 250.0.
2026-04-29 21:00:10 FillDCU (Cycle) time: 9.762s
2026-04-29 21:05:23 FTClean time: 6.827s
2026-04-29 21:09:59 Sequence: FillCart , Time: 22.813s
2026-04-29 21:10:06 FTClean time: 6.824s
2026-04-29 21:10:15 POS DCU1 : 242.8, Target : 250.0.
2026-04-29 21:10:20 FillDCU (Cycle) time: 12.065s
2026-04-29 21:17:53 POS DCU1 : 240.4, Target : 250.0.
2026-04-29 21:17:53 FillDCU (Cycle) time: 11.209s
2026-04-29 21:18:49 FTClean time: 6.827s
2026-04-29 21:19:31 FTClean time: 5.522s
2026-04-29 21:20:30 FTClean time: 5.519s
2026-04-29 21:21:41 ClnCart (Cleaning+Dumping) time: 33.488s
2026-04-29 21:21:47 FTClean time: 6.831s
2026-04-29 21:22:54 ClnCart (Cleaning+Dumping) time: 31.037s
2026-04-29 21:23:00 FTClean time: 5.52s
2026-04-29 21:23:51 ClnCart (Cleaning+Dumping) time: 31.537s
2026-04-29 21:23:56 FTClean time: 5.524s
2026-04-30 04:48:01 Sequence: FillCart , Time: 24.009s
2026-04-30 04:48:08 FTClean time: 6.827s
2026-04-30 04:48:23 FillDCU (Cycle) time: 13.041s
2026-04-30 04:49:04 Sequence: FillCart , Time: 18.913s
2026-04-30 04:49:11 FTClean time: 6.836s
2026-04-30 04:50:18 POS DCU1 : 238.4, Target : 250.0.
2026-04-30 04:50:26 FillDCU (Cycle) time: 13.375s
2026-04-30 04:54:45 POS DCU1 : 242.4, Target : 250.0.
2026-04-30 04:54:45 FillDCU (Cycle) time: 6.802s
2026-04-30 04:56:38 FTClean time: 6.828s
2026-04-30 04:58:24 ClnCart (Cleaning+Dumping) time: 78.688s
2026-04-30 04:58:31 FTClean time: 6.823s
2026-04-30 05:56:24 Sequence: FillCart , Time: 21.611s
2026-04-30 05:56:31 FTClean time: 6.827s
2026-04-30 05:56:45 FillDCU (Cycle) time: 11.253s
2026-04-30 05:58:29 Sequence: FillCart , Time: 22.429s
2026-04-30 05:58:35 FTClean time: 5.523s
2026-04-30 06:01:54 POS DCU1 : 241.8, Target : 250.0.
2026-04-30 06:01:55 FillDCU (Cycle) time: 11.401s
2026-04-30 06:03:59 Sequence: FillCart , Time: 22.174s
2026-04-30 06:04:06 FTClean time: 6.835s
2026-04-30 06:06:51 POS DCU1 : 234.3, Target : 250.0.
2026-04-30 06:06:52 FillDCU (Cycle) time: 10.974s
2026-04-30 06:08:21 ClnCart (Cleaning+Dumping) time: 32.076s
2026-04-30 06:08:39 Sequence: FillCart , Time: 17.053s
2026-04-30 06:08:45 FTClean time: 5.521s
2026-04-30 06:11:48 POS DCU1 : 239.0, Target : 250.0.
2026-04-30 06:11:49 FillDCU (Cycle) time: 9.961s
2026-04-30 06:13:02 Sequence: FillCart , Time: 15.918s
2026-04-30 06:13:08 FTClean time: 5.522s
2026-04-30 06:15:25 POS DCU1 : 238.4, Target : 250.0.
2026-04-30 06:15:26 FillDCU (Cycle) time: 7.059s
2026-04-30 06:18:05 ClnCart (Cleaning+Dumping) time: 31.685s
2026-04-30 06:18:29 Sequence: FillCart , Time: 22.712s
2026-04-30 06:18:34 FTClean time: 5.521s
2026-04-30 06:18:44 POS DCU1 : 240.2, Target : 250.0.
2026-04-30 06:18:50 FillDCU (Cycle) time: 11.77s
2026-04-30 06:26:00 FTClean time: 6.824s
2026-04-30 06:34:39 Sequence: FillCart , Time: 15.715s
2026-04-30 06:34:46 FTClean time: 6.828s
2026-04-30 06:34:59 POS DCU1 : 237.9, Target : 250.0.
2026-04-30 06:34:59 FillDCU (Cycle) time: 10.878s
2026-04-30 06:40:32 Sequence: FillCart , Time: 16.547s
2026-04-30 06:40:38 FTClean time: 5.531s
2026-04-30 06:42:26 POS DCU1 : 238.0, Target : 250.0.
2026-04-30 06:42:27 FillDCU (Cycle) time: 7.375s
2026-04-30 06:49:09 Sequence: FillCart , Time: 20.467s
2026-04-30 06:49:16 FTClean time: 6.829s
2026-04-30 06:49:33 POS DCU1 : 242.5, Target : 250.0.
2026-04-30 06:49:37 FillDCU (Cycle) time: 10.862s
2026-04-30 06:53:16 Sequence: FillCart , Time: 16.877s
2026-04-30 06:53:21 FTClean time: 5.547s
2026-04-30 06:55:53 POS DCU1 : 242.4, Target : 250.0.
2026-04-30 06:55:53 FillDCU (Cycle) time: 9.97s
2026-04-30 06:57:38 ClnCart (Cleaning+Dumping) time: 31.862s
2026-04-30 06:58:04 Sequence: FillCart , Time: 25.195s
2026-04-30 06:58:10 FTClean time: 5.522s
2026-04-30 06:59:29 POS DCU1 : 242.0, Target : 250.0.
2026-04-30 06:59:34 FillDCU (Cycle) time: 11.666s
2026-04-30 07:04:51 Sequence: FillCart , Time: 21.146s
2026-04-30 07:04:57 FTClean time: 6.824s
2026-04-30 07:05:11 POS DCU1 : 239.6, Target : 250.0.
2026-04-30 07:05:11 FillDCU (Cycle) time: 11.178s
2026-04-30 07:10:26 FTClean time: 5.521s
2026-04-30 07:10:55 Sequence: FillCart , Time: 22.712s
2026-04-30 07:11:00 FTClean time: 5.52s
2026-04-30 07:11:14 POS DCU1 : 238.8, Target : 250.0.
2026-04-30 07:11:16 FillDCU (Cycle) time: 11.513s
2026-04-30 07:16:27 FTClean time: 6.828s
2026-04-30 07:17:20 FTClean time: 5.521s
2026-04-30 07:20:17 FTClean time: 5.521s
2026-04-30 07:32:05 Sequence: FillCart , Time: 15.911s
2026-04-30 07:32:12 FTClean time: 6.827s
2026-04-30 07:32:25 POS DCU1 : 241.9, Target : 250.0.
2026-04-30 07:32:25 FillDCU (Cycle) time: 10.795s
2026-04-30 07:37:32 Sequence: FillCart , Time: 23.033s
2026-04-30 07:37:37 FTClean time: 5.538s
2026-04-30 07:39:28 POS DCU1 : 242.1, Target : 250.0.
2026-04-30 07:39:34 FillDCU (Cycle) time: 11.555s
2026-04-30 07:40:57 Sequence: FillCart , Time: 22.235s
2026-04-30 07:41:03 FTClean time: 5.522s
2026-04-30 07:44:28 POS DCU1 : 239.9, Target : 250.0.
2026-04-30 07:44:28 FillDCU (Cycle) time: 10.884s
2026-04-30 07:50:12 FTClean time: 5.521s
2026-04-30 07:50:58 Sequence: FillCart , Time: 22.513s
2026-04-30 07:51:03 FTClean time: 5.521s
2026-04-30 07:51:16 POS DCU1 : 243.3, Target : 250.0.
2026-04-30 07:51:19 FillDCU (Cycle) time: 11.715s
2026-04-30 08:01:14 Sequence: FillCart , Time: 20.816s
2026-04-30 08:01:19 FTClean time: 5.522s
2026-04-30 08:01:33 POS DCU1 : 239.9, Target : 250.0.
2026-04-30 08:01:36 FillDCU (Cycle) time: 13.102s
2026-04-30 08:03:25 ClnCart (Cleaning+Dumping) time: 31.855s
2026-04-30 08:03:47 Sequence: FillCart , Time: 20.831s
2026-04-30 08:03:52 FTClean time: 5.524s
2026-04-30 08:04:46 POS DCU1 : 240.7, Target : 250.0.
2026-04-30 08:04:52 FillDCU (Cycle) time: 14.013s
2026-04-30 08:09:51 FTClean time: 5.52s
2026-04-30 08:10:20 Sequence: FillCart , Time: 22.909s
2026-04-30 08:10:26 FTClean time: 5.52s
2026-04-30 08:10:41 FillDCU (Cycle) time: 11.175s
2026-04-30 08:19:06 Sequence: FillCart , Time: 23.02s
2026-04-30 08:19:12 FTClean time: 5.52s
2026-04-30 08:19:26 POS DCU1 : 242.5, Target : 250.0.
2026-04-30 08:19:28 FillDCU (Cycle) time: 11.908s
2026-04-30 08:20:56 ClnCart (Cleaning+Dumping) time: 33.603s
2026-04-30 08:21:13 Sequence: FillCart , Time: 16.163s
2026-04-30 08:21:20 FTClean time: 6.838s
2026-04-30 08:24:12 POS DCU1 : 240.3, Target : 250.0.
2026-04-30 08:24:13 FillDCU (Cycle) time: 11.07s
2026-04-30 08:28:56 FTClean time: 5.521s
2026-04-30 08:30:54 Sequence: FillCart , Time: 16.912s
2026-04-30 08:30:59 FTClean time: 5.52s
2026-04-30 08:31:09 POS DCU1 : 243.0, Target : 250.0.
2026-04-30 08:31:11 FillDCU (Cycle) time: 7.748s
2026-04-30 08:37:38 FTClean time: 5.521s
2026-04-30 08:38:36 Sequence: FillCart , Time: 17.011s
2026-04-30 08:38:41 FTClean time: 5.523s
2026-04-30 08:38:51 POS DCU1 : 239.8, Target : 250.0.
2026-04-30 08:38:53 FillDCU (Cycle) time: 7.985s
2026-04-30 08:42:18 Sequence: FillCart , Time: 16.253s
2026-04-30 08:42:24 FTClean time: 5.525s
2026-04-30 08:44:05 POS DCU1 : 240.8, Target : 250.0.
2026-04-30 08:44:06 FillDCU (Cycle) time: 7.674s
2026-04-30 08:46:37 Sequence: FillCart , Time: 15.242s
2026-04-30 08:46:43 FTClean time: 5.525s
2026-04-30 08:47:32 POS DCU1 : 240.5, Target : 250.0.
2026-04-30 08:47:33 FillDCU (Cycle) time: 7.069s
2026-04-30 08:51:18 Sequence: FillCart , Time: 16.835s
2026-04-30 08:51:24 FTClean time: 5.523s
2026-04-30 08:53:34 POS DCU1 : 239.4, Target : 250.0.
2026-04-30 08:53:37 FillDCU (Cycle) time: 7.555s
2026-04-30 08:55:09 ClnCart (Cleaning+Dumping) time: 31.845s
2026-04-30 08:55:35 Sequence: FillCart , Time: 24.938s
2026-04-30 08:55:41 FTClean time: 5.53s
2026-04-30 08:57:03 POS DCU1 : 239.2, Target : 250.0.
2026-04-30 08:57:09 FillDCU (Cycle) time: 11.649s
2026-04-30 09:02:53 FTClean time: 6.826s
2026-04-30 09:03:31 Sequence: FillCart , Time: 18.814s
2026-04-30 09:03:37 FTClean time: 6.827s
2026-04-30 09:03:51 POS DCU1 : 242.1, Target : 250.0.
2026-04-30 09:03:51 FillDCU (Cycle) time: 10.986s
2026-04-30 09:08:21 Sequence: FillCart , Time: 17.05s
2026-04-30 09:08:26 FTClean time: 5.531s
2026-04-30 09:11:13 POS DCU1 : 242.5, Target : 250.0.
2026-04-30 09:11:14 FillDCU (Cycle) time: 9.057s
2026-04-30 09:13:31 Sequence: FillCart , Time: 16.029s
2026-04-30 09:13:38 FTClean time: 6.829s
2026-04-30 09:14:50 POS DCU1 : 241.7, Target : 250.0.
2026-04-30 09:14:51 FillDCU (Cycle) time: 7.351s
2026-04-30 09:19:18 Sequence: FillCart , Time: 24.059s
2026-04-30 09:19:25 FTClean time: 6.827s
2026-04-30 09:19:34 POS DCU1 : 240.9, Target : 250.0.
2026-04-30 09:19:38 FillDCU (Cycle) time: 10.796s
2026-04-30 09:25:15 ClnCart (Cleaning+Dumping) time: 31.554s
2026-04-30 09:25:39 Sequence: FillCart , Time: 22.614s
2026-04-30 09:25:44 FTClean time: 5.522s
2026-04-30 09:25:58 POS DCU1 : 237.7, Target : 250.0.
2026-04-30 09:26:00 FillDCU (Cycle) time: 11.715s
2026-04-30 09:27:35 Sequence: FillCart , Time: 15.548s
2026-04-30 09:27:41 FTClean time: 5.524s
2026-04-30 09:30:35 POS DCU1 : 238.2, Target : 250.0.
2026-04-30 09:30:36 FillDCU (Cycle) time: 10.647s
2026-04-30 09:35:19 Sequence: FillCart , Time: 16.63s
2026-04-30 09:35:24 FTClean time: 5.521s
2026-04-30 09:37:03 POS DCU1 : 239.0, Target : 250.0.
2026-04-30 09:37:04 FillDCU (Cycle) time: 7.45s
2026-04-30 09:40:04 Sequence: FillCart , Time: 17.429s
2026-04-30 09:40:10 FTClean time: 5.522s
2026-04-30 09:41:40 POS DCU1 : 237.9, Target : 250.0.
2026-04-30 09:41:42 FillDCU (Cycle) time: 8.17s
2026-04-30 09:46:12 Sequence: FillCart , Time: 22.515s
2026-04-30 09:46:18 FTClean time: 5.518s
2026-04-30 09:46:28 POS DCU1 : 241.4, Target : 250.0.
2026-04-30 09:46:33 FillDCU (Cycle) time: 11.387s
2026-04-30 09:51:52 FTClean time: 5.524s
2026-04-30 09:52:48 FTClean time: 6.827s
2026-04-30 09:53:31 FTClean time: 5.521s
2026-04-30 10:05:12 Sequence: FillCart , Time: 22.007s
2026-04-30 10:05:18 FTClean time: 5.524s
2026-04-30 10:05:32 POS DCU1 : 239.5, Target : 250.0.
2026-04-30 10:05:32 FillDCU (Cycle) time: 10.868s
2026-04-30 10:11:38 ClnCart (Cleaning+Dumping) time: 31.739s
2026-04-30 10:12:00 Sequence: FillCart , Time: 21.11s
2026-04-30 10:12:06 FTClean time: 5.522s
2026-04-30 10:12:18 POS DCU1 : 242.3, Target : 250.0.
2026-04-30 10:12:20 FillDCU (Cycle) time: 10.692s
2026-04-30 10:13:04 ClnCart (Cleaning+Dumping) time: 31.549s
2026-04-30 10:13:25 Sequence: FillCart , Time: 19.739s
2026-04-30 10:13:31 FTClean time: 5.524s
2026-04-30 10:14:48 POS DCU1 : 237.7, Target : 250.0.
2026-04-30 10:14:50 FillDCU (Cycle) time: 10.715s
2026-04-30 10:17:24 Sequence: FillCart , Time: 16.904s
2026-04-30 10:17:31 FTClean time: 6.827s
2026-04-30 10:17:43 POS DCU1 : 239.3, Target : 250.0.
2026-04-30 10:17:45 FillDCU (Cycle) time: 11.398s
2026-04-30 10:23:06 FTClean time: 6.827s
2026-04-30 10:23:32 Sequence: FillCart , Time: 14.011s
2026-04-30 10:23:38 FTClean time: 5.522s
2026-04-30 10:23:52 POS DCU1 : 243.5, Target : 250.0.
2026-04-30 10:23:52 FillDCU (Cycle) time: 10.696s
2026-04-30 10:30:27 FTClean time: 5.521s
2026-04-30 10:32:57 Sequence: FillCart , Time: 20.611s
2026-04-30 10:33:04 FTClean time: 6.829s
2026-04-30 10:33:11 POS DCU1 : 238.9, Target : 250.0.
2026-04-30 10:33:18 FillDCU (Cycle) time: 11.467s
2026-04-30 10:36:51 Sequence: FillCart , Time: 17.245s
2026-04-30 10:36:57 FTClean time: 5.525s
2026-04-30 10:37:48 POS DCU1 : 237.9, Target : 250.0.
2026-04-30 10:37:48 FillDCU (Cycle) time: 10.771s
2026-04-30 10:42:28 FTClean time: 5.524s
2026-04-30 10:44:48 Sequence: FillCart , Time: 20.911s
2026-04-30 10:44:53 FTClean time: 5.524s
2026-04-30 10:45:04 POS DCU1 : 239.5, Target : 250.0.
2026-04-30 10:45:09 FillDCU (Cycle) time: 11.876s
2026-04-30 10:53:50 FTClean time: 5.524s
2026-04-30 10:54:35 Sequence: FillCart , Time: 21.414s
2026-04-30 10:54:40 FTClean time: 5.521s
2026-04-30 10:54:54 POS DCU1 : 240.7, Target : 250.0.
2026-04-30 10:54:56 FillDCU (Cycle) time: 11.809s
2026-04-30 11:02:46 FTClean time: 6.828s
2026-04-30 11:03:40 Sequence: FillCart , Time: 17.413s
2026-04-30 11:03:47 FTClean time: 6.83s
2026-04-30 11:04:00 POS DCU1 : 241.3, Target : 250.0.
2026-04-30 11:04:01 FillDCU (Cycle) time: 11.004s
2026-04-30 11:11:09 FTClean time: 5.52s
2026-04-30 11:11:55 Sequence: FillCart , Time: 17.812s
2026-04-30 11:12:00 FTClean time: 5.521s
2026-04-30 11:12:11 POS DCU1 : 240.7, Target : 250.0.
2026-04-30 11:12:12 FillDCU (Cycle) time: 7.656s
2026-04-30 11:19:46 FTClean time: 5.521s
2026-04-30 11:22:23 Sequence: FillCart , Time: 21.113s
2026-04-30 11:22:29 FTClean time: 5.519s
2026-04-30 11:22:39 POS DCU1 : 238.0, Target : 250.0.
2026-04-30 11:22:44 FillDCU (Cycle) time: 11.577s
2026-04-30 11:28:27 FTClean time: 5.524s
2026-04-30 11:33:14 Sequence: FillCart , Time: 21.214s
2026-04-30 11:33:19 FTClean time: 5.519s
2026-04-30 11:33:33 POS DCU1 : 240.1, Target : 250.0.
2026-04-30 11:33:34 FillDCU (Cycle) time: 11.086s
2026-04-30 11:37:57 Sequence: FillCart , Time: 22.96s
2026-04-30 11:38:02 FTClean time: 5.522s
2026-04-30 11:38:16 POS DCU1 : 242.2, Target : 250.0.
2026-04-30 11:38:18 FillDCU (Cycle) time: 11.701s
2026-04-30 11:42:38 Sequence: FillCart , Time: 22.588s
2026-04-30 11:42:44 FTClean time: 5.522s
2026-04-30 11:43:01 POS DCU1 : 240.4, Target : 250.0.
2026-04-30 11:43:03 FillDCU (Cycle) time: 12.578s
2026-04-30 11:48:30 FTClean time: 5.522s
2026-04-30 11:49:22 FTClean time: 5.525s
2026-04-30 11:53:36 Sequence: FillCart , Time: 24.013s
2026-04-30 11:53:42 FTClean time: 5.52s
2026-04-30 11:53:57 POS DCU1 : 242.0, Target : 250.0.
2026-04-30 11:53:59 FillDCU (Cycle) time: 13.207s
2026-04-30 11:59:23 Sequence: FillCart , Time: 15.67s
2026-04-30 11:59:29 FTClean time: 5.519s
2026-04-30 11:59:44 POS DCU1 : 240.5, Target : 250.0.
2026-04-30 11:59:44 FillDCU (Cycle) time: 11.972s
2026-04-30 12:03:58 Sequence: FillCart , Time: 22.715s
2026-04-30 12:04:03 FTClean time: 5.523s
2026-04-30 12:04:13 POS DCU1 : 242.3, Target : 250.0.
2026-04-30 12:04:19 FillDCU (Cycle) time: 11.862s
2026-04-30 12:09:33 Sequence: FillCart , Time: 23.712s
2026-04-30 12:09:40 FTClean time: 6.828s
2026-04-30 12:09:53 POS DCU1 : 233.0, Target : 250.0.
2026-04-30 12:09:54 FillDCU (Cycle) time: 11.206s
2026-04-30 12:14:55 FTClean time: 5.521s
2026-04-30 12:21:20 Sequence: FillCart , Time: 21.82s
2026-04-30 12:21:26 FTClean time: 5.52s
2026-04-30 12:21:39 POS DCU1 : 238.1, Target : 250.0.
2026-04-30 12:21:42 FillDCU (Cycle) time: 11.766s
2026-04-30 12:22:56 Sequence: FillCart , Time: 23.142s
2026-04-30 12:23:02 FTClean time: 6.833s
2026-04-30 12:26:12 POS DCU1 : 242.6, Target : 250.0.
2026-04-30 12:26:14 FillDCU (Cycle) time: 12.694s
2026-04-30 12:32:13 FTClean time: 5.519s
2026-04-30 12:32:57 Sequence: FillCart , Time: 22.713s
2026-04-30 12:33:02 FTClean time: 5.521s
2026-04-30 12:33:18 POS DCU1 : 239.5, Target : 250.0.
2026-04-30 12:33:18 FillDCU (Cycle) time: 12.117s
2026-04-30 12:42:35 FTClean time: 5.521s
2026-04-30 12:43:20 Sequence: FillCart , Time: 22.815s
2026-04-30 12:43:25 FTClean time: 5.518s
2026-04-30 12:43:39 POS DCU1 : 242.9, Target : 250.0.
2026-04-30 12:43:42 FillDCU (Cycle) time: 12.688s
2026-04-30 12:48:07 Sequence: FillCart , Time: 16.651s
2026-04-30 12:48:13 FTClean time: 5.521s
2026-04-30 12:51:04 POS DCU1 : 239.4, Target : 250.0.
2026-04-30 12:51:05 FillDCU (Cycle) time: 12.158s
2026-04-30 12:55:20 FTClean time: 5.52s
2026-04-30 12:56:21 Sequence: FillCart , Time: 13.91s
2026-04-30 12:56:26 FTClean time: 5.522s
2026-04-30 12:56:36 POS DCU1 : 238.3, Target : 250.0.
2026-04-30 12:56:37 FillDCU (Cycle) time: 6.849s
2026-04-30 13:05:50 FTClean time: 6.825s
2026-04-30 13:06:34 FTClean time: 5.522s
2026-04-30 13:17:59 Sequence: FillCart , Time: 16.314s
2026-04-30 13:18:05 FTClean time: 6.825s
2026-04-30 13:18:13 POS DCU1 : 238.2, Target : 250.0.
2026-04-30 13:18:16 FillDCU (Cycle) time: 7.639s
2026-04-30 13:19:29 Sequence: FillCart , Time: 16.731s
2026-04-30 13:19:35 FTClean time: 5.536s
2026-04-30 13:23:08 POS DCU1 : 241.0, Target : 250.0.
2026-04-30 13:23:09 FillDCU (Cycle) time: 7.249s
2026-04-30 13:27:21 FTClean time: 6.826s
2026-04-30 13:28:17 FTClean time: 5.52s
2026-04-30 13:31:41 Sequence: FillCart , Time: 15.61s
2026-04-30 13:31:48 FTClean time: 6.83s
2026-04-30 13:31:57 POS DCU1 : 239.6, Target : 250.0.
2026-04-30 13:31:58 FillDCU (Cycle) time: 7.25s
2026-04-30 13:38:45 Sequence: FillCart , Time: 23.214s
2026-04-30 13:38:50 FTClean time: 5.523s
2026-04-30 13:39:00 POS DCU1 : 241.7, Target : 250.0.
2026-04-30 13:39:06 FillDCU (Cycle) time: 11.892s
2026-04-30 13:52:36 Sequence: FillCart , Time: 18.201s
2026-04-30 13:52:42 FTClean time: 5.521s
2026-04-30 13:52:56 POS DCU1 : 239.5, Target : 250.0.
2026-04-30 13:52:57 FillDCU (Cycle) time: 11.619s
2026-04-30 13:54:13 Sequence: FillCart , Time: 22.634s
2026-04-30 13:54:20 FTClean time: 6.849s
2026-04-30 13:57:34 POS DCU1 : 243.4, Target : 250.0.
2026-04-30 13:57:36 FillDCU (Cycle) time: 12.691s
2026-04-30 13:59:26 Sequence: FillCart , Time: 21.937s
2026-04-30 13:59:32 FTClean time: 5.528s
2026-04-30 14:02:31 POS DCU1 : 242.1, Target : 250.0.
2026-04-30 14:02:32 FillDCU (Cycle) time: 12.081s
2026-04-30 14:07:58 FTClean time: 5.521s
2026-04-30 14:08:55 Sequence: FillCart , Time: 23.212s
2026-04-30 14:09:00 FTClean time: 5.524s
2026-04-30 14:09:13 POS DCU1 : 239.8, Target : 250.0.
2026-04-30 14:09:15 FillDCU (Cycle) time: 11.5s
2026-04-30 14:17:15 FTClean time: 6.827s
2026-04-30 14:20:53 Sequence: FillCart , Time: 24.612s
2026-04-30 14:21:00 FTClean time: 6.826s
2026-04-30 14:21:13 POS DCU1 : 240.6, Target : 250.0.
2026-04-30 14:21:14 FillDCU (Cycle) time: 11.427s
2026-04-30 14:24:39 ClnCart (Cleaning+Dumping) time: 31.245s
2026-04-30 14:24:57 Sequence: FillCart , Time: 16.844s
2026-04-30 14:25:02 FTClean time: 5.523s
2026-04-30 14:25:41 POS DCU1 : 242.3, Target : 250.0.
2026-04-30 14:25:42 FillDCU (Cycle) time: 10.466s
2026-04-30 14:27:43 Sequence: FillCart , Time: 17.321s
2026-04-30 14:27:49 FTClean time: 6.835s
2026-04-30 14:29:16 POS DCU1 : 241.8, Target : 250.0.
2026-04-30 14:29:18 FillDCU (Cycle) time: 8.557s
2026-04-30 14:34:17 FTClean time: 5.521s
2026-04-30 14:35:29 FTClean time: 6.829s
2026-04-30 14:41:20 Sequence: FillCart , Time: 17.312s
2026-04-30 14:41:26 FTClean time: 5.522s
2026-04-30 14:41:37 POS DCU1 : 241.1, Target : 250.0.
2026-04-30 14:41:38 FillDCU (Cycle) time: 7.969s
2026-04-30 14:48:16 FTClean time: 5.521s
2026-04-30 14:49:19 Sequence: FillCart , Time: 13.511s
2026-04-30 14:49:26 FTClean time: 6.825s
2026-04-30 14:49:35 POS DCU1 : 239.2, Target : 250.0.
2026-04-30 14:49:35 FillDCU (Cycle) time: 6.841s
2026-04-30 14:59:48 Sequence: FillCart , Time: 22.511s
2026-04-30 14:59:54 FTClean time: 5.523s
2026-04-30 15:00:01 POS DCU1 : 240.0, Target : 250.0.
2026-04-30 15:00:09 FillDCU (Cycle) time: 11.546s
2026-04-30 15:02:16 Sequence: FillCart , Time: 21.559s
2026-04-30 15:02:21 FTClean time: 5.521s
2026-04-30 15:04:56 POS DCU1 : 237.9, Target : 250.0.
2026-04-30 15:04:57 FillDCU (Cycle) time: 11.59s
2026-04-30 15:10:25 FTClean time: 5.521s
2026-04-30 15:10:44 Sequence: FillCart , Time: 13.81s
2026-04-30 15:10:49 FTClean time: 5.524s
2026-04-30 15:11:03 POS DCU1 : 241.1, Target : 250.0.
2026-04-30 15:11:03 FillDCU (Cycle) time: 10.651s
2026-04-30 15:11:46 ClnCart (Cleaning+Dumping) time: 31.992s
2026-04-30 15:12:04 Sequence: FillCart , Time: 17.014s
2026-04-30 15:12:10 FTClean time: 5.52s
2026-04-30 15:13:42 POS DCU1 : 241.3, Target : 250.0.
2026-04-30 15:13:45 FillDCU (Cycle) time: 7.546s
2026-04-30 15:18:15 FTClean time: 6.826s
2026-04-30 15:18:50 Sequence: FillCart , Time: 15.211s
2026-04-30 15:18:57 FTClean time: 6.826s
2026-04-30 15:19:06 POS DCU1 : 239.7, Target : 250.0.
2026-04-30 15:19:07 FillDCU (Cycle) time: 7.248s
2026-04-30 15:21:43 ClnCart (Cleaning+Dumping) time: 31.003s
2026-04-30 15:22:05 Sequence: FillCart , Time: 21.224s
2026-04-30 15:22:11 FTClean time: 5.523s
2026-04-30 15:24:06 POS DCU1 : 243.4, Target : 250.0.
2026-04-30 15:24:12 FillDCU (Cycle) time: 11.861s
2026-04-30 15:37:01 Sequence: FillCart , Time: 21.271s
2026-04-30 15:37:06 FTClean time: 5.525s
2026-04-30 15:39:46 POS DCU1 : 240.3, Target : 250.0.
2026-04-30 15:39:47 FillDCU (Cycle) time: 11.377s
2026-04-30 15:45:28 FTClean time: 5.523s
2026-04-30 15:46:13 Sequence: FillCart , Time: 23.215s
2026-04-30 15:46:19 FTClean time: 5.518s
2026-04-30 15:46:33 POS DCU1 : 240.0, Target : 250.0.
2026-04-30 15:46:34 FillDCU (Cycle) time: 11.531s
2026-04-30 15:50:31 FTClean time: 5.519s
2026-04-30 15:51:59 ClnCart (Cleaning+Dumping) time: 32.687s
2026-04-30 15:52:21 Sequence: FillCart , Time: 21.115s
2026-04-30 15:52:28 FTClean time: 6.826s
2026-04-30 15:52:42 FillDCU (Cycle) time: 11.638s
2026-04-30 16:00:19 Sequence: FillCart , Time: 17.412s
2026-04-30 16:00:25 FTClean time: 5.52s
2026-04-30 16:00:39 POS DCU1 : 240.6, Target : 250.0.
2026-04-30 16:00:40 FillDCU (Cycle) time: 11.1s
2026-04-30 16:06:31 Sequence: FillCart , Time: 22.635s
2026-04-30 16:06:37 FTClean time: 5.553s
2026-04-30 16:06:48 POS DCU1 : 238.7, Target : 250.0.
2026-04-30 16:06:53 FillDCU (Cycle) time: 11.855s
2026-04-30 16:09:52 Sequence: FillCart , Time: 14.046s
2026-04-30 16:09:58 FTClean time: 5.528s
2026-04-30 16:12:40 POS DCU1 : 243.1, Target : 250.0.
2026-04-30 16:12:41 FillDCU (Cycle) time: 10.95s
2026-04-30 16:18:27 Sequence: FillCart , Time: 23.212s
2026-04-30 16:18:32 FTClean time: 5.521s
2026-04-30 16:18:41 POS DCU1 : 238.7, Target : 250.0.
2026-04-30 16:18:48 FillDCU (Cycle) time: 11.563s
2026-04-30 16:21:16 ClnCart (Cleaning+Dumping) time: 30.538s
2026-04-30 16:21:38 Sequence: FillCart , Time: 21.075s
2026-04-30 16:21:43 FTClean time: 5.521s
2026-04-30 16:24:26 POS DCU1 : 242.8, Target : 250.0.
2026-04-30 16:24:27 FillDCU (Cycle) time: 11.878s
2026-04-30 16:32:56 FTClean time: 6.823s
2026-04-30 16:39:36 Sequence: FillCart , Time: 19.213s
2026-04-30 16:39:43 FTClean time: 6.827s
2026-04-30 16:39:56 POS DCU1 : 238.2, Target : 250.0.
2026-04-30 16:39:57 FillDCU (Cycle) time: 10.972s
2026-04-30 16:44:13 Sequence: FillCart , Time: 16.825s
2026-04-30 16:44:18 FTClean time: 5.644s
2026-04-30 16:44:31 POS DCU1 : 239.6, Target : 250.0.
2026-04-30 16:44:31 FillDCU (Cycle) time: 8.956s
2026-04-30 16:49:06 FTClean time: 5.521s
2026-04-30 16:51:41 Sequence: FillCart , Time: 23.011s
2026-04-30 16:51:47 FTClean time: 5.524s
2026-04-30 16:51:57 POS DCU1 : 240.4, Target : 250.0.
2026-04-30 16:52:03 FillDCU (Cycle) time: 11.881s
2026-04-30 16:58:34 FTClean time: 5.521s
2026-04-30 17:04:27 FTClean time: 5.517s
2026-04-30 17:08:45 Sequence: FillCart , Time: 15.816s
2026-04-30 17:08:51 FTClean time: 5.524s
2026-04-30 17:09:05 POS DCU1 : 238.0, Target : 250.0.
2026-04-30 17:09:05 FillDCU (Cycle) time: 11.061s
2026-04-30 17:12:44 Sequence: FillCart , Time: 16.516s
2026-04-30 17:12:50 FTClean time: 5.521s
2026-04-30 17:12:59 POS DCU1 : 241.1, Target : 250.0.
2026-04-30 17:13:01 FillDCU (Cycle) time: 7.256s
2026-04-30 17:19:08 Sequence: FillCart , Time: 22.13s
2026-04-30 17:19:15 FTClean time: 6.827s
2026-04-30 17:20:08 POS DCU1 : 238.9, Target : 250.0.
2026-04-30 17:20:14 FillDCU (Cycle) time: 11.564s
2026-04-30 17:27:29 Sequence: FillCart , Time: 23.207s
2026-04-30 17:27:34 FTClean time: 5.52s
2026-04-30 17:27:48 POS DCU1 : 242.4, Target : 250.0.
2026-04-30 17:27:49 FillDCU (Cycle) time: 11.379s
2026-04-30 17:32:01 Sequence: FillCart , Time: 17.043s
2026-04-30 17:32:08 FTClean time: 6.825s
2026-04-30 17:32:22 POS DCU1 : 241.2, Target : 250.0.
2026-04-30 17:32:23 FillDCU (Cycle) time: 10.86s
2026-04-30 17:37:24 FTClean time: 6.826s
2026-04-30 17:39:43 Sequence: FillCart , Time: 24.114s
2026-04-30 17:39:50 FTClean time: 6.826s
2026-04-30 17:39:59 POS DCU1 : 241.5, Target : 250.0.
2026-04-30 17:40:06 FillDCU (Cycle) time: 13.404s
2026-04-30 17:43:59 ClnCart (Cleaning+Dumping) time: 31.75s
2026-04-30 17:44:23 Sequence: FillCart , Time: 22.947s
2026-04-30 17:44:29 FTClean time: 5.523s
2026-04-30 17:46:30 POS DCU1 : 239.9, Target : 250.0.
2026-04-30 17:46:30 FillDCU (Cycle) time: 12.69s
2026-04-30 17:53:35 FTClean time: 6.829s
2026-04-30 17:57:33 Sequence: FillCart , Time: 15.811s
2026-04-30 17:57:39 FTClean time: 6.823s
2026-04-30 17:57:53 POS DCU1 : 238.1, Target : 250.0.
2026-04-30 17:57:53 FillDCU (Cycle) time: 10.868s
2026-04-30 17:59:42 Sequence: FillCart , Time: 23.128s
2026-04-30 17:59:47 FTClean time: 5.527s
2026-04-30 18:01:14 POS DCU1 : 239.8, Target : 250.0.
2026-04-30 18:01:20 FillDCU (Cycle) time: 11.666s
2026-04-30 18:13:09 FTClean time: 5.523s
2026-04-30 18:20:40 FTClean time: 5.523s
2026-04-30 18:21:50 Sequence: FillCart , Time: 16.61s
2026-04-30 18:21:55 FTClean time: 5.52s
2026-04-30 18:22:10 POS DCU1 : 237.7, Target : 250.0.
2026-04-30 18:22:10 FillDCU (Cycle) time: 11.069s
2026-04-30 18:28:24 FTClean time: 5.52s
2026-04-30 18:29:52 Sequence: FillCart , Time: 21.812s
2026-04-30 18:29:58 FTClean time: 5.523s
2026-04-30 18:30:08 POS DCU1 : 240.7, Target : 250.0.
2026-04-30 18:30:13 FillDCU (Cycle) time: 11.481s
2026-04-30 18:36:07 FTClean time: 6.827s
2026-04-30 18:38:13 Sequence: FillCart , Time: 23.416s
2026-04-30 18:38:19 FTClean time: 5.52s
2026-04-30 18:38:33 POS DCU1 : 238.3, Target : 250.0.
2026-04-30 18:38:34 FillDCU (Cycle) time: 11.682s
2026-04-30 18:43:08 Sequence: FillCart , Time: 29.15s
2026-04-30 18:43:15 FTClean time: 6.83s
2026-04-30 18:44:20 POS DCU1 : 242.0, Target : 250.0.
2026-04-30 18:44:22 FillDCU (Cycle) time: 12.901s
2026-04-30 18:47:56 Sequence: FillCart , Time: 16.55s
2026-04-30 18:48:01 FTClean time: 5.525s
2026-04-30 18:49:20 POS DCU1 : 237.7, Target : 250.0.
2026-04-30 18:49:21 FillDCU (Cycle) time: 12.266s
2026-04-30 18:51:18 ClnCart (Cleaning+Dumping) time: 32.077s
2026-04-30 18:51:35 Sequence: FillCart , Time: 16.625s
2026-04-30 18:51:41 FTClean time: 5.525s
2026-04-30 18:53:22 POS DCU1 : 241.2, Target : 250.0.
2026-04-30 18:53:23 FillDCU (Cycle) time: 7.761s
2026-04-30 18:56:12 Sequence: FillCart , Time: 21.11s
2026-04-30 18:56:17 FTClean time: 5.521s
2026-04-30 18:56:32 FillDCU (Cycle) time: 11.334s
2026-04-30 19:04:04 FTClean time: 5.519s
2026-04-30 19:04:44 Sequence: FillCart , Time: 21.422s
2026-04-30 19:04:50 FTClean time: 5.521s
2026-04-30 19:05:05 FillDCU (Cycle) time: 11.343s
2026-04-30 19:07:43 Sequence: FillCart , Time: 22.256s
2026-04-30 19:07:49 FTClean time: 5.521s
2026-04-30 19:09:33 POS DCU1 : 240.5, Target : 250.0.
2026-04-30 19:09:35 FillDCU (Cycle) time: 12.205s
2026-04-30 19:21:47 Sequence: FillCart , Time: 22.673s
2026-04-30 19:21:52 FTClean time: 5.521s
2026-04-30 19:24:38 POS DCU1 : 243.0, Target : 250.0.
2026-04-30 19:24:39 FillDCU (Cycle) time: 11.909s
2026-04-30 19:33:28 ClnCart (Cleaning+Dumping) time: 68.168s
2026-04-30 19:33:46 Sequence: FillCart , Time: 16.776s
2026-04-30 19:33:51 FTClean time: 5.522s
2026-04-30 19:36:07 POS DCU1 : 238.0, Target : 250.0.
2026-04-30 19:36:07 FillDCU (Cycle) time: 11.363s
2026-04-30 19:41:44 Sequence: FillCart , Time: 21.139s
2026-04-30 19:41:50 FTClean time: 5.527s
2026-04-30 19:43:35 POS DCU1 : 243.2, Target : 250.0.
2026-04-30 19:43:40 FillDCU (Cycle) time: 11.551s
2026-04-30 19:49:48 FTClean time: 5.518s
2026-04-30 19:50:40 FTClean time: 5.521s
2026-04-30 19:54:48 Sequence: FillCart , Time: 15.611s
2026-04-30 19:54:54 FTClean time: 5.523s
2026-04-30 19:55:08 POS DCU1 : 237.9, Target : 250.0.
2026-04-30 19:55:08 FillDCU (Cycle) time: 10.978s
2026-04-30 19:55:46 Sequence: FillCart , Time: 23.047s
2026-04-30 19:55:52 FTClean time: 5.522s
2026-04-30 19:58:44 POS DCU1 : 241.3, Target : 250.0.
2026-04-30 19:58:50 FillDCU (Cycle) time: 11.557s
2026-04-30 20:03:00 Sequence: FillCart , Time: 19.169s
2026-04-30 20:03:07 FTClean time: 6.844s
2026-04-30 20:03:36 POS DCU1 : 239.4, Target : 250.0.
2026-04-30 20:03:36 FillDCU (Cycle) time: 11.067s
2026-04-30 20:06:59 Sequence: FillCart , Time: 21.335s
2026-04-30 20:07:06 FTClean time: 6.84s
2026-04-30 20:07:45 POS DCU1 : 239.6, Target : 250.0.
2026-04-30 20:07:48 FillDCU (Cycle) time: 10.662s
2026-04-30 20:13:29 FTClean time: 5.521s
2026-04-30 20:18:51 Sequence: FillCart , Time: 22.616s
2026-04-30 20:18:57 FTClean time: 5.521s
2026-04-30 20:19:10 POS DCU1 : 242.6, Target : 250.0.
2026-04-30 20:19:12 FillDCU (Cycle) time: 11.501s
2026-04-30 20:23:47 ClnCart (Cleaning+Dumping) time: 31.469s
2026-04-30 20:24:09 Sequence: FillCart , Time: 21.445s
2026-04-30 20:24:15 FTClean time: 5.522s
2026-04-30 20:27:19 POS DCU1 : 240.2, Target : 250.0.
2026-04-30 20:27:20 FillDCU (Cycle) time: 11.583s
2026-04-30 20:32:38 FTClean time: 6.825s
2026-04-30 20:35:41 FTClean time: 5.52s
2026-04-30 20:41:55 Sequence: FillCart , Time: 25.111s
2026-04-30 20:42:02 FTClean time: 6.829s
2026-04-30 20:42:15 POS DCU1 : 225.6, Target : 250.0.
2026-04-30 20:42:16 FillDCU (Cycle) time: 11.1s
2026-04-30 20:46:48 Sequence: FillCart , Time: 21.102s
2026-04-30 20:46:53 FTClean time: 5.521s
2026-04-30 20:47:06 POS DCU1 : 239.0, Target : 250.0.
2026-04-30 20:47:08 FillDCU (Cycle) time: 10.99s
2026-04-30 20:51:42 FTClean time: 5.521s
2026-04-30 20:52:20 Sequence: FillCart , Time: 17.516s
2026-04-30 20:52:26 FTClean time: 5.522s
2026-04-30 20:52:36 POS DCU1 : 239.0, Target : 250.0.
2026-04-30 20:52:38 FillDCU (Cycle) time: 8.145s
2026-04-30 20:57:08 FTClean time: 5.52s
2026-04-30 21:04:53 Sequence: FillCart , Time: 21.914s
2026-04-30 21:04:59 FTClean time: 5.521s
2026-04-30 21:05:09 POS DCU1 : 243.3, Target : 250.0.
2026-04-30 21:05:15 FillDCU (Cycle) time: 12.312s
2026-04-30 21:05:59 ClnCart (Cleaning+Dumping) time: 31.585s
2026-04-30 21:06:16 Sequence: FillCart , Time: 16.743s
2026-04-30 21:06:22 FTClean time: 5.52s
2026-04-30 21:09:44 POS DCU1 : 242.7, Target : 250.0.
2026-04-30 21:09:45 FillDCU (Cycle) time: 11.362s
2026-04-30 21:14:09 FTClean time: 5.521s
2026-04-30 21:44:02 Sequence: FillCart , Time: 23.315s
2026-04-30 21:44:08 FTClean time: 5.524s
2026-04-30 21:44:18 POS DCU1 : 242.4, Target : 250.0.
2026-04-30 21:44:23 FillDCU (Cycle) time: 11.8s
2026-04-30 21:47:00 Sequence: FillCart , Time: 22.052s
2026-04-30 21:47:06 FTClean time: 5.541s
2026-04-30 21:48:57 POS DCU1 : 240.5, Target : 250.0.
2026-04-30 21:48:58 FillDCU (Cycle) time: 11.976s
2026-04-30 22:04:04 POS DCU1 : 239.2, Target : 250.0.
2026-04-30 22:04:05 FillDCU (Cycle) time: 10.907s
2026-04-30 22:05:04 FTClean time: 6.826s
2026-04-30 22:06:02 FTClean time: 5.522s
2026-04-30 22:07:00 FTClean time: 5.523s
2026-04-30 22:07:54 ClnCart (Cleaning+Dumping) time: 32.887s
2026-04-30 22:08:01 FTClean time: 6.827s
2026-04-30 22:08:51 ClnCart (Cleaning+Dumping) time: 30.64s
2026-04-30 22:08:57 FTClean time: 5.52s
2026-04-30 22:09:48 ClnCart (Cleaning+Dumping) time: 30.932s
2026-04-30 22:09:54 FTClean time: 5.522s
2026-05-01 04:59:01 ClnCart (Cleaning+Dumping) time: 130.437s
2026-05-01 04:59:06 FTClean time: 5.521s
2026-05-01 05:01:34 ClnCart (Cleaning+Dumping) time: 120.035s
2026-05-01 05:01:40 FTClean time: 5.521s
2026-05-04 01:47:36 FTClean time: 5.522s
2026-05-04 01:56:44 Sequence: FillCart , Time: 184.572s
2026-05-04 01:56:50 FTClean time: 5.521s
2026-05-04 01:57:06 FillDCU (Cycle) time: 12.749s
2026-05-04 02:01:26 POS DCU1 : 241.0, Target : 250.0.
2026-05-04 02:01:26 FillDCU (Cycle) time: 2.998s
2026-05-04 02:02:37 FTClean time: 5.521s
2026-05-04 02:04:58 ClnCart (Cleaning+Dumping) time: 109.139s
2026-05-04 02:05:04 FTClean time: 5.524s
2026-05-04 02:05:41 Sequence: FillCart , Time: 26.828s
2026-05-04 02:05:46 FTClean time: 5.523s
2026-05-04 02:06:03 FillDCU (Cycle) time: 13.563s
2026-05-04 02:08:02 POS DCU1 : 237.8, Target : 250.0.
2026-05-04 02:08:03 FillDCU (Cycle) time: 2.796s
2026-05-04 02:14:46 FTClean time: 5.522s
2026-05-04 02:15:43 Sequence: FillCart , Time: 20.699s
2026-05-04 02:15:50 FTClean time: 6.828s
2026-05-04 02:16:05 FillDCU (Cycle) time: 12.942s
2026-05-04 02:23:58 POS DCU1 : 237.9, Target : 250.0.
2026-05-04 02:23:58 FillDCU (Cycle) time: 2.901s
2026-05-04 02:26:18 FTClean time: 6.827s
2026-05-04 03:58:23 Sequence: FillCart , Time: 25.012s
2026-05-04 03:58:30 FTClean time: 6.826s
2026-05-04 03:58:45 FillDCU (Cycle) time: 12.883s
2026-05-04 03:59:31 Sequence: FillCart , Time: 23.331s
2026-05-04 03:59:38 FTClean time: 6.826s
2026-05-04 04:00:41 POS DCU1 : 238.4, Target : 250.0.
2026-05-04 04:00:51 FillDCU (Cycle) time: 12.949s
2026-05-04 04:05:17 FillDCU (Cycle) time: 1.683s
2026-05-04 04:07:45 FTClean time: 6.828s
2026-05-04 04:08:28 ClnCart (Cleaning+Dumping) time: 23.421s
2026-05-04 04:08:34 FTClean time: 5.521s
2026-05-04 04:09:16 ClnCart (Cleaning+Dumping) time: 23.118s
2026-05-04 04:09:22 FTClean time: 5.521s
2026-05-04 04:11:39 ClnCart (Cleaning+Dumping) time: 115.386s
2026-05-04 04:11:46 FTClean time: 6.83s
2026-05-04 04:12:28 ClnCart (Cleaning+Dumping) time: 23.518s
2026-05-04 04:12:34 FTClean time: 5.521s
2026-05-04 04:13:18 ClnCart (Cleaning+Dumping) time: 23.123s
2026-05-04 04:13:23 FTClean time: 5.522s
2026-05-04 05:13:01 Sequence: FillCart , Time: 22.313s
2026-05-04 05:13:08 FTClean time: 6.825s
2026-05-04 05:13:22 FillDCU (Cycle) time: 11.127s
2026-05-04 06:03:53 Sequence: FillCart , Time: 23.617s
2026-05-04 06:03:58 FTClean time: 5.524s
2026-05-04 06:04:12 POS DCU1 : 243.3, Target : 250.0.
2026-05-04 06:04:13 FillDCU (Cycle) time: 11.297s
2026-05-04 06:07:33 Sequence: FillCart , Time: 27.556s
2026-05-04 06:07:39 FTClean time: 5.519s
2026-05-04 06:09:50 POS DCU1 : 242.0, Target : 250.0.
2026-05-04 06:09:51 FillDCU (Cycle) time: 11.278s
2026-05-04 06:15:27 FTClean time: 5.522s
2026-05-04 06:16:34 Sequence: FillCart , Time: 23.213s
2026-05-04 06:16:39 FTClean time: 5.523s
2026-05-04 06:16:54 POS DCU1 : 240.2, Target : 250.0.
2026-05-04 06:16:55 FillDCU (Cycle) time: 11.884s
2026-05-04 06:22:02 FTClean time: 5.52s
2026-05-04 06:28:59 Sequence: FillCart , Time: 17.01s
2026-05-04 06:29:04 FTClean time: 5.523s
2026-05-04 06:29:19 POS DCU1 : 242.8, Target : 250.0.
2026-05-04 06:29:19 FillDCU (Cycle) time: 10.991s
2026-05-04 06:30:41 Sequence: FillCart , Time: 17.023s
2026-05-04 06:30:47 FTClean time: 5.527s
2026-05-04 06:32:31 POS DCU1 : 240.5, Target : 250.0.
2026-05-04 06:32:32 FillDCU (Cycle) time: 7.468s
2026-05-04 06:33:49 Sequence: FillCart , Time: 14.036s
2026-05-04 06:33:54 FTClean time: 5.523s
2026-05-04 06:36:13 POS DCU1 : 238.4, Target : 250.0.
2026-05-04 06:36:14 FillDCU (Cycle) time: 6.86s
2026-05-04 06:38:16 ClnCart (Cleaning+Dumping) time: 31.343s
2026-05-04 06:38:34 Sequence: FillCart , Time: 16.819s
2026-05-04 06:38:39 FTClean time: 5.523s
2026-05-04 06:39:25 POS DCU1 : 240.0, Target : 250.0.
2026-05-04 06:39:28 FillDCU (Cycle) time: 7.667s
2026-05-04 06:43:54 FTClean time: 5.523s
2026-05-04 06:44:37 FTClean time: 5.519s
2026-05-04 06:46:04 Sequence: FillCart , Time: 23.815s
2026-05-04 06:46:09 FTClean time: 5.519s
2026-05-04 06:46:19 POS DCU1 : 238.9, Target : 250.0.
2026-05-04 06:46:25 FillDCU (Cycle) time: 11.555s
2026-05-04 06:51:34 FTClean time: 5.521s
2026-05-04 06:54:49 Sequence: FillCart , Time: 20.914s
2026-05-04 06:54:54 FTClean time: 5.523s
2026-05-04 06:55:08 POS DCU1 : 242.9, Target : 250.0.
2026-05-04 06:55:09 FillDCU (Cycle) time: 11.078s
2026-05-04 06:58:53 Sequence: FillCart , Time: 16.233s
2026-05-04 06:58:59 FTClean time: 5.529s
2026-05-04 07:00:01 POS DCU1 : 238.5, Target : 250.0.
2026-05-04 07:00:02 FillDCU (Cycle) time: 10.275s
2026-05-04 07:03:42 Sequence: FillCart , Time: 16.919s
2026-05-04 07:03:47 FTClean time: 5.521s
2026-05-04 07:03:57 POS DCU1 : 237.8, Target : 250.0.
2026-05-04 07:03:59 FillDCU (Cycle) time: 7.584s
2026-05-04 07:08:24 Sequence: FillCart , Time: 15.511s
2026-05-04 07:08:31 FTClean time: 6.833s
2026-05-04 07:08:40 POS DCU1 : 241.0, Target : 250.0.
2026-05-04 07:08:40 FillDCU (Cycle) time: 6.956s
2026-05-04 07:12:50 FTClean time: 5.521s
2026-05-04 07:16:14 Sequence: FillCart , Time: 21.212s
2026-05-04 07:16:19 FTClean time: 5.521s
2026-05-04 07:16:29 POS DCU1 : 243.3, Target : 250.0.
2026-05-04 07:16:34 FillDCU (Cycle) time: 11.79s
2026-05-04 07:20:53 ClnCart (Cleaning+Dumping) time: 31.133s
2026-05-04 07:21:18 Sequence: FillCart , Time: 23.123s
2026-05-04 07:21:23 FTClean time: 5.521s
2026-05-04 07:21:37 POS DCU1 : 241.0, Target : 250.0.
2026-05-04 07:21:39 FillDCU (Cycle) time: 11.776s
2026-05-04 07:26:46 FTClean time: 5.521s
2026-05-04 07:28:24 Sequence: FillCart , Time: 17.012s
2026-05-04 07:28:30 FTClean time: 5.521s
2026-05-04 07:28:44 POS DCU1 : 238.4, Target : 250.0.
2026-05-04 07:28:45 FillDCU (Cycle) time: 11.078s
2026-05-04 07:34:33 FTClean time: 5.523s
2026-05-04 07:36:35 Sequence: FillCart , Time: 23.313s
2026-05-04 07:36:41 FTClean time: 5.517s
2026-05-04 07:36:51 POS DCU1 : 242.2, Target : 250.0.
2026-05-04 07:36:56 FillDCU (Cycle) time: 11.666s
2026-05-04 07:42:39 FTClean time: 5.52s
2026-05-04 07:44:48 Sequence: FillCart , Time: 23.415s
2026-05-04 07:44:54 FTClean time: 5.52s
2026-05-04 07:45:08 POS DCU1 : 238.8, Target : 250.0.
2026-05-04 07:45:09 FillDCU (Cycle) time: 11.687s
2026-05-04 07:51:48 FTClean time: 6.828s
2026-05-04 07:54:01 Sequence: FillCart , Time: 20.711s
2026-05-04 07:54:08 FTClean time: 6.827s
2026-05-04 07:54:21 POS DCU1 : 240.5, Target : 250.0.
2026-05-04 07:54:22 FillDCU (Cycle) time: 11.098s
2026-05-04 07:55:27 ClnCart (Cleaning+Dumping) time: 31.856s
2026-05-04 07:55:51 Sequence: FillCart , Time: 23.302s
2026-05-04 07:55:57 FTClean time: 5.527s
2026-05-04 07:58:51 POS DCU1 : 240.9, Target : 250.0.
2026-05-04 07:58:53 FillDCU (Cycle) time: 11.682s
2026-05-04 08:00:21 ClnCart (Cleaning+Dumping) time: 33.894s
2026-05-04 08:00:38 Sequence: FillCart , Time: 16.154s
2026-05-04 08:00:45 FTClean time: 6.833s
2026-05-04 08:03:49 POS DCU1 : 239.8, Target : 250.0.
2026-05-04 08:03:50 FillDCU (Cycle) time: 11.054s
2026-05-04 08:05:37 ClnCart (Cleaning+Dumping) time: 32.061s
2026-05-04 08:05:55 Sequence: FillCart , Time: 17.023s
2026-05-04 08:06:00 FTClean time: 5.534s
2026-05-04 08:07:54 POS DCU1 : 239.5, Target : 250.0.
2026-05-04 08:07:56 FillDCU (Cycle) time: 7.76s
2026-05-04 08:09:36 ClnCart (Cleaning+Dumping) time: 31.556s
2026-05-04 08:09:51 Sequence: FillCart , Time: 14.029s
2026-05-04 08:09:57 FTClean time: 5.523s
2026-05-04 08:12:10 POS DCU1 : 239.1, Target : 250.0.
2026-05-04 08:12:10 FillDCU (Cycle) time: 6.843s
2026-05-04 08:17:50 Sequence: FillCart , Time: 21.319s
2026-05-04 08:17:56 FTClean time: 5.526s
2026-05-04 08:18:35 POS DCU1 : 239.4, Target : 250.0.
2026-05-04 08:18:42 FillDCU (Cycle) time: 11.743s
2026-05-04 08:23:42 ClnCart (Cleaning+Dumping) time: 31.296s
2026-05-04 08:24:04 Sequence: FillCart , Time: 21.313s
2026-05-04 08:24:10 FTClean time: 5.518s
2026-05-04 08:24:24 POS DCU1 : 239.6, Target : 250.0.
2026-05-04 08:24:25 FillDCU (Cycle) time: 11.789s
2026-05-04 08:25:56 Sequence: FillCart , Time: 16.953s
2026-05-04 08:26:01 FTClean time: 5.522s
2026-05-04 08:28:53 POS DCU1 : 241.4, Target : 250.0.
2026-05-04 08:28:53 FillDCU (Cycle) time: 10.865s
2026-05-04 08:30:54 Sequence: FillCart , Time: 23.868s
2026-05-04 08:30:59 FTClean time: 5.531s
2026-05-04 08:32:28 POS DCU1 : 241.0, Target : 250.0.
2026-05-04 08:32:33 FillDCU (Cycle) time: 11.888s
2026-05-04 08:38:16 FTClean time: 5.521s
2026-05-04 08:39:03 Sequence: FillCart , Time: 22.911s
2026-05-04 08:39:08 FTClean time: 5.52s
2026-05-04 08:39:23 POS DCU1 : 239.9, Target : 250.0.
2026-05-04 08:39:24 FillDCU (Cycle) time: 11.918s
2026-05-04 08:43:13 ClnCart (Cleaning+Dumping) time: 32.723s
2026-05-04 08:43:36 Sequence: FillCart , Time: 21.957s
2026-05-04 08:43:42 FTClean time: 6.824s
2026-05-04 08:46:30 POS DCU1 : 243.1, Target : 250.0.
2026-05-04 08:46:31 FillDCU (Cycle) time: 11.181s
2026-05-04 08:47:57 ClnCart (Cleaning+Dumping) time: 31.153s
2026-05-04 08:48:22 Sequence: FillCart , Time: 23.462s
2026-05-04 08:48:27 FTClean time: 5.525s
2026-05-04 08:51:26 POS DCU1 : 242.6, Target : 250.0.
2026-05-04 08:51:27 FillDCU (Cycle) time: 11.683s
2026-05-04 08:53:12 Sequence: FillCart , Time: 15.623s
2026-05-04 08:53:17 FTClean time: 5.523s
2026-05-04 08:56:24 POS DCU1 : 241.3, Target : 250.0.
2026-05-04 08:56:24 FillDCU (Cycle) time: 11.064s
2026-05-04 08:57:55 ClnCart (Cleaning+Dumping) time: 33.704s
2026-05-04 08:58:17 Sequence: FillCart , Time: 20.38s
2026-05-04 08:58:24 FTClean time: 6.831s
2026-05-04 09:00:10 POS DCU1 : 237.8, Target : 250.0.
2026-05-04 09:00:15 FillDCU (Cycle) time: 11.261s
2026-05-04 09:06:03 FTClean time: 5.517s
2026-05-04 09:10:52 FTClean time: 6.828s
2026-05-04 09:14:58 Sequence: FillCart , Time: 23.114s
2026-05-04 09:15:03 FTClean time: 5.521s
2026-05-04 09:15:17 POS DCU1 : 239.0, Target : 250.0.
2026-05-04 09:15:19 FillDCU (Cycle) time: 11.678s
2026-05-04 09:22:50 FTClean time: 5.522s
2026-05-04 09:23:54 Sequence: FillCart , Time: 22.411s
2026-05-04 09:24:01 FTClean time: 6.827s
2026-05-04 09:24:14 POS DCU1 : 241.8, Target : 250.0.
2026-05-04 09:24:15 FillDCU (Cycle) time: 10.994s
2026-05-04 09:32:32 Sequence: FillCart , Time: 17.213s
2026-05-04 09:32:37 FTClean time: 5.518s
2026-05-04 09:32:51 POS DCU1 : 243.1, Target : 250.0.
2026-05-04 09:32:51 FillDCU (Cycle) time: 10.29s
2026-05-04 09:37:35 Sequence: FillCart , Time: 23.157s
2026-05-04 09:37:41 FTClean time: 5.524s
2026-05-04 09:39:15 POS DCU1 : 239.8, Target : 250.0.
2026-05-04 09:39:19 FillDCU (Cycle) time: 11.765s
2026-05-04 09:44:59 FTClean time: 5.521s
2026-05-04 09:45:43 Sequence: FillCart , Time: 16.712s
2026-05-04 09:45:48 FTClean time: 5.523s
2026-05-04 09:46:02 POS DCU1 : 237.7, Target : 250.0.
2026-05-04 09:46:03 FillDCU (Cycle) time: 11.078s
2026-05-04 09:50:48 FTClean time: 5.523s
2026-05-04 09:56:40 FTClean time: 6.828s
2026-05-04 09:57:04 Sequence: FillCart , Time: 16.712s
2026-05-04 09:57:10 FTClean time: 5.519s
2026-05-04 09:57:20 POS DCU1 : 241.3, Target : 250.0.
2026-05-04 09:57:21 FillDCU (Cycle) time: 7.455s
2026-05-04 10:10:45 FTClean time: 5.521s
2026-05-04 10:11:45 Sequence: FillCart , Time: 21.315s
2026-05-04 10:11:52 FTClean time: 6.829s
2026-05-04 10:12:01 POS DCU1 : 239.6, Target : 250.0.
2026-05-04 10:12:07 FillDCU (Cycle) time: 11.892s
2026-05-04 10:14:43 Sequence: FillCart , Time: 23.757s
2026-05-04 10:14:49 FTClean time: 5.528s
2026-05-04 10:17:47 POS DCU1 : 239.5, Target : 250.0.
2026-05-04 10:17:48 FillDCU (Cycle) time: 11.269s
2026-05-04 10:20:04 Sequence: FillCart , Time: 13.841s
2026-05-04 10:20:10 FTClean time: 5.526s
2026-05-04 10:22:52 POS DCU1 : 239.7, Target : 250.0.
2026-05-04 10:22:52 FillDCU (Cycle) time: 10.836s
2026-05-04 10:27:22 FTClean time: 5.52s
2026-05-04 10:28:06 FTClean time: 5.522s
2026-05-04 10:32:09 Sequence: FillCart , Time: 21.509s
2026-05-04 10:32:14 FTClean time: 5.522s
2026-05-04 10:32:22 POS DCU1 : 239.7, Target : 250.0.
2026-05-04 10:32:30 FillDCU (Cycle) time: 11.998s
2026-05-04 10:42:32 FTClean time: 6.827s
2026-05-04 10:43:13 Sequence: FillCart , Time: 23.316s
2026-05-04 10:43:19 FTClean time: 5.521s
2026-05-04 10:43:33 POS DCU1 : 240.5, Target : 250.0.
2026-05-04 10:43:34 FillDCU (Cycle) time: 11.518s
2026-05-04 10:53:10 FTClean time: 5.52s
2026-05-04 10:53:49 Sequence: FillCart , Time: 20.111s
2026-05-04 10:53:56 FTClean time: 6.827s
2026-05-04 10:54:09 POS DCU1 : 243.3, Target : 250.0.
2026-05-04 10:54:09 FillDCU (Cycle) time: 10.787s
2026-05-04 11:00:50 Sequence: FillCart , Time: 23.811s
2026-05-04 11:00:56 FTClean time: 5.519s
2026-05-04 11:01:09 POS DCU1 : 238.6, Target : 250.0.
2026-05-04 11:01:12 FillDCU (Cycle) time: 12.208s
2026-05-04 11:06:14 FTClean time: 5.52s
2026-05-04 11:07:27 ClnCart (Cleaning+Dumping) time: 32.04s
2026-05-04 11:07:52 Sequence: FillCart , Time: 23.715s
2026-05-04 11:07:57 FTClean time: 5.522s
2026-05-04 11:08:12 POS DCU1 : 242.3, Target : 250.0.
2026-05-04 11:08:14 FillDCU (Cycle) time: 12.488s
2026-05-04 11:15:07 FTClean time: 6.832s
2026-05-04 11:15:49 Sequence: FillCart , Time: 23.408s
2026-05-04 11:15:54 FTClean time: 5.521s
2026-05-04 11:16:09 POS DCU1 : 239.2, Target : 250.0.
2026-05-04 11:16:11 FillDCU (Cycle) time: 13.202s
2026-05-04 11:25:44 FTClean time: 5.52s
2026-05-04 11:26:20 Sequence: FillCart , Time: 21.313s
2026-05-04 11:26:26 FTClean time: 6.825s
2026-05-04 11:26:41 POS DCU1 : 240.9, Target : 250.0.
2026-05-04 11:26:41 FillDCU (Cycle) time: 12.31s
2026-05-04 11:27:52 Sequence: FillCart , Time: 19.341s
2026-05-04 11:27:58 FTClean time: 5.522s
2026-05-04 11:31:09 POS DCU1 : 238.0, Target : 250.0.
2026-05-04 11:31:10 FillDCU (Cycle) time: 11.471s
2026-05-04 11:33:03 Sequence: FillCart , Time: 23.244s
2026-05-04 11:33:08 FTClean time: 5.533s
2026-05-04 11:36:08 POS DCU1 : 242.5, Target : 250.0.
2026-05-04 11:36:10 FillDCU (Cycle) time: 11.876s
2026-05-04 11:40:00 Sequence: FillCart , Time: 16.837s
2026-05-04 11:40:06 FTClean time: 5.522s
2026-05-04 11:41:05 POS DCU1 : 238.0, Target : 250.0.
2026-05-04 11:41:05 FillDCU (Cycle) time: 11.367s
2026-05-04 11:43:19 ClnCart (Cleaning+Dumping) time: 32.256s
2026-05-04 11:43:37 Sequence: FillCart , Time: 16.944s
2026-05-04 11:43:43 FTClean time: 5.524s
2026-05-04 11:45:26 POS DCU1 : 240.2, Target : 250.0.
2026-05-04 11:45:27 FillDCU (Cycle) time: 7.659s
2026-05-04 11:49:44 FTClean time: 5.521s
2026-05-04 11:50:32 FTClean time: 6.83s
2026-05-04 11:51:52 Sequence: FillCart , Time: 13.92s
2026-05-04 11:51:57 FTClean time: 5.52s
2026-05-04 11:52:07 POS DCU1 : 238.5, Target : 250.0.
2026-05-04 11:52:08 FillDCU (Cycle) time: 6.844s
2026-05-04 11:54:41 Sequence: FillCart , Time: 22.409s
2026-05-04 11:54:48 FTClean time: 6.828s
2026-05-04 11:56:14 POS DCU1 : 237.8, Target : 250.0.
2026-05-04 11:56:20 FillDCU (Cycle) time: 10.547s
2026-05-04 12:00:57 Sequence: FillCart , Time: 22.78s
2026-05-04 12:01:03 FTClean time: 5.521s
2026-05-04 12:01:23 POS DCU1 : 240.5, Target : 250.0.
2026-05-04 12:01:26 FillDCU (Cycle) time: 12.909s
2026-05-04 12:03:09 ClnCart (Cleaning+Dumping) time: 31.567s
2026-05-04 12:03:33 Sequence: FillCart , Time: 22.973s
2026-05-04 12:03:38 FTClean time: 5.522s
2026-05-04 12:06:20 POS DCU1 : 241.7, Target : 250.0.
2026-05-04 12:06:21 FillDCU (Cycle) time: 12.192s
2026-05-04 12:08:08 Sequence: FillCart , Time: 16.443s
2026-05-04 12:08:15 FTClean time: 6.824s
2026-05-04 12:11:16 POS DCU1 : 239.4, Target : 250.0.
2026-05-04 12:11:17 FillDCU (Cycle) time: 10.866s
2026-05-04 12:13:00 Sequence: FillCart , Time: 14.035s
