2026-04-22 10:03:58 POS DCU1 : 240.4, Target : 250.0.
2026-04-22 10:03:59 FillDCU (Cycle) time: 11.586s
2026-04-22 10:09:33 FTClean time: 6.828s
2026-04-22 10:15:25 Sequence: FillCart , Time: 36.116s
2026-04-22 10:15:31 FTClean time: 6.826s
2026-04-22 10:15:45 POS DCU1 : 243.2, Target : 250.0.
2026-04-22 10:15:47 FillDCU (Cycle) time: 12.902s
2026-04-22 10:20:48 FTClean time: 5.521s
2026-04-22 10:31:30 FTClean time: 5.518s
2026-04-22 10:33:44 Sequence: FillCart , Time: 22.811s
2026-04-22 10:33:50 FTClean time: 5.522s
2026-04-22 10:34:05 POS DCU1 : 238.7, Target : 250.0.
2026-04-22 10:34:06 FillDCU (Cycle) time: 12.284s
2026-04-22 10:39:17 FTClean time: 6.828s
2026-04-22 10:43:04 FTClean time: 5.523s
2026-04-22 10:53:38 Sequence: FillCart , Time: 21.408s
2026-04-22 10:53:43 FTClean time: 5.521s
2026-04-22 10:53:57 POS DCU1 : 242.4, Target : 250.0.
2026-04-22 10:53:58 FillDCU (Cycle) time: 11.598s
2026-04-22 10:54:36 Sequence: FillCart , Time: 21.563s
2026-04-22 10:54:43 FTClean time: 6.833s
2026-04-22 10:58:29 POS DCU1 : 238.9, Target : 250.0.
2026-04-22 10:58:29 FillDCU (Cycle) time: 11.199s
2026-04-22 11:00:07 Sequence: FillCart , Time: 22.652s
2026-04-22 11:00:12 FTClean time: 5.522s
2026-04-22 11:03:23 POS DCU1 : 241.3, Target : 250.0.
2026-04-22 11:03:25 FillDCU (Cycle) time: 11.588s
2026-04-22 11:05:17 Sequence: FillCart , Time: 21.946s
2026-04-22 11:05:22 FTClean time: 5.525s
2026-04-22 11:08:47 POS DCU1 : 240.8, Target : 250.0.
2026-04-22 11:08:48 FillDCU (Cycle) time: 11.78s
2026-04-22 11:10:14 ClnCart (Cleaning+Dumping) time: 31.469s
2026-04-22 11:10:29 Sequence: FillCart , Time: 14.154s
2026-04-22 11:10:34 FTClean time: 5.522s
2026-04-22 11:14:05 POS DCU1 : 241.6, Target : 250.0.
2026-04-22 11:14:06 FillDCU (Cycle) time: 10.866s
2026-04-22 11:17:58 FTClean time: 5.522s
2026-04-22 11:18:49 FTClean time: 5.522s
2026-04-22 11:20:48 Sequence: FillCart , Time: 16.913s
2026-04-22 11:20:53 FTClean time: 5.519s
2026-04-22 11:21:02 POS DCU1 : 242.3, Target : 250.0.
2026-04-22 11:21:05 FillDCU (Cycle) time: 7.652s
2026-04-22 11:28:10 Sequence: FillCart , Time: 22.439s
2026-04-22 11:28:16 FTClean time: 5.522s
2026-04-22 11:29:59 POS DCU1 : 240.7, Target : 250.0.
2026-04-22 11:30:04 FillDCU (Cycle) time: 11.771s
2026-04-22 11:36:35 FTClean time: 6.828s
2026-04-22 11:37:07 Sequence: FillCart , Time: 15.809s
2026-04-22 11:37:14 FTClean time: 6.826s
2026-04-22 11:37:28 POS DCU1 : 241.8, Target : 250.0.
2026-04-22 11:37:28 FillDCU (Cycle) time: 10.972s
2026-04-22 11:44:30 FTClean time: 5.522s
2026-04-22 11:45:14 Sequence: FillCart , Time: 22.613s
2026-04-22 11:45:19 FTClean time: 5.522s
2026-04-22 11:45:29 POS DCU1 : 241.4, Target : 250.0.
2026-04-22 11:45:34 FillDCU (Cycle) time: 11.398s
2026-04-22 11:50:55 Sequence: FillCart , Time: 20.849s
2026-04-22 11:51:01 FTClean time: 5.518s
2026-04-22 11:54:22 POS DCU1 : 239.1, Target : 250.0.
2026-04-22 11:54:24 FillDCU (Cycle) time: 11.705s
2026-04-22 11:57:15 Sequence: FillCart , Time: 17.403s
2026-04-22 11:57:20 FTClean time: 5.523s
2026-04-22 11:59:43 POS DCU1 : 240.7, Target : 250.0.
2026-04-22 11:59:43 FillDCU (Cycle) time: 10.875s
2026-04-22 12:01:46 ClnCart (Cleaning+Dumping) time: 31.464s
2026-04-22 12:02:11 Sequence: FillCart , Time: 23.138s
2026-04-22 12:02:16 FTClean time: 5.523s
2026-04-22 12:04:04 POS DCU1 : 238.8, Target : 250.0.
2026-04-22 12:04:08 FillDCU (Cycle) time: 11.776s
2026-04-22 12:09:46 FTClean time: 5.52s
2026-04-22 12:11:26 Sequence: FillCart , Time: 14.008s
2026-04-22 12:11:31 FTClean time: 5.52s
2026-04-22 12:11:45 POS DCU1 : 239.0, Target : 250.0.
2026-04-22 12:11:46 FillDCU (Cycle) time: 10.853s
2026-04-22 12:17:22 FTClean time: 5.523s
2026-04-22 12:20:43 FTClean time: 6.828s
2026-04-22 12:25:37 Sequence: FillCart , Time: 16.717s
2026-04-22 12:25:42 FTClean time: 5.516s
2026-04-22 12:25:51 POS DCU1 : 239.2, Target : 250.0.
2026-04-22 12:25:54 FillDCU (Cycle) time: 7.639s
2026-04-22 12:38:44 Sequence: FillCart , Time: 23.613s
2026-04-22 12:38:51 FTClean time: 6.832s
2026-04-22 12:39:00 POS DCU1 : 242.3, Target : 250.0.
2026-04-22 12:39:04 FillDCU (Cycle) time: 10.77s
2026-04-22 12:42:55 Sequence: FillCart , Time: 20.434s
2026-04-22 12:43:02 FTClean time: 6.832s
2026-04-22 12:43:32 POS DCU1 : 238.4, Target : 250.0.
2026-04-22 12:43:34 FillDCU (Cycle) time: 11.093s
2026-04-22 12:49:01 FTClean time: 5.521s
2026-04-22 12:51:04 Sequence: FillCart , Time: 22.811s
2026-04-22 12:51:09 FTClean time: 5.521s
2026-04-22 12:51:23 POS DCU1 : 238.4, Target : 250.0.
2026-04-22 12:51:25 FillDCU (Cycle) time: 11.871s
2026-04-22 12:58:57 FTClean time: 6.824s
2026-04-22 13:00:25 Sequence: FillCart , Time: 20.422s
2026-04-22 13:00:32 FTClean time: 6.827s
2026-04-22 13:00:45 POS DCU1 : 240.8, Target : 250.0.
2026-04-22 13:00:46 FillDCU (Cycle) time: 11.289s
2026-04-22 13:07:51 FTClean time: 5.52s
2026-04-22 13:09:20 FTClean time: 6.828s
2026-04-22 13:11:02 Sequence: FillCart , Time: 22.917s
2026-04-22 13:11:07 FTClean time: 5.523s
2026-04-22 13:11:21 POS DCU1 : 238.1, Target : 250.0.
2026-04-22 13:11:23 FillDCU (Cycle) time: 11.619s
2026-04-22 13:16:44 FTClean time: 5.521s
2026-04-22 13:19:16 Sequence: FillCart , Time: 18.414s
2026-04-22 13:19:23 FTClean time: 6.829s
2026-04-22 13:19:36 POS DCU1 : 242.0, Target : 250.0.
2026-04-22 13:19:37 FillDCU (Cycle) time: 10.564s
2026-04-22 13:24:05 Sequence: FillCart , Time: 21.013s
2026-04-22 13:24:10 FTClean time: 5.522s
2026-04-22 13:24:22 POS DCU1 : 238.6, Target : 250.0.
2026-04-22 13:24:26 FillDCU (Cycle) time: 11.57s
2026-04-22 13:29:53 FTClean time: 5.519s
2026-04-22 13:31:27 FTClean time: 6.828s
2026-04-22 13:33:44 Sequence: FillCart , Time: 17.715s
2026-04-22 13:33:49 FTClean time: 5.522s
2026-04-22 13:34:03 POS DCU1 : 241.2, Target : 250.0.
2026-04-22 13:34:04 FillDCU (Cycle) time: 10.91s
2026-04-22 13:39:04 Sequence: FillCart , Time: 20.411s
2026-04-22 13:39:09 FTClean time: 5.518s
2026-04-22 13:39:20 POS DCU1 : 237.5, Target : 250.0.
2026-04-22 13:39:23 FillDCU (Cycle) time: 10.487s
2026-04-22 13:51:22 Sequence: FillCart , Time: 16.117s
2026-04-22 13:51:28 FTClean time: 6.825s
2026-04-22 13:51:41 POS DCU1 : 241.7, Target : 250.0.
2026-04-22 13:51:41 FillDCU (Cycle) time: 9.767s
2026-04-22 14:03:40 FTClean time: 6.828s
2026-04-22 14:07:15 FTClean time: 5.521s
2026-04-22 14:16:04 Sequence: FillCart , Time: 16.116s
2026-04-22 14:16:11 FTClean time: 6.83s
2026-04-22 14:16:20 POS DCU1 : 241.8, Target : 250.0.
2026-04-22 14:16:22 FillDCU (Cycle) time: 7.46s
2026-04-22 14:20:30 FTClean time: 6.825s
2026-04-22 14:21:00 Sequence: FillCart , Time: 22.513s
2026-04-22 14:21:06 FTClean time: 5.52s
2026-04-22 14:21:16 POS DCU1 : 240.7, Target : 250.0.
2026-04-22 14:21:22 FillDCU (Cycle) time: 11.672s
2026-04-22 14:26:02 Sequence: FillCart , Time: 20.642s
2026-04-22 14:26:09 FTClean time: 6.827s
2026-04-22 14:26:22 POS DCU1 : 228.2, Target : 250.0.
2026-04-22 14:26:23 FillDCU (Cycle) time: 11.172s
2026-04-22 14:31:28 FTClean time: 5.518s
2026-04-22 14:32:06 Sequence: FillCart , Time: 14.012s
2026-04-22 14:32:11 FTClean time: 5.522s
2026-04-22 14:32:24 POS DCU1 : 239.1, Target : 250.0.
2026-04-22 14:32:25 FillDCU (Cycle) time: 9.865s
2026-04-22 14:37:55 ClnCart (Cleaning+Dumping) time: 31.758s
2026-04-22 14:38:20 Sequence: FillCart , Time: 24.326s
2026-04-22 14:38:25 FTClean time: 5.521s
2026-04-22 14:38:34 POS DCU1 : 239.1, Target : 250.0.
2026-04-22 14:38:37 FillDCU (Cycle) time: 7.552s
2026-04-22 14:45:25 ClnCart (Cleaning+Dumping) time: 32.034s
2026-04-22 14:45:51 Sequence: FillCart , Time: 24.213s
2026-04-22 14:45:56 FTClean time: 5.522s
2026-04-22 14:46:13 FillDCU (Cycle) time: 12.864s
2026-04-22 14:51:06 FTClean time: 6.823s
2026-04-22 14:51:31 Sequence: FillCart , Time: 18.712s
2026-04-22 14:51:38 FTClean time: 6.831s
2026-04-22 14:51:47 POS DCU1 : 240.9, Target : 250.0.
2026-04-22 14:51:52 FillDCU (Cycle) time: 10.813s
2026-04-22 14:57:37 FTClean time: 6.829s
2026-04-22 14:58:44 Sequence: FillCart , Time: 17.018s
2026-04-22 14:58:51 FTClean time: 6.825s
2026-04-22 14:59:03 POS DCU1 : 241.6, Target : 250.0.
2026-04-22 14:59:04 FillDCU (Cycle) time: 9.99s
2026-04-22 15:05:33 Sequence: FillCart , Time: 24.015s
2026-04-22 15:05:39 FTClean time: 6.828s
2026-04-22 15:05:49 POS DCU1 : 239.8, Target : 250.0.
2026-04-22 15:05:54 FillDCU (Cycle) time: 11.707s
2026-04-22 15:06:41 ClnCart (Cleaning+Dumping) time: 33.31s
2026-04-22 15:07:01 Sequence: FillCart , Time: 19.424s
2026-04-22 15:07:08 FTClean time: 6.842s
2026-04-22 15:10:50 POS DCU1 : 241.4, Target : 250.0.
2026-04-22 15:10:51 FillDCU (Cycle) time: 10.927s
2026-04-22 15:12:05 ClnCart (Cleaning+Dumping) time: 33.117s
2026-04-22 15:12:24 Sequence: FillCart , Time: 17.328s
2026-04-22 15:12:31 FTClean time: 6.83s
2026-04-22 15:14:03 POS DCU1 : 243.0, Target : 250.0.
2026-04-22 15:14:04 FillDCU (Cycle) time: 8.686s
2026-04-22 15:15:17 Sequence: FillCart , Time: 27.278s
2026-04-22 15:15:23 FTClean time: 6.827s
2026-04-22 15:16:15 POS DCU1 : 240.0, Target : 250.0.
2026-04-22 15:16:19 FillDCU (Cycle) time: 11.41s
2026-04-22 15:20:56 FillDCU (Cycle) time: 1.685s
2026-04-22 15:24:01 ClnCart (Cleaning+Dumping) time: 103.194s
2026-04-22 15:24:25 Sequence: FillCart , Time: 23.412s
2026-04-22 15:24:32 FTClean time: 6.831s
2026-04-22 15:24:45 FillDCU (Cycle) time: 10.322s
2026-04-22 15:31:04 FTClean time: 5.521s
2026-04-22 15:31:44 Sequence: FillCart , Time: 21.612s
2026-04-22 15:31:50 FTClean time: 5.523s
2026-04-22 15:32:03 POS DCU1 : 241.9, Target : 250.0.
2026-04-22 15:32:04 FillDCU (Cycle) time: 10.392s
2026-04-22 15:36:32 ClnCart (Cleaning+Dumping) time: 72.834s
2026-04-22 15:36:56 Sequence: FillCart , Time: 22.638s
2026-04-22 15:37:02 FTClean time: 5.523s
2026-04-22 15:39:17 POS DCU1 : 241.0, Target : 250.0.
2026-04-22 15:39:20 FillDCU (Cycle) time: 11.671s
2026-04-22 15:41:05 Sequence: FillCart , Time: 16.141s
2026-04-22 15:41:10 FTClean time: 5.522s
2026-04-22 15:44:04 POS DCU1 : 238.7, Target : 250.0.
2026-04-22 15:44:04 FillDCU (Cycle) time: 10.67s
2026-04-22 15:48:46 FTClean time: 5.522s
2026-04-22 15:49:42 Sequence: FillCart , Time: 22.815s
2026-04-22 15:49:48 FTClean time: 5.523s
2026-04-22 15:49:58 POS DCU1 : 242.4, Target : 250.0.
2026-04-22 15:50:04 FillDCU (Cycle) time: 11.867s
2026-04-22 15:57:22 Sequence: FillCart , Time: 21.448s
2026-04-22 15:57:29 FTClean time: 6.836s
2026-04-22 15:58:11 POS DCU1 : 240.3, Target : 250.0.
2026-04-22 15:58:12 FillDCU (Cycle) time: 11.585s
2026-04-22 16:03:52 FTClean time: 6.828s
2026-04-22 16:08:29 Sequence: FillCart , Time: 14.496s
2026-04-22 16:08:36 FTClean time: 6.826s
2026-04-22 16:08:49 POS DCU1 : 243.1, Target : 250.0.
2026-04-22 16:08:49 FillDCU (Cycle) time: 10.519s
2026-04-22 16:14:57 Sequence: FillCart , Time: 22.511s
2026-04-22 16:15:02 FTClean time: 5.524s
2026-04-22 16:15:15 POS DCU1 : 238.2, Target : 250.0.
2026-04-22 16:15:17 FillDCU (Cycle) time: 11.411s
2026-04-22 16:19:11 Sequence: FillCart , Time: 24.05s
2026-04-22 16:19:18 FTClean time: 6.835s
2026-04-22 16:20:00 POS DCU1 : 242.2, Target : 250.0.
2026-04-22 16:20:03 FillDCU (Cycle) time: 12.983s
2026-04-22 16:25:25 FTClean time: 5.521s
2026-04-22 16:26:07 Sequence: FillCart , Time: 17.517s
2026-04-22 16:26:13 FTClean time: 5.52s
2026-04-22 16:26:24 POS DCU1 : 242.6, Target : 250.0.
2026-04-22 16:26:25 FillDCU (Cycle) time: 8.362s
2026-04-22 16:31:37 Sequence: FillCart , Time: 16.032s
2026-04-22 16:31:42 FTClean time: 5.526s
2026-04-22 16:33:23 POS DCU1 : 240.0, Target : 250.0.
2026-04-22 16:33:24 FillDCU (Cycle) time: 7.859s
2026-04-22 16:35:42 Sequence: FillCart , Time: 14.029s
2026-04-22 16:35:48 FTClean time: 5.521s
2026-04-22 16:37:22 POS DCU1 : 239.3, Target : 250.0.
2026-04-22 16:37:23 FillDCU (Cycle) time: 6.96s
2026-04-22 16:41:36 Sequence: FillCart , Time: 22.953s
2026-04-22 16:41:43 FTClean time: 6.829s
2026-04-22 16:41:55 POS DCU1 : 240.1, Target : 250.0.
2026-04-22 16:42:01 FillDCU (Cycle) time: 10.762s
2026-04-22 16:47:37 FTClean time: 5.519s
2026-04-22 16:49:50 Sequence: FillCart , Time: 16.01s
2026-04-22 16:49:55 FTClean time: 5.521s
2026-04-22 16:50:09 POS DCU1 : 241.5, Target : 250.0.
2026-04-22 16:50:09 FillDCU (Cycle) time: 9.683s
2026-04-22 16:55:37 Sequence: FillCart , Time: 22.812s
2026-04-22 16:55:42 FTClean time: 5.521s
2026-04-22 16:55:52 POS DCU1 : 239.6, Target : 250.0.
2026-04-22 16:55:58 FillDCU (Cycle) time: 11.796s
2026-04-22 17:00:00 Sequence: FillCart , Time: 15.94s
2026-04-22 17:00:06 FTClean time: 5.519s
2026-04-22 17:00:30 POS DCU1 : 238.0, Target : 250.0.
2026-04-22 17:00:30 FillDCU (Cycle) time: 10.868s
2026-04-22 17:02:55 Sequence: FillCart , Time: 22.835s
2026-04-22 17:03:01 FTClean time: 5.522s
2026-04-22 17:04:15 POS DCU1 : 240.3, Target : 250.0.
2026-04-22 17:04:21 FillDCU (Cycle) time: 12.175s
2026-04-22 17:07:46 Sequence: FillCart , Time: 22.788s
2026-04-22 17:07:51 FTClean time: 5.527s
2026-04-22 17:09:31 POS DCU1 : 241.9, Target : 250.0.
2026-04-22 17:09:32 FillDCU (Cycle) time: 11.687s
2026-04-22 17:13:23 ClnCart (Cleaning+Dumping) time: 31.858s
2026-04-22 17:13:49 Sequence: FillCart , Time: 24.499s
2026-04-22 17:13:55 FTClean time: 5.522s
2026-04-22 17:14:32 POS DCU1 : 239.9, Target : 250.0.
2026-04-22 17:14:33 FillDCU (Cycle) time: 11.984s
2026-04-22 17:20:08 FTClean time: 5.521s
2026-04-22 17:20:53 FTClean time: 5.519s
2026-04-22 17:21:21 Sequence: FillCart , Time: 22.511s
2026-04-22 17:21:27 FTClean time: 5.524s
2026-04-22 17:21:41 POS DCU1 : 242.6, Target : 250.0.
2026-04-22 17:21:43 FillDCU (Cycle) time: 11.787s
2026-04-22 17:30:15 Sequence: FillCart , Time: 14.015s
2026-04-22 17:30:20 FTClean time: 5.521s
2026-04-22 17:30:34 POS DCU1 : 240.6, Target : 250.0.
2026-04-22 17:30:35 FillDCU (Cycle) time: 10.853s
2026-04-22 17:34:20 FTClean time: 5.52s
2026-04-22 17:47:25 Sequence: FillCart , Time: 22.915s
2026-04-22 17:47:31 FTClean time: 5.518s
2026-04-22 17:47:39 POS DCU1 : 241.7, Target : 250.0.
2026-04-22 17:47:47 FillDCU (Cycle) time: 12.428s
2026-04-22 17:52:49 FTClean time: 5.521s
2026-04-22 17:57:02 FTClean time: 5.521s
2026-04-22 17:57:30 Sequence: FillCart , Time: 11.913s
2026-04-22 17:57:35 FTClean time: 5.52s
2026-04-22 17:57:50 POS DCU1 : 239.7, Target : 250.0.
2026-04-22 17:57:50 FillDCU (Cycle) time: 11.553s
2026-04-22 18:04:08 FTClean time: 5.523s
2026-04-22 18:06:49 Sequence: FillCart , Time: 17.009s
2026-04-22 18:06:55 FTClean time: 5.524s
2026-04-22 18:07:06 FillDCU (Cycle) time: 7.734s
2026-04-22 18:13:23 Sequence: FillCart , Time: 16.911s
2026-04-22 18:13:28 FTClean time: 5.523s
2026-04-22 18:13:39 POS DCU1 : 241.9, Target : 250.0.
2026-04-22 18:13:40 FillDCU (Cycle) time: 7.547s
2026-04-22 18:17:33 FTClean time: 5.524s
2026-04-22 18:23:58 Sequence: FillCart , Time: 21.91s
2026-04-22 18:24:04 FTClean time: 5.522s
2026-04-22 18:24:14 POS DCU1 : 241.5, Target : 250.0.
2026-04-22 18:24:18 FillDCU (Cycle) time: 10.274s
2026-04-22 18:29:31 FTClean time: 5.522s
2026-04-22 18:32:20 Sequence: FillCart , Time: 27.816s
2026-04-22 18:32:25 FTClean time: 5.519s
2026-04-22 18:32:38 POS DCU1 : 240.9, Target : 250.0.
2026-04-22 18:32:42 FillDCU (Cycle) time: 13.006s
2026-04-22 18:37:53 ClnCart (Cleaning+Dumping) time: 31.745s
2026-04-22 18:38:19 Sequence: FillCart , Time: 24.943s
2026-04-22 18:38:24 FTClean time: 5.523s
2026-04-22 18:40:33 CheckA1Fluid Restart 255.4
2026-04-22 18:40:33 POS DCU1 : 243.3, Target : 250.0.
2026-04-22 18:40:36 FillDCU (Cycle) time: 13.305s
2026-04-22 18:42:53 FTClean time: 6.826s
2026-04-22 18:50:21 Sequence: FillCart , Time: 23.813s
2026-04-22 18:50:27 FTClean time: 6.826s
2026-04-22 18:50:41 POS DCU1 : 239.6, Target : 250.0.
2026-04-22 18:50:41 FillDCU (Cycle) time: 10.98s
2026-04-22 18:55:35 ClnCart (Cleaning+Dumping) time: 43.543s
2026-04-22 18:55:59 Sequence: FillCart , Time: 22.908s
2026-04-22 18:56:05 FTClean time: 5.522s
2026-04-22 18:56:18 POS DCU1 : 242.7, Target : 250.0.
2026-04-22 18:56:20 FillDCU (Cycle) time: 11.786s
2026-04-22 19:01:36 FTClean time: 6.827s
2026-04-22 19:05:03 Sequence: FillCart , Time: 16.81s
2026-04-22 19:05:10 FTClean time: 6.833s
2026-04-22 19:05:23 POS DCU1 : 241.3, Target : 250.0.
2026-04-22 19:05:24 FillDCU (Cycle) time: 10.882s
2026-04-22 19:09:43 FTClean time: 5.522s
2026-04-22 19:10:35 Sequence: FillCart , Time: 27.412s
2026-04-22 19:10:41 FTClean time: 5.521s
2026-04-22 19:10:51 POS DCU1 : 241.0, Target : 250.0.
2026-04-22 19:10:58 FillDCU (Cycle) time: 13.179s
2026-04-22 19:15:29 ClnCart (Cleaning+Dumping) time: 43.059s
2026-04-22 19:15:55 Sequence: FillCart , Time: 24.922s
2026-04-22 19:16:00 FTClean time: 5.522s
2026-04-22 19:20:09 CheckA1Fluid Restart 254.5
2026-04-22 19:20:09 POS DCU1 : 242.3, Target : 250.0.
2026-04-22 19:20:12 FillDCU (Cycle) time: 13.073s
2026-04-22 19:22:50 Sequence: FillCart , Time: 16.715s
2026-04-22 19:22:57 FTClean time: 6.828s
2026-04-22 19:23:10 POS DCU1 : 238.9, Target : 250.0.
2026-04-22 19:23:11 FillDCU (Cycle) time: 10.957s
2026-04-22 19:27:25 FTClean time: 5.521s
2026-04-22 19:28:47 Sequence: FillCart , Time: 21.717s
2026-04-22 19:28:52 FTClean time: 5.521s
2026-04-22 19:29:02 POS DCU1 : 241.4, Target : 250.0.
2026-04-22 19:29:08 FillDCU (Cycle) time: 11.916s
2026-04-22 19:37:17 FTClean time: 6.83s
2026-04-22 19:38:18 Sequence: FillCart , Time: 24.311s
2026-04-22 19:38:25 FTClean time: 6.829s
2026-04-22 19:38:38 POS DCU1 : 239.2, Target : 250.0.
2026-04-22 19:38:41 FillDCU (Cycle) time: 13.017s
2026-04-22 19:42:45 Sequence: FillCart , Time: 16.643s
2026-04-22 19:42:51 FTClean time: 5.521s
2026-04-22 19:45:29 POS DCU1 : 243.2, Target : 250.0.
2026-04-22 19:45:29 FillDCU (Cycle) time: 12.104s
2026-04-22 19:50:05 FTClean time: 5.522s
2026-04-22 19:51:18 Sequence: FillCart , Time: 22.512s
2026-04-22 19:51:23 FTClean time: 5.522s
2026-04-22 19:51:33 POS DCU1 : 241.8, Target : 250.0.
2026-04-22 19:51:39 FillDCU (Cycle) time: 11.676s
2026-04-22 19:56:52 Sequence: FillCart , Time: 24.88s
2026-04-22 19:56:59 FTClean time: 6.829s
2026-04-22 19:59:39 POS DCU1 : 239.0, Target : 250.0.
2026-04-22 19:59:42 FillDCU (Cycle) time: 12.893s
2026-04-22 20:01:32 Sequence: FillCart , Time: 21.463s
2026-04-22 20:01:37 FTClean time: 5.522s
2026-04-22 20:04:37 POS DCU1 : 237.4, Target : 250.0.
2026-04-22 20:04:38 FillDCU (Cycle) time: 12.089s
2026-04-22 20:10:13 FTClean time: 6.83s
2026-04-22 20:10:57 FTClean time: 5.521s
2026-04-22 20:11:25 Sequence: FillCart , Time: 21.911s
2026-04-22 20:11:32 FTClean time: 6.827s
2026-04-22 20:11:45 POS DCU1 : 239.0, Target : 250.0.
2026-04-22 20:11:46 FillDCU (Cycle) time: 11.61s
2026-04-22 20:16:15 Sequence: FillCart , Time: 23.355s
2026-04-22 20:16:22 FTClean time: 6.826s
2026-04-22 20:18:32 POS DCU1 : 241.2, Target : 250.0.
2026-04-22 20:18:33 FillDCU (Cycle) time: 11.175s
2026-04-22 20:19:37 Sequence: FillCart , Time: 9.401s
2026-04-22 20:19:42 FTClean time: 5.524s
2026-04-22 20:23:26 POS DCU1 : 240.1, Target : 250.0.
2026-04-22 20:23:26 FillDCU (Cycle) time: 10.061s
2026-04-22 20:25:37 Sequence: FillCart , Time: 22.71s
2026-04-22 20:25:43 FTClean time: 5.528s
2026-04-22 20:26:30 POS DCU1 : 241.8, Target : 250.0.
2026-04-22 20:26:37 FillDCU (Cycle) time: 11.656s
2026-04-22 20:29:19 Sequence: FillCart , Time: 16.24s
2026-04-22 20:29:24 FTClean time: 5.52s
2026-04-22 20:32:20 POS DCU1 : 239.6, Target : 250.0.
2026-04-22 20:32:20 FillDCU (Cycle) time: 10.867s
2026-04-22 20:34:07 ClnCart (Cleaning+Dumping) time: 31.877s
2026-04-22 20:34:31 Sequence: FillCart , Time: 22.752s
2026-04-22 20:34:36 FTClean time: 5.519s
2026-04-22 20:36:23 POS DCU1 : 241.2, Target : 250.0.
2026-04-22 20:36:28 FillDCU (Cycle) time: 11.562s
2026-04-22 20:38:23 Sequence: FillCart , Time: 15.74s
2026-04-22 20:38:28 FTClean time: 5.524s
2026-04-22 20:41:24 POS DCU1 : 240.1, Target : 250.0.
2026-04-22 20:41:24 FillDCU (Cycle) time: 10.886s
2026-04-22 20:43:34 Sequence: FillCart , Time: 16.521s
2026-04-22 20:43:39 FTClean time: 5.531s
2026-04-22 20:45:10 POS DCU1 : 242.4, Target : 250.0.
2026-04-22 20:45:12 FillDCU (Cycle) time: 7.758s
2026-04-22 20:50:30 Sequence: FillCart , Time: 22.613s
2026-04-22 20:50:37 FTClean time: 6.826s
2026-04-22 20:50:47 POS DCU1 : 238.4, Target : 250.0.
2026-04-22 20:50:51 FillDCU (Cycle) time: 11.012s
2026-04-22 20:55:33 Sequence: FillCart , Time: 20.515s
2026-04-22 20:55:40 FTClean time: 6.82s
2026-04-22 20:55:53 POS DCU1 : 238.7, Target : 250.0.
2026-04-22 20:55:54 FillDCU (Cycle) time: 10.985s
2026-04-22 21:47:02 POS DCU1 : 237.8, Target : 250.0.
2026-04-22 21:47:03 FillDCU (Cycle) time: 10.312s
2026-04-22 22:55:14 FTClean time: 6.827s
2026-04-22 22:55:56 FTClean time: 5.519s
2026-04-22 22:56:37 FTClean time: 5.521s
2026-04-22 22:57:32 ClnCart (Cleaning+Dumping) time: 33.382s
2026-04-22 22:57:39 FTClean time: 6.83s
2026-04-22 22:58:46 ClnCart (Cleaning+Dumping) time: 30.941s
2026-04-22 22:58:52 FTClean time: 5.521s
2026-04-22 23:00:01 ClnCart (Cleaning+Dumping) time: 31.441s
2026-04-22 23:00:06 FTClean time: 5.519s
2026-04-23 02:55:21 Sequence: FillCart , Time: 23.813s
2026-04-23 02:55:26 FTClean time: 5.52s
2026-04-23 02:55:43 FillDCU (Cycle) time: 13.028s
2026-04-23 02:56:26 Sequence: FillCart , Time: 22.928s
2026-04-23 02:56:31 FTClean time: 5.523s
2026-04-23 02:57:39 POS DCU1 : 238.2, Target : 250.0.
2026-04-23 02:57:45 FillDCU (Cycle) time: 12.981s
2026-04-23 03:07:53 Sequence: FillCart , Time: 26.816s
2026-04-23 03:08:00 FTClean time: 6.827s
2026-04-23 03:08:09 POS DCU1 : 238.0, Target : 250.0.
2026-04-23 03:08:13 FillDCU (Cycle) time: 11.167s
2026-04-23 03:18:35 POS DCU1 : 243.4, Target : 250.0.
2026-04-23 03:18:36 FillDCU (Cycle) time: 10.42s
2026-04-23 03:19:35 FTClean time: 6.828s
2026-04-23 03:21:02 FTClean time: 5.522s
2026-04-23 03:21:29 ClnCart (Cleaning+Dumping) time: 23.422s
2026-04-23 03:21:34 FTClean time: 5.519s
2026-04-23 03:22:21 ClnCart (Cleaning+Dumping) time: 25.172s
2026-04-23 03:22:28 FTClean time: 6.827s
2026-04-23 03:24:19 ClnCart (Cleaning+Dumping) time: 75.841s
2026-04-23 03:24:25 FTClean time: 5.52s
2026-04-23 03:25:26 ClnCart (Cleaning+Dumping) time: 23.326s
2026-04-23 03:25:31 FTClean time: 5.52s
2026-04-23 05:33:39 Sequence: FillCart , Time: 16.914s
2026-04-23 05:33:45 FTClean time: 5.521s
2026-04-23 05:33:56 FillDCU (Cycle) time: 7.218s
2026-04-23 05:34:52 Sequence: FillCart , Time: 21.135s
2026-04-23 05:34:57 FTClean time: 5.525s
2026-04-23 05:37:11 POS DCU1 : 242.0, Target : 250.0.
2026-04-23 05:37:16 FillDCU (Cycle) time: 11.565s
2026-04-23 05:39:22 Sequence: FillCart , Time: 22.988s
2026-04-23 05:39:28 FTClean time: 5.523s
2026-04-23 05:42:17 POS DCU1 : 238.8, Target : 250.0.
2026-04-23 05:42:18 FillDCU (Cycle) time: 11.727s
2026-04-23 05:44:18 Sequence: FillCart , Time: 23.891s
2026-04-23 05:44:24 FTClean time: 5.526s
2026-04-23 05:47:14 POS DCU1 : 243.2, Target : 250.0.
2026-04-23 05:47:16 FillDCU (Cycle) time: 11.895s
2026-04-23 05:52:44 FTClean time: 5.521s
2026-04-23 06:11:16 Sequence: FillCart , Time: 22.01s
2026-04-23 06:11:22 FTClean time: 5.52s
2026-04-23 06:11:36 POS DCU1 : 241.2, Target : 250.0.
2026-04-23 06:11:37 FillDCU (Cycle) time: 11.615s
2026-04-23 06:16:12 Sequence: FillCart , Time: 16.309s
2026-04-23 06:16:19 FTClean time: 6.826s
2026-04-23 06:16:32 POS DCU1 : 241.3, Target : 250.0.
2026-04-23 06:16:33 FillDCU (Cycle) time: 11.297s
2026-04-23 06:21:25 ClnCart (Cleaning+Dumping) time: 31.771s
2026-04-23 06:21:48 Sequence: FillCart , Time: 22.009s
2026-04-23 06:21:53 FTClean time: 5.52s
2026-04-23 06:22:07 POS DCU1 : 240.8, Target : 250.0.
2026-04-23 06:22:09 FillDCU (Cycle) time: 11.811s
2026-04-23 06:26:55 Sequence: FillCart , Time: 16.416s
2026-04-23 06:27:02 FTClean time: 6.826s
2026-04-23 06:27:15 POS DCU1 : 241.4, Target : 250.0.
2026-04-23 06:27:16 FillDCU (Cycle) time: 10.906s
2026-04-23 06:30:50 Sequence: FillCart , Time: 16.932s
2026-04-23 06:30:56 FTClean time: 5.521s
2026-04-23 06:31:06 POS DCU1 : 241.4, Target : 250.0.
2026-04-23 06:31:07 FillDCU (Cycle) time: 7.668s
2026-04-23 06:35:06 FTClean time: 6.831s
2026-04-23 06:36:50 Sequence: FillCart , Time: 15.713s
2026-04-23 06:36:57 FTClean time: 6.826s
2026-04-23 06:37:06 POS DCU1 : 240.0, Target : 250.0.
2026-04-23 06:37:07 FillDCU (Cycle) time: 7.29s
2026-04-23 06:40:27 ClnCart (Cleaning+Dumping) time: 30.961s
2026-04-23 06:40:51 Sequence: FillCart , Time: 23.071s
2026-04-23 06:40:56 FTClean time: 5.523s
2026-04-23 06:41:06 POS DCU1 : 237.9, Target : 250.0.
2026-04-23 06:41:12 FillDCU (Cycle) time: 11.771s
2026-04-23 06:45:46 Sequence: FillCart , Time: 16.259s
2026-04-23 06:45:53 FTClean time: 6.846s
2026-04-23 06:46:12 POS DCU1 : 242.0, Target : 250.0.
2026-04-23 06:46:13 FillDCU (Cycle) time: 10.776s
2026-04-23 06:50:26 ClnCart (Cleaning+Dumping) time: 31.94s
2026-04-23 06:50:50 Sequence: FillCart , Time: 22.91s
2026-04-23 06:50:56 FTClean time: 5.522s
2026-04-23 06:51:06 POS DCU1 : 242.4, Target : 250.0.
2026-04-23 06:51:12 FillDCU (Cycle) time: 11.79s
2026-04-23 06:59:24 ClnCart (Cleaning+Dumping) time: 31.538s
2026-04-23 06:59:50 Sequence: FillCart , Time: 25.418s
2026-04-23 06:59:56 FTClean time: 5.524s
2026-04-23 07:00:13 FillDCU (Cycle) time: 13.074s
2026-04-23 07:06:09 FTClean time: 6.828s
2026-04-23 07:06:48 Sequence: FillCart , Time: 24.117s
2026-04-23 07:06:55 FTClean time: 6.826s
2026-04-23 07:07:08 POS DCU1 : 239.9, Target : 250.0.
2026-04-23 07:07:11 FillDCU (Cycle) time: 13.602s
2026-04-23 07:11:48 ClnCart (Cleaning+Dumping) time: 100.252s
2026-04-23 07:12:09 Sequence: FillCart , Time: 20.443s
2026-04-23 07:12:15 FTClean time: 5.523s
2026-04-23 07:13:56 POS DCU1 : 239.9, Target : 250.0.
2026-04-23 07:13:57 FillDCU (Cycle) time: 12.685s
2026-04-23 07:19:53 FTClean time: 5.523s
2026-04-23 07:20:32 Sequence: FillCart , Time: 16.615s
2026-04-23 07:20:37 FTClean time: 5.52s
2026-04-23 07:20:51 POS DCU1 : 239.4, Target : 250.0.
2026-04-23 07:20:52 FillDCU (Cycle) time: 10.868s
2026-04-23 07:25:00 Sequence: FillCart , Time: 15.643s
2026-04-23 07:25:05 FTClean time: 5.519s
2026-04-23 07:26:36 POS DCU1 : 238.1, Target : 250.0.
2026-04-23 07:26:38 FillDCU (Cycle) time: 7.456s
2026-04-23 07:30:39 Sequence: FillCart , Time: 25.416s
2026-04-23 07:30:46 FTClean time: 6.825s
2026-04-23 07:30:55 POS DCU1 : 241.0, Target : 250.0.
2026-04-23 07:31:02 FillDCU (Cycle) time: 13.378s
2026-04-23 07:36:04 FTClean time: 5.522s
2026-04-23 07:37:01 FTClean time: 6.831s
2026-04-23 07:37:35 Sequence: FillCart , Time: 16.914s
2026-04-23 07:37:41 FTClean time: 5.523s
2026-04-23 07:37:57 POS DCU1 : 239.1, Target : 250.0.
2026-04-23 07:37:57 FillDCU (Cycle) time: 12.727s
2026-04-23 07:43:47 FTClean time: 5.523s
2026-04-23 07:51:44 Sequence: FillCart , Time: 24.61s
2026-04-23 07:51:50 FTClean time: 5.521s
2026-04-23 07:52:00 POS DCU1 : 237.9, Target : 250.0.
2026-04-23 07:52:05 FillDCU (Cycle) time: 11.698s
2026-04-23 07:52:54 Sequence: FillCart , Time: 16.34s
2026-04-23 07:53:01 FTClean time: 6.831s
2026-04-23 07:56:38 POS DCU1 : 241.6, Target : 250.0.
2026-04-23 07:56:39 FillDCU (Cycle) time: 11.699s
2026-04-23 07:58:31 Sequence: FillCart , Time: 23.069s
2026-04-23 07:58:37 FTClean time: 5.522s
2026-04-23 08:01:34 POS DCU1 : 238.2, Target : 250.0.
2026-04-23 08:01:35 FillDCU (Cycle) time: 11.385s
2026-04-23 08:03:10 ClnCart (Cleaning+Dumping) time: 31.362s
2026-04-23 08:03:35 Sequence: FillCart , Time: 24.685s
2026-04-23 08:03:41 FTClean time: 5.525s
2026-04-23 08:06:31 POS DCU1 : 242.0, Target : 250.0.
2026-04-23 08:06:32 FillDCU (Cycle) time: 11.491s
2026-04-23 08:08:24 Sequence: FillCart , Time: 16.848s
2026-04-23 08:08:30 FTClean time: 6.846s
2026-04-23 08:11:30 POS DCU1 : 240.7, Target : 250.0.
2026-04-23 08:11:30 FillDCU (Cycle) time: 11.01s
2026-04-23 08:24:49 FTClean time: 5.521s
2026-04-23 08:25:32 FTClean time: 5.522s
2026-04-23 08:26:20 Sequence: FillCart , Time: 16.816s
2026-04-23 08:26:26 FTClean time: 5.523s
2026-04-23 08:26:37 POS DCU1 : 242.6, Target : 250.0.
2026-04-23 08:26:37 FillDCU (Cycle) time: 7.456s
2026-04-23 08:34:31 FTClean time: 5.521s
2026-04-23 08:35:36 FTClean time: 6.825s
2026-04-23 08:35:58 Sequence: FillCart , Time: 15.917s
2026-04-23 08:36:03 FTClean time: 5.522s
2026-04-23 08:36:13 POS DCU1 : 239.5, Target : 250.0.
2026-04-23 08:36:14 FillDCU (Cycle) time: 7.271s
2026-04-23 08:38:31 Sequence: FillCart , Time: 16.813s
2026-04-23 08:38:37 FTClean time: 5.526s
2026-04-23 08:40:33 POS DCU1 : 241.6, Target : 250.0.
2026-04-23 08:40:35 FillDCU (Cycle) time: 7.548s
2026-04-23 08:42:23 Sequence: FillCart , Time: 12.425s
2026-04-23 08:42:29 FTClean time: 5.542s
2026-04-23 08:44:02 POS DCU1 : 240.7, Target : 250.0.
2026-04-23 08:44:04 FillDCU (Cycle) time: 7.581s
2026-04-23 08:47:03 Sequence: FillCart , Time: 20.448s
2026-04-23 08:47:10 FTClean time: 6.832s
2026-04-23 08:49:38 POS DCU1 : 238.8, Target : 250.0.
2026-04-23 08:49:43 FillDCU (Cycle) time: 10.764s
2026-04-23 08:51:27 ClnCart (Cleaning+Dumping) time: 31.383s
2026-04-23 08:51:45 Sequence: FillCart , Time: 16.84s
2026-04-23 08:51:51 FTClean time: 5.522s
2026-04-23 08:54:27 POS DCU1 : 243.6, Target : 250.0.
2026-04-23 08:54:27 FillDCU (Cycle) time: 10.191s
2026-04-23 08:58:49 FTClean time: 6.826s
2026-04-23 08:59:53 Sequence: FillCart , Time: 22.317s
2026-04-23 09:00:00 FTClean time: 6.825s
2026-04-23 09:00:09 POS DCU1 : 242.8, Target : 250.0.
2026-04-23 09:00:14 FillDCU (Cycle) time: 11.486s
2026-04-23 09:05:04 Sequence: FillCart , Time: 21.332s
2026-04-23 09:05:10 FTClean time: 5.53s
2026-04-23 09:07:33 POS DCU1 : 240.6, Target : 250.0.
2026-04-23 09:07:35 FillDCU (Cycle) time: 11.894s
2026-04-23 09:09:48 ClnCart (Cleaning+Dumping) time: 32.014s
2026-04-23 09:10:07 Sequence: FillCart , Time: 17.149s
2026-04-23 09:10:12 FTClean time: 5.523s
2026-04-23 09:12:30 POS DCU1 : 242.1, Target : 250.0.
2026-04-23 09:12:31 FillDCU (Cycle) time: 10.884s
2026-04-23 09:14:15 Sequence: FillCart , Time: 13.917s
2026-04-23 09:14:20 FTClean time: 5.528s
2026-04-23 09:17:01 POS DCU1 : 241.1, Target : 250.0.
2026-04-23 09:17:02 FillDCU (Cycle) time: 6.944s
2026-04-23 09:20:59 FTClean time: 5.524s
2026-04-23 09:24:50 Sequence: FillCart , Time: 16.317s
2026-04-23 09:24:55 FTClean time: 5.522s
2026-04-23 09:25:04 POS DCU1 : 243.3, Target : 250.0.
2026-04-23 09:25:07 FillDCU (Cycle) time: 7.75s
2026-04-23 09:29:07 FTClean time: 6.827s
2026-04-23 09:29:47 Sequence: FillCart , Time: 21.31s
2026-04-23 09:29:53 FTClean time: 6.826s
2026-04-23 09:30:03 POS DCU1 : 240.6, Target : 250.0.
2026-04-23 09:30:08 FillDCU (Cycle) time: 11.619s
2026-04-23 09:33:49 Sequence: FillCart , Time: 22.471s
2026-04-23 09:33:56 FTClean time: 6.834s
2026-04-23 09:36:29 POS DCU1 : 242.1, Target : 250.0.
2026-04-23 09:36:31 FillDCU (Cycle) time: 11.581s
2026-04-23 09:42:06 FTClean time: 6.827s
2026-04-23 09:42:51 FTClean time: 5.521s
2026-04-23 09:43:39 Sequence: FillCart , Time: 30.015s
2026-04-23 09:43:46 FTClean time: 6.828s
2026-04-23 09:43:59 POS DCU1 : 241.4, Target : 250.0.
2026-04-23 09:44:00 FillDCU (Cycle) time: 10.997s
2026-04-23 09:48:36 Sequence: FillCart , Time: 11.716s
2026-04-23 09:48:42 FTClean time: 5.522s
2026-04-23 09:52:09 POS DCU1 : 241.1, Target : 250.0.
2026-04-23 09:52:09 FillDCU (Cycle) time: 10.073s
2026-04-23 09:54:04 Sequence: FillCart , Time: 21.963s
2026-04-23 09:54:10 FTClean time: 6.83s
2026-04-23 09:55:45 POS DCU1 : 240.2, Target : 250.0.
2026-04-23 09:55:50 FillDCU (Cycle) time: 11.361s
2026-04-23 10:00:07 ClnCart (Cleaning+Dumping) time: 32.052s
2026-04-23 10:00:25 Sequence: FillCart , Time: 16.847s
2026-04-23 10:00:31 FTClean time: 5.519s
2026-04-23 10:01:01 POS DCU1 : 239.2, Target : 250.0.
2026-04-23 10:01:01 FillDCU (Cycle) time: 10.762s
2026-04-23 10:05:22 FTClean time: 6.828s
2026-04-23 10:06:22 Sequence: FillCart , Time: 17.816s
2026-04-23 10:06:28 FTClean time: 6.829s
2026-04-23 10:06:38 POS DCU1 : 237.8, Target : 250.0.
2026-04-23 10:06:40 FillDCU (Cycle) time: 8.473s
2026-04-23 10:09:38 Sequence: FillCart , Time: 22.418s
2026-04-23 10:09:43 FTClean time: 5.521s
2026-04-23 10:11:36 POS DCU1 : 242.1, Target : 250.0.
2026-04-23 10:11:41 FillDCU (Cycle) time: 11.572s
2026-04-23 10:13:28 Sequence: FillCart , Time: 17.632s
2026-04-23 10:13:33 FTClean time: 5.521s
2026-04-23 10:16:28 POS DCU1 : 240.8, Target : 250.0.
2026-04-23 10:16:28 FillDCU (Cycle) time: 10.667s
2026-04-23 10:21:45 Sequence: FillCart , Time: 22.84s
2026-04-23 10:21:51 FTClean time: 5.522s
2026-04-23 10:23:21 POS DCU1 : 243.4, Target : 250.0.
2026-04-23 10:23:26 FillDCU (Cycle) time: 11.87s
2026-04-23 10:25:52 Sequence: FillCart , Time: 13.921s
2026-04-23 10:25:57 FTClean time: 5.528s
2026-04-23 10:28:56 POS DCU1 : 241.6, Target : 250.0.
2026-04-23 10:28:56 FillDCU (Cycle) time: 11.069s
2026-04-23 10:31:09 Sequence: FillCart , Time: 21.512s
2026-04-23 10:31:15 FTClean time: 6.834s
2026-04-23 10:32:02 POS DCU1 : 243.1, Target : 250.0.
2026-04-23 10:32:09 FillDCU (Cycle) time: 11.552s
2026-04-23 10:35:07 Sequence: FillCart , Time: 22.456s
2026-04-23 10:35:13 FTClean time: 5.527s
2026-04-23 10:37:56 POS DCU1 : 242.3, Target : 250.0.
2026-04-23 10:37:58 FillDCU (Cycle) time: 11.707s
2026-04-23 10:39:47 Sequence: FillCart , Time: 21.536s
2026-04-23 10:39:53 FTClean time: 5.523s
2026-04-23 10:42:57 POS DCU1 : 241.2, Target : 250.0.
2026-04-23 10:42:58 FillDCU (Cycle) time: 11.796s
2026-04-23 10:45:10 Sequence: FillCart , Time: 23.295s
2026-04-23 10:45:15 FTClean time: 5.528s
2026-04-23 10:47:53 POS DCU1 : 237.7, Target : 250.0.
2026-04-23 10:47:55 FillDCU (Cycle) time: 12.979s
2026-04-23 10:52:58 Sequence: FillCart , Time: 15.457s
2026-04-23 10:53:05 FTClean time: 6.827s
2026-04-23 10:54:24 POS DCU1 : 243.2, Target : 250.0.
2026-04-23 10:54:25 FillDCU (Cycle) time: 12.05s
2026-04-23 11:01:58 Sequence: FillCart , Time: 27.547s
2026-04-23 11:02:03 FTClean time: 5.521s
2026-04-23 11:03:32 POS DCU1 : 239.8, Target : 250.0.
2026-04-23 11:03:39 FillDCU (Cycle) time: 12.976s
2026-04-23 11:05:37 Sequence: FillCart , Time: 22.586s
2026-04-23 11:05:42 FTClean time: 5.522s
2026-04-23 11:08:21 POS DCU1 : 243.0, Target : 250.0.
2026-04-23 11:08:26 FillDCU (Cycle) time: 11.572s
2026-04-23 11:14:53 FTClean time: 5.523s
2026-04-23 11:15:40 FTClean time: 6.827s
2026-04-23 11:16:35 FTClean time: 5.521s
2026-04-23 11:17:04 Sequence: FillCart , Time: 15.711s
2026-04-23 11:17:10 FTClean time: 5.52s
2026-04-23 11:17:24 POS DCU1 : 241.7, Target : 250.0.
2026-04-23 11:17:24 FillDCU (Cycle) time: 10.862s
2026-04-23 11:30:50 Sequence: FillCart , Time: 16.412s
2026-04-23 11:30:57 FTClean time: 6.83s
2026-04-23 11:31:06 POS DCU1 : 242.1, Target : 250.0.
2026-04-23 11:31:07 FillDCU (Cycle) time: 7.137s
2026-04-23 11:38:49 ClnCart (Cleaning+Dumping) time: 33.189s
2026-04-23 11:39:12 Sequence: FillCart , Time: 22.215s
2026-04-23 11:39:19 FTClean time: 6.828s
2026-04-23 11:39:28 POS DCU1 : 241.6, Target : 250.0.
2026-04-23 11:39:34 FillDCU (Cycle) time: 11.645s
2026-04-23 11:43:55 Sequence: FillCart , Time: 22.683s
2026-04-23 11:44:00 FTClean time: 5.523s
2026-04-23 11:47:14 POS DCU1 : 240.6, Target : 250.0.
2026-04-23 11:47:16 FillDCU (Cycle) time: 11.688s
2026-04-23 11:52:55 FTClean time: 6.827s
2026-04-23 11:59:10 Sequence: FillCart , Time: 16.409s
2026-04-23 11:59:17 FTClean time: 6.824s
2026-04-23 11:59:30 POS DCU1 : 238.1, Target : 250.0.
2026-04-23 11:59:31 FillDCU (Cycle) time: 10.9s
2026-04-23 12:05:02 Sequence: FillCart , Time: 22.654s
2026-04-23 12:05:08 FTClean time: 5.522s
2026-04-23 12:06:24 POS DCU1 : 242.8, Target : 250.0.
2026-04-23 12:06:29 FillDCU (Cycle) time: 11.471s
2026-04-23 12:11:49 FTClean time: 5.521s
2026-04-23 12:12:42 Sequence: FillCart , Time: 13.914s
2026-04-23 12:12:47 FTClean time: 5.52s
2026-04-23 12:13:02 POS DCU1 : 239.8, Target : 250.0.
2026-04-23 12:13:02 FillDCU (Cycle) time: 10.906s
2026-04-23 12:29:12 FTClean time: 6.827s
2026-04-23 12:29:57 FTClean time: 5.519s
2026-04-23 12:30:20 Sequence: FillCart , Time: 17.217s
2026-04-23 12:30:27 FTClean time: 6.828s
2026-04-23 12:30:35 POS DCU1 : 240.2, Target : 250.0.
2026-04-23 12:30:38 FillDCU (Cycle) time: 8.237s
2026-04-23 12:32:02 Sequence: FillCart , Time: 22.957s
2026-04-23 12:32:09 FTClean time: 6.828s
2026-04-23 12:34:17 POS DCU1 : 239.3, Target : 250.0.
2026-04-23 12:34:22 FillDCU (Cycle) time: 11.366s
2026-04-23 12:35:34 Sequence: FillCart , Time: 16.626s
2026-04-23 12:35:40 FTClean time: 5.522s
2026-04-23 12:39:05 POS DCU1 : 238.9, Target : 250.0.
2026-04-23 12:39:06 FillDCU (Cycle) time: 10.606s
2026-04-23 12:40:58 ClnCart (Cleaning+Dumping) time: 31.252s
2026-04-23 12:41:24 Sequence: FillCart , Time: 24.756s
2026-04-23 12:41:30 FTClean time: 5.521s
2026-04-23 12:43:18 POS DCU1 : 238.4, Target : 250.0.
2026-04-23 12:43:24 FillDCU (Cycle) time: 11.789s
2026-04-23 12:48:53 FTClean time: 5.518s
2026-04-23 12:49:33 Sequence: FillCart , Time: 15.909s
2026-04-23 12:49:38 FTClean time: 5.519s
2026-04-23 12:49:52 POS DCU1 : 240.4, Target : 250.0.
2026-04-23 12:49:52 FillDCU (Cycle) time: 10.589s
2026-04-23 12:57:12 FTClean time: 5.516s
2026-04-23 12:58:16 Sequence: FillCart , Time: 23.013s
2026-04-23 12:58:22 FTClean time: 5.52s
2026-04-23 12:58:32 POS DCU1 : 237.8, Target : 250.0.
2026-04-23 12:58:37 FillDCU (Cycle) time: 12.103s
2026-04-23 13:03:20 ClnCart (Cleaning+Dumping) time: 31.878s
2026-04-23 13:03:44 Sequence: FillCart , Time: 22.666s
2026-04-23 13:03:49 FTClean time: 5.533s
2026-04-23 13:06:34 POS DCU1 : 238.9, Target : 250.0.
2026-04-23 13:06:35 FillDCU (Cycle) time: 11.584s
2026-04-23 13:08:19 ClnCart (Cleaning+Dumping) time: 33.112s
2026-04-23 13:08:41 Sequence: FillCart , Time: 21.099s
2026-04-23 13:08:48 FTClean time: 6.831s
2026-04-23 13:11:31 POS DCU1 : 243.4, Target : 250.0.
2026-04-23 13:11:32 FillDCU (Cycle) time: 11.697s
2026-04-23 13:13:02 ClnCart (Cleaning+Dumping) time: 32.367s
2026-04-23 13:13:26 Sequence: FillCart , Time: 22.852s
2026-04-23 13:13:32 FTClean time: 5.522s
2026-04-23 13:16:30 POS DCU1 : 241.2, Target : 250.0.
2026-04-23 13:16:31 FillDCU (Cycle) time: 11.59s
2026-04-23 13:18:36 Sequence: FillCart , Time: 16.347s
2026-04-23 13:18:43 FTClean time: 6.845s
2026-04-23 13:21:27 POS DCU1 : 239.9, Target : 250.0.
2026-04-23 13:21:28 FillDCU (Cycle) time: 10.871s
2026-04-23 13:26:15 FTClean time: 6.825s
2026-04-23 13:27:06 Sequence: FillCart , Time: 24.414s
2026-04-23 13:27:12 FTClean time: 6.827s
2026-04-23 13:27:22 POS DCU1 : 239.7, Target : 250.0.
2026-04-23 13:27:27 FillDCU (Cycle) time: 11.972s
2026-04-23 13:36:04 FTClean time: 5.521s
2026-04-23 13:36:40 Sequence: FillCart , Time: 13.808s
2026-04-23 13:36:45 FTClean time: 5.523s
2026-04-23 13:37:00 POS DCU1 : 242.2, Target : 250.0.
2026-04-23 13:37:00 FillDCU (Cycle) time: 11.205s
2026-04-23 13:43:28 FTClean time: 5.521s
2026-04-23 13:44:16 FTClean time: 6.825s
2026-04-23 13:46:39 Sequence: FillCart , Time: 24.413s
2026-04-23 13:46:44 FTClean time: 5.524s
2026-04-23 13:46:53 POS DCU1 : 242.6, Target : 250.0.
2026-04-23 13:47:02 FillDCU (Cycle) time: 13.296s
2026-04-23 14:01:06 Sequence: FillCart , Time: 21.513s
2026-04-23 14:01:13 FTClean time: 6.827s
2026-04-23 14:01:23 POS DCU1 : 241.3, Target : 250.0.
2026-04-23 14:01:27 FillDCU (Cycle) time: 10.979s
2026-04-23 14:06:34 FTClean time: 5.522s
2026-04-23 14:07:57 FTClean time: 5.522s
2026-04-23 14:12:38 Sequence: FillCart , Time: 22.71s
2026-04-23 14:12:44 FTClean time: 5.519s
2026-04-23 14:12:57 POS DCU1 : 241.3, Target : 250.0.
2026-04-23 14:12:59 FillDCU (Cycle) time: 11.996s
2026-04-23 14:17:21 Sequence: FillCart , Time: 22.321s
2026-04-23 14:17:27 FTClean time: 5.522s
2026-04-23 14:17:41 POS DCU1 : 241.3, Target : 250.0.
2026-04-23 14:17:42 FillDCU (Cycle) time: 11.599s
2026-04-23 14:22:59 FTClean time: 5.522s
2026-04-23 14:33:44 Sequence: FillCart , Time: 21.514s
2026-04-23 14:33:50 FTClean time: 5.521s
2026-04-23 14:34:04 POS DCU1 : 239.7, Target : 250.0.
2026-04-23 14:34:06 FillDCU (Cycle) time: 11.907s
2026-04-23 14:39:14 FTClean time: 5.521s
2026-04-23 14:44:54 Sequence: FillCart , Time: 15.714s
2026-04-23 14:45:00 FTClean time: 5.521s
2026-04-23 14:45:14 POS DCU1 : 239.5, Target : 250.0.
2026-04-23 14:45:14 FillDCU (Cycle) time: 11.014s
2026-04-23 14:49:15 ClnCart (Cleaning+Dumping) time: 32.252s
2026-04-23 14:49:39 Sequence: FillCart , Time: 22.41s
2026-04-23 14:49:44 FTClean time: 5.521s
2026-04-23 14:49:54 POS DCU1 : 237.6, Target : 250.0.
2026-04-23 14:49:59 FillDCU (Cycle) time: 11.562s
2026-04-23 14:55:52 FTClean time: 5.52s
2026-04-23 15:00:31 FTClean time: 5.521s
2026-04-23 15:04:53 Sequence: FillCart , Time: 13.912s
2026-04-23 15:04:59 FTClean time: 5.523s
2026-04-23 15:05:13 POS DCU1 : 242.2, Target : 250.0.
2026-04-23 15:05:13 FillDCU (Cycle) time: 10.551s
2026-04-23 15:06:10 Sequence: FillCart , Time: 16.613s
2026-04-23 15:06:16 FTClean time: 5.52s
2026-04-23 15:07:51 POS DCU1 : 242.4, Target : 250.0.
2026-04-23 15:07:54 FillDCU (Cycle) time: 7.248s
2026-04-23 15:13:15 FTClean time: 6.826s
2026-04-23 15:19:46 Sequence: FillCart , Time: 20.813s
2026-04-23 15:19:53 FTClean time: 6.827s
2026-04-23 15:20:02 POS DCU1 : 240.0, Target : 250.0.
2026-04-23 15:20:07 FillDCU (Cycle) time: 11.604s
2026-04-23 15:25:23 FTClean time: 6.829s
2026-04-23 15:32:58 Sequence: FillCart , Time: 21.809s
2026-04-23 15:33:05 FTClean time: 6.829s
2026-04-23 15:33:18 POS DCU1 : 242.6, Target : 250.0.
2026-04-23 15:33:18 FillDCU (Cycle) time: 10.702s
2026-04-23 15:38:11 Sequence: FillCart , Time: 22.413s
2026-04-23 15:38:17 FTClean time: 5.522s
2026-04-23 15:38:30 POS DCU1 : 238.7, Target : 250.0.
2026-04-23 15:38:32 FillDCU (Cycle) time: 11.404s
2026-04-23 15:44:02 Sequence: FillCart , Time: 20.513s
2026-04-23 15:44:09 FTClean time: 6.825s
2026-04-23 15:44:22 POS DCU1 : 242.4, Target : 250.0.
2026-04-23 15:44:23 FillDCU (Cycle) time: 10.901s
2026-04-23 15:48:48 Sequence: FillCart , Time: 16.036s
2026-04-23 15:48:55 FTClean time: 6.831s
2026-04-23 15:49:08 POS DCU1 : 240.8, Target : 250.0.
2026-04-23 15:49:08 FillDCU (Cycle) time: 10.276s
2026-04-23 15:50:20 ClnCart (Cleaning+Dumping) time: 31.415s
2026-04-23 15:50:37 Sequence: FillCart , Time: 15.845s
2026-04-23 15:50:43 FTClean time: 5.523s
2026-04-23 15:52:56 POS DCU1 : 241.5, Target : 250.0.
2026-04-23 15:52:57 FillDCU (Cycle) time: 7.26s
2026-04-23 15:55:54 FTClean time: 5.52s
2026-04-23 16:00:07 Sequence: FillCart , Time: 22.511s
2026-04-23 16:00:13 FTClean time: 5.523s
2026-04-23 16:00:23 POS DCU1 : 237.6, Target : 250.0.
2026-04-23 16:00:28 FillDCU (Cycle) time: 11.459s
2026-04-23 16:11:00 FTClean time: 6.831s
2026-04-23 16:11:47 Sequence: FillCart , Time: 16.616s
2026-04-23 16:11:54 FTClean time: 6.83s
2026-04-23 16:12:07 POS DCU1 : 241.2, Target : 250.0.
2026-04-23 16:12:07 FillDCU (Cycle) time: 10.788s
2026-04-23 16:16:57 FTClean time: 6.828s
2026-04-23 16:18:24 Sequence: FillCart , Time: 23.014s
2026-04-23 16:18:30 FTClean time: 5.522s
2026-04-23 16:18:40 POS DCU1 : 238.8, Target : 250.0.
2026-04-23 16:18:45 FillDCU (Cycle) time: 11.681s
2026-04-23 16:23:58 FTClean time: 6.827s
2026-04-23 16:26:13 Sequence: FillCart , Time: 24.118s
2026-04-23 16:26:19 FTClean time: 6.828s
2026-04-23 16:26:33 POS DCU1 : 241.9, Target : 250.0.
2026-04-23 16:26:33 FillDCU (Cycle) time: 11.188s
2026-04-23 16:31:36 FTClean time: 5.524s
2026-04-23 16:32:27 Sequence: FillCart , Time: 16.109s
2026-04-23 16:32:32 FTClean time: 5.521s
2026-04-23 16:32:46 POS DCU1 : 239.8, Target : 250.0.
2026-04-23 16:32:46 FillDCU (Cycle) time: 10.181s
2026-04-23 16:36:43 FTClean time: 6.829s
2026-04-23 16:40:24 Sequence: FillCart , Time: 22.612s
2026-04-23 16:40:31 FTClean time: 6.826s
2026-04-23 16:40:40 POS DCU1 : 238.1, Target : 250.0.
2026-04-23 16:40:44 FillDCU (Cycle) time: 10.472s
2026-04-23 17:01:57 Sequence: FillCart , Time: 21.113s
2026-04-23 17:02:04 FTClean time: 6.827s
2026-04-23 17:02:16 POS DCU1 : 238.6, Target : 250.0.
2026-04-23 17:02:18 FillDCU (Cycle) time: 11.093s
2026-04-23 17:07:22 FTClean time: 5.521s
2026-04-23 17:10:35 Sequence: FillCart , Time: 21.411s
2026-04-23 17:10:41 FTClean time: 5.523s
2026-04-23 17:10:55 POS DCU1 : 238.9, Target : 250.0.
2026-04-23 17:10:56 FillDCU (Cycle) time: 11.594s
2026-04-23 17:22:01 Sequence: FillCart , Time: 17.239s
2026-04-23 17:22:06 FTClean time: 5.524s
2026-04-23 17:25:34 POS DCU1 : 239.9, Target : 250.0.
2026-04-23 17:25:34 FillDCU (Cycle) time: 10.87s
2026-04-23 17:27:44 Sequence: FillCart , Time: 20.622s
2026-04-23 17:27:51 FTClean time: 6.83s
2026-04-23 17:29:20 POS DCU1 : 242.8, Target : 250.0.
2026-04-23 17:29:24 FillDCU (Cycle) time: 10.677s
2026-04-23 17:32:44 Sequence: FillCart , Time: 22.907s
2026-04-23 17:32:50 FTClean time: 6.832s
2026-04-23 17:35:47 POS DCU1 : 240.7, Target : 250.0.
2026-04-23 17:35:49 FillDCU (Cycle) time: 11.402s
2026-04-23 17:41:05 FTClean time: 5.521s
2026-04-23 17:45:41 Sequence: FillCart , Time: 16.813s
2026-04-23 17:45:46 FTClean time: 5.519s
2026-04-23 17:46:00 POS DCU1 : 239.0, Target : 250.0.
2026-04-23 17:46:01 FillDCU (Cycle) time: 10.88s
2026-04-23 17:59:49 FTClean time: 5.522s
2026-04-23 18:08:36 Sequence: FillCart , Time: 22.717s
2026-04-23 18:08:41 FTClean time: 5.524s
2026-04-23 18:08:51 POS DCU1 : 237.7, Target : 250.0.
2026-04-23 18:08:57 FillDCU (Cycle) time: 12.012s
2026-04-23 18:14:12 FTClean time: 6.828s
2026-04-23 18:21:16 Sequence: FillCart , Time: 23.713s
2026-04-23 18:21:23 FTClean time: 6.827s
2026-04-23 18:21:36 POS DCU1 : 240.6, Target : 250.0.
2026-04-23 18:21:39 FillDCU (Cycle) time: 13.228s
2026-04-23 18:26:48 FTClean time: 6.826s
2026-04-23 18:27:38 FTClean time: 5.517s
2026-04-23 18:28:15 Sequence: FillCart , Time: 22.613s
2026-04-23 18:28:22 FTClean time: 6.827s
2026-04-23 18:28:33 POS DCU1 : 238.7, Target : 250.0.
2026-04-23 18:28:36 FillDCU (Cycle) time: 11.477s
2026-04-23 18:32:40 Sequence: FillCart , Time: 17.553s
2026-04-23 18:32:46 FTClean time: 5.522s
2026-04-23 18:34:42 POS DCU1 : 241.2, Target : 250.0.
2026-04-23 18:34:42 FillDCU (Cycle) time: 10.769s
2026-04-23 18:38:54 Sequence: FillCart , Time: 16.706s
2026-04-23 18:38:59 FTClean time: 5.519s
2026-04-23 18:39:10 POS DCU1 : 239.9, Target : 250.0.
2026-04-23 18:39:11 FillDCU (Cycle) time: 7.779s
2026-04-23 18:43:43 FTClean time: 6.826s
2026-04-23 18:50:08 Sequence: FillCart , Time: 19.014s
2026-04-23 18:50:14 FTClean time: 6.822s
2026-04-23 18:50:24 POS DCU1 : 238.8, Target : 250.0.
2026-04-23 18:50:28 FillDCU (Cycle) time: 10.27s
2026-04-23 18:52:01 Sequence: FillCart , Time: 16.298s
2026-04-23 18:52:08 FTClean time: 6.834s
2026-04-23 18:54:57 POS DCU1 : 239.5, Target : 250.0.
2026-04-23 18:54:58 FillDCU (Cycle) time: 9.263s
2026-04-23 18:59:59 FTClean time: 5.523s
2026-04-23 19:03:47 Sequence: FillCart , Time: 19.916s
2026-04-23 19:03:53 FTClean time: 5.524s
2026-04-23 19:04:02 POS DCU1 : 240.2, Target : 250.0.
2026-04-23 19:04:07 FillDCU (Cycle) time: 10.778s
2026-04-23 19:06:59 Sequence: FillCart , Time: 14.046s
2026-04-23 19:07:05 FTClean time: 5.526s
2026-04-23 19:08:35 POS DCU1 : 237.9, Target : 250.0.
2026-04-23 19:08:36 FillDCU (Cycle) time: 9.959s
2026-04-23 19:12:40 FTClean time: 5.521s
2026-04-23 19:16:56 Sequence: FillCart , Time: 22.615s
2026-04-23 19:17:02 FTClean time: 5.523s
2026-04-23 19:17:10 POS DCU1 : 240.1, Target : 250.0.
2026-04-23 19:17:17 FillDCU (Cycle) time: 11.851s
2026-04-23 19:22:25 FTClean time: 5.521s
2026-04-23 19:23:29 Sequence: FillCart , Time: 21.611s
2026-04-23 19:23:36 FTClean time: 6.827s
2026-04-23 19:23:49 POS DCU1 : 242.7, Target : 250.0.
2026-04-23 19:23:50 FillDCU (Cycle) time: 11.395s
2026-04-23 19:27:11 Sequence: FillCart , Time: 16.01s
2026-04-23 19:27:17 FTClean time: 5.52s
2026-04-23 19:28:41 POS DCU1 : 239.5, Target : 250.0.
2026-04-23 19:28:41 FillDCU (Cycle) time: 10.698s
2026-04-23 19:30:49 FTClean time: 5.522s
2026-04-23 19:31:40 FTClean time: 5.522s
2026-04-23 19:35:59 Sequence: FillCart , Time: 22.711s
2026-04-23 19:36:04 FTClean time: 5.523s
2026-04-23 19:36:10 POS DCU1 : 241.3, Target : 250.0.
2026-04-23 19:36:20 FillDCU (Cycle) time: 11.751s
2026-04-23 19:44:07 FTClean time: 5.52s
2026-04-23 19:46:15 Sequence: FillCart , Time: 21.615s
2026-04-23 19:46:21 FTClean time: 5.524s
2026-04-23 19:46:35 POS DCU1 : 243.5, Target : 250.0.
2026-04-23 19:46:36 FillDCU (Cycle) time: 11.905s
2026-04-23 19:56:29 Sequence: FillCart , Time: 22.817s
2026-04-23 19:56:34 FTClean time: 5.523s
2026-04-23 19:56:48 POS DCU1 : 238.5, Target : 250.0.
2026-04-23 19:56:49 FillDCU (Cycle) time: 11.612s
2026-04-23 20:01:53 FTClean time: 5.521s
2026-04-23 20:07:19 Sequence: FillCart , Time: 24.213s
2026-04-23 20:07:25 FTClean time: 5.522s
2026-04-23 20:07:39 POS DCU1 : 242.4, Target : 250.0.
2026-04-23 20:07:42 FillDCU (Cycle) time: 13.519s
2026-04-23 20:09:45 FTClean time: 6.83s
2026-04-23 20:12:00 Sequence: FillCart , Time: 16.119s
2026-04-23 20:12:05 FTClean time: 5.521s
2026-04-23 20:12:12 POS DCU1 : 239.0, Target : 250.0.
2026-04-23 20:12:17 FillDCU (Cycle) time: 7.436s
2026-04-23 20:21:30 Sequence: FillCart , Time: 15.711s
2026-04-23 20:21:37 FTClean time: 6.828s
2026-04-23 20:21:46 POS DCU1 : 237.4, Target : 250.0.
2026-04-23 20:21:47 FillDCU (Cycle) time: 7.058s
2026-04-23 20:25:53 FTClean time: 5.525s
2026-04-23 20:26:25 Sequence: FillCart , Time: 24.62s
2026-04-23 20:26:30 FTClean time: 5.522s
2026-04-23 20:26:40 POS DCU1 : 240.8, Target : 250.0.
2026-04-23 20:26:47 FillDCU (Cycle) time: 12.987s
2026-04-23 20:30:34 FTClean time: 5.521s
2026-04-23 20:32:23 FTClean time: 5.52s
2026-04-23 20:39:33 Sequence: FillCart , Time: 16.214s
2026-04-23 20:39:39 FTClean time: 5.521s
2026-04-23 20:39:50 POS DCU1 : 233.6, Target : 250.0.
2026-04-23 20:39:50 FillDCU (Cycle) time: 7.657s
2026-04-23 20:45:34 Sequence: FillCart , Time: 22.413s
2026-04-23 20:45:40 FTClean time: 5.521s
2026-04-23 20:45:50 POS DCU1 : 241.3, Target : 250.0.
2026-04-23 20:45:55 FillDCU (Cycle) time: 11.66s
2026-04-23 20:51:09 FTClean time: 6.826s
2026-04-23 20:58:24 Sequence: FillCart , Time: 16.214s
2026-04-23 20:58:31 FTClean time: 6.827s
2026-04-23 20:58:44 POS DCU1 : 243.1, Target : 250.0.
2026-04-23 20:58:44 FillDCU (Cycle) time: 11.005s
2026-04-23 21:03:31 FTClean time: 5.523s
2026-04-23 21:04:49 Sequence: FillCart , Time: 20.91s
2026-04-23 21:04:54 FTClean time: 5.52s
2026-04-23 21:05:04 POS DCU1 : 243.3, Target : 250.0.
2026-04-23 21:05:10 FillDCU (Cycle) time: 11.868s
2026-04-23 22:07:34 POS DCU1 : 238.3, Target : 250.0.
2026-04-23 22:07:34 FillDCU (Cycle) time: 11.015s
2026-04-23 22:08:45 FTClean time: 6.83s
2026-04-23 22:10:57 FTClean time: 5.521s
2026-04-23 22:11:55 FTClean time: 5.522s
2026-04-23 22:12:49 ClnCart (Cleaning+Dumping) time: 32.686s
2026-04-23 22:12:56 FTClean time: 6.828s
2026-04-23 22:13:47 ClnCart (Cleaning+Dumping) time: 31.437s
2026-04-23 22:13:53 FTClean time: 5.523s
2026-04-23 22:14:37 ClnCart (Cleaning+Dumping) time: 23.321s
2026-04-23 22:14:43 FTClean time: 5.523s
2026-04-24 03:05:12 Sequence: FillCart , Time: 23.814s
2026-04-24 03:05:17 FTClean time: 5.522s
2026-04-24 03:05:34 FillDCU (Cycle) time: 13.052s
2026-04-24 03:06:17 Sequence: FillCart , Time: 23.125s
2026-04-24 03:06:22 FTClean time: 5.525s
2026-04-24 03:07:29 POS DCU1 : 242.6, Target : 250.0.
2026-04-24 03:07:36 FillDCU (Cycle) time: 12.976s
2026-04-24 03:11:54 Sequence: FillCart , Time: 28.411s
2026-04-24 03:12:01 FTClean time: 6.827s
2026-04-24 03:12:10 POS DCU1 : 241.8, Target : 250.0.
2026-04-24 03:12:15 FillDCU (Cycle) time: 10.996s
2026-04-24 03:20:05 POS DCU1 : 241.6, Target : 250.0.
2026-04-24 03:20:06 FillDCU (Cycle) time: 10.522s
2026-04-24 03:21:06 FTClean time: 6.83s
2026-04-24 03:22:48 FTClean time: 5.52s
2026-04-24 03:23:31 ClnCart (Cleaning+Dumping) time: 23.327s
2026-04-24 03:23:36 FTClean time: 5.522s
2026-04-24 03:24:23 ClnCart (Cleaning+Dumping) time: 25.271s
2026-04-24 03:24:30 FTClean time: 6.828s
2026-04-24 03:26:05 ClnCart (Cleaning+Dumping) time: 75.743s
2026-04-24 03:26:11 FTClean time: 5.52s
2026-04-24 03:26:55 ClnCart (Cleaning+Dumping) time: 23.02s
2026-04-24 03:27:01 FTClean time: 5.522s
2026-04-24 05:51:02 Sequence: FillCart , Time: 16.915s
2026-04-24 05:51:08 FTClean time: 5.522s
2026-04-24 05:51:19 FillDCU (Cycle) time: 7.319s
2026-04-24 05:52:06 Sequence: FillCart , Time: 12.421s
2026-04-24 05:52:13 FTClean time: 6.833s
2026-04-24 05:54:33 POS DCU1 : 239.4, Target : 250.0.
2026-04-24 05:54:34 FillDCU (Cycle) time: 6.647s
2026-04-24 05:56:19 FTClean time: 5.521s
2026-04-24 06:07:52 Sequence: FillCart , Time: 22.915s
2026-04-24 06:07:58 FTClean time: 5.52s
2026-04-24 06:08:13 FillDCU (Cycle) time: 11.332s
2026-04-24 06:09:44 Sequence: FillCart , Time: 15.948s
2026-04-24 06:09:49 FTClean time: 5.525s
2026-04-24 06:12:44 POS DCU1 : 243.6, Target : 250.0.
2026-04-24 06:12:45 FillDCU (Cycle) time: 10.79s
2026-04-24 06:15:57 Sequence: FillCart , Time: 21.11s
2026-04-24 06:16:02 FTClean time: 5.525s
2026-04-24 06:16:12 POS DCU1 : 240.7, Target : 250.0.
2026-04-24 06:16:17 FillDCU (Cycle) time: 11.276s
2026-04-24 06:18:30 ClnCart (Cleaning+Dumping) time: 31.653s
2026-04-24 06:18:47 Sequence: FillCart , Time: 16.045s
2026-04-24 06:18:53 FTClean time: 5.529s
2026-04-24 06:21:47 POS DCU1 : 242.4, Target : 250.0.
2026-04-24 06:21:48 FillDCU (Cycle) time: 10.858s
2026-04-24 06:24:19 Sequence: FillCart , Time: 16.767s
2026-04-24 06:24:25 FTClean time: 5.521s
2026-04-24 06:24:35 POS DCU1 : 241.8, Target : 250.0.
2026-04-24 06:24:36 FillDCU (Cycle) time: 7.345s
2026-04-24 06:30:17 FTClean time: 5.52s
2026-04-24 06:31:31 Sequence: FillCart , Time: 22.71s
2026-04-24 06:31:36 FTClean time: 5.522s
2026-04-24 06:31:46 POS DCU1 : 239.3, Target : 250.0.
2026-04-24 06:31:52 FillDCU (Cycle) time: 11.478s
2026-04-24 06:36:45 Sequence: FillCart , Time: 15.429s
2026-04-24 06:36:50 FTClean time: 5.521s
2026-04-24 06:37:04 POS DCU1 : 238.6, Target : 250.0.
2026-04-24 06:37:05 FillDCU (Cycle) time: 10.854s
2026-04-24 06:40:35 ClnCart (Cleaning+Dumping) time: 31.458s
2026-04-24 06:40:54 Sequence: FillCart , Time: 17.026s
2026-04-24 06:40:59 FTClean time: 5.524s
2026-04-24 06:41:09 POS DCU1 : 240.4, Target : 250.0.
2026-04-24 06:41:10 FillDCU (Cycle) time: 7.448s
2026-04-24 06:45:45 Sequence: FillCart , Time: 16.109s
2026-04-24 06:45:52 FTClean time: 6.826s
2026-04-24 06:46:01 POS DCU1 : 238.7, Target : 250.0.
2026-04-24 06:46:03 FillDCU (Cycle) time: 7.457s
2026-04-24 06:50:29 Sequence: FillCart , Time: 16.618s
2026-04-24 06:50:34 FTClean time: 5.521s
2026-04-24 06:52:32 POS DCU1 : 243.6, Target : 250.0.
2026-04-24 06:52:34 FillDCU (Cycle) time: 7.481s
2026-04-24 07:01:54 FTClean time: 5.519s
2026-04-24 07:03:33 FTClean time: 5.521s
2026-04-24 07:11:40 Sequence: FillCart , Time: 21.41s
2026-04-24 07:11:46 FTClean time: 5.519s
2026-04-24 07:11:56 POS DCU1 : 241.2, Target : 250.0.
2026-04-24 07:12:00 FillDCU (Cycle) time: 10.481s
2026-04-24 07:20:53 FTClean time: 6.829s
2026-04-24 07:21:36 Sequence: FillCart , Time: 17.908s
2026-04-24 07:21:41 FTClean time: 5.52s
2026-04-24 07:21:54 POS DCU1 : 242.3, Target : 250.0.
2026-04-24 07:21:55 FillDCU (Cycle) time: 9.368s
2026-04-24 07:28:12 FTClean time: 5.523s
2026-04-24 07:29:13 Sequence: FillCart , Time: 20.809s
2026-04-24 07:29:20 FTClean time: 6.827s
2026-04-24 07:29:29 POS DCU1 : 238.4, Target : 250.0.
2026-04-24 07:29:34 FillDCU (Cycle) time: 11.399s
2026-04-24 07:34:08 Sequence: FillCart , Time: 22.781s
2026-04-24 07:34:14 FTClean time: 5.526s
2026-04-24 07:34:58 POS DCU1 : 242.2, Target : 250.0.
2026-04-24 07:34:59 FillDCU (Cycle) time: 11.436s
2026-04-24 07:37:17 Sequence: FillCart , Time: 13.941s
2026-04-24 07:37:22 FTClean time: 5.527s
2026-04-24 07:40:05 POS DCU1 : 239.7, Target : 250.0.
2026-04-24 07:40:05 FillDCU (Cycle) time: 10.85s
2026-04-24 07:44:32 ClnCart (Cleaning+Dumping) time: 32.241s
2026-04-24 07:44:56 Sequence: FillCart , Time: 22.913s
2026-04-24 07:45:02 FTClean time: 5.52s
2026-04-24 07:45:56 POS DCU1 : 240.6, Target : 250.0.
2026-04-24 07:46:03 FillDCU (Cycle) time: 11.75s
2026-04-24 07:52:40 ClnCart (Cleaning+Dumping) time: 31.35s
2026-04-24 07:53:13 Sequence: FillCart , Time: 32.123s
2026-04-24 07:53:18 FTClean time: 5.521s
2026-04-24 07:53:32 POS DCU1 : 237.8, Target : 250.0.
2026-04-24 07:53:33 FillDCU (Cycle) time: 11.294s
2026-04-24 07:57:33 FTClean time: 5.521s
2026-04-24 07:58:27 Sequence: FillCart , Time: 16.017s
2026-04-24 07:58:33 FTClean time: 5.522s
2026-04-24 07:58:44 FillDCU (Cycle) time: 7.125s
2026-04-24 08:03:03 FTClean time: 5.521s
2026-04-24 08:03:51 Sequence: FillCart , Time: 16.516s
2026-04-24 08:03:56 FTClean time: 5.522s
2026-04-24 08:04:06 POS DCU1 : 238.9, Target : 250.0.
2026-04-24 08:04:08 FillDCU (Cycle) time: 7.761s
2026-04-24 08:08:27 Sequence: FillCart , Time: 19.112s
2026-04-24 08:08:33 FTClean time: 6.825s
2026-04-24 08:08:43 POS DCU1 : 242.9, Target : 250.0.
2026-04-24 08:08:46 FillDCU (Cycle) time: 9.77s
2026-04-24 08:14:05 Sequence: FillCart , Time: 22.954s
2026-04-24 08:14:11 FTClean time: 5.523s
2026-04-24 08:14:43 POS DCU1 : 240.7, Target : 250.0.
2026-04-24 08:14:48 FillDCU (Cycle) time: 11.471s
2026-04-24 08:18:09 ClnCart (Cleaning+Dumping) time: 31.603s
2026-04-24 08:18:28 Sequence: FillCart , Time: 17.916s
2026-04-24 08:18:34 FTClean time: 5.521s
2026-04-24 08:19:51 POS DCU1 : 239.8, Target : 250.0.
2026-04-24 08:19:51 FillDCU (Cycle) time: 10.862s
2026-04-24 08:32:35 FTClean time: 5.523s
2026-04-24 08:35:25 Sequence: FillCart , Time: 16.814s
2026-04-24 08:35:31 FTClean time: 5.521s
2026-04-24 08:35:41 POS DCU1 : 238.6, Target : 250.0.
2026-04-24 08:35:42 FillDCU (Cycle) time: 7.548s
2026-04-24 08:40:53 FTClean time: 5.522s
2026-04-24 08:43:46 Sequence: FillCart , Time: 16.71s
2026-04-24 08:43:52 FTClean time: 5.525s
2026-04-24 08:44:02 POS DCU1 : 241.6, Target : 250.0.
2026-04-24 08:44:03 FillDCU (Cycle) time: 7.498s
2026-04-24 08:45:55 Sequence: FillCart , Time: 20.736s
2026-04-24 08:46:02 FTClean time: 6.824s
2026-04-24 08:47:16 POS DCU1 : 238.1, Target : 250.0.
2026-04-24 08:47:21 FillDCU (Cycle) time: 11.472s
2026-04-24 08:51:36 ClnCart (Cleaning+Dumping) time: 31.952s
2026-04-24 08:52:00 Sequence: FillCart , Time: 22.835s
2026-04-24 08:52:06 FTClean time: 5.534s
2026-04-24 08:52:20 POS DCU1 : 243.2, Target : 250.0.
2026-04-24 08:52:22 FillDCU (Cycle) time: 11.58s
2026-04-24 08:54:15 Sequence: FillCart , Time: 20.36s
2026-04-24 08:54:21 FTClean time: 6.832s
2026-04-24 08:57:20 POS DCU1 : 229.3, Target : 250.0.
2026-04-24 08:57:20 FillDCU (Cycle) time: 11.088s
2026-04-24 09:10:56 FTClean time: 5.522s
2026-04-24 09:11:45 Sequence: FillCart , Time: 22.612s
2026-04-24 09:11:51 FTClean time: 5.518s
2026-04-24 09:12:04 POS DCU1 : 238.2, Target : 250.0.
2026-04-24 09:12:06 FillDCU (Cycle) time: 11.487s
2026-04-24 09:19:50 FTClean time: 5.523s
2026-04-24 09:20:43 FTClean time: 5.524s
2026-04-24 09:21:40 Sequence: FillCart , Time: 20.912s
2026-04-24 09:21:46 FTClean time: 5.521s
2026-04-24 09:22:00 POS DCU1 : 240.7, Target : 250.0.
2026-04-24 09:22:01 FillDCU (Cycle) time: 11.808s
2026-04-24 09:26:37 Sequence: FillCart , Time: 22.708s
2026-04-24 09:26:43 FTClean time: 5.546s
2026-04-24 09:29:25 POS DCU1 : 242.4, Target : 250.0.
2026-04-24 09:29:27 FillDCU (Cycle) time: 11.78s
2026-04-24 09:31:13 Sequence: FillCart , Time: 16.689s
2026-04-24 09:31:18 FTClean time: 5.532s
2026-04-24 09:34:24 POS DCU1 : 237.8, Target : 250.0.
2026-04-24 09:34:24 FillDCU (Cycle) time: 10.955s
2026-04-24 09:38:41 FTClean time: 5.52s
2026-04-24 09:42:40 Sequence: FillCart , Time: 22.914s
2026-04-24 09:42:45 FTClean time: 5.523s
2026-04-24 09:42:55 POS DCU1 : 241.2, Target : 250.0.
2026-04-24 09:43:00 FillDCU (Cycle) time: 11.475s
2026-04-24 09:47:12 Sequence: FillCart , Time: 16.557s
2026-04-24 09:47:19 FTClean time: 6.846s
2026-04-24 09:48:55 POS DCU1 : 238.9, Target : 250.0.
2026-04-24 09:48:56 FillDCU (Cycle) time: 11.066s
2026-04-24 09:55:35 ClnCart (Cleaning+Dumping) time: 31.89s
2026-04-24 09:55:58 Sequence: FillCart , Time: 22.418s
2026-04-24 09:56:04 FTClean time: 5.524s
2026-04-24 09:58:03 POS DCU1 : 240.0, Target : 250.0.
2026-04-24 09:58:08 FillDCU (Cycle) time: 11.566s
2026-04-24 10:03:58 FTClean time: 6.827s
2026-04-24 10:04:50 Sequence: FillCart , Time: 16.712s
2026-04-24 10:04:57 FTClean time: 6.828s
2026-04-24 10:05:10 POS DCU1 : 242.9, Target : 250.0.
2026-04-24 10:05:10 FillDCU (Cycle) time: 10.785s
2026-04-24 10:09:45 Sequence: FillCart , Time: 22.924s
2026-04-24 10:09:51 FTClean time: 5.523s
2026-04-24 10:11:43 POS DCU1 : 241.6, Target : 250.0.
2026-04-24 10:11:48 FillDCU (Cycle) time: 11.675s
2026-04-24 10:13:28 ClnCart (Cleaning+Dumping) time: 31.871s
2026-04-24 10:13:45 Sequence: FillCart , Time: 15.863s
2026-04-24 10:13:50 FTClean time: 5.528s
2026-04-24 10:16:49 POS DCU1 : 240.2, Target : 250.0.
2026-04-24 10:16:49 FillDCU (Cycle) time: 10.87s
2026-04-24 10:19:10 Sequence: FillCart , Time: 16.728s
2026-04-24 10:19:16 FTClean time: 5.521s
2026-04-24 10:20:36 POS DCU1 : 242.0, Target : 250.0.
2026-04-24 10:20:37 FillDCU (Cycle) time: 7.466s
2026-04-24 10:26:18 FTClean time: 6.83s
2026-04-24 10:34:51 Sequence: FillCart , Time: 21.213s
2026-04-24 10:34:58 FTClean time: 6.824s
2026-04-24 10:35:07 POS DCU1 : 239.7, Target : 250.0.
2026-04-24 10:35:12 FillDCU (Cycle) time: 11.074s
2026-04-24 10:40:26 FTClean time: 6.828s
2026-04-24 10:41:12 Sequence: FillCart , Time: 23.612s
2026-04-24 10:41:19 FTClean time: 6.828s
2026-04-24 10:41:32 POS DCU1 : 243.1, Target : 250.0.
2026-04-24 10:41:33 FillDCU (Cycle) time: 10.627s
2026-04-24 10:46:36 FTClean time: 5.52s
2026-04-24 10:47:26 FTClean time: 5.519s
2026-04-24 10:49:44 Sequence: FillCart , Time: 22.612s
2026-04-24 10:49:50 FTClean time: 5.523s
2026-04-24 10:50:03 POS DCU1 : 239.8, Target : 250.0.
2026-04-24 10:50:05 FillDCU (Cycle) time: 12.005s
2026-04-24 10:55:11 Sequence: FillCart , Time: 20.076s
2026-04-24 10:55:16 FTClean time: 5.523s
2026-04-24 10:55:30 POS DCU1 : 241.8, Target : 250.0.
2026-04-24 10:55:31 FillDCU (Cycle) time: 10.982s
2026-04-24 11:02:20 FTClean time: 5.521s
2026-04-24 11:03:13 FTClean time: 5.521s
2026-04-24 11:04:02 FTClean time: 6.825s
2026-04-24 11:13:37 Sequence: FillCart , Time: 17.513s
2026-04-24 11:13:43 FTClean time: 5.524s
2026-04-24 11:13:55 POS DCU1 : 238.8, Target : 250.0.
2026-04-24 11:13:56 FillDCU (Cycle) time: 9.281s
2026-04-24 11:24:47 Sequence: FillCart , Time: 16.448s
2026-04-24 11:24:52 FTClean time: 5.526s
2026-04-24 11:27:26 POS DCU1 : 228.5, Target : 250.0.
2026-04-24 11:27:26 FillDCU (Cycle) time: 7.865s
2026-04-24 11:28:50 Sequence: FillCart , Time: 24.652s
2026-04-24 11:28:57 FTClean time: 6.838s
2026-04-24 11:30:52 POS DCU1 : 240.2, Target : 250.0.
2026-04-24 11:30:59 FillDCU (Cycle) time: 12.975s
2026-04-24 11:35:02 FTClean time: 6.826s
2026-04-24 11:35:54 FTClean time: 5.52s
2026-04-24 11:36:43 Sequence: FillCart , Time: 24.511s
2026-04-24 11:36:50 FTClean time: 6.825s
2026-04-24 11:36:55 POS DCU1 : 238.3, Target : 250.0.
2026-04-24 11:37:06 FillDCU (Cycle) time: 13.253s
2026-04-24 11:39:20 Sequence: FillCart , Time: 16.443s
2026-04-24 11:39:25 FTClean time: 5.537s
2026-04-24 11:42:35 POS DCU1 : 238.1, Target : 250.0.
2026-04-24 11:42:36 FillDCU (Cycle) time: 12.677s
2026-04-24 11:46:09 Sequence: FillCart , Time: 22.779s
2026-04-24 11:46:16 FTClean time: 6.83s
2026-04-24 11:46:25 POS DCU1 : 243.1, Target : 250.0.
2026-04-24 11:46:32 FillDCU (Cycle) time: 12.716s
2026-04-24 11:49:42 ClnCart (Cleaning+Dumping) time: 31.474s
2026-04-24 11:50:07 Sequence: FillCart , Time: 23.764s
2026-04-24 11:50:12 FTClean time: 5.523s
2026-04-24 11:51:22 POS DCU1 : 242.2, Target : 250.0.
2026-04-24 11:51:23 FillDCU (Cycle) time: 12.891s
2026-04-24 11:58:54 Sequence: FillCart , Time: 23.006s
2026-04-24 11:59:01 FTClean time: 6.834s
2026-04-24 12:01:40 POS DCU1 : 243.5, Target : 250.0.
2026-04-24 12:01:41 FillDCU (Cycle) time: 12.405s
2026-04-24 12:06:19 Sequence: FillCart , Time: 22.286s
2026-04-24 12:06:25 FTClean time: 5.541s
2026-04-24 12:07:04 POS DCU1 : 243.4, Target : 250.0.
2026-04-24 12:07:05 FillDCU (Cycle) time: 11.494s
2026-04-24 12:13:34 FTClean time: 6.826s
2026-04-24 12:15:05 Sequence: FillCart , Time: 15.909s
2026-04-24 12:15:11 FTClean time: 6.83s
2026-04-24 12:15:25 POS DCU1 : 240.7, Target : 250.0.
2026-04-24 12:15:25 FillDCU (Cycle) time: 10.901s
2026-04-24 12:19:38 Sequence: FillCart , Time: 16.865s
2026-04-24 12:19:44 FTClean time: 5.523s
2026-04-24 12:21:04 POS DCU1 : 240.8, Target : 250.0.
2026-04-24 12:21:05 FillDCU (Cycle) time: 7.363s
2026-04-24 12:24:41 Sequence: FillCart , Time: 15.677s
2026-04-24 12:24:46 FTClean time: 5.523s
2026-04-24 12:24:56 POS DCU1 : 238.7, Target : 250.0.
2026-04-24 12:24:57 FillDCU (Cycle) time: 7.362s
2026-04-24 12:28:40 Sequence: FillCart , Time: 16.644s
2026-04-24 12:28:45 FTClean time: 5.522s
2026-04-24 12:29:55 POS DCU1 : 240.1, Target : 250.0.
2026-04-24 12:29:57 FillDCU (Cycle) time: 7.481s
2026-04-24 12:33:36 Sequence: FillCart , Time: 23.895s
2026-04-24 12:33:42 FTClean time: 5.52s
2026-04-24 12:33:52 POS DCU1 : 238.8, Target : 250.0.
2026-04-24 12:33:58 FillDCU (Cycle) time: 12.367s
2026-04-24 12:36:24 Sequence: FillCart , Time: 14.133s
2026-04-24 12:36:30 FTClean time: 5.52s
2026-04-24 12:38:38 POS DCU1 : 238.4, Target : 250.0.
2026-04-24 12:38:39 FillDCU (Cycle) time: 11.883s
2026-04-24 12:50:42 ClnCart (Cleaning+Dumping) time: 31.137s
2026-04-24 12:51:04 Sequence: FillCart , Time: 20.911s
2026-04-24 12:51:10 FTClean time: 5.521s
2026-04-24 12:51:18 POS DCU1 : 238.2, Target : 250.0.
2026-04-24 12:51:25 FillDCU (Cycle) time: 11.813s
2026-04-24 12:52:26 ClnCart (Cleaning+Dumping) time: 31.376s
2026-04-24 12:52:56 Sequence: FillCart , Time: 29.171s
2026-04-24 12:53:01 FTClean time: 5.522s
2026-04-24 12:55:53 POS DCU1 : 241.7, Target : 250.0.
2026-04-24 12:55:54 FillDCU (Cycle) time: 11.501s
2026-04-24 12:57:46 FTClean time: 5.52s
2026-04-24 12:58:17 Sequence: FillCart , Time: 23.811s
2026-04-24 12:58:22 FTClean time: 5.52s
2026-04-24 12:58:28 POS DCU1 : 238.2, Target : 250.0.
2026-04-24 12:58:39 FillDCU (Cycle) time: 13.354s
2026-04-24 12:59:55 Sequence: FillCart , Time: 25.83s
2026-04-24 13:00:01 FTClean time: 6.831s
2026-04-24 13:03:11 POS DCU1 : 241.8, Target : 250.0.
2026-04-24 13:03:12 FillDCU (Cycle) time: 10.978s
2026-04-24 13:05:18 Sequence: FillCart , Time: 22.514s
2026-04-24 13:05:25 FTClean time: 6.832s
2026-04-24 13:08:07 POS DCU1 : 240.9, Target : 250.0.
2026-04-24 13:08:09 FillDCU (Cycle) time: 11.693s
2026-04-24 13:12:24 ClnCart (Cleaning+Dumping) time: 97.627s
2026-04-24 13:12:47 Sequence: FillCart , Time: 22.439s
2026-04-24 13:12:53 FTClean time: 5.526s
2026-04-24 13:13:07 POS DCU1 : 240.8, Target : 250.0.
2026-04-24 13:13:09 FillDCU (Cycle) time: 11.782s
2026-04-24 13:27:21 POS DCU1 : 243.4, Target : 250.0.
2026-04-24 13:27:22 FillDCU (Cycle) time: 10.914s
2026-04-24 13:28:19 FTClean time: 6.829s
2026-04-24 13:29:17 FTClean time: 5.524s
2026-04-24 13:30:46 FTClean time: 5.521s
2026-04-24 13:31:57 ClnCart (Cleaning+Dumping) time: 32.983s
2026-04-24 13:32:04 FTClean time: 6.832s
2026-04-24 13:32:54 ClnCart (Cleaning+Dumping) time: 30.738s
2026-04-24 13:33:00 FTClean time: 5.52s
2026-04-24 13:33:35 ClnCart (Cleaning+Dumping) time: 31.636s
2026-04-24 13:33:41 FTClean time: 5.519s
2026-04-24 20:15:40 Sequence: FillCart , Time: 27.011s
2026-04-24 20:15:45 FTClean time: 5.523s
2026-04-24 20:16:02 FillDCU (Cycle) time: 13.039s
2026-04-24 20:19:36 Sequence: FillCart , Time: 24.21s
2026-04-24 20:19:42 FTClean time: 5.522s
2026-04-24 20:19:58 FillDCU (Cycle) time: 12.745s
2026-04-24 20:22:03 ClnCart (Cleaning+Dumping) time: 114.045s
2026-04-24 20:24:42 Sequence: FillCart , Time: 157.837s
2026-04-24 20:24:48 FTClean time: 5.52s
2026-04-24 20:25:00 POS DCU1 : 240.3, Target : 250.0.
2026-04-24 20:25:04 FillDCU (Cycle) time: 12.667s
2026-04-24 20:47:14 POS DCU1 : 241.9, Target : 250.0.
2026-04-24 20:47:15 FillDCU (Cycle) time: 3.491s
2026-04-24 20:49:21 FTClean time: 5.522s
2026-04-24 20:54:08 ClnCart (Cleaning+Dumping) time: 102.242s
2026-04-24 20:54:14 FTClean time: 5.52s
2026-04-27 04:27:39 Sequence: FillCart , Time: 27.407s
2026-04-27 04:27:45 FTClean time: 6.831s
2026-04-27 04:28:01 FillDCU (Cycle) time: 12.933s
2026-04-27 04:54:02 Sequence: FillCart , Time: 25.314s
2026-04-27 04:54:09 FTClean time: 6.827s
2026-04-27 04:54:14 POS DCU1 : 243.0, Target : 250.0.
2026-04-27 04:54:25 FillDCU (Cycle) time: 12.98s
2026-04-27 04:56:27 ClnCart (Cleaning+Dumping) time: 110.213s
2026-04-27 04:56:52 Sequence: FillCart , Time: 23.615s
2026-04-27 04:56:59 FTClean time: 6.825s
2026-04-27 04:57:08 POS DCU1 : 240.6, Target : 250.0.
2026-04-27 04:57:15 FillDCU (Cycle) time: 13.47s
2026-04-27 05:15:14 POS DCU1 : 239.7, Target : 250.0.
2026-04-27 05:15:15 FillDCU (Cycle) time: 6.903s
2026-04-27 05:16:59 FTClean time: 6.824s
2026-04-27 05:18:45 ClnCart (Cleaning+Dumping) time: 78.395s
2026-04-27 05:18:52 FTClean time: 6.827s
2026-04-27 06:19:43 Sequence: FillCart , Time: 16.717s
2026-04-27 06:19:49 FTClean time: 6.83s
2026-04-27 06:20:00 FillDCU (Cycle) time: 7.522s
2026-04-27 06:25:54 Sequence: FillCart , Time: 18.697s
2026-04-27 06:26:00 FTClean time: 5.523s
2026-04-27 06:26:10 POS DCU1 : 240.3, Target : 250.0.
2026-04-27 06:26:15 FillDCU (Cycle) time: 11.86s
2026-04-27 06:39:15 FillDCU (Cycle) time: 1.679s
2026-04-27 06:44:47 Sequence: FillCart , Time: 21.512s
2026-04-27 06:44:52 FTClean time: 5.521s
2026-04-27 06:45:07 FillDCU (Cycle) time: 11.02s
2026-04-27 06:53:55 Sequence: FillCart , Time: 17.313s
2026-04-27 06:54:00 FTClean time: 5.523s
2026-04-27 06:54:11 FillDCU (Cycle) time: 7.434s
2026-04-27 07:15:01 FillDCU (Cycle) time: 1.78s
2026-04-27 07:23:25 FTClean time: 6.831s
2026-04-27 07:25:16 FTClean time: 5.521s
2026-04-27 07:27:08 FTClean time: 5.52s
2026-04-27 07:27:55 ClnCart (Cleaning+Dumping) time: 25.371s
2026-04-27 07:28:02 FTClean time: 6.828s
2026-04-27 07:29:47 ClnCart (Cleaning+Dumping) time: 69.843s
2026-04-27 07:29:53 FTClean time: 5.521s
2026-04-27 07:30:53 ClnCart (Cleaning+Dumping) time: 23.123s
2026-04-27 07:30:58 FTClean time: 5.522s
2026-04-27 07:36:39 Sequence: FillCart , Time: 22.712s
2026-04-27 07:36:45 FTClean time: 5.522s
2026-04-27 07:37:02 FillDCU (Cycle) time: 13.064s
2026-04-27 07:43:22 Sequence: FillCart , Time: 20.907s
2026-04-27 07:43:29 FTClean time: 6.826s
2026-04-27 07:43:35 POS DCU1 : 240.9, Target : 250.0.
2026-04-27 07:43:42 FillDCU (Cycle) time: 11.164s
2026-04-27 07:44:16 Sequence: FillCart , Time: 16.945s
2026-04-27 07:44:21 FTClean time: 5.527s
2026-04-27 07:48:12 POS DCU1 : 240.3, Target : 250.0.
2026-04-27 07:48:13 FillDCU (Cycle) time: 10.756s
2026-04-27 07:50:17 Sequence: FillCart , Time: 20.827s
2026-04-27 07:50:24 FTClean time: 6.827s
2026-04-27 07:52:42 POS DCU1 : 240.3, Target : 250.0.
2026-04-27 07:52:46 FillDCU (Cycle) time: 10.554s
2026-04-27 07:56:22 ClnCart (Cleaning+Dumping) time: 31.549s
2026-04-27 07:56:48 Sequence: FillCart , Time: 25.095s
2026-04-27 07:56:54 FTClean time: 5.525s
2026-04-27 07:57:27 POS DCU1 : 238.2, Target : 250.0.
2026-04-27 07:57:30 FillDCU (Cycle) time: 13.206s
2026-04-27 08:04:56 Sequence: FillCart , Time: 24.112s
2026-04-27 08:05:02 FTClean time: 6.831s
2026-04-27 08:05:15 POS DCU1 : 241.8, Target : 250.0.
2026-04-27 08:05:18 FillDCU (Cycle) time: 13.093s
2026-04-27 08:11:28 FTClean time: 5.52s
2026-04-27 08:11:51 Sequence: FillCart , Time: 16.311s
2026-04-27 08:11:56 FTClean time: 5.522s
2026-04-27 08:12:07 POS DCU1 : 240.3, Target : 250.0.
2026-04-27 08:12:07 FillDCU (Cycle) time: 7.454s
2026-04-27 08:16:48 FTClean time: 6.828s
2026-04-27 08:18:18 Sequence: FillCart , Time: 21.907s
2026-04-27 08:18:25 FTClean time: 6.829s
2026-04-27 08:18:34 POS DCU1 : 238.5, Target : 250.0.
2026-04-27 08:18:39 FillDCU (Cycle) time: 11.081s
2026-04-27 08:27:22 FTClean time: 5.523s
2026-04-27 08:27:43 Sequence: FillCart , Time: 15.813s
2026-04-27 08:27:48 FTClean time: 5.519s
2026-04-27 08:28:02 POS DCU1 : 242.2, Target : 250.0.
2026-04-27 08:28:02 FillDCU (Cycle) time: 10.294s
2026-04-27 08:31:43 Sequence: FillCart , Time: 18.254s
2026-04-27 08:31:49 FTClean time: 5.523s
2026-04-27 08:33:34 POS DCU1 : 240.3, Target : 250.0.
2026-04-27 08:33:40 FillDCU (Cycle) time: 11.765s
2026-04-27 08:35:49 Sequence: FillCart , Time: 14.431s
2026-04-27 08:35:55 FTClean time: 5.525s
2026-04-27 08:38:42 POS DCU1 : 239.0, Target : 250.0.
2026-04-27 08:38:42 FillDCU (Cycle) time: 11.074s
2026-04-27 08:42:59 FTClean time: 6.829s
2026-04-27 08:44:31 Sequence: FillCart , Time: 15.907s
2026-04-27 08:44:38 FTClean time: 6.83s
2026-04-27 08:44:46 POS DCU1 : 242.0, Target : 250.0.
2026-04-27 08:44:49 FillDCU (Cycle) time: 7.649s
2026-04-27 08:49:18 Sequence: FillCart , Time: 23.836s
2026-04-27 08:49:25 FTClean time: 6.83s
2026-04-27 08:50:29 POS DCU1 : 242.2, Target : 250.0.
2026-04-27 08:50:34 FillDCU (Cycle) time: 10.58s
2026-04-27 08:53:02 ClnCart (Cleaning+Dumping) time: 31.501s
2026-04-27 08:53:20 Sequence: FillCart , Time: 16.757s
2026-04-27 08:53:26 FTClean time: 5.522s
2026-04-27 08:55:55 POS DCU1 : 240.3, Target : 250.0.
2026-04-27 08:55:56 FillDCU (Cycle) time: 10.059s
2026-04-27 08:59:00 Sequence: FillCart , Time: 15.426s
2026-04-27 08:59:06 FTClean time: 5.523s
2026-04-27 09:01:03 POS DCU1 : 239.0, Target : 250.0.
2026-04-27 09:01:04 FillDCU (Cycle) time: 7.353s
2026-04-27 09:03:30 Sequence: FillCart , Time: 21.021s
2026-04-27 09:03:37 FTClean time: 6.83s
2026-04-27 09:05:07 POS DCU1 : 240.3, Target : 250.0.
2026-04-27 09:05:13 FillDCU (Cycle) time: 11.965s
2026-04-27 09:11:04 FTClean time: 5.523s
2026-04-27 09:15:55 Sequence: FillCart , Time: 22.909s
2026-04-27 09:16:00 FTClean time: 5.522s
2026-04-27 09:16:15 POS DCU1 : 240.6, Target : 250.0.
2026-04-27 09:16:16 FillDCU (Cycle) time: 11.919s
2026-04-27 09:23:12 Sequence: FillCart , Time: 22.818s
2026-04-27 09:23:17 FTClean time: 5.517s
2026-04-27 09:23:33 POS DCU1 : 238.2, Target : 250.0.
2026-04-27 09:23:35 FillDCU (Cycle) time: 12.474s
2026-04-27 09:25:26 Sequence: FillCart , Time: 13.739s
2026-04-27 09:25:32 FTClean time: 5.526s
2026-04-27 09:28:29 POS DCU1 : 242.6, Target : 250.0.
2026-04-27 09:28:29 FillDCU (Cycle) time: 11.652s
2026-04-27 09:30:22 Sequence: FillCart , Time: 22.613s
2026-04-27 09:30:28 FTClean time: 5.521s
2026-04-27 09:32:11 POS DCU1 : 239.5, Target : 250.0.
2026-04-27 09:32:19 FillDCU (Cycle) time: 11.441s
2026-04-27 09:34:25 ClnCart (Cleaning+Dumping) time: 39.121s
2026-04-27 09:34:40 Sequence: FillCart , Time: 14.167s
2026-04-27 09:34:45 FTClean time: 5.532s
2026-04-27 09:37:18 POS DCU1 : 238.8, Target : 250.0.
2026-04-27 09:37:19 FillDCU (Cycle) time: 10.853s
2026-04-27 09:41:29 FTClean time: 6.828s
2026-04-27 09:51:14 Sequence: FillCart , Time: 21.714s
2026-04-27 09:51:21 FTClean time: 6.828s
2026-04-27 09:51:28 POS DCU1 : 240.2, Target : 250.0.
2026-04-27 09:51:35 FillDCU (Cycle) time: 11.866s
2026-04-27 09:56:48 FTClean time: 6.829s
2026-04-27 09:57:33 Sequence: FillCart , Time: 23.121s
2026-04-27 09:57:40 FTClean time: 6.825s
2026-04-27 09:57:53 POS DCU1 : 241.1, Target : 250.0.
2026-04-27 09:57:54 FillDCU (Cycle) time: 11.379s
2026-04-27 10:02:56 FTClean time: 5.524s
2026-04-27 10:03:27 Sequence: FillCart , Time: 24.514s
2026-04-27 10:03:32 FTClean time: 5.521s
2026-04-27 10:03:46 POS DCU1 : 239.7, Target : 250.0.
2026-04-27 10:03:49 FillDCU (Cycle) time: 13.191s
2026-04-27 10:10:26 FTClean time: 5.522s
2026-04-27 10:11:40 Sequence: FillCart , Time: 22.611s
2026-04-27 10:11:46 FTClean time: 5.519s
2026-04-27 10:12:01 POS DCU1 : 238.4, Target : 250.0.
2026-04-27 10:12:03 FillDCU (Cycle) time: 13.106s
2026-04-27 10:15:18 FTClean time: 6.828s
2026-04-27 10:21:26 Sequence: FillCart , Time: 20.316s
2026-04-27 10:21:33 FTClean time: 6.829s
2026-04-27 10:21:41 POS DCU1 : 239.6, Target : 250.0.
2026-04-27 10:21:47 FillDCU (Cycle) time: 11.053s
2026-04-27 10:27:02 FTClean time: 6.828s
2026-04-27 10:31:15 FTClean time: 5.521s
2026-04-27 10:32:48 Sequence: FillCart , Time: 15.712s
2026-04-27 10:32:55 FTClean time: 6.831s
2026-04-27 10:33:07 POS DCU1 : 241.3, Target : 250.0.
2026-04-27 10:33:08 FillDCU (Cycle) time: 10.353s
2026-04-27 10:37:27 FTClean time: 5.522s
2026-04-27 10:41:37 Sequence: FillCart , Time: 16.012s
2026-04-27 10:41:43 FTClean time: 5.523s
2026-04-27 10:41:52 POS DCU1 : 242.6, Target : 250.0.
2026-04-27 10:41:54 FillDCU (Cycle) time: 7.362s
2026-04-27 10:45:45 Sequence: FillCart , Time: 16.71s
2026-04-27 10:45:51 FTClean time: 5.523s
2026-04-27 10:47:47 POS DCU1 : 239.6, Target : 250.0.
2026-04-27 10:47:51 FillDCU (Cycle) time: 7.439s
2026-04-27 10:52:27 FTClean time: 5.52s
2026-04-27 10:53:19 FTClean time: 5.521s
2026-04-27 10:55:14 Sequence: FillCart , Time: 21.008s
2026-04-27 10:55:20 FTClean time: 5.521s
2026-04-27 10:55:30 POS DCU1 : 239.1, Target : 250.0.
2026-04-27 10:55:35 FillDCU (Cycle) time: 11.777s
2026-04-27 10:59:55 Sequence: FillCart , Time: 23.089s
2026-04-27 11:00:01 FTClean time: 5.521s
2026-04-27 11:00:15 POS DCU1 : 241.5, Target : 250.0.
2026-04-27 11:00:16 FillDCU (Cycle) time: 11.702s
2026-04-27 11:10:56 ClnCart (Cleaning+Dumping) time: 31.737s
2026-04-27 11:11:19 Sequence: FillCart , Time: 22.41s
2026-04-27 11:11:25 FTClean time: 5.521s
2026-04-27 11:11:41 FillDCU (Cycle) time: 12.072s
2026-04-27 11:12:30 ClnCart (Cleaning+Dumping) time: 31.045s
2026-04-27 11:12:52 Sequence: FillCart , Time: 21.434s
2026-04-27 11:12:58 FTClean time: 5.519s
2026-04-27 11:13:37 POS DCU1 : 242.6, Target : 250.0.
2026-04-27 11:13:41 FillDCU (Cycle) time: 12.308s
2026-04-27 11:17:39 ClnCart (Cleaning+Dumping) time: 99.938s
2026-04-27 11:18:08 Sequence: FillCart , Time: 28.011s
2026-04-27 11:18:13 FTClean time: 5.522s
2026-04-27 11:18:25 POS DCU1 : 238.4, Target : 250.0.
2026-04-27 11:18:30 FillDCU (Cycle) time: 13.134s
2026-04-27 11:24:39 Sequence: FillCart , Time: 17.309s
2026-04-27 11:24:44 FTClean time: 5.521s
2026-04-27 11:24:58 POS DCU1 : 241.0, Target : 250.0.
2026-04-27 11:24:59 FillDCU (Cycle) time: 11.077s
2026-04-27 11:29:29 Sequence: FillCart , Time: 20.871s
2026-04-27 11:29:36 FTClean time: 6.823s
2026-04-27 11:30:57 POS DCU1 : 239.4, Target : 250.0.
2026-04-27 11:31:02 FillDCU (Cycle) time: 11.253s
2026-04-27 11:39:05 Sequence: FillCart , Time: 22.571s
2026-04-27 11:39:11 FTClean time: 5.531s
2026-04-27 11:41:59 POS DCU1 : 237.9, Target : 250.0.
2026-04-27 11:42:01 FillDCU (Cycle) time: 11.897s
2026-04-27 11:47:38 FTClean time: 5.521s
2026-04-27 11:54:13 ClnCart (Cleaning+Dumping) time: 59.443s
2026-04-27 11:54:40 Sequence: FillCart , Time: 25.014s
2026-04-27 11:54:45 FTClean time: 5.518s
2026-04-27 11:55:00 POS DCU1 : 238.2, Target : 250.0.
2026-04-27 11:55:01 FillDCU (Cycle) time: 12.391s
2026-04-27 11:55:44 ClnCart (Cleaning+Dumping) time: 31.772s
2026-04-27 11:56:09 Sequence: FillCart , Time: 23.947s
2026-04-27 11:56:14 FTClean time: 5.518s
2026-04-27 11:56:55 POS DCU1 : 240.4, Target : 250.0.
2026-04-27 11:57:01 FillDCU (Cycle) time: 12.608s
2026-04-27 11:59:40 FTClean time: 6.827s
2026-04-27 12:00:20 Sequence: FillCart , Time: 21.917s
2026-04-27 12:00:26 FTClean time: 5.523s
2026-04-27 12:00:36 POS DCU1 : 242.9, Target : 250.0.
2026-04-27 12:00:42 FillDCU (Cycle) time: 11.76s
2026-04-27 12:05:58 FTClean time: 5.522s
2026-04-27 12:06:35 Sequence: FillCart , Time: 23.309s
2026-04-27 12:06:41 FTClean time: 6.825s
2026-04-27 12:06:55 POS DCU1 : 238.2, Target : 250.0.
2026-04-27 12:06:55 FillDCU (Cycle) time: 11.194s
2026-04-27 12:11:04 Sequence: FillCart , Time: 18.615s
2026-04-27 12:11:09 FTClean time: 5.522s
2026-04-27 12:14:11 POS DCU1 : 241.0, Target : 250.0.
2026-04-27 12:14:13 FillDCU (Cycle) time: 11.384s
2026-04-27 12:19:45 FTClean time: 5.519s
2026-04-27 12:20:31 Sequence: FillCart , Time: 17.71s
2026-04-27 12:20:37 FTClean time: 5.52s
2026-04-27 12:20:51 POS DCU1 : 241.7, Target : 250.0.
2026-04-27 12:20:51 FillDCU (Cycle) time: 10.786s
2026-04-27 12:34:25 FTClean time: 5.521s
2026-04-27 12:38:48 FTClean time: 5.523s
2026-04-27 12:43:35 Sequence: FillCart , Time: 22.717s
2026-04-27 12:43:40 FTClean time: 5.521s
2026-04-27 12:43:51 POS DCU1 : 238.4, Target : 250.0.
2026-04-27 12:43:56 FillDCU (Cycle) time: 11.776s
2026-04-27 12:48:38 Sequence: FillCart , Time: 22.32s
2026-04-27 12:48:44 FTClean time: 5.522s
2026-04-27 12:48:58 POS DCU1 : 240.2, Target : 250.0.
2026-04-27 12:48:59 FillDCU (Cycle) time: 11.33s
2026-04-27 12:50:32 ClnCart (Cleaning+Dumping) time: 71.908s
2026-04-27 12:50:52 Sequence: FillCart , Time: 18.597s
2026-04-27 12:50:58 FTClean time: 5.543s
2026-04-27 12:53:49 POS DCU1 : 241.6, Target : 250.0.
2026-04-27 12:53:50 FillDCU (Cycle) time: 10.87s
2026-04-27 12:55:34 ClnCart (Cleaning+Dumping) time: 31.447s
2026-04-27 12:55:52 Sequence: FillCart , Time: 17.577s
2026-04-27 12:55:58 FTClean time: 5.526s
2026-04-27 12:57:33 POS DCU1 : 238.9, Target : 250.0.
2026-04-27 12:57:34 FillDCU (Cycle) time: 8.768s
2026-04-27 13:00:27 FTClean time: 6.827s
2026-04-27 13:01:03 Sequence: FillCart , Time: 15.311s
2026-04-27 13:01:09 FTClean time: 6.827s
2026-04-27 13:01:20 POS DCU1 : 241.4, Target : 250.0.
2026-04-27 13:01:20 FillDCU (Cycle) time: 8.061s
2026-04-27 13:06:20 FTClean time: 5.521s
2026-04-27 13:10:36 Sequence: FillCart , Time: 17.12s
2026-04-27 13:10:41 FTClean time: 5.524s
2026-04-27 13:10:51 POS DCU1 : 238.4, Target : 250.0.
2026-04-27 13:10:53 FillDCU (Cycle) time: 8.162s
2026-04-27 13:15:14 Sequence: FillCart , Time: 22.713s
2026-04-27 13:15:20 FTClean time: 5.521s
2026-04-27 13:15:30 POS DCU1 : 240.5, Target : 250.0.
2026-04-27 13:15:35 FillDCU (Cycle) time: 11.47s
2026-04-27 13:21:11 FTClean time: 6.828s
2026-04-27 13:22:23 FTClean time: 5.522s
2026-04-27 13:27:51 Sequence: FillCart , Time: 22.712s
2026-04-27 13:27:57 FTClean time: 6.827s
2026-04-27 13:28:11 POS DCU1 : 238.1, Target : 250.0.
2026-04-27 13:28:12 FillDCU (Cycle) time: 11.394s
2026-04-27 13:38:51 Sequence: FillCart , Time: 16.808s
2026-04-27 13:38:57 FTClean time: 5.523s
2026-04-27 13:39:11 POS DCU1 : 241.6, Target : 250.0.
2026-04-27 13:39:11 FillDCU (Cycle) time: 10.483s
2026-04-27 13:46:52 FTClean time: 6.828s
2026-04-27 13:55:16 Sequence: FillCart , Time: 15.915s
2026-04-27 13:55:23 FTClean time: 6.825s
2026-04-27 13:55:32 POS DCU1 : 241.3, Target : 250.0.
2026-04-27 13:55:33 FillDCU (Cycle) time: 7.363s
2026-04-27 14:02:35 FTClean time: 5.521s
2026-04-27 14:05:31 FTClean time: 5.52s
2026-04-27 14:07:41 Sequence: FillCart , Time: 14.114s
2026-04-27 14:07:46 FTClean time: 5.522s
2026-04-27 14:07:56 POS DCU1 : 242.1, Target : 250.0.
2026-04-27 14:07:57 FillDCU (Cycle) time: 6.742s
2026-04-27 14:13:09 Sequence: FillCart , Time: 21.813s
2026-04-27 14:13:14 FTClean time: 5.523s
2026-04-27 14:13:23 POS DCU1 : 237.9, Target : 250.0.
2026-04-27 14:13:30 FillDCU (Cycle) time: 11.555s
2026-04-27 14:32:43 FTClean time: 5.521s
2026-04-27 14:36:09 FTClean time: 6.822s
2026-04-27 14:51:03 Sequence: FillCart , Time: 21.912s
2026-04-27 14:51:08 FTClean time: 5.522s
2026-04-27 14:51:22 POS DCU1 : 242.6, Target : 250.0.
2026-04-27 14:51:24 FillDCU (Cycle) time: 11.695s
2026-04-27 14:55:08 Sequence: FillCart , Time: 21.139s
2026-04-27 14:55:14 FTClean time: 6.837s
2026-04-27 14:55:55 POS DCU1 : 242.3, Target : 250.0.
2026-04-27 14:55:57 FillDCU (Cycle) time: 11.49s
2026-04-27 15:01:38 FTClean time: 6.826s
2026-04-27 15:02:30 FTClean time: 5.521s
2026-04-27 15:03:05 Sequence: FillCart , Time: 20.813s
2026-04-27 15:03:12 FTClean time: 6.83s
2026-04-27 15:03:25 POS DCU1 : 241.3, Target : 250.0.
2026-04-27 15:03:26 FillDCU (Cycle) time: 11.296s
2026-04-27 15:04:01 Sequence: FillCart , Time: 22.869s
2026-04-27 15:04:06 FTClean time: 5.523s
2026-04-27 15:07:53 POS DCU1 : 243.6, Target : 250.0.
2026-04-27 15:07:55 FillDCU (Cycle) time: 11.566s
2026-04-27 15:10:00 Sequence: FillCart , Time: 13.025s
2026-04-27 15:10:05 FTClean time: 5.522s
2026-04-27 15:12:51 POS DCU1 : 242.9, Target : 250.0.
2026-04-27 15:12:52 FillDCU (Cycle) time: 11.044s
2026-04-27 15:14:46 Sequence: FillCart , Time: 22.538s
2026-04-27 15:14:52 FTClean time: 5.524s
2026-04-27 15:15:24 POS DCU1 : 240.0, Target : 250.0.
2026-04-27 15:15:33 FillDCU (Cycle) time: 11.542s
2026-04-27 15:22:36 FTClean time: 6.829s
2026-04-27 15:23:17 Sequence: FillCart , Time: 22.209s
2026-04-27 15:23:24 FTClean time: 6.829s
2026-04-27 15:23:37 POS DCU1 : 243.1, Target : 250.0.
2026-04-27 15:23:39 FillDCU (Cycle) time: 12.197s
2026-04-27 15:31:29 FTClean time: 5.522s
2026-04-27 15:32:07 Sequence: FillCart , Time: 16.211s
2026-04-27 15:32:12 FTClean time: 5.524s
2026-04-27 15:32:27 POS DCU1 : 239.2, Target : 250.0.
2026-04-27 15:32:28 FillDCU (Cycle) time: 11.683s
2026-04-27 15:38:43 Sequence: FillCart , Time: 20.912s
2026-04-27 15:38:48 FTClean time: 5.521s
2026-04-27 15:38:58 POS DCU1 : 238.2, Target : 250.0.
2026-04-27 15:39:03 FillDCU (Cycle) time: 11.573s
2026-04-27 15:52:51 FTClean time: 5.522s
2026-04-27 16:03:00 Sequence: FillCart , Time: 22.611s
2026-04-27 16:03:05 FTClean time: 5.521s
2026-04-27 16:03:19 POS DCU1 : 239.4, Target : 250.0.
2026-04-27 16:03:21 FillDCU (Cycle) time: 11.909s
2026-04-27 16:09:01 FTClean time: 5.523s
2026-04-27 16:13:14 Sequence: FillCart , Time: 23.21s
2026-04-27 16:13:20 FTClean time: 5.523s
2026-04-27 16:13:34 POS DCU1 : 241.5, Target : 250.0.
2026-04-27 16:13:37 FillDCU (Cycle) time: 13.126s
2026-04-27 16:17:33 Sequence: FillCart , Time: 13.92s
2026-04-27 16:17:39 FTClean time: 5.522s
2026-04-27 16:20:15 POS DCU1 : 237.8, Target : 250.0.
2026-04-27 16:20:16 FillDCU (Cycle) time: 8.043s
2026-04-27 16:24:09 FTClean time: 5.525s
2026-04-27 16:25:28 FTClean time: 5.522s
2026-04-27 16:28:24 Sequence: FillCart , Time: 16.814s
2026-04-27 16:28:30 FTClean time: 5.52s
2026-04-27 16:28:38 POS DCU1 : 239.6, Target : 250.0.
2026-04-27 16:28:41 FillDCU (Cycle) time: 7.637s
2026-04-27 16:32:44 FTClean time: 5.521s
2026-04-27 16:35:10 Sequence: FillCart , Time: 22.518s
2026-04-27 16:35:16 FTClean time: 5.52s
2026-04-27 16:35:26 POS DCU1 : 238.9, Target : 250.0.
2026-04-27 16:35:30 FillDCU (Cycle) time: 10.473s
2026-04-27 16:36:36 Sequence: FillCart , Time: 16.917s
2026-04-27 16:36:42 FTClean time: 5.534s
2026-04-27 16:39:58 POS DCU1 : 240.8, Target : 250.0.
2026-04-27 16:39:58 FillDCU (Cycle) time: 9.716s
2026-04-27 16:54:27 Sequence: FillCart , Time: 22.814s
2026-04-27 16:54:33 FTClean time: 5.522s
2026-04-27 16:54:43 POS DCU1 : 241.3, Target : 250.0.
2026-04-27 16:54:48 FillDCU (Cycle) time: 11.36s
2026-04-27 17:08:44 FTClean time: 5.521s
2026-04-27 17:17:00 Sequence: FillCart , Time: 22.72s
2026-04-27 17:17:06 FTClean time: 5.522s
2026-04-27 17:17:20 POS DCU1 : 238.8, Target : 250.0.
2026-04-27 17:17:21 FillDCU (Cycle) time: 11.497s
2026-04-27 17:22:32 FTClean time: 6.827s
2026-04-27 17:27:01 Sequence: FillCart , Time: 15.31s
2026-04-27 17:27:08 FTClean time: 6.828s
2026-04-27 17:27:21 POS DCU1 : 243.1, Target : 250.0.
2026-04-27 17:27:21 FillDCU (Cycle) time: 10.766s
2026-04-27 17:31:50 FTClean time: 6.829s
2026-04-27 17:35:28 Sequence: FillCart , Time: 23.218s
2026-04-27 17:35:35 FTClean time: 6.827s
2026-04-27 17:35:43 POS DCU1 : 242.2, Target : 250.0.
2026-04-27 17:35:49 FillDCU (Cycle) time: 11.466s
2026-04-27 17:40:18 Sequence: FillCart , Time: 23.444s
2026-04-27 17:40:25 FTClean time: 6.832s
2026-04-27 17:40:47 POS DCU1 : 240.9, Target : 250.0.
2026-04-27 17:40:48 FillDCU (Cycle) time: 11.489s
2026-04-27 17:46:20 FTClean time: 6.827s
2026-04-27 17:47:22 Sequence: FillCart , Time: 16.514s
2026-04-27 17:47:29 FTClean time: 6.827s
2026-04-27 17:47:42 POS DCU1 : 241.9, Target : 250.0.
2026-04-27 17:47:42 FillDCU (Cycle) time: 10.794s
2026-04-27 17:51:44 FTClean time: 5.52s
2026-04-27 17:52:28 FTClean time: 5.52s
2026-04-27 17:55:44 Sequence: FillCart , Time: 11.71s
2026-04-27 17:55:50 FTClean time: 5.52s
2026-04-27 17:56:00 POS DCU1 : 242.3, Target : 250.0.
2026-04-27 17:56:00 FillDCU (Cycle) time: 6.741s
2026-04-27 18:00:16 Sequence: FillCart , Time: 22.514s
2026-04-27 18:00:22 FTClean time: 5.52s
2026-04-27 18:00:28 POS DCU1 : 240.0, Target : 250.0.
2026-04-27 18:00:37 FillDCU (Cycle) time: 11.576s
2026-04-27 18:09:11 FTClean time: 5.521s
2026-04-27 18:12:49 FTClean time: 5.519s
2026-04-27 18:19:46 Sequence: FillCart , Time: 16.114s
2026-04-27 18:19:52 FTClean time: 5.522s
2026-04-27 18:20:06 POS DCU1 : 239.1, Target : 250.0.
2026-04-27 18:20:06 FillDCU (Cycle) time: 10.87s
2026-04-27 18:24:32 Sequence: FillCart , Time: 22.611s
2026-04-27 18:24:38 FTClean time: 5.517s
2026-04-27 18:24:47 POS DCU1 : 240.7, Target : 250.0.
2026-04-27 18:24:53 FillDCU (Cycle) time: 11.681s
2026-04-27 18:34:56 Sequence: FillCart , Time: 16.911s
2026-04-27 18:35:02 FTClean time: 5.523s
2026-04-27 18:35:16 POS DCU1 : 238.5, Target : 250.0.
2026-04-27 18:35:17 FillDCU (Cycle) time: 10.902s
2026-04-27 18:39:11 FTClean time: 6.828s
2026-04-27 18:39:54 FTClean time: 5.519s
2026-04-27 18:44:13 Sequence: FillCart , Time: 17.716s
2026-04-27 18:44:19 FTClean time: 6.826s
2026-04-27 18:44:29 POS DCU1 : 237.7, Target : 250.0.
2026-04-27 18:44:30 FillDCU (Cycle) time: 7.759s
2026-04-27 18:46:13 Sequence: FillCart , Time: 22.727s
2026-04-27 18:46:19 FTClean time: 5.529s
2026-04-27 18:48:10 POS DCU1 : 241.6, Target : 250.0.
2026-04-27 18:48:16 FillDCU (Cycle) time: 12.871s
2026-04-27 18:55:10 FTClean time: 5.52s
2026-04-27 18:58:45 FTClean time: 5.522s
2026-04-27 19:03:44 Sequence: FillCart , Time: 23.009s
2026-04-27 19:03:49 FTClean time: 5.522s
2026-04-27 19:04:00 POS DCU1 : 241.6, Target : 250.0.
2026-04-27 19:04:05 FillDCU (Cycle) time: 12.315s
2026-04-27 19:07:52 Sequence: FillCart , Time: 22.68s
2026-04-27 19:07:57 FTClean time: 5.527s
2026-04-27 19:08:33 POS DCU1 : 240.1, Target : 250.0.
2026-04-27 19:08:34 FillDCU (Cycle) time: 11.884s
2026-04-27 19:14:35 Sequence: FillCart , Time: 20.813s
2026-04-27 19:14:41 FTClean time: 5.522s
2026-04-27 19:14:55 POS DCU1 : 237.9, Target : 250.0.
2026-04-27 19:14:56 FillDCU (Cycle) time: 11.094s
2026-04-27 19:16:27 Sequence: FillCart , Time: 28.383s
2026-04-27 19:16:33 FTClean time: 5.544s
2026-04-27 19:19:22 POS DCU1 : 239.8, Target : 250.0.
2026-04-27 19:19:26 FillDCU (Cycle) time: 13.095s
2026-04-27 19:20:31 ClnCart (Cleaning+Dumping) time: 32.054s
2026-04-27 19:20:58 Sequence: FillCart , Time: 25.238s
2026-04-27 19:21:03 FTClean time: 5.524s
2026-04-27 19:21:59 CheckA1Fluid Restart 265.4
2026-04-27 19:22:00 POS DCU1 : 241.7, Target : 250.0.
2026-04-27 19:22:03 FillDCU (Cycle) time: 13.224s
2026-04-27 19:24:48 Sequence: FillCart , Time: 21.807s
2026-04-27 19:24:55 FTClean time: 6.825s
2026-04-27 19:25:08 POS DCU1 : 238.1, Target : 250.0.
2026-04-27 19:25:09 FillDCU (Cycle) time: 11.192s
2026-04-27 19:28:51 Sequence: FillCart , Time: 20.824s
2026-04-27 19:28:56 FTClean time: 5.54s
2026-04-27 19:29:54 POS DCU1 : 239.2, Target : 250.0.
2026-04-27 19:29:56 FillDCU (Cycle) time: 11.476s
2026-04-27 19:32:58 Sequence: FillCart , Time: 16.627s
2026-04-27 19:33:04 FTClean time: 5.528s
2026-04-27 19:34:49 POS DCU1 : 241.7, Target : 250.0.
2026-04-27 19:34:50 FillDCU (Cycle) time: 10.876s
2026-04-27 19:39:10 FTClean time: 6.828s
2026-04-27 19:48:07 Sequence: FillCart , Time: 17.216s
2026-04-27 19:48:14 FTClean time: 6.826s
2026-04-27 19:48:23 POS DCU1 : 242.0, Target : 250.0.
2026-04-27 19:48:24 FillDCU (Cycle) time: 7.547s
2026-04-27 19:53:29 FTClean time: 5.52s
2026-04-27 19:54:14 Sequence: FillCart , Time: 20.912s
2026-04-27 19:54:19 FTClean time: 5.518s
2026-04-27 19:54:29 POS DCU1 : 239.2, Target : 250.0.
2026-04-27 19:54:34 FillDCU (Cycle) time: 11.67s
2026-04-27 20:00:45 Sequence: FillCart , Time: 22.462s
2026-04-27 20:00:50 FTClean time: 5.523s
2026-04-27 20:03:05 POS DCU1 : 241.4, Target : 250.0.
2026-04-27 20:03:06 FillDCU (Cycle) time: 11.474s
2026-04-27 20:08:42 FTClean time: 6.828s
2026-04-27 20:09:23 Sequence: FillCart , Time: 23.707s
2026-04-27 20:09:30 FTClean time: 6.828s
2026-04-27 20:09:43 POS DCU1 : 239.4, Target : 250.0.
2026-04-27 20:09:46 FillDCU (Cycle) time: 13.485s
2026-04-27 20:14:05 ClnCart (Cleaning+Dumping) time: 31.759s
2026-04-27 20:14:35 Sequence: FillCart , Time: 28.848s
2026-04-27 20:14:41 FTClean time: 5.522s
2026-04-27 20:17:02 POS DCU1 : 243.6, Target : 250.0.
2026-04-27 20:17:03 FillDCU (Cycle) time: 12.994s
2026-04-27 20:22:21 ClnCart (Cleaning+Dumping) time: 31.553s
2026-04-27 20:22:48 Sequence: FillCart , Time: 25.234s
2026-04-27 20:22:53 FTClean time: 5.522s
2026-04-27 20:23:48 CheckA1Fluid Restart 270.0
2026-04-27 20:23:49 POS DCU1 : 240.0, Target : 250.0.
2026-04-27 20:23:51 FillDCU (Cycle) time: 13.028s
2026-04-27 20:28:33 FTClean time: 5.521s
2026-04-27 20:29:02 Sequence: FillCart , Time: 22.512s
2026-04-27 20:29:07 FTClean time: 5.522s
2026-04-27 20:29:22 FillDCU (Cycle) time: 11.354s
2026-04-27 20:35:32 FTClean time: 5.521s
2026-04-27 20:36:12 Sequence: FillCart , Time: 15.914s
2026-04-27 20:36:18 FTClean time: 5.521s
2026-04-27 20:36:32 POS DCU1 : 241.7, Target : 250.0.
2026-04-27 20:36:32 FillDCU (Cycle) time: 10.799s
2026-04-27 20:40:52 ClnCart (Cleaning+Dumping) time: 31.84s
2026-04-27 20:41:15 Sequence: FillCart , Time: 22.07s
2026-04-27 20:41:21 FTClean time: 5.526s
2026-04-27 20:43:06 POS DCU1 : 239.0, Target : 250.0.
2026-04-27 20:43:12 FillDCU (Cycle) time: 11.554s
2026-04-27 20:49:01 FTClean time: 6.828s
2026-04-27 20:54:10 Sequence: FillCart , Time: 22.114s
2026-04-27 20:54:17 FTClean time: 6.828s
2026-04-27 20:54:30 POS DCU1 : 241.6, Target : 250.0.
2026-04-27 20:54:31 FillDCU (Cycle) time: 11.674s
2026-04-27 20:57:46 Sequence: FillCart , Time: 22.626s
2026-04-27 20:57:52 FTClean time: 5.521s
2026-04-27 20:59:13 POS DCU1 : 238.8, Target : 250.0.
2026-04-27 20:59:14 FillDCU (Cycle) time: 11.885s
2026-04-27 21:06:28 POS DCU1 : 241.1, Target : 250.0.
2026-04-27 21:06:28 FillDCU (Cycle) time: 11.015s
2026-04-27 21:09:16 FTClean time: 6.828s
2026-04-27 21:09:56 FTClean time: 5.523s
2026-04-27 21:10:38 FTClean time: 5.52s
2026-04-27 21:11:32 ClnCart (Cleaning+Dumping) time: 32.478s
2026-04-27 21:11:39 FTClean time: 6.828s
2026-04-27 21:12:46 ClnCart (Cleaning+Dumping) time: 31.841s
2026-04-27 21:12:52 FTClean time: 5.522s
2026-04-27 21:14:01 ClnCart (Cleaning+Dumping) time: 31.136s
2026-04-27 21:14:06 FTClean time: 5.519s
2026-04-28 05:26:35 Sequence: FillCart , Time: 23.012s
2026-04-28 05:26:42 FTClean time: 6.829s
2026-04-28 05:26:58 FillDCU (Cycle) time: 13.051s
2026-04-28 05:27:43 Sequence: FillCart , Time: 22.545s
2026-04-28 05:27:50 FTClean time: 6.83s
2026-04-28 05:28:53 POS DCU1 : 240.0, Target : 250.0.
2026-04-28 05:29:01 FillDCU (Cycle) time: 13.07s
2026-04-28 05:34:23 POS DCU1 : 238.3, Target : 250.0.
2026-04-28 05:34:23 FillDCU (Cycle) time: 6.902s
2026-04-28 05:36:33 FTClean time: 6.829s
2026-04-28 05:38:19 ClnCart (Cleaning+Dumping) time: 78.994s
2026-04-28 05:38:26 FTClean time: 6.828s
2026-04-28 05:52:25 Sequence: FillCart , Time: 23.312s
2026-04-28 05:52:30 FTClean time: 5.521s
2026-04-28 05:52:46 FillDCU (Cycle) time: 12.255s
2026-04-28 05:55:02 Sequence: FillCart , Time: 16.98s
2026-04-28 05:55:08 FTClean time: 5.524s
2026-04-28 05:58:33 POS DCU1 : 243.4, Target : 250.0.
2026-04-28 05:58:33 FillDCU (Cycle) time: 11.67s
2026-04-28 06:00:28 Sequence: FillCart , Time: 17.429s
2026-04-28 06:00:33 FTClean time: 5.535s
2026-04-28 06:02:07 POS DCU1 : 243.2, Target : 250.0.
2026-04-28 06:02:08 FillDCU (Cycle) time: 7.754s
2026-04-28 06:06:56 FTClean time: 5.519s
2026-04-28 06:18:16 Sequence: FillCart , Time: 23.111s
2026-04-28 06:18:22 FTClean time: 5.522s
2026-04-28 06:18:32 POS DCU1 : 238.3, Target : 250.0.
2026-04-28 06:18:37 FillDCU (Cycle) time: 11.477s
2026-04-28 06:27:35 Sequence: FillCart , Time: 23.015s
2026-04-28 06:27:42 FTClean time: 6.83s
2026-04-28 06:27:55 POS DCU1 : 227.2, Target : 250.0.
2026-04-28 06:27:55 FillDCU (Cycle) time: 11.034s
2026-04-28 06:32:42 ClnCart (Cleaning+Dumping) time: 31.742s
2026-04-28 06:33:07 Sequence: FillCart , Time: 23.715s
2026-04-28 06:33:12 FTClean time: 5.516s
2026-04-28 06:33:25 POS DCU1 : 241.2, Target : 250.0.
2026-04-28 06:33:28 FillDCU (Cycle) time: 11.722s
2026-04-28 06:39:06 Sequence: FillCart , Time: 22.41s
2026-04-28 06:39:13 FTClean time: 6.823s
2026-04-28 06:39:26 POS DCU1 : 239.5, Target : 250.0.
2026-04-28 06:39:27 FillDCU (Cycle) time: 11.194s
2026-04-28 06:45:23 Sequence: FillCart , Time: 16.756s
2026-04-28 06:45:29 FTClean time: 5.523s
2026-04-28 06:48:22 POS DCU1 : 238.6, Target : 250.0.
2026-04-28 06:48:23 FillDCU (Cycle) time: 10.557s
2026-04-28 06:56:28 Sequence: FillCart , Time: 13.239s
2026-04-28 06:56:34 FTClean time: 5.527s
2026-04-28 06:58:07 POS DCU1 : 242.7, Target : 250.0.
2026-04-28 06:58:07 FillDCU (Cycle) time: 6.741s
2026-04-28 07:01:51 Sequence: FillCart , Time: 22.637s
2026-04-28 07:01:57 FTClean time: 5.546s
2026-04-28 07:02:04 POS DCU1 : 238.5, Target : 250.0.
2026-04-28 07:02:12 FillDCU (Cycle) time: 11.64s
2026-04-28 07:08:10 FTClean time: 6.828s
2026-04-28 07:09:03 FTClean time: 5.519s
2026-04-28 07:11:38 Sequence: FillCart , Time: 16.708s
2026-04-28 07:11:45 FTClean time: 6.825s
2026-04-28 07:11:58 POS DCU1 : 241.6, Target : 250.0.
2026-04-28 07:11:59 FillDCU (Cycle) time: 10.782s
2026-04-28 07:16:51 Sequence: FillCart , Time: 16.314s
2026-04-28 07:16:58 FTClean time: 6.829s
2026-04-28 07:17:07 POS DCU1 : 242.0, Target : 250.0.
2026-04-28 07:17:08 FillDCU (Cycle) time: 7.552s
2026-04-28 07:20:18 Sequence: FillCart , Time: 16.456s
2026-04-28 07:20:24 FTClean time: 5.547s
2026-04-28 07:21:02 POS DCU1 : 242.4, Target : 250.0.
2026-04-28 07:21:03 FillDCU (Cycle) time: 7.477s
2026-04-28 07:26:39 FTClean time: 5.523s
2026-04-28 07:34:21 Sequence: FillCart , Time: 19.415s
2026-04-28 07:34:27 FTClean time: 5.521s
2026-04-28 07:34:37 POS DCU1 : 241.4, Target : 250.0.
2026-04-28 07:34:41 FillDCU (Cycle) time: 10.17s
2026-04-28 07:39:01 Sequence: FillCart , Time: 22.614s
2026-04-28 07:39:06 FTClean time: 5.521s
2026-04-28 07:39:16 POS DCU1 : 243.3, Target : 250.0.
2026-04-28 07:39:22 FillDCU (Cycle) time: 11.657s
2026-04-28 07:44:55 FTClean time: 5.521s
2026-04-28 07:47:17 Sequence: FillCart , Time: 22.913s
2026-04-28 07:47:23 FTClean time: 5.523s
2026-04-28 07:47:38 POS DCU1 : 240.5, Target : 250.0.
2026-04-28 07:47:39 FillDCU (Cycle) time: 11.792s
2026-04-28 07:54:14 FTClean time: 5.521s
2026-04-28 07:56:46 Sequence: FillCart , Time: 17.607s
2026-04-28 07:56:52 FTClean time: 5.52s
2026-04-28 07:57:05 POS DCU1 : 238.3, Target : 250.0.
2026-04-28 07:57:06 FillDCU (Cycle) time: 10.867s
2026-04-28 08:01:27 Sequence: FillCart , Time: 22.559s
2026-04-28 08:01:33 FTClean time: 5.524s
2026-04-28 08:01:44 POS DCU1 : 240.4, Target : 250.0.
2026-04-28 08:01:48 FillDCU (Cycle) time: 11.723s
2026-04-28 08:06:43 Sequence: FillCart , Time: 21.211s
2026-04-28 08:06:50 FTClean time: 6.828s
2026-04-28 08:07:04 POS DCU1 : 243.3, Target : 250.0.
2026-04-28 08:07:05 FillDCU (Cycle) time: 11.707s
2026-04-28 08:10:42 Sequence: FillCart , Time: 16.459s
2026-04-28 08:10:47 FTClean time: 5.526s
2026-04-28 08:12:36 POS DCU1 : 239.1, Target : 250.0.
2026-04-28 08:12:36 FillDCU (Cycle) time: 11.178s
2026-04-28 08:14:57 Sequence: FillCart , Time: 16.735s
2026-04-28 08:15:03 FTClean time: 5.522s
2026-04-28 08:16:10 POS DCU1 : 239.3, Target : 250.0.
2026-04-28 08:16:12 FillDCU (Cycle) time: 7.67s
2026-04-28 08:20:44 FTClean time: 5.52s
2026-04-28 08:21:27 FTClean time: 5.521s
2026-04-28 08:24:16 Sequence: FillCart , Time: 15.516s
2026-04-28 08:24:21 FTClean time: 5.519s
2026-04-28 08:24:31 POS DCU1 : 243.4, Target : 250.0.
2026-04-28 08:24:32 FillDCU (Cycle) time: 7.26s
2026-04-28 08:28:37 Sequence: FillCart , Time: 23.035s
2026-04-28 08:28:43 FTClean time: 5.522s
2026-04-28 08:28:53 POS DCU1 : 239.2, Target : 250.0.
2026-04-28 08:28:58 FillDCU (Cycle) time: 11.557s
2026-04-28 08:33:00 ClnCart (Cleaning+Dumping) time: 31.785s
2026-04-28 08:33:19 Sequence: FillCart , Time: 17.719s
2026-04-28 08:33:24 FTClean time: 5.527s
2026-04-28 08:34:19 POS DCU1 : 241.8, Target : 250.0.
2026-04-28 08:34:20 FillDCU (Cycle) time: 10.953s
2026-04-28 08:36:17 Sequence: FillCart , Time: 13.942s
2026-04-28 08:36:23 FTClean time: 5.526s
2026-04-28 08:37:59 POS DCU1 : 240.4, Target : 250.0.
2026-04-28 08:37:59 FillDCU (Cycle) time: 6.84s
2026-04-28 08:42:25 Sequence: FillCart , Time: 22.717s
2026-04-28 08:42:30 FTClean time: 5.52s
2026-04-28 08:42:39 POS DCU1 : 241.0, Target : 250.0.
2026-04-28 08:42:46 FillDCU (Cycle) time: 11.66s
2026-04-28 08:49:46 ClnCart (Cleaning+Dumping) time: 31.754s
2026-04-28 08:50:12 Sequence: FillCart , Time: 24.462s
2026-04-28 08:50:18 FTClean time: 5.523s
2026-04-28 08:52:52 POS DCU1 : 238.9, Target : 250.0.
2026-04-28 08:52:53 FillDCU (Cycle) time: 11.678s
2026-04-28 08:54:19 ClnCart (Cleaning+Dumping) time: 31.267s
2026-04-28 08:54:41 Sequence: FillCart , Time: 20.927s
2026-04-28 08:54:46 FTClean time: 5.528s
2026-04-28 08:57:51 POS DCU1 : 241.9, Target : 250.0.
2026-04-28 08:57:52 FillDCU (Cycle) time: 11.802s
2026-04-28 08:59:40 Sequence: FillCart , Time: 16.241s
2026-04-28 08:59:46 FTClean time: 5.521s
