2026-05-08 08:21:47 ------------------ 
2026-05-08 08:23:20  Vol : URUS_PA2_BC2_R34_EXT_2026 Skid: 5 Calcul Vol : 18834 Color: 56.
2026-05-08 08:23:20  ---------------------------
2026-05-08 08:29:53 --- Trajectory --- 
2026-05-08 08:29:53 Prog : TEM_bc2_int Skid: 131 Paint : 0.
2026-05-08 08:29:53 ------------------ 
2026-05-08 08:30:54  Vol : URUS_PA2_BC2_R34_EXT_2026 Skid: 207 Calcul Vol : 512 Color: 12.
2026-05-08 08:30:54  ---------------------------
2026-05-08 08:32:22 --- Trajectory --- 
2026-05-08 08:32:22 Prog : TEM_BC2_R34_EXT_new Skid: 131 Paint : 231.
2026-05-08 08:32:22 ------------------ 
2026-05-08 08:34:37 --- Trajectory --- 
2026-05-08 08:34:37 Prog : HURACAN_BC2_R34_Plastic Skid: 45 Paint : 53.
2026-05-08 08:34:37 ------------------ 
2026-05-08 08:54:09  Vol : URUS_PA2_R34_Plastic Skid: 2 Calcul Vol : 120 Color: 56.
2026-05-08 08:54:09  ---------------------------
2026-05-08 09:01:16  Vol : URUS_PA2_BC2_R34_EXT_2026 Skid: 5 Calcul Vol : 18834 Color: 56.
2026-05-08 09:01:16  ---------------------------
2026-05-08 09:11:46 --- Trajectory --- 
2026-05-08 09:11:46 Prog : URUS_PA2_BC2_R34_EXT_2026 Skid: 207 Paint : 479.
2026-05-08 09:11:46 ------------------ 
2026-05-08 09:25:51 --- Trajectory --- 
2026-05-08 09:25:51 Prog : URUS_PA2_R34_Plastic Skid: 2 Paint : 107.
2026-05-08 09:25:51 ------------------ 
2026-05-08 09:35:46 --- Trajectory --- 
2026-05-08 09:35:46 Prog : URUS_PA2_BC2_R34_EXT_2026 Skid: 5 Paint : 402.
2026-05-08 09:35:46 ------------------ 
2026-05-08 10:11:03  Vol : URUS_PA2_R34_Plastic Skid: 180 Calcul Vol : 110 Color: 51.
2026-05-08 10:11:03  ---------------------------
2026-05-08 11:23:28 --- Trajectory --- 
2026-05-08 11:23:28 Prog : URUS_PA2_R34_Plastic Skid: 180 Paint : 0.
2026-05-08 11:23:28 ------------------ 
2026-05-08 11:26:49  Vol : URUS_PA2_R34_Plastic Skid: 180 Calcul Vol : 110 Color: 51.
2026-05-08 11:26:49  ---------------------------
2026-05-08 11:57:41  Default Volume : TEM_bc2_int Skid: 195.
2026-05-08 11:57:42  Vol : TEM_bc2_int Skid: 195 Calcul Vol : 700 Color: 145.
2026-05-08 11:57:42  ---------------------------
2026-05-08 11:57:48  Default Volume : TEM_BC2_R34_EXT_new Skid: 195.
2026-05-08 11:57:50  Vol : TEM_BC2_R34_EXT_new Skid: 195 Calcul Vol : 700 Color: 145.
2026-05-08 11:57:50  ---------------------------
2026-05-08 12:15:26  Vol : URUS_PA2_BC2_R34_EXT_2026 Skid: 221 Calcul Vol : 487 Color: 105.
2026-05-08 12:15:26  ---------------------------
2026-05-08 12:23:22 --- Trajectory --- 
2026-05-08 12:23:22 Prog : URUS_PA2_R34_Plastic Skid: 180 Paint : 134.
2026-05-08 12:23:22 ------------------ 
2026-05-08 12:27:14  Vol : URUS_PA2_R34_Plastic Skid: 113 Calcul Vol : 89 Color: 68.
2026-05-08 12:27:14  ---------------------------
2026-05-08 12:31:35  Vol : URUS_PA2_BC2_R34_EXT_2026 Skid: 50 Calcul Vol : 443 Color: 68.
2026-05-08 12:31:35  ---------------------------
2026-05-08 12:32:40 --- Trajectory --- 
2026-05-08 12:32:40 Prog : TEM_bc2_int Skid: 195 Paint : 0.
2026-05-08 12:32:40 ------------------ 
2026-05-08 12:35:08 --- Trajectory --- 
2026-05-08 12:35:08 Prog : TEM_BC2_R34_EXT_new Skid: 195 Paint : 206.
2026-05-08 12:35:09 ------------------ 
2026-05-08 12:43:37  Vol : URUS_PA2_R34_Plastic Skid: 186 Calcul Vol : 72 Color: 105.
2026-05-08 12:43:37  ---------------------------
2026-05-08 12:51:35 --- Trajectory --- 
2026-05-08 12:51:35 Prog : URUS_PA2_BC2_R34_EXT_2026 Skid: 221 Paint : 454.
2026-05-08 12:51:35 ------------------ 
2026-05-08 12:59:05 --- Trajectory --- 
2026-05-08 12:59:05 Prog : URUS_PA2_R34_Plastic Skid: 113 Paint : 134.
2026-05-08 12:59:05 ------------------ 
2026-05-08 13:05:38 --- Trajectory --- 
2026-05-08 13:05:38 Prog : URUS_PA2_BC2_R34_EXT_2026 Skid: 50 Paint : 409.
2026-05-08 13:05:38 ------------------ 
2026-05-08 13:12:13 --- Trajectory --- 
2026-05-08 13:12:13 Prog : URUS_PA2_R34_Plastic Skid: 186 Paint : 86.
2026-05-08 13:12:13 ------------------ 
2026-05-08 13:43:46  Vol : URUS_PA2_R34_Plastic Skid: 42 Calcul Vol : 145 Color: 106.
2026-05-08 13:43:46  ---------------------------
2026-05-08 13:48:47  Vol : URUS_PA2_BC2_R34_EXT_2026 Skid: 122 Calcul Vol : 564 Color: 106.
2026-05-08 13:48:47  ---------------------------
2026-05-08 14:21:10 --- Trajectory --- 
2026-05-08 14:21:10 Prog : URUS_PA2_R34_Plastic Skid: 42 Paint : 143.
2026-05-08 14:21:10 ------------------ 
2026-05-08 14:28:44 --- Trajectory --- 
2026-05-08 14:28:44 Prog : URUS_PA2_BC2_R34_EXT_2026 Skid: 122 Paint : 533.
2026-05-08 14:28:44 ------------------ 
2026-05-08 14:37:34 --- Trajectory --- 
2026-05-08 14:37:34 Prog : URUS_PA2_BC2_R34_EXT_2026 Skid: 122 Paint : 0.
2026-05-08 14:37:34 ------------------ 
2026-05-08 14:58:26 --- Trajectory --- 
2026-05-08 14:58:26 Prog : URUS_PA2_BC2_R34_EXT_2026 Skid: 122 Paint : 0.
2026-05-08 14:58:26 ------------------ 
2026-05-08 15:39:18 --- Trajectory --- 
2026-05-08 15:39:18 Prog : URUS_PA2_BC2_R34_EXT_2026 Skid: 122 Paint : 0.
2026-05-08 15:39:18 ------------------ 
2026-05-08 15:48:12 --- Trajectory --- 
2026-05-08 15:48:12 Prog : URUS_PA2_BC2_R34_EXT_2026 Skid: 122 Paint : 0.
2026-05-08 15:48:12 ------------------ 
2026-05-08 16:01:47 --- Trajectory --- 
2026-05-08 16:01:47 Prog : URUS_PA2_BC2_R34_EXT_2026 Skid: 122 Paint : 0.
2026-05-08 16:01:47 ------------------ 
2026-05-08 16:05:36 --- Trajectory --- 
2026-05-08 16:05:36 Prog : URUS_PA2_BC2_R34_EXT_2026 Skid: 122 Paint : 0.
2026-05-08 16:05:36 ------------------ 
2026-05-08 16:12:02 --- Trajectory --- 
2026-05-08 16:12:02 Prog : URUS_PA2_BC2_R34_EXT_2026 Skid: 122 Paint : 0.
2026-05-08 16:12:02 ------------------ 
2026-05-08 16:18:33 --- Trajectory --- 
2026-05-08 16:18:33 Prog : URUS_PA2_BC2_R34_EXT_2026 Skid: 122 Paint : 0.
2026-05-08 16:18:33 ------------------ 
2026-05-08 16:24:23 --- Trajectory --- 
2026-05-08 16:24:23 Prog : URUS_PA2_BC2_R34_EXT_2026 Skid: 122 Paint : 0.
2026-05-08 16:24:23 ------------------ 
2026-05-08 16:26:25 --- Trajectory --- 
2026-05-08 16:26:25 Prog : URUS_PA2_BC2_R34_EXT_2026 Skid: 122 Paint : 0.
2026-05-08 16:26:25 ------------------ 
2026-05-08 16:36:27 --- Trajectory --- 
2026-05-08 16:36:27 Prog : URUS_PA2_BC2_R34_EXT_2026 Skid: 122 Paint : 0.
2026-05-08 16:36:27 ------------------ 
2026-05-08 16:40:24 --- Trajectory --- 
2026-05-08 16:40:24 Prog : URUS_PA2_BC2_R34_EXT_2026 Skid: 122 Paint : 0.
2026-05-08 16:40:24 ------------------ 
2026-05-08 16:42:58 --- Trajectory --- 
2026-05-08 16:42:58 Prog : URUS_PA2_BC2_R34_EXT_2026 Skid: 122 Paint : 0.
2026-05-08 16:42:58 ------------------ 
2026-05-08 16:51:09 --- Trajectory --- 
2026-05-08 16:51:09 Prog : URUS_PA2_BC2_R34_EXT_2026 Skid: 122 Paint : 0.
2026-05-08 16:51:09 ------------------ 
2026-05-08 17:03:41 --- Trajectory --- 
2026-05-08 17:03:41 Prog : URUS_PA2_BC2_R34_EXT_2026 Skid: 122 Paint : 0.
2026-05-08 17:03:41 ------------------ 
2026-05-08 17:16:15 --- Trajectory --- 
2026-05-08 17:16:15 Prog : URUS_PA2_BC2_R34_EXT_2026 Skid: 122 Paint : 0.
2026-05-08 17:16:15 ------------------ 
2026-05-08 17:22:30 --- Trajectory --- 
2026-05-08 17:22:30 Prog : URUS_PA2_BC2_R34_EXT_2026 Skid: 122 Paint : 0.
2026-05-08 17:22:30 ------------------ 
2026-05-08 17:26:43 --- Trajectory --- 
2026-05-08 17:26:43 Prog : URUS_PA2_BC2_R34_EXT_2026 Skid: 122 Paint : 0.
2026-05-08 17:26:43 ------------------ 
2026-05-08 17:32:56 --- Trajectory --- 
2026-05-08 17:32:56 Prog : URUS_PA2_BC2_R34_EXT_2026 Skid: 122 Paint : 0.
2026-05-08 17:32:56 ------------------ 
2026-05-08 17:37:27 --- Trajectory --- 
2026-05-08 17:37:27 Prog : URUS_PA2_BC2_R34_EXT_2026 Skid: 122 Paint : 0.
2026-05-08 17:37:28 ------------------ 
2026-05-08 17:42:34 --- Trajectory --- 
2026-05-08 17:42:34 Prog : URUS_PA2_BC2_R34_EXT_2026 Skid: 122 Paint : 0.
2026-05-08 17:42:34 ------------------ 
2026-05-08 17:48:02 --- Trajectory --- 
2026-05-08 17:48:02 Prog : URUS_PA2_BC2_R34_EXT_2026 Skid: 122 Paint : 0.
2026-05-08 17:48:02 ------------------ 
2026-05-11 06:13:49  Vol : HURACAN_BC2_R34_Plastic Skid: 157 Calcul Vol : 181 Color: 22.
2026-05-11 06:13:49  ---------------------------
2026-05-11 06:30:16  Vol : URUS_PA2_R34_Plastic Skid: 240 Calcul Vol : 135 Color: 102.
2026-05-11 06:30:16  ---------------------------
2026-05-11 06:35:05 --- Trajectory --- 
2026-05-11 06:35:05 Prog : HURACAN_BC2_R34_Plastic Skid: 157 Paint : 59.
2026-05-11 06:35:05 ------------------ 
2026-05-11 06:38:33  Vol : URUS_PA2_BC2_R34_EXT_2026 Skid: 105 Calcul Vol : 527 Color: 102.
2026-05-11 06:38:33  ---------------------------
2026-05-11 06:42:29  Vol : URUS_PA2_R34_Plastic Skid: 98 Calcul Vol : 68 Color: 20.
2026-05-11 06:42:29  ---------------------------
2026-05-11 06:47:18  Vol : URUS_PA2_BC2_R34_EXT_2026 Skid: 148 Calcul Vol : 383 Color: 20.
2026-05-11 06:47:18  ---------------------------
2026-05-11 06:52:29 --- Trajectory --- 
2026-05-11 06:52:29 Prog : URUS_PA2_R34_Plastic Skid: 240 Paint : 157.
2026-05-11 06:52:29 ------------------ 
2026-05-11 07:01:03 --- Trajectory --- 
2026-05-11 07:01:03 Prog : URUS_PA2_BC2_R34_EXT_2026 Skid: 105 Paint : 496.
2026-05-11 07:01:03 ------------------ 
2026-05-11 07:03:16  Vol : URUS_PA2_R34_Plastic Skid: 64 Calcul Vol : 89 Color: 27.
2026-05-11 07:03:16  ---------------------------
2026-05-11 07:04:37 --- Trajectory --- 
2026-05-11 07:04:37 Prog : URUS_PA2_R34_Plastic Skid: 98 Paint : 134.
2026-05-11 07:04:37 ------------------ 
2026-05-11 07:07:33  Vol : URUS_PA2_BC2_R34_EXT_2026 Skid: 222 Calcul Vol : 664 Color: 27.
2026-05-11 07:07:33  ---------------------------
2026-05-11 07:10:31 --- Trajectory --- 
2026-05-11 07:10:31 Prog : URUS_PA2_BC2_R34_EXT_2026 Skid: 148 Paint : 347.
2026-05-11 07:10:31 ------------------ 
2026-05-11 07:11:20  Vol : URUS_PA2_R34_Plastic Skid: 169 Calcul Vol : 5169 Color: 85.
2026-05-11 07:11:20  ---------------------------
2026-05-11 07:15:13  Vol : HURACAN_BC2_R34_Plastic Skid: 46 Calcul Vol : 245 Color: 9.
2026-05-11 07:15:13  ---------------------------
2026-05-11 07:33:20  Default Volume : TEM_bc2_int Skid: 85.
2026-05-11 07:33:21  Vol : TEM_bc2_int Skid: 85 Calcul Vol : 700 Color: 9.
2026-05-11 07:33:21  ---------------------------
2026-05-11 07:33:27  Default Volume : TEM_BC2_R34_EXT_new Skid: 85.
2026-05-11 07:33:29  Vol : TEM_BC2_R34_EXT_new Skid: 85 Calcul Vol : 700 Color: 9.
2026-05-11 07:33:29  ---------------------------
2026-05-11 07:48:33 --- Trajectory --- 
2026-05-11 07:48:33 Prog : URUS_PA2_R34_Plastic Skid: 64 Paint : 138.
2026-05-11 07:48:33 ------------------ 
2026-05-11 07:55:35 --- Trajectory --- 
2026-05-11 07:55:35 Prog : URUS_PA2_BC2_R34_EXT_2026 Skid: 222 Paint : 636.
2026-05-11 07:55:35 ------------------ 
2026-05-11 07:58:25  Vol : URUS_PA2_BC2_R34_EXT_2026 Skid: 24 Calcul Vol : 508 Color: 11.
2026-05-11 07:58:25  ---------------------------
2026-05-11 08:01:52 --- Trajectory --- 
2026-05-11 08:01:52 Prog : URUS_PA2_R34_Plastic Skid: 169 Paint : 207.
2026-05-11 08:01:52 ------------------ 
2026-05-11 08:04:44 --- Trajectory --- 
2026-05-11 08:04:44 Prog : HURACAN_BC2_R34_Plastic Skid: 46 Paint : 61.
2026-05-11 08:04:44 ------------------ 
2026-05-11 08:09:01 --- Trajectory --- 
2026-05-11 08:09:01 Prog : TEM_bc2_int Skid: 85 Paint : 0.
2026-05-11 08:09:01 ------------------ 
2026-05-11 08:11:32 --- Trajectory --- 
2026-05-11 08:11:32 Prog : TEM_BC2_R34_EXT_new Skid: 85 Paint : 211.
2026-05-11 08:11:32 ------------------ 
2026-05-11 08:24:54  Vol : URUS_PA2_R34_Plastic Skid: 253 Calcul Vol : 5975 Color: 27.
2026-05-11 08:24:54  ---------------------------
2026-05-11 08:30:07  Vol : URUS_PA2_BC2_R34_EXT_2026 Skid: 49 Calcul Vol : 664 Color: 27.
2026-05-11 08:30:07  ---------------------------
2026-05-11 08:33:06 --- Trajectory --- 
2026-05-11 08:33:06 Prog : URUS_PA2_BC2_R34_EXT_2026 Skid: 24 Paint : 476.
2026-05-11 08:33:06 ------------------ 
2026-05-11 08:41:42  Vol : URUS_PA2_R34_Plastic Skid: 113 Calcul Vol : 88 Color: 69.
2026-05-11 08:41:42  ---------------------------
2026-05-11 08:45:12  Vol : URUS_PA2_BC2_R34_EXT_2026 Skid: 50 Calcul Vol : 418 Color: 69.
2026-05-11 08:45:12  ---------------------------
2026-05-11 08:58:46 --- Trajectory --- 
2026-05-11 08:58:47 Prog : URUS_PA2_R34_Plastic Skid: 253 Paint : 245.
2026-05-11 08:58:47 ------------------ 
2026-05-11 09:08:01  Vol : URUS_PA2_BC2_R34_EXT_2026 Skid: 49 Calcul Vol : 664 Color: 27.
2026-05-11 09:08:01  ---------------------------
2026-05-11 09:08:57 --- Trajectory --- 
2026-05-11 09:08:57 Prog : URUS_PA2_R34_Plastic Skid: 113 Paint : 117.
2026-05-11 09:08:57 ------------------ 
2026-05-11 09:21:35 --- Trajectory --- 
2026-05-11 09:21:35 Prog : URUS_PA2_BC2_R34_EXT_2026 Skid: 50 Paint : 384.
2026-05-11 09:21:35 ------------------ 
2026-05-11 09:40:59  Vol : HURACAN_BC2_R34_Plastic Skid: 234 Calcul Vol : 373 Color: 62.
2026-05-11 09:40:59  ---------------------------
2026-05-11 09:43:53 --- Trajectory --- 
2026-05-11 09:43:53 Prog : URUS_PA2_BC2_R34_EXT_2026 Skid: 49 Paint : 636.
2026-05-11 09:43:53 ------------------ 
2026-05-11 09:46:28  Default Volume : TEM_bc2_int Skid: 166.
2026-05-11 09:46:30  Vol : TEM_bc2_int Skid: 166 Calcul Vol : 700 Color: 62.
2026-05-11 09:46:30  ---------------------------
2026-05-11 09:46:36  Default Volume : TEM_BC2_R34_EXT_new Skid: 166.
2026-05-11 09:46:37  Vol : TEM_BC2_R34_EXT_new Skid: 166 Calcul Vol : 700 Color: 62.
2026-05-11 09:46:37  ---------------------------
2026-05-11 09:54:39  Vol : URUS_PA2_BC2_R34_EXT_2026 Skid: 210 Calcul Vol : 509 Color: 11.
2026-05-11 09:54:39  ---------------------------
2026-05-11 10:09:53 --- Trajectory --- 
2026-05-11 10:09:53 Prog : HURACAN_BC2_R34_Plastic Skid: 234 Paint : 97.
2026-05-11 10:09:53 ------------------ 
2026-05-11 10:22:57 --- Trajectory --- 
2026-05-11 10:22:57 Prog : TEM_bc2_int Skid: 166 Paint : 0.
2026-05-11 10:22:57 ------------------ 
2026-05-11 10:24:45  Vol : URUS_PA2_BC2_R34_EXT_2026 Skid: 20 Calcul Vol : 526 Color: 16.
2026-05-11 10:24:45  ---------------------------
2026-05-11 10:25:29 --- Trajectory --- 
2026-05-11 10:25:29 Prog : TEM_BC2_R34_EXT_new Skid: 166 Paint : 268.
2026-05-11 10:25:29 ------------------ 
2026-05-11 10:34:36 --- Trajectory --- 
2026-05-11 10:34:36 Prog : URUS_PA2_BC2_R34_EXT_2026 Skid: 210 Paint : 476.
2026-05-11 10:34:36 ------------------ 
2026-05-11 10:53:25  Vol : URUS_PA2_BC2_R34_EXT_2026 Skid: 37 Calcul Vol : 527 Color: 102.
2026-05-11 10:53:25  ---------------------------
2026-05-11 11:04:40  Vol : URUS_PA2_R34_Plastic Skid: 186 Calcul Vol : 135 Color: 102.
2026-05-11 11:04:40  ---------------------------
2026-05-11 11:10:11  Vol : URUS_PA2_BC2_R34_EXT_2026 Skid: 145 Calcul Vol : 22195 Color: 11.
2026-05-11 11:10:11  ---------------------------
2026-05-11 11:18:39  Vol : URUS_PA2_BC2_R34_EXT_2026 Skid: 158 Calcul Vol : 508 Color: 11.
2026-05-11 11:18:39  ---------------------------
2026-05-11 11:20:18 --- Trajectory --- 
2026-05-11 11:20:18 Prog : URUS_PA2_BC2_R34_EXT_2026 Skid: 20 Paint : 493.
2026-05-11 11:20:18 ------------------ 
2026-05-11 11:23:53  Default Volume : TEM_bc2_int Skid: 230.
2026-05-11 11:23:55  Vol : TEM_bc2_int Skid: 230 Calcul Vol : 700 Color: 85.
2026-05-11 11:23:55  ---------------------------
2026-05-11 11:24:01  Default Volume : TEM_BC2_R34_EXT_new Skid: 230.
2026-05-11 11:24:03  Vol : TEM_BC2_R34_EXT_new Skid: 230 Calcul Vol : 700 Color: 85.
2026-05-11 11:24:03  ---------------------------
2026-05-11 11:28:35  Vol : HURACAN_BC2_R34_Plastic Skid: 39 Calcul Vol : 142 Color: 29.
2026-05-11 11:28:35  ---------------------------
2026-05-11 11:31:23 --- Trajectory --- 
2026-05-11 11:31:23 Prog : URUS_PA2_BC2_R34_EXT_2026 Skid: 37 Paint : 495.
2026-05-11 11:31:23 ------------------ 
2026-05-11 11:34:10  Default Volume : TEM_bc2_int Skid: 149.
2026-05-11 11:34:11  Vol : TEM_bc2_int Skid: 149 Calcul Vol : 700 Color: 29.
2026-05-11 11:34:11  ---------------------------
2026-05-11 11:34:18  Default Volume : TEM_BC2_R34_EXT_new Skid: 149.
2026-05-11 11:34:19  Vol : TEM_BC2_R34_EXT_new Skid: 149 Calcul Vol : 700 Color: 29.
2026-05-11 11:34:19  ---------------------------
2026-05-11 11:34:21 --- Trajectory --- 
2026-05-11 11:34:21 Prog : URUS_PA2_R34_Plastic Skid: 186 Paint : 157.
2026-05-11 11:34:21 ------------------ 
2026-05-11 11:40:09 --- Trajectory --- 
2026-05-11 11:40:09 Prog : URUS_PA2_BC2_R34_EXT_2026 Skid: 145 Paint : 437.
2026-05-11 11:40:09 ------------------ 
2026-05-11 11:55:49 --- Trajectory --- 
2026-05-11 11:55:49 Prog : URUS_PA2_BC2_R34_EXT_2026 Skid: 158 Paint : 476.
2026-05-11 11:55:49 ------------------ 
2026-05-11 11:58:41 --- Trajectory --- 
2026-05-11 11:58:41 Prog : TEM_bc2_int Skid: 230 Paint : 0.
2026-05-11 11:58:41 ------------------ 
2026-05-11 12:01:13 --- Trajectory --- 
2026-05-11 12:01:13 Prog : TEM_BC2_R34_EXT_new Skid: 230 Paint : 208.
2026-05-11 12:01:13 ------------------ 
2026-05-11 12:03:17 --- Trajectory --- 
2026-05-11 12:03:17 Prog : HURACAN_BC2_R34_Plastic Skid: 39 Paint : 26.
2026-05-11 12:03:17 ------------------ 
2026-05-11 12:07:34 --- Trajectory --- 
2026-05-11 12:07:35 Prog : TEM_bc2_int Skid: 149 Paint : 0.
2026-05-11 12:07:35 ------------------ 
2026-05-11 12:10:03 --- Trajectory --- 
2026-05-11 12:10:03 Prog : TEM_BC2_R34_EXT_new Skid: 149 Paint : 139.
2026-05-11 12:10:03 ------------------ 
2026-05-11 12:25:34  Default Volume : TEM_bc2_int Skid: 216.
2026-05-11 12:25:36  Vol : TEM_bc2_int Skid: 216 Calcul Vol : 700 Color: 22.
2026-05-11 12:25:36  ---------------------------
2026-05-11 12:25:42  Default Volume : TEM_BC2_R34_EXT_new Skid: 216.
2026-05-11 12:25:43  Vol : TEM_BC2_R34_EXT_new Skid: 216 Calcul Vol : 700 Color: 22.
2026-05-11 12:25:43  ---------------------------
2026-05-11 12:30:04  Vol : URUS_PA2_R34_Plastic Skid: 2 Calcul Vol : 87 Color: 55.
2026-05-11 12:30:04  ---------------------------
2026-05-11 12:33:37  Vol : URUS_PA2_BC2_R34_EXT_2026 Skid: 5 Calcul Vol : 12099 Color: 55.
2026-05-11 12:33:37  ---------------------------
2026-05-11 12:46:20  Vol : HURACAN_BC2_R34_Plastic Skid: 97 Calcul Vol : 162 Color: 15.
2026-05-11 12:46:20  ---------------------------
2026-05-11 12:48:12 --- Trajectory --- 
2026-05-11 12:48:12 Prog : TEM_bc2_int Skid: 216 Paint : 0.
2026-05-11 12:48:12 ------------------ 
2026-05-11 12:48:35 --- Trajectory --- 
2026-05-11 12:48:35 Prog : TEM_BC2_R34_EXT_new Skid: 216 Paint : 0.
2026-05-11 12:48:35 ------------------ 
2026-05-11 12:54:08 --- Trajectory --- 
2026-05-11 12:54:08 Prog : URUS_PA2_R34_Plastic Skid: 2 Paint : 165.
2026-05-11 12:54:08 ------------------ 
2026-05-11 12:59:50 --- Trajectory --- 
2026-05-11 12:59:50 Prog : URUS_PA2_BC2_R34_EXT_2026 Skid: 5 Paint : 352.
2026-05-11 12:59:50 ------------------ 
2026-05-11 13:09:46 --- Trajectory --- 
2026-05-11 13:09:47 Prog : HURACAN_BC2_R34_Plastic Skid: 97 Paint : 0.
2026-05-11 13:09:47 ------------------ 
2026-05-11 13:51:14  Default Volume : TEM_bc2_int Skid: 79.
2026-05-11 13:51:15  Vol : TEM_bc2_int Skid: 79 Calcul Vol : 700 Color: 15.
2026-05-11 13:51:15  ---------------------------
2026-05-11 13:51:21  Default Volume : TEM_BC2_R34_EXT_new Skid: 79.
2026-05-11 13:51:23  Vol : TEM_BC2_R34_EXT_new Skid: 79 Calcul Vol : 700 Color: 15.
2026-05-11 13:51:23  ---------------------------
2026-05-11 14:00:43  Vol : HURACAN_BC2_R34_Plastic Skid: 45 Calcul Vol : 229 Color: 145.
2026-05-11 14:00:43  ---------------------------
2026-05-11 14:05:40  Default Volume : TEM_bc2_int Skid: 204.
2026-05-11 14:05:41  Vol : TEM_bc2_int Skid: 204 Calcul Vol : 700 Color: 145.
2026-05-11 14:05:41  ---------------------------
2026-05-11 14:05:47  Default Volume : TEM_BC2_R34_EXT_new Skid: 204.
2026-05-11 14:05:49  Vol : TEM_BC2_R34_EXT_new Skid: 204 Calcul Vol : 700 Color: 145.
2026-05-11 14:05:49  ---------------------------
2026-05-11 14:23:15 --- Trajectory --- 
2026-05-11 14:23:15 Prog : TEM_bc2_int Skid: 79 Paint : 0.
2026-05-11 14:23:15 ------------------ 
2026-05-11 14:25:36 --- Trajectory --- 
2026-05-11 14:25:36 Prog : TEM_BC2_R34_EXT_new Skid: 79 Paint : 103.
2026-05-11 14:25:36 ------------------ 
2026-05-11 14:33:23 --- Trajectory --- 
2026-05-11 14:33:23 Prog : HURACAN_BC2_R34_Plastic Skid: 45 Paint : 57.
2026-05-11 14:33:23 ------------------ 
2026-05-11 14:42:14 --- Trajectory --- 
2026-05-11 14:42:14 Prog : TEM_bc2_int Skid: 204 Paint : 0.
2026-05-11 14:42:14 ------------------ 
2026-05-11 14:44:44 --- Trajectory --- 
2026-05-11 14:44:44 Prog : TEM_BC2_R34_EXT_new Skid: 204 Paint : 206.
2026-05-11 14:44:44 ------------------ 
2026-05-11 14:54:54  Vol : URUS_PA2_BC2_R34_EXT_2026 Skid: 133 Calcul Vol : 453 Color: 9.
2026-05-11 14:54:54  ---------------------------
2026-05-11 15:29:03 --- Trajectory --- 
2026-05-11 15:29:03 Prog : URUS_PA2_BC2_R34_EXT_2026 Skid: 133 Paint : 419.
2026-05-11 15:29:03 ------------------ 
2026-05-11 15:30:37  Default Volume : TEM_bc2_int Skid: 195.
2026-05-11 15:30:39  Vol : TEM_bc2_int Skid: 195 Calcul Vol : 700 Color: 146.
2026-05-11 15:30:39  ---------------------------
2026-05-11 15:30:45  Default Volume : TEM_BC2_R34_EXT_new Skid: 195.
2026-05-11 15:30:46  Vol : TEM_BC2_R34_EXT_new Skid: 195 Calcul Vol : 700 Color: 146.
2026-05-11 15:30:46  ---------------------------
2026-05-11 15:44:42  Vol : URUS_PA2_R34_Plastic Skid: 240 Calcul Vol : 82 Color: 62.
2026-05-11 15:44:42  ---------------------------
2026-05-11 15:53:26  Vol : URUS_PA2_BC2_R34_EXT_2026 Skid: 134 Calcul Vol : 553 Color: 112.
2026-05-11 15:53:26  ---------------------------
2026-05-11 16:00:43  Vol : URUS_PA2_R34_Plastic Skid: 36 Calcul Vol : 112 Color: 112.
2026-05-11 16:00:43  ---------------------------
2026-05-11 16:10:48 --- Trajectory --- 
2026-05-11 16:10:48 Prog : TEM_bc2_int Skid: 195 Paint : 0.
2026-05-11 16:10:48 ------------------ 
2026-05-11 16:11:39  Default Volume : TEM_bc2_int Skid: 245.
2026-05-11 16:11:40  Vol : TEM_bc2_int Skid: 245 Calcul Vol : 700 Color: 53.
2026-05-11 16:11:40  ---------------------------
2026-05-11 16:11:46  Default Volume : TEM_BC2_R34_EXT_new Skid: 245.
2026-05-11 16:11:48  Vol : TEM_BC2_R34_EXT_new Skid: 245 Calcul Vol : 700 Color: 53.
2026-05-11 16:11:48  ---------------------------
2026-05-11 16:13:17 --- Trajectory --- 
2026-05-11 16:13:17 Prog : TEM_BC2_R34_EXT_new Skid: 195 Paint : 206.
2026-05-11 16:13:17 ------------------ 
2026-05-11 16:13:43  Vol : HURACAN_BC2_R34_Plastic Skid: 71 Calcul Vol : 208 Color: 53.
2026-05-11 16:13:43  ---------------------------
2026-05-11 16:16:15 --- Trajectory --- 
2026-05-11 16:16:15 Prog : URUS_PA2_R34_Plastic Skid: 240 Paint : 183.
2026-05-11 16:16:15 ------------------ 
2026-05-11 16:24:21  Default Volume : TEM_bc2_int Skid: 57.
2026-05-11 16:24:22  Vol : TEM_bc2_int Skid: 57 Calcul Vol : 700 Color: 34.
2026-05-11 16:24:22  ---------------------------
2026-05-11 16:24:28  Default Volume : TEM_BC2_R34_EXT_new Skid: 57.
2026-05-11 16:24:30  Vol : TEM_BC2_R34_EXT_new Skid: 57 Calcul Vol : 700 Color: 34.
2026-05-11 16:24:30  ---------------------------
2026-05-11 16:27:01 --- Trajectory --- 
2026-05-11 16:27:01 Prog : URUS_PA2_BC2_R34_EXT_2026 Skid: 134 Paint : 522.
2026-05-11 16:27:01 ------------------ 
2026-05-11 16:27:47  Vol : HURACAN_BC2_R34_Plastic Skid: 46 Calcul Vol : 154 Color: 34.
2026-05-11 16:27:47  ---------------------------
2026-05-11 16:29:57 --- Trajectory --- 
2026-05-11 16:29:57 Prog : URUS_PA2_R34_Plastic Skid: 36 Paint : 174.
2026-05-11 16:29:57 ------------------ 
2026-05-11 16:38:48 --- Trajectory --- 
2026-05-11 16:38:48 Prog : TEM_bc2_int Skid: 245 Paint : 0.
2026-05-11 16:38:48 ------------------ 
2026-05-11 16:38:49  Vol : URUS_PA2_R34_Plastic Skid: 101 Calcul Vol : 87 Color: 55.
2026-05-11 16:38:49  ---------------------------
2026-05-11 16:41:17 --- Trajectory --- 
2026-05-11 16:41:17 Prog : TEM_BC2_R34_EXT_new Skid: 245 Paint : 195.
2026-05-11 16:41:17 ------------------ 
2026-05-11 16:43:05 --- Trajectory --- 
2026-05-11 16:43:05 Prog : HURACAN_BC2_R34_Plastic Skid: 71 Paint : 46.
2026-05-11 16:43:05 ------------------ 
2026-05-11 16:44:13  Vol : URUS_PA2_BC2_R34_EXT_2026 Skid: 14 Calcul Vol : 12097 Color: 55.
2026-05-11 16:44:13  ---------------------------
2026-05-11 16:58:41  Vol : URUS_PA2_BC2_R34_EXT_2026 Skid: 152 Calcul Vol : 482 Color: 62.
2026-05-11 16:58:41  ---------------------------
2026-05-11 17:16:30 --- Trajectory --- 
2026-05-11 17:16:30 Prog : HURACAN_BC2_R34_Plastic Skid: 46 Paint : 36.
2026-05-11 17:16:30 ------------------ 
2026-05-11 17:21:15  Default Volume : TEM_bc2_int Skid: 57.
2026-05-11 17:21:16  Vol : TEM_bc2_int Skid: 57 Calcul Vol : 700 Color: 34.
2026-05-11 17:21:16  ---------------------------
2026-05-11 17:21:22  Default Volume : TEM_BC2_R34_EXT_new Skid: 57.
2026-05-11 17:21:24  Vol : TEM_BC2_R34_EXT_new Skid: 57 Calcul Vol : 700 Color: 34.
2026-05-11 17:21:24  ---------------------------
2026-05-11 17:23:33 --- Trajectory --- 
2026-05-11 17:23:33 Prog : URUS_PA2_R34_Plastic Skid: 101 Paint : 165.
2026-05-11 17:23:33 ------------------ 
2026-05-11 17:25:16  Default Volume : TEM_bc2_int Skid: 85.
2026-05-11 17:25:18  Vol : TEM_bc2_int Skid: 85 Calcul Vol : 700 Color: 9.
2026-05-11 17:25:18  ---------------------------
2026-05-11 17:25:24  Default Volume : TEM_BC2_R34_EXT_new Skid: 85.
2026-05-11 17:25:25  Vol : TEM_BC2_R34_EXT_new Skid: 85 Calcul Vol : 700 Color: 9.
2026-05-11 17:25:25  ---------------------------
2026-05-11 17:41:59 --- Trajectory --- 
2026-05-11 17:41:59 Prog : URUS_PA2_BC2_R34_EXT_2026 Skid: 14 Paint : 352.
2026-05-11 17:41:59 ------------------ 
2026-05-11 17:51:00 --- Trajectory --- 
2026-05-11 17:51:00 Prog : URUS_PA2_BC2_R34_EXT_2026 Skid: 152 Paint : 446.
2026-05-11 17:51:00 ------------------ 
2026-05-11 17:56:57  Vol : HURACAN_BC2_R34_Plastic Skid: 157 Calcul Vol : 280 Color: 13.
2026-05-11 17:56:57  ---------------------------
2026-05-11 17:57:15 --- Trajectory --- 
2026-05-11 17:57:15 Prog : TEM_bc2_int Skid: 57 Paint : 0.
2026-05-11 17:57:15 ------------------ 
2026-05-11 17:59:44 --- Trajectory --- 
2026-05-11 17:59:44 Prog : TEM_BC2_R34_EXT_new Skid: 57 Paint : 140.
2026-05-11 17:59:44 ------------------ 
2026-05-11 18:00:49 --- Trajectory --- 
2026-05-11 18:00:49 Prog : TEM_bc2_int Skid: 85 Paint : 0.
2026-05-11 18:00:49 ------------------ 
2026-05-11 18:01:42 --- Trajectory --- 
2026-05-11 18:01:42 Prog : TEM_BC2_R34_EXT_new Skid: 85 Paint : 56.
2026-05-11 18:01:42 ------------------ 
2026-05-11 18:01:56  Default Volume : TEM_bc2_int Skid: 172.
2026-05-11 18:01:58  Vol : TEM_bc2_int Skid: 172 Calcul Vol : 700 Color: 13.
2026-05-11 18:01:58  ---------------------------
2026-05-11 18:02:04  Default Volume : TEM_BC2_R34_EXT_new Skid: 172.
2026-05-11 18:02:05  Vol : TEM_BC2_R34_EXT_new Skid: 172 Calcul Vol : 700 Color: 13.
2026-05-11 18:02:05  ---------------------------
2026-05-11 18:20:07 --- Trajectory --- 
2026-05-11 18:20:07 Prog : HURACAN_BC2_R34_Plastic Skid: 157 Paint : 70.
2026-05-11 18:20:07 ------------------ 
2026-05-11 18:24:46 --- Trajectory --- 
2026-05-11 18:24:46 Prog : TEM_bc2_int Skid: 172 Paint : 0.
2026-05-11 18:24:46 ------------------ 
2026-05-11 18:27:15 --- Trajectory --- 
2026-05-11 18:27:15 Prog : TEM_BC2_R34_EXT_new Skid: 172 Paint : 251.
2026-05-11 18:27:15 ------------------ 
2026-05-11 18:27:23  Vol : URUS_PA2_R34_Plastic Skid: 180 Calcul Vol : 68 Color: 20.
2026-05-11 18:27:23  ---------------------------
2026-05-11 18:38:48  Vol : URUS_PA2_BC2_R34_EXT_2026 Skid: 233 Calcul Vol : 383 Color: 20.
2026-05-11 18:38:48  ---------------------------
2026-05-11 18:44:11  Default Volume : TEM_bc2_int Skid: 176.
2026-05-11 18:44:13  Vol : TEM_bc2_int Skid: 176 Calcul Vol : 700 Color: 16.
2026-05-11 18:44:13  ---------------------------
2026-05-11 18:44:19  Default Volume : TEM_BC2_R34_EXT_new Skid: 176.
2026-05-11 18:44:21  Vol : TEM_BC2_R34_EXT_new Skid: 176 Calcul Vol : 700 Color: 16.
2026-05-11 18:44:21  ---------------------------
2026-05-11 18:56:54 --- Trajectory --- 
2026-05-11 18:56:54 Prog : URUS_PA2_R34_Plastic Skid: 180 Paint : 118.
2026-05-11 18:56:54 ------------------ 
2026-05-11 19:02:42 --- Trajectory --- 
2026-05-11 19:02:42 Prog : URUS_PA2_BC2_R34_EXT_2026 Skid: 233 Paint : 347.
2026-05-11 19:02:42 ------------------ 
2026-05-11 19:06:46 --- Trajectory --- 
2026-05-11 19:06:46 Prog : TEM_bc2_int Skid: 176 Paint : 0.
2026-05-11 19:06:46 ------------------ 
2026-05-11 19:08:55 --- Trajectory --- 
2026-05-11 19:08:55 Prog : TEM_BC2_R34_EXT_new Skid: 176 Paint : 124.
2026-05-11 19:08:55 ------------------ 
2026-05-11 19:24:32  Vol : URUS_PA2_BC2_R34_EXT_2026 Skid: 81 Calcul Vol : 553 Color: 54.
2026-05-11 19:24:32  ---------------------------
2026-05-11 19:37:06  Vol : URUS_PA2_R34_Plastic Skid: 253 Calcul Vol : 6527 Color: 54.
2026-05-11 19:37:06  ---------------------------
2026-05-11 19:48:06 --- Trajectory --- 
2026-05-11 19:48:06 Prog : URUS_PA2_BC2_R34_EXT_2026 Skid: 81 Paint : 522.
2026-05-11 19:48:06 ------------------ 
2026-05-11 20:14:09 --- Trajectory --- 
2026-05-11 20:14:09 Prog : URUS_PA2_R34_Plastic Skid: 253 Paint : 278.
2026-05-11 20:14:09 ------------------ 
2026-05-11 21:11:13  Vol : URUS_PA2_R34_Plastic Skid: 101 Calcul Vol : 120 Color: 56.
2026-05-11 21:11:13  ---------------------------
2026-05-11 21:13:51  Vol : URUS_PA2_BC2_R34_EXT_2026 Skid: 14 Calcul Vol : 18838 Color: 56.
2026-05-11 21:13:51  ---------------------------
2026-05-11 21:32:49  Vol : URUS_PA2_R34_Plastic Skid: 36 Calcul Vol : 101 Color: 113.
2026-05-11 21:32:49  ---------------------------
2026-05-11 21:34:37 --- Trajectory --- 
2026-05-11 21:34:37 Prog : URUS_PA2_R34_Plastic Skid: 101 Paint : 107.
2026-05-11 21:34:37 ------------------ 
2026-05-11 21:37:42  Vol : URUS_PA2_BC2_R34_EXT_2026 Skid: 134 Calcul Vol : 738 Color: 113.
2026-05-11 21:37:42  ---------------------------
2026-05-11 21:39:40 --- Trajectory --- 
2026-05-11 21:39:40 Prog : URUS_PA2_BC2_R34_EXT_2026 Skid: 14 Paint : 402.
2026-05-11 21:39:40 ------------------ 
2026-05-11 21:46:17  Vol : HURACAN_BC2_R34_Plastic Skid: 46 Calcul Vol : 224 Color: 35.
2026-05-11 21:46:17  ---------------------------
2026-05-11 21:50:49  Default Volume : TEM_bc2_int Skid: 57.
2026-05-11 21:50:50  Vol : TEM_bc2_int Skid: 57 Calcul Vol : 700 Color: 35.
2026-05-11 21:50:50  ---------------------------
2026-05-11 21:50:57  Default Volume : TEM_BC2_R34_EXT_new Skid: 57.
2026-05-11 21:50:58  Vol : TEM_BC2_R34_EXT_new Skid: 57 Calcul Vol : 700 Color: 35.
2026-05-11 21:50:58  ---------------------------
2026-05-11 21:58:44 --- Trajectory --- 
2026-05-11 21:58:44 Prog : URUS_PA2_R34_Plastic Skid: 36 Paint : 240.
2026-05-11 21:58:44 ------------------ 
2026-05-11 22:03:48 --- Trajectory --- 
2026-05-11 22:03:48 Prog : URUS_PA2_BC2_R34_EXT_2026 Skid: 134 Paint : 713.
2026-05-11 22:03:48 ------------------ 
2026-05-11 22:11:27 --- Trajectory --- 
2026-05-11 22:11:27 Prog : HURACAN_BC2_R34_Plastic Skid: 46 Paint : 52.
2026-05-11 22:11:27 ------------------ 
2026-05-11 22:16:33  Vol : HURACAN_BC2_R34_Plastic Skid: 164 Calcul Vol : 0 Color: 85.
2026-05-11 22:16:33  ---------------------------
2026-05-11 22:17:32 --- Trajectory --- 
2026-05-11 22:17:32 Prog : TEM_bc2_int Skid: 57 Paint : 0.
2026-05-11 22:17:32 ------------------ 
2026-05-11 22:20:01 --- Trajectory --- 
2026-05-11 22:20:01 Prog : TEM_BC2_R34_EXT_new Skid: 57 Paint : 184.
2026-05-11 22:20:01 ------------------ 
2026-05-11 22:29:28  Vol : URUS_PA2_R34_Plastic Skid: 197 Calcul Vol : 7716 Color: 86.
2026-05-11 22:29:28  ---------------------------
2026-05-11 23:00:20 --- Trajectory --- 
2026-05-11 23:00:20 Prog : HURACAN_BC2_R34_Plastic Skid: 164 Paint : 0.
2026-05-11 23:00:20 ------------------ 
2026-05-11 23:12:31 --- Trajectory --- 
2026-05-11 23:12:31 Prog : URUS_PA2_R34_Plastic Skid: 197 Paint : 339.
2026-05-11 23:12:31 ------------------ 
2026-05-11 23:13:19  Vol : HURACAN_BC2_R34_Plastic Skid: 110 Calcul Vol : 239 Color: 25.
2026-05-11 23:13:19  ---------------------------
2026-05-11 23:44:04  Default Volume : TEM_bc2_int Skid: 166.
2026-05-11 23:44:05  Vol : TEM_bc2_int Skid: 166 Calcul Vol : 700 Color: 62.
2026-05-11 23:44:05  ---------------------------
2026-05-11 23:44:11  Default Volume : TEM_BC2_R34_EXT_new Skid: 166.
2026-05-11 23:44:13  Vol : TEM_BC2_R34_EXT_new Skid: 166 Calcul Vol : 700 Color: 62.
2026-05-11 23:44:13  ---------------------------
2026-05-11 23:48:22 --- Trajectory --- 
2026-05-11 23:48:22 Prog : HURACAN_BC2_R34_Plastic Skid: 110 Paint : 55.
2026-05-11 23:48:22 ------------------ 
2026-05-11 23:50:47  Vol : URUS_PA2_BC2_R34_EXT_2026 Skid: 220 Calcul Vol : 508 Color: 11.
2026-05-11 23:50:47  ---------------------------
2026-05-12 00:02:47  Vol : URUS_PA2_R34_Plastic Skid: 2 Calcul Vol : 87 Color: 55.
2026-05-12 00:02:47  ---------------------------
2026-05-12 00:06:31  Default Volume : TEM_bc2_int Skid: 202.
2026-05-12 00:06:33  Vol : TEM_bc2_int Skid: 202 Calcul Vol : 700 Color: 25.
2026-05-12 00:06:33  ---------------------------
2026-05-12 00:06:39  Default Volume : TEM_BC2_R34_EXT_new Skid: 202.
2026-05-12 00:06:40  Vol : TEM_BC2_R34_EXT_new Skid: 202 Calcul Vol : 700 Color: 25.
2026-05-12 00:06:40  ---------------------------
2026-05-12 00:09:13 --- Trajectory --- 
2026-05-12 00:09:13 Prog : TEM_bc2_int Skid: 166 Paint : 0.
2026-05-12 00:09:13 ------------------ 
2026-05-12 00:10:10  Vol : URUS_PA2_BC2_R34_EXT_2026 Skid: 126 Calcul Vol : 406 Color: 86.
2026-05-12 00:10:10  ---------------------------
2026-05-12 00:11:42 --- Trajectory --- 
2026-05-12 00:11:42 Prog : TEM_BC2_R34_EXT_new Skid: 166 Paint : 268.
2026-05-12 00:11:42 ------------------ 
2026-05-12 00:15:51 --- Trajectory --- 
2026-05-12 00:15:51 Prog : URUS_PA2_BC2_R34_EXT_2026 Skid: 220 Paint : 476.
2026-05-12 00:15:51 ------------------ 
2026-05-12 00:20:01  Default Volume : TEM_bc2_int Skid: 85.
2026-05-12 00:20:02  Vol : TEM_bc2_int Skid: 85 Calcul Vol : 700 Color: 9.
2026-05-12 00:20:02  ---------------------------
2026-05-12 00:20:09  Default Volume : TEM_BC2_R34_EXT_new Skid: 85.
2026-05-12 00:20:10  Vol : TEM_BC2_R34_EXT_new Skid: 85 Calcul Vol : 700 Color: 9.
2026-05-12 00:20:10  ---------------------------
2026-05-12 00:24:56 --- Trajectory --- 
2026-05-12 00:24:56 Prog : URUS_PA2_R34_Plastic Skid: 2 Paint : 0.
2026-05-12 00:24:56 ------------------ 
2026-05-12 00:30:25  Vol : URUS_PA2_BC2_R34_EXT_2026 Skid: 103 Calcul Vol : 403 Color: 15.
2026-05-12 00:30:25  ---------------------------
2026-05-12 00:36:20 --- Trajectory --- 
2026-05-12 00:36:20 Prog : TEM_bc2_int Skid: 202 Paint : 0.
2026-05-12 00:36:20 ------------------ 
2026-05-12 00:38:49 --- Trajectory --- 
2026-05-12 00:38:49 Prog : TEM_BC2_R34_EXT_new Skid: 202 Paint : 268.
2026-05-12 00:38:49 ------------------ 
2026-05-12 00:43:00 --- Trajectory --- 
2026-05-12 00:43:00 Prog : URUS_PA2_BC2_R34_EXT_2026 Skid: 126 Paint : 371.
2026-05-12 00:43:00 ------------------ 
2026-05-12 00:51:37 --- Trajectory --- 
2026-05-12 00:51:37 Prog : TEM_bc2_int Skid: 85 Paint : 0.
2026-05-12 00:51:37 ------------------ 
2026-05-12 00:54:29 --- Trajectory --- 
2026-05-12 00:54:29 Prog : TEM_BC2_R34_EXT_new Skid: 85 Paint : 158.
2026-05-12 00:54:29 ------------------ 
2026-05-12 00:54:32  Vol : URUS_PA2_R34_Plastic Skid: 240 Calcul Vol : 116 Color: 50.
2026-05-12 00:54:32  ---------------------------
2026-05-12 01:03:27 --- Trajectory --- 
2026-05-12 01:03:27 Prog : URUS_PA2_BC2_R34_EXT_2026 Skid: 103 Paint : 368.
2026-05-12 01:03:27 ------------------ 
2026-05-12 01:14:32  Vol : URUS_PA2_BC2_R34_EXT_2026 Skid: 119 Calcul Vol : 508 Color: 11.
2026-05-12 01:14:32  ---------------------------
2026-05-12 01:18:50 --- Trajectory --- 
2026-05-12 01:18:50 Prog : URUS_PA2_R34_Plastic Skid: 240 Paint : 158.
2026-05-12 01:18:50 ------------------ 
2026-05-12 01:19:43  Vol : HURACAN_BC2_R34_Plastic Skid: 236 Calcul Vol : 225 Color: 27.
2026-05-12 01:19:43  ---------------------------
2026-05-12 01:23:21  Default Volume : TEM_bc2_int Skid: 150.
2026-05-12 01:23:23  Vol : TEM_bc2_int Skid: 150 Calcul Vol : 700 Color: 27.
2026-05-12 01:23:23  ---------------------------
2026-05-12 01:23:29  Default Volume : TEM_BC2_R34_EXT_new Skid: 150.
2026-05-12 01:23:30  Vol : TEM_BC2_R34_EXT_new Skid: 150 Calcul Vol : 700 Color: 27.
2026-05-12 01:23:30  ---------------------------
2026-05-12 01:28:57  Default Volume : TEM_bc2_int Skid: 176.
2026-05-12 01:28:59  Vol : TEM_bc2_int Skid: 176 Calcul Vol : 700 Color: 16.
2026-05-12 01:28:59  ---------------------------
2026-05-12 01:29:05  Default Volume : TEM_BC2_R34_EXT_new Skid: 176.
2026-05-12 01:29:06  Vol : TEM_BC2_R34_EXT_new Skid: 176 Calcul Vol : 700 Color: 16.
2026-05-12 01:29:06  ---------------------------
2026-05-12 01:32:29  Default Volume : TEM_bc2_int Skid: 172.
2026-05-12 01:32:30  Vol : TEM_bc2_int Skid: 172 Calcul Vol : 700 Color: 13.
2026-05-12 01:32:30  ---------------------------
2026-05-12 01:32:37  Default Volume : TEM_BC2_R34_EXT_new Skid: 172.
2026-05-12 01:32:38  Vol : TEM_BC2_R34_EXT_new Skid: 172 Calcul Vol : 700 Color: 13.
2026-05-12 01:32:38  ---------------------------
2026-05-12 01:40:14 --- Trajectory --- 
2026-05-12 01:40:14 Prog : URUS_PA2_BC2_R34_EXT_2026 Skid: 119 Paint : 476.
2026-05-12 01:40:14 ------------------ 
2026-05-12 01:42:55 --- Trajectory --- 
2026-05-12 01:42:55 Prog : HURACAN_BC2_R34_Plastic Skid: 236 Paint : 50.
2026-05-12 01:42:55 ------------------ 
2026-05-12 01:47:36 --- Trajectory --- 
2026-05-12 01:47:36 Prog : TEM_bc2_int Skid: 150 Paint : 0.
2026-05-12 01:47:36 ------------------ 
2026-05-12 01:50:05 --- Trajectory --- 
2026-05-12 01:50:05 Prog : TEM_BC2_R34_EXT_new Skid: 150 Paint : 178.
2026-05-12 01:50:05 ------------------ 
2026-05-12 01:51:48 --- Trajectory --- 
2026-05-12 01:51:48 Prog : TEM_bc2_int Skid: 176 Paint : 0.
2026-05-12 01:51:48 ------------------ 
2026-05-12 01:53:56 --- Trajectory --- 
2026-05-12 01:53:56 Prog : TEM_BC2_R34_EXT_new Skid: 176 Paint : 124.
2026-05-12 01:53:56 ------------------ 
2026-05-12 02:00:34 --- Trajectory --- 
2026-05-12 02:00:34 Prog : TEM_bc2_int Skid: 172 Paint : 0.
2026-05-12 02:00:34 ------------------ 
2026-05-12 02:01:57 --- Trajectory --- 
2026-05-12 02:01:57 Prog : TEM_BC2_R34_EXT_new Skid: 172 Paint : 153.
2026-05-12 02:01:57 ------------------ 
2026-05-12 02:56:11  Vol : URUS_PA2_BC2_R34_EXT_2026 Skid: 14 Calcul Vol : 12092 Color: 55.
2026-05-12 02:56:11  ---------------------------
2026-05-12 03:12:07  Vol : URUS_PA2_R34_Plastic Skid: 2 Calcul Vol : 120 Color: 56.
2026-05-12 03:12:07  ---------------------------
2026-05-12 03:16:52  Vol : URUS_PA2_BC2_R34_EXT_2026 Skid: 5 Calcul Vol : 18823 Color: 56.
2026-05-12 03:16:52  ---------------------------
2026-05-12 03:22:28 --- Trajectory --- 
2026-05-12 03:22:28 Prog : URUS_PA2_BC2_R34_EXT_2026 Skid: 14 Paint : 352.
2026-05-12 03:22:28 ------------------ 
2026-05-12 03:29:58  Vol : URUS_PA2_R34_Plastic Skid: 102 Calcul Vol : 75 Color: 99.
2026-05-12 03:29:58  ---------------------------
2026-05-12 03:34:46  Vol : URUS_PA2_BC2_R34_EXT_2026 Skid: 74 Calcul Vol : 20049 Color: 99.
2026-05-12 03:34:46  ---------------------------
2026-05-12 03:40:57 --- Trajectory --- 
2026-05-12 03:40:57 Prog : URUS_PA2_R34_Plastic Skid: 2 Paint : 107.
2026-05-12 03:40:57 ------------------ 
2026-05-12 03:47:40  Vol : HURACAN_BC2_R34_Plastic Skid: 234 Calcul Vol : 208 Color: 53.
2026-05-12 03:47:40  ---------------------------
2026-05-12 03:47:57 --- Trajectory --- 
2026-05-12 03:47:57 Prog : URUS_PA2_BC2_R34_EXT_2026 Skid: 5 Paint : 402.
2026-05-12 03:47:57 ------------------ 
2026-05-12 03:55:32 --- Trajectory --- 
2026-05-12 03:55:32 Prog : URUS_PA2_R34_Plastic Skid: 102 Paint : 126.
2026-05-12 03:55:32 ------------------ 
2026-05-12 03:57:06  Vol : URUS_PA2_BC2_R34_EXT_2026 Skid: 223 Calcul Vol : 493 Color: 96.
2026-05-12 03:57:06  ---------------------------
2026-05-12 04:01:54 --- Trajectory --- 
2026-05-12 04:01:54 Prog : URUS_PA2_BC2_R34_EXT_2026 Skid: 74 Paint : 412.
2026-05-12 04:01:54 ------------------ 
2026-05-12 04:09:40 --- Trajectory --- 
2026-05-12 04:09:40 Prog : HURACAN_BC2_R34_Plastic Skid: 234 Paint : 46.
2026-05-12 04:09:40 ------------------ 
2026-05-12 04:18:57  Vol : URUS_PA2_R34_Plastic Skid: 201 Calcul Vol : 81 Color: 25.
2026-05-12 04:18:57  ---------------------------
2026-05-12 04:22:36  Vol : URUS_PA2_R34_Plastic Skid: 197 Calcul Vol : 7716 Color: 86.
2026-05-12 04:22:36  ---------------------------
2026-05-12 04:24:38 --- Trajectory --- 
2026-05-12 04:24:38 Prog : URUS_PA2_BC2_R34_EXT_2026 Skid: 223 Paint : 461.
2026-05-12 04:24:38 ------------------ 
2026-05-12 05:40:03 --- Trajectory --- 
2026-05-12 05:40:03 Prog : HURACAN_BC2_R34_Plastic Skid: 15644 Paint : 83.
2026-05-12 05:40:03 ------------------ 
2026-05-12 06:17:13 --- Trajectory --- 
2026-05-12 06:17:13 Prog : URUS_PA2_R34_Plastic Skid: 201 Paint : 189.
2026-05-12 06:17:13 ------------------ 
2026-05-12 06:23:01 --- Trajectory --- 
2026-05-12 06:23:01 Prog : URUS_PA2_R34_Plastic Skid: 197 Paint : 339.
2026-05-12 06:23:01 ------------------ 
2026-05-12 06:26:37  Default Volume : TEM_bc2_int Skid: 131.
2026-05-12 06:26:38  Vol : TEM_bc2_int Skid: 131 Calcul Vol : 700 Color: 53.
2026-05-12 06:26:38  ---------------------------
2026-05-12 06:26:44  Default Volume : TEM_BC2_R34_EXT_new Skid: 131.
2026-05-12 06:26:46  Vol : TEM_BC2_R34_EXT_new Skid: 131 Calcul Vol : 700 Color: 53.
2026-05-12 06:26:46  ---------------------------
2026-05-12 06:35:33  Vol : URUS_PA2_BC2_R34_EXT_2026 Skid: 51 Calcul Vol : 506 Color: 50.
2026-05-12 06:35:33  ---------------------------
2026-05-12 06:41:18  Vol : HURACAN_BC2_R34_Plastic Skid: 46 Calcul Vol : 225 Color: 27.
2026-05-12 06:41:18  ---------------------------
2026-05-12 06:44:50  Default Volume : TEM_bc2_int Skid: 210.
2026-05-12 06:44:52  Vol : TEM_bc2_int Skid: 210 Calcul Vol : 700 Color: 27.
2026-05-12 06:44:52  ---------------------------
2026-05-12 06:44:58  Default Volume : TEM_BC2_R34_EXT_new Skid: 210.
2026-05-12 06:44:59  Vol : TEM_BC2_R34_EXT_new Skid: 210 Calcul Vol : 700 Color: 27.
2026-05-12 06:44:59  ---------------------------
2026-05-12 06:49:11 --- Trajectory --- 
2026-05-12 06:49:11 Prog : TEM_bc2_int Skid: 131 Paint : 0.
2026-05-12 06:49:11 ------------------ 
2026-05-12 06:51:40 --- Trajectory --- 
2026-05-12 06:51:40 Prog : TEM_BC2_R34_EXT_new Skid: 131 Paint : 195.
2026-05-12 06:51:40 ------------------ 
2026-05-12 07:00:37 --- Trajectory --- 
2026-05-12 07:00:37 Prog : URUS_PA2_BC2_R34_EXT_2026 Skid: 51 Paint : 474.
2026-05-12 07:00:37 ------------------ 
2026-05-12 07:06:41 --- Trajectory --- 
2026-05-12 07:06:41 Prog : URUS_PA2_BC2_R34_EXT_2026 Skid: 51 Paint : 474.
2026-05-12 07:06:41 ------------------ 
2026-05-12 07:09:27 --- Trajectory --- 
2026-05-12 07:09:27 Prog : HURACAN_BC2_R34_Plastic Skid: 46 Paint : 50.
2026-05-12 07:09:27 ------------------ 
2026-05-12 07:13:40 --- Trajectory --- 
2026-05-12 07:13:40 Prog : TEM_bc2_int Skid: 210 Paint : 0.
2026-05-12 07:13:40 ------------------ 
2026-05-12 07:16:09 --- Trajectory --- 
2026-05-12 07:16:09 Prog : TEM_BC2_R34_EXT_new Skid: 210 Paint : 178.
2026-05-12 07:16:09 ------------------ 
2026-05-12 07:19:58  Vol : URUS_PA2_R34_Plastic Skid: 240 Calcul Vol : 110 Color: 51.
2026-05-12 07:19:58  ---------------------------
2026-05-12 07:43:39 --- Trajectory --- 
2026-05-12 07:43:39 Prog : URUS_PA2_R34_Plastic Skid: 240 Paint : 159.
2026-05-12 07:43:39 ------------------ 
2026-05-12 07:54:45  Vol : URUS_PA2_BC2_R34_EXT_2026 Skid: 152 Calcul Vol : 482 Color: 62.
2026-05-12 07:54:45  ---------------------------
2026-05-12 08:20:23 --- Trajectory --- 
2026-05-12 08:20:23 Prog : URUS_PA2_BC2_R34_EXT_2026 Skid: 152 Paint : 446.
2026-05-12 08:20:23 ------------------ 
2026-05-12 08:20:31  Vol : HURACAN_BC2_R34_Plastic Skid: 157 Calcul Vol : 215 Color: 85.
2026-05-12 08:20:31  ---------------------------
2026-05-12 08:24:21  Default Volume : TEM_bc2_int Skid: 221.
2026-05-12 08:24:22  Vol : TEM_bc2_int Skid: 221 Calcul Vol : 700 Color: 85.
2026-05-12 08:24:22  ---------------------------
2026-05-12 08:24:28  Default Volume : TEM_BC2_R34_EXT_new Skid: 221.
2026-05-12 08:24:30  Vol : TEM_BC2_R34_EXT_new Skid: 221 Calcul Vol : 700 Color: 85.
2026-05-12 08:24:30  ---------------------------
2026-05-12 08:29:03  Vol : URUS_PA2_BC2_R34_EXT_2026 Skid: 81 Calcul Vol : 553 Color: 54.
2026-05-12 08:29:03  ---------------------------
2026-05-12 08:54:28  Vol : URUS_PA2_BC2_R34_EXT_2026 Skid: 14 Calcul Vol : 18826 Color: 56.
2026-05-12 08:54:28  ---------------------------
2026-05-12 08:57:25 --- Trajectory --- 
2026-05-12 08:57:25 Prog : HURACAN_BC2_R34_Plastic Skid: 157 Paint : 54.
2026-05-12 08:57:25 ------------------ 
2026-05-12 09:02:04 --- Trajectory --- 
2026-05-12 09:02:04 Prog : TEM_bc2_int Skid: 221 Paint : 0.
2026-05-12 09:02:04 ------------------ 
2026-05-12 09:04:32 --- Trajectory --- 
2026-05-12 09:04:32 Prog : TEM_BC2_R34_EXT_new Skid: 221 Paint : 208.
2026-05-12 09:04:32 ------------------ 
2026-05-12 09:08:42 --- Trajectory --- 
2026-05-12 09:08:42 Prog : URUS_PA2_BC2_R34_EXT_2026 Skid: 81 Paint : 522.
2026-05-12 09:08:42 ------------------ 
2026-05-12 09:18:41 --- Trajectory --- 
2026-05-12 09:18:41 Prog : URUS_PA2_BC2_R34_EXT_2026 Skid: 14 Paint : 402.
2026-05-12 09:18:41 ------------------ 
2026-05-12 10:00:34  Vol : URUS_PA2_R34_Plastic Skid: 113 Calcul Vol : 104 Color: 77.
2026-05-12 10:00:34  ---------------------------
2026-05-12 10:04:06  Vol : URUS_PA2_BC2_R34_EXT_2026 Skid: 24 Calcul Vol : 20056 Color: 77.
2026-05-12 10:04:06  ---------------------------
2026-05-12 10:20:05 --- Trajectory --- 
2026-05-12 10:20:05 Prog : URUS_PA2_R34_Plastic Skid: 113 Paint : 197.
2026-05-12 10:20:05 ------------------ 
2026-05-12 10:31:13 --- Trajectory --- 
2026-05-12 10:31:13 Prog : URUS_PA2_BC2_R34_EXT_2026 Skid: 24 Paint : 411.
2026-05-12 10:31:13 ------------------ 
2026-05-12 10:32:46  Vol : URUS_PA2_R34_Plastic Skid: 36 Calcul Vol : 147 Color: 34.
2026-05-12 10:32:46  ---------------------------
2026-05-12 10:53:39 --- Trajectory --- 
2026-05-12 10:53:39 Prog : URUS_PA2_R34_Plastic Skid: 36 Paint : 132.
2026-05-12 10:53:39 ------------------ 
2026-05-12 10:53:50  Vol : URUS_PA2_R34_Plastic Skid: 101 Calcul Vol : 89 Color: 68.
2026-05-12 10:53:50  ---------------------------
2026-05-12 10:57:41  Vol : URUS_PA2_BC2_R34_EXT_2026 Skid: 163 Calcul Vol : 443 Color: 68.
2026-05-12 10:57:41  ---------------------------
2026-05-12 11:04:26  Default Volume : TEM_bc2_int Skid: 57.
2026-05-12 11:04:28  Vol : TEM_bc2_int Skid: 57 Calcul Vol : 700 Color: 34.
2026-05-12 11:04:28  ---------------------------
2026-05-12 11:04:34  Default Volume : TEM_BC2_R34_EXT_new Skid: 57.
2026-05-12 11:04:35  Vol : TEM_BC2_R34_EXT_new Skid: 57 Calcul Vol : 700 Color: 34.
2026-05-12 11:04:35  ---------------------------
2026-05-12 11:17:54  Default Volume : TEM_bc2_int Skid: 149.
2026-05-12 11:17:56  Vol : TEM_bc2_int Skid: 149 Calcul Vol : 700 Color: 29.
2026-05-12 11:17:56  ---------------------------
2026-05-12 11:18:02  Default Volume : TEM_BC2_R34_EXT_new Skid: 149.
2026-05-12 11:18:03  Vol : TEM_BC2_R34_EXT_new Skid: 149 Calcul Vol : 700 Color: 29.
2026-05-12 11:18:03  ---------------------------
2026-05-12 11:19:52 --- Trajectory --- 
2026-05-12 11:19:52 Prog : URUS_PA2_R34_Plastic Skid: 101 Paint : 134.
2026-05-12 11:19:52 ------------------ 
2026-05-12 11:26:36 --- Trajectory --- 
2026-05-12 11:26:36 Prog : URUS_PA2_BC2_R34_EXT_2026 Skid: 163 Paint : 409.
2026-05-12 11:26:36 ------------------ 
2026-05-12 11:28:31  Vol : URUS_PA2_BC2_R34_EXT_2026 Skid: 145 Calcul Vol : 19575 Color: 25.
2026-05-12 11:28:31  ---------------------------
2026-05-12 11:30:51 --- Trajectory --- 
2026-05-12 11:30:51 Prog : TEM_bc2_int Skid: 57 Paint : 0.
2026-05-12 11:30:51 ------------------ 
2026-05-12 11:33:20 --- Trajectory --- 
2026-05-12 11:33:20 Prog : TEM_BC2_R34_EXT_new Skid: 57 Paint : 140.
2026-05-12 11:33:20 ------------------ 
2026-05-12 11:33:40  Vol : URUS_PA2_BC2_R34_EXT_2026 Skid: 51 Calcul Vol : 444 Color: 51.
2026-05-12 11:33:40  ---------------------------
2026-05-12 11:37:40  Vol : URUS_PA2_BC2_R34_EXT_2026 Skid: 208 Calcul Vol : 508 Color: 11.
2026-05-12 11:37:40  ---------------------------
2026-05-12 11:41:44 --- Trajectory --- 
2026-05-12 11:41:44 Prog : TEM_bc2_int Skid: 149 Paint : 0.
2026-05-12 11:41:44 ------------------ 
2026-05-12 11:44:13 --- Trajectory --- 
2026-05-12 11:44:13 Prog : TEM_BC2_R34_EXT_new Skid: 149 Paint : 139.
2026-05-12 11:44:13 ------------------ 
2026-05-12 11:58:43  Vol : URUS_PA2_BC2_R34_EXT_2026 Skid: 133 Calcul Vol : 21977 Color: 12.
2026-05-12 11:58:43  ---------------------------
2026-05-12 11:59:03 --- Trajectory --- 
2026-05-12 11:59:03 Prog : URUS_PA2_BC2_R34_EXT_2026 Skid: 145 Paint : 394.
2026-05-12 11:59:03 ------------------ 
2026-05-12 12:03:12  Vol : HURACAN_BC2_R34_Plastic Skid: 236 Calcul Vol : 230 Color: 105.
2026-05-12 12:03:12  ---------------------------
2026-05-12 12:04:39 --- Trajectory --- 
2026-05-12 12:04:39 Prog : URUS_PA2_BC2_R34_EXT_2026 Skid: 51 Paint : 432.
2026-05-12 12:04:39 ------------------ 
2026-05-12 12:06:43  Default Volume : TEM_bc2_int Skid: 148.
2026-05-12 12:06:44  Vol : TEM_bc2_int Skid: 148 Calcul Vol : 700 Color: 105.
2026-05-12 12:06:44  ---------------------------
2026-05-12 12:06:50  Default Volume : TEM_BC2_R34_EXT_new Skid: 148.
2026-05-12 12:06:52  Vol : TEM_BC2_R34_EXT_new Skid: 148 Calcul Vol : 700 Color: 105.
2026-05-12 12:06:52  ---------------------------
2026-05-12 12:09:25 --- Trajectory --- 
2026-05-12 12:09:25 Prog : URUS_PA2_BC2_R34_EXT_2026 Skid: 208 Paint : 476.
2026-05-12 12:09:25 ------------------ 
2026-05-12 12:40:47 --- Trajectory --- 
2026-05-12 12:40:47 Prog : URUS_PA2_BC2_R34_EXT_2026 Skid: 133 Paint : 438.
2026-05-12 12:40:47 ------------------ 
2026-05-12 12:42:39  Vol : HURACAN_BC2_R34_Plastic Skid: 111 Calcul Vol : 153 Color: 29.
2026-05-12 12:42:39  ---------------------------
2026-05-12 12:44:02 --- Trajectory --- 
2026-05-12 12:44:02 Prog : HURACAN_BC2_R34_Plastic Skid: 236 Paint : 51.
2026-05-12 12:44:02 ------------------ 
2026-05-12 12:47:44  Default Volume : TEM_bc2_int Skid: 84.
2026-05-12 12:47:45  Vol : TEM_bc2_int Skid: 84 Calcul Vol : 700 Color: 29.
2026-05-12 12:47:45  ---------------------------
2026-05-12 12:47:51  Default Volume : TEM_BC2_R34_EXT_new Skid: 84.
2026-05-12 12:47:53  Vol : TEM_BC2_R34_EXT_new Skid: 84 Calcul Vol : 700 Color: 29.
2026-05-12 12:47:53  ---------------------------
2026-05-12 12:48:41 --- Trajectory --- 
2026-05-12 12:48:41 Prog : TEM_bc2_int Skid: 148 Paint : 0.
2026-05-12 12:48:41 ------------------ 
2026-05-12 12:51:09 --- Trajectory --- 
2026-05-12 12:51:09 Prog : TEM_BC2_R34_EXT_new Skid: 148 Paint : 228.
2026-05-12 12:51:09 ------------------ 
2026-05-12 13:23:19 --- Trajectory --- 
2026-05-12 13:23:19 Prog : HURACAN_BC2_R34_Plastic Skid: 111 Paint : 36.
2026-05-12 13:23:19 ------------------ 
2026-05-12 13:27:58 --- Trajectory --- 
2026-05-12 13:27:59 Prog : TEM_bc2_int Skid: 84 Paint : 0.
2026-05-12 13:27:59 ------------------ 
2026-05-12 13:28:54  Default Volume : TEM_bc2_int Skid: 103.
2026-05-12 13:28:55  Vol : TEM_bc2_int Skid: 103 Calcul Vol : 700 Color: 14.
2026-05-12 13:28:55  ---------------------------
2026-05-12 13:29:01  Default Volume : TEM_BC2_R34_EXT_new Skid: 103.
2026-05-12 13:29:03  Vol : TEM_BC2_R34_EXT_new Skid: 103 Calcul Vol : 700 Color: 14.
2026-05-12 13:29:03  ---------------------------
2026-05-12 13:30:27 --- Trajectory --- 
2026-05-12 13:30:27 Prog : TEM_BC2_R34_EXT_new Skid: 84 Paint : 139.
2026-05-12 13:30:27 ------------------ 
2026-05-12 13:37:13  Vol : HURACAN_BC2_R34_Plastic Skid: 164 Calcul Vol : 215 Color: 85.
2026-05-12 13:37:13  ---------------------------
2026-05-12 13:56:29  Default Volume : TEM_bc2_int Skid: 50.
2026-05-12 13:56:31  Vol : TEM_bc2_int Skid: 50 Calcul Vol : 700 Color: 85.
2026-05-12 13:56:31  ---------------------------
2026-05-12 13:56:37  Default Volume : TEM_BC2_R34_EXT_new Skid: 50.
2026-05-12 13:56:38  Vol : TEM_BC2_R34_EXT_new Skid: 50 Calcul Vol : 700 Color: 85.
2026-05-12 13:56:38  ---------------------------
2026-05-12 14:05:46  Vol : URUS_PA2_BC2_R34_EXT_2026 Skid: 119 Calcul Vol : 442 Color: 34.
2026-05-12 14:05:46  ---------------------------
2026-05-12 14:16:11 --- Trajectory --- 
2026-05-12 14:16:11 Prog : TEM_bc2_int Skid: 103 Paint : 0.
2026-05-12 14:16:11 ------------------ 
2026-05-12 14:18:20 --- Trajectory --- 
2026-05-12 14:18:20 Prog : TEM_BC2_R34_EXT_new Skid: 103 Paint : 124.
2026-05-12 14:18:20 ------------------ 
2026-05-12 14:20:22 --- Trajectory --- 
2026-05-12 14:20:22 Prog : HURACAN_BC2_R34_Plastic Skid: 164 Paint : 54.
2026-05-12 14:20:22 ------------------ 
2026-05-12 14:26:14  Vol : HURACAN_BC2_R34_Plastic Skid: 45 Calcul Vol : 229 Color: 146.
2026-05-12 14:26:14  ---------------------------
2026-05-12 14:26:36 --- Trajectory --- 
2026-05-12 14:26:36 Prog : TEM_bc2_int Skid: 50 Paint : 0.
2026-05-12 14:26:36 ------------------ 
2026-05-12 14:29:04 --- Trajectory --- 
2026-05-12 14:29:04 Prog : TEM_BC2_R34_EXT_new Skid: 50 Paint : 208.
2026-05-12 14:29:04 ------------------ 
2026-05-12 14:30:54  Default Volume : TEM_bc2_int Skid: 204.
2026-05-12 14:30:56  Vol : TEM_bc2_int Skid: 204 Calcul Vol : 700 Color: 146.
2026-05-12 14:30:56  ---------------------------
2026-05-12 14:31:02  Default Volume : TEM_BC2_R34_EXT_new Skid: 204.
2026-05-12 14:31:03  Vol : TEM_BC2_R34_EXT_new Skid: 204 Calcul Vol : 700 Color: 146.
2026-05-12 14:31:03  ---------------------------
2026-05-12 14:38:25 --- Trajectory --- 
2026-05-12 14:38:25 Prog : URUS_PA2_BC2_R34_EXT_2026 Skid: 119 Paint : 408.
2026-05-12 14:38:25 ------------------ 
2026-05-12 14:40:29  Vol : URUS_PA2_R34_Plastic Skid: 175 Calcul Vol : 168 Color: 32.
2026-05-12 14:40:29  ---------------------------
2026-05-12 14:45:02  Vol : URUS_PA2_R34_Plastic Skid: 102 Calcul Vol : 117 Color: 11.
2026-05-12 14:45:02  ---------------------------
2026-05-12 14:51:53 --- Trajectory --- 
2026-05-12 14:51:53 Prog : HURACAN_BC2_R34_Plastic Skid: 45 Paint : 57.
2026-05-12 14:51:53 ------------------ 
2026-05-12 14:56:33 --- Trajectory --- 
2026-05-12 14:56:33 Prog : TEM_bc2_int Skid: 204 Paint : 0.
2026-05-12 14:56:33 ------------------ 
2026-05-12 14:59:02 --- Trajectory --- 
2026-05-12 14:59:02 Prog : TEM_BC2_R34_EXT_new Skid: 204 Paint : 206.
2026-05-12 14:59:02 ------------------ 
2026-05-12 15:01:59 --- Trajectory --- 
2026-05-12 15:01:59 Prog : URUS_PA2_R34_Plastic Skid: 175 Paint : 138.
2026-05-12 15:01:59 ------------------ 
2026-05-12 15:06:43 --- Trajectory --- 
2026-05-12 15:06:43 Prog : URUS_PA2_R34_Plastic Skid: 102 Paint : 144.
2026-05-12 15:06:43 ------------------ 
2026-05-12 15:12:58  Vol : URUS_PA2_R34_Plastic Skid: 101 Calcul Vol : 88 Color: 69.
2026-05-12 15:12:58  ---------------------------
2026-05-12 15:18:25  Vol : URUS_PA2_BC2_R34_EXT_2026 Skid: 163 Calcul Vol : 419 Color: 69.
2026-05-12 15:18:25  ---------------------------
2026-05-12 15:27:08  Default Volume : TEM_bc2_int Skid: 57.
2026-05-12 15:27:10  Vol : TEM_bc2_int Skid: 57 Calcul Vol : 700 Color: 35.
2026-05-12 15:27:10  ---------------------------
2026-05-12 15:27:16  Default Volume : TEM_BC2_R34_EXT_new Skid: 57.
2026-05-12 15:27:17  Vol : TEM_BC2_R34_EXT_new Skid: 57 Calcul Vol : 700 Color: 35.
2026-05-12 15:27:17  ---------------------------
2026-05-12 15:31:29 --- Trajectory --- 
2026-05-12 15:31:29 Prog : URUS_PA2_R34_Plastic Skid: 101 Paint : 117.
2026-05-12 15:31:29 ------------------ 
2026-05-12 15:41:59 --- Trajectory --- 
2026-05-12 15:41:59 Prog : URUS_PA2_BC2_R34_EXT_2026 Skid: 163 Paint : 384.
2026-05-12 15:41:59 ------------------ 
2026-05-12 15:50:36 --- Trajectory --- 
2026-05-12 15:50:36 Prog : TEM_bc2_int Skid: 57 Paint : 0.
2026-05-12 15:50:36 ------------------ 
2026-05-12 15:51:34  Vol : URUS_PA2_R34_Plastic Skid: 180 Calcul Vol : 117 Color: 11.
2026-05-12 15:51:34  ---------------------------
2026-05-12 15:53:05 --- Trajectory --- 
2026-05-12 15:53:05 Prog : TEM_BC2_R34_EXT_new Skid: 57 Paint : 184.
2026-05-12 15:53:05 ------------------ 
2026-05-12 16:25:47  Vol : URUS_PA2_BC2_R34_EXT_2026 Skid: 147 Calcul Vol : 516 Color: 99.
2026-05-12 16:25:47  ---------------------------
2026-05-12 16:28:39 --- Trajectory --- 
2026-05-12 16:28:39 Prog : URUS_PA2_R34_Plastic Skid: 180 Paint : 154.
2026-05-12 16:28:39 ------------------ 
2026-05-12 16:38:53  Vol : URUS_PA2_BC2_R34_EXT_2026 Skid: 108 Calcul Vol : 424 Color: 15.
2026-05-12 16:38:53  ---------------------------
2026-05-12 16:54:30 --- Trajectory --- 
2026-05-12 16:54:30 Prog : URUS_PA2_BC2_R34_EXT_2026 Skid: 147 Paint : 481.
2026-05-12 16:54:30 ------------------ 
2026-05-12 16:59:24 --- Trajectory --- 
2026-05-12 16:59:24 Prog : URUS_PA2_BC2_R34_EXT_2026 Skid: 108 Paint : 94.
2026-05-12 16:59:24 ------------------ 
2026-05-12 18:00:47  Vol : URUS_PA2_R34_Plastic Skid: 36 Calcul Vol : 94 Color: 35.
2026-05-12 18:00:47  ---------------------------
2026-05-12 18:23:19 --- Trajectory --- 
2026-05-12 18:23:19 Prog : URUS_PA2_R34_Plastic Skid: 36 Paint : 138.
2026-05-12 18:23:19 ------------------ 
2026-05-12 18:41:10  Vol : URUS_PA2_BC2_R34_EXT_2026 Skid: 126 Calcul Vol : 406 Color: 86.
2026-05-12 18:41:10  ---------------------------
2026-05-12 18:47:44  Vol : URUS_PA2_R34_Plastic Skid: 240 Calcul Vol : 82 Color: 62.
2026-05-12 18:47:44  ---------------------------
2026-05-12 18:52:50  Vol : URUS_PA2_BC2_R34_EXT_2026 Skid: 119 Calcul Vol : 485 Color: 35.
2026-05-12 18:52:50  ---------------------------
2026-05-12 19:07:18 --- Trajectory --- 
2026-05-12 19:07:18 Prog : URUS_PA2_BC2_R34_EXT_2026 Skid: 126 Paint : 371.
2026-05-12 19:07:18 ------------------ 
2026-05-12 19:08:24  Vol : URUS_PA2_R34_Plastic Skid: 175 Calcul Vol : 117 Color: 33.
2026-05-12 19:08:24  ---------------------------
2026-05-12 19:10:44 --- Trajectory --- 
2026-05-12 19:10:44 Prog : URUS_PA2_R34_Plastic Skid: 240 Paint : 183.
2026-05-12 19:10:44 ------------------ 
2026-05-12 19:18:48 --- Trajectory --- 
2026-05-12 19:18:48 Prog : URUS_PA2_BC2_R34_EXT_2026 Skid: 119 Paint : 452.
2026-05-12 19:18:48 ------------------ 
2026-05-12 19:29:50 --- Trajectory --- 
2026-05-12 19:29:50 Prog : URUS_PA2_R34_Plastic Skid: 175 Paint : 150.
2026-05-12 19:29:50 ------------------ 
2026-05-12 19:31:33  Vol : URUS_PA2_BC2_R34_EXT_2026 Skid: 158 Calcul Vol : 508 Color: 11.
2026-05-12 19:31:33  ---------------------------
2026-05-12 19:36:57  Vol : URUS_PA2_BC2_R34_EXT_2026 Skid: 52 Calcul Vol : 18830 Color: 32.
2026-05-12 19:36:57  ---------------------------
2026-05-12 19:54:25  Vol : URUS_PA2_BC2_R34_EXT_2026 Skid: 206 Calcul Vol : 508 Color: 11.
2026-05-12 19:54:25  ---------------------------
2026-05-12 19:57:06 --- Trajectory --- 
2026-05-12 19:57:06 Prog : URUS_PA2_BC2_R34_EXT_2026 Skid: 158 Paint : 476.
2026-05-12 19:57:06 ------------------ 
2026-05-12 20:01:58 --- Trajectory --- 
2026-05-12 20:01:58 Prog : URUS_PA2_BC2_R34_EXT_2026 Skid: 52 Paint : 367.
2026-05-12 20:01:58 ------------------ 
2026-05-12 20:21:10 --- Trajectory --- 
2026-05-12 20:21:10 Prog : URUS_PA2_BC2_R34_EXT_2026 Skid: 206 Paint : 476.
2026-05-12 20:21:10 ------------------ 
2026-05-12 20:23:46  Vol : HURACAN_BC2_R34_Plastic Skid: 46 Calcul Vol : 249 Color: 11.
2026-05-12 20:23:46  ---------------------------
2026-05-12 20:26:56  Default Volume : TEM_bc2_int Skid: 153.
2026-05-12 20:26:58  Vol : TEM_bc2_int Skid: 153 Calcul Vol : 700 Color: 11.
2026-05-12 20:26:58  ---------------------------
2026-05-12 20:27:04  Default Volume : TEM_BC2_R34_EXT_new Skid: 153.
2026-05-12 20:27:05  Vol : TEM_BC2_R34_EXT_new Skid: 153 Calcul Vol : 700 Color: 11.
2026-05-12 20:27:05  ---------------------------
2026-05-12 20:45:15 --- Trajectory --- 
2026-05-12 20:45:15 Prog : HURACAN_BC2_R34_Plastic Skid: 46 Paint : 56.
2026-05-12 20:45:15 ------------------ 
2026-05-12 20:49:56 --- Trajectory --- 
2026-05-12 20:49:56 Prog : TEM_bc2_int Skid: 153 Paint : 0.
2026-05-12 20:49:56 ------------------ 
2026-05-12 20:51:35  Vol : URUS_PA2_R34_Plastic Skid: 169 Calcul Vol : 68 Color: 20.
2026-05-12 20:51:35  ---------------------------
2026-05-12 20:52:25 --- Trajectory --- 
2026-05-12 20:52:25 Prog : TEM_BC2_R34_EXT_new Skid: 153 Paint : 228.
2026-05-12 20:52:25 ------------------ 
2026-05-12 21:00:58  Vol : URUS_PA2_BC2_R34_EXT_2026 Skid: 105 Calcul Vol : 512 Color: 12.
2026-05-12 21:00:58  ---------------------------
2026-05-12 21:05:28  Vol : URUS_PA2_R34_Plastic Skid: 192 Calcul Vol : 108 Color: 41.
2026-05-12 21:05:28  ---------------------------
2026-05-12 21:10:47  Vol : URUS_PA2_BC2_R34_EXT_2026 Skid: 86 Calcul Vol : 550 Color: 41.
2026-05-12 21:10:47  ---------------------------
2026-05-12 21:14:36 --- Trajectory --- 
2026-05-12 21:14:36 Prog : URUS_PA2_R34_Plastic Skid: 169 Paint : 134.
2026-05-12 21:14:36 ------------------ 
2026-05-12 21:32:42  Vol : URUS_PA2_R34_Plastic Skid: 201 Calcul Vol : 108 Color: 41.
2026-05-12 21:32:42  ---------------------------
2026-05-12 21:47:36 --- Trajectory --- 
2026-05-12 21:47:36 Prog : URUS_PA2_BC2_R34_EXT_2026 Skid: 105 Paint : 480.
2026-05-12 21:47:36 ------------------ 
2026-05-12 21:52:33 --- Trajectory --- 
2026-05-12 21:52:33 Prog : URUS_PA2_R34_Plastic Skid: 192 Paint : 151.
2026-05-12 21:52:33 ------------------ 
2026-05-12 21:57:40 --- Trajectory --- 
2026-05-12 21:57:40 Prog : URUS_PA2_BC2_R34_EXT_2026 Skid: 86 Paint : 519.
2026-05-12 21:57:40 ------------------ 
2026-05-12 22:04:39  Default Volume : TEM_bc2_int Skid: 63.
2026-05-12 22:04:40  Vol : TEM_bc2_int Skid: 63 Calcul Vol : 700 Color: 27.
2026-05-12 22:04:40  ---------------------------
2026-05-12 22:04:46  Default Volume : TEM_BC2_R34_EXT_new Skid: 63.
2026-05-12 22:04:48  Vol : TEM_BC2_R34_EXT_new Skid: 63 Calcul Vol : 700 Color: 27.
2026-05-12 22:04:48  ---------------------------
2026-05-12 22:05:02 --- Trajectory --- 
2026-05-12 22:05:02 Prog : URUS_PA2_R34_Plastic Skid: 201 Paint : 192.
2026-05-12 22:05:02 ------------------ 
2026-05-12 22:08:17  Vol : URUS_PA2_BC2_R34_EXT_2026 Skid: 171 Calcul Vol : 550 Color: 41.
2026-05-12 22:08:17  ---------------------------
2026-05-12 22:12:29  Vol : HURACAN_BC2_R34_Plastic Skid: 110 Calcul Vol : 218 Color: 20.
2026-05-12 22:12:29  ---------------------------
2026-05-12 22:53:43 --- Trajectory --- 
2026-05-12 22:53:43 Prog : TEM_bc2_int Skid: 63 Paint : 0.
2026-05-12 22:53:43 ------------------ 
2026-05-12 22:54:42 --- Trajectory --- 
2026-05-12 22:54:42 Prog : TEM_BC2_R34_EXT_new Skid: 63 Paint : 63.
2026-05-12 22:54:42 ------------------ 
2026-05-12 23:00:46  Vol : URUS_PA2_BC2_R34_EXT_2026 Skid: 82 Calcul Vol : 382 Color: 20.
2026-05-12 23:00:46  ---------------------------
2026-05-12 23:04:41 --- Trajectory --- 
2026-05-12 23:04:41 Prog : URUS_PA2_BC2_R34_EXT_2026 Skid: 171 Paint : 519.
2026-05-12 23:04:41 ------------------ 
2026-05-12 23:07:11 --- Trajectory --- 
2026-05-12 23:07:11 Prog : HURACAN_BC2_R34_Plastic Skid: 110 Paint : 39.
2026-05-12 23:07:11 ------------------ 
2026-05-12 23:11:21  Vol : URUS_PA2_R34_Plastic Skid: 36 Calcul Vol : 147 Color: 34.
2026-05-12 23:11:21  ---------------------------
2026-05-12 23:15:39  Vol : URUS_PA2_R34_Plastic Skid: 22 Calcul Vol : 147 Color: 34.
2026-05-12 23:15:39  ---------------------------
2026-05-12 23:28:31  Vol : URUS_PA2_BC2_R34_EXT_2026 Skid: 223 Calcul Vol : 21981 Color: 12.
2026-05-12 23:28:31  ---------------------------
2026-05-12 23:32:06  Vol : URUS_PA2_BC2_R34_EXT_2026 Skid: 52 Calcul Vol : 23634 Color: 33.
2026-05-12 23:32:06  ---------------------------
2026-05-12 23:33:19 --- Trajectory --- 
2026-05-12 23:33:19 Prog : URUS_PA2_BC2_R34_EXT_2026 Skid: 82 Paint : 347.
2026-05-12 23:33:19 ------------------ 
2026-05-12 23:40:17 --- Trajectory --- 
2026-05-12 23:40:17 Prog : URUS_PA2_R34_Plastic Skid: 36 Paint : 132.
2026-05-12 23:40:17 ------------------ 
2026-05-12 23:41:16  Vol : HURACAN_BC2_R34_Plastic Skid: 157 Calcul Vol : 218 Color: 20.
2026-05-12 23:41:16  ---------------------------
2026-05-12 23:45:02 --- Trajectory --- 
2026-05-12 23:45:02 Prog : URUS_PA2_R34_Plastic Skid: 22 Paint : 132.
2026-05-12 23:45:02 ------------------ 
2026-05-12 23:55:22 --- Trajectory --- 
2026-05-12 23:55:22 Prog : URUS_PA2_BC2_R34_EXT_2026 Skid: 223 Paint : 438.
2026-05-12 23:55:22 ------------------ 
2026-05-13 00:00:29 --- Trajectory --- 
2026-05-13 00:00:29 Prog : URUS_PA2_BC2_R34_EXT_2026 Skid: 52 Paint : 479.
2026-05-13 00:00:29 ------------------ 
2026-05-13 00:01:00  Vol : URUS_PA2_BC2_R34_EXT_2026 Skid: 218 Calcul Vol : 513 Color: 12.
2026-05-13 00:01:00  ---------------------------
2026-05-13 00:06:46 --- Trajectory --- 
2026-05-13 00:06:46 Prog : HURACAN_BC2_R34_Plastic Skid: 157 Paint : 39.
2026-05-13 00:06:46 ------------------ 
2026-05-13 00:12:47  Default Volume : TEM_bc2_int Skid: 244.
2026-05-13 00:12:48  Vol : TEM_bc2_int Skid: 244 Calcul Vol : 700 Color: 20.
2026-05-13 00:12:48  ---------------------------
2026-05-13 00:12:55  Default Volume : TEM_BC2_R34_EXT_new Skid: 244.
2026-05-13 00:12:56  Vol : TEM_BC2_R34_EXT_new Skid: 244 Calcul Vol : 700 Color: 20.
2026-05-13 00:12:56  ---------------------------
2026-05-13 00:23:54 --- Trajectory --- 
2026-05-13 00:23:54 Prog : URUS_PA2_BC2_R34_EXT_2026 Skid: 218 Paint : 480.
2026-05-13 00:23:54 ------------------ 
2026-05-13 00:37:17 --- Trajectory --- 
2026-05-13 00:37:17 Prog : TEM_bc2_int Skid: 244 Paint : 0.
2026-05-13 00:37:17 ------------------ 
2026-05-13 00:39:46 --- Trajectory --- 
2026-05-13 00:39:47 Prog : TEM_BC2_R34_EXT_new Skid: 244 Paint : 119.
2026-05-13 00:39:47 ------------------ 
2026-05-13 00:48:29  Default Volume : TEM_bc2_int Skid: 221.
2026-05-13 00:48:31  Vol : TEM_bc2_int Skid: 221 Calcul Vol : 700 Color: 85.
2026-05-13 00:48:31  ---------------------------
2026-05-13 00:48:37  Default Volume : TEM_BC2_R34_EXT_new Skid: 221.
2026-05-13 00:48:38  Vol : TEM_BC2_R34_EXT_new Skid: 221 Calcul Vol : 700 Color: 85.
2026-05-13 00:48:38  ---------------------------
2026-05-13 01:07:34  Vol : URUS_PA2_BC2_R34_EXT_2026 Skid: 144 Calcul Vol : 12096 Color: 55.
2026-05-13 01:07:34  ---------------------------
2026-05-13 01:14:15 --- Trajectory --- 
2026-05-13 01:14:15 Prog : TEM_bc2_int Skid: 221 Paint : 0.
2026-05-13 01:14:15 ------------------ 
2026-05-13 01:16:44 --- Trajectory --- 
2026-05-13 01:16:44 Prog : TEM_BC2_R34_EXT_new Skid: 221 Paint : 208.
2026-05-13 01:16:44 ------------------ 
2026-05-13 01:51:48 --- Trajectory --- 
2026-05-13 01:51:48 Prog : URUS_PA2_BC2_R34_EXT_2026 Skid: 144 Paint : 197.
2026-05-13 01:51:48 ------------------ 
2026-05-13 02:13:06  Vol : URUS_PA2_R34_Plastic Skid: 36 Calcul Vol : 94 Color: 35.
2026-05-13 02:13:06  ---------------------------
2026-05-13 02:44:12 --- Trajectory --- 
2026-05-13 02:44:12 Prog : URUS_PA2_R34_Plastic Skid: 36 Paint : 138.
2026-05-13 02:44:12 ------------------ 
2026-05-13 03:06:24  Vol : URUS_PA2_BC2_R34_EXT_2026 Skid: 150 Calcul Vol : 18675 Color: 62.
2026-05-13 03:06:24  ---------------------------
2026-05-13 03:11:24  Vol : HURACAN_BC2_R34_Plastic Skid: 46 Calcul Vol : 154 Color: 34.
2026-05-13 03:11:24  ---------------------------
2026-05-13 03:14:59  Default Volume : TEM_bc2_int Skid: 33.
2026-05-13 03:15:00  Vol : TEM_bc2_int Skid: 33 Calcul Vol : 700 Color: 34.
2026-05-13 03:15:00  ---------------------------
2026-05-13 03:15:06  Default Volume : TEM_BC2_R34_EXT_new Skid: 33.
2026-05-13 03:15:08  Vol : TEM_BC2_R34_EXT_new Skid: 33 Calcul Vol : 700 Color: 34.
2026-05-13 03:15:08  ---------------------------
2026-05-13 03:24:01  Vol : HURACAN_BC2_R34_Plastic Skid: 111 Calcul Vol : 153 Color: 29.
2026-05-13 03:24:01  ---------------------------
2026-05-13 03:30:09 --- Trajectory --- 
2026-05-13 03:30:09 Prog : URUS_PA2_BC2_R34_EXT_2026 Skid: 150 Paint : 379.
2026-05-13 03:30:09 ------------------ 
2026-05-13 03:37:28 --- Trajectory --- 
2026-05-13 03:37:28 Prog : HURACAN_BC2_R34_Plastic Skid: 46 Paint : 36.
2026-05-13 03:37:28 ------------------ 
2026-05-13 03:42:22 --- Trajectory --- 
2026-05-13 03:42:22 Prog : TEM_bc2_int Skid: 33 Paint : 0.
2026-05-13 03:42:22 ------------------ 
2026-05-13 03:44:52 --- Trajectory --- 
2026-05-13 03:44:52 Prog : TEM_BC2_R34_EXT_new Skid: 33 Paint : 140.
2026-05-13 03:44:52 ------------------ 
2026-05-13 03:51:08 --- Trajectory --- 
2026-05-13 03:51:08 Prog : HURACAN_BC2_R34_Plastic Skid: 111 Paint : 36.
2026-05-13 03:51:08 ------------------ 
2026-05-13 03:53:10  Vol : HURACAN_BC2_R34_Plastic Skid: 71 Calcul Vol : 165 Color: 18.
2026-05-13 03:53:10  ---------------------------
2026-05-13 04:01:11  Default Volume : TEM_bc2_int Skid: 63.
2026-05-13 04:01:13  Vol : TEM_bc2_int Skid: 63 Calcul Vol : 700 Color: 27.
2026-05-13 04:01:13  ---------------------------
2026-05-13 04:01:19  Default Volume : TEM_BC2_R34_EXT_new Skid: 63.
2026-05-13 04:01:20  Vol : TEM_BC2_R34_EXT_new Skid: 63 Calcul Vol : 700 Color: 27.
2026-05-13 04:01:20  ---------------------------
2026-05-13 04:13:36 --- Trajectory --- 
2026-05-13 04:13:36 Prog : HURACAN_BC2_R34_Plastic Skid: 71 Paint : 36.
2026-05-13 04:13:36 ------------------ 
2026-05-13 04:18:31  Default Volume : TEM_bc2_int Skid: 85.
2026-05-13 04:18:33  Vol : TEM_bc2_int Skid: 85 Calcul Vol : 700 Color: 18.
2026-05-13 04:18:33  ---------------------------
2026-05-13 04:18:39  Default Volume : TEM_BC2_R34_EXT_new Skid: 85.
2026-05-13 04:18:41  Vol : TEM_BC2_R34_EXT_new Skid: 85 Calcul Vol : 700 Color: 18.
2026-05-13 04:18:41  ---------------------------
2026-05-13 04:21:49  Vol : URUS_PA2_BC2_R34_EXT_2026 Skid: 210 Calcul Vol : 442 Color: 34.
2026-05-13 04:21:49  ---------------------------
2026-05-13 04:22:42 --- Trajectory --- 
2026-05-13 04:22:42 Prog : TEM_bc2_int Skid: 63 Paint : 0.
2026-05-13 04:22:42 ------------------ 
2026-05-13 04:23:41 --- Trajectory --- 
2026-05-13 04:23:41 Prog : TEM_BC2_R34_EXT_new Skid: 63 Paint : 63.
2026-05-13 04:23:41 ------------------ 
2026-05-13 04:46:56  Vol : URUS_PA2_R34_Plastic Skid: 2 Calcul Vol : 89 Color: 27.
2026-05-13 04:46:56  ---------------------------
2026-05-13 06:03:59  Vol : URUS_PA2_R34_Plastic Skid: 22 Calcul Vol : 94 Color: 35.
2026-05-13 06:03:59  ---------------------------
2026-05-13 06:04:50 --- Trajectory --- 
2026-05-13 06:04:50 Prog : TEM_BC2_R34_EXT_new Skid: 63 Paint : 0.
2026-05-13 06:04:50 ------------------ 
2026-05-13 06:22:03 --- Trajectory --- 
2026-05-13 06:22:03 Prog : TEM_bc2_int Skid: 85 Paint : 0.
2026-05-13 06:22:03 ------------------ 
2026-05-13 06:24:28  Vol : URUS_PA2_BC2_R34_EXT_2026 Skid: 145 Calcul Vol : 508 Color: 11.
2026-05-13 06:24:28  ---------------------------
2026-05-13 06:24:34 --- Trajectory --- 
2026-05-13 06:24:34 Prog : TEM_BC2_R34_EXT_new Skid: 85 Paint : 119.
2026-05-13 06:24:34 ------------------ 
2026-05-13 06:29:03 --- Trajectory --- 
2026-05-13 06:29:03 Prog : URUS_PA2_BC2_R34_EXT_2026 Skid: 210 Paint : 408.
2026-05-13 06:29:03 ------------------ 
2026-05-13 06:32:30 --- Trajectory --- 
2026-05-13 06:32:30 Prog : URUS_PA2_R34_Plastic Skid: 2 Paint : 138.
2026-05-13 06:32:30 ------------------ 
2026-05-13 06:35:59 --- Trajectory --- 
2026-05-13 06:35:59 Prog : URUS_PA2_R34_Plastic Skid: 22 Paint : 138.
2026-05-13 06:35:59 ------------------ 
2026-05-13 06:39:40  Vol : URUS_PA2_R34_Plastic Skid: 259 Calcul Vol : 5169 Color: 85.
2026-05-13 06:39:40  ---------------------------
2026-05-13 06:43:15  Vol : URUS_PA2_BC2_R34_EXT_2026 Skid: 208 Calcul Vol : 487 Color: 85.
2026-05-13 06:43:15  ---------------------------
2026-05-13 06:51:47 --- Trajectory --- 
2026-05-13 06:51:47 Prog : URUS_PA2_BC2_R34_EXT_2026 Skid: 145 Paint : 476.
2026-05-13 06:51:47 ------------------ 
2026-05-13 06:51:50  Vol : URUS_PA2_BC2_R34_EXT_2026 Skid: 144 Calcul Vol : 18827 Color: 56.
2026-05-13 06:51:50  ---------------------------
2026-05-13 07:02:05 --- Trajectory --- 
2026-05-13 07:02:05 Prog : URUS_PA2_R34_Plastic Skid: 259 Paint : 186.
2026-05-13 07:02:05 ------------------ 
2026-05-13 07:05:50  Vol : URUS_PA2_BC2_R34_EXT_2026 Skid: 74 Calcul Vol : 664 Color: 27.
2026-05-13 07:05:50  ---------------------------
2026-05-13 07:06:38 --- Trajectory --- 
2026-05-13 07:06:38 Prog : URUS_PA2_BC2_R34_EXT_2026 Skid: 208 Paint : 477.
2026-05-13 07:06:38 ------------------ 
2026-05-13 07:11:59  Vol : HURACAN_BC2_R34_Plastic Skid: 110 Calcul Vol : 216 Color: 62.
2026-05-13 07:11:59  ---------------------------
2026-05-13 07:14:17 --- Trajectory --- 
2026-05-13 07:14:17 Prog : URUS_PA2_BC2_R34_EXT_2026 Skid: 144 Paint : 131.
2026-05-13 07:14:17 ------------------ 
2026-05-13 07:16:31  Default Volume : TEM_bc2_int Skid: 220.
2026-05-13 07:16:32  Vol : TEM_bc2_int Skid: 220 Calcul Vol : 700 Color: 62.
2026-05-13 07:16:32  ---------------------------
2026-05-13 07:16:38  Default Volume : TEM_BC2_R34_EXT_new Skid: 220.
2026-05-13 07:16:40  Vol : TEM_BC2_R34_EXT_new Skid: 220 Calcul Vol : 700 Color: 62.
2026-05-13 07:16:40  ---------------------------
2026-05-13 07:31:45 --- Trajectory --- 
2026-05-13 07:31:45 Prog : URUS_PA2_BC2_R34_EXT_2026 Skid: 74 Paint : 636.
2026-05-13 07:31:45 ------------------ 
2026-05-13 07:34:08 --- Trajectory --- 
2026-05-13 07:34:08 Prog : HURACAN_BC2_R34_Plastic Skid: 110 Paint : 57.
2026-05-13 07:34:08 ------------------ 
2026-05-13 07:59:13 --- Trajectory --- 
2026-05-13 07:59:13 Prog : TEM_bc2_int Skid: 220 Paint : 0.
2026-05-13 07:59:13 ------------------ 
2026-05-13 08:01:42 --- Trajectory --- 
2026-05-13 08:01:42 Prog : TEM_BC2_R34_EXT_new Skid: 220 Paint : 267.
2026-05-13 08:01:42 ------------------ 
2026-05-13 08:18:36  Vol : URUS_PA2_R34_Plastic Skid: 102 Calcul Vol : 68 Color: 29.
2026-05-13 08:18:36  ---------------------------
2026-05-13 08:30:04  Vol : HURACAN_BC2_R34_Plastic Skid: 236 Calcul Vol : 165 Color: 18.
2026-05-13 08:30:04  ---------------------------
2026-05-13 08:32:56  Default Volume : TEM_bc2_int Skid: 152.
2026-05-13 08:32:58  Vol : TEM_bc2_int Skid: 152 Calcul Vol : 700 Color: 18.
2026-05-13 08:32:58  ---------------------------
2026-05-13 08:33:04  Default Volume : TEM_BC2_R34_EXT_new Skid: 152.
2026-05-13 08:33:05  Vol : TEM_BC2_R34_EXT_new Skid: 152 Calcul Vol : 700 Color: 18.
2026-05-13 08:33:05  ---------------------------
2026-05-13 08:39:56 --- Trajectory --- 
2026-05-13 08:39:56 Prog : URUS_PA2_R34_Plastic Skid: 102 Paint : 153.
2026-05-13 08:39:56 ------------------ 
2026-05-13 08:50:20 --- Trajectory --- 
2026-05-13 08:50:20 Prog : HURACAN_BC2_R34_Plastic Skid: 236 Paint : 36.
2026-05-13 08:50:20 ------------------ 
2026-05-13 08:55:13 --- Trajectory --- 
2026-05-13 08:55:13 Prog : TEM_bc2_int Skid: 152 Paint : 0.
2026-05-13 08:55:13 ------------------ 
2026-05-13 08:57:43 --- Trajectory --- 
2026-05-13 08:57:43 Prog : TEM_BC2_R34_EXT_new Skid: 152 Paint : 119.
2026-05-13 08:57:43 ------------------ 
2026-05-13 08:58:29  Vol : HURACAN_BC2_R34_Plastic Skid: 46 Calcul Vol : 224 Color: 35.
2026-05-13 08:58:29  ---------------------------
2026-05-13 09:01:54  Default Volume : TEM_bc2_int Skid: 33.
2026-05-13 09:01:56  Vol : TEM_bc2_int Skid: 33 Calcul Vol : 700 Color: 35.
2026-05-13 09:01:56  ---------------------------
2026-05-13 09:02:02  Default Volume : TEM_BC2_R34_EXT_new Skid: 33.
2026-05-13 09:02:04  Vol : TEM_BC2_R34_EXT_new Skid: 33 Calcul Vol : 700 Color: 35.
2026-05-13 09:02:04  ---------------------------
2026-05-13 09:19:44 --- Trajectory --- 
2026-05-13 09:19:44 Prog : HURACAN_BC2_R34_Plastic Skid: 46 Paint : 52.
2026-05-13 09:19:44 ------------------ 
2026-05-13 09:24:24 --- Trajectory --- 
2026-05-13 09:24:24 Prog : TEM_bc2_int Skid: 33 Paint : 0.
2026-05-13 09:24:24 ------------------ 
2026-05-13 09:26:53 --- Trajectory --- 
2026-05-13 09:26:53 Prog : TEM_BC2_R34_EXT_new Skid: 33 Paint : 184.
2026-05-13 09:26:53 ------------------ 
2026-05-13 09:29:26  Vol : URUS_PA2_BC2_R34_EXT_2026 Skid: 210 Calcul Vol : 485 Color: 35.
2026-05-13 09:29:26  ---------------------------
2026-05-13 09:39:28  Vol : HURACAN_BC2_R34_Plastic Skid: 157 Calcul Vol : 260 Color: 68.
2026-05-13 09:39:28  ---------------------------
2026-05-13 09:43:00  Default Volume : TEM_bc2_int Skid: 158.
2026-05-13 09:43:01  Vol : TEM_bc2_int Skid: 158 Calcul Vol : 700 Color: 68.
2026-05-13 09:43:01  ---------------------------
2026-05-13 09:43:08  Default Volume : TEM_BC2_R34_EXT_new Skid: 158.
2026-05-13 09:43:09  Vol : TEM_BC2_R34_EXT_new Skid: 158 Calcul Vol : 700 Color: 68.
2026-05-13 09:43:09  ---------------------------
2026-05-13 09:43:44 --- Trajectory --- 
2026-05-13 09:43:44 Prog : TEM_BC2_R34_EXT_new Skid: 33 Paint : 0.
2026-05-13 09:43:44 ------------------ 
2026-05-13 09:48:23 --- Trajectory --- 
2026-05-13 09:48:23 Prog : TEM_BC2_R34_EXT_new Skid: 33 Paint : 0.
2026-05-13 09:48:23 ------------------ 
2026-05-13 09:52:12 --- Trajectory --- 
2026-05-13 09:52:12 Prog : TEM_BC2_R34_EXT_new Skid: 33 Paint : 0.
2026-05-13 09:52:12 ------------------ 
2026-05-13 09:55:31 --- Trajectory --- 
2026-05-13 09:55:31 Prog : TEM_BC2_R34_EXT_new Skid: 33 Paint : 0.
2026-05-13 09:55:31 ------------------ 
2026-05-13 09:58:52 --- Trajectory --- 
2026-05-13 09:58:52 Prog : TEM_BC2_R34_EXT_new Skid: 33 Paint : 0.
2026-05-13 09:58:52 ------------------ 
2026-05-13 10:05:00 --- Trajectory --- 
2026-05-13 10:05:00 Prog : URUS_PA2_BC2_R34_EXT_2026 Skid: 210 Paint : 452.
2026-05-13 10:05:00 ------------------ 
2026-05-13 10:07:31 --- Trajectory --- 
2026-05-13 10:07:31 Prog : HURACAN_BC2_R34_Plastic Skid: 157 Paint : 62.
2026-05-13 10:07:31 ------------------ 
2026-05-13 10:12:05 --- Trajectory --- 
2026-05-13 10:12:05 Prog : TEM_bc2_int Skid: 158 Paint : 0.
2026-05-13 10:12:05 ------------------ 
2026-05-13 10:14:34 --- Trajectory --- 
2026-05-13 10:14:34 Prog : TEM_BC2_R34_EXT_new Skid: 158 Paint : 261.
2026-05-13 10:14:34 ------------------ 
2026-05-13 10:37:12  Vol : HURACAN_BC2_R34_Plastic Skid: 200 Calcul Vol : 153 Color: 29.
2026-05-13 10:37:12  ---------------------------
2026-05-13 10:40:44  Default Volume : TEM_bc2_int Skid: 167.
2026-05-13 10:40:45  Vol : TEM_bc2_int Skid: 167 Calcul Vol : 700 Color: 29.
2026-05-13 10:40:45  ---------------------------
2026-05-13 10:40:51  Default Volume : TEM_BC2_R34_EXT_new Skid: 167.
2026-05-13 10:40:53  Vol : TEM_BC2_R34_EXT_new Skid: 167 Calcul Vol : 700 Color: 29.
2026-05-13 10:40:53  ---------------------------
2026-05-13 10:51:16  Default Volume : TEM_bc2_int Skid: 216.
2026-05-13 10:51:17  Vol : TEM_bc2_int Skid: 216 Calcul Vol : 700 Color: 62.
2026-05-13 10:51:17  ---------------------------
2026-05-13 10:51:23  Default Volume : TEM_BC2_R34_EXT_new Skid: 216.
2026-05-13 10:51:25  Vol : TEM_BC2_R34_EXT_new Skid: 216 Calcul Vol : 700 Color: 62.
2026-05-13 10:51:25  ---------------------------
2026-05-13 10:55:44 --- Trajectory --- 
2026-05-13 10:55:44 Prog : HURACAN_BC2_R34_Plastic Skid: 200 Paint : 36.
2026-05-13 10:55:44 ------------------ 
2026-05-13 11:04:10 --- Trajectory --- 
2026-05-13 11:04:10 Prog : TEM_bc2_int Skid: 167 Paint : 0.
2026-05-13 11:04:10 ------------------ 
2026-05-13 11:06:40 --- Trajectory --- 
2026-05-13 11:06:40 Prog : TEM_BC2_R34_EXT_new Skid: 167 Paint : 139.
2026-05-13 11:06:40 ------------------ 
2026-05-13 11:07:50  Vol : URUS_PA2_BC2_R34_EXT_2026 Skid: 37 Calcul Vol : 453 Color: 9.
2026-05-13 11:07:51  ---------------------------
2026-05-13 11:10:27 --- Trajectory --- 
2026-05-13 11:10:27 Prog : TEM_bc2_int Skid: 216 Paint : 0.
2026-05-13 11:10:27 ------------------ 
2026-05-13 11:10:50 --- Trajectory --- 
2026-05-13 11:10:50 Prog : TEM_BC2_R34_EXT_new Skid: 216 Paint : 0.
2026-05-13 11:10:50 ------------------ 
2026-05-13 11:29:56  Vol : URUS_PA2_R34_Plastic Skid: 67 Calcul Vol : 68 Color: 20.
2026-05-13 11:29:56  ---------------------------
2026-05-13 11:43:52 --- Trajectory --- 
2026-05-13 11:43:52 Prog : URUS_PA2_BC2_R34_EXT_2026 Skid: 37 Paint : 419.
2026-05-13 11:43:52 ------------------ 
2026-05-13 11:51:21  Vol : URUS_PA2_BC2_R34_EXT_2026 Skid: 82 Calcul Vol : 383 Color: 20.
2026-05-13 11:51:21  ---------------------------
2026-05-13 12:00:28 --- Trajectory --- 
2026-05-13 12:00:28 Prog : URUS_PA2_R34_Plastic Skid: 67 Paint : 170.
2026-05-13 12:00:28 ------------------ 
2026-05-13 12:19:14 --- Trajectory --- 
2026-05-13 12:19:14 Prog : URUS_PA2_BC2_R34_EXT_2026 Skid: 82 Paint : 347.
2026-05-13 12:19:14 ------------------ 
2026-05-13 12:39:32  Vol : URUS_PA2_R34_Plastic Skid: 42 Calcul Vol : 145 Color: 106.
2026-05-13 12:39:32  ---------------------------
2026-05-13 12:43:14  Vol : URUS_PA2_BC2_R34_EXT_2026 Skid: 122 Calcul Vol : 564 Color: 106.
2026-05-13 12:43:14  ---------------------------
2026-05-13 12:58:40  Vol : URUS_PA2_R34_Plastic Skid: 42 Calcul Vol : 145 Color: 106.
2026-05-13 12:58:40  ---------------------------
2026-05-13 13:03:31  Vol : URUS_PA2_BC2_R34_EXT_2026 Skid: 122 Calcul Vol : 564 Color: 106.
2026-05-13 13:03:31  ---------------------------
2026-05-13 13:23:08  Vol : URUS_PA2_BC2_R34_EXT_2026 Skid: 206 Calcul Vol : 367 Color: 29.
2026-05-13 13:23:08  ---------------------------
2026-05-13 13:25:25 --- Trajectory --- 
2026-05-13 13:25:25 Prog : URUS_PA2_R34_Plastic Skid: 42 Paint : 143.
2026-05-13 13:25:25 ------------------ 
2026-05-13 13:32:06 --- Trajectory --- 
2026-05-13 13:32:06 Prog : URUS_PA2_BC2_R34_EXT_2026 Skid: 122 Paint : 533.
2026-05-13 13:32:06 ------------------ 
2026-05-13 14:11:37 --- Trajectory --- 
2026-05-13 14:11:37 Prog : URUS_PA2_BC2_R34_EXT_2026 Skid: 206 Paint : 331.
2026-05-13 14:11:37 ------------------ 
2026-05-13 14:50:31  Vol : URUS_PA2_BC2_R34_EXT_2026 Skid: 105 Calcul Vol : 26622 Color: 13.
2026-05-13 14:50:31  ---------------------------
2026-05-13 15:19:06  Vol : URUS_PA2_BC2_R34_EXT_2026 Skid: 126 Calcul Vol : 383 Color: 20.
2026-05-13 15:19:06  ---------------------------
2026-05-13 15:20:46 --- Trajectory --- 
2026-05-13 15:20:46 Prog : URUS_PA2_BC2_R34_EXT_2026 Skid: 105 Paint : 484.
2026-05-13 15:20:46 ------------------ 
2026-05-13 15:27:35  Vol : HURACAN_BC2_R34_Plastic Skid: 157 Calcul Vol : 176 Color: 69.
2026-05-13 15:27:35  ---------------------------
2026-05-13 15:33:32  Default Volume : TEM_bc2_int Skid: 158.
2026-05-13 15:33:33  Vol : TEM_bc2_int Skid: 158 Calcul Vol : 700 Color: 69.
2026-05-13 15:33:33  ---------------------------
2026-05-13 15:33:40  Default Volume : TEM_BC2_R34_EXT_new Skid: 158.
2026-05-13 15:33:41  Vol : TEM_BC2_R34_EXT_new Skid: 158 Calcul Vol : 700 Color: 69.
2026-05-13 15:33:41  ---------------------------
2026-05-13 15:45:33 --- Trajectory --- 
2026-05-13 15:45:33 Prog : URUS_PA2_BC2_R34_EXT_2026 Skid: 126 Paint : 347.
2026-05-13 15:45:33 ------------------ 
2026-05-13 15:51:44 --- Trajectory --- 
2026-05-13 15:51:44 Prog : HURACAN_BC2_R34_Plastic Skid: 157 Paint : 33.
2026-05-13 15:51:44 ------------------ 
2026-05-13 15:57:44 --- Trajectory --- 
2026-05-13 15:57:44 Prog : TEM_bc2_int Skid: 158 Paint : 0.
2026-05-13 15:57:44 ------------------ 
2026-05-13 16:00:13 --- Trajectory --- 
2026-05-13 16:00:13 Prog : TEM_BC2_R34_EXT_new Skid: 158 Paint : 167.
2026-05-13 16:00:13 ------------------ 
2026-05-13 16:08:59  Vol : URUS_PA2_R34_Plastic Skid: 201 Calcul Vol : 82 Color: 62.
2026-05-13 16:08:59  ---------------------------
2026-05-13 16:13:51  Vol : HURACAN_BC2_R34_Plastic Skid: 45 Calcul Vol : 229 Color: 145.
2026-05-13 16:13:51  ---------------------------
2026-05-13 16:31:37 --- Trajectory --- 
2026-05-13 16:31:37 Prog : URUS_PA2_R34_Plastic Skid: 201 Paint : 183.
2026-05-13 16:31:37 ------------------ 
2026-05-13 16:37:31 --- Trajectory --- 
2026-05-13 16:37:31 Prog : HURACAN_BC2_R34_Plastic Skid: 45 Paint : 57.
2026-05-13 16:37:31 ------------------ 
2026-05-13 17:04:45  Vol : URUS_PA2_R34_Plastic Skid: 192 Calcul Vol : 104 Color: 145.
2026-05-13 17:04:45  ---------------------------
2026-05-13 17:11:13  Vol : URUS_PA2_BC2_R34_EXT_2026 Skid: 56 Calcul Vol : 20646 Color: 145.
2026-05-13 17:11:13  ---------------------------
2026-05-13 17:28:26 --- Trajectory --- 
2026-05-13 17:28:26 Prog : URUS_PA2_R34_Plastic Skid: 192 Paint : 169.
2026-05-13 17:28:26 ------------------ 
2026-05-13 17:32:59  Default Volume : TEM_bc2_int Skid: 204.
2026-05-13 17:33:01  Vol : TEM_bc2_int Skid: 204 Calcul Vol : 700 Color: 145.
2026-05-13 17:33:01  ---------------------------
2026-05-13 17:33:07  Default Volume : TEM_BC2_R34_EXT_new Skid: 204.
2026-05-13 17:33:08  Vol : TEM_BC2_R34_EXT_new Skid: 204 Calcul Vol : 700 Color: 145.
2026-05-13 17:33:08  ---------------------------
2026-05-13 17:35:06 --- Trajectory --- 
2026-05-13 17:35:06 Prog : URUS_PA2_BC2_R34_EXT_2026 Skid: 56 Paint : 421.
2026-05-13 17:35:06 ------------------ 
2026-05-13 18:15:46 --- Trajectory --- 
2026-05-13 18:15:46 Prog : TEM_bc2_int Skid: 204 Paint : 0.
2026-05-13 18:15:46 ------------------ 
2026-05-13 18:18:16 --- Trajectory --- 
2026-05-13 18:18:16 Prog : TEM_BC2_R34_EXT_new Skid: 204 Paint : 206.
2026-05-13 18:18:16 ------------------ 
2026-05-13 18:36:02  Default Volume : TEM_bc2_int Skid: 233.
2026-05-13 18:36:03  Vol : TEM_bc2_int Skid: 233 Calcul Vol : 700 Color: 20.
2026-05-13 18:36:03  ---------------------------
2026-05-13 18:36:10  Default Volume : TEM_BC2_R34_EXT_new Skid: 233.
2026-05-13 18:36:11  Vol : TEM_BC2_R34_EXT_new Skid: 233 Calcul Vol : 700 Color: 20.
2026-05-13 18:36:11  ---------------------------
2026-05-13 19:00:30 --- Trajectory --- 
2026-05-13 19:00:30 Prog : TEM_bc2_int Skid: 233 Paint : 0.
2026-05-13 19:00:30 ------------------ 
2026-05-13 19:02:59 --- Trajectory --- 
2026-05-13 19:03:00 Prog : TEM_BC2_R34_EXT_new Skid: 233 Paint : 119.
2026-05-13 19:03:00 ------------------ 
2026-05-13 19:23:34  Default Volume : TEM_bc2_int Skid: 168.
2026-05-13 19:23:36  Vol : TEM_bc2_int Skid: 168 Calcul Vol : 700 Color: 53.
2026-05-13 19:23:36  ---------------------------
2026-05-13 19:23:42  Default Volume : TEM_BC2_R34_EXT_new Skid: 168.
2026-05-13 19:23:43  Vol : TEM_BC2_R34_EXT_new Skid: 168 Calcul Vol : 700 Color: 53.
2026-05-13 19:23:43  ---------------------------
2026-05-13 19:28:40  Vol : HURACAN_BC2_R34_Plastic Skid: 164 Calcul Vol : 208 Color: 53.
2026-05-13 19:28:40  ---------------------------
2026-05-13 19:46:39 --- Trajectory --- 
2026-05-13 19:46:39 Prog : TEM_bc2_int Skid: 168 Paint : 0.
2026-05-13 19:46:39 ------------------ 
2026-05-13 19:49:07 --- Trajectory --- 
2026-05-13 19:49:07 Prog : TEM_BC2_R34_EXT_new Skid: 168 Paint : 195.
2026-05-13 19:49:07 ------------------ 
2026-05-13 19:50:56 --- Trajectory --- 
2026-05-13 19:50:56 Prog : HURACAN_BC2_R34_Plastic Skid: 164 Paint : 46.
2026-05-13 19:50:57 ------------------ 
2026-05-13 19:55:50  Vol : URUS_PA2_R34_Plastic Skid: 240 Calcul Vol : 87 Color: 55.
2026-05-13 19:55:50  ---------------------------
2026-05-13 19:59:53  Vol : URUS_PA2_BC2_R34_EXT_2026 Skid: 49 Calcul Vol : 409 Color: 55.
2026-05-13 19:59:53  ---------------------------
2026-05-13 20:15:16  Vol : URUS_PA2_BC2_R34_EXT_2026 Skid: 150 Calcul Vol : 401 Color: 10.
2026-05-13 20:15:16  ---------------------------
2026-05-13 20:22:44 --- Trajectory --- 
2026-05-13 20:22:44 Prog : URUS_PA2_R34_Plastic Skid: 240 Paint : 190.
2026-05-13 20:22:44 ------------------ 
2026-05-13 20:28:16  Default Volume : TEM_bc2_int Skid: 158.
2026-05-13 20:28:18  Vol : TEM_bc2_int Skid: 158 Calcul Vol : 700 Color: 68.
2026-05-13 20:28:18  ---------------------------
2026-05-13 20:28:24  Default Volume : TEM_BC2_R34_EXT_new Skid: 158.
2026-05-13 20:28:25  Vol : TEM_BC2_R34_EXT_new Skid: 158 Calcul Vol : 700 Color: 68.
2026-05-13 20:28:25  ---------------------------
2026-05-13 20:32:17 --- Trajectory --- 
2026-05-13 20:32:17 Prog : URUS_PA2_BC2_R34_EXT_2026 Skid: 49 Paint : 373.
2026-05-13 20:32:17 ------------------ 
2026-05-13 20:40:31  Vol : URUS_PA2_R34_Plastic Skid: 169 Calcul Vol : 68 Color: 67.
2026-05-13 20:40:31  ---------------------------
2026-05-13 20:52:51 --- Trajectory --- 
2026-05-13 20:52:51 Prog : URUS_PA2_BC2_R34_EXT_2026 Skid: 150 Paint : 367.
2026-05-13 20:52:51 ------------------ 
2026-05-13 20:54:56  Vol : HURACAN_BC2_R34_Plastic Skid: 110 Calcul Vol : 249 Color: 11.
2026-05-13 20:54:56  ---------------------------
2026-05-13 20:57:45  Default Volume : TEM_bc2_int Skid: 96.
2026-05-13 20:57:47  Vol : TEM_bc2_int Skid: 96 Calcul Vol : 700 Color: 11.
2026-05-13 20:57:47  ---------------------------
2026-05-13 20:57:53  Default Volume : TEM_BC2_R34_EXT_new Skid: 96.
2026-05-13 20:57:54  Vol : TEM_BC2_R34_EXT_new Skid: 96 Calcul Vol : 700 Color: 11.
2026-05-13 20:57:54  ---------------------------
2026-05-13 21:02:00  Vol : URUS_PA2_R34_Plastic Skid: 197 Calcul Vol : 68 Color: 20.
2026-05-13 21:02:00  ---------------------------
2026-05-13 21:04:54 --- Trajectory --- 
2026-05-13 21:04:54 Prog : TEM_bc2_int Skid: 158 Paint : 0.
2026-05-13 21:04:54 ------------------ 
2026-05-13 21:07:23 --- Trajectory --- 
2026-05-13 21:07:23 Prog : TEM_BC2_R34_EXT_new Skid: 158 Paint : 261.
2026-05-13 21:07:23 ------------------ 
2026-05-13 21:10:25  Vol : URUS_PA2_BC2_R34_EXT_2026 Skid: 133 Calcul Vol : 382 Color: 20.
2026-05-13 21:10:25  ---------------------------
2026-05-13 21:10:38 --- Trajectory --- 
2026-05-13 21:10:38 Prog : URUS_PA2_R34_Plastic Skid: 169 Paint : 116.
2026-05-13 21:10:38 ------------------ 
2026-05-13 21:18:34 --- Trajectory --- 
2026-05-13 21:18:34 Prog : HURACAN_BC2_R34_Plastic Skid: 110 Paint : 57.
2026-05-13 21:18:34 ------------------ 
2026-05-13 21:25:36 --- Trajectory --- 
2026-05-13 21:25:36 Prog : TEM_bc2_int Skid: 96 Paint : 0.
2026-05-13 21:25:36 ------------------ 
2026-05-13 21:28:05 --- Trajectory --- 
2026-05-13 21:28:05 Prog : TEM_BC2_R34_EXT_new Skid: 96 Paint : 228.
2026-05-13 21:28:05 ------------------ 
2026-05-13 21:31:21 --- Trajectory --- 
2026-05-13 21:31:21 Prog : URUS_PA2_R34_Plastic Skid: 197 Paint : 155.
2026-05-13 21:31:21 ------------------ 
2026-05-13 21:31:33  Vol : URUS_PA2_R34_Plastic Skid: 253 Calcul Vol : 68 Color: 53.
2026-05-13 21:31:33  ---------------------------
2026-05-13 21:36:48 --- Trajectory --- 
2026-05-13 21:36:48 Prog : URUS_PA2_BC2_R34_EXT_2026 Skid: 133 Paint : 347.
2026-05-13 21:36:48 ------------------ 
2026-05-13 21:50:16 --- Trajectory --- 
2026-05-13 21:50:16 Prog : URUS_PA2_R34_Plastic Skid: 253 Paint : 119.
2026-05-13 21:50:16 ------------------ 
2026-05-13 22:03:33  Vol : URUS_PA2_R34_Plastic Skid: 101 Calcul Vol : 0 Color: 68.
2026-05-13 22:03:33  ---------------------------
2026-05-13 22:08:18  Default Volume : TEM_bc2_int Skid: 160.
2026-05-13 22:08:19  Vol : TEM_bc2_int Skid: 160 Calcul Vol : 700 Color: 9.
2026-05-13 22:08:19  ---------------------------
2026-05-13 22:08:25  Default Volume : HURACAN_SP_BC2_R34_EXT Skid: 160.
2026-05-13 22:08:27  Vol : HURACAN_SP_BC2_R34_EXT Skid: 160 Calcul Vol : 700 Color: 9.
2026-05-13 22:08:27  ---------------------------
2026-05-13 22:11:56  Vol : HURACAN_BC2_R34_Plastic Skid: 46 Calcul Vol : 239 Color: 25.
2026-05-13 22:11:56  ---------------------------
2026-05-13 22:14:55  Default Volume : TEM_bc2_int Skid: 223.
2026-05-13 22:14:56  Vol : TEM_bc2_int Skid: 223 Calcul Vol : 700 Color: 25.
2026-05-13 22:14:56  ---------------------------
2026-05-13 22:15:02  Default Volume : TEM_BC2_R34_EXT_new Skid: 223.
2026-05-13 22:15:04  Vol : TEM_BC2_R34_EXT_new Skid: 223 Calcul Vol : 700 Color: 25.
2026-05-13 22:15:04  ---------------------------
2026-05-13 22:45:29 --- Trajectory --- 
2026-05-13 22:45:29 Prog : URUS_PA2_R34_Plastic Skid: 101 Paint : 92.
2026-05-13 22:45:29 ------------------ 
2026-05-13 22:45:48  Vol : URUS_PA2_BC2_R34_EXT_2026 Skid: 245 Calcul Vol : 22185 Color: 11.
2026-05-13 22:45:48  ---------------------------
2026-05-13 22:54:19  Default Volume : TEM_bc2_int Skid: 207.
2026-05-13 22:54:20  Vol : TEM_bc2_int Skid: 207 Calcul Vol : 700 Color: 16.
2026-05-13 22:54:20  ---------------------------
2026-05-13 22:54:26  Default Volume : TEM_BC2_R34_EXT_new Skid: 207.
2026-05-13 22:54:28  Vol : TEM_BC2_R34_EXT_new Skid: 207 Calcul Vol : 700 Color: 16.
2026-05-13 22:54:28  ---------------------------
2026-05-13 23:15:31 --- Trajectory --- 
2026-05-13 23:15:31 Prog : HURACAN_BC2_R34_Plastic Skid: 46 Paint : 55.
2026-05-13 23:15:31 ------------------ 
2026-05-13 23:18:52 --- Trajectory --- 
2026-05-13 23:18:52 Prog : TEM_bc2_int Skid: 223 Paint : 0.
2026-05-13 23:18:52 ------------------ 
2026-05-13 23:21:22 --- Trajectory --- 
2026-05-13 23:21:22 Prog : TEM_BC2_R34_EXT_new Skid: 223 Paint : 268.
2026-05-13 23:21:22 ------------------ 
2026-05-13 23:31:49  Vol : URUS_PA2_BC2_R34_EXT_2026 Skid: 56 Calcul Vol : 20650 Color: 146.
2026-05-13 23:31:49  ---------------------------
2026-05-13 23:34:49 --- Trajectory --- 
2026-05-13 23:34:49 Prog : URUS_PA2_BC2_R34_EXT_2026 Skid: 245 Paint : 437.
2026-05-13 23:34:49 ------------------ 
2026-05-13 23:43:54  Default Volume : TEM_bc2_int Skid: 207.
2026-05-13 23:43:56  Vol : TEM_bc2_int Skid: 207 Calcul Vol : 700 Color: 16.
2026-05-13 23:43:56  ---------------------------
2026-05-13 23:44:02  Default Volume : TEM_BC2_R34_EXT_new Skid: 207.
2026-05-13 23:44:03  Vol : TEM_BC2_R34_EXT_new Skid: 207 Calcul Vol : 700 Color: 16.
2026-05-13 23:44:03  ---------------------------
2026-05-13 23:50:13  Vol : URUS_PA2_R34_Plastic Skid: 192 Calcul Vol : 104 Color: 146.
2026-05-13 23:50:13  ---------------------------
2026-05-13 23:54:16  Vol : URUS_PA2_BC2_R34_EXT_2026 Skid: 14 Calcul Vol : 535 Color: 11.
2026-05-13 23:54:16  ---------------------------
2026-05-14 00:04:27 --- Trajectory --- 
2026-05-14 00:04:27 Prog : URUS_PA2_BC2_R34_EXT_2026 Skid: 56 Paint : 423.
2026-05-14 00:04:27 ------------------ 
2026-05-14 00:07:19 --- Trajectory --- 
2026-05-14 00:07:19 Prog : TEM_bc2_int Skid: 207 Paint : 0.
2026-05-14 00:07:19 ------------------ 
2026-05-14 00:07:52  Vol : URUS_PA2_BC2_R34_EXT_2026 Skid: 163 Calcul Vol : 443 Color: 68.
2026-05-14 00:07:52  ---------------------------
2026-05-14 00:09:27 --- Trajectory --- 
2026-05-14 00:09:27 Prog : TEM_BC2_R34_EXT_new Skid: 207 Paint : 124.
2026-05-14 00:09:27 ------------------ 
2026-05-14 00:18:07 --- Trajectory --- 
2026-05-14 00:18:07 Prog : URUS_PA2_R34_Plastic Skid: 192 Paint : 169.
2026-05-14 00:18:07 ------------------ 
2026-05-14 00:23:32  Vol : URUS_PA2_R34_Plastic Skid: 240 Calcul Vol : 120 Color: 56.
2026-05-14 00:23:32  ---------------------------
2026-05-14 00:25:08 --- Trajectory --- 
2026-05-14 00:25:08 Prog : URUS_PA2_BC2_R34_EXT_2026 Skid: 14 Paint : 500.
2026-05-14 00:25:08 ------------------ 
2026-05-14 00:29:02  Vol : URUS_PA2_BC2_R34_EXT_2026 Skid: 49 Calcul Vol : 457 Color: 56.
2026-05-14 00:29:02  ---------------------------
2026-05-14 00:40:28  Default Volume : TEM_bc2_int Skid: 158.
2026-05-14 00:40:30  Vol : TEM_bc2_int Skid: 158 Calcul Vol : 700 Color: 69.
2026-05-14 00:40:30  ---------------------------
2026-05-14 00:40:36  Default Volume : TEM_BC2_R34_EXT_new Skid: 158.
2026-05-14 00:40:37  Vol : TEM_BC2_R34_EXT_new Skid: 158 Calcul Vol : 700 Color: 69.
2026-05-14 00:40:37  ---------------------------
2026-05-14 00:41:40 --- Trajectory --- 
2026-05-14 00:41:40 Prog : URUS_PA2_BC2_R34_EXT_2026 Skid: 163 Paint : 409.
2026-05-14 00:41:40 ------------------ 
2026-05-14 00:49:51  Vol : HURACAN_BC2_R34_Plastic Skid: 91 Calcul Vol : 154 Color: 34.
2026-05-14 00:49:51  ---------------------------
2026-05-14 00:53:50  Default Volume : TEM_bc2_int Skid: 52.
2026-05-14 00:53:51  Vol : TEM_bc2_int Skid: 52 Calcul Vol : 700 Color: 34.
2026-05-14 00:53:51  ---------------------------
2026-05-14 00:53:57  Default Volume : TEM_BC2_R34_EXT_new Skid: 52.
2026-05-14 00:53:59  Vol : TEM_BC2_R34_EXT_new Skid: 52 Calcul Vol : 700 Color: 34.
2026-05-14 00:53:59  ---------------------------
2026-05-14 00:54:20 --- Trajectory --- 
2026-05-14 00:54:20 Prog : URUS_PA2_R34_Plastic Skid: 240 Paint : 127.
2026-05-14 00:54:20 ------------------ 
2026-05-14 00:58:44  Vol : URUS_PA2_BC2_R34_EXT_2026 Skid: 68 Calcul Vol : 18679 Color: 62.
2026-05-14 00:58:44  ---------------------------
2026-05-14 01:01:42 --- Trajectory --- 
2026-05-14 01:01:42 Prog : URUS_PA2_BC2_R34_EXT_2026 Skid: 49 Paint : 445.
2026-05-14 01:01:42 ------------------ 
2026-05-14 01:04:01  Vol : URUS_PA2_R34_Plastic Skid: 101 Calcul Vol : 0 Color: 69.
2026-05-14 01:04:01  ---------------------------
2026-05-14 01:09:46 --- Trajectory --- 
2026-05-14 01:09:46 Prog : TEM_bc2_int Skid: 158 Paint : 0.
2026-05-14 01:09:46 ------------------ 
2026-05-14 01:12:14 --- Trajectory --- 
2026-05-14 01:12:14 Prog : TEM_BC2_R34_EXT_new Skid: 158 Paint : 167.
2026-05-14 01:12:14 ------------------ 
2026-05-14 01:24:26 --- Trajectory --- 
2026-05-14 01:24:26 Prog : HURACAN_BC2_R34_Plastic Skid: 91 Paint : 36.
2026-05-14 01:24:26 ------------------ 
2026-05-14 01:28:19  Default Volume : TEM_bc2_int Skid: 12.
2026-05-14 01:28:21  Vol : TEM_bc2_int Skid: 12 Calcul Vol : 700 Color: 15.
2026-05-14 01:28:21  ---------------------------
2026-05-14 01:28:27  Default Volume : TEM_BC2_R34_EXT_new Skid: 12.
2026-05-14 01:28:29  Vol : TEM_BC2_R34_EXT_new Skid: 12 Calcul Vol : 700 Color: 15.
2026-05-14 01:28:29  ---------------------------
2026-05-14 01:29:06 --- Trajectory --- 
2026-05-14 01:29:06 Prog : TEM_bc2_int Skid: 52 Paint : 0.
2026-05-14 01:29:06 ------------------ 
2026-05-14 01:31:35 --- Trajectory --- 
2026-05-14 01:31:35 Prog : TEM_BC2_R34_EXT_new Skid: 52 Paint : 140.
2026-05-14 01:31:35 ------------------ 
2026-05-14 01:38:14 --- Trajectory --- 
2026-05-14 01:38:14 Prog : URUS_PA2_BC2_R34_EXT_2026 Skid: 68 Paint : 379.
2026-05-14 01:38:14 ------------------ 
2026-05-14 01:52:32  Vol : URUS_PA2_R34_Plastic Skid: 101 Calcul Vol : 0 Color: 69.
2026-05-14 01:52:32  ---------------------------
2026-05-14 01:58:54  Vol : URUS_PA2_R34_Plastic Skid: 22 Calcul Vol : 89 Color: 27.
2026-05-14 01:58:54  ---------------------------
2026-05-14 02:06:58 --- Trajectory --- 
2026-05-14 02:06:58 Prog : TEM_bc2_int Skid: 12 Paint : 0.
2026-05-14 02:06:58 ------------------ 
2026-05-14 02:07:46  Vol : URUS_PA2_BC2_R34_EXT_2026 Skid: 149 Calcul Vol : 403 Color: 15.
2026-05-14 02:07:46  ---------------------------
2026-05-14 02:09:26 --- Trajectory --- 
2026-05-14 02:09:27 Prog : TEM_BC2_R34_EXT_new Skid: 12 Paint : 149.
2026-05-14 02:09:27 ------------------ 
2026-05-14 02:13:33 --- Trajectory --- 
2026-05-14 02:13:33 Prog : URUS_PA2_R34_Plastic Skid: 101 Paint : 81.
2026-05-14 02:13:33 ------------------ 
2026-05-14 02:24:14 --- Trajectory --- 
2026-05-14 02:24:14 Prog : URUS_PA2_R34_Plastic Skid: 22 Paint : 138.
2026-05-14 02:24:14 ------------------ 
2026-05-14 02:25:20  Vol : HURACAN_BC2_R34_Plastic Skid: 111 Calcul Vol : 153 Color: 29.
2026-05-14 02:25:20  ---------------------------
2026-05-14 02:28:10  Vol : URUS_PA2_R34_Plastic Skid: 2 Calcul Vol : 73 Color: 97.
2026-05-14 02:28:10  ---------------------------
2026-05-14 02:34:52 --- Trajectory --- 
2026-05-14 02:34:52 Prog : URUS_PA2_BC2_R34_EXT_2026 Skid: 149 Paint : 368.
2026-05-14 02:34:52 ------------------ 
2026-05-14 02:39:48  Default Volume : TEM_bc2_int Skid: 202.
2026-05-14 02:39:49  Vol : TEM_bc2_int Skid: 202 Calcul Vol : 700 Color: 29.
2026-05-14 02:39:49  ---------------------------
2026-05-14 02:39:55  Default Volume : TEM_BC2_R34_EXT_new Skid: 202.
2026-05-14 02:39:57  Vol : TEM_BC2_R34_EXT_new Skid: 202 Calcul Vol : 700 Color: 29.
2026-05-14 02:39:57  ---------------------------
2026-05-14 02:47:25 --- Trajectory --- 
2026-05-14 02:47:25 Prog : HURACAN_BC2_R34_Plastic Skid: 111 Paint : 36.
2026-05-14 02:47:25 ------------------ 
2026-05-14 02:52:08 --- Trajectory --- 
2026-05-14 02:52:08 Prog : URUS_PA2_R34_Plastic Skid: 2 Paint : 159.
2026-05-14 02:52:08 ------------------ 
2026-05-14 03:05:12 --- Trajectory --- 
2026-05-14 03:05:12 Prog : TEM_bc2_int Skid: 202 Paint : 0.
2026-05-14 03:05:12 ------------------ 
2026-05-14 03:07:40 --- Trajectory --- 
2026-05-14 03:07:40 Prog : TEM_BC2_R34_EXT_new Skid: 202 Paint : 139.
2026-05-14 03:07:40 ------------------ 
2026-05-14 03:48:32  Vol : URUS_PA2_BC2_R34_EXT_2026 Skid: 163 Calcul Vol : 418 Color: 69.
2026-05-14 03:48:32  ---------------------------
2026-05-14 04:13:45 --- Trajectory --- 
2026-05-14 04:13:45 Prog : URUS_PA2_BC2_R34_EXT_2026 Skid: 163 Paint : 384.
2026-05-14 04:13:45 ------------------ 
2026-05-14 04:15:11  Vol : URUS_PA2_BC2_R34_EXT_2026 Skid: 221 Calcul Vol : 410 Color: 53.
2026-05-14 04:15:11  ---------------------------
2026-05-14 04:20:17  Vol : URUS_PA2_R34_Plastic Skid: 67 Calcul Vol : 68 Color: 20.
2026-05-14 04:20:17  ---------------------------
2026-05-14 04:38:04 --- Trajectory --- 
2026-05-14 04:38:04 Prog : URUS_PA2_BC2_R34_EXT_2026 Skid: 221 Paint : 375.
2026-05-14 04:38:04 ------------------ 
2026-05-14 05:53:35 --- Trajectory --- 
2026-05-14 05:53:35 Prog : HURACAN_BC2_R34_Plastic Skid: 15651 Paint : 83.
2026-05-14 05:53:35 ------------------ 
