2026-03-27 04:17:56  Default Volume : URUS_PA2_BC2_R34_EXT_2026 Skid: 213.
2026-03-27 04:17:57  Vol : URUS_PA2_BC2_R34_EXT_2026 Skid: 213 Calcul Vol : 700 Color: 38.
2026-03-27 04:17:57  ---------------------------
2026-03-27 04:18:22 --- Trajectory --- 
2026-03-27 04:18:22 Prog : URUS_PA2_BC2_R34_EXT_2026 Skid: 85 Paint : 375.
2026-03-27 04:18:22 ------------------ 
2026-03-27 04:22:35 --- Trajectory --- 
2026-03-27 04:22:35 Prog : URUS_PA2_R34_Plastic Skid: 186 Paint : 71.
2026-03-27 04:22:35 ------------------ 
2026-03-27 05:28:04 --- Trajectory --- 
2026-03-27 05:28:04 Prog : HURACAN_BC2_R34_EXT_new Skid: 15558 Paint : 208.
2026-03-27 05:28:04 ------------------ 
2026-03-27 06:21:13 --- Trajectory --- 
2026-03-27 06:21:13 Prog : URUS_PA2_BC2_R34_EXT_2026 Skid: 213 Paint : 279.
2026-03-27 06:21:13 ------------------ 
2026-03-27 06:24:13  Default Volume : URUS_PA2_BC2_R34_EXT_2026 Skid: 197.
2026-03-27 06:24:15  Vol : URUS_PA2_BC2_R34_EXT_2026 Skid: 197 Calcul Vol : 700 Color: 11.
2026-03-27 06:24:15  ---------------------------
2026-03-27 06:47:44  Default Volume : URUS_PA2_BC2_R34_EXT_2026 Skid: 206.
2026-03-27 06:47:45  Vol : URUS_PA2_BC2_R34_EXT_2026 Skid: 206 Calcul Vol : 700 Color: 11.
2026-03-27 06:47:45  ---------------------------
2026-03-27 06:53:20 --- Trajectory --- 
2026-03-27 06:53:20 Prog : URUS_PA2_BC2_R34_EXT_2026 Skid: 197 Paint : 476.
2026-03-27 06:53:20 ------------------ 
2026-03-27 06:59:41  Default Volume : HURACAN_BC2_INT Skid: 80.
2026-03-27 06:59:43  Vol : HURACAN_BC2_INT Skid: 80 Calcul Vol : 700 Color: 15.
2026-03-27 06:59:43  ---------------------------
2026-03-27 06:59:49  Vol : HURACAN_BC2_R34_EXT_new Skid: 80 Calcul Vol : 111 Color: 15.
2026-03-27 06:59:50  ---------------------------
2026-03-27 07:14:20 --- Trajectory --- 
2026-03-27 07:14:20 Prog : URUS_PA2_BC2_R34_EXT_2026 Skid: 206 Paint : 476.
2026-03-27 07:14:20 ------------------ 
2026-03-27 07:15:26  Default Volume : URUS_PA2_BC2_R34_EXT_2026 Skid: 126.
2026-03-27 07:15:28  Vol : URUS_PA2_BC2_R34_EXT_2026 Skid: 126 Calcul Vol : 700 Color: 51.
2026-03-27 07:15:28  ---------------------------
2026-03-27 07:20:35 --- Trajectory --- 
2026-03-27 07:20:36 Prog : HURACAN_BC2_INT Skid: 80 Paint : 0.
2026-03-27 07:20:36 ------------------ 
2026-03-27 07:22:43 --- Trajectory --- 
2026-03-27 07:22:43 Prog : HURACAN_BC2_R34_EXT_new Skid: 80 Paint : 81.
2026-03-27 07:22:43 ------------------ 
2026-03-27 07:36:38  Vol : HURACAN_BC2_R34_Plastic Skid: 79 Calcul Vol : 159 Color: 53.
2026-03-27 07:36:38  ---------------------------
2026-03-27 07:41:10  Default Volume : HURACAN_BC2_INT Skid: 240.
2026-03-27 07:41:12  Vol : HURACAN_BC2_INT Skid: 240 Calcul Vol : 700 Color: 53.
2026-03-27 07:41:12  ---------------------------
2026-03-27 07:41:18  Vol : HURACAN_BC2_R34_EXT_new Skid: 240 Calcul Vol : 136 Color: 53.
2026-03-27 07:41:18  ---------------------------
2026-03-27 07:45:01 --- Trajectory --- 
2026-03-27 07:45:01 Prog : URUS_PA2_BC2_R34_EXT_2026 Skid: 126 Paint : 224.
2026-03-27 07:45:01 ------------------ 
2026-03-27 07:55:35 --- Trajectory --- 
2026-03-27 07:55:35 Prog : HURACAN_BC2_R34_Plastic Skid: 79 Paint : 33.
2026-03-27 07:55:35 ------------------ 
2026-03-27 08:02:19 --- Trajectory --- 
2026-03-27 08:02:19 Prog : HURACAN_BC2_INT Skid: 240 Paint : 0.
2026-03-27 08:02:19 ------------------ 
2026-03-27 08:04:48 --- Trajectory --- 
2026-03-27 08:04:48 Prog : HURACAN_BC2_R34_EXT_new Skid: 240 Paint : 195.
2026-03-27 08:04:48 ------------------ 
2026-03-27 08:07:41  Vol : URUS_PA2_R34_Plastic Skid: 102 Calcul Vol : 147 Color: 34.
2026-03-27 08:07:41  ---------------------------
2026-03-27 08:21:46 --- Trajectory --- 
2026-03-27 08:21:46 Prog : URUS_PA2_R34_Plastic Skid: 102 Paint : 115.
2026-03-27 08:21:46 ------------------ 
2026-03-27 08:40:30  Vol : URUS_PA2_R34_Plastic Skid: 259 Calcul Vol : 104 Color: 145.
2026-03-27 08:40:30  ---------------------------
2026-03-27 08:43:11  Default Volume : URUS_PA2_BC2_R34_EXT_2026 Skid: 237.
2026-03-27 08:43:12  Vol : URUS_PA2_BC2_R34_EXT_2026 Skid: 237 Calcul Vol : 700 Color: 145.
2026-03-27 08:43:12  ---------------------------
2026-03-27 08:47:26  Default Volume : URUS_PA2_BC2_R34_EXT_2026 Skid: 26.
2026-03-27 08:47:28  Vol : URUS_PA2_BC2_R34_EXT_2026 Skid: 26 Calcul Vol : 700 Color: 113.
2026-03-27 08:47:28  ---------------------------
2026-03-27 09:00:52  Vol : URUS_PA2_R34_Plastic Skid: 168 Calcul Vol : 84 Color: 22.
2026-03-27 09:00:52  ---------------------------
2026-03-27 09:00:59 --- Trajectory --- 
2026-03-27 09:00:59 Prog : URUS_PA2_R34_Plastic Skid: 259 Paint : 139.
2026-03-27 09:00:59 ------------------ 
2026-03-27 09:03:39  Default Volume : URUS_PA2_BC2_R34_EXT_2026 Skid: 4.
2026-03-27 09:03:40  Vol : URUS_PA2_BC2_R34_EXT_2026 Skid: 4 Calcul Vol : 700 Color: 22.
2026-03-27 09:03:40  ---------------------------
2026-03-27 09:07:37 --- Trajectory --- 
2026-03-27 09:07:37 Prog : URUS_PA2_BC2_R34_EXT_2026 Skid: 237 Paint : 463.
2026-03-27 09:07:37 ------------------ 
2026-03-27 09:12:16 --- Trajectory --- 
2026-03-27 09:12:16 Prog : URUS_PA2_BC2_R34_EXT_2026 Skid: 26 Paint : 751.
2026-03-27 09:12:16 ------------------ 
2026-03-27 09:16:57  Vol : URUS_PA2_R34_Plastic Skid: 222 Calcul Vol : 31 Color: 131.
2026-03-27 09:16:57  ---------------------------
2026-03-27 09:26:40 --- Trajectory --- 
2026-03-27 09:26:41 Prog : URUS_PA2_R34_Plastic Skid: 168 Paint : 84.
2026-03-27 09:26:41 ------------------ 
2026-03-27 09:31:49 --- Trajectory --- 
2026-03-27 09:31:49 Prog : URUS_PA2_BC2_R34_EXT_2026 Skid: 4 Paint : 484.
2026-03-27 09:31:49 ------------------ 
2026-03-27 09:34:31  Default Volume : URUS_PA2_BC2_R34_EXT_2026 Skid: 38.
2026-03-27 09:34:33  Vol : URUS_PA2_BC2_R34_EXT_2026 Skid: 38 Calcul Vol : 700 Color: 11.
2026-03-27 09:34:33  ---------------------------
2026-03-27 09:41:00 --- Trajectory --- 
2026-03-27 09:41:00 Prog : URUS_PA2_R34_Plastic Skid: 222 Paint : 71.
2026-03-27 09:41:00 ------------------ 
2026-03-27 09:58:19 --- Trajectory --- 
2026-03-27 09:58:19 Prog : URUS_PA2_BC2_R34_EXT_2026 Skid: 38 Paint : 476.
2026-03-27 09:58:19 ------------------ 
2026-03-27 10:11:08  Vol : HURACAN_BC2_R34_Plastic Skid: 111 Calcul Vol : 154 Color: 34.
2026-03-27 10:11:08  ---------------------------
2026-03-27 10:15:03  Default Volume : HURACAN_BC2_INT Skid: 244.
2026-03-27 10:15:05  Vol : HURACAN_BC2_INT Skid: 244 Calcul Vol : 700 Color: 34.
2026-03-27 10:15:05  ---------------------------
2026-03-27 10:15:12  Vol : HURACAN_BC2_R34_EXT_new Skid: 244 Calcul Vol : 188 Color: 34.
2026-03-27 10:15:12  ---------------------------
2026-03-27 10:25:50  Default Volume : HURACAN_BC2_INT Skid: 20.
2026-03-27 10:25:52  Vol : HURACAN_BC2_INT Skid: 20 Calcul Vol : 700 Color: 29.
2026-03-27 10:25:52  ---------------------------
2026-03-27 10:25:58  Vol : HURACAN_BC2_R34_EXT_new Skid: 20 Calcul Vol : 187 Color: 29.
2026-03-27 10:25:58  ---------------------------
2026-03-27 10:56:43 --- Trajectory --- 
2026-03-27 10:56:43 Prog : HURACAN_BC2_R34_Plastic Skid: 111 Paint : 36.
2026-03-27 10:56:43 ------------------ 
2026-03-27 11:01:49 --- Trajectory --- 
2026-03-27 11:01:49 Prog : HURACAN_BC2_INT Skid: 244 Paint : 0.
2026-03-27 11:01:49 ------------------ 
2026-03-27 11:03:38  Vol : HURACAN_BC2_R34_Plastic Skid: 17 Calcul Vol : 142 Color: 29.
2026-03-27 11:03:38  ---------------------------
2026-03-27 11:04:18 --- Trajectory --- 
2026-03-27 11:04:18 Prog : HURACAN_BC2_R34_EXT_new Skid: 244 Paint : 140.
2026-03-27 11:04:18 ------------------ 
2026-03-27 11:07:00 --- Trajectory --- 
2026-03-27 11:07:00 Prog : HURACAN_BC2_INT Skid: 20 Paint : 0.
2026-03-27 11:07:00 ------------------ 
2026-03-27 11:09:29 --- Trajectory --- 
2026-03-27 11:09:29 Prog : HURACAN_BC2_R34_EXT_new Skid: 20 Paint : 139.
2026-03-27 11:09:29 ------------------ 
2026-03-27 11:13:39  Vol : HURACAN_BC2_R34_Plastic Skid: 59 Calcul Vol : 141 Color: 16.
2026-03-27 11:13:39  ---------------------------
2026-03-27 11:21:58  Default Volume : HURACAN_BC2_INT Skid: 163.
2026-03-27 11:21:59  Vol : HURACAN_BC2_INT Skid: 163 Calcul Vol : 700 Color: 16.
2026-03-27 11:21:59  ---------------------------
2026-03-27 11:22:06  Vol : HURACAN_BC2_R34_EXT_new Skid: 163 Calcul Vol : 178 Color: 16.
2026-03-27 11:22:06  ---------------------------
2026-03-27 11:27:30  Vol : URUS_PA2_R34_Plastic Skid: 232 Calcul Vol : 7301 Color: 26.
2026-03-27 11:27:30  ---------------------------
2026-03-27 11:32:47 --- Trajectory --- 
2026-03-27 11:32:47 Prog : HURACAN_BC2_R34_Plastic Skid: 17 Paint : 26.
2026-03-27 11:32:48 ------------------ 
2026-03-27 11:38:14 --- Trajectory --- 
2026-03-27 11:38:14 Prog : HURACAN_BC2_R34_Plastic Skid: 59 Paint : 17.
2026-03-27 11:38:14 ------------------ 
2026-03-27 11:43:23  Vol : URUS_PA2_R34_Plastic Skid: 192 Calcul Vol : 69 Color: 137.
2026-03-27 11:43:23  ---------------------------
2026-03-27 11:44:12 --- Trajectory --- 
2026-03-27 11:44:12 Prog : HURACAN_BC2_INT Skid: 163 Paint : 0.
2026-03-27 11:44:12 ------------------ 
2026-03-27 11:46:48 --- Trajectory --- 
2026-03-27 11:46:48 Prog : HURACAN_BC2_R34_EXT_new Skid: 163 Paint : 146.
2026-03-27 11:46:48 ------------------ 
2026-03-27 11:48:09  Default Volume : URUS_PA2_BC2_R34_EXT_2026 Skid: 29.
2026-03-27 11:48:11  Vol : URUS_PA2_BC2_R34_EXT_2026 Skid: 29 Calcul Vol : 700 Color: 137.
2026-03-27 11:48:11  ---------------------------
2026-03-27 11:52:06 --- Trajectory --- 
2026-03-27 11:52:06 Prog : URUS_PA2_R34_Plastic Skid: 232 Paint : 297.
2026-03-27 11:52:06 ------------------ 
2026-03-27 11:57:42  Vol : URUS_PA2_R34_Plastic Skid: 253 Calcul Vol : 111 Color: 26.
2026-03-27 11:57:42  ---------------------------
2026-03-27 12:01:29  Default Volume : URUS_PA2_BC2_R34_EXT_2026 Skid: 50.
2026-03-27 12:01:31  Vol : URUS_PA2_BC2_R34_EXT_2026 Skid: 50 Calcul Vol : 700 Color: 26.
2026-03-27 12:01:31  ---------------------------
2026-03-27 12:03:42 --- Trajectory --- 
2026-03-27 12:03:42 Prog : URUS_PA2_R34_Plastic Skid: 192 Paint : 145.
2026-03-27 12:03:42 ------------------ 
2026-03-27 12:10:36 --- Trajectory --- 
2026-03-27 12:10:36 Prog : URUS_PA2_BC2_R34_EXT_2026 Skid: 29 Paint : 610.
2026-03-27 12:10:36 ------------------ 
2026-03-27 12:26:11  Default Volume : URUS_PA2_BC2_R34_EXT_2026 Skid: 7.
2026-03-27 12:26:12  Vol : URUS_PA2_BC2_R34_EXT_2026 Skid: 7 Calcul Vol : 700 Color: 12.
2026-03-27 12:26:12  ---------------------------
2026-03-27 12:33:55 --- Trajectory --- 
2026-03-27 12:33:55 Prog : URUS_PA2_R34_Plastic Skid: 253 Paint : 150.
2026-03-27 12:33:55 ------------------ 
2026-03-27 12:54:12 --- Trajectory --- 
2026-03-27 12:54:12 Prog : URUS_PA2_BC2_R34_EXT_2026 Skid: 50 Paint : 357.
2026-03-27 12:54:12 ------------------ 
2026-03-27 13:05:58 --- Trajectory --- 
2026-03-27 13:05:58 Prog : URUS_PA2_BC2_R34_EXT_2026 Skid: 7 Paint : 438.
2026-03-27 13:05:58 ------------------ 
2026-03-28 14:43:20 --- Trajectory --- 
2026-03-28 14:43:20 Prog : URUS_PA2_BC2_R34_EXT_2026 Skid: 7 Paint : 0.
2026-03-28 14:43:20 ------------------ 
2026-03-30 04:47:28 --- Trajectory --- 
2026-03-30 04:47:28 Prog : HURACAN_BC2_R34_EXT_new Skid: 15560 Paint : 231.
2026-03-30 04:47:28 ------------------ 
2026-03-30 06:16:26  Vol : URUS_PA2_R34_Plastic Skid: 259 Calcul Vol : 104 Color: 146.
2026-03-30 06:16:26  ---------------------------
2026-03-30 06:21:05  Default Volume : URUS_PA2_BC2_R34_EXT_2026 Skid: 237.
2026-03-30 06:21:06  Vol : URUS_PA2_BC2_R34_EXT_2026 Skid: 237 Calcul Vol : 700 Color: 146.
2026-03-30 06:21:06  ---------------------------
2026-03-30 06:26:00  Default Volume : HURACAN_BC2_INT Skid: 12.
2026-03-30 06:26:01  Vol : HURACAN_BC2_INT Skid: 12 Calcul Vol : 700 Color: 112.
2026-03-30 06:26:01  ---------------------------
2026-03-30 06:26:08  Vol : HURACAN_BC2_R34_EXT_new Skid: 12 Calcul Vol : 34 Color: 112.
2026-03-30 06:26:08  ---------------------------
2026-03-30 06:37:17 --- Trajectory --- 
2026-03-30 06:37:17 Prog : URUS_PA2_R34_Plastic Skid: 259 Paint : 139.
2026-03-30 06:37:17 ------------------ 
2026-03-30 06:45:27 --- Trajectory --- 
2026-03-30 06:45:27 Prog : URUS_PA2_BC2_R34_EXT_2026 Skid: 237 Paint : 463.
2026-03-30 06:45:27 ------------------ 
2026-03-30 06:47:04 --- Trajectory --- 
2026-03-30 06:47:04 Prog : HURACAN_BC2_INT Skid: 12 Paint : 0.
2026-03-30 06:47:04 ------------------ 
2026-03-30 06:47:27 --- Trajectory --- 
2026-03-30 06:47:27 Prog : HURACAN_BC2_R34_EXT_new Skid: 12 Paint : 0.
2026-03-30 06:47:27 ------------------ 
2026-03-30 07:01:21  Vol : URUS_PA2_R34_Plastic Skid: 222 Calcul Vol : 0 Color: 55.
2026-03-30 07:01:21  ---------------------------
2026-03-30 07:11:59  Default Volume : URUS_PA2_BC2_R34_EXT_2026 Skid: 36.
2026-03-30 07:12:01  Vol : URUS_PA2_BC2_R34_EXT_2026 Skid: 36 Calcul Vol : 700 Color: 34.
2026-03-30 07:12:01  ---------------------------
2026-03-30 07:38:40 --- Trajectory --- 
2026-03-30 07:38:40 Prog : URUS_PA2_R34_Plastic Skid: 222 Paint : 91.
2026-03-30 07:38:40 ------------------ 
2026-03-30 07:40:59  Default Volume : URUS_PA2_BC2_R34_EXT_2026 Skid: 150.
2026-03-30 07:41:01  Vol : URUS_PA2_BC2_R34_EXT_2026 Skid: 150 Calcul Vol : 700 Color: 26.
2026-03-30 07:41:01  ---------------------------
2026-03-30 07:47:12 --- Trajectory --- 
2026-03-30 07:47:12 Prog : URUS_PA2_BC2_R34_EXT_2026 Skid: 36 Paint : 408.
2026-03-30 07:47:12 ------------------ 
2026-03-30 07:50:07  Default Volume : HURACAN_BC2_INT Skid: 244.
2026-03-30 07:50:08  Vol : HURACAN_BC2_INT Skid: 244 Calcul Vol : 700 Color: 35.
2026-03-30 07:50:08  ---------------------------
2026-03-30 07:50:15  Vol : HURACAN_BC2_R34_EXT_new Skid: 244 Calcul Vol : 235 Color: 35.
2026-03-30 07:50:15  ---------------------------
2026-03-30 07:53:50  Vol : HURACAN_BC2_R34_Plastic Skid: 111 Calcul Vol : 224 Color: 35.
2026-03-30 07:53:50  ---------------------------
2026-03-30 08:08:37  Vol : HURACAN_BC2_R34_Plastic Skid: 79 Calcul Vol : 280 Color: 13.
2026-03-30 08:08:37  ---------------------------
2026-03-30 08:13:24  Default Volume : HURACAN_BC2_INT Skid: 60.
2026-03-30 08:13:26  Vol : HURACAN_BC2_INT Skid: 60 Calcul Vol : 700 Color: 13.
2026-03-30 08:13:26  ---------------------------
2026-03-30 08:13:33  Vol : HURACAN_BC2_R34_EXT_new Skid: 60 Calcul Vol : 318 Color: 13.
2026-03-30 08:13:33  ---------------------------
2026-03-30 08:18:33 --- Trajectory --- 
2026-03-30 08:18:33 Prog : URUS_PA2_BC2_R34_EXT_2026 Skid: 150 Paint : 386.
2026-03-30 08:18:33 ------------------ 
2026-03-30 08:21:10 --- Trajectory --- 
2026-03-30 08:21:10 Prog : HURACAN_BC2_INT Skid: 244 Paint : 0.
2026-03-30 08:21:10 ------------------ 
2026-03-30 08:23:38 --- Trajectory --- 
2026-03-30 08:23:38 Prog : HURACAN_BC2_R34_EXT_new Skid: 244 Paint : 184.
2026-03-30 08:23:38 ------------------ 
2026-03-30 08:25:18 --- Trajectory --- 
2026-03-30 08:25:18 Prog : HURACAN_BC2_R34_Plastic Skid: 111 Paint : 52.
2026-03-30 08:25:18 ------------------ 
2026-03-30 08:34:30 --- Trajectory --- 
2026-03-30 08:34:30 Prog : HURACAN_BC2_R34_Plastic Skid: 79 Paint : 70.
2026-03-30 08:34:30 ------------------ 
2026-03-30 08:40:14 --- Trajectory --- 
2026-03-30 08:40:14 Prog : HURACAN_BC2_INT Skid: 60 Paint : 0.
2026-03-30 08:40:14 ------------------ 
2026-03-30 08:42:43 --- Trajectory --- 
2026-03-30 08:42:43 Prog : HURACAN_BC2_R34_EXT_new Skid: 60 Paint : 251.
2026-03-30 08:42:43 ------------------ 
2026-03-30 08:59:21  Default Volume : HURACAN_BC2_INT Skid: 12.
2026-03-30 08:59:22  Vol : HURACAN_BC2_INT Skid: 12 Calcul Vol : 700 Color: 113.
2026-03-30 08:59:22  ---------------------------
2026-03-30 08:59:29  Vol : HURACAN_BC2_R34_EXT_new Skid: 12 Calcul Vol : 46 Color: 113.
2026-03-30 08:59:29  ---------------------------
2026-03-30 09:22:33  Vol : URUS_PA2_R34_Plastic Skid: 101 Calcul Vol : 68 Color: 53.
2026-03-30 09:22:33  ---------------------------
2026-03-30 09:23:55 --- Trajectory --- 
2026-03-30 09:23:55 Prog : HURACAN_BC2_INT Skid: 12 Paint : 0.
2026-03-30 09:23:55 ------------------ 
2026-03-30 09:24:18 --- Trajectory --- 
2026-03-30 09:24:18 Prog : HURACAN_BC2_R34_EXT_new Skid: 12 Paint : 0.
2026-03-30 09:24:18 ------------------ 
2026-03-30 09:42:39  Vol : URUS_PA2_R34_Plastic Skid: 232 Calcul Vol : 98 Color: 38.
2026-03-30 09:42:39  ---------------------------
2026-03-30 09:50:00 --- Trajectory --- 
2026-03-30 09:50:00 Prog : URUS_PA2_R34_Plastic Skid: 101 Paint : 152.
2026-03-30 09:50:00 ------------------ 
2026-03-30 09:52:17  Vol : URUS_PA2_R34_Plastic Skid: 222 Calcul Vol : 0 Color: 56.
2026-03-30 09:52:17  ---------------------------
2026-03-30 10:00:37 --- Trajectory --- 
2026-03-30 10:00:37 Prog : URUS_PA2_R34_Plastic Skid: 232 Paint : 150.
2026-03-30 10:00:37 ------------------ 
2026-03-30 10:08:49  Vol : URUS_PA2_R34_Plastic Skid: 109 Calcul Vol : 147 Color: 34.
2026-03-30 10:08:49  ---------------------------
2026-03-30 10:13:21 --- Trajectory --- 
2026-03-30 10:13:21 Prog : URUS_PA2_R34_Plastic Skid: 222 Paint : 69.
2026-03-30 10:13:21 ------------------ 
2026-03-30 10:14:15  Default Volume : URUS_PA2_BC2_R34_EXT_2026 Skid: 139.
2026-03-30 10:14:16  Vol : URUS_PA2_BC2_R34_EXT_2026 Skid: 139 Calcul Vol : 700 Color: 34.
2026-03-30 10:14:16  ---------------------------
2026-03-30 10:25:07  Vol : URUS_PA2_R34_Plastic Skid: 68 Calcul Vol : 68 Color: 20.
2026-03-30 10:25:07  ---------------------------
2026-03-30 10:29:58  Vol : URUS_PA2_R34_Plastic Skid: 168 Calcul Vol : 135 Color: 102.
2026-03-30 10:29:58  ---------------------------
2026-03-30 10:30:39 --- Trajectory --- 
2026-03-30 10:30:39 Prog : URUS_PA2_R34_Plastic Skid: 109 Paint : 132.
2026-03-30 10:30:39 ------------------ 
2026-03-30 10:37:16 --- Trajectory --- 
2026-03-30 10:37:16 Prog : URUS_PA2_BC2_R34_EXT_2026 Skid: 139 Paint : 408.
2026-03-30 10:37:16 ------------------ 
2026-03-30 10:42:18 --- Trajectory --- 
2026-03-30 10:42:18 Prog : URUS_PA2_R34_Plastic Skid: 68 Paint : 134.
2026-03-30 10:42:18 ------------------ 
2026-03-30 10:46:31 --- Trajectory --- 
2026-03-30 10:46:31 Prog : URUS_PA2_R34_Plastic Skid: 168 Paint : 157.
2026-03-30 10:46:32 ------------------ 
2026-03-30 10:55:45  Vol : URUS_PA2_R34_Plastic Skid: 102 Calcul Vol : 94 Color: 35.
2026-03-30 10:55:45  ---------------------------
2026-03-30 11:01:26  Default Volume : URUS_PA2_BC2_R34_EXT_2026 Skid: 36.
2026-03-30 11:01:28  Vol : URUS_PA2_BC2_R34_EXT_2026 Skid: 36 Calcul Vol : 700 Color: 35.
2026-03-30 11:01:28  ---------------------------
2026-03-30 11:06:19  Vol : URUS_PA2_R34_Plastic Skid: 64 Calcul Vol : 116 Color: 50.
2026-03-30 11:06:19  ---------------------------
2026-03-30 11:12:01  Vol : HURACAN_BC2_R34_Plastic Skid: 37 Calcul Vol : 142 Color: 29.
2026-03-30 11:12:01  ---------------------------
2026-03-30 11:17:04  Vol : HURACAN_BC2_R34_Plastic Skid: 17 Calcul Vol : 210 Color: 27.
2026-03-30 11:17:04  ---------------------------
2026-03-30 11:22:00  Default Volume : HURACAN_BC2_INT Skid: 149.
2026-03-30 11:22:02  Vol : HURACAN_BC2_INT Skid: 149 Calcul Vol : 700 Color: 11.
2026-03-30 11:22:02  ---------------------------
2026-03-30 11:22:09  Vol : HURACAN_BC2_R34_EXT_new Skid: 149 Calcul Vol : 163 Color: 11.
2026-03-30 11:22:09  ---------------------------
2026-03-30 11:23:19 --- Trajectory --- 
2026-03-30 11:23:19 Prog : URUS_PA2_R34_Plastic Skid: 102 Paint : 118.
2026-03-30 11:23:19 ------------------ 
2026-03-30 11:29:56 --- Trajectory --- 
2026-03-30 11:29:56 Prog : URUS_PA2_BC2_R34_EXT_2026 Skid: 36 Paint : 452.
2026-03-30 11:29:56 ------------------ 
2026-03-30 11:31:39  Default Volume : URUS_PA2_BC2_R34_EXT_2026 Skid: 245.
2026-03-30 11:31:40  Vol : URUS_PA2_BC2_R34_EXT_2026 Skid: 245 Calcul Vol : 700 Color: 20.
2026-03-30 11:31:40  ---------------------------
2026-03-30 11:33:27 --- Trajectory --- 
2026-03-30 11:33:27 Prog : URUS_PA2_R34_Plastic Skid: 64 Paint : 148.
2026-03-30 11:33:27 ------------------ 
2026-03-30 11:36:29 --- Trajectory --- 
2026-03-30 11:36:29 Prog : HURACAN_BC2_R34_Plastic Skid: 37 Paint : 26.
2026-03-30 11:36:29 ------------------ 
2026-03-30 11:37:15  Default Volume : HURACAN_BC2_INT Skid: 208.
2026-03-30 11:37:17  Vol : HURACAN_BC2_INT Skid: 208 Calcul Vol : 700 Color: 29.
2026-03-30 11:37:17  ---------------------------
2026-03-30 11:37:24  Vol : HURACAN_BC2_R34_EXT_new Skid: 208 Calcul Vol : 187 Color: 29.
2026-03-30 11:37:24  ---------------------------
2026-03-30 11:40:40 --- Trajectory --- 
2026-03-30 11:40:40 Prog : HURACAN_BC2_R34_Plastic Skid: 17 Paint : 36.
2026-03-30 11:40:40 ------------------ 
2026-03-30 11:46:02 --- Trajectory --- 
2026-03-30 11:46:02 Prog : HURACAN_BC2_INT Skid: 149 Paint : 0.
2026-03-30 11:46:02 ------------------ 
2026-03-30 11:48:09 --- Trajectory --- 
2026-03-30 11:48:09 Prog : HURACAN_BC2_R34_EXT_new Skid: 149 Paint : 125.
2026-03-30 11:48:09 ------------------ 
2026-03-30 11:53:17  Default Volume : URUS_PA2_BC2_R34_EXT_2026 Skid: 49.
2026-03-30 11:53:19  Vol : URUS_PA2_BC2_R34_EXT_2026 Skid: 49 Calcul Vol : 700 Color: 11.
2026-03-30 11:53:19  ---------------------------
2026-03-30 12:02:03 --- Trajectory --- 
2026-03-30 12:02:03 Prog : URUS_PA2_BC2_R34_EXT_2026 Skid: 245 Paint : 347.
2026-03-30 12:02:03 ------------------ 
2026-03-30 12:08:08 --- Trajectory --- 
2026-03-30 12:08:08 Prog : HURACAN_BC2_INT Skid: 208 Paint : 0.
2026-03-30 12:08:08 ------------------ 
2026-03-30 12:10:37 --- Trajectory --- 
2026-03-30 12:10:37 Prog : HURACAN_BC2_R34_EXT_new Skid: 208 Paint : 139.
2026-03-30 12:10:37 ------------------ 
2026-03-30 12:21:35 --- Trajectory --- 
2026-03-30 12:21:35 Prog : URUS_PA2_BC2_R34_EXT_2026 Skid: 49 Paint : 500.
2026-03-30 12:21:35 ------------------ 
2026-03-30 12:26:27  Vol : URUS_PA2_R34_Plastic Skid: 67 Calcul Vol : 10719 Color: 32.
2026-03-30 12:26:27  ---------------------------
2026-03-30 12:30:11  Vol : URUS_PA2_R34_Plastic Skid: 119 Calcul Vol : 4712 Color: 29.
2026-03-30 12:30:12  ---------------------------
2026-03-30 12:35:05  Default Volume : URUS_PA2_BC2_R34_EXT_2026 Skid: 230.
2026-03-30 12:35:06  Vol : URUS_PA2_BC2_R34_EXT_2026 Skid: 230 Calcul Vol : 700 Color: 50.
2026-03-30 12:35:06  ---------------------------
2026-03-30 12:39:52  Vol : HURACAN_BC2_R34_Plastic Skid: 103 Calcul Vol : 229 Color: 150.
2026-03-30 12:39:52  ---------------------------
2026-03-30 12:58:34  Default Volume : URUS_PA2_BC2_R34_EXT_2026 Skid: 108.
2026-03-30 12:58:36  Vol : URUS_PA2_BC2_R34_EXT_2026 Skid: 108 Calcul Vol : 700 Color: 27.
2026-03-30 12:58:36  ---------------------------
2026-03-30 13:02:03 --- Trajectory --- 
2026-03-30 13:02:03 Prog : URUS_PA2_R34_Plastic Skid: 67 Paint : 329.
2026-03-30 13:02:03 ------------------ 
2026-03-30 13:03:22  Default Volume : HURACAN_BC2_INT Skid: 33.
2026-03-30 13:03:23  Vol : HURACAN_BC2_INT Skid: 33 Calcul Vol : 700 Color: 27.
2026-03-30 13:03:23  ---------------------------
2026-03-30 13:03:30  Vol : HURACAN_BC2_R34_EXT_new Skid: 33 Calcul Vol : 232 Color: 27.
2026-03-30 13:03:30  ---------------------------
2026-03-30 13:07:05 --- Trajectory --- 
2026-03-30 13:07:05 Prog : URUS_PA2_R34_Plastic Skid: 119 Paint : 234.
2026-03-30 13:07:05 ------------------ 
2026-03-30 13:12:06 --- Trajectory --- 
2026-03-30 13:12:06 Prog : URUS_PA2_BC2_R34_EXT_2026 Skid: 230 Paint : 474.
2026-03-30 13:12:06 ------------------ 
2026-03-30 13:13:00  Default Volume : URUS_PA2_BC2_R34_EXT_2026 Skid: 206.
2026-03-30 13:13:02  Vol : URUS_PA2_BC2_R34_EXT_2026 Skid: 206 Calcul Vol : 700 Color: 102.
2026-03-30 13:13:02  ---------------------------
2026-03-30 13:15:22 --- Trajectory --- 
2026-03-30 13:15:22 Prog : HURACAN_BC2_R34_Plastic Skid: 103 Paint : 57.
2026-03-30 13:15:22 ------------------ 
2026-03-30 13:28:27 --- Trajectory --- 
2026-03-30 13:28:27 Prog : URUS_PA2_BC2_R34_EXT_2026 Skid: 108 Paint : 671.
2026-03-30 13:28:27 ------------------ 
2026-03-30 13:31:02 --- Trajectory --- 
2026-03-30 13:31:02 Prog : HURACAN_BC2_INT Skid: 33 Paint : 0.
2026-03-30 13:31:02 ------------------ 
2026-03-30 13:33:30 --- Trajectory --- 
2026-03-30 13:33:30 Prog : HURACAN_BC2_R34_EXT_new Skid: 33 Paint : 178.
2026-03-30 13:33:30 ------------------ 
2026-03-30 13:48:08  Vol : HURACAN_BC2_R34_Plastic Skid: 39 Calcul Vol : 204 Color: 53.
2026-03-30 13:48:08  ---------------------------
2026-03-30 13:54:32  Default Volume : HURACAN_BC2_INT Skid: 166.
2026-03-30 13:54:33  Vol : HURACAN_BC2_INT Skid: 166 Calcul Vol : 700 Color: 53.
2026-03-30 13:54:33  ---------------------------
2026-03-30 13:54:40  Vol : HURACAN_BC2_R34_EXT_new Skid: 166 Calcul Vol : 258 Color: 53.
2026-03-30 13:54:40  ---------------------------
2026-03-30 14:06:51 --- Trajectory --- 
2026-03-30 14:06:51 Prog : URUS_PA2_BC2_R34_EXT_2026 Skid: 206 Paint : 496.
2026-03-30 14:06:51 ------------------ 
2026-03-30 14:25:06  Vol : URUS_PA2_R34_Plastic Skid: 109 Calcul Vol : 94 Color: 35.
2026-03-30 14:25:06  ---------------------------
2026-03-30 14:36:19 --- Trajectory --- 
2026-03-30 14:36:19 Prog : HURACAN_BC2_R34_Plastic Skid: 39 Paint : 46.
2026-03-30 14:36:19 ------------------ 
2026-03-30 14:39:17  Default Volume : URUS_PA2_BC2_R34_EXT_2026 Skid: 139.
2026-03-30 14:39:19  Vol : URUS_PA2_BC2_R34_EXT_2026 Skid: 139 Calcul Vol : 700 Color: 35.
2026-03-30 14:39:19  ---------------------------
2026-03-30 14:40:51 --- Trajectory --- 
2026-03-30 14:40:51 Prog : HURACAN_BC2_INT Skid: 166 Paint : 0.
2026-03-30 14:40:51 ------------------ 
2026-03-30 14:43:20 --- Trajectory --- 
2026-03-30 14:43:20 Prog : HURACAN_BC2_R34_EXT_new Skid: 166 Paint : 195.
2026-03-30 14:43:20 ------------------ 
2026-03-30 14:51:00 --- Trajectory --- 
2026-03-30 14:51:00 Prog : URUS_PA2_R34_Plastic Skid: 109 Paint : 138.
2026-03-30 14:51:00 ------------------ 
2026-03-30 15:08:55 --- Trajectory --- 
2026-03-30 15:08:56 Prog : URUS_PA2_BC2_R34_EXT_2026 Skid: 139 Paint : 452.
2026-03-30 15:08:56 ------------------ 
2026-03-30 15:22:00  Vol : URUS_PA2_R34_Plastic Skid: 68 Calcul Vol : 89 Color: 27.
2026-03-30 15:22:00  ---------------------------
2026-03-30 15:40:18  Default Volume : URUS_PA2_BC2_R34_EXT_2026 Skid: 120.
2026-03-30 15:40:20  Vol : URUS_PA2_BC2_R34_EXT_2026 Skid: 120 Calcul Vol : 700 Color: 38.
2026-03-30 15:40:20  ---------------------------
2026-03-30 15:44:42 --- Trajectory --- 
2026-03-30 15:44:42 Prog : URUS_PA2_R34_Plastic Skid: 68 Paint : 138.
2026-03-30 15:44:42 ------------------ 
2026-03-30 15:45:10  Vol : URUS_PA2_R34_Plastic Skid: 67 Calcul Vol : 7673 Color: 33.
2026-03-30 15:45:10  ---------------------------
2026-03-30 15:58:02  Vol : URUS_PA2_R34_Plastic Skid: 222 Calcul Vol : 108 Color: 41.
2026-03-30 15:58:02  ---------------------------
2026-03-30 16:05:52 --- Trajectory --- 
2026-03-30 16:05:52 Prog : URUS_PA2_BC2_R34_EXT_2026 Skid: 120 Paint : 279.
2026-03-30 16:05:52 ------------------ 
2026-03-30 16:10:44 --- Trajectory --- 
2026-03-30 16:10:44 Prog : URUS_PA2_R34_Plastic Skid: 67 Paint : 294.
2026-03-30 16:10:44 ------------------ 
2026-03-30 16:19:12 --- Trajectory --- 
2026-03-30 16:19:12 Prog : URUS_PA2_R34_Plastic Skid: 222 Paint : 151.
2026-03-30 16:19:12 ------------------ 
2026-03-30 16:41:09  Vol : URUS_PA2_R34_Plastic Skid: 64 Calcul Vol : 110 Color: 51.
2026-03-30 16:41:09  ---------------------------
2026-03-30 16:44:28  Default Volume : URUS_PA2_BC2_R34_EXT_2026 Skid: 230.
2026-03-30 16:44:30  Vol : URUS_PA2_BC2_R34_EXT_2026 Skid: 230 Calcul Vol : 700 Color: 51.
2026-03-30 16:44:30  ---------------------------
2026-03-30 16:58:08 --- Trajectory --- 
2026-03-30 16:58:08 Prog : URUS_PA2_R34_Plastic Skid: 64 Paint : 134.
2026-03-30 16:58:09 ------------------ 
2026-03-30 17:09:07 --- Trajectory --- 
2026-03-30 17:09:07 Prog : URUS_PA2_BC2_R34_EXT_2026 Skid: 230 Paint : 432.
2026-03-30 17:09:07 ------------------ 
2026-03-30 17:14:27  Default Volume : URUS_PA2_BC2_R34_EXT_2026 Skid: 193.
2026-03-30 17:14:29  Vol : URUS_PA2_BC2_R34_EXT_2026 Skid: 193 Calcul Vol : 700 Color: 27.
2026-03-30 17:14:29  ---------------------------
2026-03-30 17:21:26  Default Volume : URUS_ACCENTSKID_R34 Skid: 34.
2026-03-30 17:21:27  Vol : URUS_ACCENTSKID_R34 Skid: 34 Calcul Vol : 700 Color: 125.
2026-03-30 17:21:27  ---------------------------
2026-03-30 17:42:57 --- Trajectory --- 
2026-03-30 17:42:57 Prog : URUS_PA2_BC2_R34_EXT_2026 Skid: 193 Paint : 636.
2026-03-30 17:42:58 ------------------ 
2026-03-30 17:45:46 --- Trajectory --- 
2026-03-30 17:45:46 Prog : URUS_ACCENTSKID_R34 Skid: 34 Paint : 82.
2026-03-30 17:45:46 ------------------ 
2026-03-30 18:05:17  Default Volume : URUS_PA2_BC2_R34_EXT_2026 Skid: 207.
2026-03-30 18:05:18  Vol : URUS_PA2_BC2_R34_EXT_2026 Skid: 207 Calcul Vol : 700 Color: 32.
2026-03-30 18:05:18  ---------------------------
2026-03-30 18:17:07  Vol : URUS_PA2_R34_Plastic Skid: 11 Calcul Vol : 104 Color: 145.
2026-03-30 18:17:07  ---------------------------
2026-03-30 18:24:04  Default Volume : URUS_PA2_BC2_R34_EXT_2026 Skid: 146.
2026-03-30 18:24:06  Vol : URUS_PA2_BC2_R34_EXT_2026 Skid: 146 Calcul Vol : 700 Color: 145.
2026-03-30 18:24:06  ---------------------------
2026-03-30 18:28:44  Default Volume : URUS_PA2_BC2_R34_EXT_2026 Skid: 5.
2026-03-30 18:28:45  Vol : URUS_PA2_BC2_R34_EXT_2026 Skid: 5 Calcul Vol : 700 Color: 15.
2026-03-30 18:28:45  ---------------------------
2026-03-30 18:31:45 --- Trajectory --- 
2026-03-30 18:31:45 Prog : URUS_PA2_BC2_R34_EXT_2026 Skid: 207 Paint : 402.
2026-03-30 18:31:45 ------------------ 
2026-03-30 18:38:02 --- Trajectory --- 
2026-03-30 18:38:02 Prog : URUS_PA2_R34_Plastic Skid: 11 Paint : 139.
2026-03-30 18:38:02 ------------------ 
2026-03-30 18:45:56 --- Trajectory --- 
2026-03-30 18:45:56 Prog : URUS_PA2_BC2_R34_EXT_2026 Skid: 146 Paint : 389.
2026-03-30 18:45:56 ------------------ 
2026-03-30 18:54:14 --- Trajectory --- 
2026-03-30 18:54:14 Prog : URUS_PA2_BC2_R34_EXT_2026 Skid: 5 Paint : 368.
2026-03-30 18:54:14 ------------------ 
2026-03-30 19:31:26  Default Volume : URUS_PA2_BC2_R34_EXT_2026 Skid: 80.
2026-03-30 19:31:27  Vol : URUS_PA2_BC2_R34_EXT_2026 Skid: 80 Calcul Vol : 700 Color: 29.
2026-03-30 19:31:27  ---------------------------
2026-03-30 19:48:03  Vol : URUS_PA2_R34_Plastic Skid: 109 Calcul Vol : 73 Color: 97.
2026-03-30 19:48:03  ---------------------------
2026-03-30 19:58:17  Default Volume : URUS_PA2_BC2_R34_EXT_2026 Skid: 130.
2026-03-30 19:58:19  Vol : URUS_PA2_BC2_R34_EXT_2026 Skid: 130 Calcul Vol : 700 Color: 41.
2026-03-30 19:58:19  ---------------------------
2026-03-30 20:04:18 --- Trajectory --- 
2026-03-30 20:04:18 Prog : URUS_PA2_BC2_R34_EXT_2026 Skid: 80 Paint : 332.
2026-03-30 20:04:18 ------------------ 
2026-03-30 20:11:10 --- Trajectory --- 
2026-03-30 20:11:10 Prog : URUS_PA2_BC2_R34_EXT_2026 Skid: 80 Paint : 331.
2026-03-30 20:11:10 ------------------ 
2026-03-30 20:19:05  Default Volume : URUS_PA2_BC2_R34_EXT_2026 Skid: 21.
2026-03-30 20:19:06  Vol : URUS_PA2_BC2_R34_EXT_2026 Skid: 21 Calcul Vol : 700 Color: 154.
2026-03-30 20:19:06  ---------------------------
2026-03-30 20:19:41 --- Trajectory --- 
2026-03-30 20:19:41 Prog : URUS_PA2_R34_Plastic Skid: 109 Paint : 159.
2026-03-30 20:19:41 ------------------ 
2026-03-30 20:23:51  Vol : URUS_PA2_R34_Plastic Skid: 102 Calcul Vol : 147 Color: 34.
2026-03-30 20:23:51  ---------------------------
2026-03-30 20:27:13  Default Volume : URUS_PA2_BC2_R34_EXT_2026 Skid: 97.
2026-03-30 20:27:15  Vol : URUS_PA2_BC2_R34_EXT_2026 Skid: 97 Calcul Vol : 700 Color: 12.
2026-03-30 20:27:15  ---------------------------
2026-03-30 20:27:35 --- Trajectory --- 
2026-03-30 20:27:35 Prog : URUS_PA2_BC2_R34_EXT_2026 Skid: 130 Paint : 519.
2026-03-30 20:27:35 ------------------ 
2026-03-30 20:44:23 --- Trajectory --- 
2026-03-30 20:44:23 Prog : URUS_PA2_BC2_R34_EXT_2026 Skid: 21 Paint : 488.
2026-03-30 20:44:23 ------------------ 
2026-03-30 20:47:50 --- Trajectory --- 
2026-03-30 20:47:50 Prog : URUS_PA2_R34_Plastic Skid: 102 Paint : 115.
2026-03-30 20:47:51 ------------------ 
2026-03-30 20:50:49  Vol : URUS_PA2_R34_Plastic Skid: 232 Calcul Vol : 147 Color: 34.
2026-03-30 20:50:49  ---------------------------
2026-03-30 20:53:30 --- Trajectory --- 
2026-03-30 20:53:30 Prog : URUS_PA2_BC2_R34_EXT_2026 Skid: 97 Paint : 438.
2026-03-30 20:53:30 ------------------ 
2026-03-30 20:55:41  Default Volume : URUS_PA2_BC2_R34_EXT_2026 Skid: 57.
2026-03-30 20:55:43  Vol : URUS_PA2_BC2_R34_EXT_2026 Skid: 57 Calcul Vol : 700 Color: 34.
2026-03-30 20:55:43  ---------------------------
2026-03-30 21:11:19 --- Trajectory --- 
2026-03-30 21:11:19 Prog : URUS_PA2_R34_Plastic Skid: 232 Paint : 115.
2026-03-30 21:11:19 ------------------ 
2026-03-30 21:15:16  Default Volume : URUS_PA2_BC2_R34_EXT_2026 Skid: 207.
2026-03-30 21:15:17  Vol : URUS_PA2_BC2_R34_EXT_2026 Skid: 207 Calcul Vol : 700 Color: 33.
2026-03-30 21:15:17  ---------------------------
2026-03-30 21:24:30 --- Trajectory --- 
2026-03-30 21:24:30 Prog : URUS_PA2_BC2_R34_EXT_2026 Skid: 57 Paint : 431.
2026-03-30 21:24:30 ------------------ 
2026-03-30 21:28:41  Default Volume : URUS_PA2_BC2_R34_EXT_2026 Skid: 24.
2026-03-30 21:28:42  Vol : URUS_PA2_BC2_R34_EXT_2026 Skid: 24 Calcul Vol : 700 Color: 55.
2026-03-30 21:28:42  ---------------------------
2026-03-30 21:40:56 --- Trajectory --- 
2026-03-30 21:40:56 Prog : URUS_PA2_BC2_R34_EXT_2026 Skid: 207 Paint : 526.
2026-03-30 21:40:56 ------------------ 
2026-03-30 21:57:32 --- Trajectory --- 
2026-03-30 21:57:32 Prog : URUS_PA2_BC2_R34_EXT_2026 Skid: 24 Paint : 381.
2026-03-30 21:57:32 ------------------ 
2026-03-30 22:39:43  Vol : URUS_PA2_R34_Plastic Skid: 64 Calcul Vol : 0 Color: 9.
2026-03-30 22:39:43  ---------------------------
2026-03-30 22:55:37  Vol : URUS_PA2_R34_Plastic Skid: 11 Calcul Vol : 104 Color: 146.
2026-03-30 22:55:37  ---------------------------
2026-03-30 23:00:09  Default Volume : URUS_PA2_BC2_R34_EXT_2026 Skid: 146.
2026-03-30 23:00:10  Vol : URUS_PA2_BC2_R34_EXT_2026 Skid: 146 Calcul Vol : 700 Color: 146.
2026-03-30 23:00:10  ---------------------------
2026-03-30 23:14:23 --- Trajectory --- 
2026-03-30 23:14:23 Prog : URUS_PA2_R34_Plastic Skid: 64 Paint : 2.
2026-03-30 23:14:23 ------------------ 
2026-03-30 23:17:09  Default Volume : URUS_PA2_BC2_R34_EXT_2026 Skid: 9.
2026-03-30 23:17:11  Vol : URUS_PA2_BC2_R34_EXT_2026 Skid: 9 Calcul Vol : 700 Color: 97.
2026-03-30 23:17:11  ---------------------------
2026-03-30 23:28:19  Default Volume : URUS_ACCENTSKID_R34 Skid: 34.
2026-03-30 23:28:21  Vol : URUS_ACCENTSKID_R34 Skid: 34 Calcul Vol : 700 Color: 125.
2026-03-30 23:28:21  ---------------------------
2026-03-30 23:36:44 --- Trajectory --- 
2026-03-30 23:36:44 Prog : URUS_PA2_R34_Plastic Skid: 11 Paint : 139.
2026-03-30 23:36:44 ------------------ 
2026-03-30 23:43:35 --- Trajectory --- 
2026-03-30 23:43:35 Prog : URUS_PA2_BC2_R34_EXT_2026 Skid: 146 Paint : 389.
2026-03-30 23:43:35 ------------------ 
2026-03-30 23:51:25 --- Trajectory --- 
2026-03-30 23:51:25 Prog : URUS_PA2_BC2_R34_EXT_2026 Skid: 9 Paint : 497.
2026-03-30 23:51:25 ------------------ 
2026-03-30 23:55:02  Vol : URUS_PA2_R34_Plastic Skid: 102 Calcul Vol : 94 Color: 35.
2026-03-30 23:55:02  ---------------------------
2026-03-31 00:00:57 --- Trajectory --- 
2026-03-31 00:00:57 Prog : URUS_ACCENTSKID_R34 Skid: 34 Paint : 82.
2026-03-31 00:00:57 ------------------ 
2026-03-31 00:14:44  Default Volume : URUS_PA2_BC2_R34_EXT_2026 Skid: 21.
2026-03-31 00:14:46  Vol : URUS_PA2_BC2_R34_EXT_2026 Skid: 21 Calcul Vol : 700 Color: 155.
2026-03-31 00:14:46  ---------------------------
2026-03-31 00:19:49  Vol : URUS_PA2_R34_Plastic Skid: 168 Calcul Vol : 81 Color: 25.
2026-03-31 00:19:49  ---------------------------
2026-03-31 00:25:18 --- Trajectory --- 
2026-03-31 00:25:18 Prog : URUS_PA2_R34_Plastic Skid: 102 Paint : 118.
2026-03-31 00:25:18 ------------------ 
2026-03-31 00:37:13  Vol : URUS_PA2_R34_Plastic Skid: 232 Calcul Vol : 94 Color: 35.
2026-03-31 00:37:13  ---------------------------
2026-03-31 00:41:45  Default Volume : URUS_PA2_BC2_R34_EXT_2026 Skid: 57.
2026-03-31 00:41:46  Vol : URUS_PA2_BC2_R34_EXT_2026 Skid: 57 Calcul Vol : 700 Color: 35.
2026-03-31 00:41:46  ---------------------------
2026-03-31 01:06:32 --- Trajectory --- 
2026-03-31 01:06:32 Prog : URUS_PA2_BC2_R34_EXT_2026 Skid: 21 Paint : 488.
2026-03-31 01:06:32 ------------------ 
2026-03-31 01:10:42 --- Trajectory --- 
2026-03-31 01:10:42 Prog : URUS_PA2_R34_Plastic Skid: 168 Paint : 168.
2026-03-31 01:10:42 ------------------ 
2026-03-31 01:16:57  Vol : HURACAN_BC2_R34_Plastic Skid: 31 Calcul Vol : 203 Color: 22.
2026-03-31 01:16:57  ---------------------------
2026-03-31 01:26:25  Default Volume : HURACAN_BC2_INT Skid: 86.
2026-03-31 01:26:26  Vol : HURACAN_BC2_INT Skid: 86 Calcul Vol : 700 Color: 22.
2026-03-31 01:26:26  ---------------------------
2026-03-31 01:26:33  Vol : HURACAN_BC2_R34_EXT_new Skid: 86 Calcul Vol : 191 Color: 22.
2026-03-31 01:26:33  ---------------------------
2026-03-31 01:26:38 --- Trajectory --- 
2026-03-31 01:26:38 Prog : URUS_PA2_R34_Plastic Skid: 232 Paint : 118.
2026-03-31 01:26:38 ------------------ 
2026-03-31 01:34:26 --- Trajectory --- 
2026-03-31 01:34:26 Prog : URUS_PA2_BC2_R34_EXT_2026 Skid: 57 Paint : 478.
2026-03-31 01:34:26 ------------------ 
2026-03-31 01:43:15 --- Trajectory --- 
2026-03-31 01:43:15 Prog : HURACAN_BC2_R34_Plastic Skid: 31 Paint : 48.
2026-03-31 01:43:15 ------------------ 
2026-03-31 01:45:11  Default Volume : URUS_PA2_BC2_R34_EXT_2026 Skid: 148.
2026-03-31 01:45:12  Vol : URUS_PA2_BC2_R34_EXT_2026 Skid: 148 Calcul Vol : 700 Color: 11.
2026-03-31 01:45:12  ---------------------------
2026-03-31 01:48:33 --- Trajectory --- 
2026-03-31 01:48:33 Prog : HURACAN_BC2_INT Skid: 86 Paint : 0.
2026-03-31 01:48:33 ------------------ 
2026-03-31 01:51:01 --- Trajectory --- 
2026-03-31 01:51:01 Prog : HURACAN_BC2_R34_EXT_new Skid: 86 Paint : 265.
2026-03-31 01:51:01 ------------------ 
2026-03-31 02:08:05  Default Volume : URUS_PA2_BC2_R34_EXT_2026 Skid: 24.
2026-03-31 02:08:07  Vol : URUS_PA2_BC2_R34_EXT_2026 Skid: 24 Calcul Vol : 700 Color: 56.
2026-03-31 02:08:07  ---------------------------
2026-03-31 02:15:05 --- Trajectory --- 
2026-03-31 02:15:05 Prog : URUS_PA2_BC2_R34_EXT_2026 Skid: 148 Paint : 437.
2026-03-31 02:15:05 ------------------ 
2026-03-31 02:17:56  Default Volume : URUS_PA2_BC2_R34_EXT_2026 Skid: 14.
2026-03-31 02:17:57  Vol : URUS_PA2_BC2_R34_EXT_2026 Skid: 14 Calcul Vol : 700 Color: 25.
2026-03-31 02:17:57  ---------------------------
2026-03-31 02:35:01  Vol : URUS_PA2_R34_Plastic Skid: 119 Calcul Vol : 82 Color: 62.
2026-03-31 02:35:01  ---------------------------
2026-03-31 02:43:09 --- Trajectory --- 
2026-03-31 02:43:09 Prog : URUS_PA2_BC2_R34_EXT_2026 Skid: 24 Paint : 470.
2026-03-31 02:43:09 ------------------ 
2026-03-31 02:51:52 --- Trajectory --- 
2026-03-31 02:51:52 Prog : URUS_PA2_BC2_R34_EXT_2026 Skid: 14 Paint : 436.
2026-03-31 02:51:52 ------------------ 
2026-03-31 02:59:10  Default Volume : URUS_PA2_BC2_R34_EXT_2026 Skid: 206.
2026-03-31 02:59:12  Vol : URUS_PA2_BC2_R34_EXT_2026 Skid: 206 Calcul Vol : 700 Color: 16.
2026-03-31 02:59:12  ---------------------------
2026-03-31 03:04:32 --- Trajectory --- 
2026-03-31 03:04:32 Prog : URUS_PA2_R34_Plastic Skid: 119 Paint : 198.
2026-03-31 03:04:32 ------------------ 
2026-03-31 03:05:24  Vol : URUS_PA2_R34_Plastic Skid: 64 Calcul Vol : 82 Color: 9.
2026-03-31 03:05:24  ---------------------------
2026-03-31 03:27:11 --- Trajectory --- 
2026-03-31 03:27:11 Prog : URUS_PA2_BC2_R34_EXT_2026 Skid: 206 Paint : 493.
2026-03-31 03:27:11 ------------------ 
2026-03-31 03:32:25 --- Trajectory --- 
2026-03-31 03:32:25 Prog : URUS_PA2_R34_Plastic Skid: 64 Paint : 165.
2026-03-31 03:32:25 ------------------ 
2026-03-31 03:53:49  Default Volume : URUS_ACCENTSKID_R34 Skid: 34.
2026-03-31 03:53:50  Vol : URUS_ACCENTSKID_R34 Skid: 34 Calcul Vol : 700 Color: 125.
2026-03-31 03:53:50  ---------------------------
2026-03-31 04:29:29  Vol : URUS_PA2_R34_Plastic Skid: 109 Calcul Vol : 68 Color: 29.
2026-03-31 04:29:29  ---------------------------
2026-03-31 06:28:30 --- Trajectory --- 
2026-03-31 06:28:30 Prog : URUS_PA2_R34_Plastic Skid: 109 Paint : 116.
2026-03-31 06:28:30 ------------------ 
2026-03-31 06:31:31  Vol : URUS_PA2_R34_Plastic Skid: 232 Calcul Vol : 147 Color: 34.
2026-03-31 06:31:31  ---------------------------
2026-03-31 06:49:53 --- Trajectory --- 
2026-03-31 06:49:53 Prog : URUS_PA2_R34_Plastic Skid: 232 Paint : 3.
2026-03-31 06:49:53 ------------------ 
2026-03-31 06:52:53  Default Volume : URUS_PA2_BC2_R34_EXT_2026 Skid: 49.
2026-03-31 06:52:55  Vol : URUS_PA2_BC2_R34_EXT_2026 Skid: 49 Calcul Vol : 700 Color: 9.
2026-03-31 06:52:55  ---------------------------
2026-03-31 07:20:07 --- Trajectory --- 
2026-03-31 07:20:07 Prog : URUS_PA2_BC2_R34_EXT_2026 Skid: 49 Paint : 384.
2026-03-31 07:20:07 ------------------ 
2026-03-31 07:27:32  Vol : URUS_PA2_R34_Plastic Skid: 102 Calcul Vol : 117 Color: 11.
2026-03-31 07:27:32  ---------------------------
2026-03-31 07:39:12  Vol : HURACAN_BC2_R34_Plastic Skid: 111 Calcul Vol : 142 Color: 29.
2026-03-31 07:39:12  ---------------------------
2026-03-31 07:43:47  Default Volume : HURACAN_BC2_INT Skid: 51.
2026-03-31 07:43:48  Vol : HURACAN_BC2_INT Skid: 51 Calcul Vol : 700 Color: 29.
2026-03-31 07:43:48  ---------------------------
2026-03-31 07:43:55  Vol : HURACAN_BC2_R34_EXT_new Skid: 51 Calcul Vol : 187 Color: 29.
2026-03-31 07:43:55  ---------------------------
2026-03-31 07:44:13 --- Trajectory --- 
2026-03-31 07:44:13 Prog : URUS_PA2_R34_Plastic Skid: 102 Paint : 144.
2026-03-31 07:44:13 ------------------ 
2026-03-31 07:58:21 --- Trajectory --- 
2026-03-31 07:58:21 Prog : HURACAN_BC2_R34_Plastic Skid: 111 Paint : 26.
2026-03-31 07:58:21 ------------------ 
2026-03-31 07:59:09  Vol : HURACAN_BC2_R34_Plastic Skid: 37 Calcul Vol : 159 Color: 53.
2026-03-31 07:59:09  ---------------------------
2026-03-31 08:06:42 --- Trajectory --- 
2026-03-31 08:06:42 Prog : HURACAN_BC2_INT Skid: 51 Paint : 0.
2026-03-31 08:06:42 ------------------ 
2026-03-31 08:09:10 --- Trajectory --- 
2026-03-31 08:09:10 Prog : HURACAN_BC2_R34_EXT_new Skid: 51 Paint : 139.
2026-03-31 08:09:10 ------------------ 
2026-03-31 08:18:57 --- Trajectory --- 
2026-03-31 08:18:57 Prog : HURACAN_BC2_R34_Plastic Skid: 37 Paint : 33.
2026-03-31 08:18:57 ------------------ 
2026-03-31 08:24:09  Vol : URUS_PA2_R34_Plastic Skid: 222 Calcul Vol : 7669 Color: 11.
2026-03-31 08:24:09  ---------------------------
2026-03-31 08:33:44  Default Volume : HURACAN_BC2_INT Skid: 133.
2026-03-31 08:33:45  Vol : HURACAN_BC2_INT Skid: 133 Calcul Vol : 700 Color: 53.
2026-03-31 08:33:45  ---------------------------
2026-03-31 08:33:52  Vol : HURACAN_BC2_R34_EXT_new Skid: 133 Calcul Vol : 136 Color: 53.
2026-03-31 08:33:52  ---------------------------
2026-03-31 08:43:44 --- Trajectory --- 
2026-03-31 08:43:44 Prog : URUS_PA2_R34_Plastic Skid: 222 Paint : 248.
2026-03-31 08:43:44 ------------------ 
2026-03-31 08:48:59  Vol : URUS_PA2_R34_Plastic Skid: 232 Calcul Vol : 94 Color: 35.
2026-03-31 08:48:59  ---------------------------
2026-03-31 09:01:01 --- Trajectory --- 
2026-03-31 09:01:01 Prog : HURACAN_BC2_INT Skid: 133 Paint : 0.
2026-03-31 09:01:01 ------------------ 
2026-03-31 09:03:29 --- Trajectory --- 
2026-03-31 09:03:29 Prog : HURACAN_BC2_R34_EXT_new Skid: 133 Paint : 195.
2026-03-31 09:03:29 ------------------ 
2026-03-31 09:05:33 --- Trajectory --- 
2026-03-31 09:05:33 Prog : URUS_PA2_R34_Plastic Skid: 232 Paint : 1.
2026-03-31 09:05:33 ------------------ 
2026-03-31 09:25:55  Default Volume : URUS_PA2_BC2_R34_EXT_2026 Skid: 4.
2026-03-31 09:25:57  Vol : URUS_PA2_BC2_R34_EXT_2026 Skid: 4 Calcul Vol : 700 Color: 29.
2026-03-31 09:25:57  ---------------------------
2026-03-31 09:38:30  Default Volume : URUS_PA2_BC2_R34_EXT_2026 Skid: 97.
2026-03-31 09:38:31  Vol : URUS_PA2_BC2_R34_EXT_2026 Skid: 97 Calcul Vol : 700 Color: 62.
2026-03-31 09:38:31  ---------------------------
2026-03-31 09:49:42 --- Trajectory --- 
2026-03-31 09:49:42 Prog : URUS_PA2_BC2_R34_EXT_2026 Skid: 4 Paint : 331.
2026-03-31 09:49:42 ------------------ 
2026-03-31 10:03:48 --- Trajectory --- 
2026-03-31 10:03:48 Prog : URUS_PA2_BC2_R34_EXT_2026 Skid: 97 Paint : 421.
2026-03-31 10:03:48 ------------------ 
2026-03-31 10:51:20  Default Volume : URUS_PA2_BC2_R34_EXT_2026 Skid: 21.
2026-03-31 10:51:21  Vol : URUS_PA2_BC2_R34_EXT_2026 Skid: 21 Calcul Vol : 700 Color: 154.
2026-03-31 10:51:21  ---------------------------
2026-03-31 11:03:06  Default Volume : URUS_PA2_BC2_R34_EXT_2026 Skid: 221.
2026-03-31 11:03:08  Vol : URUS_PA2_BC2_R34_EXT_2026 Skid: 221 Calcul Vol : 700 Color: 11.
2026-03-31 11:03:08  ---------------------------
2026-03-31 11:16:23 --- Trajectory --- 
2026-03-31 11:16:23 Prog : URUS_PA2_BC2_R34_EXT_2026 Skid: 21 Paint : 488.
2026-03-31 11:16:23 ------------------ 
2026-03-31 11:28:36 --- Trajectory --- 
2026-03-31 11:28:36 Prog : URUS_PA2_BC2_R34_EXT_2026 Skid: 221 Paint : 476.
2026-03-31 11:28:36 ------------------ 
2026-03-31 11:38:50  Default Volume : URUS_PA2_BC2_R34_EXT_2026 Skid: 220.
2026-03-31 11:38:52  Vol : URUS_PA2_BC2_R34_EXT_2026 Skid: 220 Calcul Vol : 700 Color: 11.
2026-03-31 11:38:52  ---------------------------
2026-03-31 12:06:30 --- Trajectory --- 
2026-03-31 12:06:30 Prog : URUS_PA2_BC2_R34_EXT_2026 Skid: 220 Paint : 476.
2026-03-31 12:06:30 ------------------ 
2026-03-31 12:10:16  Default Volume : URUS_PA2_BC2_R34_EXT_2026 Skid: 80.
2026-03-31 12:10:17  Vol : URUS_PA2_BC2_R34_EXT_2026 Skid: 80 Calcul Vol : 700 Color: 11.
2026-03-31 12:10:17  ---------------------------
2026-03-31 12:25:43  Default Volume : URUS_PA2_BC2_R34_EXT_2026 Skid: 24.
2026-03-31 12:25:45  Vol : URUS_PA2_BC2_R34_EXT_2026 Skid: 24 Calcul Vol : 700 Color: 55.
2026-03-31 12:25:45  ---------------------------
2026-03-31 12:38:00 --- Trajectory --- 
2026-03-31 12:38:00 Prog : URUS_PA2_BC2_R34_EXT_2026 Skid: 80 Paint : 476.
2026-03-31 12:38:00 ------------------ 
2026-03-31 12:54:33 --- Trajectory --- 
2026-03-31 12:54:33 Prog : URUS_PA2_BC2_R34_EXT_2026 Skid: 24 Paint : 204.
2026-03-31 12:54:33 ------------------ 
2026-03-31 13:09:56  Default Volume : URUS_PA2_BC2_R34_EXT_2026 Skid: 237.
2026-03-31 13:09:57  Vol : URUS_PA2_BC2_R34_EXT_2026 Skid: 237 Calcul Vol : 700 Color: 145.
2026-03-31 13:09:57  ---------------------------
2026-03-31 13:24:38  Vol : URUS_PA2_R34_Plastic Skid: 259 Calcul Vol : 104 Color: 145.
2026-03-31 13:24:38  ---------------------------
2026-03-31 14:03:03 --- Trajectory --- 
2026-03-31 14:03:03 Prog : URUS_PA2_BC2_R34_EXT_2026 Skid: 237 Paint : 463.
2026-03-31 14:03:03 ------------------ 
2026-03-31 14:06:03 --- Trajectory --- 
2026-03-31 14:06:03 Prog : URUS_PA2_R34_Plastic Skid: 259 Paint : 139.
2026-03-31 14:06:03 ------------------ 
2026-03-31 14:37:54  Default Volume : URUS_PA2_BC2_R34_EXT_2026 Skid: 21.
2026-03-31 14:37:56  Vol : URUS_PA2_BC2_R34_EXT_2026 Skid: 21 Calcul Vol : 700 Color: 155.
2026-03-31 14:37:56  ---------------------------
2026-03-31 15:04:48 --- Trajectory --- 
2026-03-31 15:04:48 Prog : URUS_PA2_BC2_R34_EXT_2026 Skid: 21 Paint : 488.
2026-03-31 15:04:48 ------------------ 
2026-03-31 15:22:35  Vol : URUS_PA2_R34_Plastic Skid: 119 Calcul Vol : 89 Color: 27.
2026-03-31 15:22:35  ---------------------------
2026-03-31 15:42:48 --- Trajectory --- 
2026-03-31 15:42:48 Prog : URUS_PA2_R34_Plastic Skid: 119 Paint : 138.
2026-03-31 15:42:48 ------------------ 
2026-03-31 16:10:38  Vol : HURACAN_BC2_R34_Plastic Skid: 31 Calcul Vol : 154 Color: 34.
2026-03-31 16:10:38  ---------------------------
2026-03-31 16:16:05  Default Volume : HURACAN_BC2_INT Skid: 96.
2026-03-31 16:16:06  Vol : HURACAN_BC2_INT Skid: 96 Calcul Vol : 700 Color: 34.
2026-03-31 16:16:06  ---------------------------
2026-03-31 16:16:13  Vol : HURACAN_BC2_R34_EXT_new Skid: 96 Calcul Vol : 188 Color: 34.
2026-03-31 16:16:13  ---------------------------
2026-03-31 16:33:55 --- Trajectory --- 
2026-03-31 16:33:55 Prog : HURACAN_BC2_R34_Plastic Skid: 31 Paint : 36.
2026-03-31 16:33:55 ------------------ 
2026-03-31 16:42:23 --- Trajectory --- 
2026-03-31 16:42:23 Prog : HURACAN_BC2_INT Skid: 96 Paint : 0.
2026-03-31 16:42:23 ------------------ 
2026-03-31 16:44:51 --- Trajectory --- 
2026-03-31 16:44:51 Prog : HURACAN_BC2_R34_EXT_new Skid: 96 Paint : 140.
2026-03-31 16:44:51 ------------------ 
2026-03-31 17:14:44  Vol : URUS_PA2_R34_Plastic Skid: 67 Calcul Vol : 89 Color: 68.
2026-03-31 17:14:44  ---------------------------
2026-03-31 17:18:13  Default Volume : URUS_PA2_BC2_R34_EXT_2026 Skid: 153.
2026-03-31 17:18:14  Vol : URUS_PA2_BC2_R34_EXT_2026 Skid: 153 Calcul Vol : 700 Color: 68.
2026-03-31 17:18:14  ---------------------------
2026-03-31 17:31:41 --- Trajectory --- 
2026-03-31 17:31:41 Prog : URUS_PA2_R34_Plastic Skid: 67 Paint : 134.
2026-03-31 17:31:41 ------------------ 
2026-03-31 17:35:07  Default Volume : URUS_PA2_BC2_R34_EXT_2026 Skid: 99.
2026-03-31 17:35:08  Vol : URUS_PA2_BC2_R34_EXT_2026 Skid: 99 Calcul Vol : 700 Color: 137.
2026-03-31 17:35:08  ---------------------------
2026-03-31 17:43:07 --- Trajectory --- 
2026-03-31 17:43:07 Prog : URUS_PA2_BC2_R34_EXT_2026 Skid: 153 Paint : 380.
2026-03-31 17:43:07 ------------------ 
2026-03-31 17:49:42  Vol : URUS_PA2_R34_Plastic Skid: 7 Calcul Vol : 68 Color: 53.
2026-03-31 17:49:42  ---------------------------
2026-03-31 18:02:43 --- Trajectory --- 
2026-03-31 18:02:43 Prog : URUS_PA2_BC2_R34_EXT_2026 Skid: 99 Paint : 156.
2026-03-31 18:02:43 ------------------ 
2026-03-31 18:07:10 --- Trajectory --- 
2026-03-31 18:07:10 Prog : URUS_PA2_R34_Plastic Skid: 7 Paint : 119.
2026-03-31 18:07:10 ------------------ 
2026-03-31 19:02:23  Default Volume : URUS_PA2_BC2_R34_EXT_2026 Skid: 9.
2026-03-31 19:02:24  Vol : URUS_PA2_BC2_R34_EXT_2026 Skid: 9 Calcul Vol : 700 Color: 16.
2026-03-31 19:02:24  ---------------------------
2026-03-31 19:09:22  Default Volume : HURACAN_BC2_INT Skid: 86.
2026-03-31 19:09:23  Vol : HURACAN_BC2_INT Skid: 86 Calcul Vol : 700 Color: 22.
2026-03-31 19:09:23  ---------------------------
2026-03-31 19:09:30  Vol : HURACAN_BC2_R34_EXT_new Skid: 86 Calcul Vol : 191 Color: 22.
2026-03-31 19:09:30  ---------------------------
2026-03-31 19:22:28  Vol : URUS_PA2_R34_Plastic Skid: 259 Calcul Vol : 104 Color: 146.
2026-03-31 19:22:28  ---------------------------
2026-03-31 19:29:31  Default Volume : URUS_PA2_BC2_R34_EXT_2026 Skid: 237.
2026-03-31 19:29:33  Vol : URUS_PA2_BC2_R34_EXT_2026 Skid: 237 Calcul Vol : 700 Color: 146.
2026-03-31 19:29:33  ---------------------------
2026-03-31 19:30:59 --- Trajectory --- 
2026-03-31 19:30:59 Prog : URUS_PA2_BC2_R34_EXT_2026 Skid: 9 Paint : 493.
2026-03-31 19:30:59 ------------------ 
2026-03-31 19:36:30 --- Trajectory --- 
2026-03-31 19:36:30 Prog : HURACAN_BC2_INT Skid: 86 Paint : 0.
2026-03-31 19:36:30 ------------------ 
2026-03-31 19:38:58 --- Trajectory --- 
2026-03-31 19:38:58 Prog : HURACAN_BC2_R34_EXT_new Skid: 86 Paint : 265.
2026-03-31 19:38:58 ------------------ 
2026-03-31 19:46:22 --- Trajectory --- 
2026-03-31 19:46:22 Prog : URUS_PA2_R34_Plastic Skid: 259 Paint : 139.
2026-03-31 19:46:22 ------------------ 
2026-03-31 19:57:02 --- Trajectory --- 
2026-03-31 19:57:02 Prog : URUS_PA2_BC2_R34_EXT_2026 Skid: 237 Paint : 463.
2026-03-31 19:57:02 ------------------ 
2026-03-31 20:05:21  Vol : URUS_PA2_R34_Plastic Skid: 11 Calcul Vol : 5556 Color: 36.
2026-03-31 20:05:21  ---------------------------
2026-03-31 20:10:45  Default Volume : URUS_PA2_BC2_R34_EXT_2026 Skid: 124.
2026-03-31 20:10:46  Vol : URUS_PA2_BC2_R34_EXT_2026 Skid: 124 Calcul Vol : 700 Color: 36.
2026-03-31 20:10:46  ---------------------------
2026-03-31 20:17:56  Default Volume : URUS_PA2_BC2_R34_EXT_2026 Skid: 212.
2026-03-31 20:17:57  Vol : URUS_PA2_BC2_R34_EXT_2026 Skid: 212 Calcul Vol : 700 Color: 56.
2026-03-31 20:17:57  ---------------------------
2026-03-31 20:25:55  Default Volume : URUS_PA2_BC2_R34_EXT_2026 Skid: 148.
2026-03-31 20:25:57  Vol : URUS_PA2_BC2_R34_EXT_2026 Skid: 148 Calcul Vol : 700 Color: 53.
2026-03-31 20:25:57  ---------------------------
2026-03-31 20:31:48  Vol : URUS_PA2_R34_Plastic Skid: 168 Calcul Vol : 89 Color: 27.
2026-03-31 20:31:48  ---------------------------
2026-03-31 20:32:09 --- Trajectory --- 
2026-03-31 20:32:09 Prog : URUS_PA2_R34_Plastic Skid: 11 Paint : 281.
2026-03-31 20:32:09 ------------------ 
2026-03-31 20:40:10 --- Trajectory --- 
2026-03-31 20:40:10 Prog : URUS_PA2_BC2_R34_EXT_2026 Skid: 124 Paint : 471.
2026-03-31 20:40:10 ------------------ 
2026-03-31 20:45:53 --- Trajectory --- 
2026-03-31 20:45:53 Prog : URUS_PA2_BC2_R34_EXT_2026 Skid: 212 Paint : 295.
2026-03-31 20:45:53 ------------------ 
2026-03-31 20:50:22  Default Volume : URUS_PA2_BC2_R34_EXT_2026 Skid: 206.
2026-03-31 20:50:23  Vol : URUS_PA2_BC2_R34_EXT_2026 Skid: 206 Calcul Vol : 700 Color: 27.
2026-03-31 20:50:23  ---------------------------
2026-03-31 20:55:09  Vol : URUS_PA2_R34_Plastic Skid: 102 Calcul Vol : 4712 Color: 53.
2026-03-31 20:55:09  ---------------------------
2026-03-31 20:59:10 --- Trajectory --- 
2026-03-31 20:59:10 Prog : URUS_PA2_BC2_R34_EXT_2026 Skid: 148 Paint : 375.
2026-03-31 20:59:10 ------------------ 
2026-03-31 20:59:59  Vol : HURACAN_BC2_R34_Plastic Skid: 31 Calcul Vol : 224 Color: 35.
2026-03-31 20:59:59  ---------------------------
2026-03-31 21:02:57 --- Trajectory --- 
2026-03-31 21:02:57 Prog : URUS_PA2_R34_Plastic Skid: 168 Paint : 174.
2026-03-31 21:02:57 ------------------ 
2026-03-31 21:07:59  Default Volume : HURACAN_BC2_INT Skid: 96.
2026-03-31 21:08:01  Vol : HURACAN_BC2_INT Skid: 96 Calcul Vol : 700 Color: 35.
2026-03-31 21:08:01  ---------------------------
2026-03-31 21:08:08  Vol : HURACAN_BC2_R34_EXT_new Skid: 96 Calcul Vol : 235 Color: 35.
2026-03-31 21:08:08  ---------------------------
2026-03-31 21:13:14  Vol : URUS_PA2_R34_Plastic Skid: 67 Calcul Vol : 88 Color: 69.
2026-03-31 21:13:14  ---------------------------
2026-03-31 21:14:06 --- Trajectory --- 
2026-03-31 21:14:06 Prog : URUS_PA2_BC2_R34_EXT_2026 Skid: 206 Paint : 636.
2026-03-31 21:14:06 ------------------ 
2026-03-31 21:19:49  Default Volume : URUS_PA2_BC2_R34_EXT_2026 Skid: 153.
2026-03-31 21:19:50  Vol : URUS_PA2_BC2_R34_EXT_2026 Skid: 153 Calcul Vol : 700 Color: 69.
2026-03-31 21:19:50  ---------------------------
2026-03-31 21:20:07 --- Trajectory --- 
2026-03-31 21:20:07 Prog : URUS_PA2_R34_Plastic Skid: 102 Paint : 237.
2026-03-31 21:20:07 ------------------ 
2026-03-31 21:22:57 --- Trajectory --- 
2026-03-31 21:22:57 Prog : HURACAN_BC2_R34_Plastic Skid: 31 Paint : 52.
2026-03-31 21:22:57 ------------------ 
2026-03-31 21:33:35 --- Trajectory --- 
2026-03-31 21:33:35 Prog : HURACAN_BC2_INT Skid: 96 Paint : 0.
2026-03-31 21:33:35 ------------------ 
2026-03-31 21:36:03 --- Trajectory --- 
2026-03-31 21:36:03 Prog : HURACAN_BC2_R34_EXT_new Skid: 96 Paint : 184.
2026-03-31 21:36:03 ------------------ 
2026-03-31 21:39:19 --- Trajectory --- 
2026-03-31 21:39:19 Prog : URUS_PA2_R34_Plastic Skid: 67 Paint : 161.
2026-03-31 21:39:20 ------------------ 
2026-03-31 21:45:23 --- Trajectory --- 
2026-03-31 21:45:23 Prog : URUS_PA2_BC2_R34_EXT_2026 Skid: 153 Paint : 354.
2026-03-31 21:45:23 ------------------ 
2026-03-31 22:06:17  Vol : URUS_PA2_R34_Plastic Skid: 222 Calcul Vol : 108 Color: 41.
2026-03-31 22:06:17  ---------------------------
2026-03-31 22:11:02  Vol : URUS_PA2_R34_Plastic Skid: 232 Calcul Vol : 7301 Color: 26.
2026-03-31 22:11:02  ---------------------------
2026-03-31 22:27:02 --- Trajectory --- 
2026-03-31 22:27:02 Prog : URUS_PA2_R34_Plastic Skid: 222 Paint : 151.
2026-03-31 22:27:02 ------------------ 
2026-03-31 22:33:10 --- Trajectory --- 
2026-03-31 22:33:10 Prog : URUS_PA2_R34_Plastic Skid: 232 Paint : 297.
2026-03-31 22:33:10 ------------------ 
2026-03-31 22:34:42  Default Volume : URUS_PA2_BC2_R34_EXT_2026 Skid: 5.
2026-03-31 22:34:43  Vol : URUS_PA2_BC2_R34_EXT_2026 Skid: 5 Calcul Vol : 700 Color: 53.
2026-03-31 22:34:43  ---------------------------
2026-03-31 23:02:35 --- Trajectory --- 
2026-03-31 23:02:35 Prog : URUS_PA2_BC2_R34_EXT_2026 Skid: 5 Paint : 375.
2026-03-31 23:02:35 ------------------ 
2026-03-31 23:07:01  Default Volume : URUS_PA2_BC2_R34_EXT_2026 Skid: 212.
2026-03-31 23:07:03  Vol : URUS_PA2_BC2_R34_EXT_2026 Skid: 212 Calcul Vol : 700 Color: 55.
2026-03-31 23:07:03  ---------------------------
2026-03-31 23:37:20  Default Volume : URUS_PA2_BC2_R34_EXT_2026 Skid: 85.
2026-03-31 23:37:22  Vol : URUS_PA2_BC2_R34_EXT_2026 Skid: 85 Calcul Vol : 700 Color: 41.
2026-03-31 23:37:22  ---------------------------
2026-03-31 23:58:57  Default Volume : URUS_PA2_BC2_R34_EXT_2026 Skid: 57.
2026-03-31 23:58:58  Vol : URUS_PA2_BC2_R34_EXT_2026 Skid: 57 Calcul Vol : 700 Color: 15.
2026-03-31 23:58:58  ---------------------------
2026-04-01 00:03:20 --- Trajectory --- 
2026-04-01 00:03:20 Prog : URUS_PA2_BC2_R34_EXT_2026 Skid: 212 Paint : 165.
2026-04-01 00:03:20 ------------------ 
2026-04-01 00:10:37  Vol : URUS_PA2_R34_Plastic Skid: 109 Calcul Vol : 5975 Color: 27.
2026-04-01 00:10:37  ---------------------------
2026-04-01 00:18:21 --- Trajectory --- 
2026-04-01 00:18:21 Prog : URUS_PA2_BC2_R34_EXT_2026 Skid: 85 Paint : 547.
2026-04-01 00:18:21 ------------------ 
2026-04-01 00:27:10 --- Trajectory --- 
2026-04-01 00:27:10 Prog : URUS_PA2_BC2_R34_EXT_2026 Skid: 57 Paint : 368.
2026-04-01 00:27:10 ------------------ 
2026-04-01 00:29:42  Vol : HURACAN_BC2_R34_Plastic Skid: 39 Calcul Vol : 142 Color: 29.
2026-04-01 00:29:42  ---------------------------
2026-04-01 00:37:15 --- Trajectory --- 
2026-04-01 00:37:15 Prog : URUS_PA2_R34_Plastic Skid: 109 Paint : 245.
2026-04-01 00:37:15 ------------------ 
2026-04-01 00:41:13  Default Volume : URUS_PA2_BC2_R34_EXT_2026 Skid: 4.
2026-04-01 00:41:15  Vol : URUS_PA2_BC2_R34_EXT_2026 Skid: 4 Calcul Vol : 700 Color: 26.
2026-04-01 00:41:15  ---------------------------
2026-04-01 00:46:07 --- Trajectory --- 
2026-04-01 00:46:07 Prog : HURACAN_BC2_R34_Plastic Skid: 39 Paint : 26.
2026-04-01 00:46:07 ------------------ 
2026-04-01 00:50:14  Vol : URUS_PA2_R34_Plastic Skid: 7 Calcul Vol : 72 Color: 79.
2026-04-01 00:50:14  ---------------------------
2026-04-01 01:06:35 --- Trajectory --- 
2026-04-01 01:06:35 Prog : URUS_PA2_BC2_R34_EXT_2026 Skid: 4 Paint : 386.
2026-04-01 01:06:35 ------------------ 
2026-04-01 01:09:46  Default Volume : URUS_PA2_BC2_R34_EXT_2026 Skid: 80.
2026-04-01 01:09:47  Vol : URUS_PA2_BC2_R34_EXT_2026 Skid: 80 Calcul Vol : 700 Color: 27.
2026-04-01 01:09:47  ---------------------------
2026-04-01 01:12:41 --- Trajectory --- 
2026-04-01 01:12:41 Prog : URUS_PA2_R34_Plastic Skid: 7 Paint : 116.
2026-04-01 01:12:41 ------------------ 
2026-04-01 01:37:21 --- Trajectory --- 
2026-04-01 01:37:21 Prog : URUS_PA2_BC2_R34_EXT_2026 Skid: 80 Paint : 636.
2026-04-01 01:37:21 ------------------ 
2026-04-01 01:59:53  Default Volume : URUS_PA2_BC2_R34_EXT_2026 Skid: 220.
2026-04-01 01:59:54  Vol : URUS_PA2_BC2_R34_EXT_2026 Skid: 220 Calcul Vol : 700 Color: 12.
2026-04-01 01:59:54  ---------------------------
2026-04-01 02:09:14  Default Volume : HURACAN_BC2_INT Skid: 213.
2026-04-01 02:09:15  Vol : HURACAN_BC2_INT Skid: 213 Calcul Vol : 700 Color: 29.
2026-04-01 02:09:15  ---------------------------
2026-04-01 02:09:22  Vol : HURACAN_BC2_R34_EXT_new Skid: 213 Calcul Vol : 187 Color: 29.
2026-04-01 02:09:22  ---------------------------
2026-04-01 02:25:25 --- Trajectory --- 
2026-04-01 02:25:25 Prog : URUS_PA2_BC2_R34_EXT_2026 Skid: 220 Paint : 480.
2026-04-01 02:25:25 ------------------ 
2026-04-01 02:26:18  Default Volume : HURACAN_BC2_INT Skid: 146.
2026-04-01 02:26:19  Vol : HURACAN_BC2_INT Skid: 146 Calcul Vol : 700 Color: 96.
2026-04-01 02:26:19  ---------------------------
2026-04-01 02:26:26  Vol : HURACAN_BC2_R34_EXT_new Skid: 146 Calcul Vol : 155 Color: 96.
2026-04-01 02:26:26  ---------------------------
2026-04-01 02:32:20 --- Trajectory --- 
2026-04-01 02:32:20 Prog : HURACAN_BC2_INT Skid: 213 Paint : 0.
2026-04-01 02:32:20 ------------------ 
2026-04-01 02:34:48 --- Trajectory --- 
2026-04-01 02:34:48 Prog : HURACAN_BC2_R34_EXT_new Skid: 213 Paint : 139.
2026-04-01 02:34:48 ------------------ 
2026-04-01 02:38:43  Default Volume : URUS_PA2_BC2_R34_EXT_2026 Skid: 24.
2026-04-01 02:38:44  Vol : URUS_PA2_BC2_R34_EXT_2026 Skid: 24 Calcul Vol : 700 Color: 56.
2026-04-01 02:38:44  ---------------------------
2026-04-01 02:43:17  Default Volume : HURACAN_BC2_INT Skid: 63.
2026-04-01 02:43:18  Vol : HURACAN_BC2_INT Skid: 63 Calcul Vol : 700 Color: 29.
2026-04-01 02:43:18  ---------------------------
2026-04-01 02:43:25  Vol : HURACAN_BC2_R34_EXT_new Skid: 63 Calcul Vol : 14 Color: 29.
2026-04-01 02:43:25  ---------------------------
2026-04-01 02:48:22 --- Trajectory --- 
2026-04-01 02:48:22 Prog : HURACAN_BC2_INT Skid: 146 Paint : 0.
2026-04-01 02:48:22 ------------------ 
2026-04-01 02:50:28 --- Trajectory --- 
2026-04-01 02:50:28 Prog : HURACAN_BC2_R34_EXT_new Skid: 146 Paint : 121.
2026-04-01 02:50:28 ------------------ 
2026-04-01 03:01:06  Vol : URUS_PA2_R34_Plastic Skid: 67 Calcul Vol : 89 Color: 68.
2026-04-01 03:01:06  ---------------------------
2026-04-01 03:03:10 --- Trajectory --- 
2026-04-01 03:03:10 Prog : URUS_PA2_BC2_R34_EXT_2026 Skid: 24 Paint : 473.
2026-04-01 03:03:10 ------------------ 
2026-04-01 03:04:18 --- Trajectory --- 
2026-04-01 03:04:18 Prog : HURACAN_BC2_INT Skid: 63 Paint : 0.
2026-04-01 03:04:18 ------------------ 
2026-04-01 03:04:41 --- Trajectory --- 
2026-04-01 03:04:41 Prog : HURACAN_BC2_R34_EXT_new Skid: 63 Paint : 0.
2026-04-01 03:04:41 ------------------ 
2026-04-01 03:13:39  Vol : URUS_PA2_R34_Plastic Skid: 149 Calcul Vol : 101 Color: 18.
2026-04-01 03:13:39  ---------------------------
2026-04-01 03:18:11  Default Volume : URUS_PA2_BC2_R34_EXT_2026 Skid: 105.
2026-04-01 03:18:13  Vol : URUS_PA2_BC2_R34_EXT_2026 Skid: 105 Calcul Vol : 700 Color: 13.
2026-04-01 03:18:13  ---------------------------
2026-04-01 03:30:53 --- Trajectory --- 
2026-04-01 03:30:53 Prog : URUS_PA2_R34_Plastic Skid: 67 Paint : 134.
2026-04-01 03:30:53 ------------------ 
2026-04-01 03:33:59  Vol : URUS_PA2_R34_Plastic Skid: 119 Calcul Vol : 82 Color: 62.
2026-04-01 03:33:59  ---------------------------
2026-04-01 03:38:40  Default Volume : HURACAN_BC2_INT Skid: 96.
2026-04-01 03:38:42  Vol : HURACAN_BC2_INT Skid: 96 Calcul Vol : 700 Color: 34.
2026-04-01 03:38:42  ---------------------------
2026-04-01 03:38:49  Vol : HURACAN_BC2_R34_EXT_new Skid: 96 Calcul Vol : 188 Color: 34.
2026-04-01 03:38:49  ---------------------------
2026-04-01 03:41:27 --- Trajectory --- 
2026-04-01 03:41:27 Prog : URUS_PA2_R34_Plastic Skid: 149 Paint : 197.
2026-04-01 03:41:27 ------------------ 
2026-04-01 03:47:15 --- Trajectory --- 
2026-04-01 03:47:15 Prog : URUS_PA2_BC2_R34_EXT_2026 Skid: 105 Paint : 505.
2026-04-01 03:47:15 ------------------ 
2026-04-01 04:00:00 --- Trajectory --- 
2026-04-01 04:00:00 Prog : URUS_PA2_R34_Plastic Skid: 119 Paint : 198.
2026-04-01 04:00:00 ------------------ 
2026-04-01 04:02:46  Default Volume : URUS_PA2_BC2_R34_EXT_2026 Skid: 193.
2026-04-01 04:02:47  Vol : URUS_PA2_BC2_R34_EXT_2026 Skid: 193 Calcul Vol : 700 Color: 27.
2026-04-01 04:02:47  ---------------------------
2026-04-01 04:12:39 --- Trajectory --- 
2026-04-01 04:12:39 Prog : HURACAN_BC2_INT Skid: 96 Paint : 0.
2026-04-01 04:12:39 ------------------ 
2026-04-01 04:15:07 --- Trajectory --- 
2026-04-01 04:15:07 Prog : HURACAN_BC2_R34_EXT_new Skid: 96 Paint : 140.
2026-04-01 04:15:08 ------------------ 
2026-04-01 04:26:04  Vol : HURACAN_BC2_R34_Plastic Skid: 157 Calcul Vol : 210 Color: 27.
2026-04-01 04:26:04  ---------------------------
2026-04-01 04:32:18 --- Trajectory --- 
2026-04-01 04:32:18 Prog : URUS_PA2_BC2_R34_EXT_2026 Skid: 193 Paint : 636.
2026-04-01 04:32:18 ------------------ 
2026-04-01 06:22:41 --- Trajectory --- 
2026-04-01 06:22:41 Prog : HURACAN_BC2_R34_Plastic Skid: 157 Paint : 36.
2026-04-01 06:22:41 ------------------ 
2026-04-01 06:25:35  Vol : URUS_PA2_R34_Plastic Skid: 67 Calcul Vol : 88 Color: 69.
2026-04-01 06:25:35  ---------------------------
2026-04-01 06:46:44 --- Trajectory --- 
2026-04-01 06:46:44 Prog : URUS_PA2_R34_Plastic Skid: 67 Paint : 117.
2026-04-01 06:46:44 ------------------ 
2026-04-01 07:15:26  Default Volume : URUS_PA2_BC2_R34_EXT_2026 Skid: 61.
2026-04-01 07:15:27  Vol : URUS_PA2_BC2_R34_EXT_2026 Skid: 61 Calcul Vol : 700 Color: 79.
2026-04-01 07:15:27  ---------------------------
2026-04-01 07:28:38  Vol : HURACAN_BC2_R34_Plastic Skid: 31 Calcul Vol : 159 Color: 53.
2026-04-01 07:28:38  ---------------------------
2026-04-01 07:33:28  Default Volume : HURACAN_BC2_INT Skid: 208.
2026-04-01 07:33:30  Vol : HURACAN_BC2_INT Skid: 208 Calcul Vol : 700 Color: 53.
2026-04-01 07:33:30  ---------------------------
2026-04-01 07:33:36  Vol : HURACAN_BC2_R34_EXT_new Skid: 208 Calcul Vol : 136 Color: 53.
2026-04-01 07:33:36  ---------------------------
2026-04-01 07:42:51 --- Trajectory --- 
2026-04-01 07:42:51 Prog : URUS_PA2_BC2_R34_EXT_2026 Skid: 61 Paint : 384.
2026-04-01 07:42:51 ------------------ 
2026-04-01 07:47:09 --- Trajectory --- 
2026-04-01 07:47:09 Prog : HURACAN_BC2_R34_Plastic Skid: 31 Paint : 33.
2026-04-01 07:47:09 ------------------ 
2026-04-01 07:59:31 --- Trajectory --- 
2026-04-01 07:59:31 Prog : HURACAN_BC2_INT Skid: 208 Paint : 0.
2026-04-01 07:59:31 ------------------ 
2026-04-01 08:01:59 --- Trajectory --- 
2026-04-01 08:01:59 Prog : HURACAN_BC2_R34_EXT_new Skid: 208 Paint : 195.
2026-04-01 08:01:59 ------------------ 
2026-04-01 09:09:34  Default Volume : HURACAN_BC2_INT Skid: 96.
2026-04-01 09:09:36  Vol : HURACAN_BC2_INT Skid: 96 Calcul Vol : 700 Color: 35.
2026-04-01 09:09:36  ---------------------------
2026-04-01 09:09:42  Vol : HURACAN_BC2_R34_EXT_new Skid: 96 Calcul Vol : 235 Color: 35.
2026-04-01 09:09:42  ---------------------------
2026-04-01 09:17:37  Default Volume : URUS_PA2_BC2_R34_EXT_2026 Skid: 138.
2026-04-01 09:17:39  Vol : URUS_PA2_BC2_R34_EXT_2026 Skid: 138 Calcul Vol : 700 Color: 18.
2026-04-01 09:17:39  ---------------------------
2026-04-01 09:34:50 --- Trajectory --- 
2026-04-01 09:34:50 Prog : HURACAN_BC2_INT Skid: 96 Paint : 0.
2026-04-01 09:34:50 ------------------ 
2026-04-01 09:37:18 --- Trajectory --- 
2026-04-01 09:37:18 Prog : HURACAN_BC2_R34_EXT_new Skid: 96 Paint : 184.
2026-04-01 09:37:18 ------------------ 
2026-04-01 09:40:14  Vol : URUS_PA2_R34_Plastic Skid: 102 Calcul Vol : 126 Color: 75.
2026-04-01 09:40:14  ---------------------------
2026-04-01 09:45:44 --- Trajectory --- 
2026-04-01 09:45:44 Prog : URUS_PA2_BC2_R34_EXT_2026 Skid: 138 Paint : 697.
2026-04-01 09:45:44 ------------------ 
2026-04-01 09:56:24  Default Volume : URUS_PA2_BC2_R34_EXT_2026 Skid: 148.
2026-04-01 09:56:25  Vol : URUS_PA2_BC2_R34_EXT_2026 Skid: 148 Calcul Vol : 700 Color: 62.
2026-04-01 09:56:25  ---------------------------
2026-04-01 10:00:13 --- Trajectory --- 
2026-04-01 10:00:13 Prog : URUS_PA2_R34_Plastic Skid: 102 Paint : 162.
2026-04-01 10:00:13 ------------------ 
2026-04-01 10:28:00 --- Trajectory --- 
2026-04-01 10:28:00 Prog : URUS_PA2_BC2_R34_EXT_2026 Skid: 148 Paint : 421.
2026-04-01 10:28:00 ------------------ 
2026-04-01 10:51:10  Vol : HURACAN_BC2_R34_Plastic Skid: 79 Calcul Vol : 234 Color: 112.
2026-04-01 10:51:10  ---------------------------
2026-04-01 10:55:12  Default Volume : HURACAN_BC2_INT Skid: 207.
2026-04-01 10:55:13  Vol : HURACAN_BC2_INT Skid: 207 Calcul Vol : 700 Color: 112.
2026-04-01 10:55:13  ---------------------------
2026-04-01 10:55:20  Vol : HURACAN_BC2_R34_EXT_new Skid: 207 Calcul Vol : 300 Color: 112.
2026-04-01 10:55:20  ---------------------------
2026-04-01 11:09:57 --- Trajectory --- 
2026-04-01 11:09:57 Prog : HURACAN_BC2_R34_Plastic Skid: 79 Paint : 45.
2026-04-01 11:09:57 ------------------ 
2026-04-01 11:20:51  Vol : HURACAN_BC2_R34_Plastic Skid: 111 Calcul Vol : 142 Color: 29.
2026-04-01 11:20:51  ---------------------------
2026-04-01 11:24:11 --- Trajectory --- 
2026-04-01 11:24:11 Prog : HURACAN_BC2_INT Skid: 207 Paint : 0.
2026-04-01 11:24:11 ------------------ 
2026-04-01 11:25:05  Default Volume : HURACAN_BC2_INT Skid: 116.
2026-04-01 11:25:07  Vol : HURACAN_BC2_INT Skid: 116 Calcul Vol : 700 Color: 29.
2026-04-01 11:25:07  ---------------------------
2026-04-01 11:25:14  Vol : HURACAN_BC2_R34_EXT_new Skid: 116 Calcul Vol : 187 Color: 29.
2026-04-01 11:25:14  ---------------------------
2026-04-01 11:26:39 --- Trajectory --- 
2026-04-01 11:26:39 Prog : HURACAN_BC2_R34_EXT_new Skid: 207 Paint : 237.
2026-04-01 11:26:39 ------------------ 
2026-04-01 11:34:42  Default Volume : HURACAN_BC2_INT Skid: 160.
2026-04-01 11:34:43  Vol : HURACAN_BC2_INT Skid: 160 Calcul Vol : 700 Color: 9.
2026-04-01 11:34:43  ---------------------------
2026-04-01 11:34:49  Default Volume : HURACAN_SP_BC2_R34_EXT Skid: 160.
2026-04-01 11:34:51  Vol : HURACAN_SP_BC2_R34_EXT Skid: 160 Calcul Vol : 700 Color: 9.
2026-04-01 11:34:51  ---------------------------
2026-04-01 11:38:48  Vol : URUS_PA2_R34_Plastic Skid: 7 Calcul Vol : 87 Color: 55.
2026-04-01 11:38:48  ---------------------------
2026-04-01 11:39:32 --- Trajectory --- 
2026-04-01 11:39:32 Prog : HURACAN_BC2_R34_Plastic Skid: 111 Paint : 26.
2026-04-01 11:39:32 ------------------ 
2026-04-01 11:42:16  Default Volume : URUS_PA2_BC2_R34_EXT_2026 Skid: 74.
2026-04-01 11:42:18  Vol : URUS_PA2_BC2_R34_EXT_2026 Skid: 74 Calcul Vol : 700 Color: 55.
2026-04-01 11:42:18  ---------------------------
2026-04-01 11:46:55 --- Trajectory --- 
2026-04-01 11:46:55 Prog : HURACAN_BC2_INT Skid: 116 Paint : 0.
2026-04-01 11:46:55 ------------------ 
2026-04-01 11:49:23 --- Trajectory --- 
2026-04-01 11:49:23 Prog : HURACAN_BC2_R34_EXT_new Skid: 116 Paint : 139.
2026-04-01 11:49:23 ------------------ 
2026-04-01 12:07:32  Default Volume : HURACAN_BC2_INT Skid: 9.
2026-04-01 12:07:34  Vol : HURACAN_BC2_INT Skid: 9 Calcul Vol : 700 Color: 27.
2026-04-01 12:07:34  ---------------------------
2026-04-01 12:07:41  Vol : HURACAN_BC2_R34_EXT_new Skid: 9 Calcul Vol : 232 Color: 27.
2026-04-01 12:07:41  ---------------------------
2026-04-01 12:08:06 --- Trajectory --- 
2026-04-01 12:08:06 Prog : HURACAN_BC2_INT Skid: 160 Paint : 0.
2026-04-01 12:08:06 ------------------ 
2026-04-01 12:11:06 --- Trajectory --- 
2026-04-01 12:11:06 Prog : HURACAN_SP_BC2_R34_EXT Skid: 160 Paint : 213.
2026-04-01 12:11:06 ------------------ 
2026-04-01 12:15:13 --- Trajectory --- 
2026-04-01 12:15:13 Prog : URUS_PA2_R34_Plastic Skid: 7 Paint : 188.
2026-04-01 12:15:13 ------------------ 
2026-04-01 12:18:23  Default Volume : HURACAN_BC2_INT Skid: 63.
2026-04-01 12:18:24  Vol : HURACAN_BC2_INT Skid: 63 Calcul Vol : 700 Color: 34.
2026-04-01 12:18:24  ---------------------------
2026-04-01 12:18:31  Vol : HURACAN_BC2_R34_EXT_new Skid: 63 Calcul Vol : 0 Color: 34.
2026-04-01 12:18:31  ---------------------------
2026-04-01 12:20:17 --- Trajectory --- 
2026-04-01 12:20:17 Prog : URUS_PA2_BC2_R34_EXT_2026 Skid: 74 Paint : 373.
2026-04-01 12:20:17 ------------------ 
2026-04-01 12:30:01  Vol : URUS_PA2_R34_Plastic Skid: 68 Calcul Vol : 104 Color: 145.
2026-04-01 12:30:01  ---------------------------
2026-04-01 12:36:50 --- Trajectory --- 
2026-04-01 12:36:50 Prog : HURACAN_BC2_INT Skid: 9 Paint : 0.
2026-04-01 12:36:50 ------------------ 
2026-04-01 12:39:18 --- Trajectory --- 
2026-04-01 12:39:18 Prog : HURACAN_BC2_R34_EXT_new Skid: 9 Paint : 178.
2026-04-01 12:39:18 ------------------ 
2026-04-01 12:41:24  Default Volume : URUS_PA2_BC2_R34_EXT_2026 Skid: 60.
2026-04-01 12:41:25  Vol : URUS_PA2_BC2_R34_EXT_2026 Skid: 60 Calcul Vol : 700 Color: 145.
2026-04-01 12:41:25  ---------------------------
2026-04-01 12:48:44 --- Trajectory --- 
2026-04-01 12:48:44 Prog : HURACAN_BC2_INT Skid: 63 Paint : 0.
2026-04-01 12:48:44 ------------------ 
2026-04-01 12:49:07 --- Trajectory --- 
2026-04-01 12:49:07 Prog : HURACAN_BC2_R34_EXT_new Skid: 63 Paint : 0.
2026-04-01 12:49:07 ------------------ 
2026-04-01 12:51:12  Default Volume : HURACAN_BC2_INT Skid: 51.
2026-04-01 12:51:13  Vol : HURACAN_BC2_INT Skid: 51 Calcul Vol : 700 Color: 15.
2026-04-01 12:51:13  ---------------------------
2026-04-01 12:51:20  Vol : HURACAN_BC2_R34_EXT_new Skid: 51 Calcul Vol : 111 Color: 15.
2026-04-01 12:51:20  ---------------------------
2026-04-01 12:56:33 --- Trajectory --- 
2026-04-01 12:56:33 Prog : URUS_PA2_R34_Plastic Skid: 68 Paint : 169.
2026-04-01 12:56:33 ------------------ 
2026-04-01 13:04:47 --- Trajectory --- 
2026-04-01 13:04:47 Prog : URUS_PA2_BC2_R34_EXT_2026 Skid: 60 Paint : 463.
2026-04-01 13:04:47 ------------------ 
2026-04-01 13:15:43 --- Trajectory --- 
2026-04-01 13:15:43 Prog : HURACAN_BC2_INT Skid: 51 Paint : 0.
2026-04-01 13:15:43 ------------------ 
2026-04-01 13:17:50 --- Trajectory --- 
2026-04-01 13:17:50 Prog : HURACAN_BC2_R34_EXT_new Skid: 51 Paint : 81.
2026-04-01 13:17:50 ------------------ 
2026-04-01 13:31:42  Vol : URUS_PA2_R34_Plastic Skid: 64 Calcul Vol : 6183 Color: 39.
2026-04-01 13:31:42  ---------------------------
2026-04-01 14:12:23 --- Trajectory --- 
2026-04-01 14:12:23 Prog : URUS_PA2_R34_Plastic Skid: 64 Paint : 247.
2026-04-01 14:12:23 ------------------ 
2026-04-01 14:14:29  Default Volume : URUS_PA2_BC2_R34_EXT_2026 Skid: 21.
2026-04-01 14:14:30  Vol : URUS_PA2_BC2_R34_EXT_2026 Skid: 21 Calcul Vol : 700 Color: 34.
2026-04-01 14:14:30  ---------------------------
2026-04-01 14:34:16  Default Volume : URUS_PA2_BC2_R34_EXT_2026 Skid: 163.
2026-04-01 14:34:18  Vol : URUS_PA2_BC2_R34_EXT_2026 Skid: 163 Calcul Vol : 700 Color: 75.
2026-04-01 14:34:18  ---------------------------
2026-04-01 14:37:11 --- Trajectory --- 
2026-04-01 14:37:11 Prog : URUS_PA2_BC2_R34_EXT_2026 Skid: 21 Paint : 431.
2026-04-01 14:37:11 ------------------ 
2026-04-01 14:59:46 --- Trajectory --- 
2026-04-01 14:59:46 Prog : URUS_PA2_BC2_R34_EXT_2026 Skid: 163 Paint : 562.
2026-04-01 14:59:46 ------------------ 
2026-04-01 15:04:25  Default Volume : HURACAN_BC2_INT Skid: 63.
2026-04-01 15:04:27  Vol : HURACAN_BC2_INT Skid: 63 Calcul Vol : 700 Color: 35.
2026-04-01 15:04:27  ---------------------------
2026-04-01 15:04:33  Vol : HURACAN_BC2_R34_EXT_new Skid: 63 Calcul Vol : 0 Color: 35.
2026-04-01 15:04:33  ---------------------------
2026-04-01 15:24:06 --- Trajectory --- 
2026-04-01 15:24:06 Prog : HURACAN_BC2_INT Skid: 63 Paint : 0.
2026-04-01 15:24:06 ------------------ 
2026-04-01 15:24:29 --- Trajectory --- 
2026-04-01 15:24:29 Prog : HURACAN_BC2_R34_EXT_new Skid: 63 Paint : 0.
2026-04-01 15:24:29 ------------------ 
2026-04-01 16:13:08  Vol : URUS_PA2_R34_Plastic Skid: 7 Calcul Vol : 120 Color: 56.
2026-04-01 16:13:08  ---------------------------
2026-04-01 16:17:37  Default Volume : URUS_PA2_BC2_R34_EXT_2026 Skid: 74.
2026-04-01 16:17:39  Vol : URUS_PA2_BC2_R34_EXT_2026 Skid: 74 Calcul Vol : 700 Color: 56.
2026-04-01 16:17:39  ---------------------------
2026-04-01 16:30:06  Default Volume : HURACAN_BC2_INT Skid: 197.
2026-04-01 16:30:07  Vol : HURACAN_BC2_INT Skid: 197 Calcul Vol : 700 Color: 13.
2026-04-01 16:30:07  ---------------------------
2026-04-01 16:30:14  Vol : HURACAN_BC2_R34_EXT_new Skid: 197 Calcul Vol : 183 Color: 13.
2026-04-01 16:30:14  ---------------------------
2026-04-01 16:32:06 --- Trajectory --- 
2026-04-01 16:32:06 Prog : URUS_PA2_R34_Plastic Skid: 7 Paint : 128.
2026-04-01 16:32:06 ------------------ 
2026-04-01 16:43:06  Vol : HURACAN_BC2_R34_Plastic Skid: 103 Calcul Vol : 251 Color: 112.
2026-04-01 16:43:06  ---------------------------
2026-04-01 16:47:59  Default Volume : HURACAN_BC2_INT Skid: 20.
2026-04-01 16:48:01  Vol : HURACAN_BC2_INT Skid: 20 Calcul Vol : 700 Color: 112.
2026-04-01 16:48:01  ---------------------------
2026-04-01 16:48:08  Vol : HURACAN_BC2_R34_EXT_new Skid: 20 Calcul Vol : 300 Color: 112.
2026-04-01 16:48:08  ---------------------------
2026-04-01 16:51:24 --- Trajectory --- 
2026-04-01 16:51:24 Prog : URUS_PA2_BC2_R34_EXT_2026 Skid: 74 Paint : 445.
2026-04-01 16:51:24 ------------------ 
2026-04-01 16:58:51 --- Trajectory --- 
2026-04-01 16:58:51 Prog : HURACAN_BC2_INT Skid: 197 Paint : 0.
2026-04-01 16:58:51 ------------------ 
2026-04-01 17:00:58 --- Trajectory --- 
2026-04-01 17:00:58 Prog : HURACAN_BC2_R34_EXT_new Skid: 197 Paint : 141.
2026-04-01 17:00:58 ------------------ 
2026-04-01 17:03:18 --- Trajectory --- 
2026-04-01 17:03:18 Prog : HURACAN_BC2_R34_Plastic Skid: 103 Paint : 61.
2026-04-01 17:03:18 ------------------ 
2026-04-01 17:14:47 --- Trajectory --- 
2026-04-01 17:14:47 Prog : HURACAN_BC2_INT Skid: 20 Paint : 0.
2026-04-01 17:14:47 ------------------ 
2026-04-01 17:17:15 --- Trajectory --- 
2026-04-01 17:17:15 Prog : HURACAN_BC2_R34_EXT_new Skid: 20 Paint : 237.
2026-04-01 17:17:15 ------------------ 
2026-04-01 17:33:36  Default Volume : URUS_PA2_BC2_R34_EXT_2026 Skid: 57.
2026-04-01 17:33:38  Vol : URUS_PA2_BC2_R34_EXT_2026 Skid: 57 Calcul Vol : 700 Color: 39.
2026-04-01 17:33:38  ---------------------------
2026-04-01 17:55:19  Vol : URUS_PA2_R34_Plastic Skid: 68 Calcul Vol : 104 Color: 146.
2026-04-01 17:55:19  ---------------------------
2026-04-01 18:02:17  Default Volume : URUS_PA2_BC2_R34_EXT_2026 Skid: 60.
2026-04-01 18:02:18  Vol : URUS_PA2_BC2_R34_EXT_2026 Skid: 60 Calcul Vol : 700 Color: 146.
2026-04-01 18:02:18  ---------------------------
2026-04-01 18:16:55 --- Trajectory --- 
2026-04-01 18:16:55 Prog : URUS_PA2_BC2_R34_EXT_2026 Skid: 57 Paint : 346.
2026-04-01 18:16:55 ------------------ 
2026-04-01 18:20:32 --- Trajectory --- 
2026-04-01 18:20:32 Prog : URUS_PA2_R34_Plastic Skid: 68 Paint : 169.
2026-04-01 18:20:32 ------------------ 
2026-04-01 18:30:42 --- Trajectory --- 
2026-04-01 18:30:42 Prog : URUS_PA2_BC2_R34_EXT_2026 Skid: 60 Paint : 463.
2026-04-01 18:30:42 ------------------ 
2026-04-01 18:47:09  Vol : URUS_PA2_R34_Plastic Skid: 168 Calcul Vol : 68 Color: 29.
2026-04-01 18:47:09  ---------------------------
2026-04-01 19:02:06 --- Trajectory --- 
2026-04-01 19:02:06 Prog : URUS_PA2_R34_Plastic Skid: 168 Paint : 116.
2026-04-01 19:02:06 ------------------ 
2026-04-01 20:24:11  Vol : URUS_PA2_R34_Plastic Skid: 102 Calcul Vol : 68 Color: 29.
2026-04-01 20:24:11  ---------------------------
2026-04-01 20:30:39  Vol : HURACAN_BC2_R34_Plastic Skid: 39 Calcul Vol : 182 Color: 105.
2026-04-01 20:30:39  ---------------------------
2026-04-01 20:37:10  Default Volume : HURACAN_BC2_INT Skid: 4.
2026-04-01 20:37:11  Vol : HURACAN_BC2_INT Skid: 4 Calcul Vol : 700 Color: 105.
2026-04-01 20:37:11  ---------------------------
2026-04-01 20:37:18  Vol : HURACAN_BC2_R34_EXT_new Skid: 4 Calcul Vol : 161 Color: 105.
2026-04-01 20:37:18  ---------------------------
2026-04-01 20:43:10  Vol : URUS_PA2_R34_Plastic Skid: 11 Calcul Vol : 75 Color: 99.
2026-04-01 20:43:10  ---------------------------
2026-04-01 20:47:01 --- Trajectory --- 
2026-04-01 20:47:01 Prog : URUS_PA2_R34_Plastic Skid: 102 Paint : 132.
2026-04-01 20:47:01 ------------------ 
2026-04-01 20:52:01  Default Volume : URUS_PA2_BC2_R34_EXT_2026 Skid: 206.
2026-04-01 20:52:03  Vol : URUS_PA2_BC2_R34_EXT_2026 Skid: 206 Calcul Vol : 700 Color: 99.
2026-04-01 20:52:03  ---------------------------
2026-04-01 20:52:14 --- Trajectory --- 
2026-04-01 20:52:14 Prog : HURACAN_BC2_R34_Plastic Skid: 39 Paint : 34.
2026-04-01 20:52:14 ------------------ 
2026-04-01 20:59:10  Vol : HURACAN_BC2_R34_Plastic Skid: 103 Calcul Vol : 345 Color: 113.
2026-04-01 20:59:10  ---------------------------
2026-04-01 21:05:53 --- Trajectory --- 
2026-04-01 21:05:53 Prog : HURACAN_BC2_INT Skid: 4 Paint : 0.
2026-04-01 21:05:53 ------------------ 
2026-04-01 21:08:21 --- Trajectory --- 
2026-04-01 21:08:21 Prog : HURACAN_BC2_R34_EXT_new Skid: 4 Paint : 227.
2026-04-01 21:08:21 ------------------ 
2026-04-01 21:09:59  Default Volume : HURACAN_BC2_INT Skid: 20.
2026-04-01 21:10:01  Vol : HURACAN_BC2_INT Skid: 20 Calcul Vol : 700 Color: 113.
2026-04-01 21:10:01  ---------------------------
2026-04-01 21:10:08  Vol : HURACAN_BC2_R34_EXT_new Skid: 20 Calcul Vol : 395 Color: 113.
2026-04-01 21:10:08  ---------------------------
2026-04-01 21:11:19 --- Trajectory --- 
2026-04-01 21:11:19 Prog : URUS_PA2_R34_Plastic Skid: 11 Paint : 89.
2026-04-01 21:11:19 ------------------ 
2026-04-01 21:25:00 --- Trajectory --- 
2026-04-01 21:25:00 Prog : URUS_PA2_BC2_R34_EXT_2026 Skid: 206 Paint : 411.
2026-04-01 21:25:00 ------------------ 
2026-04-01 21:28:50 --- Trajectory --- 
2026-04-01 21:28:50 Prog : HURACAN_BC2_R34_Plastic Skid: 103 Paint : 84.
2026-04-01 21:28:50 ------------------ 
2026-04-01 21:33:23 --- Trajectory --- 
2026-04-01 21:33:23 Prog : HURACAN_BC2_INT Skid: 20 Paint : 0.
2026-04-01 21:33:23 ------------------ 
2026-04-01 21:35:51 --- Trajectory --- 
2026-04-01 21:35:51 Prog : HURACAN_BC2_R34_EXT_new Skid: 20 Paint : 318.
2026-04-01 21:35:51 ------------------ 
2026-04-01 21:35:55  Vol : HURACAN_BC2_R34_Plastic Skid: 79 Calcul Vol : 321 Color: 113.
2026-04-01 21:35:55  ---------------------------
2026-04-01 21:42:40  Default Volume : HURACAN_BC2_INT Skid: 207.
2026-04-01 21:42:42  Vol : HURACAN_BC2_INT Skid: 207 Calcul Vol : 700 Color: 113.
2026-04-01 21:42:42  ---------------------------
2026-04-01 21:42:49  Vol : HURACAN_BC2_R34_EXT_new Skid: 207 Calcul Vol : 395 Color: 113.
2026-04-01 21:42:49  ---------------------------
2026-04-01 22:22:05 --- Trajectory --- 
2026-04-01 22:22:05 Prog : HURACAN_BC2_R34_Plastic Skid: 79 Paint : 62.
2026-04-01 22:22:05 ------------------ 
2026-04-01 22:26:46 --- Trajectory --- 
2026-04-01 22:26:46 Prog : HURACAN_BC2_INT Skid: 207 Paint : 0.
2026-04-01 22:26:46 ------------------ 
2026-04-01 22:29:15 --- Trajectory --- 
2026-04-01 22:29:15 Prog : HURACAN_BC2_R34_EXT_new Skid: 207 Paint : 318.
2026-04-01 22:29:15 ------------------ 
2026-04-01 23:18:44  Vol : URUS_PA2_R34_Plastic Skid: 64 Calcul Vol : 101 Color: 18.
2026-04-01 23:18:44  ---------------------------
2026-04-01 23:44:42  Default Volume : URUS_PA2_BC2_R34_EXT_2026 Skid: 61.
2026-04-01 23:44:44  Vol : URUS_PA2_BC2_R34_EXT_2026 Skid: 61 Calcul Vol : 700 Color: 11.
2026-04-01 23:44:44  ---------------------------
2026-04-01 23:47:28 --- Trajectory --- 
2026-04-01 23:47:28 Prog : URUS_PA2_R34_Plastic Skid: 64 Paint : 154.
2026-04-01 23:47:28 ------------------ 
2026-04-02 00:12:20 --- Trajectory --- 
2026-04-02 00:12:20 Prog : URUS_PA2_BC2_R34_EXT_2026 Skid: 61 Paint : 500.
2026-04-02 00:12:20 ------------------ 
2026-04-02 02:15:00  Vol : HURACAN_BC2_R34_Plastic Skid: 31 Calcul Vol : 159 Color: 53.
2026-04-02 02:15:00  ---------------------------
2026-04-02 02:17:55  Default Volume : HURACAN_BC2_INT Skid: 38.
2026-04-02 02:17:57  Vol : HURACAN_BC2_INT Skid: 38 Calcul Vol : 700 Color: 53.
2026-04-02 02:17:57  ---------------------------
2026-04-02 02:18:04  Vol : HURACAN_BC2_R34_EXT_new Skid: 38 Calcul Vol : 136 Color: 53.
2026-04-02 02:18:04  ---------------------------
2026-04-02 02:30:48 --- Trajectory --- 
2026-04-02 02:30:48 Prog : HURACAN_BC2_R34_Plastic Skid: 31 Paint : 33.
2026-04-02 02:30:48 ------------------ 
2026-04-02 02:32:38  Vol : URUS_PA2_R34_Plastic Skid: 109 Calcul Vol : 82 Color: 62.
2026-04-02 02:32:38  ---------------------------
2026-04-02 02:38:44 --- Trajectory --- 
2026-04-02 02:38:44 Prog : HURACAN_BC2_INT Skid: 38 Paint : 0.
2026-04-02 02:38:44 ------------------ 
2026-04-02 02:41:12 --- Trajectory --- 
2026-04-02 02:41:12 Prog : HURACAN_BC2_R34_EXT_new Skid: 38 Paint : 195.
2026-04-02 02:41:12 ------------------ 
2026-04-02 02:44:11  Vol : URUS_PA2_R34_Plastic Skid: 232 Calcul Vol : 6905 Color: 77.
2026-04-02 02:44:11  ---------------------------
2026-04-02 02:48:40  Default Volume : URUS_PA2_BC2_R34_EXT_2026 Skid: 146.
2026-04-02 02:48:41  Vol : URUS_PA2_BC2_R34_EXT_2026 Skid: 146 Calcul Vol : 700 Color: 77.
2026-04-02 02:48:41  ---------------------------
2026-04-02 02:53:17  Default Volume : URUS_PA2_BC2_R34_EXT_2026 Skid: 80.
2026-04-02 02:53:18  Vol : URUS_PA2_BC2_R34_EXT_2026 Skid: 80 Calcul Vol : 700 Color: 29.
2026-04-02 02:53:18  ---------------------------
2026-04-02 02:55:01 --- Trajectory --- 
2026-04-02 02:55:01 Prog : URUS_PA2_R34_Plastic Skid: 109 Paint : 183.
2026-04-02 02:55:01 ------------------ 
2026-04-02 03:05:36 --- Trajectory --- 
2026-04-02 03:05:36 Prog : URUS_PA2_R34_Plastic Skid: 232 Paint : 321.
2026-04-02 03:05:36 ------------------ 
2026-04-02 03:06:56  Default Volume : URUS_PA2_BC2_R34_EXT_2026 Skid: 97.
2026-04-02 03:06:57  Vol : URUS_PA2_BC2_R34_EXT_2026 Skid: 97 Calcul Vol : 700 Color: 29.
2026-04-02 03:06:57  ---------------------------
2026-04-02 03:10:59 --- Trajectory --- 
2026-04-02 03:10:59 Prog : URUS_PA2_BC2_R34_EXT_2026 Skid: 146 Paint : 481.
2026-04-02 03:10:59 ------------------ 
2026-04-02 03:17:28 --- Trajectory --- 
2026-04-02 03:17:28 Prog : URUS_PA2_BC2_R34_EXT_2026 Skid: 80 Paint : 331.
2026-04-02 03:17:28 ------------------ 
2026-04-02 03:38:43  Default Volume : URUS_ACCENTSKID_R34 Skid: 34.
2026-04-02 03:38:45  Vol : URUS_ACCENTSKID_R34 Skid: 34 Calcul Vol : 700 Color: 125.
2026-04-02 03:38:45  ---------------------------
2026-04-02 03:43:08 --- Trajectory --- 
2026-04-02 03:43:08 Prog : URUS_PA2_BC2_R34_EXT_2026 Skid: 97 Paint : 310.
2026-04-02 03:43:08 ------------------ 
2026-04-02 06:36:21  Vol : HURACAN_BC2_R34_Plastic Skid: 164 Calcul Vol : 214 Color: 106.
2026-04-02 06:36:21  ---------------------------
2026-04-02 06:39:35  Default Volume : HURACAN_BC2_INT Skid: 163.
2026-04-02 06:39:36  Vol : HURACAN_BC2_INT Skid: 163 Calcul Vol : 700 Color: 106.
2026-04-02 06:39:36  ---------------------------
2026-04-02 06:39:43  Vol : HURACAN_BC2_R34_EXT_new Skid: 163 Calcul Vol : 293 Color: 106.
2026-04-02 06:39:43  ---------------------------
2026-04-02 06:54:57 --- Trajectory --- 
2026-04-02 06:54:57 Prog : HURACAN_BC2_R34_Plastic Skid: 164 Paint : 37.
2026-04-02 06:54:57 ------------------ 
2026-04-02 07:07:45 --- Trajectory --- 
2026-04-02 07:07:45 Prog : HURACAN_BC2_INT Skid: 163 Paint : 0.
2026-04-02 07:07:45 ------------------ 
2026-04-02 07:10:13 --- Trajectory --- 
2026-04-02 07:10:13 Prog : HURACAN_BC2_R34_EXT_new Skid: 163 Paint : 231.
2026-04-02 07:10:13 ------------------ 
2026-04-02 07:12:37  Default Volume : URUS_PA2_BC2_R34_EXT_2026 Skid: 139.
2026-04-02 07:12:38  Vol : URUS_PA2_BC2_R34_EXT_2026 Skid: 139 Calcul Vol : 700 Color: 18.
2026-04-02 07:12:38  ---------------------------
2026-04-02 07:44:55 --- Trajectory --- 
2026-04-02 07:44:55 Prog : URUS_PA2_BC2_R34_EXT_2026 Skid: 139 Paint : 697.
2026-04-02 07:44:55 ------------------ 
2026-04-02 08:10:54  Vol : URUS_PA2_R34_Plastic Skid: 149 Calcul Vol : 6968 Color: 37.
2026-04-02 08:10:54  ---------------------------
2026-04-02 08:34:39 --- Trajectory --- 
2026-04-02 08:34:39 Prog : URUS_PA2_R34_Plastic Skid: 149 Paint : 254.
2026-04-02 08:34:39 ------------------ 
2026-04-02 09:29:59  Default Volume : URUS_ACCENTSKID_R34 Skid: 34.
2026-04-02 09:30:00  Vol : URUS_ACCENTSKID_R34 Skid: 34 Calcul Vol : 700 Color: 125.
2026-04-02 09:30:00  ---------------------------
2026-04-02 10:14:38  Default Volume : URUS_PA2_BC2_R34_EXT_2026 Skid: 74.
2026-04-02 10:14:39  Vol : URUS_PA2_BC2_R34_EXT_2026 Skid: 74 Calcul Vol : 700 Color: 62.
2026-04-02 10:14:39  ---------------------------
2026-04-02 10:24:20 --- Trajectory --- 
2026-04-02 10:24:20 Prog : URUS_ACCENTSKID_R34 Skid: 34 Paint : 82.
2026-04-02 10:24:20 ------------------ 
2026-04-02 10:24:38  Vol : HURACAN_BC2_R34_Plastic Skid: 215 Calcul Vol : 159 Color: 53.
2026-04-02 10:24:38  ---------------------------
2026-04-02 10:40:48 --- Trajectory --- 
2026-04-02 10:40:48 Prog : URUS_PA2_BC2_R34_EXT_2026 Skid: 74 Paint : 421.
2026-04-02 10:40:48 ------------------ 
2026-04-02 10:47:08 --- Trajectory --- 
2026-04-02 10:47:08 Prog : HURACAN_BC2_R34_Plastic Skid: 215 Paint : 33.
2026-04-02 10:47:08 ------------------ 
2026-04-02 10:51:17  Vol : URUS_PA2_R34_Plastic Skid: 7 Calcul Vol : 5700 Color: 22.
2026-04-02 10:51:17  ---------------------------
2026-04-02 10:55:43  Default Volume : URUS_PA2_BC2_R34_EXT_2026 Skid: 240.
2026-04-02 10:55:45  Vol : URUS_PA2_BC2_R34_EXT_2026 Skid: 240 Calcul Vol : 700 Color: 22.
2026-04-02 10:55:45  ---------------------------
2026-04-02 11:05:26  Default Volume : HURACAN_BC2_INT Skid: 138.
2026-04-02 11:05:27  Vol : HURACAN_BC2_INT Skid: 138 Calcul Vol : 700 Color: 53.
2026-04-02 11:05:27  ---------------------------
2026-04-02 11:05:34  Vol : HURACAN_BC2_R34_EXT_new Skid: 138 Calcul Vol : 136 Color: 53.
2026-04-02 11:05:34  ---------------------------
2026-04-02 11:13:44 --- Trajectory --- 
2026-04-02 11:13:44 Prog : URUS_PA2_R34_Plastic Skid: 7 Paint : 167.
2026-04-02 11:13:44 ------------------ 
2026-04-02 11:15:24  Vol : URUS_PA2_R34_Plastic Skid: 102 Calcul Vol : 75 Color: 88.
2026-04-02 11:15:24  ---------------------------
2026-04-02 11:20:05  Default Volume : URUS_PA2_BC2_R34_EXT_2026 Skid: 5.
2026-04-02 11:20:06  Vol : URUS_PA2_BC2_R34_EXT_2026 Skid: 5 Calcul Vol : 700 Color: 88.
2026-04-02 11:20:06  ---------------------------
2026-04-02 11:20:23 --- Trajectory --- 
2026-04-02 11:20:23 Prog : URUS_PA2_BC2_R34_EXT_2026 Skid: 240 Paint : 484.
2026-04-02 11:20:23 ------------------ 
2026-04-02 11:33:23 --- Trajectory --- 
2026-04-02 11:33:23 Prog : HURACAN_BC2_INT Skid: 138 Paint : 0.
2026-04-02 11:33:23 ------------------ 
2026-04-02 11:35:52 --- Trajectory --- 
2026-04-02 11:35:52 Prog : HURACAN_BC2_R34_EXT_new Skid: 138 Paint : 195.
2026-04-02 11:35:52 ------------------ 
2026-04-02 11:41:56 --- Trajectory --- 
2026-04-02 11:41:56 Prog : URUS_PA2_R34_Plastic Skid: 102 Paint : 126.
2026-04-02 11:41:56 ------------------ 
2026-04-02 11:48:25 --- Trajectory --- 
2026-04-02 11:48:25 Prog : URUS_PA2_BC2_R34_EXT_2026 Skid: 5 Paint : 481.
2026-04-02 11:48:25 ------------------ 
2026-04-02 12:11:50  Vol : HURACAN_BC2_R34_Plastic Skid: 111 Calcul Vol : 229 Color: 150.
2026-04-02 12:11:50  ---------------------------
2026-04-02 12:17:35  Default Volume : HURACAN_BC2_INT Skid: 14.
2026-04-02 12:17:37  Vol : HURACAN_BC2_INT Skid: 14 Calcul Vol : 700 Color: 150.
2026-04-02 12:17:37  ---------------------------
2026-04-02 12:17:43  Vol : HURACAN_BC2_R34_EXT_new Skid: 14 Calcul Vol : 267 Color: 150.
2026-04-02 12:17:43  ---------------------------
2026-04-02 12:37:17 --- Trajectory --- 
2026-04-02 12:37:17 Prog : HURACAN_BC2_R34_Plastic Skid: 111 Paint : 57.
2026-04-02 12:37:17 ------------------ 
2026-04-02 12:41:51 --- Trajectory --- 
2026-04-02 12:41:51 Prog : HURACAN_BC2_INT Skid: 14 Paint : 0.
2026-04-02 12:41:51 ------------------ 
2026-04-02 12:44:19 --- Trajectory --- 
2026-04-02 12:44:19 Prog : HURACAN_BC2_R34_EXT_new Skid: 14 Paint : 206.
2026-04-02 12:44:19 ------------------ 
2026-04-02 12:55:56  Vol : URUS_PA2_R34_Plastic Skid: 109 Calcul Vol : 111 Color: 26.
2026-04-02 12:55:56  ---------------------------
2026-04-02 13:05:50  Vol : URUS_PA2_R34_Plastic Skid: 168 Calcul Vol : 4712 Color: 29.
2026-04-02 13:05:50  ---------------------------
2026-04-02 13:24:09 --- Trajectory --- 
2026-04-02 13:24:09 Prog : URUS_PA2_R34_Plastic Skid: 109 Paint : 165.
2026-04-02 13:24:09 ------------------ 
2026-04-02 13:33:30 --- Trajectory --- 
2026-04-02 13:33:30 Prog : URUS_PA2_R34_Plastic Skid: 168 Paint : 234.
2026-04-02 13:33:30 ------------------ 
2026-04-02 13:55:30  Default Volume : URUS_PA2_BC2_R34_EXT_2026 Skid: 49.
2026-04-02 13:55:31  Vol : URUS_PA2_BC2_R34_EXT_2026 Skid: 49 Calcul Vol : 700 Color: 37.
2026-04-02 13:55:31  ---------------------------
2026-04-02 14:00:26  Vol : URUS_PA2_R34_Plastic Skid: 11 Calcul Vol : 168 Color: 32.
2026-04-02 14:00:26  ---------------------------
2026-04-02 14:06:57  Vol : URUS_PA2_R34_Plastic Skid: 119 Calcul Vol : 8725 Color: 102.
2026-04-02 14:06:57  ---------------------------
2026-04-02 14:12:08  Default Volume : URUS_PA2_BC2_R34_EXT_2026 Skid: 21.
2026-04-02 14:12:10  Vol : URUS_PA2_BC2_R34_EXT_2026 Skid: 21 Calcul Vol : 700 Color: 35.
2026-04-02 14:12:10  ---------------------------
2026-04-02 14:25:16 --- Trajectory --- 
2026-04-02 14:25:16 Prog : URUS_PA2_BC2_R34_EXT_2026 Skid: 49 Paint : 432.
2026-04-02 14:25:16 ------------------ 
2026-04-02 14:28:53 --- Trajectory --- 
2026-04-02 14:28:53 Prog : URUS_PA2_R34_Plastic Skid: 11 Paint : 154.
2026-04-02 14:28:53 ------------------ 
2026-04-02 14:33:42  Default Volume : URUS_PA2_BC2_R34_EXT_2026 Skid: 81.
2026-04-02 14:33:44  Vol : URUS_PA2_BC2_R34_EXT_2026 Skid: 81 Calcul Vol : 700 Color: 26.
2026-04-02 14:33:44  ---------------------------
2026-04-02 14:34:52 --- Trajectory --- 
2026-04-02 14:34:52 Prog : URUS_PA2_R34_Plastic Skid: 119 Paint : 328.
2026-04-02 14:34:52 ------------------ 
2026-04-02 14:39:39 --- Trajectory --- 
2026-04-02 14:39:39 Prog : URUS_PA2_BC2_R34_EXT_2026 Skid: 21 Paint : 478.
2026-04-02 14:39:39 ------------------ 
2026-04-02 14:55:59  Default Volume : URUS_PA2_BC2_R34_EXT_2026 Skid: 57.
2026-04-02 14:56:01  Vol : URUS_PA2_BC2_R34_EXT_2026 Skid: 57 Calcul Vol : 700 Color: 12.
2026-04-02 14:56:01  ---------------------------
2026-04-02 14:59:51 --- Trajectory --- 
2026-04-02 14:59:51 Prog : URUS_PA2_BC2_R34_EXT_2026 Skid: 81 Paint : 386.
2026-04-02 14:59:51 ------------------ 
2026-04-02 15:25:22 --- Trajectory --- 
2026-04-02 15:25:22 Prog : URUS_PA2_BC2_R34_EXT_2026 Skid: 57 Paint : 480.
2026-04-02 15:25:22 ------------------ 
2026-04-02 15:36:00  Default Volume : HURACAN_BC2_INT Skid: 20.
2026-04-02 15:36:02  Vol : HURACAN_BC2_INT Skid: 20 Calcul Vol : 700 Color: 112.
2026-04-02 15:36:02  ---------------------------
2026-04-02 15:36:09  Vol : HURACAN_BC2_R34_EXT_new Skid: 20 Calcul Vol : 300 Color: 112.
2026-04-02 15:36:09  ---------------------------
2026-04-02 16:00:03  Default Volume : HURACAN_BC2_INT Skid: 207.
2026-04-02 16:00:04  Vol : HURACAN_BC2_INT Skid: 207 Calcul Vol : 700 Color: 112.
2026-04-02 16:00:04  ---------------------------
2026-04-02 16:00:11  Vol : HURACAN_BC2_R34_EXT_new Skid: 207 Calcul Vol : 300 Color: 112.
2026-04-02 16:00:11  ---------------------------
2026-04-02 16:07:34 --- Trajectory --- 
2026-04-02 16:07:34 Prog : HURACAN_BC2_INT Skid: 20 Paint : 0.
2026-04-02 16:07:34 ------------------ 
2026-04-02 16:10:02 --- Trajectory --- 
2026-04-02 16:10:02 Prog : HURACAN_BC2_R34_EXT_new Skid: 20 Paint : 237.
2026-04-02 16:10:02 ------------------ 
2026-04-02 16:22:04  Vol : URUS_PA2_R34_Plastic Skid: 102 Calcul Vol : 98 Color: 54.
2026-04-02 16:22:04  ---------------------------
2026-04-02 16:28:55  Default Volume : URUS_PA2_BC2_R34_EXT_2026 Skid: 202.
2026-04-02 16:28:57  Vol : URUS_PA2_BC2_R34_EXT_2026 Skid: 202 Calcul Vol : 700 Color: 29.
2026-04-02 16:28:57  ---------------------------
2026-04-02 16:34:58 --- Trajectory --- 
2026-04-02 16:34:58 Prog : HURACAN_BC2_INT Skid: 207 Paint : 0.
2026-04-02 16:34:58 ------------------ 
2026-04-02 16:37:27 --- Trajectory --- 
2026-04-02 16:37:27 Prog : HURACAN_BC2_R34_EXT_new Skid: 207 Paint : 237.
2026-04-02 16:37:27 ------------------ 
2026-04-02 16:55:09 --- Trajectory --- 
2026-04-02 16:55:09 Prog : URUS_PA2_R34_Plastic Skid: 102 Paint : 163.
2026-04-02 16:55:09 ------------------ 
2026-04-02 17:15:27 --- Trajectory --- 
2026-04-02 17:15:27 Prog : URUS_PA2_BC2_R34_EXT_2026 Skid: 202 Paint : 331.
2026-04-02 17:15:27 ------------------ 
2026-04-02 17:31:17  Vol : URUS_PA2_R34_Plastic Skid: 149 Calcul Vol : 108 Color: 41.
2026-04-02 17:31:17  ---------------------------
2026-04-02 18:08:29  Default Volume : URUS_ACCENTSKID_R34 Skid: 34.
2026-04-02 18:08:31  Vol : URUS_ACCENTSKID_R34 Skid: 34 Calcul Vol : 700 Color: 22.
2026-04-02 18:08:31  ---------------------------
2026-04-02 18:10:27 --- Trajectory --- 
2026-04-02 18:10:27 Prog : URUS_PA2_R34_Plastic Skid: 149 Paint : 164.
2026-04-02 18:10:27 ------------------ 
2026-04-02 18:20:00  Default Volume : URUS_PA2_BC2_R34_EXT_2026 Skid: 59.
2026-04-02 18:20:01  Vol : URUS_PA2_BC2_R34_EXT_2026 Skid: 59 Calcul Vol : 700 Color: 32.
2026-04-02 18:20:01  ---------------------------
2026-04-02 18:31:50  Vol : HURACAN_BC2_R34_Plastic Skid: 31 Calcul Vol : 184 Color: 27.
2026-04-02 18:31:50  ---------------------------
2026-04-02 18:36:57 --- Trajectory --- 
2026-04-02 18:36:57 Prog : URUS_ACCENTSKID_R34 Skid: 34 Paint : 82.
2026-04-02 18:36:58 ------------------ 
2026-04-02 18:46:14  Default Volume : URUS_PA2_BC2_R34_EXT_2026 Skid: 85.
2026-04-02 18:46:16  Vol : URUS_PA2_BC2_R34_EXT_2026 Skid: 85 Calcul Vol : 700 Color: 102.
2026-04-02 18:46:16  ---------------------------
2026-04-02 18:53:24 --- Trajectory --- 
2026-04-02 18:53:24 Prog : URUS_PA2_BC2_R34_EXT_2026 Skid: 59 Paint : 402.
2026-04-02 18:53:24 ------------------ 
2026-04-02 19:00:02 --- Trajectory --- 
2026-04-02 19:00:02 Prog : HURACAN_BC2_R34_Plastic Skid: 31 Paint : 36.
2026-04-02 19:00:02 ------------------ 
2026-04-02 19:13:04 --- Trajectory --- 
2026-04-02 19:13:04 Prog : URUS_PA2_BC2_R34_EXT_2026 Skid: 85 Paint : 495.
2026-04-02 19:13:04 ------------------ 
2026-04-02 19:18:18  Vol : URUS_PA2_R34_Plastic Skid: 64 Calcul Vol : 75 Color: 99.
2026-04-02 19:18:18  ---------------------------
2026-04-02 19:23:08  Default Volume : URUS_PA2_BC2_R34_EXT_2026 Skid: 245.
2026-04-02 19:23:10  Vol : URUS_PA2_BC2_R34_EXT_2026 Skid: 245 Calcul Vol : 700 Color: 99.
2026-04-02 19:23:10  ---------------------------
2026-04-02 19:38:17 --- Trajectory --- 
2026-04-02 19:38:17 Prog : URUS_PA2_R34_Plastic Skid: 64 Paint : 109.
2026-04-02 19:38:17 ------------------ 
2026-04-02 19:51:15 --- Trajectory --- 
2026-04-02 19:51:15 Prog : URUS_PA2_BC2_R34_EXT_2026 Skid: 245 Paint : 454.
2026-04-02 19:51:15 ------------------ 
2026-04-02 20:25:31  Vol : URUS_PA2_R34_Plastic Skid: 68 Calcul Vol : 111 Color: 26.
2026-04-02 20:25:31  ---------------------------
2026-04-02 20:37:46  Default Volume : URUS_PA2_BC2_R34_EXT_2026 Skid: 233.
2026-04-02 20:37:47  Vol : URUS_PA2_BC2_R34_EXT_2026 Skid: 233 Calcul Vol : 700 Color: 26.
2026-04-02 20:37:47  ---------------------------
2026-04-02 20:53:01 --- Trajectory --- 
2026-04-02 20:53:01 Prog : URUS_PA2_R34_Plastic Skid: 68 Paint : 153.
2026-04-02 20:53:01 ------------------ 
2026-04-02 21:07:24 --- Trajectory --- 
2026-04-02 21:07:24 Prog : URUS_PA2_BC2_R34_EXT_2026 Skid: 233 Paint : 357.
2026-04-02 21:07:24 ------------------ 
2026-04-02 21:12:34  Vol : HURACAN_BC2_R34_Plastic Skid: 79 Calcul Vol : 159 Color: 53.
2026-04-02 21:12:34  ---------------------------
2026-04-02 21:17:51  Default Volume : HURACAN_BC2_INT Skid: 86.
2026-04-02 21:17:53  Vol : HURACAN_BC2_INT Skid: 86 Calcul Vol : 700 Color: 53.
2026-04-02 21:17:53  ---------------------------
2026-04-02 21:18:00  Vol : HURACAN_BC2_R34_EXT_new Skid: 86 Calcul Vol : 136 Color: 53.
2026-04-02 21:18:00  ---------------------------
2026-04-02 21:26:37  Default Volume : HURACAN_BC2_INT Skid: 116.
2026-04-02 21:26:39  Vol : HURACAN_BC2_INT Skid: 116 Calcul Vol : 700 Color: 27.
2026-04-02 21:26:39  ---------------------------
2026-04-02 21:26:45  Vol : HURACAN_BC2_R34_EXT_new Skid: 116 Calcul Vol : 128 Color: 27.
2026-04-02 21:26:45  ---------------------------
2026-04-02 21:36:30 --- Trajectory --- 
2026-04-02 21:36:30 Prog : HURACAN_BC2_R34_Plastic Skid: 79 Paint : 33.
2026-04-02 21:36:30 ------------------ 
2026-04-02 21:41:02 --- Trajectory --- 
2026-04-02 21:41:02 Prog : HURACAN_BC2_INT Skid: 86 Paint : 0.
2026-04-02 21:41:02 ------------------ 
2026-04-02 21:43:08  Vol : URUS_PA2_R34_Plastic Skid: 11 Calcul Vol : 117 Color: 33.
2026-04-02 21:43:08  ---------------------------
2026-04-02 21:43:30 --- Trajectory --- 
2026-04-02 21:43:30 Prog : HURACAN_BC2_R34_EXT_new Skid: 86 Paint : 195.
2026-04-02 21:43:30 ------------------ 
2026-04-02 21:50:15 --- Trajectory --- 
2026-04-02 21:50:15 Prog : HURACAN_BC2_INT Skid: 116 Paint : 0.
2026-04-02 21:50:15 ------------------ 
2026-04-02 21:50:29  Default Volume : URUS_PA2_BC2_R34_EXT_2026 Skid: 96.
2026-04-02 21:50:31  Vol : URUS_PA2_BC2_R34_EXT_2026 Skid: 96 Calcul Vol : 700 Color: 15.
2026-04-02 21:50:31  ---------------------------
2026-04-02 21:52:43 --- Trajectory --- 
2026-04-02 21:52:43 Prog : HURACAN_BC2_R34_EXT_new Skid: 116 Paint : 178.
2026-04-02 21:52:43 ------------------ 
2026-04-02 22:01:17 --- Trajectory --- 
2026-04-02 22:01:17 Prog : URUS_PA2_R34_Plastic Skid: 11 Paint : 162.
2026-04-02 22:01:17 ------------------ 
2026-04-02 22:20:26  Default Volume : URUS_PA2_BC2_R34_EXT_2026 Skid: 59.
2026-04-02 22:20:27  Vol : URUS_PA2_BC2_R34_EXT_2026 Skid: 59 Calcul Vol : 700 Color: 33.
